hr,name,bayer,ra,dec,pmra,pmdec,V,bv
3,,33 Psc,1.3337,-5.7075,-0.009,+0.089,4.61,1.04
15,Alpheratz,21Alp And,2.0971,29.0906,+0.136,-0.163,2.06,-0.11
21,Caph,11Bet Cas,2.2946,59.1497,+0.525,-0.181,2.27,0.34
24,,Kap1Scl,2.3375,-27.9878,+0.072,-0.004,5.42,0.42
25,,Eps Phe,2.3529,-45.7475,+0.124,-0.181,3.88,1.03
27,,22 And,2.5804,46.0722,+0.008,0.000,5.03,0.40
30,,Gam3Oct,2.5087,-82.2239,-0.029,-0.020,5.28,1.05
33,,6 Cet,2.8163,-15.4681,-0.077,-0.268,4.89,0.49
34,,Kap2Scl,2.8933,-27.7997,+0.010,+0.016,5.41,1.34
35,,The Scl,2.9333,-35.1331,+0.173,+0.119,5.25,0.44
37,,,3.0417,-17.9383,+0.056,-0.031,5.25,1.48
39,Algenib,88Gam Peg,3.3092,15.1836,+0.003,-0.012,2.83,-0.23
45,,89Chi Peg,3.6508,20.2067,+0.093,0.000,4.80,1.57
46,,,3.6150,-7.7806,+0.059,+0.004,5.12,1.62
48,,7 Cet,3.6600,-18.9328,-0.024,-0.067,4.44,1.66
63,,24The And,4.2729,38.6817,-0.050,-0.019,4.61,0.06
68,,25Sig And,4.5821,36.7853,-0.063,-0.041,4.52,0.05
74,,8Iot Cet,4.8571,-8.8239,-0.014,-0.036,3.56,1.22
77,,Zet Tuc,5.0179,-64.8747,+1.705,+1.164,4.23,0.58
80,,41 Psc,5.1496,8.1903,-0.002,+0.008,5.37,1.34
82,,27Rho And,5.2804,37.9686,+0.060,-0.040,5.18,0.42
84,,Iot Scl,5.3800,-28.9817,+0.040,-0.074,5.18,1.00
85,,,5.4429,-20.0578,+0.071,-0.005,5.12,1.82
93,,12 Cas,6.1979,61.8311,+0.012,-0.001,5.40,0.00
98,,Bet Hyi,6.4379,-77.2542,+2.215,+0.324,2.80,0.62
99,Ankaa,Alp Phe,6.5708,-42.3061,+0.203,-0.396,2.39,1.09
100,,Kap Phe,6.5508,-43.6800,+0.109,+0.029,3.94,0.17
103,,47 Psc,7.0121,17.8931,+0.117,+0.021,5.06,1.65
104,,,7.0571,44.3944,+0.089,-0.016,5.17,0.03
105,,Eta Scl,6.9821,-33.0072,-0.019,-0.052,4.81,1.64
109,,,7.1100,-39.9150,+0.130,-0.036,5.43,1.56
114,,28 And,7.5304,29.7517,+0.041,-0.054,5.23,0.24
118,,,7.5946,-23.7878,-0.024,+0.013,5.19,0.12
123,,14Lam Cas,7.9433,54.5222,+0.045,-0.010,4.73,-0.10
125,,Lam1Phe,7.8542,-48.8036,+0.143,+0.017,4.77,0.02
126,,Bet1Tuc,7.8863,-62.9581,+0.090,-0.054,4.37,-0.07
127,,Bet2Tuc,7.8900,-62.9658,+0.101,-0.056,4.54,0.15
130,,15Kap Cas,8.2500,62.9317,+0.003,-0.003,4.16,0.14
131,,52 Psc,8.1479,20.2944,+0.135,-0.047,5.38,1.08
136,,Bet3Tuc,8.1825,-63.0311,+0.081,-0.038,5.09,0.04
142,,13 Cet,8.8121,-3.5928,+0.413,-0.026,5.20,0.56
144,,,9.0346,54.1686,+0.022,0.000,5.08,-0.11
152,,,9.1942,44.4886,-0.023,+0.033,5.13,1.60
153,Fulu,17Zet Cas,9.2429,53.8969,+0.019,-0.009,3.66,-0.20
154,,29Pi And,9.2204,33.7194,+0.015,-0.004,4.36,-0.14
157,,,9.3379,35.3994,-0.016,-0.005,5.48,0.88
163,,30Eps And,9.6387,29.3117,-0.227,-0.254,4.37,0.87
164,,,9.7913,49.3544,+0.008,-0.011,5.43,1.64
165,,31Del And,9.8321,30.8608,+0.136,-0.091,3.27,1.28
167,,55 Psc,9.9817,21.4383,+0.028,-0.035,5.36,1.16
168,Schedar,18Alp Cas,10.1271,56.5372,+0.053,-0.032,2.23,1.17
175,,32 And,10.2800,39.4586,-0.010,-0.007,5.33,0.89
179,,19Xi Cas,10.5162,50.5125,+0.015,-0.005,4.80,-0.11
180,,Mu Phe,10.3317,-46.0850,-0.014,-0.002,4.59,0.97
184,,20Pi Cas,10.8671,47.0247,-0.020,-0.034,4.94,0.18
187,,Rho Tuc,10.6183,-65.4681,+0.053,+0.042,5.39,0.50
188,Diphda,16Bet Cet,10.8975,-17.9867,+0.234,+0.033,2.04,1.02
191,,Eta Phe,10.8383,-57.4631,-0.006,+0.011,4.36,0.00
193,,22Omi Cas,11.1812,48.2844,+0.019,-0.008,4.54,-0.07
194,,17Phi1Cet,11.0475,-10.6094,-0.009,-0.113,4.76,1.01
196,,,11.3217,55.2217,-0.025,+0.002,5.42,0.04
197,,,11.1850,-22.0061,-0.066,+0.083,5.24,0.33
208,,23 Cas,11.9421,74.8475,+0.015,-0.009,5.41,-0.08
210,,,11.5492,-22.5219,+0.201,-0.006,5.50,0.98
211,,57 Psc,11.6375,15.4756,-0.027,-0.044,5.38,1.65
213,,58 Psc,11.7562,11.9739,+0.058,-0.036,5.50,0.97
215,,34Zet And,11.8346,24.2672,-0.100,-0.083,4.06,1.12
219,Achird,24Eta Cas,12.2750,57.8158,+1.100,-0.529,3.44,0.57
223,,25Nu Cas,12.2088,50.9683,+0.035,-0.006,4.89,-0.11
224,,63Del Psc,12.1708,7.5850,+0.085,-0.052,4.43,1.50
225,,64 Psc,12.2446,16.9406,-0.003,-0.204,5.07,0.51
226,,35Nu And,12.4533,41.0789,+0.023,-0.019,4.53,-0.15
233,,,12.6817,64.2475,+0.030,-0.012,5.39,0.49
235,,19Phi2Cet,12.5317,-10.6444,-0.226,-0.229,5.19,0.50
236,,Lam Hyi,12.1475,-74.9233,+0.130,-0.033,5.07,1.37
242,,Rho Phe,12.6717,-50.9869,+0.067,+0.039,5.22,0.36
244,,,13.2671,61.1242,-0.071,+0.172,4.82,0.53
247,,,13.1692,-24.0058,+0.035,+0.035,5.46,1.24
248,,20 Cet,13.2521,-1.1442,+0.008,-0.017,4.77,1.57
253,,26Ups1Cas,13.7504,58.9728,-0.032,-0.043,4.83,1.21
258,,36 And,13.7417,23.6283,+0.131,-0.031,5.47,1.00
264,,27Gam Cas,14.1771,60.7167,+0.026,-0.005,2.47,-0.15
265,Castula,28Ups2Cas,14.1658,59.1811,-0.092,-0.046,4.63,0.96
267,,22Phi3Cet,14.0062,-11.2667,-0.020,-0.008,5.31,1.52
269,,37Mu And,14.1883,38.4994,+0.152,+0.033,3.87,0.13
270,,Lam2Tuc,13.7512,-69.5269,+0.006,-0.045,5.45,1.09
271,,38Eta And,14.3017,23.4175,-0.044,-0.048,4.42,0.94
274,,68 Psc,14.4592,28.9922,+0.008,-0.008,5.42,1.08
280,,Alp Scl,14.6517,-29.3575,+0.022,+0.004,4.31,-0.16
285,,,17.1863,86.2569,+0.076,-0.012,4.25,1.21
291,,69Sig Psc,15.7046,31.8044,+0.015,-0.028,5.50,-0.05
293,,Sig Scl,15.6100,-31.5519,+0.082,+0.012,5.50,0.08
294,,71Eps Psc,15.7358,7.8900,-0.078,+0.023,4.28,0.96
296,,25 Cet,15.7608,-4.8367,-0.108,-0.106,5.43,1.11
299,,,15.7050,-46.3975,0.000,+0.002,5.36,0.90
310,,74Psi1Psc,16.4204,21.4733,+0.050,-0.016,5.34,-0.03
321,,30Mu Cas,17.0683,54.9203,+3.424,-1.596,5.17,0.69
322,,Bet Phe,16.5208,-46.7186,-0.027,-0.001,3.31,0.89
324,,41 And,17.0038,43.9419,+0.165,-0.070,5.03,0.11
331,,Ups Phe,16.9496,-41.4869,+0.038,+0.010,5.21,0.16
332,,Iot Tuc,16.8279,-61.7753,+0.073,-0.012,5.37,0.88
334,,31Eta Cet,17.1475,-10.1822,+0.218,-0.138,3.45,1.16
335,,42Phi And,17.3758,47.2419,+0.010,-0.009,4.25,-0.07
336,,31 Cas,17.6638,68.7786,+0.036,-0.031,5.29,-0.02
337,Mirach,43Bet And,17.4329,35.6206,+0.178,-0.114,2.06,1.58
338,Wurren,Zet Phe,17.0963,-55.2458,+0.019,+0.025,3.92,-0.08
343,,33The Cas,17.7758,55.1497,+0.229,-0.022,4.33,0.17
349,,82 Psc,17.7783,31.4247,-0.011,-0.014,5.16,0.23
351,,84Chi Psc,17.8633,21.0347,+0.038,-0.011,4.66,1.03
352,,83Tau Psc,17.9150,30.0897,+0.072,-0.035,4.51,1.09
360,,85Phi Psc,18.4371,24.5836,+0.017,-0.023,4.65,1.04
361,Revati,86Zet Psc,18.4329,7.5753,+0.144,-0.056,5.24,0.32
366,,37 Cet,18.6000,-7.9231,+0.127,+0.273,5.13,0.46
370,,Nu Phe,18.7963,-45.5314,+0.669,+0.183,4.96,0.58
373,,39 Cet,19.1512,-2.5003,-0.104,-0.063,5.41,0.90
377,,Kap Tuc,18.9421,-68.8761,+0.399,+0.107,4.86,0.47
378,,89 Psc,19.4500,3.6144,-0.046,-0.025,5.16,0.07
382,,34Phi Cas,20.0204,58.2317,0.000,-0.002,4.98,0.68
383,,90Ups Psc,19.8667,27.2642,+0.025,-0.013,4.76,0.03
389,,91 Psc,20.2808,28.7381,+0.027,-0.078,5.23,1.39
390,Adhil,46Xi And,20.5850,45.5289,+0.032,+0.009,4.88,1.08
399,,36Psi Cas,21.4833,68.1300,+0.074,+0.026,4.74,1.05
402,,45The Cet,21.0058,-8.1833,-0.079,-0.218,3.60,1.06
403,Ruchbah,37Del Cas,21.4542,60.2353,+0.297,-0.051,2.68,0.13
408,,,21.1700,-41.4925,+0.022,-0.038,5.42,1.04
412,,46 Cet,21.4050,-14.5989,+0.039,-0.018,4.90,1.23
413,,93Rho Psc,21.5638,19.1722,-0.024,+0.010,5.38,0.39
414,,94 Psc,21.6737,19.2403,+0.050,-0.061,5.50,1.11
417,,48Ome And,21.9142,45.4067,+0.351,-0.107,4.83,0.42
424,Polaris,1Alp UMi,37.9529,89.2642,+0.038,-0.015,2.02,0.60
429,,Gam Phe,22.0913,-43.3183,-0.014,-0.209,3.41,1.57
430,,49 And,22.5258,47.0072,+0.008,-0.044,5.27,1.00
433,,48 Cet,22.4004,-21.6294,+0.056,+0.006,5.12,0.02
434,,98Mu Psc,22.5463,6.1439,+0.294,-0.048,4.84,1.37
437,Alpherg,99Eta Psc,22.8708,15.3458,+0.028,-0.006,3.62,0.97
440,,Del Phe,22.8129,-49.0728,+0.142,+0.151,3.95,0.99
442,,39Chi Cas,23.4829,59.2319,-0.037,-0.021,4.71,1.00
456,,40 Cas,24.6288,73.0400,-0.013,-0.015,5.28,0.96
458,Titawin,50Ups And,24.1992,41.4056,-0.171,-0.382,4.09,0.54
459,,50 Cet,23.9958,-15.4003,+0.023,+0.011,5.42,1.21
464,Nembus,51 And,24.4983,48.6283,+0.065,-0.113,3.57,1.28
469,,52Chi And,24.8375,44.3861,-0.022,+0.012,4.98,0.89
472,Achernar,Alp Eri,24.4288,-57.2367,+0.095,-0.035,0.46,-0.16
477,,53Tau And,25.1450,40.5769,+0.013,-0.025,4.94,-0.09
480,,42 Cas,25.7329,70.6225,+0.077,-0.013,5.18,-0.04
483,,,25.4467,42.6136,+0.809,-0.154,4.95,0.62
489,,106Nu Psc,25.3579,5.4875,-0.021,+0.002,4.44,1.36
493,,107 Psc,25.6242,20.2686,-0.296,-0.672,5.24,0.84
496,,Phi Per,25.9150,50.6886,+0.026,-0.014,4.07,-0.04
497,,Pi Scl,25.5358,-32.3269,-0.065,-0.025,5.25,1.05
500,,,25.6812,-3.6903,-0.007,-0.032,4.99,1.38
509,,52Tau Cet,26.0171,-15.9375,-1.718,+0.856,3.50,0.72
510,Torcular,110Omi Psc,26.3483,9.1578,+0.073,+0.048,4.26,0.96
513,,,26.4971,-5.7333,-0.007,-0.033,5.34,1.52
514,,Eps Scl,26.4117,-25.0525,+0.162,-0.057,5.31,0.39
519,,,26.5242,-50.8164,+0.034,-0.024,5.49,1.60
520,,,26.5262,-53.5219,+0.127,+0.056,5.04,0.04
531,,53Chi Cet,27.3962,-10.6864,-0.146,-0.093,4.67,0.33
539,Baten Kaitos,55Zet Cet,27.8650,-10.3350,+0.041,-0.039,3.73,1.14
542,Segin,45Eps Cas,28.5987,63.6700,+0.032,-0.021,3.38,-0.15
543,,55 And,28.3221,40.7297,-0.010,-0.006,5.40,1.32
544,Mothallah,2Alp Tri,28.2704,29.5789,+0.011,-0.235,3.41,0.49
545,,5Gam1Ari,28.3825,19.2958,+0.078,-0.112,4.83,
546,Mesarthim,5Gam2Ari,28.3825,19.2936,+0.079,-0.104,4.75,-0.04
548,,46Ome Cas,29.0000,68.6853,+0.013,-0.011,4.99,-0.10
549,,111Xi Psc,28.3887,3.1875,+0.022,+0.023,4.62,0.94
553,Sheratan,6Bet Ari,28.6600,20.8081,+0.096,-0.111,2.64,0.13
555,,Psi Phe,28.4117,-46.3025,-0.086,-0.087,4.41,1.59
558,,Phi Phe,28.5917,-42.4969,-0.028,-0.032,5.11,-0.06
563,,8Iot Ari,29.3379,17.8175,+0.037,-0.018,5.10,0.92
565,,56 Cet,29.1675,-22.5269,+0.062,-0.029,4.85,1.42
566,,Chi Eri,28.9896,-51.6089,+0.681,+0.292,3.70,0.85
567,,,29.9083,64.6214,+0.033,-0.020,5.26,0.01
569,,9Lam Ari,29.4821,23.5961,-0.090,-0.013,4.79,0.28
570,,Eta2Hyi,28.7337,-67.6472,+0.074,+0.074,4.69,0.95
574,,,29.2917,-47.3850,+0.103,+0.016,4.83,0.88
575,,48 Cas,30.4892,70.9069,-0.067,+0.004,4.54,0.16
580,,50 Cas,30.8587,72.4214,-0.045,+0.022,3.98,-0.01
581,,47 Cas,31.2808,77.2814,+0.125,-0.056,5.38,0.31
583,,57 Cet,29.9421,-20.8244,+0.008,+0.019,5.41,1.65
585,,59Ups Cet,30.0013,-21.0778,+0.135,-0.024,4.00,1.57
590,,4 Per,30.5754,54.4875,+0.035,-0.002,5.04,-0.08
591,,Alp Hyi,29.6925,-61.5697,+0.264,+0.027,2.86,0.28
592,,49 Cas,31.3800,76.1150,-0.022,-0.021,5.22,0.95
594,,Pi For,30.3113,-30.0017,-0.104,-0.109,5.35,0.88
595,,113Alp Psc,30.5117,2.7636,+0.033,-0.005,5.23,
596,Alrescha,113Alp Psc,30.5117,2.7636,+0.033,-0.005,4.33,0.03
599,,3Eps Tri,30.7417,33.2839,-0.016,-0.013,5.50,0.03
602,,Chi Phe,30.4267,-44.7136,-0.028,-0.053,5.14,1.49
603,Almach,57Gam1And,30.9750,42.3297,+0.045,-0.052,2.26,1.37
604,,57Gam2And,30.9779,42.3308,+0.037,-0.055,4.84,0.03
607,,60 Cet,30.7987,0.1283,+0.079,+0.017,5.43,0.15
612,,Nu For,31.1225,-29.2969,+0.012,+0.008,4.69,-0.17
613,,12Kap Ari,31.6412,22.6483,+0.018,-0.035,5.03,0.11
617,Hamal,13Alp Ari,31.7933,23.4625,+0.190,-0.148,2.00,1.15
620,,58 And,32.1221,37.8592,+0.157,-0.044,4.82,0.12
622,,4Bet Tri,32.3858,34.9872,+0.150,-0.040,3.00,0.14
623,,14 Ari,32.3554,25.9397,+0.075,-0.039,4.98,0.33
642,,6 Tri,33.0929,30.3031,-0.064,-0.063,4.94,0.78
643,,60 And,33.3054,44.2317,-0.020,-0.016,4.83,1.48
645,,,33.4012,51.0658,+0.346,-0.171,5.31,0.93
646,,17Eta Ari,33.2004,21.2108,+0.161,+0.003,5.27,0.43
649,,65Xi 1Cet,33.2500,8.8467,-0.022,-0.009,4.37,0.89
652,,Mu For,33.2271,-30.7239,+0.018,+0.006,5.28,-0.02
655,,7 Tri,33.9842,33.3589,-0.017,-0.038,5.28,-0.01
660,,8Del Tri,34.2633,34.2242,+1.154,-0.245,4.87,0.61
664,,9Gam Tri,34.3287,33.8472,+0.047,-0.051,4.01,0.02
670,,62 And,34.8200,47.3800,-0.059,-0.008,5.30,-0.01
674,,Phi Eri,34.1275,-51.5122,+0.096,-0.027,3.56,-0.12
675,,10 Tri,34.7375,28.6425,+0.011,-0.006,5.03,0.04
681,Mira,68Omi Cet,34.8362,-2.9775,-0.008,-0.237,3.04,1.42
685,,9 Per,35.5892,55.8456,-0.002,-0.002,5.17,0.37
689,,69 Cet,35.4858,0.3958,-0.013,-0.007,5.28,1.65
691,,70 Cet,35.5517,-0.8850,-0.019,-0.048,5.42,0.31
692,,,35.5058,-10.7778,+0.140,-0.085,5.46,0.35
694,,64 And,36.1037,50.0067,+0.024,-0.039,5.19,0.98
695,,Kap For,35.6358,-23.8164,+0.200,-0.062,5.20,0.60
699,,65 And,36.4058,50.2786,+0.027,-0.010,4.71,1.53
702,,24Xi Ari,36.2042,10.6106,+0.020,-0.017,5.47,-0.10
705,,Del Hyi,35.4371,-68.6594,-0.050,+0.002,4.09,0.03
707,,Iot Cas,37.2667,67.4025,-0.017,+0.011,4.52,0.12
708,,72Rho Cet,36.4875,-12.2906,-0.010,-0.009,4.89,-0.03
714,,Lam Hor,36.2246,-60.3119,-0.068,-0.133,5.35,0.39
715,,Kap Hyi,35.7179,-73.6458,-0.083,+0.010,5.01,1.09
717,,12 Tri,37.0417,29.6694,-0.015,-0.087,5.29,
718,,73Xi 2Cet,37.0396,8.4600,+0.040,-0.009,4.28,-0.06
721,,Kap Eri,36.7463,-47.7039,+0.023,-0.010,4.25,-0.14
724,,Phi For,37.0071,-33.8111,+0.020,+0.007,5.14,0.10
736,,14 Tri,38.0258,36.1472,+0.046,+0.012,5.15,1.47
737,,,37.8754,2.2672,+0.027,-0.004,5.25,1.27
739,,75 Cet,38.0392,-1.0350,-0.026,-0.037,5.35,1.02
740,,76Sig Cet,38.0217,-15.2447,-0.070,-0.120,4.75,0.45
743,,,39.5083,72.8183,-0.030,+0.016,5.16,0.88
749,,Ome For,38.4612,-28.2325,-0.019,-0.013,4.90,-0.05
750,,15 Tri,38.9450,34.6875,+0.030,-0.049,5.35,1.66
754,,78Nu Cet,38.9688,5.5933,-0.026,-0.025,4.86,0.87
758,,,39.2604,34.2639,+0.058,-0.029,5.30,1.55
773,,32Nu Ari,39.7042,21.9614,-0.008,-0.017,5.43,0.16
776,,Mu Hyi,37.9187,-79.1094,+0.121,-0.056,5.28,0.98
778,,Eta Hor,39.3517,-52.5431,+0.100,-0.019,5.31,0.27
779,,82Del Cet,39.8708,0.3286,+0.014,-0.004,4.07,-0.22
781,,83Eps Cet,39.8908,-11.8722,+0.146,-0.236,4.84,0.45
782,,33 Ari,40.1713,27.0608,+0.067,-0.031,5.30,0.09
788,,12 Per,40.5621,40.1939,-0.019,-0.186,4.91,0.59
789,,,39.9500,-42.8917,+0.106,-0.027,4.75,0.06
794,,Iot Eri,40.1667,-39.8556,+0.138,-0.032,4.11,1.02
799,,13The Per,41.0500,49.2283,+0.336,-0.089,4.12,0.49
800,,14 Per,41.0217,44.2969,+0.004,-0.007,5.43,0.90
801,,35 Ari,40.8629,27.7072,+0.008,-0.012,4.66,-0.13
802,,Zet Hor,40.1650,-54.5500,+0.036,-0.001,5.21,0.40
804,Kaffaljidhma,86Gam Cet,40.8250,3.2358,-0.142,-0.152,3.47,0.09
806,,Eps Hyi,39.8975,-68.2669,+0.086,-0.002,4.11,-0.06
810,,Iot Hor,40.6396,-50.8003,+0.334,+0.222,5.41,0.56
811,,89Pi Cet,41.0308,-13.8586,-0.008,-0.015,4.25,-0.14
812,,38 Ari,41.2400,12.4458,+0.122,-0.084,5.18,0.24
813,,87Mu Cet,41.2354,10.1142,+0.284,-0.036,4.27,0.31
818,,1Tau1Eri,41.2758,-18.5725,+0.330,+0.038,4.47,0.48
824,Lilii Borea,39 Ari,41.9771,29.2472,+0.149,-0.123,4.51,1.11
834,Miram,15Eta Per,42.6742,55.8956,+0.017,-0.014,3.76,1.68
836,,42Pi Ari,42.3229,17.4642,-0.001,-0.015,5.22,-0.06
837,,Zet Hyi,41.3858,-67.6167,+0.069,+0.046,4.84,0.06
838,Bharani,41 Ari,42.4958,27.2606,+0.067,-0.118,3.63,-0.10
840,,16 Per,42.6463,38.3186,+0.197,-0.105,4.23,0.34
841,,Bet For,42.2725,-32.4058,+0.090,+0.155,4.46,0.99
843,,17 Per,42.8783,35.0597,+0.009,-0.061,4.53,1.56
845,,Gam2For,42.4758,-27.9417,+0.047,+0.028,5.39,0.02
847,,43Sig Ari,42.8733,15.0819,+0.031,-0.026,5.49,-0.09
850,Angetenar,2Tau2Eri,42.7596,-21.0042,-0.046,-0.019,4.75,0.91
851,,Eta3For,42.6683,-35.6761,+0.006,-0.061,5.47,1.25
852,,Nu Hor,42.2562,-62.8067,+0.091,+0.021,5.26,0.10
854,,18Tau Per,43.5646,52.7625,0.000,-0.005,3.95,0.74
855,,20 Per,43.4275,38.3375,+0.047,-0.077,5.33,0.41
868,,,43.4704,-49.8903,+0.135,+0.014,4.00,2.11
872,,Nu Hyi,42.6187,-75.0669,-0.037,-0.027,4.75,1.33
873,,21 Per,44.3221,31.9342,+0.003,-0.031,5.11,-0.01
874,Azha,3Eta Eri,44.1071,-8.8981,+0.079,-0.220,3.89,1.11
875,,,44.1558,-3.7122,-0.035,-0.044,5.17,0.08
879,,22Pi Per,44.6904,39.6628,+0.024,-0.043,4.70,0.06
881,,,46.5325,79.4186,-0.039,+0.009,5.49,1.57
882,,24 Per,44.7654,35.1831,-0.046,+0.006,4.93,1.23
883,,4 Eri,44.3488,-23.8619,+0.098,-0.030,5.45,0.23
885,,,44.9579,47.2208,+0.021,+0.024,5.47,0.89
887,,48Eps Ari,44.8029,21.3403,-0.017,-0.005,4.63,0.04
888,,48Eps Ari,44.8029,21.3403,-0.017,-0.005,4.63,0.04
890,,,45.2175,52.3517,+0.028,-0.026,5.28,-0.05
892,,,44.6750,-2.7825,-0.030,-0.056,5.23,0.00
896,,91Lam Cet,44.9288,8.9075,+0.004,-0.014,4.70,-0.12
897,Acamar,The1Eri,44.5654,-40.3047,-0.045,+0.019,3.24,0.14
898,,The2Eri,44.5679,-40.3044,-0.064,+0.018,4.35,0.08
909,,Bet Hor,44.6992,-64.0714,+0.022,+0.001,4.99,0.13
911,Menkar,92Alp Cet,45.5700,4.0897,-0.009,-0.078,2.53,1.64
915,,23Gam Per,46.1992,53.5064,0.000,-0.005,2.93,0.70
917,,9Rho2Eri,45.6763,-7.6853,+0.047,-0.001,5.32,0.94
918,,,46.3850,56.7058,-0.014,+0.067,4.76,1.02
919,,11Tau3Eri,45.5979,-23.6244,-0.145,-0.054,4.09,0.16
921,,25Rho Per,46.2942,38.8403,+0.130,-0.106,3.39,1.65
925,,10Rho3Eri,46.0683,-7.6008,+0.056,+0.013,5.26,0.20
932,,,47.9846,74.3936,+0.012,-0.090,4.87,0.02
934,,Mu Hor,45.9033,-59.7378,-0.073,-0.067,5.11,0.34
935,,,46.6396,-6.0886,+0.006,-0.008,5.27,1.60
936,Algol,26Bet Per,47.0421,40.9556,+0.004,-0.001,2.12,-0.05
937,,Iot Per,47.2667,49.6133,+1.263,-0.091,4.05,0.59
941,Misam,27Kap Per,47.3742,44.8572,+0.177,-0.157,3.80,0.98
947,,28Ome Per,47.8225,39.6117,-0.023,+0.005,4.63,1.11
951,Botein,57Del Ari,47.9075,19.7267,+0.152,-0.011,4.35,1.03
961,,,50.0821,77.7347,+0.059,-0.061,5.45,0.19
962,,94 Cet,48.1933,-1.1961,+0.196,-0.067,5.06,0.57
963,Dalim,Alp For,48.0179,-28.9869,+0.339,+0.640,3.87,0.52
969,,,49.0508,50.9378,-0.007,-0.016,5.03,1.15
972,,58Zet Ari,48.7254,21.0444,-0.028,-0.073,4.89,-0.01
982,,30 Per,49.4475,44.0250,+0.032,-0.029,5.47,-0.06
984,Zibal,13Zet Eri,48.9583,-8.8197,-0.002,+0.046,4.80,0.23
985,,,49.9975,65.6522,+0.015,-0.013,4.84,-0.15
987,,29 Per,49.6575,50.2222,+0.029,-0.026,5.15,-0.06
989,,31 Per,49.7817,50.0950,+0.023,-0.025,5.03,-0.06
991,,,49.6825,34.2228,+0.003,-0.006,4.82,1.49
992,,95 Cet,49.5933,-0.9303,+0.252,-0.052,5.38,1.04
994,,15 Eri,49.5921,-22.5114,+0.018,+0.012,4.88,0.90
996,,96Kap1Cet,49.8404,3.3703,+0.271,+0.092,4.83,0.68
999,,,50.0850,29.0483,-0.008,-0.016,4.47,1.55
1002,,32 Per,50.3604,43.3294,-0.063,-0.006,4.95,0.04
1003,,16Tau4Eri,49.8792,-21.7578,+0.052,+0.033,3.69,1.62
1005,,61Tau1Ari,50.3067,21.1469,+0.025,-0.024,5.28,-0.07
1008,,,49.9821,-43.0697,+3.043,+0.725,4.27,0.71
1009,,,51.1687,64.5861,-0.005,+0.001,5.23,2.08
1010,,Zet2Ret,49.5537,-62.5064,+1.336,+0.645,5.24,0.60
1011,,,50.8050,49.2133,+0.022,-0.020,5.29,-0.07
1015,,63Tau2Ari,50.6883,20.7419,-0.044,-0.022,5.09,1.24
1017,Mirfak,33Alp Per,51.0808,49.8611,+0.024,-0.025,1.79,0.48
1022,,64 Ari,51.0771,24.7242,+0.015,-0.050,5.50,1.19
1030,,1Omi Tau,51.2033,9.0289,-0.066,-0.078,3.60,0.89
1034,,,52.0129,49.0628,+0.024,-0.028,4.98,-0.09
1035,,,52.2671,59.9403,-0.003,-0.004,4.21,0.41
1038,,2Xi Tau,51.7925,9.7328,+0.060,-0.039,3.74,-0.09
1040,,,52.4787,58.8786,+0.006,-0.002,4.54,0.56
1044,,34 Per,52.3421,49.5089,+0.026,-0.027,4.67,-0.09
1046,,,52.5008,55.4519,-0.046,-0.009,5.09,0.05
1052,,35Sig Per,52.6438,47.9953,+0.004,+0.020,4.36,1.35
1061,,4 Tau,52.6021,11.3364,-0.008,-0.018,5.14,-0.03
1063,,,53.0358,48.0236,+0.020,-0.025,5.47,-0.10
1066,,5 Tau,52.7183,12.9367,+0.020,-0.002,4.11,1.12
1069,,36 Per,53.1096,46.0569,-0.054,-0.079,5.31,0.40
1070,,17 Eri,52.6546,-5.0753,+0.014,+0.007,4.73,-0.09
1083,,Kap Ret,52.3446,-62.9375,+0.383,+0.372,4.72,0.40
1084,Ran,18Eps Eri,53.2325,-9.4583,-0.974,+0.021,3.73,0.88
1087,,37Psi Per,54.1225,48.1928,+0.024,-0.026,4.23,-0.06
1088,,19Tau5Eri,53.4471,-21.6328,+0.048,-0.027,4.27,-0.11
1100,,20 Eri,54.0725,-17.4669,+0.029,-0.010,5.23,-0.13
1101,,10 Tau,54.2183,0.4017,-0.233,-0.483,4.28,0.58
1105,,,55.5388,63.2167,-0.020,+0.017,5.10,1.63
1106,,,54.2737,-40.2747,-0.005,-0.030,4.58,1.04
1122,,39Del Per,55.7313,47.7875,+0.028,-0.034,3.01,-0.13
1123,,40 Per,55.5938,33.9650,-0.005,-0.009,4.97,-0.01
1129,,,56.5096,63.3450,-0.004,-0.013,4.80,0.80
1131,Atik,38Omi Per,56.0796,32.2883,+0.007,-0.011,3.83,0.05
1134,,Del For,55.5621,-31.9383,+0.009,+0.014,5.00,-0.16
1135,,41Nu Per,56.2983,42.5786,-0.014,-0.002,3.77,0.42
1136,Rana,23Del Eri,55.8121,-9.7633,-0.092,+0.745,3.54,0.92
1138,,,57.3075,70.8711,+0.024,-0.065,5.44,0.09
1140,Celaeno,16 Tau,56.2008,24.2894,+0.011,-0.046,5.46,-0.04
1142,Electra,17 Tau,56.2188,24.1133,+0.019,-0.046,3.70,-0.11
1143,,,55.7088,-37.3136,-0.088,-0.077,4.59,1.20
1145,Taygeta,19 Tau,56.3021,24.4672,+0.018,-0.045,4.30,-0.11
1146,,24 Eri,56.1271,-1.1631,+0.002,-0.007,5.25,-0.10
1148,,Gam Cam,57.5896,71.3322,+0.017,-0.042,4.63,0.03
1149,Maia,20 Tau,56.4567,24.3678,+0.020,-0.046,3.87,-0.07
1153,,29 Tau,56.4183,6.0500,+0.019,-0.013,5.35,-0.12
1155,,,57.3800,65.5261,-0.007,-0.013,4.47,1.88
1156,Merope,23 Tau,56.5817,23.9483,+0.021,-0.045,4.18,-0.06
1162,,26Pi Eri,56.5354,-12.1017,+0.048,+0.058,4.42,1.63
1165,Alcyone,25Eta Tau,56.8713,24.1050,+0.019,-0.046,2.87,-0.09
1172,,,57.0871,23.4211,+0.023,-0.050,5.45,-0.07
1173,,27Tau6Eri,56.7121,-23.2497,-0.158,-0.529,4.23,0.42
1174,,30 Tau,57.0679,11.1433,+0.028,-0.022,5.07,-0.13
1175,,Bet Ret,56.0500,-64.8069,+0.313,+0.076,3.85,1.13
1177,,42 Per,57.3858,33.0914,-0.029,-0.001,5.11,0.07
1178,Atlas,27 Tau,57.2904,24.0533,+0.018,-0.047,3.63,-0.09
1180,Pleione,28 Tau,57.2967,24.1367,+0.013,-0.050,5.09,-0.08
1181,,28Tau7Eri,56.9150,-23.8747,+0.043,+0.048,5.24,0.07
1188,,,57.5788,25.5794,+0.038,-0.109,5.26,0.21
1189,,,57.1475,-37.6222,+0.059,-0.013,5.40,0.01
1190,,,57.1496,-37.6206,+0.079,-0.025,4.73,-0.03
1195,,,57.3637,-36.2003,-0.046,-0.051,4.17,0.95
1202,,30 Eri,58.1733,-5.3614,-0.011,-0.011,5.48,-0.10
1203,,44Zet Per,58.5329,31.8836,+0.006,-0.010,2.85,0.12
1204,,,59.3563,63.0722,+0.010,+0.005,5.03,-0.09
1205,,,59.2846,61.1089,-0.004,-0.015,5.00,1.45
1207,,,58.9925,47.8714,+0.019,-0.018,5.37,-0.08
1208,,Gam Hyi,56.8096,-74.2389,+0.047,+0.114,3.24,1.62
1210,,43 Per,59.1521,50.6953,+0.091,-0.130,5.28,0.41
1212,,32 Eri,58.5729,-2.9547,+0.029,+0.002,4.79,0.94
1213,,33Tau8Eri,58.4275,-24.6125,+0.023,-0.016,4.65,-0.13
1214,,,58.4121,-34.7322,+0.031,-0.004,5.11,-0.13
1215,,,59.1196,35.0811,+0.005,-0.001,5.49,-0.03
1220,,45Eps Per,59.4633,40.0103,+0.018,-0.026,2.89,-0.18
1228,Menkib,46Xi Per,59.7413,35.7911,+0.002,0.000,4.04,0.01
1230,,,62.5117,80.6986,-0.017,-0.002,5.10,0.56
1231,Zaurak,34Gam Eri,59.5075,-13.5086,+0.061,-0.111,2.95,1.59
1239,,35Lam Tau,60.1700,12.4903,-0.006,-0.012,3.47,-0.12
1240,,36Tau9Eri,59.9813,-24.0164,+0.015,+0.015,4.66,-0.13
1242,,,61.1133,59.1556,-0.002,+0.001,5.06,0.50
1244,,35 Eri,60.3833,-1.5497,+0.025,-0.016,5.28,-0.15
1247,,Del Ret,59.6863,-61.4003,+0.011,-0.018,4.56,1.62
1249,,,60.6529,-0.2689,+0.149,-0.251,5.38,0.50
1251,,38Nu Tau,60.7892,5.9892,+0.005,-0.003,3.91,0.03
1252,,36 Tau,61.0904,24.1058,-0.004,-0.014,5.47,0.86
1253,,40 Tau,60.9358,5.4356,+0.003,-0.010,5.33,-0.08
1254,,,60.9858,8.1972,+0.169,+0.023,5.46,0.37
1256,,37 Tau,61.1737,22.0819,+0.090,-0.059,4.36,1.07
1257,,,61.0412,2.8269,+0.147,-0.125,5.36,0.50
1261,,47Lam Per,61.6458,50.3514,-0.015,-0.036,4.29,0.02
1264,,Gam Ret,60.2242,-62.1594,+0.002,+0.026,4.51,1.65
1266,,Iot Ret,60.3258,-61.0789,+0.067,+0.092,4.97,1.42
1268,,41 Tau,61.6517,27.6000,+0.019,-0.053,5.20,-0.13
1269,,42Psi Tau,61.7521,29.0014,-0.092,+0.007,5.23,0.34
1273,,48 Per,62.1654,47.7125,+0.021,-0.030,4.04,-0.03
1283,,43Ome1Tau,62.2917,19.6092,+0.104,-0.033,5.50,1.07
1287,,44 Tau,62.7079,26.4808,-0.033,-0.036,5.41,0.34
1288,,,62.3242,-16.3858,+0.002,+0.005,5.37,-0.15
1290,,37 Eri,62.5938,-6.9239,-0.003,-0.013,5.44,0.94
1298,Beid,38Omi1Eri,62.9663,-6.8375,+0.010,+0.082,4.04,0.33
1302,,Del Hor,62.7108,-41.9936,+0.196,+0.063,4.93,0.33
1303,,51Mu Per,63.7246,48.4094,+0.005,-0.018,4.14,0.95
1304,,,67.5004,83.3406,-0.055,+0.105,5.46,0.87
1306,,52 Per,63.7221,40.4836,+0.008,-0.026,4.71,1.01
1309,,46 Tau,63.3879,7.7161,-0.002,+0.006,5.29,0.36
1311,,47 Tau,63.4850,9.2636,-0.010,-0.038,4.84,0.80
1314,,,64.1796,53.6119,-0.017,+0.002,5.19,0.05
1315,,,63.6512,10.0111,+0.002,-0.026,5.22,-0.10
1317,,,66.7617,80.8242,+0.003,-0.019,5.43,1.17
1318,,39 Eri,63.5988,-10.2564,-0.009,-0.162,4.87,1.17
1320,,49Mu Tau,63.8838,8.8922,+0.021,-0.024,4.29,-0.06
1324,,,64.5608,50.2956,+0.047,-0.054,4.61,0.04
1325,Keid,40Omi2Eri,63.8179,-7.6528,-2.242,-3.414,4.43,0.82
1326,,Alp Hor,63.5004,-42.2944,+0.046,-0.209,3.86,1.10
1327,,,65.1679,65.1406,-0.036,-0.003,5.27,0.81
1329,,50Ome2Tau,64.3150,20.5786,-0.044,-0.058,4.94,0.26
1330,,,64.8054,50.0489,+0.061,-0.052,5.45,0.22
1335,,,65.4483,60.7356,+0.054,-0.117,5.39,1.49
1336,,Alp Ret,63.6062,-62.4739,+0.045,+0.045,3.35,0.91
1338,,Gam Dor,64.0067,-51.4867,+0.106,+0.182,4.25,0.30
1339,,53 Tau,64.8588,21.1422,+0.030,-0.042,5.35,-0.08
1340,,,63.7029,-62.1919,+0.010,+0.088,5.45,1.10
1341,,56 Tau,64.9029,21.7736,+0.030,-0.040,5.38,-0.14
1343,,54 Per,65.1025,34.5667,-0.025,-0.005,4.93,0.94
1346,Prima Hyadum,54Gam Tau,64.9483,15.6275,+0.115,-0.025,3.65,0.99
1347,,41Ups4Eri,64.4737,-33.7983,+0.067,-0.008,3.56,-0.12
1348,,52Phi Tau,65.0888,27.3508,-0.025,-0.080,4.95,1.15
1350,,53 Per,65.3883,46.4989,+0.025,-0.035,4.85,-0.03
1355,,Eps Ret,64.1204,-59.3019,-0.051,-0.164,4.44,1.08
1356,,58 Tau,65.1512,15.0953,+0.108,-0.024,5.26,0.22
1364,,,64.8192,-44.2681,+0.063,-0.046,5.34,1.08
1367,,,65.1625,-20.6397,+0.025,-0.011,5.38,-0.02
1369,,59Chi Tau,65.6454,25.6292,+0.017,-0.023,5.37,-0.05
1373,Secunda Hyadum,61Del1Tau,65.7338,17.5425,+0.107,-0.030,3.76,0.98
1380,,64Del2Tau,66.0242,17.4439,+0.110,-0.038,4.80,0.15
1381,,66 Tau,65.9663,9.4608,-0.015,-0.008,5.12,0.07
1383,,42Xi Eri,65.9200,-3.7456,-0.050,-0.057,5.17,0.08
1387,,65Kap1Tau,66.3421,22.2939,+0.096,-0.048,4.22,0.13
1388,,67Kap2Tau,66.3542,22.1997,+0.109,-0.054,5.28,0.25
1389,,68Del3Tau,66.3725,17.9281,+0.108,-0.028,4.29,0.05
1390,,,66.5263,31.4389,+0.076,-0.110,5.28,0.97
1392,,69Ups Tau,66.5771,22.8136,+0.107,-0.046,4.28,0.26
1393,Beemim,43 Eri,66.0092,-34.0169,+0.069,+0.051,3.96,1.49
1394,,71 Tau,66.5867,15.6183,+0.112,-0.023,4.49,0.25
1395,,Eta Ret,65.4721,-63.3864,+0.089,+0.173,5.24,0.96
1396,,73Pi Tau,66.6517,14.7136,-0.002,-0.033,4.69,0.98
1407,,75 Tau,67.1100,16.3597,+0.006,+0.028,4.97,1.13
1409,Ain,74Eps Tau,67.1542,19.1803,+0.107,-0.038,3.53,1.01
1411,,77The1Tau,67.1438,15.9622,+0.103,-0.027,3.84,0.95
1412,Chamukuy,78The2Tau,67.1654,15.8708,+0.103,-0.025,3.40,0.18
1414,,79 Tau,67.2092,13.0475,+0.105,-0.016,5.03,0.23
1427,,,67.6404,16.1939,+0.107,-0.027,4.78,0.17
1428,,81 Tau,67.6621,15.6919,+0.103,-0.023,5.48,0.26
1430,,83 Tau,67.6554,13.7244,+0.106,-0.023,5.40,0.26
1437,,45 Eri,67.9696,-0.0439,+0.003,-0.009,4.91,1.32
1443,,Del Cae,67.7088,-44.9539,+0.007,-0.008,5.07,-0.19
1444,,86Rho Tau,68.4621,14.8444,+0.103,-0.027,4.65,0.25
1451,,47 Eri,68.5483,-8.2314,-0.018,-0.001,5.11,1.70
1452,,,68.5487,-8.9703,-0.037,-0.111,5.26,1.47
1453,,50Ups1Eri,68.3775,-29.7667,-0.102,-0.275,4.51,0.98
1454,,58 Per,69.1725,41.2647,-0.005,-0.016,4.25,1.22
1457,Aldebaran,87Alp Tau,68.9800,16.5092,+0.063,-0.190,0.85,1.54
1458,,88 Tau,68.9137,10.1608,+0.055,-0.046,4.25,0.18
1463,,48Nu Eri,69.0796,-3.3525,+0.002,-0.005,3.93,-0.21
1464,Theemin,52Ups2Eri,68.8875,-30.5622,-0.045,-0.012,3.82,0.98
1465,,Alp Dor,68.4992,-55.0450,+0.051,-0.003,3.27,-0.10
1466,,2 Cam,69.9921,53.4731,+0.046,-0.092,5.35,0.32
1467,,3 Cam,69.9779,53.0797,-0.002,-0.013,5.05,1.07
1469,,,69.3071,0.9983,-0.004,-0.004,5.31,-0.12
1473,,90 Tau,69.5396,12.5108,+0.103,-0.013,4.27,0.12
1474,,51 Eri,69.4004,-2.4733,+0.042,-0.061,5.23,0.28
1478,,91Sig1Tau,69.7883,15.7997,+0.039,-0.072,5.07,0.15
1479,,92Sig2Tau,69.8188,15.9181,+0.083,-0.018,4.69,0.15
1480,,,69.7758,7.8708,+0.094,-0.003,5.39,0.26
1481,Sceptrum,53 Eri,69.5450,-14.3039,-0.075,-0.156,3.87,1.09
1483,,,69.7233,-12.1231,-0.053,-0.011,5.01,0.07
1484,,93 Tau,70.0142,12.1978,-0.001,-0.008,5.46,-0.12
1487,,,69.8321,-14.3592,+0.122,-0.127,5.45,1.06
1492,,,69.1900,-62.0775,-0.064,-0.084,5.40,1.58
1494,,59 Per,70.7262,43.3650,+0.039,-0.052,5.29,0.00
1496,,54 Eri,70.1104,-19.6717,+0.021,-0.096,4.32,1.61
1497,,94Tau Tau,70.5613,22.9569,-0.002,-0.016,4.28,-0.13
1502,,Alp Cae,70.1404,-41.8639,-0.141,-0.077,4.45,0.34
1503,,Bet Cae,70.5146,-37.1444,+0.049,+0.193,5.05,0.37
1507,,,71.1075,11.1461,+0.100,-0.015,5.40,0.25
1511,,4 Cam,72.0012,56.7572,+0.050,-0.148,5.30,0.25
1516,,Lam Pic,70.6933,-50.4814,-0.031,+0.030,5.31,0.98
1519,,,71.5071,11.7056,+0.068,-0.006,5.37,0.19
1520,,57Mu Eri,71.3754,-3.2547,+0.016,-0.013,4.02,-0.15
1523,,,75.0862,81.1939,-0.001,+0.024,5.07,1.28
1527,,,73.0217,63.5053,+0.037,-0.096,5.44,1.57
1530,,Kap Dor,71.0879,-59.7328,+0.033,+0.039,5.27,0.20
1533,,,72.4775,37.4883,-0.038,+0.040,4.88,1.44
1542,,9Alp Cam,73.5125,66.3428,0.000,+0.006,4.29,0.03
1543,Tabit,1Pi 3Ori,72.4600,6.9614,+0.466,+0.012,3.19,0.45
1544,,2Pi 2Ori,72.6529,8.9003,+0.004,-0.032,4.36,0.01
1547,,97 Tau,72.8437,18.8397,+0.080,-0.035,5.10,0.21
1549,,60 Eri,72.5483,-16.2172,+0.041,+0.054,5.03,0.98
1551,,2 Aur,73.1583,36.7031,-0.027,-0.007,4.78,1.41
1552,,3Pi 4Ori,72.8017,5.6050,-0.001,+0.001,3.69,-0.17
1556,,4Omi1Ori,73.1333,14.2506,0.000,-0.057,4.74,1.84
1560,,61Ome Eri,73.2237,-5.4528,-0.023,+0.021,4.39,0.25
1562,,5 Ori,73.3450,2.5081,+0.034,-0.019,5.33,1.64
1567,,8Pi 5Ori,73.5629,2.4406,0.000,0.000,3.72,-0.18
1568,,7 Cam,74.3217,53.7522,-0.024,+0.007,4.47,-0.02
1569,,6 Ori,73.6954,11.4261,-0.009,+0.032,5.19,0.12
1570,,7Pi 1Ori,73.7242,10.1508,+0.046,-0.132,4.65,0.09
1571,,,73.6992,7.7792,-0.021,-0.027,5.33,1.22
1577,Hassaleh,3Iot Aur,74.2483,33.1661,+0.003,-0.018,2.69,1.53
1580,,9Omi2Ori,74.0929,13.5144,-0.074,-0.047,4.07,1.15
1585,,,74.3429,17.1536,-0.013,-0.007,5.48,1.31
1592,,4Ome Aur,74.8142,37.8903,+0.040,-0.101,4.94,0.04
1601,,10Pi 6Ori,74.6371,1.7142,-0.002,-0.003,4.47,1.40
1603,,10Bet Cam,75.8546,60.4422,-0.006,-0.016,4.03,0.92
1605,Almaaz,7Eps Aur,75.4921,43.8233,-0.001,-0.004,2.99,0.54
1608,,63 Eri,74.9600,-10.2633,+0.020,-0.135,5.38,0.80
1611,,64 Eri,74.9825,-12.5375,+0.045,-0.091,4.79,0.26
1612,Saclateni,8Zet Aur,75.6196,41.0758,+0.009,-0.022,3.75,1.22
1617,,65Psi Eri,75.3596,-7.1739,+0.003,+0.008,4.81,-0.19
1620,,102Iot Tau,75.7738,21.5900,+0.066,-0.042,4.64,0.16
1621,,,75.3567,-20.0519,+0.034,-0.015,4.91,-0.05
1622,,11 Cam,76.5354,58.9725,-0.005,-0.008,5.08,-0.08
1628,,,75.5408,-26.2750,+0.089,-0.073,5.02,1.07
1629,,Eta Men,73.7967,-74.9369,+0.024,+0.059,5.47,1.52
1637,,9 Aur,76.6692,51.5978,-0.030,-0.173,5.00,0.33
1638,,11 Ori,76.1421,15.4042,+0.016,-0.034,4.68,-0.06
1641,Haedus,10Eta Aur,76.6287,41.2344,+0.029,-0.068,3.17,-0.18
1643,,,78.0933,73.9467,0.000,-0.025,5.43,-0.12
1649,,Eta1Pic,75.7025,-49.1514,-0.044,+0.024,5.38,0.42
1652,,Gam1Cae,76.1017,-35.4833,+0.129,-0.051,4.55,1.20
1654,,2Eps Lep,76.3654,-22.3711,+0.025,-0.074,3.19,1.46
1656,,104 Tau,76.8625,18.6450,+0.537,+0.016,5.00,0.65
1657,,66 Eri,76.6904,-4.6550,+0.016,+0.008,5.12,-0.06
1658,,106 Tau,76.9517,20.4183,-0.047,-0.034,5.30,0.09
1659,,103 Tau,77.0275,24.2653,0.000,-0.004,5.50,0.06
1663,,Eta2Pic,76.2417,-49.5778,+0.071,-0.003,5.03,1.49
1664,,14 Ori,76.9704,8.4983,+0.024,-0.065,5.34,0.33
1666,Cursa,67Bet Eri,76.9625,-5.0864,-0.095,-0.081,2.79,0.13
1672,,16 Ori,77.3317,9.8294,+0.064,-0.007,5.43,0.24
1673,,68 Eri,77.1817,-4.4561,+0.044,+0.017,5.12,0.44
1674,,Zet Dor,76.3775,-57.4728,-0.030,+0.115,4.72,0.52
1676,,15 Ori,77.4250,15.5972,+0.002,-0.013,4.82,0.32
1677,,Bet Men,75.6792,-71.3144,-0.005,+0.004,5.31,1.00
1679,,69Lam Eri,77.2867,-8.7542,+0.002,-0.004,4.27,-0.19
1684,,,77.9233,16.0456,+0.005,+0.007,5.18,1.49
1686,,,80.6396,79.2311,-0.082,+0.161,5.05,0.47
1689,,11Mu Aur,78.3571,38.4844,-0.018,-0.075,4.86,0.18
1695,,,76.8917,-63.3997,+0.015,-0.047,5.20,1.65
1696,,3Iot Lep,78.0746,-11.8692,+0.027,-0.015,4.45,-0.10
1698,,17Rho Ori,78.3229,2.8611,+0.001,-0.006,4.46,1.19
1702,,5Mu Lep,78.2329,-16.2056,+0.043,-0.026,3.31,-0.11
1705,,4Kap Lep,78.3079,-12.9414,-0.014,-0.009,4.36,-0.10
1706,,14 Aur,78.8517,32.6878,-0.024,+0.014,5.02,0.23
1708,Capella,13Alp Aur,79.1725,45.9981,+0.076,-0.425,0.08,0.80
1709,,,78.6838,5.1561,-0.001,+0.004,5.50,1.37
1713,Rigel,19Bet Ori,78.6346,-8.2017,0.000,-0.001,0.12,-0.03
1722,,,79.5662,42.7922,+0.038,-0.023,5.48,1.65
1723,,,78.8513,-26.9433,+0.010,-0.018,5.07,-0.10
1726,,16 Aur,79.5446,33.3717,+0.045,-0.160,4.54,1.27
1729,,15Lam Aur,79.7854,40.0992,+0.519,-0.664,4.71,0.63
1732,,,79.7500,33.7483,+0.011,-0.025,5.41,-0.19
1735,,20Tau Ori,79.4017,-6.8444,-0.015,-0.008,3.60,-0.11
1737,,,79.4175,-13.5197,-0.012,-0.046,5.50,0.93
1739,,109 Tau,79.8192,22.0964,+0.012,-0.083,4.94,0.93
1740,,19 Aur,80.0037,33.9581,+0.001,+0.002,5.03,0.27
1743,,Omi Col,79.3713,-34.8953,+0.090,-0.337,4.83,1.00
1744,,The Dor,78.4392,-67.1853,+0.019,+0.036,4.83,1.28
1746,,21 Ori,79.7967,2.5958,-0.017,-0.047,5.34,0.41
1749,,20Rho Aur,80.4517,41.8044,+0.018,-0.037,5.23,-0.15
1751,,16 Cam,80.8658,57.5444,+0.013,-0.055,5.28,-0.03
1756,,6Lam Lep,79.8937,-13.1767,-0.001,-0.003,4.29,-0.26
1757,,7Nu Lep,79.9962,-12.3156,-0.006,+0.009,5.30,-0.12
1762,,,80.1121,-21.2394,+0.005,0.000,4.71,-0.05
1765,,22 Ori,80.4404,-0.3825,0.000,-0.001,4.73,-0.17
1767,,Zet Pic,79.8421,-50.6061,+0.028,+0.224,5.45,0.51
1770,,23 Ori,80.7083,3.5444,-0.004,-0.002,5.00,-0.15
1771,,,80.4425,-24.7731,-0.024,-0.013,5.06,0.67
1773,,21Sig Aur,81.1633,37.3856,+0.001,-0.008,4.99,1.42
1780,,111 Tau,81.1058,17.3833,+0.246,-0.009,4.99,0.53
1783,,8 Lep,80.8758,-13.9272,+0.002,+0.004,5.25,-0.21
1784,,29 Ori,80.9867,-7.8081,-0.015,-0.043,4.14,0.96
1787,,27 Ori,81.1204,-0.8914,-0.005,+0.132,5.08,0.96
1788,,28Eta Ori,81.1192,-2.3969,+0.002,0.000,3.36,-0.17
1789,,25Psi1Ori,81.1867,1.8464,+0.001,+0.001,4.95,-0.20
1790,Bellatrix,24Gam Ori,81.2829,6.3497,-0.009,-0.014,1.64,-0.22
1791,Elnath,112Bet Tau,81.5729,28.6075,+0.022,-0.175,1.65,-0.13
1802,,17 Cam,82.5425,63.0672,-0.006,-0.005,5.42,1.71
1805,,24Phi Aur,81.9121,34.4758,-0.003,-0.047,5.07,1.40
1808,,115 Tau,81.7921,17.9622,+0.005,-0.022,5.42,-0.10
1810,,114 Tau,81.9087,21.9369,+0.002,-0.007,4.88,-0.15
1811,,30Psi2Ori,81.7092,3.0956,+0.002,-0.004,4.59,-0.21
1814,,116 Tau,81.9400,15.8742,+0.006,-0.022,5.50,0.01
1821,,118 Tau,82.3188,25.1506,+0.010,-0.032,5.47,-0.04
1829,Nihal,9Bet Lep,82.0613,-20.7594,-0.004,-0.089,2.84,0.82
1834,,31 Ori,82.4333,-1.0922,+0.004,-0.023,4.71,1.57
1836,,Lam Dor,81.5804,-58.9125,-0.008,+0.028,5.14,1.00
1839,,32 Ori,82.6963,5.9481,+0.012,-0.034,4.20,-0.14
1842,,33 Ori,82.8104,3.2922,+0.001,+0.003,5.46,-0.18
1843,,25Chi Aur,83.1821,32.1919,-0.002,-0.003,4.76,0.34
1845,,119 Tau,83.0533,18.5944,+0.002,-0.001,4.38,2.07
1847,,,83.0592,17.0581,-0.002,-0.009,5.46,-0.04
1852,Mintaka,34Del Ori,83.0017,-0.2992,+0.001,-0.002,2.23,-0.22
1855,,36Ups Ori,82.9825,-7.3014,-0.001,-0.005,4.62,-0.26
1856,,,82.5396,-47.0778,+0.025,-0.137,5.46,0.62
1861,,,83.1721,-1.5919,-0.001,-0.009,5.35,-0.19
1862,,Eps Col,82.8029,-35.4706,+0.022,-0.035,3.87,1.14
1865,Arneb,11Alp Lep,83.1825,-17.8222,+0.001,+0.002,2.58,0.21
1868,,,83.3808,-1.1561,-0.004,0.000,5.34,-0.18
1872,,38 Ori,83.5696,3.7669,-0.031,-0.018,5.36,0.05
1875,,121 Tau,83.8629,24.0394,+0.010,-0.024,5.38,-0.09
1876,,37Phi1Ori,83.7050,9.4894,+0.002,-0.004,4.41,-0.16
1877,,,83.2137,-38.5131,+0.040,-0.002,5.48,1.22
1879,Meissa,39Lam Ori,83.7846,9.9342,0.000,-0.006,3.54,-0.18
1887,,,83.7612,-6.0019,+0.004,+0.002,4.78,-0.25
1892,,42 Ori,83.8467,-4.8383,+0.004,0.000,4.59,-0.19
1895,,41The1Ori,83.8187,-5.3897,+0.004,+0.002,5.13,0.02
1897,,43The2Ori,83.8454,-5.4161,+0.001,+0.005,5.08,-0.09
1899,Hatysa,44Iot Ori,83.8583,-5.9100,0.000,+0.001,2.77,-0.24
1901,,45 Ori,83.9146,-4.8558,+0.009,+0.011,5.26,0.24
1903,Alnilam,46Eps Ori,84.0533,-1.2019,+0.001,-0.002,1.70,-0.19
1907,,40Phi2Ori,84.2262,9.2906,+0.091,-0.305,4.09,0.95
1910,Tianguan,123Zet Tau,84.4113,21.1425,0.000,-0.021,3.00,-0.19
1914,,26 Aur,84.6587,30.4925,-0.019,-0.009,5.40,0.45
1917,,,83.2483,-64.2275,+0.041,-0.010,5.34,1.04
1922,,Bet Dor,83.4062,-62.4897,+0.002,+0.009,3.76,0.82
1928,,125 Tau,84.9342,25.8969,+0.012,-0.024,5.18,-0.15
1931,,48Sig Ori,84.6867,-2.6000,+0.002,+0.001,3.81,-0.24
1934,,47Ome Ori,84.7963,4.1214,+0.001,-0.003,4.57,-0.11
1935,,Nu 2Col,84.4358,-28.6894,-0.034,+0.052,5.31,0.46
1937,,49 Ori,84.7212,-7.2131,-0.012,-0.053,4.80,0.13
1946,,126 Tau,85.3238,16.5339,+0.008,-0.018,4.86,-0.13
1948,Alnitak,50Zet Ori,85.1896,-1.9428,+0.003,-0.002,2.05,-0.21
1949,,50Zet Ori,85.1900,-1.9428,+0.004,-0.002,4.21,
1952,,,85.2108,-1.1289,-0.012,-0.006,4.95,-0.21
1953,,Gam Men,82.9704,-76.3411,+0.111,+0.283,5.19,1.13
1956,Phact,Alp Col,84.9121,-34.0742,+0.007,-0.026,2.64,-0.12
1958,,,84.9575,-32.6292,-0.022,-0.029,5.45,0.92
1963,,51 Ori,85.6192,1.4747,-0.058,-0.015,4.91,1.17
1971,,27Omi Aur,86.4750,49.8264,-0.010,+0.001,5.47,0.03
1973,,,85.5629,-34.6678,-0.008,+0.051,5.29,-0.05
1983,,13Gam Lep,86.1158,-22.4483,-0.293,-0.370,3.60,0.47
1990,,130 Tau,86.8592,17.7292,-0.005,-0.006,5.49,0.30
1993,,133 Tau,86.9288,13.8997,+0.002,-0.012,5.29,-0.17
1995,,29Tau Aur,87.2938,39.1811,-0.025,-0.022,4.52,0.94
1996,,Mu Col,86.4996,-32.3064,+0.009,-0.025,5.17,-0.28
1998,,14Zet Lep,86.7387,-14.8219,-0.016,-0.001,3.55,0.10
1999,,52 Ori,87.0008,6.4542,+0.007,-0.019,5.27,0.23
2002,,132 Tau,87.2542,24.5675,-0.004,-0.023,4.86,1.01
2004,Saiph,53Kap Ori,86.9392,-9.6697,+0.002,-0.002,2.06,-0.17
2008,,,86.6142,-46.5972,+0.012,+0.004,5.31,1.04
2010,,134 Tau,87.3871,12.6511,-0.020,-0.024,4.91,-0.07
2011,,31Ups Aur,87.7600,37.3056,+0.035,-0.047,4.74,1.62
2012,,32Nu Aur,87.8725,39.1486,-0.005,+0.007,3.97,1.13
2015,,Del Dor,86.1933,-65.7356,-0.031,+0.008,4.35,0.21
2020,,Bet Pic,86.8212,-51.0664,+0.011,+0.085,3.85,0.17
2021,,,87.4021,-14.4836,-0.025,-0.044,5.49,0.88
2027,,31 Cam,88.7408,59.8883,+0.001,-0.019,5.20,0.02
2029,,30Xi Aur,88.7117,55.7069,-0.013,+0.020,4.99,0.05
2031,,55 Ori,87.8417,-7.5181,-0.001,+0.003,5.35,-0.20
2034,,136 Tau,88.3317,27.6122,+0.003,-0.012,4.58,-0.02
2035,,15Del Lep,87.8304,-20.8792,+0.227,-0.649,3.81,0.99
2037,,56 Ori,88.1100,1.8550,-0.007,-0.012,4.78,1.38
2040,Wazn,Bet Col,87.7400,-35.7683,+0.059,+0.401,3.12,1.16
2042,,Gam Pic,87.4571,-56.1667,+0.083,-0.076,4.51,1.10
2047,,54Chi1Ori,88.5954,20.2761,-0.189,-0.084,4.41,0.59
2049,,,87.7217,-52.1089,+0.006,-0.078,5.17,0.99
2056,,Lam Col,88.2787,-33.8014,-0.004,+0.033,4.87,-0.15
2061,Betelgeuse,58Alp Ori,88.7929,7.4069,+0.026,+0.009,0.50,1.85
2063,,,88.9554,20.1750,0.000,-0.014,5.40,0.99
2064,,Eps Dor,87.4733,-66.9011,-0.016,+0.016,5.11,-0.14
2077,,33Del Aur,89.8817,54.2847,+0.081,-0.125,3.72,1.00
2084,,139 Tau,89.4988,25.9539,0.000,-0.002,4.82,-0.06
2085,,16Eta Lep,89.1013,-14.1678,-0.042,+0.139,3.71,0.33
2087,,Xi Col,88.8746,-37.1208,+0.032,-0.026,4.97,1.11
2088,Menkalinan,34Bet Aur,89.8821,44.9475,-0.057,0.000,1.90,0.03
2091,,35Pi Aur,89.9838,45.9369,0.000,-0.005,4.26,1.72
2092,,Sig Col,89.0871,-31.3825,-0.002,+0.006,5.50,
2094,,,88.7092,-52.6353,-0.005,+0.248,5.29,0.31
2095,Mahasim,37The Aur,89.9304,37.2125,+0.048,-0.081,2.62,-0.08
2102,,,88.5254,-63.0900,+0.138,+0.537,4.65,1.05
2103,,60 Ori,89.7067,0.5531,-0.013,+0.002,5.22,0.01
2106,,Gam Col,89.3842,-35.2833,0.000,+0.009,4.36,-0.18
2108,,2 Mon,89.7679,-9.5583,+0.009,-0.050,5.03,0.19
2113,,,90.0142,-3.0742,+0.012,-0.076,4.53,1.22
2120,,Eta Col,89.7867,-42.8153,+0.022,-0.014,3.96,1.14
2124,,61Mu Ori,90.5958,9.6475,+0.015,-0.028,4.12,0.16
2125,,Kap Men,87.5696,-79.3614,-0.009,+0.066,5.47,-0.08
2128,,3 Mon,90.4600,-10.5981,-0.007,0.000,4.95,-0.12
2130,,64 Ori,90.8638,19.6906,-0.001,-0.017,5.14,-0.11
2134,,1 Gem,91.0300,23.2633,-0.008,-0.100,4.16,0.82
2135,,62Chi2Ori,90.9800,20.1383,+0.002,-0.006,4.63,0.28
2140,,,90.8146,-26.2844,+0.056,+0.092,5.04,1.34
2142,,,91.0563,-6.7092,-0.005,-0.003,5.21,-0.06
2143,,40 Aur,91.6462,38.4828,+0.007,-0.049,5.36,0.25
2148,,17 Lep,91.2462,-16.4844,-0.006,-0.001,4.93,0.24
2152,,37 Cam,92.4963,58.9358,+0.024,+0.023,5.36,1.09
2154,,,91.6612,-4.1939,-0.007,-0.004,5.38,-0.13
2155,,18The Lep,91.5387,-14.9353,-0.018,+0.014,4.67,0.05
2159,,67Nu Ori,91.8929,14.7683,+0.006,-0.021,4.42,-0.17
2163,,,91.6333,-23.1106,-0.023,-0.023,5.47,0.08
2165,,36 Cam,93.2129,65.7183,+0.006,-0.033,5.32,1.34
2168,,19 Lep,91.9233,-19.1658,+0.013,+0.054,5.31,1.68
2177,Elkurud,The Col,91.8817,-37.2531,+0.002,-0.005,5.02,-0.11
2180,,,92.2413,-22.4275,+0.002,-0.039,5.50,-0.01
2181,,Pi 2Col,91.9704,-42.1539,+0.001,-0.014,5.50,0.00
2196,,,91.7642,-62.1547,+0.018,-0.072,5.05,1.25
2198,,69 Ori,93.0138,16.1306,+0.009,-0.014,4.95,-0.14
2199,,70Xi Ori,92.9850,14.2089,+0.003,-0.020,4.48,-0.18
2201,,40 Cam,93.9192,59.9992,+0.033,-0.021,5.35,1.34
2205,,,92.9658,-6.5503,-0.005,-0.005,5.05,-0.20
2209,,,94.7117,69.3197,+0.002,-0.107,4.80,0.03
2212,,Del Pic,92.5746,-54.9686,-0.003,+0.005,4.81,-0.23
2215,,1 Lyn,94.4783,61.5153,-0.014,-0.006,4.98,1.83
2216,Propus,7Eta Gem,93.7192,22.5067,-0.068,-0.012,3.28,1.60
2219,,44Kap Aur,93.8446,29.4981,-0.073,-0.262,4.35,1.02
2220,,71 Ori,93.7121,19.1564,-0.098,-0.188,5.20,0.44
2221,,Nu Dor,92.1842,-68.8433,-0.052,+0.018,5.06,-0.08
2223,,72 Ori,93.8546,16.1431,+0.003,-0.012,5.30,-0.14
2227,,5Gam Mon,93.7137,-6.2747,-0.008,-0.019,3.98,1.32
2229,,73 Ori,93.9375,12.5511,-0.001,+0.001,5.33,-0.02
2238,,2 Lyn,94.9058,59.0108,-0.008,+0.026,4.48,0.01
2241,,74 Ori,94.1108,12.2722,+0.082,+0.186,5.04,0.42
2244,,,93.9371,-13.7183,+0.011,-0.009,5.01,-0.08
2245,,Eta2Dor,92.8125,-65.5894,-0.026,+0.112,5.01,1.62
2247,,75 Ori,94.2775,9.9425,+0.007,-0.061,5.39,0.10
2256,,Kap Col,94.1379,-35.1406,0.000,+0.086,4.37,1.00
2260,,,94.4237,-16.8158,-0.011,+0.008,5.14,1.30
2261,,Alp Men,92.5600,-74.7531,+0.118,-0.213,5.09,0.72
2264,,45 Aur,95.4421,53.4522,+0.020,-0.084,5.36,0.43
2267,,,94.7108,-9.3903,+0.003,-0.033,5.36,1.24
2273,,7 Mon,94.9283,-7.8231,-0.004,0.000,5.27,-0.19
2275,,,94.9983,-2.9444,-0.013,+0.004,4.90,1.60
2282,Furud,1Zet CMa,95.0783,-30.0633,+0.009,+0.003,3.02,-0.19
2286,Tejat,13Mu Gem,95.7400,22.5136,+0.054,-0.111,2.88,1.64
2289,,46Psi1Aur,96.2246,49.2881,-0.002,-0.001,4.91,1.97
2293,,5 Lyn,96.7037,58.4172,-0.005,-0.009,5.21,1.53
2294,Mirzam,2Bet CMa,95.6750,-17.9558,-0.006,0.000,1.98,-0.23
2296,,Del Col,95.5283,-33.4364,-0.024,-0.055,3.85,0.88
2298,,8Eps Mon,95.9421,4.5928,-0.018,+0.011,4.44,0.18
2305,,,96.0429,-11.5303,-0.054,-0.035,5.22,1.24
2326,Canopus,Alp Car,95.9879,-52.6958,+0.022,+0.021,-0.72,0.15
2334,,,96.8075,0.2992,+0.007,-0.008,5.20,1.18
2343,,18Nu Gem,97.2408,20.2122,-0.007,-0.014,4.15,-0.13
2344,,10 Mon,96.9900,-4.7622,-0.005,-0.001,5.06,-0.17
2356,,11Bet Mon,97.2042,-7.0328,-0.017,0.000,4.60,-0.10
2357,,11Bet Mon,97.2062,-7.0344,-0.017,+0.005,5.40,-0.07
2361,,Lam CMa,97.0421,-32.5800,-0.018,+0.024,4.48,-0.17
2375,,,97.9513,11.5444,+0.013,+0.032,5.23,0.15
2377,,Pi 2Dor,96.3692,-69.6903,-0.016,+0.195,5.38,0.97
2379,,,97.8458,-12.3917,+0.040,-0.016,5.15,1.27
2381,,,97.9587,-8.1581,-0.012,-0.008,5.43,1.38
2384,,,97.4546,-50.2392,-0.054,-0.058,5.27,0.41
2385,,13 Mon,98.2258,7.3331,-0.001,-0.006,4.50,0.00
2387,,4Xi 1CMa,97.9637,-23.4183,-0.006,+0.012,4.33,-0.24
2389,,,97.3688,-56.8528,-0.040,+0.031,5.22,1.09
2395,,,98.4079,-1.2203,-0.003,-0.021,5.10,-0.14
2398,,49 Aur,98.8004,28.0222,-0.002,-0.015,5.27,-0.03
2399,,,98.0888,-37.6967,+0.065,-0.077,5.24,1.00
2401,,,101.5588,79.5647,-0.102,-0.604,5.45,0.50
2405,,,99.1371,38.4453,+0.005,-0.026,5.29,2.61
2411,,,98.4562,-36.2322,-0.014,+0.094,5.42,1.44
2414,,5Xi 2CMa,98.7642,-22.9647,+0.011,+0.016,4.54,-0.05
2420,,52Psi3Aur,99.7050,39.9025,-0.009,-0.012,5.20,-0.07
2421,Alhena,24Gam Gem,99.4279,16.3992,+0.042,-0.042,1.93,0.00
2427,,50Psi2Aur,99.8329,42.4889,+0.006,-0.058,4.79,1.23
2429,,7Nu 2CMa,99.1708,-19.2558,+0.059,-0.062,3.95,1.06
2435,,,98.7442,-52.9756,-0.003,+0.007,4.39,-0.02
2443,,8Nu 3CMa,99.4725,-18.2375,-0.010,-0.007,4.43,1.15
2447,,,99.4483,-32.3397,+0.105,+0.068,5.27,1.18
2450,,,99.8196,-14.1458,+0.004,-0.004,4.82,1.50
2451,,Nu Pup,99.4404,-43.1961,+0.002,-0.006,3.17,-0.11
2456,,15 Mon,100.2446,9.8956,+0.003,-0.006,4.66,-0.25
2459,,55Psi4Aur,100.7708,44.5244,-0.042,-0.028,5.02,1.48
2462,,,99.6567,-48.2203,+0.008,+0.012,4.93,0.87
2466,,26 Gem,100.6013,17.6453,+0.005,-0.087,5.21,0.06
2469,,,100.4850,-9.1672,+0.043,-0.040,5.19,1.53
2470,,12 Lyn,101.5588,59.4417,-0.023,-0.002,4.87,0.08
2473,Mebsuta,27Eps Gem,100.9829,25.1311,-0.006,-0.013,2.98,1.40
2477,,13 Lyn,101.7062,57.1692,+0.012,-0.038,5.35,0.96
2478,,30 Gem,100.9971,13.2278,-0.003,-0.058,4.49,1.16
2480,,28 Gem,101.1896,28.9708,-0.004,-0.026,5.44,1.45
2483,,56Psi5Aur,101.6846,43.5775,-0.002,+0.165,5.25,0.56
2484,Alzirr,31Xi Gem,101.3225,12.8956,-0.116,-0.191,3.36,0.43
2487,,57Psi6Aur,101.9150,48.7894,-0.001,+0.006,5.22,1.12
2490,,42 Cam,102.7379,67.5719,+0.002,+0.002,5.14,-0.17
2491,Sirius,9Alp CMa,101.2871,-16.7161,-0.553,-1.205,-1.46,0.00
2492,,10 CMa,101.1183,-31.0706,-0.015,+0.008,5.20,-0.12
2498,,,101.4971,-14.7961,-0.025,-0.017,5.32,0.07
2503,,17 Mon,101.8325,8.0372,-0.026,-0.013,4.77,1.40
2504,,11 CMa,101.7129,-14.4258,-0.002,+0.012,5.29,-0.04
2506,,18 Mon,101.9650,2.4122,-0.018,-0.012,4.47,1.11
2508,,,101.9046,-8.9983,-0.016,+0.005,5.07,1.80
2511,,43 Cam,103.4258,68.8883,+0.003,+0.008,5.12,-0.13
2516,,58Psi7Aur,102.6912,41.7814,-0.024,-0.136,5.02,1.27
2518,,,101.8392,-37.9297,-0.007,-0.015,5.26,-0.08
2520,,14 Lyn,103.2712,59.4486,-0.006,-0.039,5.33,0.65
2522,,,102.2408,-15.1447,+0.002,-0.004,5.39,-0.10
2523,,,101.7200,-51.2658,-0.003,-0.097,5.40,1.34
2527,,,105.0167,76.9775,+0.071,-0.013,4.55,1.36
2529,,36 Gem,102.8875,21.7611,-0.008,-0.038,5.27,-0.02
2538,,13Kap CMa,102.4604,-32.5086,-0.007,+0.004,3.96,-0.23
2540,,34The Gem,103.1971,33.9611,-0.002,-0.048,3.60,0.10
2548,,,102.4775,-46.6147,+0.004,+0.370,5.14,0.45
2549,,,102.7183,-34.3672,+0.007,+0.006,4.99,1.38
2550,,Alp Pic,102.0475,-61.9414,-0.069,+0.269,3.27,0.21
2553,,Tau Pup,102.4842,-50.6147,+0.036,-0.070,2.93,1.20
2554,,,102.4637,-53.6222,0.000,+0.030,4.40,0.92
2560,,15 Lyn,104.3188,58.4225,-0.005,-0.135,4.35,0.85
2564,,38 Gem,103.6612,13.1778,+0.078,-0.083,4.65,0.30
2571,,15 CMa,103.3871,-20.2242,-0.009,+0.004,4.83,-0.21
2572,,,103.6025,-1.1269,+0.003,-0.012,5.45,0.18
2574,,14The CMa,103.5475,-12.0386,-0.137,-0.013,4.07,1.43
2580,,16Omi1CMa,103.5329,-24.1839,-0.008,+0.013,3.87,1.73
2585,,16 Lyn,104.4046,45.0942,-0.021,-0.004,4.90,0.03
2590,,19Pi CMa,103.9058,-20.1364,+0.047,+0.043,4.68,0.37
2593,,18Mu CMa,104.0275,-14.0436,-0.001,+0.005,5.00,1.18
2595,,,103.9450,-22.9414,-0.017,+0.003,5.30,-0.18
2596,,20Iot CMa,104.0342,-17.0542,-0.003,+0.002,4.37,-0.07
2602,,Iot Vol,102.8625,-70.9633,+0.001,+0.023,5.40,-0.11
2607,,,104.3912,-24.6306,-0.058,+0.106,5.46,0.36
2608,,,104.0667,-48.7211,+0.006,+0.010,4.95,1.69
2609,,,115.1271,87.0200,-0.045,-0.028,5.07,1.63
2618,Adhara,21Eps CMa,104.6562,-28.9722,+0.004,+0.003,1.50,-0.21
2619,,,104.6046,-34.1117,-0.006,+0.005,5.06,-0.16
2630,,42Ome Gem,105.6033,24.2153,-0.009,-0.001,5.18,0.94
2639,,,105.4850,-5.7222,-0.016,+0.001,5.20,1.68
2646,Nganurganity,22Sig CMa,105.4296,-27.9347,-0.005,+0.005,3.47,1.73
2648,,19 Mon,105.7283,-4.2392,-0.003,+0.003,4.99,-0.20
2649,,,105.9083,10.9517,-0.008,-0.019,5.13,1.39
2650,Mekbuda,43Zet Gem,106.0271,20.5703,-0.009,0.000,3.79,0.79
2652,,,105.2146,-51.4025,-0.015,+0.016,5.14,1.61
2653,,24Omi2CMa,105.7562,-23.8333,-0.004,+0.003,3.02,-0.08
2657,Muliphein,23Gam CMa,105.9396,-15.6333,-0.002,-0.008,4.12,-0.12
2662,,,104.9604,-67.9161,-0.033,+0.241,5.17,1.40
2666,,,106.0117,-42.3372,-0.008,+0.072,5.20,0.20
2672,,,105.9737,-49.5839,-0.045,+0.146,4.93,0.13
2674,,,105.8150,-59.1781,+0.022,+0.009,5.50,-0.11
2678,,,106.6696,-11.2942,-0.011,-0.005,5.39,0.05
2683,,,106.0763,-56.7497,+0.005,-0.001,5.17,-0.04
2684,,45 Gem,107.0917,15.9308,-0.008,-0.099,5.44,1.03
2689,,The Men,104.1433,-79.4203,-0.007,0.000,5.45,0.05
2693,Wezen,25Del CMa,107.0979,-26.3933,-0.003,+0.004,1.84,0.68
2696,,63 Aur,107.9138,39.3206,+0.044,+0.003,4.90,1.45
2697,,46Tau Gem,107.7850,30.2453,-0.030,-0.045,4.41,1.26
2701,,20 Mon,107.5571,-4.2372,0.000,+0.215,4.92,1.03
2702,,,107.2129,-39.6558,-0.009,+0.002,4.83,-0.18
2703,,,108.3475,51.4289,+0.006,+0.014,5.47,1.67
2707,,21 Mon,107.8483,-0.3019,-0.031,-0.011,5.45,0.29
2708,,,107.5808,-27.4914,-0.003,+0.009,5.46,1.00
2714,,22Del Mon,107.9663,-0.4928,-0.001,+0.005,4.15,-0.01
2715,,18 Lyn,108.9788,59.6375,-0.101,-0.259,5.20,1.07
2717,,51 Gem,108.3429,16.1589,+0.013,-0.042,5.00,1.66
2719,,,107.6979,-48.9322,-0.012,+0.192,5.14,1.24
2727,,,108.0658,-40.4989,-0.018,-0.015,5.31,0.06
2729,,,108.5833,3.1114,-0.006,-0.002,5.35,1.19
2736,,Gam2Vol,107.1871,-70.4989,+0.023,+0.106,3.78,1.04
2740,,,108.1400,-46.7594,-0.132,+0.103,4.49,0.32
2742,,,112.7683,82.4114,-0.006,-0.042,4.96,1.66
2745,,27 CMa,108.5633,-26.3525,-0.009,+0.007,4.66,-0.19
2746,,,108.3058,-45.1831,-0.019,-0.099,4.89,-0.02
2748,,,108.3850,-44.6397,+0.114,+0.330,5.10,1.56
2749,,28Ome CMa,108.7029,-26.7728,-0.008,+0.006,3.85,-0.17
2751,,,109.6329,49.4650,-0.004,+0.014,5.05,0.08
2756,,,108.8375,-30.6864,-0.018,+0.013,5.36,-0.17
2758,,,109.0604,-15.5858,-0.050,-0.015,5.46,0.08
2762,,,108.6592,-48.2717,+0.004,+0.004,4.76,-0.10
2763,,54Lam Gem,109.5233,16.5403,-0.048,-0.037,3.58,0.11
2764,,,109.1533,-23.3156,-0.010,+0.002,4.79,1.71
2766,,,109.1458,-27.8811,-0.010,+0.043,4.64,1.60
2770,,,109.2062,-36.5928,+0.001,-0.002,5.03,-0.17
2773,,Pi Pup,109.2858,-37.0975,-0.009,+0.004,2.70,1.62
2777,Wasat,55Del Gem,110.0308,21.9822,-0.026,-0.012,3.53,0.34
2781,,29 CMa,109.6679,-24.5589,-0.006,0.000,4.98,-0.15
2782,,30Tau CMa,109.6767,-24.9542,-0.009,+0.010,4.40,-0.15
2784,,19 Lyn,110.7171,55.2814,-0.003,-0.029,5.45,
2786,,,109.7133,-26.5858,-0.017,+0.008,5.28,0.96
2787,,,109.5767,-36.7342,-0.003,+0.001,4.66,-0.10
2790,,,109.6592,-36.7428,-0.002,+0.003,5.11,-0.16
2791,,,109.6400,-39.2103,+0.010,+0.007,5.25,0.01
2793,,65 Aur,110.5108,36.7606,-0.098,-0.023,5.13,1.08
2795,,56 Gem,110.4867,20.4436,-0.066,-0.027,5.10,1.52
2796,,,110.2425,-14.3600,-0.018,+0.016,5.45,0.98
2803,,Del Vol,109.2075,-67.9572,-0.007,+0.005,3.98,0.79
2805,,66 Aur,111.0354,40.6722,-0.006,-0.023,5.19,1.23
2808,,57 Gem,110.8688,25.0506,-0.069,-0.023,5.03,0.90
2812,,,110.5562,-19.0167,-0.006,-0.008,4.96,-0.04
2815,,,110.1612,-52.0861,-0.019,-0.007,5.39,-0.07
2818,,21 Lyn,111.6783,49.2114,-0.013,-0.050,4.64,-0.02
2819,,,110.7525,-31.9239,-0.014,+0.004,5.43,-0.15
2820,,1 CMi,111.2425,11.6697,-0.017,-0.014,5.30,0.10
2821,,60Iot Gem,111.4317,27.7981,-0.123,-0.086,3.79,1.03
2822,,,110.8713,-27.8342,+0.045,+0.005,5.38,1.53
2823,,,110.8829,-32.2022,-0.009,+0.004,5.39,-0.18
2825,,,111.1671,-16.2011,-0.014,-0.010,5.33,-0.05
2827,Aludra,31Eta CMa,111.0238,-29.3031,-0.004,+0.005,2.45,-0.08
2828,,2Eps CMi,111.4121,9.2761,-0.006,-0.011,4.99,1.01
2834,,,111.1825,-31.8089,-0.020,+0.010,5.35,1.07
2845,Gomeisa,3Bet CMi,111.7875,8.2894,-0.052,-0.038,2.90,-0.09
2846,,63 Gem,111.9350,21.4450,-0.058,-0.121,5.22,0.39
2849,,22 Lyn,112.4833,49.6725,+0.114,-0.080,5.36,0.45
2851,,5Eta CMi,112.0087,6.9419,-0.004,-0.044,5.25,0.22
2852,,62Rho Gem,112.2779,31.7844,+0.155,+0.175,4.18,0.32
2854,,4Gam CMi,112.0408,8.9256,-0.062,+0.017,4.32,1.43
2857,,64 Gem,112.3350,28.1181,-0.041,-0.056,5.05,0.11
2861,,65 Gem,112.4529,27.9161,-0.034,-0.024,5.01,1.11
2862,,,111.5913,-51.0183,+0.001,+0.008,5.10,1.06
2864,,6 CMi,112.4492,12.0067,0.000,-0.019,4.54,1.28
2874,,,112.4642,-23.0244,-0.004,-0.006,4.85,0.23
2875,,,112.2738,-38.8122,-0.016,+0.011,5.43,-0.16
2877,,,112.9517,17.0861,+0.043,-0.078,5.42,1.13
2878,,Sig Pup,112.3075,-43.3014,-0.055,+0.187,3.25,1.51
2880,,7Del1CMi,113.0246,1.9144,-0.003,-0.003,5.25,0.22
2881,,,112.6771,-30.9622,-0.021,0.000,4.65,0.93
2886,,68 Gem,113.4021,15.8267,-0.019,-0.012,5.25,0.05
2890,,66Alp Gem,113.6500,31.8886,-0.172,-0.099,2.88,0.04
2891,Castor,66Alp Gem,113.6500,31.8883,-0.171,-0.098,1.98,0.03
2896,,,113.7862,30.9611,-0.033,+0.013,5.33,1.01
2902,,,113.4496,-14.5239,-0.012,+0.004,4.97,1.41
2905,,69Ups Gem,113.9804,26.8958,-0.034,-0.106,4.06,1.54
2906,,,113.5133,-22.2961,-0.040,+0.046,4.45,0.51
2922,,,113.8450,-28.3694,-0.074,-0.019,4.64,-0.11
2927,,25 Mon,114.3196,-4.1111,-0.068,+0.017,5.13,0.44
2930,Jishui,71Omi Gem,114.7913,34.5842,-0.037,-0.117,4.90,0.40
2934,,,113.9154,-52.5339,+0.024,-0.016,4.94,1.40
2937,,,114.3421,-34.9686,-0.022,+0.014,4.53,-0.09
2938,,74 Gem,114.8692,17.6747,+0.005,+0.004,5.05,1.56
2943,Procyon,10Alp CMi,114.8254,5.2250,-0.710,-1.023,0.38,0.42
2944,,,114.5750,-25.3647,-0.007,-0.007,4.70,-0.11
2946,,24 Lyn,115.7517,58.7103,-0.037,-0.051,4.99,0.08
2948,,,114.7054,-26.8017,-0.017,+0.019,4.50,-0.17
2949,,,114.7075,-26.8036,-0.029,+0.028,4.62,
2959,,,115.0967,-15.2636,-0.010,-0.022,4.94,1.56
2961,,,114.8642,-38.3083,-0.014,+0.004,4.84,-0.19
2969,,,116.0175,50.4339,-0.005,-0.026,5.27,0.00
2970,,26Alp Mon,115.3117,-9.5511,-0.073,-0.019,3.93,1.02
2973,,75Sig Gem,115.8279,28.8836,+0.065,-0.232,4.28,1.12
2981,,,115.3158,-38.5336,-0.017,+0.013,5.42,-0.15
2983,,76 Gem,116.0288,25.7842,-0.020,-0.016,5.31,1.54
2985,,77Kap Gem,116.1117,24.3981,-0.033,-0.052,3.57,0.93
2990,Pollux,78Bet Gem,116.3287,28.0261,-0.628,-0.046,1.14,1.00
2993,,1 Pup,115.8850,-28.4111,-0.014,+0.025,4.59,1.63
2996,,3 Pup,115.9521,-28.9547,+0.002,+0.005,3.96,0.18
2998,,,115.7383,-45.1733,-0.066,-0.558,5.06,0.78
2999,,,116.6637,37.5175,+0.027,+0.014,5.18,1.58
3002,,,115.9246,-40.9339,+0.133,-0.175,5.17,1.10
3003,,81 Gem,116.5308,18.5100,-0.076,-0.058,4.88,1.45
3008,,11 CMi,116.5675,10.7683,-0.029,-0.024,5.30,0.01
3013,,80Pi Gem,116.8762,33.4156,-0.018,-0.029,5.14,1.60
3014,,,116.5092,-6.7725,+0.056,-0.094,5.49,1.38
3015,,4 Pup,116.4871,-14.5639,-0.012,+0.006,5.04,0.33
3017,,,116.3137,-37.9686,-0.010,+0.002,3.61,1.73
3018,,,116.3958,-34.1731,-0.279,+1.665,5.37,0.60
3024,,Zet Vol,115.4550,-72.6061,+0.030,+0.018,3.95,1.04
3029,,5 Pup,116.9862,-12.1931,-0.111,+0.059,5.48,0.48
3034,,Omi Pup,117.0217,-25.9372,-0.009,+0.006,4.50,-0.05
3035,,,116.8542,-38.5111,-0.006,0.000,5.08,-0.10
3037,,,116.8812,-46.6086,-0.002,+0.004,5.23,-0.14
3043,,,117.2571,-24.9122,-0.030,+0.019,5.33,0.76
3044,,6 Pup,117.4217,-17.2283,+0.052,-0.117,5.18,1.28
3045,Azmidi,7Xi Pup,117.3237,-24.8597,-0.003,-0.002,3.34,1.24
3046,,,117.0846,-47.0778,-0.088,-0.078,4.71,1.06
3055,,,117.3096,-46.3733,0.000,+0.006,4.11,-0.18
3059,,13Zet CMi,117.9250,1.7669,-0.016,-0.003,5.14,-0.12
3064,,9 Pup,117.9429,-13.8981,-0.062,-0.340,5.17,0.60
3066,,26 Lyn,118.6779,47.5647,-0.047,+0.002,5.45,1.46
3067,,83Phi Gem,118.3742,26.7658,-0.035,-0.031,4.97,0.09
3075,,,120.0487,73.9181,-0.009,-0.037,5.41,1.42
3079,,,118.0654,-34.7053,-0.194,+0.243,5.01,0.44
3080,,,118.0542,-40.5758,-0.010,+0.003,3.73,1.04
3082,,,121.1962,79.4797,-0.027,-0.049,5.42,-0.06
3084,,,118.1613,-38.8631,-0.002,-0.006,4.49,-0.19
3085,,,118.2646,-36.3639,-0.005,-0.005,5.43,1.16
3086,,85 Gem,118.9163,19.8839,-0.018,-0.043,5.35,-0.04
3089,,,118.2654,-49.6131,+0.002,+0.016,4.63,-0.23
3090,,,118.3258,-48.1031,+0.004,+0.001,4.24,-0.14
3091,,,118.5458,-35.8775,-0.001,-0.010,5.49,-0.19
3102,,11 Pup,119.2146,-22.8800,-0.026,+0.009,4.20,0.72
3110,,14 CMi,119.5858,2.2247,-0.158,+0.099,5.29,0.92
3113,,,119.4171,-30.3347,-0.006,+0.007,4.79,0.15
3114,,,119.2413,-43.5003,+0.001,+0.013,5.35,-0.18
3116,,,119.3267,-44.1097,-0.008,+0.009,5.09,-0.17
3117,,Chi Car,119.1946,-52.9822,-0.029,+0.021,3.47,-0.18
3121,,,119.4658,-45.5778,-0.006,+0.020,5.17,1.27
3122,,27 Mon,119.9338,-3.6797,-0.054,-0.003,4.93,1.21
3123,,12 Pup,119.7738,-23.3106,-0.012,+0.001,5.11,1.12
3129,,,119.5600,-49.2450,-0.011,+0.008,4.41,-0.17
3131,,,119.9667,-18.3992,-0.002,-0.039,4.61,0.08
3140,,,119.8683,-39.2972,-0.082,-0.043,5.24,0.39
3141,,28 Mon,120.3054,-1.3925,+0.068,-0.073,4.68,1.49
3145,,,120.5662,2.3344,-0.031,+0.105,4.39,1.25
3149,,Chi Gem,120.8796,27.7942,-0.026,-0.042,4.94,1.12
3153,,,119.9067,-60.5869,+0.003,+0.011,5.17,1.74
3159,,,120.0833,-63.5675,+0.001,+0.017,4.82,-0.17
3163,,8 Cnc,121.2688,13.1181,-0.036,-0.067,5.12,0.01
3165,Naos,Zet Pup,120.8963,-40.0033,-0.027,+0.012,2.25,-0.26
3170,,,121.0675,-32.6750,-0.003,+0.004,5.31,1.91
3173,,27 Lyn,122.1142,51.5067,-0.059,-0.004,4.84,0.05
3176,,10Mu 2Cnc,121.9408,21.5817,+0.022,-0.069,5.30,0.63
3182,,,123.2033,68.4742,0.000,+0.008,5.32,1.04
3183,,,121.8250,-20.5547,-0.016,-0.006,5.38,0.10
3185,Tureis,15Rho Pup,121.8858,-24.3042,-0.083,+0.049,2.81,0.43
3187,,,121.6683,-45.2664,0.000,0.000,5.05,1.50
3188,,29Zet Mon,122.1483,-2.9839,-0.017,-0.005,4.34,0.97
3192,,16 Pup,122.2567,-19.2450,-0.014,-0.002,4.40,-0.15
3204,,,122.3996,-44.1228,-0.007,0.000,5.21,-0.19
3206,,Gam1Vel,122.3721,-47.3458,-0.004,-0.005,4.27,-0.23
3207,,Gam2Vel,122.3833,-47.3367,-0.004,+0.006,1.78,-0.22
3211,,19 Pup,122.8179,-12.9269,-0.025,+0.012,4.72,0.95
3212,,,122.8875,-7.7725,-0.041,-0.021,5.36,0.89
3213,,,122.4300,-47.9375,+0.003,+0.001,5.23,-0.21
3220,,,122.2529,-61.3025,-0.158,-0.297,4.76,0.43
3223,,Eps Vol,121.9825,-68.6172,-0.026,+0.025,4.35,-0.11
3225,,,122.8396,-39.6186,0.000,-0.004,4.45,1.62
3226,,,122.8579,-42.9872,+0.004,+0.004,4.75,0.18
3229,,20 Pup,123.3333,-15.7883,-0.013,-0.004,4.99,1.07
3237,,,123.3733,-35.8997,+0.002,-0.002,4.78,-0.11
3240,,,123.4933,-36.3225,+0.010,-0.002,5.08,-0.19
3243,,,123.5121,-40.3481,+0.047,-0.068,4.44,1.17
3244,,,123.4008,-46.9919,+0.003,-0.004,5.13,-0.14
3249,Tarf,17Bet Cnc,124.1288,9.1856,-0.044,-0.049,3.52,1.48
3260,,,123.8162,-62.9158,-0.023,-0.022,5.16,0.09
3262,,18Chi Cnc,125.0163,27.2178,-0.018,-0.378,5.14,0.47
3270,,,124.6388,-36.6594,-0.106,+0.097,4.45,0.22
3275,Alsciaukat,31 Lyn,125.7088,43.1881,-0.021,-0.096,4.25,1.55
3280,,,124.5788,-65.6133,+0.027,+0.020,5.07,1.15
3282,,,125.3458,-33.0544,-0.008,+0.004,4.83,1.45
3283,,,125.3375,-36.4844,-0.005,-0.003,5.20,-0.19
3294,,,125.6317,-48.4903,-0.013,+0.008,4.82,-0.15
3301,,Kap1Vol,124.9542,-71.5150,-0.013,+0.030,5.37,-0.06
3306,,,126.4783,7.5644,-0.034,-0.012,5.13,0.94
3307,Avior,Eps Car,125.6283,-59.5097,-0.026,+0.014,1.86,1.28
3314,,,126.4150,-3.9064,-0.066,-0.023,3.90,-0.02
3315,,,126.2654,-24.0461,-0.028,+0.026,5.28,1.48
3318,,Alp Cha,124.6317,-76.9197,+0.110,+0.108,4.07,0.39
3319,,27 Cnc,126.6829,12.6544,-0.020,-0.104,5.50,1.60
3323,Muscida,1Omi UMa,127.5662,60.7181,-0.133,-0.107,3.36,0.84
3326,,,126.4663,-42.1533,-0.009,+0.003,5.47,-0.15
3330,,,126.3792,-51.7281,-0.041,-0.012,5.17,-0.16
3334,,Eta Vol,125.5183,-73.4000,-0.034,+0.031,5.29,0.01
3340,,The Cha,125.1604,-77.4844,-0.134,+0.042,4.35,1.16
3347,,Bet Vol,126.4342,-66.1369,-0.036,-0.155,3.77,1.13
3350,,,126.9021,-53.0886,-0.068,+0.013,5.09,0.25
3354,,2 UMa,128.6508,65.1450,-0.049,-0.063,5.47,0.18
3357,,31The Cnc,127.8988,18.0944,-0.061,-0.058,5.35,1.56
3358,,,127.2696,-47.9292,-0.011,-0.001,5.33,-0.14
3359,,,127.3650,-44.7250,+0.004,-0.003,4.99,-0.16
3366,,33Eta Cnc,128.1771,20.4411,-0.047,-0.043,5.33,1.25
3367,,,127.8788,-19.5775,-0.033,-0.007,5.42,-0.06
3403,,4Pi 2UMa,130.0533,64.3278,-0.060,+0.023,4.60,1.17
3407,,,128.6817,-49.9442,-0.012,+0.016,5.01,1.33
3410,,4Del Hya,129.4142,5.7036,-0.066,-0.007,4.16,0.00
3414,,,128.8317,-58.0092,+0.042,+0.022,4.86,1.00
3415,,,128.8142,-58.2250,-0.032,+0.006,5.26,-0.14
3418,Minchir,5Sig Hya,129.6892,3.3414,-0.018,-0.018,4.44,1.21
3420,,Eta Pyx,129.4675,-26.2550,-0.020,-0.006,5.27,-0.04
3422,,34 Lyn,130.2546,45.8339,+0.025,+0.092,5.37,0.99
3426,,,129.4112,-42.9892,-0.006,+0.008,4.14,0.11
3430,,,129.7833,-22.6619,-0.235,+0.436,5.05,0.73
3431,,6 Hya,130.0062,-12.4753,-0.081,-0.002,4.98,1.42
3432,,,129.3283,-62.8536,-0.008,-0.025,5.47,1.02
3433,,Zet Pyx,129.9271,-29.5611,-0.020,-0.089,4.89,0.90
3438,,Bet Pyx,130.0258,-35.3083,+0.012,-0.022,3.97,0.94
3439,,,130.0804,-40.2642,-0.044,-0.004,5.20,-0.01
3440,,,129.8492,-53.4397,-0.029,+0.019,5.48,-0.16
3441,,9 Hya,130.4304,-15.9433,+0.001,-0.098,4.88,1.06
3442,,,129.9900,-53.0550,-0.022,+0.012,5.19,-0.14
3445,,,130.1567,-46.6489,0.000,+0.003,3.84,0.71
3447,,,130.0733,-52.9219,-0.022,+0.019,3.62,-0.18
3449,Asellus Borealis,43Gam Cnc,130.8212,21.4686,-0.106,-0.039,4.66,0.02
3452,,,130.3046,-47.3169,-0.012,+0.007,4.77,0.12
3454,,7Eta Hya,130.8063,3.3986,-0.019,-0.001,4.30,-0.20
3456,,,130.4871,-45.4108,-0.003,-0.002,5.23,0.21
3457,,,130.1542,-59.7611,-0.001,0.000,4.33,-0.11
3459,,,130.9183,-7.2336,-0.002,+0.003,4.62,0.84
3460,,The Vol,129.7717,-70.3869,+0.018,-0.040,5.20,0.01
3461,Asellus Australis,47Del Cnc,131.1712,18.1542,-0.018,-0.228,3.94,1.08
3467,,,130.6062,-53.1139,-0.015,+0.022,4.86,-0.17
3468,,Alp Pyx,130.8979,-33.1864,-0.011,+0.011,3.68,-0.18
3475,,48Iot Cnc,131.6742,28.7600,-0.025,-0.042,4.02,1.01
3476,,,130.9179,-49.8228,+0.002,+0.004,5.16,-0.20
3477,,,131.1000,-42.6492,-0.012,+0.018,4.07,0.87
3482,Ashlesha,11Eps Hya,131.6942,6.4189,-0.189,-0.051,3.38,0.68
3484,,12 Hya,131.5938,-13.5478,+0.016,-0.011,4.32,0.90
3485,Alsephina,Del Vel,131.1758,-54.7083,+0.023,-0.078,1.96,0.04
3486,,,131.8125,-1.8972,-0.033,+0.004,5.29,0.04
3487,,,131.5071,-46.0417,-0.001,0.000,3.91,0.00
3492,,13Rho Hya,132.1083,5.8378,-0.017,-0.034,4.36,-0.04
3494,,,131.6275,-45.9128,+0.006,-0.012,5.46,0.27
3498,,,131.6771,-56.7697,-0.010,+0.008,4.49,-0.17
3500,,14 Hya,132.3404,-3.4431,-0.020,-0.023,5.31,-0.09
3502,,Eta Cha,130.3313,-78.9633,-0.031,+0.026,5.47,-0.10
3508,,35 Lyn,132.9867,43.7267,-0.015,+0.048,5.15,0.98
3512,,,132.4646,-32.7806,+0.002,-0.049,5.21,0.87
3514,,,132.4133,-40.3206,-0.008,-0.014,5.48,0.06
3518,,Gam Pyx,132.6329,-27.7100,-0.130,+0.087,4.01,1.27
3520,,,132.4487,-45.3081,-0.010,+0.010,4.93,0.05
3527,,,132.6396,-46.5292,-0.001,-0.002,5.10,-0.21
3532,,57 Cnc,133.5613,30.5794,+0.038,-0.019,5.39,1.05
3537,,,132.6450,-66.7931,+0.089,+0.097,5.35,0.42
3540,,58Rho2Cnc,133.9154,27.9275,-0.010,-0.030,5.22,1.00
3547,,16Zet Hya,133.8483,5.9456,-0.099,+0.014,3.11,1.00
3550,,60 Cnc,133.9817,11.6261,-0.010,-0.010,5.41,1.46
3551,,,133.4613,-47.5208,+0.006,-0.028,5.33,0.26
3555,,59Sig2Cnc,134.2358,32.9103,-0.048,-0.068,5.45,0.12
3556,,Del Pyx,133.8812,-27.6819,+0.079,-0.102,4.89,0.11
3561,,62Omi1Cnc,134.3121,15.3228,+0.056,+0.017,5.20,0.15
3569,Talitha,9Iot UMa,134.8017,48.0417,-0.444,-0.226,3.14,0.19
3571,,,133.7617,-60.6447,-0.021,+0.038,3.84,-0.10
3572,Acubens,65Alp Cnc,134.6217,11.8578,+0.034,-0.031,4.25,0.14
3574,,,134.0808,-52.7236,0.000,+0.007,4.69,-0.12
3575,,64Sig3Cnc,134.8858,32.4186,-0.045,-0.035,5.20,0.93
3576,,8Rho UMa,135.6362,67.6297,-0.021,+0.019,4.76,1.53
3579,,,135.1600,41.7828,-0.440,-0.246,3.97,0.44
3582,,,134.2433,-59.2294,-0.009,+0.007,4.92,-0.19
3588,,,134.7179,-47.2347,-0.086,+0.054,5.18,0.25
3591,,,135.0225,-41.2539,-0.039,+0.045,4.45,0.65
3594,Alkaphrah,12Kap UMa,135.9062,47.1567,-0.033,-0.054,3.60,0.00
3595,,69Nu Cnc,135.6846,24.4528,-0.005,-0.006,5.45,-0.04
3598,,,134.8504,-59.0836,-0.174,+0.280,5.16,0.42
3605,,,135.4358,-52.1883,-0.007,+0.018,5.23,-0.12
3609,,11Sig1UMa,137.0983,66.8733,-0.018,-0.038,5.14,1.51
3612,,,136.6325,38.4522,-0.028,-0.014,4.56,1.04
3613,,18Ome Hya,136.4933,5.0922,-0.018,-0.010,4.97,1.22
3614,,,136.0387,-47.0978,-0.044,-0.013,3.75,1.20
3615,,Alp Vol,135.6117,-66.3961,-0.002,-0.096,4.00,0.14
3616,,13Sig2UMa,137.5967,67.1347,-0.020,-0.074,4.80,0.49
3619,,15 UMa,137.2179,51.6047,-0.137,-0.030,4.48,0.27
3621,,72Tau Cnc,137.0004,29.6542,-0.032,+0.002,5.43,0.89
3623,,76Kap Cnc,136.9367,10.6681,-0.020,-0.010,5.24,-0.11
3624,,14Tau UMa,137.7296,63.5136,+0.098,-0.056,4.67,0.35
3627,Nahn,77Xi Cnc,137.3396,22.0456,+0.001,+0.005,5.14,0.97
3628,,Kap Pyx,137.0121,-25.8583,+0.041,+0.008,4.58,1.59
3634,Suhail,Lam Vel,136.9992,-43.4325,-0.019,+0.013,2.21,1.66
3641,,20 Hya,137.3979,-8.7878,-0.019,-0.010,5.46,1.01
3642,,,136.4096,-70.5389,-0.008,-0.005,4.71,-0.15
3643,,,136.2867,-72.6028,-0.013,-0.005,4.48,0.61
3648,,16 UMa,138.5858,61.4233,-0.006,-0.030,5.13,0.58
3652,,36 Lyn,138.4508,43.2178,-0.028,-0.032,5.32,-0.14
3654,,,137.7683,-44.8681,-0.001,+0.002,5.00,0.23
3659,,,137.7417,-58.9669,-0.026,+0.008,3.44,-0.19
3660,,17 UMa,138.9579,56.7414,-0.016,-0.031,5.27,1.56
3662,,18 UMa,139.0471,54.0219,+0.049,+0.061,4.83,0.19
3663,,,137.8192,-62.3172,-0.043,+0.009,3.97,-0.18
3665,,22The Hya,138.5912,2.3142,+0.129,-0.310,3.88,-0.06
3669,,82Pi 2Cnc,138.8075,14.9414,-0.044,-0.012,5.34,1.32
3674,,,138.6021,-43.2275,-0.021,+0.010,5.25,-0.14
3678,,Zet Oct,134.1713,-85.6631,-0.117,+0.037,5.42,0.31
3679,,,138.5750,-55.5697,-0.035,+0.027,5.27,0.99
3681,,23 Hya,139.1738,-6.3531,+0.024,+0.006,5.24,1.17
3682,,,138.9029,-38.5700,-0.068,-0.013,4.94,1.11
3683,,24 Hya,139.1721,-8.7447,-0.020,+0.004,5.47,-0.09
3684,,,138.9379,-37.4133,+0.026,-0.010,4.62,0.45
3685,Miaplacidus,Bet Car,138.3000,-69.7172,-0.162,+0.108,1.68,0.00
3690,,38 Lyn,139.7113,36.8025,-0.030,-0.122,3.82,0.06
3692,,,139.0962,-44.2658,+0.002,-0.001,5.12,1.67
3694,,,139.2383,-39.4014,-0.009,-0.031,5.33,1.17
3696,,,139.0508,-57.5414,-0.014,-0.007,4.34,1.63
3698,,,140.4304,56.6992,-0.010,-0.008,5.47,1.61
3699,Aspidiske,Iot Car,139.2725,-59.2753,-0.020,+0.008,2.25,0.18
3703,,,139.5242,-51.0511,-0.023,+0.008,5.26,-0.07
3705,,40Alp Lyn,140.2637,34.3925,-0.221,+0.019,3.13,1.55
3706,,26 Hya,139.9433,-11.9750,-0.030,+0.015,4.79,0.93
3709,,27 Hya,140.1208,-9.5558,-0.014,-0.029,4.80,0.93
3712,,,139.3217,-68.6894,-0.109,-0.020,5.39,0.42
3718,,The Pyx,140.3733,-25.9656,-0.011,-0.008,4.72,1.63
3720,,,139.3558,-74.8944,-0.015,+0.030,5.29,0.02
3728,,,140.2367,-62.4047,-0.013,+0.002,4.81,0.94
3731,,1Kap Leo,141.1637,26.1822,-0.033,-0.048,4.46,1.23
3733,,Lam Pyx,140.8012,-28.8339,-0.123,+0.019,4.69,0.92
3734,Markeb,Kap Vel,140.5283,-55.0108,-0.008,+0.009,2.50,-0.18
3743,Intercrus,,142.1667,45.6014,-0.007,-0.128,5.41,0.98
3748,Alphard,30Alp Hya,141.8967,-8.6586,-0.014,+0.033,1.98,1.44
3749,,,141.8267,-22.3439,+0.180,-0.161,4.69,1.14
3750,,,141.9450,-6.0711,-0.224,-0.074,5.38,0.64
3751,,,144.2717,81.3264,-0.019,-0.014,4.29,1.48
3753,,,141.5754,-53.3792,-0.008,0.000,5.11,-0.11
3754,,2Ome Leo,142.1146,9.0567,+0.055,-0.004,5.41,0.60
3757,,23 UMa,142.8821,63.0619,+0.109,+0.028,3.67,0.33
3759,,31Tau1Hya,142.2871,-2.7689,+0.130,-0.015,4.60,0.46
3765,,Eps Ant,142.3113,-35.9514,-0.022,+0.001,4.51,1.44
3769,,8 LMi,142.8850,35.1031,-0.056,-0.102,5.37,1.53
3770,,,142.4771,-26.5897,-0.022,+0.002,5.48,1.36
3771,,24 UMa,143.6204,69.8303,-0.063,+0.077,4.56,0.77
3773,Alterf,4Lam Leo,142.9300,22.9681,-0.021,-0.033,4.31,1.54
3775,,25The UMa,143.2142,51.6772,-0.954,-0.531,3.17,0.46
3777,,,141.7767,-71.6022,-0.102,+0.075,5.47,1.08
3779,,6 Leo,142.9900,9.7158,-0.003,-0.013,5.07,1.37
3782,,5Xi Leo,142.9863,11.2997,-0.094,-0.082,4.97,1.05
3784,,,142.5217,-51.5172,-0.004,+0.009,5.45,-0.10
3786,,Psi Vel,142.6750,-40.4667,-0.182,+0.073,3.60,0.36
3787,,32Tau2Hya,142.9954,-1.1850,-0.012,-0.011,4.57,0.10
3795,,Iot Cha,141.0379,-80.7869,-0.146,+0.140,5.36,0.45
3799,,26 UMa,143.7062,52.0514,-0.065,-0.035,4.50,0.01
3800,,10 LMi,143.5558,36.3975,+0.006,-0.022,4.55,0.92
3803,,,142.8054,-57.0344,-0.032,+0.004,3.13,1.55
3807,,,143.0804,-40.6494,+0.011,-0.012,5.35,0.90
3808,,,143.3021,-21.1158,-0.020,+0.015,5.01,1.02
3809,,,143.7658,39.6214,-0.030,+0.022,4.81,0.99
3815,,11 LMi,143.9150,35.8103,-0.706,-0.241,5.41,0.77
3817,,,143.4354,-49.0050,-0.016,+0.010,5.12,-0.12
3819,,,143.5367,-51.2553,-0.003,+0.004,5.01,-0.18
3821,,,142.9013,-73.0808,-0.027,+0.001,5.47,1.56
3825,,,143.6112,-59.2294,-0.012,+0.014,4.08,0.01
3827,,10 Leo,144.3029,6.8358,-0.060,+0.001,5.00,1.05
3829,,42 Lyn,144.5904,40.2397,-0.017,+0.006,5.25,0.22
3834,,,144.6137,4.6492,-0.163,-0.051,4.68,1.32
3836,,,144.2067,-49.3553,-0.125,+0.025,4.35,0.17
3839,,27 UMa,145.7383,72.2525,-0.026,-0.030,5.17,1.04
3840,,,144.3013,-53.6686,-0.054,-0.017,5.45,0.15
3842,,,144.5062,-43.1911,+0.032,-0.037,5.50,1.00
3845,Ukdah,35Iot Hya,144.9642,-1.1428,+0.049,-0.064,3.91,1.32
3849,,38Kap Hya,145.0767,-14.3322,-0.027,-0.020,5.06,-0.15
3852,Subra,14Omi Leo,145.2875,9.8922,-0.142,-0.037,3.52,0.49
3856,,,144.8375,-61.3281,-0.041,+0.021,4.52,-0.07
3858,,,145.3208,-23.5917,-0.028,-0.004,4.77,-0.12
3860,,Zet Cha,143.4717,-80.9414,-0.043,+0.007,5.11,-0.14
3862,,,145.5600,-23.9156,-0.395,+0.260,4.94,0.53
3863,,,145.1771,-57.9836,-0.034,+0.006,5.32,0.20
3866,,16Psi Leo,145.9329,14.0217,+0.004,-0.003,5.35,1.63
3870,,,146.6321,57.1281,+0.004,+0.034,5.20,1.62
3871,,The Ant,146.0504,-27.7694,-0.047,+0.035,4.79,0.51
3873,,17Eps Leo,146.4629,23.7742,-0.046,-0.011,2.98,0.80
3881,,,147.1475,46.0211,+0.224,-0.092,5.09,0.62
3884,,,146.3117,-62.5078,-0.014,+0.007,3.69,1.22
3888,,29Ups UMa,147.7475,59.0386,-0.293,-0.151,3.80,0.29
3890,,Ups Car,146.7754,-65.0719,-0.012,+0.011,3.01,0.28
3894,,30Phi UMa,148.0267,54.0644,-0.004,+0.021,4.59,0.03
3898,,,147.4879,-45.7328,-0.026,+0.004,5.08,-0.10
3900,,22 Leo,147.9708,24.3953,+0.006,-0.179,5.32,0.23
3902,,Nu Cha,146.5858,-76.7761,+0.079,-0.056,5.45,0.89
3903,Zhang,39Ups1Hya,147.8696,-14.8467,+0.017,-0.026,4.12,0.92
3905,Rasalas,24Mu Leo,148.1908,26.0069,-0.216,-0.056,3.88,1.22
3909,,8Gam Sex,148.1267,-8.1050,-0.055,-0.040,5.05,0.04
3912,,,147.9200,-46.5478,-0.008,-0.001,4.58,1.20
3917,,31 UMa,148.9292,49.8200,-0.003,+0.022,5.27,0.07
3919,,,148.5513,-25.9325,-0.180,+0.054,4.88,1.23
3923,Felis,,148.7175,-19.0094,-0.047,-0.037,4.94,1.57
3928,,19 LMi,149.4212,41.0556,-0.117,-0.025,5.14,0.46
3937,,27Nu Leo,149.5558,12.4447,-0.025,-0.015,5.26,-0.04
3939,,,149.9654,56.8119,-0.029,-0.026,5.48,1.46
3940,,Phi Vel,149.2158,-54.5678,-0.010,+0.003,3.54,-0.08
3947,,Eta Ant,149.7179,-35.8911,-0.087,-0.020,5.23,0.31
3950,,29Pi Leo,150.0533,8.0442,-0.030,-0.023,4.70,1.60
3951,,20 LMi,150.2529,31.9236,-0.528,-0.428,5.36,0.66
3970,,40Ups2Hya,151.2812,-13.0647,-0.037,+0.018,4.60,-0.09
3974,,21 LMi,151.8575,35.2447,+0.053,+0.004,4.48,0.18
3975,,30Eta Leo,151.8333,16.7628,-0.002,0.000,3.52,-0.03
3976,,,151.5471,-47.3700,+0.011,-0.057,5.08,0.88
3980,,31 Leo,151.9762,9.9975,-0.080,-0.061,4.37,1.45
3981,,15Alp Sex,151.9846,-0.3717,-0.016,-0.013,4.49,-0.04
3982,Regulus,32Alp Leo,152.0929,11.9672,-0.248,+0.006,1.35,-0.11
3990,,,152.2346,-51.8111,-0.010,+0.001,4.86,-0.12
3991,,,152.5246,-12.8161,-0.125,-0.113,5.31,0.36
3994,,41Lam Hya,152.6471,-12.3542,-0.202,-0.089,3.61,1.01
3995,,,152.1775,-65.8153,-0.072,+0.042,5.28,0.98
4017,,,153.3450,-51.2333,-0.041,-0.026,5.28,0.25
4023,,,153.6842,-42.1219,-0.145,+0.045,3.85,0.05
4024,,23 LMi,154.0600,29.3106,-0.075,-0.023,5.35,0.01
4025,,,153.3775,-66.3731,-0.039,+0.004,5.16,0.21
4031,Adhafera,36Zet Leo,154.1725,23.4172,+0.018,-0.007,3.44,0.31
4033,Tania Borealis,33Lam UMa,154.2742,42.9144,-0.164,-0.038,3.45,0.03
4035,,37 Leo,154.1696,13.7283,-0.023,-0.016,5.41,1.61
4037,,Ome Car,153.4342,-70.0381,-0.039,+0.007,3.32,-0.08
4042,,22Eps Sex,154.4075,-8.0689,-0.158,+0.004,5.24,0.31
4049,,,154.5317,-28.9919,-0.010,+0.012,5.34,0.24
4050,,,154.2708,-61.3322,-0.024,+0.005,3.40,1.54
4054,,40 Leo,154.9338,19.4708,-0.234,-0.214,4.79,0.45
4057,Algieba,41Gam1Leo,154.9929,19.8417,+0.306,-0.147,2.61,1.15
4058,,41Gam2Leo,154.9942,19.8406,+0.312,-0.169,3.80,
4062,,,157.4229,84.2522,-0.129,-0.032,5.50,
4063,,,154.9033,-55.0294,-0.014,+0.003,4.57,1.62
4069,Tania Australis,34Mu UMa,155.5821,41.4994,-0.082,+0.035,3.05,1.59
4072,,,156.0329,65.5664,-0.008,-0.022,4.97,-0.06
4074,,,155.2283,-56.0431,-0.016,+0.003,4.50,-0.12
4080,,,155.5817,-41.6500,-0.022,+0.056,4.83,1.12
4081,,28 LMi,156.0358,33.7186,-0.019,-0.003,5.50,1.18
4084,,,157.7692,82.5586,-0.083,+0.031,5.26,0.37
4086,,,155.8721,-38.0100,-0.158,-0.057,5.33,0.25
4089,,,155.7421,-66.9017,-0.024,+0.008,4.99,-0.13
4090,,30 LMi,156.4787,33.7961,-0.070,-0.061,4.74,0.25
4094,,42Mu Hya,156.5225,-16.8364,-0.128,-0.080,3.81,1.48
4100,,31Bet LMi,156.9708,36.7072,-0.118,-0.101,4.21,0.90
4102,,,156.0987,-74.0317,-0.021,-0.026,4.00,0.35
4104,,Alp Ant,156.7879,-31.0678,-0.075,+0.011,4.25,1.45
4110,,,156.8517,-57.6389,-0.013,0.000,4.66,0.51
4112,,36 UMa,157.6567,55.9806,-0.176,-0.030,4.84,0.52
4114,,,156.9696,-58.7394,-0.013,0.000,3.82,0.31
4116,,29Del Sex,157.3696,-2.7392,-0.048,-0.014,5.21,-0.06
4119,,30Bet Sex,157.5729,-0.6369,-0.040,-0.023,5.09,-0.14
4120,,,157.2192,-64.1722,-0.013,+0.006,5.29,1.86
4126,,,158.7729,75.7131,-0.030,-0.003,4.84,0.96
4127,,46 Leo,158.0492,14.1372,-0.042,+0.024,5.46,1.68
4132,,,158.3079,40.4256,-0.140,+0.006,4.75,0.23
4133,,47Rho Leo,158.2029,9.3067,-0.007,-0.003,3.85,-0.14
4134,,,157.8408,-53.7156,-0.418,+0.205,4.89,0.50
4138,,,157.5838,-71.9931,+0.025,-0.037,4.74,0.04
4140,,,158.0058,-61.6853,-0.019,+0.009,3.32,-0.09
4141,,37 UMa,158.7904,57.0828,+0.067,+0.039,5.16,0.34
4142,,,157.7583,-73.2217,-0.017,-0.001,4.93,1.68
4143,,,158.2371,-47.0033,-0.019,+0.003,5.02,1.04
4145,,44 Hya,158.5037,-23.7453,-0.008,+0.021,5.08,1.60
4146,,48 Leo,158.7000,6.9536,-0.102,+0.056,5.08,0.94
4153,,,158.8038,-39.5628,-0.027,-0.001,5.38,2.88
4159,,,158.8971,-57.5578,-0.023,0.000,4.45,1.62
4162,,,159.3071,-27.4125,-0.109,+0.024,4.89,1.62
4163,,,159.3883,-13.3844,+0.034,-0.032,4.82,2.68
4164,,,159.0846,-59.5647,-0.059,-0.053,5.08,1.18
4166,,37 LMi,159.6800,31.9761,0.000,+0.008,4.71,0.81
4167,,,159.3254,-48.2258,-0.155,-0.017,3.84,0.30
4169,,,159.3617,-58.7333,-0.033,+0.002,5.45,0.50
4171,,Phi3Hya,159.6458,-16.8767,-0.097,+0.027,4.91,0.92
4174,,Gam Cha,158.8671,-78.6078,-0.042,+0.014,4.11,1.58
4177,,,159.6879,-59.1831,-0.012,+0.001,4.66,1.48
4178,,38 UMa,160.4858,65.7164,-0.162,-0.069,5.12,1.20
4180,,,159.8267,-55.6033,-0.019,+0.005,4.28,1.04
4181,,,160.7671,69.0761,+0.002,-0.012,5.00,1.38
4191,,,160.8871,46.2039,-0.269,-0.066,5.18,0.33
4192,,41 LMi,160.8542,23.1883,-0.116,+0.009,5.08,0.04
4196,,,160.5583,-64.4664,-0.026,+0.018,4.82,-0.14
4198,,,160.6692,-59.2158,-0.009,0.000,5.38,0.26
4199,,The Car,160.7392,-64.3944,-0.023,+0.010,2.76,-0.22
4200,,,160.8837,-60.5667,-0.032,+0.006,4.57,1.71
4203,,42 LMi,161.4663,30.6822,-0.023,-0.037,5.24,-0.06
4205,,,161.0287,-63.9611,-0.019,+0.013,4.82,-0.13
4208,,51 Leo,161.6021,18.8914,+0.097,-0.038,5.49,1.12
4209,,52 Leo,161.6054,14.1947,-0.123,-0.066,5.48,0.91
4214,,,161.7167,-17.2967,-0.020,-0.013,5.42,0.11
4216,,Mu Vel,161.6925,-49.4200,+0.074,-0.048,2.69,0.90
4219,,,161.5687,-64.5150,-0.025,-0.005,5.34,-0.10
4220,,,161.6238,-64.2633,-0.008,+0.012,5.23,-0.07
4221,,,161.7396,-56.7572,-0.016,-0.002,5.23,-0.08
4222,,,161.7133,-64.3833,-0.023,+0.012,4.85,-0.15
4227,,53 Leo,162.3142,10.5453,-0.003,-0.025,5.34,0.03
4231,,Del1Cha,161.3154,-80.4697,-0.038,-0.033,5.47,0.95
4232,,Nu Hya,162.4062,-16.1936,+0.094,+0.200,3.11,1.25
4234,,Del2Cha,161.4450,-80.5403,-0.049,+0.008,4.45,-0.19
4246,,44 UMa,163.3937,54.5850,-0.064,-0.011,5.10,1.36
4247,Praecipua,46 LMi,163.3279,34.2150,+0.087,-0.278,3.83,1.04
4248,,45Ome UMa,163.4946,43.1900,+0.045,-0.021,4.71,-0.05
4250,,,163.1288,-57.2406,-0.004,+0.002,5.25,0.16
4251,,,163.3729,-20.1389,+0.078,-0.239,5.24,0.47
4253,,,163.4321,-2.1292,-0.084,+0.013,5.45,0.96
4257,,,163.3733,-58.8533,+0.067,+0.030,3.78,0.95
4258,,46 UMa,163.9350,33.5069,-0.109,-0.027,5.03,1.10
4259,,54 Leo,163.9033,24.7497,-0.072,-0.012,4.50,0.01
4273,,Iot Ant,164.1796,-37.1378,+0.077,-0.128,4.60,1.03
4277,Chalawan,47 UMa,164.8667,40.4303,-0.317,+0.057,5.05,0.61
4280,,,165.0613,45.5261,+0.011,+0.003,5.47,1.47
4287,Alkes,7Alp Crt,164.9437,-18.2989,-0.460,+0.130,4.08,1.09
4288,,49 UMa,165.2100,39.2122,-0.072,-0.019,5.08,0.24
4291,,58 Leo,165.1400,3.6175,+0.014,-0.016,4.84,1.16
4293,,,165.0387,-42.2258,+0.028,+0.003,4.39,0.11
4294,,59 Leo,165.1867,6.1014,-0.048,-0.025,4.99,0.16
4295,Merak,48Bet UMa,165.4604,56.3825,+0.082,+0.034,2.37,-0.02
4299,,61 Leo,165.4571,-2.4847,+0.012,-0.038,4.74,1.62
4300,,60 Leo,165.5825,20.1797,-0.006,+0.042,4.42,0.05
4301,Dubhe,50Alp UMa,165.9321,61.7508,-0.119,-0.067,1.79,1.07
4305,,,165.8121,-11.3036,-0.070,-0.108,5.50,0.94
4310,,63Chi Leo,166.2542,7.3361,-0.341,-0.047,4.63,0.33
4313,,,166.2258,-35.8047,-0.017,+0.004,5.43,0.03
4314,,Chi1Hya,166.3329,-27.2936,-0.188,-0.004,4.94,0.36
4325,,,166.6350,-62.4242,-0.043,+0.013,4.61,1.03
4327,,,166.8192,-42.6386,-0.096,+0.043,5.15,0.03
4334,,,167.1829,-28.0806,-0.080,-0.016,5.44,0.07
4335,,52Psi UMa,167.4158,44.4986,-0.065,-0.028,3.01,1.14
4337,,,167.1475,-58.9750,-0.007,0.000,3.91,1.23
4338,,,167.1417,-61.9472,-0.006,+0.002,5.13,0.22
4343,,11Bet Crt,167.9146,-22.8258,+0.003,-0.100,4.48,0.03
4350,,,168.1379,-49.1011,-0.096,+0.033,5.36,0.18
4352,,,168.1500,-60.3175,-0.007,+0.004,4.60,0.55
4355,,,168.1883,-64.1697,-0.050,+0.007,5.23,-0.06
4356,,69 Leo,168.4400,-0.0697,-0.043,-0.002,5.42,-0.03
4357,Zosma,68Del Leo,168.5271,20.5236,+0.142,-0.130,2.56,0.12
4359,Chertan,70The Leo,168.5600,15.4294,-0.061,-0.079,3.34,-0.01
4362,,72 Leo,168.8008,23.0956,-0.024,-0.006,4.63,1.66
4365,,73 Leo,168.9663,13.3075,-0.007,-0.008,5.32,1.20
4368,,74Phi Leo,169.1654,-3.6517,-0.108,-0.036,4.47,0.21
4371,,75 Leo,169.3225,2.0106,+0.056,-0.140,5.18,1.52
4374,,53Xi UMa,169.5454,31.5292,-0.432,-0.586,4.87,
4375,Alula Australis,53Xi UMa,169.5458,31.5292,-0.430,-0.586,4.41,0.59
4377,Alula Borealis,54Nu UMa,169.6196,33.0942,-0.026,+0.028,3.48,1.40
4380,,55 UMa,169.7829,38.1856,-0.057,-0.068,4.78,0.12
4382,,12Del Crt,169.8354,-14.7786,-0.122,+0.208,3.56,1.12
4386,,77Sig Leo,170.2842,6.0294,-0.092,-0.012,4.05,-0.06
4390,,Pi Cen,170.2517,-54.4911,-0.036,-0.006,3.89,-0.15
4392,,56 UMa,170.7067,43.4828,-0.038,-0.013,4.99,0.99
4395,,13Lam Crt,170.8412,-18.7800,-0.312,-0.034,5.09,0.42
4396,,,170.8029,-36.1647,-0.020,0.000,5.00,1.46
4399,,78Iot Leo,170.9812,10.5292,+0.168,-0.075,3.94,0.41
4400,,79 Leo,171.0096,1.4078,-0.020,+0.005,5.39,0.94
4401,,,170.8408,-64.9550,-0.001,-0.005,5.11,-0.08
4402,,14Eps Crt,171.1525,-10.8594,-0.028,+0.027,4.83,1.56
4405,,15Gam Crt,171.2204,-17.6839,-0.098,+0.004,4.08,0.21
4409,,,171.3725,-36.0631,-0.113,+0.020,5.22,0.99
4413,,,171.4300,-63.9728,-0.313,-0.078,5.17,0.50
4415,,,171.6471,-61.1153,-0.026,+0.002,5.30,-0.08
4418,,84Tau Leo,171.9842,2.8561,+0.018,-0.012,4.95,1.00
4422,,57 UMa,172.2675,39.3369,-0.050,+0.016,5.31,0.01
4423,,,172.1463,-42.6742,-0.040,+0.008,5.08,-0.03
4432,,87 Leo,172.5788,-3.0036,+0.022,-0.014,4.77,1.54
4434,Giausar,1Lam Dra,172.8508,69.3311,-0.039,-0.017,3.84,1.62
4439,,,173.0867,61.0825,+0.002,-0.069,5.48,0.50
4441,,Omi1Cen,172.9421,-59.4422,-0.005,-0.005,5.13,1.08
4442,,Omi2Cen,172.9533,-59.5158,-0.008,+0.001,5.15,0.49
4449,,,173.2254,-31.0872,-0.030,+0.006,5.04,1.58
4450,,Xi Hya,173.2504,-31.8578,-0.206,-0.040,3.54,0.94
4453,,,173.4054,-40.5869,-0.071,+0.024,5.39,0.12
4460,,,173.6904,-54.2642,-0.056,+0.017,4.62,-0.08
4461,,2 Dra,174.0117,69.3228,+0.111,-0.127,5.20,1.01
4462,,,173.7367,-49.1367,-0.170,+0.168,5.50,1.04
4466,,,173.9817,-47.6417,+0.036,-0.049,5.25,0.25
4467,,Lam Cen,173.9450,-63.0197,-0.041,-0.005,3.13,-0.04
4468,,21The Crt,174.1704,-9.8022,-0.061,+0.008,4.70,-0.08
4471,,91Ups Leo,174.2371,-0.8239,+0.004,+0.043,4.30,1.00
4475,,,174.2525,-61.2833,-0.224,+0.006,5.15,1.12
4476,,,174.3913,-47.7472,-0.072,+0.027,5.44,1.24
4483,,1Ome Vir,174.6150,8.1342,-0.006,+0.005,5.36,1.57
4487,,,174.5304,-61.8264,-0.071,+0.017,5.15,-0.02
4488,,24Iot Crt,174.6671,-13.2019,+0.092,+0.120,5.48,0.52
4492,,,174.8725,-65.3978,-0.042,-0.006,5.17,0.80
4494,,Omi Hya,175.0533,-34.7447,-0.042,0.000,4.70,-0.07
4495,,92 Leo,175.1962,21.3528,-0.064,-0.049,5.26,0.98
4496,,61 UMa,175.2625,34.2017,-0.012,-0.381,5.33,0.72
4499,,,175.2233,-62.0900,-0.020,+0.008,4.94,1.15
4503,,,175.4333,-32.4997,+0.004,-0.042,5.22,1.48
4504,,3 Dra,175.6183,66.7450,-0.043,+0.038,5.30,1.28
4511,,,175.8800,-62.4894,-0.008,+0.003,5.03,0.80
4514,,27Zet Crt,176.1908,-18.3508,+0.031,-0.030,4.73,0.97
4515,,2Xi Vir,176.3212,8.2583,+0.061,-0.018,4.85,0.18
4517,,3Nu Vir,176.4650,6.5294,-0.018,-0.184,4.03,1.51
4518,Taiyangshou,63Chi UMa,176.5125,47.7794,-0.137,+0.030,3.71,1.18
4519,,,176.4329,-45.6900,-0.047,+0.009,5.29,-0.12
4520,,Lam Mus,176.4017,-66.7286,-0.103,+0.037,3.64,0.16
4521,,,176.7317,55.6283,+0.014,-0.030,5.27,1.27
4522,,,176.6283,-61.1783,-0.027,-0.015,4.11,0.90
4523,,,176.6296,-40.5006,-1.531,+0.401,4.91,0.66
4526,,,176.8296,-57.6964,-0.025,+0.017,5.41,1.67
4527,,93 Leo,176.9963,20.2189,-0.149,-0.003,4.53,0.55
4528,,4 Vir,176.9787,8.2458,-0.057,+0.012,5.32,0.02
4530,,Mu Mus,177.0596,-66.8147,+0.013,-0.015,4.72,1.54
4532,,,177.1879,-26.7497,-0.032,-0.010,5.11,1.60
4534,Denebola,94Bet Leo,177.2650,14.5719,-0.497,-0.114,2.14,0.09
4537,,,177.4213,-63.7883,-0.021,+0.006,4.32,-0.15
4538,,,177.4858,-70.2258,-0.009,+0.001,4.97,1.40
4540,Zavijava,5Bet Vir,177.6738,1.7647,+0.743,-0.271,3.61,0.55
4546,,,177.7862,-45.1736,-0.070,-0.010,4.46,1.30
4549,,,177.9633,-65.2061,-0.039,-0.010,4.90,-0.11
4552,,Bet Hya,178.2275,-33.9081,-0.050,+0.005,4.28,-0.10
4554,Phecda,64Gam UMa,178.4575,53.6947,+0.095,+0.012,2.44,0.00
4558,,,178.6771,-25.7139,+0.048,+0.081,5.30,0.88
4567,,30Eta Crt,179.0037,-17.1508,-0.051,-0.006,5.18,-0.02
4576,,,179.5633,-56.3172,-0.021,+0.006,5.44,-0.08
4583,,Eps Cha,179.9054,-78.2219,-0.057,-0.002,4.91,-0.06
4585,,7 Vir,179.9871,3.6553,-0.017,-0.006,5.37,0.00
4589,,8Pi Vir,180.2183,6.6142,+0.001,-0.030,4.66,0.13
4590,,,180.2133,-19.6589,-0.021,+0.013,5.26,-0.20
4594,,67 UMa,180.5283,43.0456,-0.326,+0.070,5.21,0.26
4599,,The1Cru,180.7562,-63.3128,-0.150,+0.008,4.33,0.27
4600,,,180.9150,-42.4342,+0.331,-0.114,5.15,0.41
4603,,The2Cru,181.0800,-63.1656,-0.020,+0.008,4.72,-0.08
4604,,,181.1612,-68.3292,-0.054,-0.012,5.35,-0.01
4605,,Kap Cha,181.1937,-76.5192,-0.082,+0.048,5.04,1.49
4608,,9Omi Vir,181.3021,8.7331,-0.220,+0.046,4.12,0.98
4616,,Eta Cru,181.7204,-64.6136,+0.033,-0.037,4.15,0.34
4617,,,181.9575,-75.3669,-0.098,+0.019,5.18,1.30
4618,,,182.0217,-50.6614,-0.035,-0.010,4.47,-0.15
4620,,,182.0613,-48.6928,-0.025,-0.017,5.34,-0.01
4621,,Del Cen,182.0896,-50.7225,-0.034,-0.008,2.60,-0.12
4623,Alchiba,1Alp Crv,182.1033,-24.7289,+0.086,-0.040,4.02,0.32
4625,,,182.2271,-41.2314,-0.024,-0.006,5.48,-0.07
4630,,2Eps Crv,182.5312,-22.6197,-0.071,+0.014,3.00,1.33
4635,,3 Crv,182.7663,-23.6025,-0.063,-0.016,5.46,0.06
4638,,Rho Cen,182.9129,-52.3686,-0.035,-0.016,3.96,-0.15
4646,,,183.0496,77.6164,+0.010,+0.022,5.14,0.33
4652,,,183.5108,-45.7239,-0.042,+0.007,5.31,1.43
4656,Imai,Del Cru,183.7862,-58.7489,-0.041,-0.009,2.80,-0.23
4660,Megrez,69Del UMa,183.8567,57.0325,+0.104,+0.009,3.31,0.08
4662,Gienah,4Gam Crv,183.9517,-17.5419,-0.161,+0.023,2.59,-0.11
4663,,6 Com,184.0008,14.8989,-0.080,-0.034,5.10,0.06
4667,,7 Com,184.0854,23.9453,-0.027,-0.007,4.95,0.97
4668,,,184.1254,33.0614,-0.053,-0.111,5.00,1.14
4671,,Eps Mus,184.3921,-67.9608,-0.244,-0.025,4.11,1.58
4674,,Bet Cha,184.5863,-79.3122,-0.048,+0.017,4.26,-0.12
4679,,Zet Cru,184.6088,-64.0031,-0.050,-0.010,4.04,-0.17
4682,,,184.7488,-55.1431,-0.076,-0.014,5.00,1.59
4687,,,184.7079,75.1606,-0.040,+0.002,5.38,-0.02
4689,Zaniah,15Eta Vir,184.9767,-0.6669,-0.063,-0.018,3.89,0.02
4690,,3 CVn,184.9529,48.9842,-0.012,+0.007,5.29,1.66
4695,,16 Vir,185.0875,3.3125,-0.292,-0.065,4.96,1.16
4696,,5Zet Crv,185.1404,-22.2158,-0.095,-0.028,5.21,-0.10
4697,,11 Com,185.1792,17.7928,-0.111,+0.092,4.74,1.01
4699,,,185.2321,-13.5656,-0.006,+0.014,5.14,1.05
4700,Ginan,Eps Cru,185.3400,-60.4011,-0.175,+0.087,3.59,1.42
4703,,Zet2Mus,185.5304,-67.5219,-0.031,-0.003,5.15,0.19
4706,,,185.7054,-57.6761,-0.046,-0.013,5.39,-0.10
4707,,12 Com,185.6263,25.8461,-0.011,-0.009,4.81,0.49
4712,,,185.8975,-35.4128,-0.036,-0.003,5.32,-0.08
4716,,5 CVn,186.0062,51.5622,+0.014,+0.013,4.80,0.87
4717,,13 Com,186.0771,26.0986,-0.016,-0.011,5.18,0.08
4728,,6 CVn,186.4621,39.0186,-0.078,-0.032,5.02,0.96
4729,,,186.6288,-63.1225,-0.040,-0.025,4.86,-0.12
4730,Acrux,Alp1Cru,186.6496,-63.0992,-0.036,-0.012,1.33,-0.24
4731,,Alp2Cru,186.6521,-63.0994,-0.034,-0.007,1.73,-0.26
4732,,,186.6317,-51.4508,-0.044,-0.017,4.82,-0.14
4733,,14 Com,186.6004,27.2683,-0.013,-0.008,4.95,0.27
4737,,15Gam Com,186.7346,28.2683,-0.083,-0.080,4.36,1.13
4738,,16 Com,186.7471,26.8256,-0.006,-0.011,5.00,0.08
4739,,,186.8696,-58.9919,-0.031,+0.005,5.50,1.45
4743,,Sig Cen,187.0100,-50.2306,-0.030,-0.015,3.91,-0.19
4748,,,187.0938,-39.0414,-0.023,-0.017,5.44,-0.08
4752,,17 Com,187.2279,25.9128,-0.025,-0.020,5.29,-0.05
4753,,18 Com,187.3621,24.1089,-0.031,-0.001,5.48,0.43
4757,Algorab,7Del Crv,187.4663,-16.5156,-0.210,-0.138,2.95,-0.05
4760,,74 UMa,187.4888,58.4058,-0.062,+0.091,5.35,0.20
4763,Gacrux,Gam Cru,187.7913,-57.1133,+0.023,-0.262,1.63,1.59
4765,,4 Dra,187.5279,69.2011,-0.059,-0.052,4.95,1.62
4766,,21 Com,187.7525,24.5672,-0.012,-0.009,5.46,0.05
4768,,,187.9179,-59.4239,-0.018,-0.004,5.48,0.63
4773,,Gam Mus,188.1167,-72.1331,-0.058,-0.002,3.87,-0.15
4775,,8Eta Crv,188.0175,-16.1961,-0.426,-0.061,4.31,0.38
4781,,21 Vir,188.4450,-9.4519,-0.080,+0.007,5.48,-0.03
4783,,,188.4121,33.2475,+0.020,-0.033,5.42,1.00
4785,Chara,8Bet CVn,188.4354,41.3575,-0.705,+0.292,4.26,0.59
4786,Kraz,9Bet Crv,188.5967,-23.3967,+0.002,-0.054,2.65,0.89
4787,,5Kap Dra,188.3708,69.7883,-0.059,+0.012,3.87,-0.13
4789,,23 Com,188.7129,22.6292,-0.065,+0.021,4.81,0.00
4792,,24 Com,188.7825,18.3769,-0.006,+0.023,5.02,1.15
4794,,,188.9396,-41.0219,-0.107,-0.001,5.13,0.22
4795,,6 Dra,188.6833,70.0219,-0.032,0.000,4.94,1.31
4798,,Alp Mus,189.2958,-69.1356,-0.048,-0.013,2.69,-0.20
4800,,,189.0971,59.4869,-0.025,-0.011,5.50,
4802,,Tau Cen,189.4258,-48.5411,-0.184,-0.005,3.86,0.05
4803,,,189.4258,-27.1389,+0.076,-0.091,5.45,0.32
4813,,26Chi Vir,189.8117,-7.9956,-0.076,-0.025,4.66,1.23
4815,,26 Com,189.7804,21.0625,-0.081,-0.013,5.46,0.96
4817,,,189.9688,-39.9875,-0.047,-0.030,4.64,-0.08
4819,,Gam Cen,190.3792,-48.9597,-0.189,-0.005,2.17,-0.01
4823,,,190.4858,-59.6858,-0.025,-0.002,4.93,-0.04
4825,Porrima,29Gam Vir,190.4150,-1.4494,-0.565,+0.012,3.65,0.36
4826,,29Gam Vir,190.4150,-1.4494,-0.565,+0.012,3.68,
4828,,30Rho Vir,190.4712,10.2356,+0.084,-0.091,4.88,0.09
4830,,,190.7096,-63.0586,-0.015,0.000,5.31,0.27
4831,,,190.6475,-48.8131,-0.127,-0.032,4.66,1.09
4839,,,191.0021,-28.3239,-0.027,-0.038,5.48,1.34
4842,,Iot Cru,191.4079,-60.9811,+0.098,-0.063,4.69,1.05
4844,,Bet Mus,191.5704,-68.1081,-0.039,-0.017,3.05,-0.18
4846,La Superba,,191.2825,45.4403,-0.001,+0.015,4.99,2.54
4847,,32 Vir,191.4046,7.6733,-0.107,+0.004,5.22,0.33
4848,,,191.5946,-56.4889,-0.036,-0.013,4.65,-0.16
4851,,27 Com,191.6612,16.5775,+0.009,+0.007,5.12,1.35
4853,Mimosa,Bet Cru,191.9300,-59.6886,-0.048,-0.014,1.25,-0.23
4863,Tianyi,7 Dra,191.8933,66.7903,+0.010,-0.005,5.43,1.56
4870,,Iot Oct,193.7442,-85.1233,+0.062,+0.028,5.46,1.02
4874,,,192.6717,-33.9994,-0.028,-0.020,4.91,-0.04
4883,,31 Com,192.9246,27.5406,-0.012,-0.008,4.94,0.67
4888,,,193.2788,-48.9433,-0.076,-0.030,4.33,1.37
4889,,,193.3592,-40.1789,+0.063,-0.022,4.27,0.21
4893,,,192.3067,83.4128,-0.029,+0.020,5.28,-0.03
4894,,35 Com,193.3242,21.2450,-0.047,-0.022,4.90,0.90
4897,,Lam Cru,193.6633,-59.1467,-0.036,-0.010,4.62,-0.15
4898,,Mu 1Cru,193.6483,-57.1778,-0.033,-0.006,4.03,-0.17
4899,,Mu 2Cru,193.6533,-57.1683,-0.035,-0.001,5.17,-0.12
4902,,40Psi Vir,193.5883,-9.5389,-0.024,-0.015,4.79,1.60
4905,Alioth,77Eps UMa,193.5071,55.9597,+0.112,-0.006,1.77,-0.02
4906,,,193.8308,-42.9158,-0.038,-0.012,5.47,1.68
4908,,,193.9875,-56.8361,-0.024,-0.010,5.32,0.01
4910,Minelauva,43Del Vir,193.9008,3.3975,-0.469,-0.054,3.38,1.58
4913,,,194.2683,-51.1986,-0.026,-0.015,5.16,-0.06
4915,Cor Caroli,12Alp2CVn,194.0071,38.3183,-0.234,+0.056,2.90,-0.12
4916,Taiyi,8 Dra,193.8687,65.4386,-0.005,-0.029,5.24,0.28
4920,,36 Com,194.7308,17.4094,-0.039,+0.034,4.78,1.56
4923,,Del Mus,195.5675,-71.5489,+0.256,-0.021,3.62,1.18
4924,,37 Com,195.0687,30.7850,-0.018,-0.013,4.90,1.17
4928,,9 Dra,194.9796,66.5972,-0.139,-0.013,5.32,1.29
4931,,78 UMa,195.1825,56.3664,+0.114,-0.009,4.93,0.36
4932,Vindemiatrix,47Eps Vir,195.5442,10.9592,-0.273,+0.020,2.83,0.94
4933,,Xi 1Cen,195.8883,-49.5272,-0.059,-0.014,4.85,0.02
4940,,,196.5696,-48.4636,-0.030,-0.023,4.71,-0.14
4942,,Xi 2Cen,196.7275,-49.9061,-0.026,-0.012,4.27,-0.19
4943,,14 CVn,196.4354,35.7989,-0.030,+0.021,5.25,-0.08
4954,,41 Com,196.7946,27.6247,+0.031,-0.070,4.80,1.48
4955,,49 Vir,196.9742,-10.7403,+0.017,-0.006,5.19,1.14
4958,,45Psi Hya,197.2638,-23.1181,-0.024,-0.036,4.95,1.05
4963,,51The Vir,197.4875,-5.5389,-0.032,-0.033,4.38,-0.01
4968,Diadem,42Alp Com,197.4971,17.5294,-0.431,+0.136,5.22,0.45
4969,,42Alp Com,197.4971,17.5294,-0.430,+0.136,5.22,
4973,,,197.8467,-43.3689,-0.117,-0.027,5.25,1.05
4975,,,198.0725,-59.9208,-0.049,-0.024,4.60,-0.08
4979,,,198.0133,-37.8031,-0.385,+0.047,4.85,0.70
4981,,53 Vir,198.0146,-16.1986,+0.098,-0.286,5.04,0.46
4983,,43Bet Com,197.9683,27.8781,-0.801,+0.882,4.26,0.57
4989,,,198.5617,-59.1033,-0.265,-0.157,4.92,0.48
4993,,Eta Mus,198.8121,-67.8944,-0.041,-0.008,4.80,-0.08
4995,,55 Vir,198.5454,-19.9308,-0.122,+0.167,5.33,0.87
4997,,,198.4292,40.1528,-0.048,+0.015,4.92,1.06
5001,,57 Vir,198.9950,-19.9431,+0.306,-0.116,5.22,1.03
5002,,,199.3042,-66.7836,-0.020,-0.014,4.87,1.50
5006,,,199.2212,-31.5061,+0.034,-0.048,5.10,0.96
5011,,59 Vir,199.1938,9.4242,-0.334,+0.190,5.22,0.59
5013,,,199.3150,13.6756,+0.007,+0.039,5.33,1.31
5015,,60Sig Vir,199.4013,5.4697,-0.005,+0.013,4.80,1.67
5017,,20 CVn,199.3854,40.5725,-0.125,+0.021,4.73,0.30
5019,,61 Vir,199.6013,-18.3114,-1.070,-1.065,4.74,0.71
5020,,46Gam Hya,199.7304,-23.1717,+0.064,-0.045,3.00,0.92
5023,,21 CVn,199.5604,49.6819,-0.033,+0.015,5.15,-0.07
5026,,,200.1575,-52.7481,-0.030,-0.019,5.48,-0.13
5028,,Iot Cen,200.1492,-36.7122,-0.341,-0.085,2.75,0.04
5035,,,200.6579,-60.9883,-0.039,-0.014,4.53,-0.13
5041,,,201.0021,-64.5358,+0.029,-0.026,4.53,0.85
5042,,Iot1Mus,201.2796,-74.8878,-0.115,-0.130,5.05,1.11
5044,,63 Vir,200.7546,-17.7353,-0.047,-0.029,5.37,0.99
5048,,,201.3079,-64.4853,-0.157,-0.022,5.31,0.40
5054,Mizar,79Zet UMa,200.9812,54.9253,+0.122,-0.020,2.27,0.02
5055,,79Zet UMa,200.9850,54.9217,+0.119,-0.028,3.95,0.13
5056,Spica,67Alp Vir,201.2983,-11.1614,-0.041,-0.028,0.98,-0.23
5058,,,201.5325,-39.7553,+0.184,-0.052,5.09,1.20
5062,Alcor,80 UMa,201.3063,54.9881,+0.118,-0.016,4.01,0.16
5064,,68 Vir,201.6800,-12.7078,-0.130,-0.020,5.25,1.52
5068,,69 Vir,201.8633,-15.9736,-0.119,+0.024,4.76,1.09
5071,,,202.3550,-51.1653,-0.002,-0.017,5.06,0.07
5072,,70 Vir,202.1075,13.7789,-0.236,-0.577,4.98,0.71
5080,,,202.4283,-23.2814,-0.056,+0.016,4.97,1.60
5085,,,202.1129,59.9458,-0.080,+0.037,5.40,-0.01
5089,,,202.7613,-39.4075,-0.012,-0.015,3.88,1.17
5095,,74 Vir,202.9913,-6.2558,-0.104,-0.045,4.69,1.62
5100,,76 Vir,203.2421,-10.1650,-0.029,-0.036,5.21,0.96
5105,,78 Vir,203.5329,3.6589,+0.044,-0.024,4.94,0.03
5107,Heze,79Zet Vir,203.6733,-0.5958,-0.285,+0.042,3.37,0.11
5110,,,203.6992,37.1825,+0.086,-0.009,4.98,0.40
5112,,24 CVn,203.6137,49.0161,-0.127,+0.030,4.70,0.12
5127,,25 CVn,204.3650,36.2950,-0.099,+0.027,4.82,0.23
5132,,Eps Cen,204.9717,-53.4664,-0.028,-0.016,2.30,-0.22
5139,,,204.2958,71.2422,-0.038,-0.006,5.50,1.20
5140,,,205.5046,-58.7872,-0.035,-0.010,5.38,-0.03
5141,,,205.4363,-54.5600,-0.048,-0.047,5.01,-0.05
5142,,82 UMa,204.8767,52.9214,-0.142,+0.060,5.46,0.10
5150,,82 Vir,205.4033,-8.7031,-0.094,+0.040,5.01,1.63
5154,,83 UMa,205.1846,54.6817,-0.022,-0.009,4.66,1.64
5159,,84 Vir,205.7654,3.5381,-0.291,-0.071,5.36,1.11
5168,,1 Cen,206.4217,-33.0439,-0.462,-0.146,4.23,0.38
5172,,,206.6638,-51.4328,+0.006,-0.033,4.65,0.96
5174,,,206.7350,-36.2519,-0.011,-0.009,5.15,-0.02
5176,,,206.9100,-50.3211,-0.151,-0.023,5.45,1.36
5181,,87 Vir,206.8558,-17.8600,+0.059,-0.034,5.43,1.62
5185,,4Tau Boo,206.8154,17.4567,-0.482,+0.041,4.50,0.48
5186,,,206.7492,38.5428,-0.131,-0.016,5.50,1.03
5190,,Nu Cen,207.3762,-41.6878,-0.022,-0.021,3.41,-0.22
5191,Alkaid,85Eta UMa,206.8850,49.3133,-0.122,-0.011,1.86,-0.19
5192,,2 Cen,207.3612,-34.4508,-0.042,-0.057,4.19,1.50
5193,,Mu Cen,207.4042,-42.4739,-0.023,-0.020,3.04,-0.17
5196,,89 Vir,207.4679,-18.1342,-0.100,-0.038,4.97,1.06
5200,,5Ups Boo,207.3692,15.7978,-0.095,+0.042,4.07,1.52
5201,,6 Boo,207.4283,21.2642,+0.024,+0.017,4.91,1.43
5207,,,208.0200,-52.8117,-0.045,-0.035,5.25,-0.09
5210,,3 Cen,207.9567,-32.9944,-0.033,-0.038,4.56,-0.13
5219,,,207.9479,34.4442,-0.019,-0.032,4.74,1.66
5221,,4 Cen,208.3021,-31.9278,-0.015,-0.012,4.73,-0.14
5226,,10 Dra,207.8579,64.7233,+0.001,-0.002,4.65,1.58
5231,,Zet Cen,208.8850,-47.2883,-0.057,-0.042,2.55,-0.22
5232,,90 Vir,208.6754,-1.5031,-0.088,-0.018,5.15,1.08
5235,Muphrid,8Eta Boo,208.6713,18.3978,-0.063,-0.358,2.68,0.58
5241,,,209.4121,-63.6867,-0.044,-0.030,4.71,1.11
5247,,9 Boo,209.1425,27.4919,+0.028,-0.048,5.01,1.42
5248,,Phi Cen,209.5679,-42.1008,-0.024,-0.021,3.83,-0.21
5249,,Ups1Cen,209.6700,-44.8036,-0.025,-0.024,3.87,-0.20
5250,,47 Hya,209.6296,-24.9722,-0.049,-0.029,5.15,-0.10
5260,,Ups2Cen,210.4308,-45.6036,+0.002,-0.019,4.34,0.60
5261,,The Aps,211.3325,-76.7967,-0.094,-0.032,5.50,1.55
5264,,93Tau Vir,210.4117,1.5444,+0.018,-0.021,4.26,0.10
5265,,,210.5950,-27.4300,-0.033,-0.008,5.48,1.34
5267,Hadar,Bet Cen,210.9558,-60.3731,-0.032,-0.019,0.61,-0.23
5285,,Chi Cen,211.5117,-41.1797,-0.017,-0.020,4.36,-0.19
5287,,49Pi Hya,211.5929,-26.6825,+0.044,-0.139,3.27,1.12
5288,Menkent,5The Cen,211.6708,-36.3700,-0.519,-0.519,2.06,1.01
5290,,95 Vir,211.6783,-9.3133,-0.139,+0.011,5.46,0.34
5291,Thuban,11Alp Dra,211.0971,64.3758,-0.055,+0.018,3.65,-0.05
5297,,,212.4783,-53.4392,-0.146,-0.096,4.75,0.94
5299,,,211.9825,43.8544,+0.011,-0.028,5.27,1.59
5300,,13 Boo,212.0721,49.4581,-0.061,+0.059,5.25,1.65
5301,,,212.7104,-16.3019,+0.006,-0.006,4.91,1.72
5303,,Eta Aps,214.5575,-81.0078,-0.031,-0.063,4.91,0.25
5304,,12 Boo,212.5996,25.0917,-0.022,-0.061,4.83,0.54
5312,,50 Hya,213.1917,-27.2611,-0.012,-0.034,5.08,1.16
5313,,,213.0658,2.4094,-0.042,-0.026,5.01,-0.12
5315,Kang,98Kap Vir,213.2242,-10.2736,+0.008,+0.140,4.19,1.33
5316,,,213.7375,-57.0858,-0.039,-0.009,5.07,-0.08
5321,,4 UMi,212.2121,77.5475,-0.032,+0.034,4.82,1.36
5329,,17Kap2Boo,213.3708,51.7903,+0.063,-0.002,4.54,0.20
5330,,15 Boo,213.7117,10.1006,-0.028,-0.167,5.29,1.00
5332,,,213.8504,-18.2008,-0.039,-0.012,5.43,-0.03
5334,,,213.0167,69.4325,-0.027,-0.047,5.24,1.58
5336,,Eps Aps,215.5946,-80.1089,-0.025,-0.009,5.06,-0.10
5338,Syrma,99Iot Vir,214.0037,-6.0006,-0.004,-0.432,4.08,0.52
5339,,Del Oct,216.7287,-83.6678,-0.105,-0.007,4.32,1.31
5340,Arcturus,16Alp Boo,213.9154,19.1825,-1.093,-1.998,-0.04,1.23
5349,,,214.9646,-61.2731,-0.171,-0.093,5.23,0.29
5350,,21Iot Boo,214.0413,51.3672,-0.150,+0.092,4.75,0.20
5351,Xuange,19Lam Boo,214.0958,46.0883,-0.187,+0.161,4.18,0.08
5354,,Iot Lup,214.8508,-46.0578,-0.013,+0.002,3.55,-0.18
5358,,,215.0813,-56.3867,-0.014,-0.009,4.33,0.12
5359,Khambalia,100Lam Vir,214.7775,-13.3711,-0.015,+0.030,4.52,0.13
5361,,,214.4992,35.5094,+0.004,+0.016,4.81,1.06
5364,,,215.1771,-45.1872,+0.034,-0.080,4.77,0.31
5365,,18 Boo,214.8179,13.0042,+0.106,-0.030,5.41,0.38
5366,,102Ups Vir,214.8854,-2.2656,-0.120,-0.074,5.14,1.02
5367,,Psi Cen,215.1392,-37.8853,-0.063,-0.012,4.05,-0.03
5370,,20 Boo,214.9383,16.3069,-0.142,+0.060,4.86,1.23
5371,,,215.6542,-58.4594,-0.052,+0.013,4.92,0.86
5378,,,215.7592,-39.5122,-0.027,-0.032,4.42,-0.18
5381,,51 Hya,215.7742,-27.7539,-0.193,-0.112,4.77,1.31
5386,,,215.8446,8.4467,-0.075,-0.008,5.12,-0.02
5390,,,216.2025,-24.8064,-0.055,-0.016,5.32,0.96
5392,,,216.0471,5.8200,-0.077,+0.005,5.10,0.12
5395,,Tau1Lup,216.5342,-45.2214,-0.012,-0.013,4.56,-0.15
5396,,Tau2Lup,216.5450,-45.3794,+0.016,-0.008,4.35,0.43
5404,,23The Boo,216.2992,51.8508,-0.236,-0.397,4.05,0.50
5405,,22 Boo,216.6142,19.2269,-0.071,+0.025,5.39,0.23
5407,,52 Hya,217.0433,-29.4917,-0.024,-0.023,4.97,-0.07
5409,Elgafar,105Phi Vir,217.0504,-2.2281,-0.139,-0.002,4.81,0.70
5410,,106 Vir,217.1738,-6.9006,-0.019,-0.052,5.42,1.49
5412,,,217.5358,-45.3217,-0.046,-0.040,5.50,-0.08
5413,,,217.5871,-49.5192,-0.052,-0.047,5.37,0.05
5425,,Sig Lup,218.1537,-50.4569,-0.043,-0.010,4.42,-0.19
5429,,25Rho Boo,217.9575,30.3714,-0.100,+0.119,3.58,1.30
5430,,5 UMi,216.8812,75.6961,+0.009,+0.023,4.25,1.44
5435,Seginus,27Gam Boo,218.0196,38.3083,-0.114,+0.153,3.03,0.19
5440,,Eta Cen,218.8767,-42.1578,-0.035,-0.035,2.31,-0.19
5447,,28Sig Boo,218.6700,29.7450,+0.189,+0.132,4.46,0.36
5450,,,219.3338,-46.1339,-0.014,-0.020,5.41,1.01
5453,,Rho Lup,219.4717,-49.4258,-0.024,-0.031,4.05,-0.15
5459,Rigil Kentaurus,Alp1Cen,219.8996,-60.8353,-3.642,+0.699,-0.01,0.71
5460,Toliman,Alp2Cen,219.9004,-60.8356,-3.646,+0.700,1.33,0.88
5463,,Alp Cir,220.6267,-64.9753,-0.192,-0.232,3.19,0.24
5468,,33 Boo,219.7092,44.4044,-0.067,-0.017,5.39,0.00
5469,,Alp Lup,220.4825,-47.3883,-0.021,-0.018,2.30,-0.20
5470,,Alp Aps,221.9650,-79.0447,-0.012,-0.015,3.83,1.43
5471,,,220.4900,-37.7936,-0.023,-0.032,4.00,-0.17
5475,,29Pi 1Boo,220.1817,16.4183,+0.015,+0.015,4.94,-0.03
5477,,30Zet Boo,220.2871,13.7283,+0.053,-0.016,4.83,
5478,,30Zet Boo,220.2871,13.7283,+0.053,-0.016,4.43,0.05
5480,,31 Boo,220.4117,8.1617,-0.009,+0.003,4.86,1.00
5482,,,221.3221,-62.8758,+0.063,-0.084,5.36,0.29
5485,,,220.9142,-35.1736,-0.064,-0.180,4.05,1.35
5487,,107Mu Vir,220.7650,-5.6583,+0.109,-0.316,3.88,0.38
5489,,,221.2467,-35.1919,+0.003,-0.004,4.92,0.01
5490,,34 Boo,220.8558,26.5278,-0.013,-0.017,4.81,1.66
5495,,,221.7554,-52.3836,-0.016,-0.082,5.21,0.98
5497,,54 Hya,221.5004,-25.4431,-0.150,-0.104,4.94,0.35
5502,,35Omi Boo,221.3104,16.9644,-0.058,-0.049,4.60,0.98
5505,,36Eps Boo,221.2467,27.0750,-0.050,+0.021,5.12,
5506,Izar,36Eps Boo,221.2467,27.0742,-0.049,+0.021,2.70,0.97
5511,,109 Vir,221.5621,1.8928,-0.114,-0.026,3.72,-0.01
5516,,56 Hya,221.9367,-26.0875,+0.041,-0.007,5.24,0.94
5523,,7Mu Lib,222.3296,-14.1489,-0.061,-0.014,5.31,0.07
5526,,58 Hya,222.5721,-27.9603,-0.241,-0.059,4.41,1.40
5528,,Omi Lup,222.9100,-43.5756,-0.020,-0.027,4.32,-0.15
5530,,8Alp1Lib,222.6717,-15.9972,-0.098,-0.066,5.15,0.41
5531,Zubenelgenubi,9Alp2Lib,222.7196,-16.0417,-0.106,-0.067,2.75,0.15
5535,,11 Lib,222.7542,-2.2992,+0.084,-0.123,4.94,0.98
5540,,,224.4704,-76.6628,-0.074,-0.015,5.34,1.45
5541,,,222.6233,37.2719,-0.211,+0.094,5.48,1.02
5543,,,223.2129,-37.8033,-0.018,-0.021,5.03,-0.16
5544,,37Xi Boo,222.8471,19.1011,+0.137,-0.098,4.55,0.76
5546,,,223.8942,-60.1142,-0.125,-0.115,5.20,1.16
5548,,12 Lib,223.5838,-24.6422,-0.010,-0.027,5.30,1.32
5551,,The Cir,224.1833,-62.7808,-0.011,0.000,5.11,0.00
5552,,,222.8600,59.2939,-0.122,+0.139,5.46,1.36
5556,,,224.0721,-52.8097,+0.026,+0.005,5.38,0.13
5558,,,223.9363,-33.8558,+0.020,0.000,5.32,0.04
5563,Kochab,7Bet UMi,222.6763,74.1556,-0.031,+0.012,2.08,1.47
5564,,15Xi 2Lib,224.1921,-11.4097,+0.011,+0.008,5.46,1.49
5570,,16 Lib,224.2958,-4.3464,-0.094,-0.150,4.49,0.32
5571,,Bet Lup,224.6329,-43.1339,-0.035,-0.039,2.68,-0.22
5576,,Kap Cen,224.7904,-42.1042,-0.019,-0.024,3.13,-0.20
5586,,19Del Lib,225.2433,-8.5189,-0.063,-0.005,4.92,0.00
5589,,,224.3958,65.9325,-0.079,+0.032,4.60,1.59
5593,,Eta Cir,226.2008,-64.0317,+0.099,+0.004,5.17,0.93
5595,,,225.7471,-32.6433,-0.015,-0.021,5.44,-0.12
5600,,41Ome Boo,225.5271,25.0081,-0.007,-0.051,4.81,1.50
5601,,110 Vir,225.7250,2.0914,-0.054,+0.016,4.40,1.04
5602,Nekkar,42Bet Boo,225.4867,40.3906,-0.041,-0.028,3.50,0.97
5603,Brachium,20Sig Lib,226.0175,-25.2819,-0.073,-0.043,3.29,1.70
5605,,Pi Lup,226.2800,-47.0511,-0.020,-0.019,4.72,-0.14
5606,,Pi Lup,226.2800,-47.0511,-0.019,-0.019,4.82,
5607,,,226.3296,-41.0672,+0.020,-0.003,5.15,1.01
5616,,43Psi Boo,226.1112,26.9475,-0.174,-0.006,4.54,1.24
5618,,44 Boo,225.9475,47.6544,-0.407,+0.033,4.76,0.65
5622,,21Nu Lib,226.6567,-16.2569,-0.033,-0.022,5.20,1.58
5626,,Lam Lup,227.2108,-45.2797,-0.016,-0.019,4.05,-0.18
5634,,45 Boo,226.8254,24.8692,+0.185,-0.165,4.93,0.43
5635,,,226.5696,54.5564,+0.048,+0.015,5.25,0.96
5646,,Kap1Lup,227.9838,-48.7378,-0.095,-0.049,3.87,-0.05
5649,,Zet Lup,228.0712,-52.0992,-0.112,-0.073,3.41,0.92
5651,,,228.2062,-44.5006,-0.034,-0.028,4.82,-0.17
5652,,24Iot1Lib,228.0554,-19.7917,-0.036,-0.039,4.54,-0.08
5660,,1 Lup,228.6554,-31.5192,-0.005,+0.001,4.91,0.37
5664,,Del Cir,229.2363,-60.9575,-0.019,-0.009,5.09,-0.06
5666,,Eps Cir,229.4121,-63.6106,+0.001,+0.008,4.86,1.25
5667,,,229.0167,-41.4911,-0.005,-0.006,5.16,0.58
5670,,Bet Cir,229.3783,-58.8011,-0.100,-0.137,4.07,0.09
5671,,Gam TrA,229.7275,-68.6794,-0.072,-0.031,2.89,0.00
5675,,3 Ser,228.7975,4.9394,-0.018,+0.005,5.33,1.09
5676,,48Chi Boo,228.6217,29.1642,-0.066,+0.030,5.26,0.03
5678,,,229.0958,-22.3994,-0.034,+0.003,5.50,1.38
5680,,,229.7038,-60.4964,-0.027,-0.002,5.46,-0.10
5681,,49Del Boo,228.8758,33.3147,+0.086,-0.112,3.47,0.95
5683,,Mu Lup,229.6333,-47.8750,-0.026,-0.038,4.27,-0.08
5685,Zubeneschamali,27Bet Lib,229.2517,-9.3831,-0.096,-0.019,2.61,-0.11
5686,,2 Lup,229.4579,-30.1489,-0.008,-0.010,4.34,1.10
5691,,,228.6596,67.3467,+0.221,-0.390,5.13,0.53
5694,,5 Ser,229.8283,1.7653,+0.374,-0.514,5.06,0.54
5695,,Del Lup,230.3429,-40.6475,-0.015,-0.026,3.22,-0.22
5698,,Nu 1Lup,230.5346,-47.9278,-0.140,-0.137,5.00,0.50
5704,,Gam Cir,230.8446,-59.3208,-0.016,-0.038,4.51,0.19
5705,,Phi1Lup,230.4517,-36.2614,-0.089,-0.084,3.56,1.54
5708,,Eps Lup,230.6704,-44.6894,-0.019,-0.013,3.37,-0.18
5710,,6 Ser,230.2583,0.7153,-0.042,-0.106,5.35,1.19
5712,,Phi2Lup,230.7892,-36.8586,-0.018,-0.023,4.54,-0.15
5714,,11 UMi,229.2746,71.8239,+0.007,+0.011,5.02,1.37
5718,,50 Boo,230.4525,32.9339,-0.051,+0.017,5.37,-0.07
5719,,Ups Lup,231.1871,-39.7103,-0.037,-0.047,5.37,-0.11
5723,,31Eps Lib,231.0496,-10.3222,-0.067,-0.154,4.94,0.44
5724,,,231.3342,-38.7336,-0.052,-0.016,4.60,0.00
5726,,,230.6558,39.5814,+0.002,-0.015,5.50,1.59
5730,,Kap1Aps,232.8783,-73.3894,-0.006,-0.013,5.49,-0.12
5733,Alkalurops,51Mu 1Boo,231.1225,37.3772,-0.146,+0.087,4.31,0.31
5735,Pherkad,13Gam UMi,230.1821,71.8339,-0.019,+0.020,3.05,0.05
5736,,,231.8258,-36.7678,-0.012,-0.035,5.45,-0.15
5739,,9Tau1Ser,231.4475,15.4281,-0.013,-0.007,5.17,1.66
5741,,,231.5725,34.3358,-0.114,+0.056,5.46,1.40
5742,,,232.3512,-46.7328,-0.010,-0.006,5.24,1.74
5744,Edasich,12Iot Dra,231.2325,58.9661,-0.009,+0.017,3.29,1.16
5746,,10 Ser,232.1592,1.8422,-0.083,-0.029,5.17,0.23
5747,Nusakan,3Bet CrB,231.9571,29.1058,-0.179,+0.086,3.68,0.28
5763,,52Nu 1Boo,232.7325,40.8331,+0.011,-0.007,5.02,1.59
5764,,35Zet4Lib,233.2300,-16.8528,-0.011,-0.014,5.50,-0.14
5771,,Eps TrA,234.1800,-66.3169,+0.023,-0.055,4.11,1.17
5774,,53Nu 2Boo,232.9458,40.8994,-0.017,-0.009,5.02,0.07
5775,,36 Lib,233.6554,-28.0469,+0.014,-0.033,5.15,1.30
5776,,Gam Lup,233.7854,-41.1669,-0.015,-0.028,2.78,-0.20
5777,,37 Lib,233.5446,-10.0644,+0.309,-0.234,4.62,1.01
5778,,4The CrB,233.2325,31.3592,-0.019,-0.011,4.14,-0.13
5780,,,233.6108,-9.1833,-0.016,-0.023,5.17,-0.09
5781,,,233.9717,-44.9586,-0.025,-0.030,4.54,-0.18
5784,,,234.0504,-44.3969,-0.045,-0.057,5.43,1.50
5787,Zubenelhakrabi,38Gam Lib,233.8817,-14.7894,+0.065,+0.009,3.91,1.01
5788,,13Del Ser,233.7004,10.5375,-0.074,-0.005,3.80,0.26
5789,,13Del Ser,233.7004,10.5392,-0.074,+0.012,3.80,0.26
5793,Alphecca,5Alp CrB,233.6721,26.7147,+0.121,-0.089,2.23,-0.02
5794,,39Ups Lib,234.2562,-28.1350,-0.009,+0.003,3.58,1.38
5797,,Ome Lup,234.5133,-42.5675,-0.153,+0.057,4.33,1.42
5798,,,234.7062,-52.3728,-0.036,-0.035,5.44,0.00
5800,,6Mu CrB,233.8125,39.0100,+0.029,+0.006,5.11,1.64
5802,,16 Ser,234.1233,10.0100,+0.045,-0.129,5.26,0.95
5812,,40Tau Lib,234.6642,-29.7778,-0.015,-0.030,3.66,-0.17
5814,,41 Lib,234.7271,-19.3019,+0.085,-0.076,5.38,0.86
5820,,3Psi1Lup,234.9417,-34.4119,+0.004,-0.015,4.67,0.99
5823,,54Phi Boo,234.4567,40.3533,+0.063,+0.062,5.24,0.88
5824,,42 Lib,235.0704,-23.8181,-0.013,-0.012,4.96,1.33
5825,,,235.2971,-44.6611,-0.177,-0.262,4.64,0.40
5826,,15The UMi,232.8538,77.3494,-0.049,+0.010,4.96,1.58
5834,,7Zet2CrB,234.8446,36.6358,-0.013,-0.006,5.07,-0.12
5837,,,235.6596,-37.4250,-0.048,-0.021,5.24,0.98
5838,,43Kap Lib,235.4867,-19.6789,-0.037,-0.103,4.74,1.57
5839,,4Psi2Lup,235.6708,-34.7106,-0.021,-0.029,4.75,-0.14
5842,,21Iot Ser,235.3879,19.6703,-0.057,-0.046,4.52,0.04
5843,,20Chi Ser,235.4475,12.8475,+0.040,-0.003,5.33,0.04
5848,,44Eta Lib,236.0183,-15.6728,-0.034,-0.066,5.41,0.23
5849,,8Gam CrB,235.6858,26.2956,-0.105,+0.045,3.84,0.00
5854,Unukalhai,24Alp Ser,236.0671,6.4256,+0.137,+0.047,2.65,1.17
5863,,25 Ser,236.5233,-1.8044,-0.027,-0.038,5.40,-0.03
5867,,28Bet Ser,236.5471,15.4219,+0.067,-0.045,3.67,0.06
5868,,27Lam Ser,236.6108,7.3531,-0.223,-0.067,4.43,0.60
5879,Gudja,35Kap Ser,237.1850,18.1417,-0.051,-0.088,4.09,1.62
5881,,32Mu Ser,237.4050,-3.4303,-0.086,-0.024,3.53,-0.04
5883,,5Chi Lup,237.7396,-33.6272,-0.006,-0.030,3.95,-0.04
5885,,1 Sco,237.7446,-25.7514,-0.018,-0.024,4.64,-0.05
5886,,,236.6667,62.5994,+0.039,-0.055,5.19,0.04
5888,,34Ome Ser,237.5729,2.1964,+0.031,-0.051,5.23,1.02
5889,,10Del CrB,237.3988,26.0683,-0.076,-0.063,4.63,0.80
5891,,Kap TrA,238.8733,-68.6031,-0.012,-0.003,5.09,1.13
5892,,37Eps Ser,237.7042,4.4778,+0.128,+0.063,3.71,0.15
5894,,,237.6738,15.1336,-0.005,-0.041,5.20,
5895,,36 Ser,237.8150,-3.0906,-0.087,-0.027,5.11,0.12
5897,,Bet TrA,238.7854,-63.4306,-0.191,-0.398,2.85,0.29
5899,,38Rho Ser,237.8162,20.9778,-0.053,+0.019,4.76,1.54
5901,,11Kap CrB,237.8079,35.6575,-0.007,-0.347,4.82,1.00
5902,,45Lam Lib,238.3338,-20.1672,-0.011,-0.023,5.03,-0.01
5903,,16Zet UMi,236.0146,77.7944,+0.020,-0.001,4.32,0.04
5904,,2 Sco,238.4029,-25.3272,-0.016,-0.025,4.59,-0.07
5906,,,238.4742,-24.5331,-0.024,-0.023,5.39,-0.02
5907,,,238.4825,-23.9781,-0.015,-0.025,5.42,-0.04
5908,,46The Lib,238.4562,-16.7294,+0.099,+0.133,4.15,1.02
5914,,1Chi Her,238.1688,42.4517,+0.440,+0.632,4.62,0.56
5924,,,238.6442,20.3108,-0.082,+0.043,5.44,1.59
5925,,Xi 1Lup,239.2229,-33.9664,+0.018,-0.042,5.12,0.12
5928,Iklil,5Rho Sco,239.2212,-29.2142,-0.013,-0.025,3.88,-0.20
5932,,2 Her,238.6579,43.1386,-0.032,+0.065,5.37,1.65
5933,,41Gam Ser,239.1133,15.6617,+0.312,-1.281,3.85,0.48
5936,,12Lam CrB,238.9483,37.9469,+0.031,+0.083,5.45,0.33
5941,,48 Lib,239.5475,-14.2794,-0.012,-0.015,4.88,-0.10
5942,,,239.6450,-24.8314,-0.014,-0.018,5.43,-0.09
5943,,,239.8762,-41.7444,-0.040,-0.018,4.99,1.00
5944,Fang,6Pi Sco,239.7129,-26.1142,-0.011,-0.026,2.89,-0.19
5947,,13Eps CrB,239.3971,26.8778,-0.076,-0.061,4.15,1.23
5948,,Eta Lup,240.0304,-38.3969,-0.022,-0.032,3.41,-0.22
5953,Dschubba,7Del Sco,240.0833,-22.6217,-0.012,-0.022,2.32,-0.12
5954,,49 Lib,240.0817,-16.5333,-0.630,-0.394,5.47,0.52
5958,,,239.8758,25.9203,-0.005,+0.013,2.00,0.10
5960,,,239.4475,54.7497,-0.150,+0.110,4.95,0.26
5961,,Iot1Nor,240.8829,-57.7753,-0.124,-0.085,4.63,0.24
5962,,Eta Nor,240.8038,-49.2297,+0.043,+0.010,4.65,0.92
5966,,5 Her,240.3096,17.8183,-0.048,+0.157,5.12,0.99
5967,,,240.8508,-38.6025,-0.016,-0.027,4.89,-0.14
5968,,15Rho CrB,240.2612,33.3036,-0.192,-0.766,5.41,0.60
5969,,,240.8358,-25.8653,-0.071,-0.038,5.00,1.22
5971,,14Iot CrB,240.3608,29.8511,-0.039,-0.009,4.99,-0.07
5972,,44Pi Ser,240.5738,22.8044,+0.002,+0.028,4.83,0.07
5977,,Xi Sco,241.0921,-11.3731,-0.060,-0.029,5.07,
5978,,Xi Sco,241.0921,-11.3731,-0.060,-0.029,4.77,0.47
5980,,Del Nor,241.6225,-45.1733,+0.002,+0.028,4.72,0.23
5982,,6Ups Her,240.6996,46.0367,+0.059,-0.058,4.76,-0.11
5984,Acrab,8Bet1Sco,241.3592,-19.8056,-0.006,-0.019,2.62,-0.07
5985,,8Bet2Sco,241.3604,-19.8019,-0.019,-0.020,4.92,-0.02
5986,,13The Dra,240.4721,58.5653,-0.320,+0.335,4.01,0.52
5987,,The Lup,241.6479,-36.8022,-0.017,-0.029,4.23,-0.17
5993,,9Ome1Sco,241.7017,-20.6692,-0.009,-0.021,3.96,-0.04
5997,,10Ome2Sco,241.8513,-20.8686,+0.041,-0.038,4.32,0.84
6001,,,242.0317,-26.3267,+0.108,-0.003,5.38,1.65
6008,Marsic,7Kap Her,242.0187,17.0469,-0.032,-0.007,5.00,0.95
6016,,,242.4604,-3.4669,-0.030,-0.007,5.37,1.45
6017,,,242.7583,-29.4164,-0.093,-0.087,5.13,1.12
6018,,16Tau CrB,242.2429,36.4908,-0.053,+0.333,4.76,1.01
6020,,Del1Aps,245.0867,-78.6958,-0.014,-0.035,4.68,1.69
6021,,Del2Aps,245.1117,-78.6672,-0.007,-0.025,5.27,1.41
6023,,11Phi Her,242.1925,44.9350,-0.025,+0.038,4.26,-0.07
6024,,Kap Nor,243.3696,-54.6306,-0.002,-0.024,4.94,1.04
6025,,,241.5821,67.8103,-0.035,+0.066,5.44,-0.02
6027,Jabbah,14Nu Sco,242.9988,-19.4606,-0.010,-0.023,4.01,0.04
6028,,13 Sco,243.0758,-27.9264,-0.013,-0.025,4.59,-0.16
6030,,Del TrA,243.8596,-63.6856,+0.002,-0.011,3.85,1.11
6031,,15Psi Sco,243.0000,-10.0642,-0.001,-0.014,4.94,0.09
6033,,16 Sco,243.0304,-8.5475,+0.042,+0.003,5.43,0.12
6045,,The Nor,243.8137,-47.3722,-0.032,-0.051,5.14,-0.13
6047,,9 Her,243.3142,5.0211,+0.040,-0.007,5.48,1.47
6048,,17Chi Sco,243.4621,-11.8375,-0.010,-0.006,5.22,1.42
6055,,,244.1796,-53.8111,-0.006,+0.004,5.44,1.73
6056,Yed Prior,1Del Oph,243.5863,-3.6944,-0.044,-0.143,2.74,1.58
6058,,Gam1Nor,244.2538,-50.0683,-0.005,-0.004,4.99,0.80
6060,,18 Sco,243.9054,-8.3694,+0.234,-0.501,5.50,0.65
6070,,,244.5746,-28.6139,-0.028,-0.099,4.78,0.02
6071,,Lam Nor,244.8237,-42.6739,+0.016,-0.011,5.45,0.10
6072,,Gam2Nor,244.9600,-50.1556,-0.155,-0.053,4.02,1.08
6075,Yed Posterior,2Eps Oph,244.5804,-4.6925,+0.085,+0.041,3.24,0.96
6077,,,244.8862,-30.9067,+0.085,+0.023,5.49,0.47
6079,,19 UMi,242.7063,75.8775,-0.001,+0.013,5.48,-0.11
6081,,19Omi Sco,245.1592,-24.1694,-0.003,-0.023,4.55,0.84
6083,,,245.6167,-49.5722,-0.011,-0.024,5.33,-0.04
6084,Alniyat,20Sig Sco,245.2971,-25.5928,-0.010,-0.021,2.89,0.13
6086,,,244.3137,59.7550,+0.007,+0.028,5.40,1.63
6091,,,244.9796,39.7086,-0.132,+0.004,5.46,0.40
6092,,22Tau Her,244.9350,46.3133,-0.011,+0.040,3.89,-0.15
6093,,50Sig Ser,245.5183,1.0292,-0.155,+0.050,4.82,0.34
6094,,,246.0054,-39.1931,+0.075,+0.001,5.40,0.62
6095,,20Gam Her,245.4800,19.1531,-0.047,+0.043,3.75,0.27
6098,,Zet TrA,247.1171,-70.0844,+0.196,+0.108,4.91,0.55
6100,,,246.1321,-37.5658,-0.020,-0.024,5.42,-0.11
6102,,Gam Aps,248.3625,-78.8972,-0.131,-0.076,3.89,0.91
6103,,19Xi CrB,245.5242,30.8919,-0.096,+0.109,4.85,0.97
6104,,4Psi Oph,246.0258,-20.0375,-0.027,-0.047,4.50,1.01
6107,,20Nu 1CrB,245.5892,33.7992,+0.007,-0.037,5.20,1.60
6108,,21Nu 2CrB,245.6217,33.7036,-0.007,+0.059,5.39,1.53
6109,,Iot TrA,246.9887,-64.0581,+0.046,+0.027,5.27,0.36
6112,,5Rho Oph,246.3967,-23.4472,+0.002,-0.018,5.02,0.24
6115,,Eps Nor,246.7962,-47.5550,-0.005,-0.030,4.47,-0.07
6116,,21Eta UMi,244.3762,75.7553,-0.085,+0.252,4.95,0.37
6117,Cujam,24Ome Her,246.3542,14.0333,+0.044,-0.059,4.57,0.00
6118,,7Chi Oph,246.7558,-18.4564,-0.002,-0.022,4.42,0.28
6125,,,247.7058,-61.6336,-0.013,-0.013,5.20,1.23
6126,,,245.4529,69.1094,-0.019,-0.004,5.25,1.12
6128,,,246.9312,-7.5981,+0.014,-0.155,5.23,1.72
6129,,3Ups Oph,246.9504,-8.3717,-0.087,+0.021,4.63,0.17
6131,,,247.4263,-46.2433,-0.001,-0.005,5.35,0.56
6132,Athebyne,14Eta Dra,245.9979,61.5142,-0.017,+0.061,2.74,0.91
6134,Antares,21Alp Sco,247.3517,-26.4319,-0.010,-0.020,0.96,1.83
6135,,,248.5804,-70.9881,-0.017,-0.013,5.50,1.22
6136,,,247.1417,0.6650,+0.004,-0.067,5.39,1.46
6141,,22 Sco,247.5517,-25.1150,-0.008,-0.022,4.79,-0.11
6142,,,247.9237,-41.8169,-0.016,0.000,5.33,0.33
6143,,,247.8454,-34.7044,-0.009,-0.017,4.23,-0.16
6146,,30 Her,247.1604,41.8817,+0.030,-0.009,5.04,1.52
6147,,8Phi Oph,247.7846,-16.6128,-0.051,-0.035,4.28,0.92
6148,Kornephoros,27Bet Her,247.5550,21.4897,-0.098,-0.015,2.77,0.94
6149,Marfik,10Lam Oph,247.7283,1.9839,-0.027,-0.073,3.82,0.01
6152,,,247.6400,20.4792,-0.078,-0.063,5.25,1.29
6153,,9Ome Oph,248.0342,-21.4664,+0.028,+0.039,4.45,0.13
6155,,Mu Nor,248.5208,-44.0453,+0.005,-0.004,4.94,0.05
6159,,29 Her,248.1513,11.4881,-0.180,-0.078,4.84,1.49
6161,,15 Dra,246.9958,68.7681,-0.025,+0.036,5.00,-0.06
6163,,Bet Aps,250.7692,-77.5175,-0.287,-0.350,4.24,1.06
6164,,,249.0938,-42.8589,-0.006,-0.009,5.47,0.40
6165,Paikauhale,23Tau Sco,248.9708,-28.2161,-0.008,-0.022,2.82,-0.25
6166,,,249.0938,-35.2556,+0.022,0.000,4.16,1.57
6168,,35Sig Her,248.5258,42.4369,-0.011,+0.046,4.20,-0.01
6175,,13Zet Oph,249.2896,-10.5672,+0.014,+0.026,2.56,0.02
6185,,17 Dra,249.0571,52.9244,-0.009,+0.027,5.08,-0.04
6196,,,250.3933,-17.7422,-0.020,-0.001,4.96,1.11
6199,,,249.5017,56.0156,0.000,+0.066,5.29,1.08
6200,,42 Her,249.6871,48.9283,-0.047,+0.031,4.90,1.55
6204,,,251.6667,-67.1097,-0.014,-0.015,5.13,-0.08
6212,,40Zet Her,250.3217,31.6031,-0.470,+0.394,2.81,0.65
6217,Atria,Alp TrA,252.1662,-69.0278,+0.014,-0.034,1.92,1.44
6220,,44Eta Her,250.7242,38.9222,+0.037,-0.083,3.53,0.92
6221,,,251.6992,-39.3772,-0.032,-0.034,5.48,0.98
6223,,18 Dra,250.2296,64.5892,+0.001,-0.013,4.83,1.22
6228,,43 Her,251.4579,8.5825,0.000,+0.015,5.15,1.53
6229,,Eta Ara,252.4463,-59.0414,+0.038,-0.028,3.76,1.57
6234,,45 Her,251.9433,5.2467,-0.016,-0.041,5.24,-0.02
6237,,,251.3242,56.7819,+0.018,+0.066,4.85,0.38
6241,Larawag,26Eps Sco,252.5408,-34.2933,-0.611,-0.255,2.29,1.15
6243,,20 Oph,252.4583,-10.7831,+0.096,-0.093,4.65,0.47
6245,,,252.8904,-41.2306,+0.001,-0.001,5.22,0.07
6247,Xamidimura,Mu 1Sco,252.9675,-38.0475,-0.011,-0.025,3.08,-0.20
6250,,47 Her,252.5808,7.2478,+0.053,-0.011,5.49,0.10
6252,Pipirima,Mu 2Sco,253.0838,-38.0175,-0.011,-0.024,3.57,-0.21
6254,,52 Her,252.3092,45.9833,+0.026,-0.055,4.82,0.09
6260,,,253.5075,-41.8064,-0.008,-0.008,5.45,0.19
6262,,Zet1Sco,253.4988,-42.3622,+0.004,-0.004,4.73,0.49
6270,,51 Her,252.9387,24.6564,+0.011,+0.006,5.04,1.25
6271,,Zet2Sco,253.6458,-42.3614,-0.124,-0.236,3.62,1.37
6279,,53 Her,253.2421,31.7017,-0.091,-0.017,5.32,0.29
6280,,23 Oph,253.6487,-6.1539,-0.031,-0.020,5.25,1.08
6281,,25Iot Oph,253.5021,10.1653,-0.051,-0.036,4.38,-0.08
6285,,Zet Ara,254.6550,-55.9903,-0.019,-0.036,3.13,1.60
6287,,,253.7300,20.9586,+0.056,+0.006,5.41,0.97
6288,,27 Sco,254.2962,-33.2594,-0.009,-0.005,5.48,1.59
6293,,54 Her,253.8425,18.4333,-0.110,+0.014,5.35,1.41
6295,,Eps1Ara,254.8963,-53.1606,+0.004,+0.017,4.06,1.45
6299,,27Kap Oph,254.4171,9.3750,-0.291,-0.010,3.20,1.15
6314,,Eps2Ara,255.7867,-53.2369,-0.003,-0.144,5.29,0.48
6315,,19 Dra,254.0071,65.1347,+0.240,+0.050,4.89,0.48
6316,,,255.4696,-32.1436,-0.007,-0.051,5.03,-0.10
6318,,30 Oph,255.2650,-4.2225,-0.041,-0.075,4.82,1.48
6322,,22Eps UMi,251.4921,82.0372,+0.017,+0.006,4.23,0.89
6324,,58Eps Her,255.0725,30.9264,-0.047,+0.028,3.92,-0.01
6332,,59 Her,255.4017,33.5683,+0.003,+0.002,5.25,0.02
6334,,,256.2058,-34.1228,+0.008,-0.002,4.87,0.26
6337,,,255.7825,14.0919,+0.023,-0.064,4.98,1.60
6355,,60 Her,256.3446,12.7408,+0.051,-0.010,4.91,0.12
6371,,,257.6762,-44.5575,-0.033,-0.056,5.08,0.86
6377,,,257.0083,35.9353,-0.024,-0.010,5.39,0.31
6378,Sabik,35Eta Oph,257.5946,-15.7247,+0.039,+0.098,2.43,0.06
6380,,Eta Sco,258.0383,-43.2392,+0.024,-0.287,3.33,0.41
6388,,,257.3888,40.7772,-0.042,+0.012,5.08,1.28
6393,,37 Oph,258.1158,10.5853,+0.001,-0.026,5.33,1.59
6396,Aldhibah,22Zet Dra,257.1967,65.7147,-0.020,+0.022,3.17,-0.12
6401,,36 Oph,258.8375,-26.6028,-0.458,-1.142,5.11,0.86
6402,Guniibuu,36 Oph,258.8367,-26.6014,-0.491,-1.133,5.07,0.85
6406,Rasalgethi,64Alp1Her,258.6621,14.3903,-0.006,+0.036,3.48,1.44
6407,,64Alp2Her,258.6633,14.3900,-0.003,+0.045,5.39,
6410,Sarin,65Del Her,258.7579,24.8392,-0.021,-0.157,3.14,0.08
6411,,Iot Aps,260.5246,-70.1233,-0.006,-0.012,5.41,-0.04
6415,,41 Oph,259.1529,-0.4453,-0.023,-0.066,4.73,1.14
6416,,,259.7633,-46.6339,+0.979,+0.224,5.48,0.80
6417,,Zet Aps,260.4975,-67.7706,-0.042,-0.006,4.78,1.21
6418,,67Pi Her,258.7617,36.8092,-0.026,+0.004,3.16,1.44
6424,,39Omi Oph,259.5029,-24.2869,-0.054,-0.008,5.20,1.10
6431,,68 Her,259.3313,33.1000,-0.008,-0.003,4.82,-0.17
6433,,,259.6542,10.8644,+0.010,-0.095,5.03,1.55
6436,,69 Her,259.4179,37.2917,-0.034,+0.063,4.65,0.05
6445,,40Xi Oph,260.2508,-21.1128,+0.232,-0.206,4.39,0.39
6446,,53Nu Ser,260.2071,-12.8469,+0.042,+0.004,4.33,0.03
6451,,Iot Ara,260.8171,-47.4683,-0.010,-0.024,5.25,-0.11
6452,,,260.0788,18.0572,+0.009,-0.055,5.00,1.62
6453,,42The Oph,260.5025,-24.9994,-0.004,-0.020,3.27,-0.22
6455,,,260.0408,25.5375,+0.021,-0.015,5.38,0.03
6457,,70 Her,260.2258,24.4994,-0.022,+0.002,5.12,-0.03
6458,,72 Her,260.1650,32.4678,+0.137,-1.041,5.39,0.62
6459,,43 Oph,260.8400,-28.1431,+0.004,-0.031,5.35,1.55
6460,,,261.0542,-44.1625,-0.011,-0.028,5.12,-0.06
6461,,Bet Ara,261.3250,-55.5300,-0.008,-0.025,2.85,1.46
6462,,Gam Ara,261.3483,-56.3775,-0.002,-0.012,3.34,-0.13
6468,,Kap Ara,261.5000,-50.6336,+0.007,+0.001,5.23,1.06
6477,,,261.7146,-45.8436,-0.040,-0.040,5.29,-0.07
6484,,75Rho Her,260.9196,37.1467,-0.041,+0.004,5.47,
6485,,75Rho Her,260.9208,37.1458,-0.037,+0.006,4.52,-0.03
6486,,44 Oph,261.5925,-24.1753,0.000,-0.116,4.17,0.28
6492,,45 Oph,261.8388,-29.8669,+0.020,-0.139,4.29,0.40
6493,,,261.6579,-5.0867,-0.092,-0.043,4.54,0.39
6498,,49Sig Oph,261.6288,4.1403,+0.004,+0.007,4.34,1.50
6500,,Del Ara,262.7746,-60.6839,-0.059,-0.096,3.62,-0.10
6507,,,262.2071,0.3306,-0.062,+0.023,5.44,0.22
6508,Lesath,34Ups Sco,262.6908,-37.2958,-0.001,-0.031,2.69,-0.22
6510,,Alp Ara,262.9604,-49.8761,-0.031,-0.070,2.95,-0.17
6516,,,262.5992,-1.0625,-0.117,-0.170,5.31,0.72
6519,,51 Oph,262.8542,-23.9628,+0.004,-0.027,4.81,0.00
6526,Maasym,76Lam Her,262.6846,26.1106,+0.020,+0.018,4.41,1.44
6527,Shaula,35Lam Sco,263.4021,-37.1039,-0.001,-0.029,1.63,-0.22
6536,Rastaban,23Bet Dra,262.6083,52.3014,-0.016,+0.015,2.79,0.98
6537,,1Sig Ara,263.9150,-46.5056,-0.028,-0.035,4.59,-0.03
6546,,,264.1367,-38.6353,-0.012,-0.201,4.29,1.09
6549,,Pi Ara,264.5233,-54.5003,-0.039,-0.150,5.25,0.20
6553,Sargas,The Sco,264.3300,-42.9978,+0.015,-0.002,1.87,0.40
6554,,24Nu 1Dra,263.0442,55.1842,+0.147,+0.057,4.88,0.26
6555,,25Nu 2Dra,263.0667,55.1731,+0.148,+0.056,4.87,0.28
6556,Rasalhague,55Alp Oph,263.7337,12.5600,+0.120,-0.226,2.08,0.15
6561,,55Xi Ser,264.3967,-15.3986,-0.042,-0.058,3.54,0.26
6566,,27 Dra,262.9912,68.1350,-0.012,+0.134,5.05,1.08
6567,,57Mu Oph,264.4613,-8.1189,-0.009,-0.017,4.62,0.11
6569,,Lam Ara,265.0983,-49.4156,+0.078,-0.176,4.77,0.40
6573,,26 Dra,263.7479,61.8750,+0.260,-0.507,5.23,0.61
6574,,82 Her,264.1567,48.5856,+0.031,+0.065,5.37,1.15
6580,,Kap Sco,265.6221,-39.0300,-0.006,-0.027,2.41,-0.22
6581,,56Omi Ser,265.3537,-12.8753,-0.069,-0.052,4.26,0.08
6582,,Eta Pav,266.4333,-64.7239,-0.014,-0.054,3.62,1.19
6585,Cervantes,Mu Ara,266.0362,-51.8342,-0.014,-0.194,5.15,0.70
6588,,85Iot Her,264.8662,46.0064,-0.005,+0.005,3.80,-0.18
6595,,58 Oph,265.8575,-21.6833,-0.095,-0.043,4.87,0.47
6596,,28Ome Dra,264.2379,68.7581,+0.002,+0.323,4.80,0.43
6603,Cebalrai,60Bet Oph,265.8683,4.5672,-0.040,+0.159,2.77,1.16
6615,,Iot1Sco,266.8963,-40.1269,0.000,-0.008,3.03,0.51
6616,,3 Sgr,266.8900,-27.8308,-0.001,-0.009,4.54,0.80
6623,,86Mu Her,266.6146,27.7206,-0.311,-0.751,3.42,0.75
6628,,,267.2937,-31.7033,+0.011,-0.015,4.83,-0.04
6629,,62Gam Oph,266.9733,2.7072,-0.022,-0.074,3.75,0.04
6630,Fuyue,,267.4646,-37.0433,+0.049,+0.033,3.21,1.17
6631,,Iot2Sco,267.5467,-40.0906,+0.007,-0.008,4.81,0.26
6636,Dziban,31Psi1Dra,265.4846,72.1489,+0.025,-0.267,4.58,0.42
6644,,87 Her,267.2050,25.6228,-0.003,-0.039,5.12,1.16
6654,,,267.5954,29.3222,+0.029,+0.049,5.50,1.05
6656,,30 Dra,267.2679,50.7811,-0.048,+0.211,5.02,0.02
6675,,,269.1975,-44.3422,-0.006,-0.017,4.86,1.21
6677,,90 Her,268.3254,40.0081,+0.011,+0.053,5.16,1.18
6682,,,269.4487,-41.7161,-0.015,-0.010,4.88,1.65
6685,,89 Her,268.8550,26.0500,+0.004,+0.006,5.46,0.34
6686,,,269.1988,-4.0819,-0.012,-0.008,5.47,1.16
6688,Grumium,32Xi Dra,268.3821,56.8728,+0.094,+0.080,3.75,1.18
6693,,,269.7717,-30.2531,+0.002,-0.010,5.16,1.77
6695,,91The Her,269.0633,37.2506,+0.004,+0.006,3.86,1.35
6698,,64Nu Oph,269.7567,-9.7736,-0.007,-0.116,3.34,0.99
6700,,4 Sgr,269.9483,-23.8161,+0.001,-0.047,4.76,-0.04
6701,,35 Dra,267.3625,76.9628,+0.037,+0.248,5.04,0.49
6703,,92Xi Her,269.4412,29.2478,+0.084,-0.017,3.70,0.94
6705,Eltanin,33Gam Dra,269.1517,51.4889,-0.008,-0.019,2.23,1.52
6707,,94Nu Her,269.6258,30.1894,0.000,+0.007,4.41,0.39
6710,,57Zet Ser,270.1208,-3.6903,+0.147,-0.045,4.62,0.38
6712,,66 Oph,270.0658,4.3686,+0.003,-0.013,4.64,-0.03
6713,,93 Her,270.0142,16.7508,-0.007,-0.010,4.67,1.26
6714,,67 Oph,270.1612,2.9317,+0.002,-0.008,3.97,0.02
6721,,Chi Oct,283.6954,-87.6058,-0.039,-0.139,5.28,1.28
6723,,68 Oph,270.4383,1.3053,+0.015,-0.012,4.45,0.02
6724,,7 Sgr,270.7129,-24.2822,+0.005,-0.008,5.34,0.52
6725,,34Psi2Dra,268.7967,72.0050,+0.013,-0.001,5.45,0.30
6729,,95 Her,270.3746,21.5953,+0.011,+0.032,5.18,0.95
6730,,95 Her,270.3767,21.5956,+0.012,+0.035,4.96,0.12
6734,,69Tau Oph,270.7704,-8.1806,+0.028,-0.037,5.24,0.38
6738,,96 Her,270.5962,20.8336,+0.005,-0.010,5.28,-0.09
6742,,Gam1Sgr,271.2554,-29.5800,+0.013,0.000,4.69,0.78
6743,,The Ara,271.6579,-50.0917,-0.010,-0.014,3.66,-0.08
6745,,Pi Pav,272.1450,-63.6683,+0.013,-0.188,4.35,0.22
6746,Alnasl,10Gam2Sgr,271.4521,-30.4242,-0.053,-0.185,2.99,1.00
6752,,70 Oph,271.3637,2.4994,+0.266,-1.093,4.03,0.86
6761,,Iot Pav,272.6087,-62.0022,-0.087,+0.223,5.49,0.58
6765,,98 Her,271.5079,22.2189,-0.010,-0.008,5.06,1.58
6766,,,272.0208,-28.4572,+0.027,-0.030,4.57,0.94
6770,,71 Oph,271.8267,8.7339,+0.011,+0.032,4.64,0.96
6771,,72 Oph,271.8375,9.5639,-0.060,+0.080,3.73,0.12
6775,,99 Her,271.7563,30.5619,-0.094,+0.071,5.04,0.52
6779,,103Omi Her,271.8858,28.7625,+0.001,+0.009,3.83,-0.03
6783,,Eps Tel,272.8075,-45.9544,-0.017,-0.037,4.53,1.01
6787,,102 Her,272.1896,20.8144,-0.001,-0.005,4.36,-0.16
6789,Yildun,23Del UMi,263.0538,86.5864,+0.009,+0.056,4.36,0.02
6791,,,271.8700,43.4617,+0.002,-0.060,5.00,0.91
6793,,,272.0092,36.4014,-0.095,-0.183,5.48,1.17
6794,,101 Her,272.2204,20.0453,+0.008,-0.020,5.10,0.15
6801,,11 Sgr,272.9308,-23.7011,+0.017,-0.019,4.98,1.05
6804,,,273.3025,-41.3361,-0.013,-0.004,5.47,-0.17
6812,Polis,13Mu Sgr,273.4408,-21.0589,+0.002,+0.001,3.86,0.23
6815,,104 Her,272.9758,31.4053,-0.013,+0.030,4.97,1.65
6816,,14 Sgr,273.5663,-21.7131,-0.008,-0.022,5.44,1.52
6818,,,273.9696,-44.2067,+0.074,+0.012,5.46,0.96
6819,,,274.2813,-56.0233,-0.006,-0.013,5.33,-0.05
6822,,15 Sgr,273.8038,-20.7283,+0.003,+0.003,5.38,0.07
6829,,Phi Oct,275.9004,-75.0442,-0.006,+0.030,5.47,0.02
6832,,Eta Sgr,274.4067,-36.7617,-0.128,-0.167,3.11,1.56
6842,,,274.5133,-27.0425,+0.008,+0.005,4.65,1.66
6850,,36 Dra,273.4742,64.3972,+0.349,+0.035,5.03,0.38
6855,,Xi Pav,275.8067,-61.4939,+0.001,+0.003,4.36,1.48
6857,,,274.7896,7.2597,-0.047,+0.002,5.39,1.07
6858,,,275.0367,-15.8317,+0.037,-0.033,5.39,1.47
6859,Kaus Media,19Del Sgr,275.2487,-29.8281,+0.035,-0.028,2.70,1.38
6860,,105 Her,274.7946,24.4461,+0.009,+0.006,5.27,1.53
6862,,,275.5775,-38.6569,-0.033,-0.028,5.10,1.49
6866,,74 Oph,275.2171,3.3772,0.000,+0.010,4.86,0.91
6868,,106 Her,275.0746,21.9614,+0.017,-0.056,4.95,1.59
6869,,58Eta Ser,275.3275,-2.8989,-0.547,-0.700,3.26,0.94
6870,,,275.7212,-36.6694,0.000,-0.018,5.34,-0.14
6872,,1Kap Lyr,274.9654,36.0644,-0.015,+0.043,4.33,1.17
6875,,,276.0758,-44.1103,-0.002,-0.021,5.25,-0.19
6877,,107 Her,275.2542,28.8700,+0.005,+0.050,5.12,0.20
6879,Kaus Australis,20Eps Sgr,276.0429,-34.3847,-0.038,-0.124,1.85,-0.03
6882,,,275.5362,23.2853,+0.012,+0.077,5.41,1.60
6884,,Zet Sct,275.9146,-8.9342,+0.045,+0.046,4.68,0.95
6885,,,275.7042,17.8267,+0.071,+0.016,5.25,1.27
6891,,,275.3863,49.1217,-0.020,+0.053,5.05,1.66
6894,,,276.7246,-48.1169,-0.007,-0.042,5.46,0.84
6895,,109 Her,275.9246,21.7697,+0.196,-0.242,3.84,1.18
6896,,21 Sgr,276.3375,-20.5417,+0.006,-0.025,4.81,1.31
6897,,Alp Tel,276.7433,-45.9683,-0.016,-0.054,3.51,-0.17
6903,,2Mu Lyr,276.0575,39.5072,-0.023,-0.002,5.12,0.03
6905,,Zet Tel,277.2079,-49.0708,+0.144,-0.242,4.13,1.02
6913,Kaus Borealis,22Lam Sgr,276.9925,-25.4217,-0.044,-0.185,2.81,1.04
6916,,Nu Pav,277.8433,-62.2783,-0.003,-0.045,4.64,-0.11
6918,,59 Ser,276.8021,0.1961,-0.008,-0.002,5.21,0.50
6920,,43Phi Dra,275.1896,71.3378,-0.004,+0.040,4.22,-0.10
6923,,39 Dra,275.9771,58.8006,-0.039,+0.060,4.98,0.08
6927,,44Chi Dra,275.2642,72.7328,+0.532,-0.350,3.57,0.49
6930,,Gam Sct,277.2996,-14.5658,+0.003,-0.002,4.70,0.06
6934,,Del1Tel,277.9392,-45.9150,-0.008,-0.032,4.96,-0.11
6935,,60 Ser,277.4208,-1.9853,+0.032,-0.033,5.39,0.96
6936,,,277.7700,-32.9892,-0.001,-0.045,5.34,0.16
6938,,Del2Tel,278.0083,-45.7572,+0.004,-0.008,5.07,-0.14
6942,,,278.0892,-39.7039,+0.036,-0.040,5.16,0.08
6944,,,277.8596,-18.4028,-0.003,-0.025,5.14,0.00
6945,Fafnir,42 Dra,276.4963,65.5636,+0.105,-0.023,4.82,1.19
6951,,The CrA,278.3758,-42.3125,+0.031,-0.022,4.64,1.01
6959,,,278.1804,-14.8656,-0.004,+0.001,5.50,1.97
6960,,,278.4908,-33.0167,+0.004,-0.010,5.28,-0.11
6961,,24 Sgr,278.4729,-24.0325,+0.002,-0.010,5.49,1.79
6968,,,278.2079,30.5542,+0.010,+0.009,5.48,-0.10
6970,,,278.7600,-10.9772,+0.051,-0.004,5.14,0.92
6973,,Alp Sct,278.8017,-8.2442,-0.015,-0.312,3.85,1.33
6978,,45 Dra,278.1438,57.0456,+0.001,-0.006,4.77,0.61
6982,,Zet Pav,280.7588,-71.4281,-0.005,-0.156,4.01,1.14
6983,,,278.4863,52.3536,-0.002,+0.008,5.36,1.09
6985,,,279.1158,9.1225,-0.002,-0.129,5.39,0.37
6987,,,279.1629,6.6719,-0.025,-0.141,5.45,0.37
6991,,,279.8958,-43.1861,-0.052,-0.052,5.37,1.68
6997,,,279.1550,33.4689,-0.019,0.000,5.42,-0.10
7001,Vega,3Alp Lyr,279.2346,38.7836,+0.202,+0.286,0.03,0.00
7012,,,281.3621,-64.8714,+0.027,-0.149,4.79,0.20
7020,,Del Sct,280.5683,-9.0525,+0.009,+0.002,4.72,0.35
7021,,Lam CrA,280.9454,-38.3236,+0.003,-0.057,5.13,0.09
7029,,,281.0808,-35.6419,0.000,-0.031,4.87,-0.18
7031,,,281.2383,-39.6864,+0.008,-0.011,5.43,0.87
7032,,Eps Sct,280.8804,-8.2753,+0.022,+0.008,4.90,1.12
7039,,27Phi Sgr,281.4142,-26.9908,+0.053,0.000,3.17,-0.11
7040,,4 Aql,281.2079,2.0600,+0.009,-0.018,5.02,-0.06
7046,,28 Sgr,281.5858,-22.3922,+0.031,0.000,5.37,1.64
7049,,46 Dra,280.6579,55.5394,-0.002,+0.024,5.04,-0.09
7050,,Mu CrA,281.9358,-40.4061,+0.030,-0.017,5.24,0.78
7051,,4Eps1Lyr,281.0850,39.6700,+0.017,+0.059,5.06,0.16
7053,,5Eps2Lyr,281.0954,39.6131,+0.008,+0.064,5.14,0.19
7054,,5Eps2Lyr,281.0954,39.6128,+0.007,+0.064,5.37,
7056,,6Zet1Lyr,281.1933,37.6050,+0.028,+0.024,4.36,0.19
7061,,110 Her,281.4154,20.5464,-0.008,-0.335,4.19,0.46
7062,,Eta1CrA,282.2104,-43.6800,+0.025,-0.019,5.49,0.13
7063,,Bet Sct,281.7938,-4.7478,-0.004,-0.016,4.22,1.10
7064,,,281.5187,26.6622,+0.018,+0.024,4.83,1.20
7066,,,281.8708,-5.7050,-0.041,-0.028,5.20,1.47
7069,,111 Her,281.7554,18.1814,+0.073,+0.116,4.36,0.13
7074,,Lam Pav,283.0542,-62.1875,-0.006,-0.014,4.22,-0.14
7078,,29 Sgr,282.4171,-20.3247,+0.005,+0.036,5.24,1.41
7087,,Kap Tel,283.1650,-52.1075,+0.041,-0.103,5.17,0.94
7102,,9Nu 2Lyr,282.4704,32.5508,-0.009,-0.014,5.25,0.08
7106,Sheliak,10Bet Lyr,282.5200,33.3628,+0.003,-0.003,3.45,0.00
7107,,Kap Pav,284.2375,-67.2336,-0.010,+0.012,4.44,0.71
7113,,112 Her,283.0683,21.4253,-0.006,-0.008,5.48,-0.07
7116,Ainalrami,32Nu 1Sgr,283.5425,-22.7450,+0.010,-0.010,4.83,1.41
7117,,,281.4446,74.0856,+0.005,+0.077,5.27,0.92
7119,,,283.6796,-15.6031,-0.008,-0.005,5.10,0.17
7120,,35Nu 2Sgr,283.7796,-22.6714,+0.103,-0.026,4.99,1.33
7121,Nunki,34Sig Sgr,283.8163,-26.2967,+0.013,-0.054,2.02,-0.22
7122,,,284.0704,-42.7106,-0.035,-0.026,5.36,1.00
7124,,50 Dra,281.5925,75.4339,-0.015,+0.073,5.35,0.05
7125,,47Omi Dra,282.8004,59.3883,+0.079,+0.027,4.66,1.19
7127,,Ome Pav,284.6517,-60.2006,-0.126,+0.031,5.14,1.37
7129,,,284.1687,-37.3433,+0.009,-0.026,5.38,-0.14
7133,,113 Her,283.6871,22.6450,0.000,+0.001,4.59,0.78
7134,,Lam Tel,284.6154,-52.9386,+0.010,-0.011,4.87,-0.05
7137,,,283.3067,50.7083,+0.005,-0.025,4.92,0.90
7139,,12Del2Lyr,283.6258,36.8989,-0.009,+0.010,4.30,1.68
7141,Alya,63The1Ser,284.0550,4.2036,+0.049,+0.031,4.62,0.17
7142,,63The2Ser,284.0608,4.2019,+0.049,+0.026,4.98,0.20
7145,,36Xi 1Sgr,284.3354,-20.6564,-0.001,-0.007,5.08,0.13
7146,,,283.7175,41.6028,+0.002,-0.002,5.44,1.03
7149,,Eta Sct,284.2654,-5.8461,+0.066,-0.036,4.83,1.08
7150,,37Xi 2Sgr,284.4325,-21.1067,+0.033,-0.012,3.51,1.18
7152,,Eps CrA,284.6808,-37.1075,-0.132,-0.105,4.87,0.41
7157,,13 Lyr,283.8338,43.9461,+0.023,+0.083,4.04,1.59
7162,,,284.2567,32.9014,+0.172,-0.157,5.22,0.59
7165,,,284.5612,17.3608,-0.003,-0.007,5.38,0.80
7172,,11 Aql,284.7738,13.6225,+0.014,-0.123,5.23,0.53
7176,,13Eps Aql,284.9058,15.0683,-0.051,-0.073,4.02,1.08
7178,Sulafat,14Gam Lyr,284.7358,32.6894,-0.002,+0.002,3.24,-0.05
7180,,52Ups Dra,283.5996,71.2972,+0.049,+0.044,4.82,1.15
7181,,,284.9396,26.2306,+0.088,-0.008,5.27,1.24
7188,,Zet CrA,285.7788,-42.0953,+0.061,-0.049,4.75,-0.02
7192,,15Lam Lyr,285.0038,32.1456,+0.013,+0.013,4.93,1.47
7193,,12 Aql,285.4200,-5.7389,-0.019,-0.033,4.02,1.09
7194,Ascella,38Zet Sgr,285.6529,-29.8803,-0.015,-0.002,2.60,0.08
7209,,14 Aql,285.7271,-3.6989,+0.023,+0.007,5.42,0.00
7210,,,285.0571,50.5336,+0.009,+0.005,5.38,-0.18
7211,,,286.1046,-31.0469,+0.014,-0.016,5.50,0.03
7213,,Rho Tel,286.5829,-52.3408,+0.030,-0.118,5.16,0.53
7215,,16 Lyr,285.3600,46.9347,+0.020,-0.084,5.01,0.19
7217,,39Omi Sgr,286.1708,-21.7417,+0.080,-0.060,3.77,1.01
7218,,49 Dra,285.1808,55.6583,-0.016,-0.006,5.48,0.86
7221,,,287.4696,-68.4247,+0.145,-0.052,5.33,0.91
7225,,15 Aql,286.2400,-4.0314,+0.020,-0.027,5.42,1.12
7226,,Gam CrA,286.6046,-37.0633,+0.096,-0.274,4.93,0.52
7227,,Gam CrA,286.6046,-37.0633,+0.096,-0.274,4.99,0.52
7228,Polaris Australis,Sig Oct,317.1925,-88.9564,+0.023,+0.005,5.47,0.27
7234,,40Tau Sgr,286.7350,-27.6706,-0.053,-0.251,3.32,1.19
7235,Okab,17Zet Aql,286.3525,13.8633,-0.005,-0.096,2.99,0.01
7236,,16Lam Aql,286.5621,-4.8825,-0.017,-0.090,3.44,-0.09
7242,,Del CrA,287.0871,-40.4967,+0.037,-0.026,4.59,1.09
7248,,18 Aql,286.7442,11.0714,+0.005,-0.026,5.09,-0.07
7251,,51 Dra,286.2300,53.3967,-0.003,+0.025,5.38,-0.01
7254,Meridiana,Alp CrA,287.3679,-37.9044,+0.084,-0.098,4.11,0.04
7259,,Bet CrA,287.5071,-39.3408,+0.003,-0.038,4.11,1.20
7261,,17 Lyr,286.8567,32.5017,+0.130,+0.023,5.23,0.34
7262,,18Iot Lyr,286.8254,36.1003,+0.001,-0.004,5.28,-0.11
7264,Albaldah,41Pi Sgr,287.4408,-21.0236,0.000,-0.035,2.89,0.35
7266,,19 Aql,287.2496,6.0733,-0.006,-0.076,5.22,0.35
7279,,20 Aql,288.1696,-7.9394,+0.016,-0.006,5.34,0.13
7287,,21 Aql,288.4279,2.2936,+0.009,-0.003,5.15,-0.07
7289,,,289.0904,-45.4664,-0.003,+0.002,5.40,1.35
7292,,42Psi Sgr,288.8850,-25.2567,+0.045,-0.025,4.85,0.56
7295,,53 Dra,287.9187,56.8592,+0.039,+0.048,5.12,1.01
7298,Aladfar,20Eta Lyr,288.4396,39.1461,+0.004,+0.002,4.39,-0.15
7304,,43 Sgr,289.4087,-18.9531,-0.012,-0.014,4.96,1.02
7306,,1 Vul,289.0542,21.3903,0.000,-0.009,4.77,-0.05
7309,,54 Dra,288.4800,57.7050,-0.010,-0.070,4.99,1.16
7310,Altais,57Del Dra,288.1388,67.6617,+0.094,+0.093,3.07,1.00
7312,,59 Dra,287.2908,76.5606,+0.047,-0.123,5.13,0.31
7314,,21The Lyr,289.0921,38.1336,-0.001,+0.004,4.36,1.26
7315,,25Ome1Aql,289.4542,11.5953,+0.003,+0.013,5.28,0.20
7318,,2 Vul,289.4317,23.0256,+0.001,-0.005,5.43,0.02
7319,,23 Aql,289.6354,1.0853,+0.010,+0.019,5.10,1.15
7328,,1Kap Cyg,289.2758,53.3686,+0.059,+0.125,3.77,0.96
7329,,Eta Tel,290.7129,-54.4236,+0.015,-0.072,5.05,0.02
7333,,26 Aql,290.1371,-5.4158,+0.116,+0.048,5.01,0.92
7336,,27 Aql,290.1487,-0.8922,+0.006,+0.006,5.49,-0.04
7337,Arkab Prior,Bet1Sgr,290.6596,-44.4589,+0.009,-0.020,4.01,-0.10
7340,,44Rho1Sgr,290.4183,-17.8472,-0.024,+0.024,3.93,0.22
7342,,46Ups Sgr,290.4317,-15.9550,+0.002,-0.006,4.61,0.10
7343,Arkab Posterior,Bet2Sgr,290.8050,-44.7997,+0.097,-0.054,4.29,0.34
7348,Rukbat,Alp Sgr,290.9717,-40.6161,+0.030,-0.123,3.97,-0.10
7352,,60Tau Dra,288.8875,73.3556,-0.140,+0.107,4.45,1.25
7358,,3 Vul,290.7121,26.2625,-0.001,-0.010,5.18,-0.12
7362,,47Chi1Sgr,291.3188,-24.5086,+0.056,-0.054,5.03,0.23
7363,,49Chi3Sgr,291.3738,-23.9622,-0.014,-0.005,5.43,1.43
7371,,58Pi Dra,290.1671,65.7147,+0.012,+0.045,4.59,0.02
7372,,2 Cyg,291.0317,29.6214,+0.013,+0.013,4.97,-0.10
7373,,31 Aql,291.2425,11.9444,+0.722,+0.643,5.16,0.77
7377,,30Del Aql,291.3746,3.1147,+0.257,+0.082,3.36,0.32
7385,,4 Vul,291.3692,19.7986,+0.095,-0.063,5.16,0.98
7387,,32Nu Aql,291.6296,0.3386,0.000,+0.001,4.66,0.60
7395,,4 Cyg,291.5379,36.3178,+0.005,+0.014,5.15,-0.12
7405,Anser,6Alp Vul,292.1762,24.6650,-0.125,-0.106,4.44,1.50
7414,,36 Aql,292.6658,-2.7889,+0.023,-0.010,5.03,1.75
7417,Albireo,6Bet1Cyg,292.6804,27.9597,+0.002,-0.002,3.08,1.13
7418,,6Bet2Cyg,292.6887,27.9653,-0.009,0.000,5.11,-0.10
7420,,10Iot2Cyg,292.4262,51.7297,+0.020,+0.130,3.79,0.14
7424,,Iot Tel,293.8042,-48.0992,-0.009,-0.038,4.90,1.09
7426,,8 Cyg,292.9429,34.4531,+0.001,-0.003,4.74,-0.14
7429,,38Mu Aql,293.5225,7.3789,+0.216,-0.157,4.45,1.17
7430,,37 Aql,293.7804,-10.5603,+0.009,+0.003,5.12,1.13
7437,,9 Vul,293.6454,19.7733,+0.008,+0.002,5.00,-0.09
7440,,52 Sgr,294.1767,-24.8836,+0.069,-0.021,4.60,-0.07
7441,,9 Cyg,293.7121,29.4631,+0.015,+0.024,5.38,0.55
7444,,,293.6717,42.4128,-0.004,-0.022,5.35,0.05
7446,,39Kap Aql,294.2229,-7.0275,+0.003,-0.004,4.95,0.00
7447,,41Iot Aql,294.1804,-1.2864,+0.004,-0.018,4.36,-0.08
7454,,,294.3933,-14.3017,-0.105,-0.142,5.47,0.50
7460,,42 Aql,294.4471,-4.6475,+0.107,-0.051,5.46,0.43
7462,Alsafi,61Sig Dra,293.0900,69.6611,+0.600,-1.738,4.68,0.79
7468,,,294.1579,44.6950,-0.101,-0.102,5.17,0.93
7469,,13The Cyg,294.1104,50.2211,-0.017,+0.257,4.48,0.38
7474,,44Sig Aql,294.7983,5.3978,+0.001,-0.001,5.17,0.03
7478,,12Phi Cyg,294.8442,30.1533,+0.004,+0.037,4.69,0.97
7479,Sham,5Alp Sge,295.0242,18.0139,+0.014,-0.021,4.37,0.78
7483,,14 Cyg,294.8604,42.8183,+0.022,+0.031,5.40,-0.08
7488,,6Bet Sge,295.2621,17.4761,+0.010,-0.032,4.37,1.05
7489,,55 Sgr,295.6296,-16.1239,+0.068,-0.009,5.06,0.33
7495,,,295.2092,45.5250,+0.086,+0.127,5.06,0.40
7496,,,295.8896,-15.4700,+0.154,-0.180,5.49,0.46
7497,,47Chi Aql,295.6417,11.8267,-0.001,-0.007,5.27,0.57
7498,,,297.3554,-72.5033,0.000,+0.017,5.41,0.22
7506,,10 Vul,295.9287,25.7719,+0.012,+0.019,5.49,0.93
7510,,Nu Tel,297.0050,-56.3625,+0.088,-0.137,5.35,0.20
7515,,56 Sgr,296.5904,-19.7611,-0.129,-0.089,4.86,0.93
7517,,15 Cyg,296.0692,37.3544,+0.075,+0.035,4.89,0.95
7525,Tarazed,50Gam Aql,296.5650,10.6133,+0.018,-0.002,2.72,1.52
7528,Fawaris,18Del Cyg,296.2437,45.1308,+0.053,+0.047,2.87,-0.03
7531,,,297.6867,-59.1931,+0.015,+0.004,5.42,0.08
7534,,17 Cyg,296.6067,33.7278,+0.023,-0.446,4.99,0.47
7536,,7Del Sge,296.8471,18.5342,+0.007,+0.008,3.82,1.41
7546,,8Zet Sge,297.2446,19.1422,+0.021,+0.030,5.00,0.10
7552,,,297.9608,-39.8744,+0.023,-0.015,5.33,-0.06
7553,,51 Aql,297.6950,-10.7636,-0.030,+0.033,5.39,0.38
7557,Altair,53Alp Aql,297.6958,8.8683,+0.538,+0.386,0.77,0.22
7560,,54Omi Aql,297.7567,10.4156,+0.242,-0.139,5.11,0.55
7564,,Chi Cyg,297.6412,32.9142,-0.027,-0.040,4.23,1.82
7565,,12 Vul,297.7671,22.6100,+0.028,-0.017,4.95,-0.14
7566,,19 Cyg,297.6417,38.7225,+0.011,+0.107,5.12,1.69
7570,,55Eta Aql,298.1183,1.0056,+0.011,-0.007,3.90,0.89
7576,,20 Cyg,297.6571,52.9881,-0.008,-0.068,5.03,1.28
7581,,Iot Sgr,298.8154,-41.8683,+0.017,+0.056,4.13,1.08
7582,,63Eps Dra,297.0433,70.2678,+0.082,+0.037,3.83,0.89
7587,,,299.2758,-58.9014,+0.015,-0.021,5.26,-0.01
7590,,Eps Pav,300.1479,-72.9106,+0.074,-0.132,3.96,-0.03
7592,,13 Vul,298.3654,24.0797,+0.027,+0.038,4.58,-0.06
7595,Libertas,59Xi Aql,298.5621,8.4614,+0.101,-0.081,4.71,1.05
7597,Terebellum,58Ome Sgr,298.9600,-26.2994,+0.207,+0.083,4.70,0.75
7602,Alshain,60Bet Aql,298.8283,6.4067,+0.048,-0.482,3.71,0.86
7604,,59 Sgr,299.2367,-27.1700,+0.008,-0.013,4.52,1.46
7608,,23 Cyg,298.3225,57.5236,+0.009,+0.013,5.14,-0.13
7609,,10 Sge,299.0054,16.6347,+0.004,-0.004,5.36,0.67
7610,,61Phi Aql,299.0596,11.4239,+0.034,+0.009,5.28,-0.01
7612,,Mu 2Pav,300.4683,-66.9442,+0.030,-0.073,5.31,1.22
7613,,22 Cyg,298.9654,38.4867,0.000,+0.002,4.94,-0.08
7614,,61 Sgr,299.4875,-15.4914,+0.017,-0.101,5.02,0.05
7615,,21Eta Cyg,299.0767,35.0833,-0.032,-0.027,3.89,1.02
7618,,60 Sgr,299.7383,-26.1956,+0.035,+0.033,4.83,0.90
7619,,24Psi Cyg,298.9075,52.4389,-0.037,-0.030,4.92,0.12
7623,,The1Sgr,299.9342,-35.2764,+0.006,-0.026,4.37,-0.15
7624,,The2Sgr,299.9638,-34.6978,+0.100,-0.075,5.30,0.17
7625,,,300.4362,-59.3761,+0.017,-0.033,5.13,1.53
7628,,,299.3079,40.3681,+0.008,+0.007,5.45,-0.10
7633,,,298.9808,58.8461,-0.009,-0.019,4.96,1.59
7635,,12Gam Sge,299.6892,19.4922,+0.066,+0.024,3.47,1.57
7640,,,299.6583,30.9836,+0.041,+0.003,5.49,-0.06
7645,,13 Sge,300.0137,17.5167,+0.004,-0.011,5.37,1.67
7647,,25 Cyg,299.9800,37.0428,+0.006,+0.001,5.19,-0.17
7650,,62 Sgr,300.6646,-27.7097,+0.036,+0.017,4.58,1.65
7652,,,300.8896,-37.9408,+0.059,-0.092,4.77,1.41
7653,,15 Vul,300.2754,27.7536,+0.059,+0.005,4.64,0.18
7657,,16 Vul,300.5058,24.9381,+0.088,+0.070,5.22,0.36
7659,,,301.0817,-32.0564,+0.047,-0.015,4.99,1.21
7660,,26 Cyg,300.3400,50.1047,+0.019,+0.004,5.05,1.11
7665,,Del Pav,302.1817,-66.1819,+1.207,-1.131,3.56,0.76
7673,,Xi Tel,301.8467,-52.8808,-0.014,+0.008,4.94,1.62
7676,,64 Dra,300.3687,64.8211,+0.007,-0.012,5.27,1.56
7679,,16Eta Sge,301.2896,19.9911,+0.030,+0.078,5.10,1.06
7685,,67Rho Dra,300.7046,67.8736,+0.016,+0.046,4.51,1.32
7688,,17 Vul,301.7225,23.6144,+0.015,+0.003,5.07,-0.18
7689,,27 Cyg,301.5908,35.9725,-0.224,-0.438,5.36,0.85
7701,,66 Dra,301.3867,61.9956,+0.121,+0.074,5.39,1.18
7703,,,302.7996,-36.1011,+0.458,-1.571,5.32,0.87
7708,,28 Cyg,302.3567,36.8397,+0.005,+0.014,4.93,-0.13
7710,,65The Aql,302.8263,-0.8214,+0.038,+0.004,3.23,-0.07
7718,,19 Vul,302.9500,26.8089,+0.007,-0.010,5.49,1.41
7720,,66 Aql,303.3079,-1.0094,+0.022,-0.028,5.47,1.43
7724,,67Rho Aql,303.5692,15.1975,+0.057,+0.057,4.95,0.08
7730,,30 Cyg,303.3250,46.8158,+0.012,-0.001,4.83,0.09
7731,,21 Vul,303.5604,28.6947,+0.014,-0.022,5.18,0.18
7735,,31 Cyg,303.4079,46.7414,+0.004,+0.003,3.79,1.28
7736,,29 Cyg,303.6333,36.8064,+0.068,+0.070,4.97,0.14
7739,,,303.8163,25.5919,+0.008,-0.006,4.78,-0.18
7740,,33 Cyg,303.3496,56.5678,+0.063,+0.083,4.30,0.11
7741,,22 Vul,303.8758,23.5086,0.000,-0.015,5.15,1.04
7744,,23 Vul,303.9421,27.8142,-0.036,+0.008,4.52,1.26
7747,,5Alp1Cap,304.4121,-12.5083,+0.023,+0.001,4.24,1.07
7750,,1Kap Cep,302.2221,77.7114,+0.011,+0.024,4.39,-0.05
7751,,32 Cyg,303.8679,47.7144,+0.001,+0.008,3.98,1.52
7753,,24 Vul,304.1963,24.6711,+0.016,-0.018,5.32,0.95
7754,Algedi,6Alp2Cap,304.5137,-12.5447,+0.064,+0.004,3.57,0.94
7759,,,304.2304,40.3650,+0.004,-0.003,5.24,1.65
7761,,7Sig Cap,304.8483,-19.1186,+0.009,-0.009,5.28,1.40
7763,,34 Cyg,304.4467,38.0331,-0.005,-0.004,4.81,0.42
7770,,35 Cyg,304.6629,34.9828,+0.001,-0.003,5.17,0.65
7773,Alshat,8Nu Cap,305.1658,-12.7592,+0.019,-0.019,4.76,-0.05
7776,Dabih,9Bet Cap,305.2529,-14.7814,+0.042,+0.002,3.08,0.79
7790,Peacock,Alp Pav,306.4121,-56.7350,+0.007,-0.089,1.94,-0.20
7794,,,305.7946,5.3431,-0.026,-0.039,5.31,0.97
7796,Sadr,37Gam Cyg,305.5571,40.2567,+0.004,0.000,2.20,0.68
7806,,39 Cyg,305.9654,32.1900,+0.049,-0.005,4.43,1.33
7814,,10Pi Cap,306.8300,-18.2117,+0.015,-0.011,5.25,-0.07
7822,,11Rho Cap,307.2150,-17.8136,-0.014,-0.021,4.78,0.38
7831,,69 Aql,307.4125,-2.8856,+0.073,-0.021,4.91,1.15
7834,,41 Cyg,307.3487,30.3686,+0.007,0.000,4.01,0.40
7844,,45Ome1Cyg,307.5146,48.9517,+0.013,+0.008,4.95,-0.09
7846,,Nu Mic,308.4796,-44.5161,+0.011,-0.043,5.11,1.01
7848,,Phi1Pav,308.8950,-60.5817,+0.068,-0.182,4.76,0.28
7850,,2The Cep,307.3954,62.9942,+0.044,-0.013,4.22,0.20
7851,,46Ome2Cyg,307.8283,49.2203,+0.012,-0.028,5.44,1.55
7852,Aldulfin,2Eps Del,308.3033,11.3033,+0.013,-0.022,4.03,-0.13
7858,,3Eta Del,308.4875,13.0272,+0.072,+0.026,5.38,0.07
7859,,Rho Pav,309.3971,-61.5300,+0.057,-0.072,4.88,0.43
7866,,47 Cyg,308.4758,35.2508,+0.002,-0.006,4.61,1.60
7869,,Alp Ind,309.3917,-47.2914,+0.053,+0.066,3.11,1.00
7871,,4Zet Del,308.8271,14.6742,+0.046,+0.013,4.68,0.11
7873,,70 Aql,309.1817,-2.5500,+0.013,-0.011,4.89,1.60
7875,,Phi2Pav,310.0108,-60.5489,+0.307,-0.570,5.12,0.53
7879,,73 Dra,307.8767,74.9547,+0.005,-0.015,5.20,0.07
7881,,Ups Pav,310.4879,-66.7608,+0.009,-0.025,5.15,-0.06
7882,Rotanev,6Bet Del,309.3875,14.5953,+0.113,-0.033,3.63,0.44
7883,,5Iot Del,309.4546,11.3778,+0.040,-0.007,5.43,0.06
7884,,71 Aql,309.5846,-1.1053,+0.015,-0.022,4.32,0.95
7889,,14Tau Cap,309.8183,-14.9547,+0.007,-0.022,5.22,-0.12
7891,,29 Vul,309.6304,21.2011,+0.071,+0.005,4.82,-0.02
7893,,,310.0825,-33.4319,+0.024,+0.036,5.47,1.12
7894,,28 Vul,309.6329,24.1161,+0.010,-0.002,5.04,-0.14
7896,,7Kap Del,309.7825,10.0861,+0.321,+0.023,5.05,0.72
7897,,1 Aqr,309.8537,0.4864,+0.101,-0.015,5.16,1.06
7900,,15Ups Cap,310.0125,-18.1386,-0.022,-0.021,5.10,1.66
7901,,75 Dra,307.0608,81.4228,+0.033,+0.015,5.46,1.02
7906,Sualocin,9Alp Del,309.9096,15.9119,+0.066,-0.002,3.77,-0.06
7913,,Bet Pav,311.2396,-66.2031,-0.046,+0.012,3.42,0.16
7920,,Eta Ind,311.0096,-51.9211,+0.158,-0.058,4.51,0.27
7924,Deneb,50Alp Cyg,310.3579,45.2803,+0.003,+0.002,1.25,0.09
7928,,11Del Del,310.8646,15.0744,-0.019,-0.043,4.43,0.32
7929,,51 Cyg,310.5525,50.3400,+0.003,+0.005,5.39,-0.10
7933,,,311.5838,-39.1992,+0.049,-0.030,5.50,-0.10
7934,,Sig Pav,312.3254,-68.7764,-0.069,-0.049,5.41,1.12
7936,,16Psi Cap,311.5237,-25.2708,-0.050,-0.157,4.14,0.43
7939,,30 Vul,311.2188,25.2706,-0.028,-0.182,4.91,1.18
7942,,52 Cyg,311.4154,30.7197,-0.010,+0.028,4.22,1.05
7943,,Iot Mic,312.1217,-43.9886,+0.185,-0.106,5.11,0.35
7947,,12Gam1Del,311.6612,16.1244,-0.030,-0.191,5.14,0.49
7948,,12Gam2Del,311.6646,16.1242,-0.032,-0.197,4.27,1.04
7949,Aljanah,53Eps Cyg,311.5529,33.9703,+0.356,+0.328,2.46,1.03
7950,Albali,2Eps Aqr,311.9192,-9.4958,+0.035,-0.034,3.77,0.00
7951,,3 Aqr,311.9342,-5.0278,+0.003,-0.040,4.42,1.65
7952,,Zet Ind,312.3708,-46.2269,+0.040,+0.024,4.89,1.52
7955,,,311.3379,57.5797,-0.064,-0.236,4.51,0.54
7956,,,311.7950,34.3742,+0.047,+0.004,4.92,1.32
7957,,3Eta Cep,311.3225,61.8389,+0.087,+0.818,3.43,0.92
7963,,54Lam Cyg,311.8521,36.4908,+0.009,-0.005,4.53,-0.11
7965,,Alp Mic,312.4921,-33.7797,+0.010,-0.025,4.90,1.00
7968,,Iot Ind,312.8754,-51.6083,+0.007,-0.014,5.05,1.13
7977,,55 Cyg,312.2346,46.1142,+0.004,0.000,4.84,0.41
7980,,18Ome Cap,312.9554,-26.9192,-0.006,-0.001,4.11,1.64
7984,,56 Cyg,312.5204,44.0594,+0.126,+0.133,5.04,0.20
7986,,Bet Ind,313.7025,-58.4542,+0.017,-0.026,3.65,1.25
7987,,,313.4175,-39.8100,+0.044,-0.102,5.35,1.32
7990,,6Mu Aqr,313.1633,-8.9833,+0.044,-0.030,4.73,0.32
7995,,31 Vul,313.0321,27.0969,-0.067,-0.065,4.59,0.83
8001,,57 Cyg,313.3117,44.3872,+0.010,+0.001,4.78,-0.14
8003,,,313.3275,45.1819,+0.014,+0.003,5.45,1.10
8005,,,313.4746,33.4378,-0.021,+0.038,5.47,1.52
8008,,32 Vul,313.6400,28.0575,0.000,-0.002,5.01,1.48
8011,,17 Del,313.9029,13.7214,+0.021,-0.014,5.17,1.12
8016,,,311.8892,80.5522,-0.031,-0.037,5.39,1.12
8021,,Alp Oct,316.1792,-77.0239,+0.006,-0.369,5.15,0.49
8028,,58Nu Cyg,314.2933,41.1672,+0.012,-0.016,3.94,0.02
8030,Musica,18 Del,314.6079,10.8392,-0.051,-0.036,5.48,0.93
8032,,33 Vul,314.5683,22.3258,-0.003,-0.003,5.31,1.40
8034,,1Eps Equ,314.7683,4.2936,-0.109,-0.148,5.23,0.46
8039,,Gam Mic,315.3229,-32.2578,-0.002,+0.005,4.67,0.89
8047,,59 Cyg,314.9567,47.5211,+0.006,+0.002,4.74,-0.05
8048,,Zet Mic,315.7417,-38.6317,-0.028,-0.111,5.30,0.41
8053,,60 Cyg,315.2954,46.1558,+0.006,+0.008,5.37,-0.21
8055,,Mu Ind,316.3092,-54.7272,+0.010,-0.046,5.16,1.21
8060,,22Eta Cap,316.1012,-19.8550,-0.034,-0.037,4.84,0.17
8075,,23The Cap,316.4867,-17.2328,+0.083,-0.060,4.07,-0.01
8076,,,316.6029,-32.3417,-0.001,+0.010,5.18,1.10
8079,,62Xi Cyg,316.2329,43.9278,+0.008,+0.001,3.72,1.65
8080,,24 Cap,316.7821,-25.0058,-0.023,-0.043,4.50,1.61
8085,,61 Cyg,316.7275,38.7458,+4.136,+3.203,5.21,1.18
8087,,25Chi Cap,317.1400,-21.1936,+0.022,-0.060,5.30,0.01
8089,,63 Cyg,316.6504,47.6483,+0.008,+0.001,4.55,1.57
8092,,Omi Pav,318.3354,-70.1264,+0.040,-0.025,5.02,1.58
8093,,13Nu Aqr,317.3987,-11.3717,+0.095,-0.015,4.51,0.94
8097,,5Gam Equ,317.5854,10.1317,+0.057,-0.153,4.69,0.26
8104,,,318.2629,-39.4253,+0.186,-0.123,5.26,0.44
8110,,,318.3221,-27.6194,+0.099,-0.116,5.42,1.42
8115,,64Zet Cyg,318.2342,30.2269,+0.001,-0.056,3.20,0.99
8123,,7Del Equ,318.6204,10.0069,+0.049,-0.305,4.49,0.50
8127,,28Phi Cap,318.9079,-20.6517,+0.013,+0.002,5.24,1.17
8128,,29 Cap,318.9371,-15.1714,+0.027,+0.005,5.28,1.64
8130,,65Tau Cyg,318.6979,38.0456,+0.160,+0.435,3.72,0.39
8131,Kitalpha,8Alp Equ,318.9558,5.2478,+0.059,-0.088,3.92,0.53
8135,,Eps Mic,319.4846,-32.1725,+0.058,-0.026,4.71,0.06
8137,,30 Cap,319.4887,-17.9853,+0.017,-0.002,5.43,-0.12
8140,,The Ind,319.9667,-53.4497,+0.105,-0.072,4.39,0.19
8143,,67Sig Cyg,319.3542,39.3947,+0.001,-0.003,4.23,0.12
8146,,66Ups Cyg,319.4796,34.8969,+0.014,-0.002,4.43,-0.11
8151,,The1Mic,320.1900,-40.8097,+0.069,-0.005,4.82,0.02
8154,,68 Cyg,319.6133,43.9458,+0.006,-0.009,5.00,-0.01
8162,Alderamin,5Alp Cep,319.6450,62.5856,+0.151,+0.049,2.44,0.22
8167,,32Iot Cap,320.5617,-16.8344,+0.033,+0.004,4.28,0.90
8171,,6 Cep,319.8425,64.8719,+0.006,+0.004,5.18,-0.04
8173,,1 Peg,320.5217,19.8044,+0.106,+0.064,4.08,1.11
8178,,10Bet Equ,320.7233,6.8111,+0.056,+0.010,5.16,0.05
8181,,Gam Pav,321.6108,-65.3661,+0.079,+0.799,4.22,0.49
8183,,33 Cap,321.0400,-20.8519,-0.007,-0.125,5.41,1.16
8187,,18 Aqr,321.0479,-12.8781,+0.091,+0.008,5.49,0.29
8196,,,322.1871,-69.5053,+0.075,-0.047,5.34,1.55
8199,,21 Aqr,321.3208,-3.5567,-0.008,-0.065,5.49,1.46
8204,,34Zet Cap,321.6667,-22.4114,+0.001,+0.023,3.74,1.00
8213,,36 Cap,322.1808,-21.8072,+0.138,-0.006,4.51,0.91
8215,,70 Cyg,321.8392,37.1167,0.000,+0.002,5.31,-0.14
8216,,,321.7150,48.8350,+0.060,+0.023,5.31,0.07
8217,,35 Vul,321.9171,27.6086,+0.041,+0.018,5.41,0.04
8225,,2 Peg,322.4871,23.6389,+0.024,+0.004,4.57,1.62
8227,,7 Cep,321.9421,66.8092,-0.014,-0.019,5.44,-0.11
8228,,71 Cyg,322.3625,46.5406,+0.045,+0.104,5.24,0.97
8229,,Xi Gru,323.0246,-41.1792,+0.018,+0.015,5.29,1.10
8232,Sadalsuud,22Bet Aqr,322.8896,-5.5711,+0.021,-0.008,2.91,0.83
8238,Alfirk,8Bet Cep,322.1650,70.5608,+0.010,+0.007,3.23,-0.22
8252,,73Rho Cyg,323.4954,45.5919,-0.023,-0.094,4.02,0.89
8254,,Nu Oct,325.3687,-77.3900,+0.045,-0.240,3.76,1.00
8255,,72 Cyg,323.6942,38.5342,+0.124,+0.099,4.90,1.08
8260,,39Eps Cap,324.2700,-19.4661,+0.015,+0.003,4.68,-0.17
8264,Bunda,23Xi Aqr,324.4379,-7.8542,+0.116,-0.025,4.69,0.17
8266,,74 Cyg,324.2375,40.4136,-0.001,+0.013,5.01,0.18
8267,,5 Peg,324.4392,19.3186,+0.101,+0.013,5.45,0.30
8277,,25 Aqr,324.8888,2.2436,-0.026,-0.082,5.10,1.04
8278,Nashira,40Gam Cap,325.0229,-16.6622,+0.190,-0.023,3.68,0.32
8279,,9 Cep,324.4800,62.0819,-0.003,-0.002,4.73,0.30
8280,,Lam Oct,327.7262,-82.7192,+0.058,-0.036,5.29,0.75
8283,,42 Cap,325.3871,-14.0475,-0.118,-0.307,5.18,0.65
8284,,75 Cyg,325.0462,43.2739,+0.063,+0.016,5.11,1.60
8285,,41 Cap,325.5033,-23.2628,+0.102,-0.089,5.24,0.95
8288,,43Kap Cap,325.6646,-18.8664,+0.147,-0.006,4.73,0.88
8289,,7 Peg,325.5646,5.6800,+0.014,-0.006,5.30,1.64
8301,Azelfafage,80Pi 1Cyg,325.5237,51.1897,+0.006,-0.006,4.67,-0.12
8305,,9Iot PsA,326.2367,-33.0258,+0.034,-0.094,4.34,-0.05
8306,,,325.7767,41.1550,-0.023,-0.015,5.49,1.59
8308,Enif,8Eps Peg,326.0467,9.8750,+0.031,-0.001,2.39,1.53
8309,,78Mu 1Cyg,326.0358,28.7428,+0.292,-0.241,4.73,0.48
8311,,46 Cap,326.2512,-9.0825,+0.021,-0.005,5.09,1.11
8313,,9 Peg,326.1279,17.3500,+0.012,-0.013,4.34,1.17
8315,,10Kap Peg,326.1613,25.6450,+0.034,+0.010,4.13,0.43
8316,,Mu Cep,325.8767,58.7800,+0.003,-0.003,4.08,2.35
8317,,11 Cep,325.4804,71.3114,+0.117,+0.099,4.56,1.10
8321,,12 Peg,326.5183,22.9489,+0.010,-0.005,5.29,1.41
8322,Deneb Algedi,49Del Cap,326.7600,-16.1272,+0.263,-0.297,2.87,0.29
8324,,,325.7667,72.3203,-0.044,-0.038,5.17,1.05
8326,,10The PsA,326.9342,-30.8983,-0.032,+0.002,5.01,0.04
8334,,10Nu Cep,326.3621,61.1208,-0.003,-0.003,4.29,0.52
8335,,81Pi 2Cyg,326.6983,49.3094,+0.004,-0.002,4.23,-0.12
8343,,14 Peg,327.4612,30.1742,+0.019,-0.027,5.04,-0.03
8344,,13 Peg,327.5362,17.2856,+0.076,-0.061,5.29,0.37
8351,,51Mu Cap,328.3242,-13.5517,+0.313,+0.013,5.08,0.37
8353,Aldhanab,Gam Gru,328.4821,-37.3650,+0.102,-0.021,3.01,-0.12
8356,,16 Peg,328.2658,25.9250,+0.009,-0.002,5.08,-0.17
8366,,,329.0950,-37.2536,-0.016,-0.002,5.46,0.08
8368,,Del Ind,329.4796,-54.9925,+0.048,-0.007,4.40,0.28
8379,,,329.8246,-38.3953,+0.042,-0.006,5.50,1.00
8383,,,329.1629,63.6256,-0.005,-0.004,4.91,1.77
8386,,12Eta PsA,330.2092,-28.4536,+0.016,+0.006,5.42,-0.09
8387,,Eps Ind,330.8400,-56.7861,+3.961,-2.538,4.69,1.06
8400,,16 Cep,329.8125,73.1800,-0.068,-0.161,5.03,0.44
8402,,31Omi Aqr,330.8288,-2.1553,+0.028,-0.012,4.69,-0.06
8410,,32 Aqr,331.1975,-0.9067,-0.015,-0.052,5.30,0.23
8411,,Lam Gru,331.5288,-39.5433,-0.023,-0.124,4.46,1.37
8413,,22Nu Peg,331.4200,5.0586,+0.111,+0.100,4.84,1.44
8414,Sadalmelik,34Alp Aqr,331.4458,-0.3197,+0.020,-0.010,2.96,0.98
8416,,18 Cep,330.9704,63.1197,+0.031,+0.055,5.29,1.58
8417,Kurhah,17Xi Cep,330.9475,64.6278,+0.209,+0.085,4.29,0.34
8418,,33Iot Aqr,331.6092,-13.8697,+0.042,-0.056,4.27,-0.07
8424,,,331.5083,45.0144,-0.007,-0.016,5.14,1.57
8425,Alnair,Alp Gru,332.0583,-46.9611,+0.129,-0.151,1.74,-0.13
8426,,20 Cep,331.2521,62.7856,+0.015,+0.058,5.27,1.41
8428,,19 Cep,331.2871,62.2800,+0.003,0.000,5.11,0.08
8430,,24Iot Peg,331.7529,25.3450,+0.298,+0.025,3.76,0.44
8431,,14Mu PsA,332.0958,-32.9886,+0.080,-0.031,4.50,0.05
8433,,Ups PsA,332.1083,-34.0439,+0.008,-0.049,4.99,1.48
8444,,,332.4821,-34.0147,-0.017,+0.038,5.37,0.24
8447,,15Tau PsA,332.5367,-32.5483,+0.434,+0.013,4.92,0.48
8450,Biham,26The Peg,332.5500,6.1978,+0.276,+0.027,3.53,0.08
8452,,38 Aqr,332.6563,-11.5650,+0.036,+0.009,5.46,-0.12
8454,,29Pi 2Peg,332.4967,33.1783,-0.014,-0.021,4.29,0.46
8463,,,332.7912,50.8233,+0.139,+0.041,5.40,0.15
8465,,21Zet Cep,332.7138,58.2011,+0.015,+0.004,3.35,1.57
8468,,24 Cep,332.4517,72.3411,+0.032,+0.003,4.79,0.92
8469,,22Lam Cep,332.8779,59.4144,+0.003,-0.011,5.04,0.25
8472,,,332.9533,56.8394,+0.237,+0.130,5.24,0.51
8474,,,332.6621,70.1328,-0.060,+0.028,5.50,0.38
8475,,,333.1992,34.6047,+0.020,-0.050,5.33,1.13
8478,,16Lam PsA,333.5783,-27.7669,+0.026,+0.002,5.43,-0.16
8479,,,333.0079,60.7594,-0.008,+0.019,5.35,1.17
8480,,41 Aqr,333.5750,-21.0742,+0.016,+0.066,5.32,0.80
8481,,Eps Oct,335.0062,-80.4397,+0.043,-0.045,5.10,1.47
8485,,,333.4696,39.7150,+0.038,+0.013,4.49,1.39
8486,,Mu 1Gru,333.9038,-41.3467,+0.044,+0.022,4.79,0.80
8488,,Mu 2Gru,334.1108,-41.6275,-0.005,-0.013,5.10,0.92
8494,,23Eps Cep,333.7583,57.0436,+0.447,+0.048,4.19,0.28
8496,,42 Aqr,334.2004,-12.8314,+0.015,+0.006,5.34,1.14
8498,,1 Lac,333.9925,37.7489,+0.013,+0.004,4.13,1.46
8499,Ancha,43The Aqr,334.2083,-7.7833,+0.121,-0.022,4.16,0.98
8501,,,334.5650,-53.6278,+0.429,-0.667,5.37,0.60
8502,,Alp Tuc,334.6254,-60.2597,-0.072,-0.043,2.86,1.39
8512,,46Rho Aqr,335.0496,-7.8211,+0.016,-0.001,5.37,-0.06
8513,,30 Peg,335.1150,5.7894,+0.023,-0.001,5.37,-0.02
8515,,Nu Ind,336.1533,-72.2556,+1.299,-0.678,5.29,0.65
8516,,47 Aqr,335.3983,-21.5983,-0.008,-0.085,5.13,1.07
8518,Sadachbia,48Gam Aqr,335.4142,-1.3872,+0.132,+0.007,3.84,-0.05
8520,,31 Peg,335.3796,12.2053,+0.009,+0.006,5.01,-0.13
8522,,32 Peg,335.3304,28.3306,+0.018,+0.002,4.81,0.00
8523,,2 Lac,335.2567,46.5367,+0.023,+0.005,4.57,-0.10
8531,,,336.2350,-57.7972,+0.143,-0.343,5.32,0.67
8538,,3Bet Lac,335.8900,52.2292,-0.013,-0.186,4.43,1.02
8539,,52Pi Aqr,336.3192,1.3775,+0.019,+0.001,4.66,-0.03
8540,,Del Tuc,336.8333,-64.9664,+0.071,+0.003,4.48,-0.03
8541,,4 Lac,336.1292,49.4764,-0.007,-0.003,4.57,0.09
8546,,,333.2942,86.1081,+0.052,+0.045,5.27,-0.03
8551,,35 Peg,336.9646,4.6956,+0.081,-0.308,4.79,1.05
8552,,Nu Gru,337.1633,-39.1319,+0.039,-0.164,5.47,0.95
8556,,Del1Gru,337.3175,-43.4956,+0.028,-0.005,3.97,1.03
8557,,,336.5033,70.7708,+0.018,+0.006,5.47,1.20
8558,,55Zet1Aqr,337.2071,-0.0203,+0.181,+0.009,4.59,
8559,,55Zet2Aqr,337.2087,-0.0200,+0.209,+0.042,4.42,0.38
8560,,Del2Gru,337.4396,-43.7494,-0.007,0.000,4.11,1.57
8561,,26 Cep,336.7721,65.1322,+0.001,-0.002,5.46,0.37
8566,,37 Peg,337.4917,4.4317,-0.023,-0.144,5.48,0.38
8571,,27Del Cep,337.2929,58.4153,+0.015,+0.001,3.75,0.60
8572,,5 Lac,337.3825,47.7069,+0.002,0.000,4.36,1.68
8573,,57Sig Aqr,337.6617,-10.6781,+0.003,-0.030,4.82,-0.06
8576,,17Bet PsA,337.8762,-32.3461,+0.065,-0.018,4.29,0.01
8579,,6 Lac,337.6221,43.1233,-0.001,-0.005,4.51,-0.09
8582,,Nu Tuc,338.2504,-61.9822,+0.039,-0.025,4.81,1.61
8585,,7Alp Lac,337.8229,50.2825,+0.138,+0.019,3.77,0.01
8591,,29Rho2Cep,337.4704,78.8242,+0.001,-0.022,5.50,0.06
8592,,59Ups Aqr,338.6733,-20.7083,+0.222,-0.145,5.20,0.44
8597,,62Eta Aqr,338.8392,-0.1175,+0.091,-0.056,4.02,-0.09
8610,Situla,63Kap Aqr,339.4392,-4.2281,-0.067,-0.120,5.03,1.14
8613,,9 Lac,339.3433,51.5453,-0.054,-0.101,4.63,0.24
8615,,31 Cep,338.9421,73.6431,+0.172,+0.023,5.08,0.39
8621,,,339.6579,56.7958,+0.053,-0.029,5.21,1.58
8622,,10 Lac,339.8154,39.0503,+0.001,-0.005,4.88,-0.20
8627,,30 Cep,339.6625,63.5844,-0.003,-0.025,5.19,0.06
8628,,18Eps PsA,340.1642,-27.0436,+0.030,-0.001,4.17,-0.11
8630,,Bet Oct,341.5137,-81.3817,-0.067,-0.001,4.15,0.20
8632,,11 Lac,340.1288,44.2764,+0.094,+0.012,4.46,1.33
8634,Homam,42Zet Peg,340.3654,10.8314,+0.080,-0.013,3.40,-0.09
8636,Tiaki,Bet Gru,340.6671,-46.8847,+0.137,-0.008,2.10,1.60
8640,,12 Lac,340.3692,40.2256,-0.005,-0.001,5.25,-0.14
8641,,43Omi Peg,340.4392,29.3075,-0.004,-0.027,4.79,-0.01
8644,,Rho Gru,340.8750,-41.4144,+0.006,-0.095,4.85,1.03
8649,,66 Aqr,340.8971,-18.8303,-0.027,-0.028,4.69,1.37
8650,Matar,44Eta Peg,340.7504,30.2214,+0.015,-0.025,2.94,0.86
8655,,Eta Gru,341.4079,-53.5003,+0.029,+0.014,4.85,1.18
8656,,13 Lac,341.0229,41.8192,-0.007,+0.004,5.08,0.96
8663,,Xi Oct,342.5954,-80.1242,+0.017,-0.022,5.35,-0.15
8665,,46Xi Peg,341.6733,12.1728,+0.235,-0.498,4.19,0.50
8667,,47Lam Peg,341.6329,23.5656,+0.058,-0.010,3.95,1.07
8670,,68 Aqr,341.8879,-19.6133,-0.101,-0.204,5.26,0.94
8675,,Eps Gru,342.1388,-51.3169,+0.108,-0.071,3.49,0.08
8679,,71Tau2Aqr,342.3979,-13.5925,-0.012,-0.038,4.01,1.57
8684,Sadalbari,48Mu Peg,342.5008,24.6017,+0.147,-0.042,3.48,0.93
8685,,,342.7592,-39.1569,+0.022,-0.011,5.42,1.43
8688,,,342.4425,55.9028,+0.083,+0.043,5.43,1.17
8694,,32Iot Cep,342.4200,66.2006,-0.065,-0.125,3.52,1.05
8695,,22Gam PsA,343.1317,-32.8756,-0.030,-0.025,4.46,-0.04
8697,,49Sig Peg,343.1004,9.8356,+0.522,+0.044,5.16,0.48
8698,,73Lam Aqr,343.1538,-7.5797,+0.011,+0.037,3.74,1.64
8699,,15 Lac,343.0083,43.3125,+0.110,+0.029,4.94,1.56
8702,,,341.8708,83.1539,+0.021,+0.049,4.74,1.26
8709,Skat,76Del Aqr,343.6625,-15.8208,-0.040,-0.025,3.27,0.05
8717,,50Rho Peg,343.8071,8.8158,+0.079,+0.014,4.90,0.00
8720,,23Del PsA,343.9871,-32.5397,+0.018,+0.031,4.21,0.97
8726,,,344.1083,49.7336,+0.003,-0.002,4.95,1.78
8728,Fomalhaut,24Alp PsA,344.4129,-29.6222,+0.333,-0.165,1.16,0.09
8729,Helvetios,51 Peg,344.3663,20.7689,+0.204,+0.059,5.49,0.67
8731,,,344.2687,48.6842,+0.012,-0.009,5.43,-0.09
8742,,2 Psc,344.8642,0.9628,+0.086,-0.071,5.43,0.98
8747,,Zet Gru,345.2200,-52.7542,-0.067,-0.014,4.12,0.98
8748,,,343.6033,84.3461,+0.092,+0.026,4.71,1.43
8752,,,345.0213,56.9453,0.000,-0.003,5.00,1.42
8762,,1Omi And,345.4804,42.3261,+0.023,-0.006,3.62,-0.09
8766,,2 And,345.6513,42.7578,+0.055,-0.004,5.10,0.09
8767,,Pi PsA,345.8742,-34.7494,+0.076,+0.080,5.11,0.29
8773,Fumalsamakah,4Bet Psc,345.9692,3.8200,+0.013,-0.011,4.53,-0.12
8774,,Kap Gru,346.1650,-53.9650,+0.055,-0.102,5.37,1.45
8775,Scheat,53Bet Peg,345.9438,28.0828,+0.189,+0.137,2.42,1.67
8779,,,345.8871,67.2092,+0.026,+0.007,5.24,1.26
8780,,3 And,346.0458,50.0522,+0.164,+0.168,4.65,1.06
8781,Markab,54Alp Peg,346.1904,15.2053,+0.063,-0.042,2.49,-0.04
8782,,83 Aqr,346.2908,-7.6936,+0.129,+0.011,5.43,0.30
8787,,The Gru,346.7200,-43.5206,-0.039,-0.023,4.28,0.42
8789,,86 Aqr,346.6704,-23.7431,+0.066,-0.003,4.47,0.90
8795,,55 Peg,346.7512,9.4094,+0.011,-0.014,4.52,1.57
8796,,56 Peg,346.7783,25.4683,+0.004,-0.031,4.76,1.34
8797,,1 Cas,346.6538,59.4197,+0.009,+0.001,4.85,-0.03
8804,,4 And,346.9137,46.3872,-0.009,-0.028,5.33,1.41
8807,,5 Psc,347.1704,2.1278,+0.145,+0.108,5.40,0.91
8812,,88 Aqr,347.3617,-21.1725,+0.055,+0.031,3.66,1.22
8815,,57 Peg,347.3812,8.6772,+0.004,+0.002,5.12,1.47
8817,,89 Aqr,347.4783,-22.4575,+0.026,-0.009,4.69,0.65
8819,,33Pi Cep,346.9746,75.3875,+0.012,-0.030,4.41,0.80
8820,,Iot Gru,347.5900,-45.2467,+0.136,-0.030,3.90,1.02
8821,,58 Peg,347.5063,9.8219,-0.012,-0.012,5.39,-0.08
8826,,59 Peg,347.9342,8.7200,-0.006,-0.006,5.16,0.13
8830,,7 And,348.1375,49.4064,+0.092,+0.098,4.52,0.29
8834,,90Phi Aqr,348.5808,-6.0489,+0.042,-0.196,4.22,1.56
8841,,91Psi1Aqr,348.9729,-9.0878,+0.372,-0.016,4.21,1.11
8848,,Gam Tuc,349.3575,-58.2358,-0.029,+0.079,3.99,0.40
8850,,92Chi Aqr,349.2121,-7.7267,-0.016,-0.015,5.06,1.60
8852,,6Gam Psc,349.2912,3.2822,+0.762,+0.017,3.69,0.92
8858,,93Psi2Aqr,349.4758,-9.1825,+0.021,-0.012,4.39,-0.15
8860,,8 And,349.4363,49.0153,+0.037,+0.008,4.85,1.67
8862,,Tau Oct,352.0154,-87.4822,+0.015,+0.009,5.49,1.27
8863,,Gam Scl,349.7058,-32.5319,+0.019,-0.070,4.41,1.13
8865,,95Psi3Aqr,349.7404,-9.6108,+0.047,-0.002,4.98,-0.02
8866,,94 Aqr,349.7779,-13.4589,+0.298,-0.101,5.08,0.80
8872,,34Omi Cep,349.6562,68.1117,+0.058,+0.016,4.75,0.84
8874,,11 And,349.8742,48.6253,+0.019,+0.056,5.44,1.03
8878,,7 Psc,350.0858,5.3814,+0.082,-0.062,5.05,1.20
8880,Salm,62Tau Peg,350.1592,23.7403,+0.033,-0.008,4.60,0.17
8887,,64 Peg,350.4788,31.8125,+0.005,-0.010,5.32,-0.11
8890,,97 Aqr,350.6633,-15.0392,+0.112,+0.019,5.20,0.20
8892,,98 Aqr,350.7425,-20.1006,-0.120,-0.096,3.97,1.10
8893,,66 Peg,350.7692,12.3139,+0.027,-0.017,5.08,1.31
8904,,4 Cas,351.2096,62.2828,+0.011,-0.013,4.98,1.68
8905,Alkarab,68Ups Peg,351.3450,23.4042,+0.193,+0.037,4.40,0.61
8906,,99 Aqr,351.5117,-20.6419,-0.052,-0.058,4.39,1.47
8911,,8Kap Psc,351.7333,1.2556,+0.089,-0.097,4.94,0.03
8916,,10The Psc,351.9921,6.3789,-0.121,-0.045,4.28,1.07
8923,,70 Peg,352.2888,12.7606,+0.064,+0.027,4.55,0.94
8926,,,352.5083,58.5489,+0.020,+0.005,4.91,-0.12
8930,Veritate,14 And,352.8225,39.2364,+0.289,-0.080,5.22,1.02
8937,,Bet Scl,353.2429,-37.8183,+0.087,+0.021,4.37,-0.09
8939,,101 Aqr,353.3192,-20.9144,-0.007,+0.013,4.71,0.02
8940,,71 Peg,353.3671,22.4989,+0.010,-0.017,5.32,1.60
8943,,72 Peg,353.4883,31.3253,+0.052,-0.016,4.98,1.38
8949,,Iot Phe,353.7692,-42.6150,+0.046,-0.001,4.71,0.08
8959,,,354.4625,-45.4925,+0.073,-0.014,4.74,0.08
8961,,16Lam And,354.3913,46.4581,+0.162,-0.421,3.82,1.01
8965,,17Iot And,354.5342,43.2681,+0.029,-0.001,4.29,-0.10
8967,,18 And,354.7846,50.4717,-0.017,-0.002,5.30,-0.06
8968,,102Ome1Aqr,354.9462,-14.2217,+0.057,-0.038,5.00,0.24
8969,,17Iot Psc,354.9875,5.6264,+0.378,-0.438,4.13,0.51
8974,Errai,35Gam Cep,354.8367,77.6325,-0.067,+0.151,3.21,1.03
8975,,Mu Scl,355.1592,-32.0731,-0.089,-0.055,5.31,0.97
8976,,19Kap And,355.1021,44.3339,+0.083,-0.019,4.14,-0.08
8980,,103 Aqr,355.3937,-18.0272,-0.039,-0.071,5.34,1.57
8982,,104 Aqr,355.4408,-17.8164,+0.015,+0.004,4.82,0.82
8984,,18Lam Psc,355.5117,1.7800,-0.129,-0.155,4.50,0.20
8987,,,355.6163,-15.4478,+0.025,-0.008,5.28,1.37
8988,,105Ome2Aqr,355.6804,-14.5450,+0.101,-0.066,4.49,-0.04
8991,,77 Peg,355.8433,10.3314,+0.008,+0.007,5.06,1.68
8997,,78 Peg,355.9979,29.3617,+0.071,-0.037,4.93,0.95
8998,,106 Aqr,356.0504,-18.2769,+0.029,-0.003,5.24,-0.08
9002,,107 Aqr,356.5038,-18.6781,+0.134,+0.030,5.29,0.28
9003,,20Psi And,356.5088,46.4203,+0.011,-0.005,4.95,1.11
9004,,19 Psc,356.5979,3.4867,-0.030,-0.025,5.04,2.60
9006,,Sig Phe,356.8167,-50.2267,+0.011,-0.029,5.18,-0.19
9008,,5Tau Cas,356.7646,58.6519,+0.061,+0.057,4.87,1.11
9012,,20 Psc,356.9854,-2.7617,+0.096,+0.005,5.49,0.94
9013,,,356.9783,67.8069,+0.014,-0.001,5.04,-0.01
9016,,Del Scl,357.2317,-28.1303,+0.105,-0.106,4.57,0.01
9018,,6 Cas,357.2092,62.2144,-0.005,-0.001,5.43,0.67
9031,,108 Aqr,357.8388,-18.9089,+0.021,0.000,5.18,-0.14
9032,,Gam1Oct,358.0267,-82.0189,-0.055,-0.019,5.11,0.92
9036,,81Phi Peg,358.1221,19.1203,-0.005,-0.036,5.08,1.60
9039,,82 Peg,358.1546,10.9475,-0.029,+0.001,5.30,0.18
9045,,7Rho Cas,358.5958,57.4994,-0.002,-0.002,4.54,1.22
9062,,Eta Tuc,359.3967,-64.2983,+0.086,-0.068,5.00,0.06
9064,,84Psi Peg,359.4396,25.1414,-0.034,-0.033,4.66,1.59
9066,,,359.6033,51.3886,+0.080,+0.009,4.80,1.83
9067,,27 Psc,359.6683,-3.5561,-0.051,-0.072,4.86,0.93
9069,,Pi Phe,359.7325,-52.7458,+0.055,+0.061,5.13,1.13
9071,,8Sig Cas,359.7521,55.7550,+0.009,-0.004,4.88,-0.07
9072,,28Ome Psc,359.8279,6.8633,+0.153,-0.115,4.01,0.42
9076,,Eps Tuc,359.9792,-65.5772,+0.048,-0.024,4.50,-0.08
9084,,The Oct,0.3987,-77.0658,-0.063,-0.177,4.78,1.27
9087,,29 Psc,0.4558,-3.0275,+0.016,-0.009,5.10,-0.12
9089,,30 Psc,0.4900,-6.0142,+0.051,-0.041,4.41,1.63
9091,,Zet Scl,0.5829,-29.7203,+0.019,+0.016,5.01,-0.15
9098,,2 Cet,0.9350,-17.3361,+0.026,-0.009,4.55,-0.05
9103,,3 Cet,1.1254,-10.5094,-0.005,-0.011,4.94,1.63
