id,P,hjd,I,err
OGLE-LMC-CEP-3126,3.4253379,5261.65939,15.517,0.006
OGLE-LMC-CEP-3126,3.4253379,5262.65341,14.893,0.005
OGLE-LMC-CEP-3126,3.4253379,5264.62250,15.412,0.007
OGLE-LMC-CEP-3126,3.4253379,5265.62199,14.979,0.006
OGLE-LMC-CEP-3126,3.4253379,5266.61595,15.090,0.006
OGLE-LMC-CEP-3126,3.4253379,5267.62772,15.337,0.006
OGLE-LMC-CEP-3126,3.4253379,5268.61013,15.533,0.007
OGLE-LMC-CEP-3126,3.4253379,5269.57952,14.932,0.005
OGLE-LMC-CEP-3126,3.4253379,5270.58174,15.214,0.006
OGLE-LMC-CEP-3126,3.4253379,5271.58903,15.424,0.006
OGLE-LMC-CEP-3126,3.4253379,5273.57733,15.119,0.006
OGLE-LMC-CEP-3126,3.4253379,5274.60858,15.367,0.007
OGLE-LMC-CEP-3126,3.4253379,5276.58795,15.002,0.005
OGLE-LMC-CEP-3126,3.4253379,5279.57613,14.807,0.005
OGLE-LMC-CEP-3126,3.4253379,5281.56630,15.380,0.006
OGLE-LMC-CEP-3126,3.4253379,5282.57089,15.404,0.006
OGLE-LMC-CEP-3126,3.4253379,5285.56094,15.498,0.007
OGLE-LMC-CEP-3126,3.4253379,5287.55451,15.189,0.006
OGLE-LMC-CEP-3126,3.4253379,5289.54804,15.129,0.005
OGLE-LMC-CEP-3126,3.4253379,5290.49092,15.061,0.006
OGLE-LMC-CEP-3126,3.4253379,5293.48683,14.901,0.005
OGLE-LMC-CEP-3126,3.4253379,5295.51567,15.422,0.007
OGLE-LMC-CEP-3126,3.4253379,5296.59085,14.779,0.005
OGLE-LMC-CEP-3126,3.4253379,5297.53844,15.118,0.006
OGLE-LMC-CEP-3126,3.4253379,5299.52102,15.520,0.007
OGLE-LMC-CEP-3126,3.4253379,5301.54405,15.255,0.006
OGLE-LMC-CEP-3126,3.4253379,5305.54171,15.387,0.006
OGLE-LMC-CEP-3126,3.4253379,5307.47809,15.012,0.006
OGLE-LMC-CEP-3126,3.4253379,5308.54811,15.296,0.006
OGLE-LMC-CEP-3126,3.4253379,5309.56891,15.500,0.007
OGLE-LMC-CEP-3126,3.4253379,5311.53504,15.187,0.006
OGLE-LMC-CEP-3126,3.4253379,5313.51770,15.144,0.006
OGLE-LMC-CEP-3126,3.4253379,5315.49842,15.323,0.006
OGLE-LMC-CEP-3126,3.4253379,5321.48491,15.102,0.006
OGLE-LMC-CEP-3126,3.4253379,5322.49506,15.354,0.006
OGLE-LMC-CEP-3126,3.4253379,5324.49940,14.974,0.006
OGLE-LMC-CEP-3126,3.4253379,5326.50688,15.471,0.006
OGLE-LMC-CEP-3126,3.4253379,5327.49690,14.789,0.005
OGLE-LMC-CEP-3126,3.4253379,5335.48735,15.175,0.006
OGLE-LMC-CEP-3126,3.4253379,5342.48753,15.210,0.007
OGLE-LMC-CEP-3126,3.4253379,5430.92949,15.055,0.006
OGLE-LMC-CEP-3126,3.4253379,5443.86594,14.780,0.005
OGLE-LMC-CEP-3126,3.4253379,5445.88715,15.366,0.006
OGLE-LMC-CEP-3126,3.4253379,5448.89802,15.269,0.005
OGLE-LMC-CEP-3126,3.4253379,5451.84111,15.157,0.006
OGLE-LMC-CEP-3126,3.4253379,5454.89037,15.048,0.006
OGLE-LMC-CEP-3126,3.4253379,5457.78496,14.849,0.005
OGLE-LMC-CEP-3126,3.4253379,5461.86279,15.084,0.005
OGLE-LMC-CEP-3126,3.4253379,5463.90533,15.526,0.007
OGLE-LMC-CEP-3126,3.4253379,5465.87454,15.221,0.006
OGLE-LMC-CEP-3126,3.4253379,5467.86484,14.783,0.005
OGLE-LMC-CEP-3126,3.4253379,5468.85384,15.121,0.005
OGLE-LMC-CEP-3126,3.4253379,5470.82888,15.511,0.006
OGLE-LMC-CEP-3126,3.4253379,5471.87648,15.009,0.005
OGLE-LMC-CEP-3126,3.4253379,5473.81133,15.464,0.006
OGLE-LMC-CEP-3126,3.4253379,5477.81444,15.394,0.005
OGLE-LMC-CEP-3126,3.4253379,5478.83625,15.045,0.005
OGLE-LMC-CEP-3126,3.4253379,5481.76012,14.842,0.005
OGLE-LMC-CEP-3126,3.4253379,5482.88967,15.207,0.006
OGLE-LMC-CEP-3126,3.4253379,5483.79305,15.401,0.006
OGLE-LMC-CEP-3126,3.4253379,5484.80549,15.083,0.005
OGLE-LMC-CEP-3126,3.4253379,5486.78722,15.325,0.006
OGLE-LMC-CEP-3126,3.4253379,5487.78847,15.515,0.006
OGLE-LMC-CEP-3126,3.4253379,5488.86018,14.958,0.005
OGLE-LMC-CEP-3126,3.4253379,5490.85211,15.442,0.006
OGLE-LMC-CEP-3126,3.4253379,5491.84011,14.773,0.005
OGLE-LMC-CEP-3126,3.4253379,5492.84419,15.129,0.005
OGLE-LMC-CEP-3126,3.4253379,5494.73518,15.537,0.006
OGLE-LMC-CEP-3126,3.4253379,5495.86441,15.006,0.005
OGLE-LMC-CEP-3126,3.4253379,5499.80843,15.155,0.005
OGLE-LMC-CEP-3126,3.4253379,5506.77405,15.176,0.005
OGLE-LMC-CEP-3126,3.4253379,5509.80144,15.085,0.005
OGLE-LMC-CEP-3126,3.4253379,5511.74073,15.521,0.006
OGLE-LMC-CEP-3126,3.4253379,5513.76899,15.217,0.006
OGLE-LMC-CEP-3126,3.4253379,5515.70384,14.888,0.005
OGLE-LMC-CEP-3126,3.4253379,5517.70264,15.344,0.006
OGLE-LMC-CEP-3126,3.4253379,5521.74228,15.457,0.007
OGLE-LMC-CEP-3126,3.4253379,5523.82123,15.161,0.005
OGLE-LMC-CEP-3126,3.4253379,5526.71418,15.021,0.005
OGLE-LMC-CEP-3126,3.4253379,5528.77073,15.488,0.006
OGLE-LMC-CEP-3126,3.4253379,5529.83908,14.900,0.005
OGLE-LMC-CEP-3126,3.4253379,5530.79107,15.186,0.005
OGLE-LMC-CEP-3126,3.4253379,5531.75242,15.396,0.005
OGLE-LMC-CEP-3126,3.4253379,5533.68457,15.056,0.005
OGLE-LMC-CEP-3126,3.4253379,5534.80271,15.339,0.006
OGLE-LMC-CEP-3126,3.4253379,5535.83641,15.500,0.007
OGLE-LMC-CEP-3126,3.4253379,5539.85593,14.795,0.005
OGLE-LMC-CEP-3126,3.4253379,5542.68617,15.520,0.006
OGLE-LMC-CEP-3126,3.4253379,5543.84638,15.020,0.005
OGLE-LMC-CEP-3126,3.4253379,5544.84170,15.283,0.006
OGLE-LMC-CEP-3126,3.4253379,5546.67294,14.777,0.005
OGLE-LMC-CEP-3126,3.4253379,5548.79095,15.387,0.006
OGLE-LMC-CEP-3126,3.4253379,5550.76280,15.040,0.005
OGLE-LMC-CEP-3126,3.4253379,5553.80445,14.887,0.005
OGLE-LMC-CEP-3126,3.4253379,5554.82315,15.197,0.005
OGLE-LMC-CEP-3126,3.4253379,5556.78544,14.942,0.005
OGLE-LMC-CEP-3126,3.4253379,5557.78367,15.083,0.005
OGLE-LMC-CEP-3126,3.4253379,5558.79233,15.341,0.006
OGLE-LMC-CEP-3126,3.4253379,5560.81951,14.961,0.005
OGLE-LMC-CEP-3126,3.4253379,5561.77645,15.226,0.005
OGLE-LMC-CEP-3126,3.4253379,5562.82165,15.462,0.006
OGLE-LMC-CEP-3126,3.4253379,5563.78215,14.778,0.005
OGLE-LMC-CEP-3126,3.4253379,5565.80908,15.366,0.006
OGLE-LMC-CEP-3126,3.4253379,5568.81775,15.285,0.006
OGLE-LMC-CEP-3126,3.4253379,5569.86064,15.497,0.007
OGLE-LMC-CEP-3126,3.4253379,5571.80866,15.161,0.005
OGLE-LMC-CEP-3126,3.4253379,5575.77493,15.316,0.006
OGLE-LMC-CEP-3126,3.4253379,5576.82226,15.516,0.006
OGLE-LMC-CEP-3126,3.4253379,5577.78310,14.895,0.005
OGLE-LMC-CEP-3126,3.4253379,5578.77992,15.198,0.006
OGLE-LMC-CEP-3126,3.4253379,5579.81304,15.432,0.007
OGLE-LMC-CEP-3126,3.4253379,5580.75803,14.957,0.005
OGLE-LMC-CEP-3126,3.4253379,5581.76119,15.092,0.005
OGLE-LMC-CEP-3126,3.4253379,5583.77624,15.523,0.006
OGLE-LMC-CEP-3126,3.4253379,5584.70979,14.921,0.005
OGLE-LMC-CEP-3126,3.4253379,5585.79724,15.242,0.006
OGLE-LMC-CEP-3126,3.4253379,5587.70587,14.774,0.005
OGLE-LMC-CEP-3126,3.4253379,5589.76481,15.360,0.006
OGLE-LMC-CEP-3126,3.4253379,5590.78602,15.486,0.006
OGLE-LMC-CEP-3126,3.4253379,5592.78788,15.283,0.005
OGLE-LMC-CEP-3126,3.4253379,5593.70510,15.474,0.006
OGLE-LMC-CEP-3126,3.4253379,5594.77024,14.838,0.005
OGLE-LMC-CEP-3126,3.4253379,5595.73308,15.157,0.005
OGLE-LMC-CEP-3126,3.4253379,5596.76332,15.385,0.006
OGLE-LMC-CEP-3126,3.4253379,5597.73261,15.362,0.005
OGLE-LMC-CEP-3126,3.4253379,5598.74221,15.046,0.005
OGLE-LMC-CEP-3126,3.4253379,5599.75695,15.318,0.006
OGLE-LMC-CEP-3126,3.4253379,5600.75655,15.511,0.006
OGLE-LMC-CEP-3126,3.4253379,5601.75004,14.886,0.005
OGLE-LMC-CEP-3126,3.4253379,5602.74032,15.191,0.005
OGLE-LMC-CEP-3126,3.4253379,5604.74493,14.926,0.005
OGLE-LMC-CEP-3126,3.4253379,5605.74855,15.097,0.005
OGLE-LMC-CEP-3126,3.4253379,5608.72537,14.954,0.006
OGLE-LMC-CEP-3126,3.4253379,5609.73493,15.228,0.006
OGLE-LMC-CEP-3126,3.4253379,5611.72145,14.777,0.005
OGLE-LMC-CEP-3126,3.4253379,5612.72026,15.125,0.006
OGLE-LMC-CEP-3126,3.4253379,5615.68178,14.983,0.005
OGLE-LMC-CEP-3126,3.4253379,5623.62584,15.286,0.005
OGLE-LMC-CEP-3126,3.4253379,5625.65863,14.867,0.005
OGLE-LMC-CEP-3126,3.4253379,5627.65499,15.405,0.006
OGLE-LMC-CEP-3126,3.4253379,5630.63595,15.323,0.006
OGLE-LMC-CEP-3126,3.4253379,5632.59931,14.903,0.005
OGLE-LMC-CEP-3126,3.4253379,5634.61078,15.422,0.006
OGLE-LMC-CEP-3126,3.4253379,5638.60264,15.525,0.007
OGLE-LMC-CEP-3126,3.4253379,5640.56783,15.235,0.006
OGLE-LMC-CEP-3126,3.4253379,5642.54403,14.776,0.005
OGLE-LMC-CEP-3126,3.4253379,5644.54434,15.354,0.005
OGLE-LMC-CEP-3126,3.4253379,5646.54006,14.997,0.005
OGLE-LMC-CEP-3126,3.4253379,5648.54286,15.461,0.006
OGLE-LMC-CEP-3126,3.4253379,5650.57258,15.167,0.005
OGLE-LMC-CEP-3126,3.4253379,5653.58997,15.060,0.005
OGLE-LMC-CEP-3126,3.4253379,5655.56885,15.517,0.006
OGLE-LMC-CEP-3126,3.4253379,5657.56803,15.198,0.006
OGLE-LMC-CEP-3126,3.4253379,5659.58803,14.856,0.005
OGLE-LMC-CEP-3126,3.4253379,5667.54290,15.131,0.005
OGLE-LMC-CEP-3126,3.4253379,5668.53234,15.365,0.006
OGLE-LMC-CEP-3126,3.4253379,5671.54594,15.270,0.006
OGLE-LMC-CEP-3126,3.4253379,5674.55209,15.167,0.006
OGLE-LMC-CEP-3126,3.4253379,5675.54337,15.391,0.006
OGLE-LMC-CEP-3126,3.4253379,5677.54189,15.053,0.005
OGLE-LMC-CEP-3126,3.4253379,5681.51972,15.194,0.006
OGLE-LMC-CEP-3126,3.4253379,5683.52336,14.945,0.005
OGLE-LMC-CEP-3126,3.4253379,5686.51649,15.529,0.006
OGLE-LMC-CEP-3126,3.4253379,5687.50265,14.939,0.005
OGLE-LMC-CEP-3126,3.4253379,5692.48675,15.356,0.007
OGLE-LMC-CEP-3126,3.4253379,5695.49487,15.266,0.006
OGLE-LMC-CEP-3126,3.4253379,5697.49684,14.817,0.005
OGLE-LMC-CEP-3126,3.4253379,5700.49437,15.357,0.007
OGLE-LMC-CEP-3126,3.4253379,5787.89686,15.239,0.005
OGLE-LMC-CEP-3126,3.4253379,5802.89146,15.523,0.006
OGLE-LMC-CEP-3126,3.4253379,5805.86711,15.429,0.006
OGLE-LMC-CEP-3126,3.4253379,5807.91366,15.113,0.005
OGLE-LMC-CEP-3126,3.4253379,5810.88271,14.965,0.005
OGLE-LMC-CEP-3126,3.4253379,5813.85466,14.788,0.005
OGLE-LMC-CEP-3126,3.4253379,5817.87919,15.026,0.005
OGLE-LMC-CEP-3126,3.4253379,5820.86248,14.833,0.005
OGLE-LMC-CEP-3126,3.4253379,5823.85499,15.248,0.005
OGLE-LMC-CEP-3126,3.4253379,5825.88890,15.325,0.005
OGLE-LMC-CEP-3126,3.4253379,5827.87631,14.915,0.005
OGLE-LMC-CEP-3126,3.4253379,5830.86756,14.836,0.005
OGLE-LMC-CEP-3126,3.4253379,5832.84885,15.344,0.005
OGLE-LMC-CEP-3126,3.4253379,5834.83398,14.962,0.005
OGLE-LMC-CEP-3126,3.4253379,5836.81685,15.440,0.005
OGLE-LMC-CEP-3126,3.4253379,5838.84583,15.144,0.006
OGLE-LMC-CEP-3126,3.4253379,5840.87635,15.441,0.006
OGLE-LMC-CEP-3126,3.4253379,5844.80457,14.817,0.005
OGLE-LMC-CEP-3126,3.4253379,5850.88038,15.530,0.006
OGLE-LMC-CEP-3126,3.4253379,5851.85570,14.917,0.005
OGLE-LMC-CEP-3126,3.4253379,5852.83689,15.205,0.006
OGLE-LMC-CEP-3126,3.4253379,5855.86729,15.110,0.005
OGLE-LMC-CEP-3126,3.4253379,5856.87371,15.356,0.006
OGLE-LMC-CEP-3126,3.4253379,5857.87432,15.527,0.007
OGLE-LMC-CEP-3126,3.4253379,5860.84518,15.453,0.006
OGLE-LMC-CEP-3126,3.4253379,5861.86775,14.798,0.005
OGLE-LMC-CEP-3126,3.4253379,5862.82521,15.136,0.005
OGLE-LMC-CEP-3126,3.4253379,5864.76279,15.505,0.005
OGLE-LMC-CEP-3126,3.4253379,5866.82514,15.292,0.005
OGLE-LMC-CEP-3126,3.4253379,5870.81869,15.391,0.006
OGLE-LMC-CEP-3126,3.4253379,5871.77788,15.324,0.005
OGLE-LMC-CEP-3126,3.4253379,5873.79129,15.316,0.005
OGLE-LMC-CEP-3126,3.4253379,5874.82995,15.513,0.006
OGLE-LMC-CEP-3126,3.4253379,5878.85808,14.792,0.005
OGLE-LMC-CEP-3126,3.4253379,5881.77046,15.526,0.006
OGLE-LMC-CEP-3126,3.4253379,5882.82984,14.976,0.005
OGLE-LMC-CEP-3126,3.4253379,5885.82940,14.792,0.005
OGLE-LMC-CEP-3126,3.4253379,5886.84392,15.149,0.005
OGLE-LMC-CEP-3126,3.4253379,5886.84753,15.142,0.005
OGLE-LMC-CEP-3126,3.4253379,5887.82757,15.367,0.005
OGLE-LMC-CEP-3126,3.4253379,5890.83907,15.293,0.005
OGLE-LMC-CEP-3126,3.4253379,5891.82613,15.491,0.006
OGLE-LMC-CEP-3126,3.4253379,5893.73759,15.156,0.005
OGLE-LMC-CEP-3126,3.4253379,5895.77828,15.274,0.006
OGLE-LMC-CEP-3126,3.4253379,5896.82564,15.072,0.005
OGLE-LMC-CEP-3126,3.4253379,5897.86189,15.340,0.007
OGLE-LMC-CEP-3126,3.4253379,5898.81937,15.521,0.006
OGLE-LMC-CEP-3126,3.4253379,5899.79879,14.907,0.005
OGLE-LMC-CEP-3126,3.4253379,5900.85657,15.224,0.005
OGLE-LMC-CEP-3126,3.4253379,5901.84564,15.430,0.005
OGLE-LMC-CEP-3126,3.4253379,5902.79956,14.828,0.005
OGLE-LMC-CEP-3126,3.4253379,5903.83407,15.113,0.005
OGLE-LMC-CEP-3126,3.4253379,5904.80232,15.359,0.005
OGLE-LMC-CEP-3126,3.4253379,5905.80753,15.522,0.006
OGLE-LMC-CEP-3126,3.4253379,5906.80061,14.965,0.005
OGLE-LMC-CEP-3126,3.4253379,5907.78283,15.242,0.005
OGLE-LMC-CEP-3126,3.4253379,5908.79916,15.459,0.006
OGLE-LMC-CEP-3126,3.4253379,5910.81030,15.140,0.005
OGLE-LMC-CEP-3126,3.4253379,5911.75790,15.367,0.005
OGLE-LMC-CEP-3126,3.4253379,5912.83990,15.400,0.006
OGLE-LMC-CEP-3126,3.4253379,5913.84551,15.043,0.005
OGLE-LMC-CEP-3126,3.4253379,5914.83499,15.294,0.005
OGLE-LMC-CEP-3126,3.4253379,5915.79853,15.483,0.005
OGLE-LMC-CEP-3126,3.4253379,5916.83265,14.867,0.005
OGLE-LMC-CEP-3126,3.4253379,5917.79580,15.171,0.005
OGLE-LMC-CEP-3126,3.4253379,5922.84840,15.543,0.006
OGLE-LMC-CEP-3126,3.4253379,5924.79543,15.209,0.005
OGLE-LMC-CEP-3126,3.4253379,5925.83374,15.444,0.006
OGLE-LMC-CEP-3126,3.4253379,5927.79508,15.116,0.005
OGLE-LMC-CEP-3126,3.4253379,5929.81687,15.510,0.006
OGLE-LMC-CEP-3126,3.4253379,5931.76450,15.245,0.005
OGLE-LMC-CEP-3126,3.4253379,5932.78924,15.456,0.006
OGLE-LMC-CEP-3126,3.4253379,5933.81624,14.796,0.005
OGLE-LMC-CEP-3126,3.4253379,5934.81769,15.147,0.005
OGLE-LMC-CEP-3126,3.4253379,5936.80923,15.398,0.006
OGLE-LMC-CEP-3126,3.4253379,5937.76237,15.021,0.005
OGLE-LMC-CEP-3126,3.4253379,5938.78246,15.290,0.005
OGLE-LMC-CEP-3126,3.4253379,5939.78582,15.510,0.006
OGLE-LMC-CEP-3126,3.4253379,5940.80109,14.862,0.005
OGLE-LMC-CEP-3126,3.4253379,5941.78660,15.180,0.005
OGLE-LMC-CEP-3126,3.4253379,5942.81123,15.411,0.006
OGLE-LMC-CEP-3126,3.4253379,5943.78475,15.133,0.005
OGLE-LMC-CEP-3126,3.4253379,5944.77586,15.078,0.005
OGLE-LMC-CEP-3126,3.4253379,5945.75724,15.321,0.005
OGLE-LMC-CEP-3126,3.4253379,5946.79741,15.522,0.006
OGLE-LMC-CEP-3126,3.4253379,5947.76357,14.919,0.005
OGLE-LMC-CEP-3126,3.4253379,5948.75260,15.203,0.005
OGLE-LMC-CEP-3126,3.4253379,5949.76821,15.435,0.006
OGLE-LMC-CEP-3126,3.4253379,5950.72084,14.896,0.005
OGLE-LMC-CEP-3126,3.4253379,5952.79551,15.353,0.005
OGLE-LMC-CEP-3126,3.4253379,5954.74273,14.974,0.005
OGLE-LMC-CEP-3126,3.4253379,5956.75869,15.457,0.005
OGLE-LMC-CEP-3126,3.4253379,5959.74740,15.366,0.005
OGLE-LMC-CEP-3126,3.4253379,5962.66637,15.263,0.005
OGLE-LMC-CEP-3126,3.4253379,5963.72698,15.479,0.007
OGLE-LMC-CEP-3126,3.4253379,5965.67735,15.152,0.005
OGLE-LMC-CEP-3126,3.4253379,5967.75645,15.148,0.005
OGLE-LMC-CEP-3126,3.4253379,5969.72548,15.319,0.005
OGLE-LMC-CEP-3126,3.4253379,5972.73489,15.212,0.005
OGLE-LMC-CEP-3126,3.4253379,5974.66411,14.990,0.005
OGLE-LMC-CEP-3126,3.4253379,5976.69306,15.347,0.005
OGLE-LMC-CEP-3126,3.4253379,5977.70478,15.521,0.006
OGLE-LMC-CEP-3126,3.4253379,5979.70420,15.243,0.005
OGLE-LMC-CEP-3126,3.4253379,5981.67037,14.781,0.005
OGLE-LMC-CEP-3126,3.4253379,5982.69143,15.134,0.005
OGLE-LMC-CEP-3126,3.4253379,5984.69115,15.491,0.006
OGLE-LMC-CEP-3126,3.4253379,5986.71389,15.286,0.005
OGLE-LMC-CEP-3126,3.4253379,5988.67703,14.837,0.005
OGLE-LMC-CEP-3126,3.4253379,5989.66228,15.158,0.005
OGLE-LMC-CEP-3126,3.4253379,5990.64791,15.388,0.006
OGLE-LMC-CEP-3126,3.4253379,5992.66976,15.045,0.005
OGLE-LMC-CEP-3126,3.4253379,5994.66266,15.511,0.006
OGLE-LMC-CEP-3126,3.4253379,5995.68232,14.904,0.005
OGLE-LMC-CEP-3126,3.4253379,5997.64543,15.416,0.006
OGLE-LMC-CEP-3126,3.4253379,5999.67265,15.098,0.005
OGLE-LMC-CEP-3126,3.4253379,6001.62367,15.528,0.006
OGLE-LMC-CEP-3126,3.4253379,6004.63591,15.452,0.006
OGLE-LMC-CEP-3126,3.4253379,6009.59691,14.987,0.005
OGLE-LMC-CEP-3126,3.4253379,6017.59047,15.296,0.005
OGLE-LMC-CEP-3126,3.4253379,6018.59393,15.490,0.006
OGLE-LMC-CEP-3126,3.4253379,6019.62191,14.867,0.005
OGLE-LMC-CEP-3126,3.4253379,6022.61688,14.993,0.005
OGLE-LMC-CEP-3126,3.4253379,6023.58921,15.085,0.005
OGLE-LMC-CEP-3126,3.4253379,6024.61199,15.335,0.006
OGLE-LMC-CEP-3126,3.4253379,6033.57699,14.985,0.005
OGLE-LMC-CEP-3126,3.4253379,6035.55090,15.460,0.006
OGLE-LMC-CEP-3126,3.4253379,6037.54508,15.146,0.006
OGLE-LMC-CEP-3126,3.4253379,6038.55107,15.381,0.006
OGLE-LMC-CEP-3126,3.4253379,6039.55558,15.418,0.007
OGLE-LMC-CEP-3126,3.4253379,6040.54283,15.031,0.005
OGLE-LMC-CEP-3126,3.4253379,6042.54108,15.497,0.006
OGLE-LMC-CEP-3126,3.4253379,6047.53247,15.068,0.005
OGLE-LMC-CEP-3126,3.4253379,6048.51653,15.315,0.005
OGLE-LMC-CEP-3126,3.4253379,6049.52484,15.515,0.006
OGLE-LMC-CEP-3126,3.4253379,6052.51670,15.417,0.006
OGLE-LMC-CEP-3126,3.4253379,6056.50981,15.525,0.006
OGLE-LMC-CEP-3126,3.4253379,6059.50592,15.465,0.006
OGLE-LMC-CEP-3126,3.4253379,6068.47693,15.167,0.005
OGLE-LMC-CEP-3126,3.4253379,6080.46509,15.534,0.007
OGLE-LMC-CEP-3126,3.4253379,6149.91508,14.939,0.005
OGLE-LMC-CEP-3126,3.4253379,6160.92857,15.178,0.005
OGLE-LMC-CEP-3126,3.4253379,6173.90661,14.940,0.005
OGLE-LMC-CEP-3126,3.4253379,6183.90555,14.815,0.005
OGLE-LMC-CEP-3126,3.4253379,6185.88273,15.387,0.005
OGLE-LMC-CEP-3126,3.4253379,6196.81498,15.525,0.005
OGLE-LMC-CEP-3126,3.4253379,6199.86674,15.433,0.006
OGLE-LMC-CEP-3126,3.4253379,6202.87051,15.361,0.005
OGLE-LMC-CEP-3126,3.4253379,6207.85324,14.801,0.005
OGLE-LMC-CEP-3126,3.4253379,6208.85353,15.151,0.005
OGLE-LMC-CEP-3126,3.4253379,6214.85564,14.878,0.005
OGLE-LMC-CEP-3126,3.4253379,6216.88463,15.423,0.006
OGLE-LMC-CEP-3126,3.4253379,6218.85820,15.089,0.005
OGLE-LMC-CEP-3126,3.4253379,6220.76380,15.509,0.006
OGLE-LMC-CEP-3126,3.4253379,6223.82416,15.459,0.005
OGLE-LMC-CEP-3126,3.4253379,6226.78419,15.349,0.005
OGLE-LMC-CEP-3126,3.4253379,6230.80086,15.441,0.007
OGLE-LMC-CEP-3126,3.4253379,6233.85480,15.387,0.005
OGLE-LMC-CEP-3126,3.4253379,6236.87082,15.308,0.006
OGLE-LMC-CEP-3126,3.4253379,6241.84916,14.967,0.005
OGLE-LMC-CEP-3126,3.4253379,6244.85835,15.524,0.006
OGLE-LMC-CEP-3126,3.4253379,6248.82582,14.778,0.005
OGLE-LMC-CEP-3126,3.4253379,6251.81639,15.508,0.005
OGLE-LMC-CEP-3126,3.4253379,6254.76205,15.447,0.005
OGLE-LMC-CEP-3126,3.4253379,6257.84277,15.390,0.005
OGLE-LMC-CEP-3126,3.4253379,6262.77887,14.856,0.005
OGLE-LMC-CEP-3126,3.4253379,6265.84378,14.912,0.005
OGLE-LMC-CEP-3126,3.4253379,6269.81917,14.940,0.005
OGLE-LMC-CEP-3126,3.4253379,6275.82381,15.491,0.005
OGLE-LMC-CEP-3126,3.4253379,6280.77651,15.153,0.005
OGLE-LMC-CEP-3126,3.4253379,6284.83951,15.306,0.005
OGLE-LMC-CEP-3126,3.4253379,6288.74748,15.406,0.005
OGLE-LMC-CEP-3126,3.4253379,6292.81706,15.538,0.005
OGLE-LMC-CEP-3126,3.4253379,6297.76440,15.116,0.005
OGLE-LMC-CEP-3126,3.4253379,6303.77167,14.814,0.005
OGLE-LMC-CEP-3126,3.4253379,6308.78043,15.326,0.005
OGLE-LMC-CEP-3126,3.4253379,6318.68626,15.206,0.005
OGLE-LMC-CEP-3126,3.4253379,6321.71574,15.117,0.005
OGLE-LMC-CEP-3126,3.4253379,6322.68753,15.352,0.005
OGLE-LMC-CEP-3126,3.4253379,6338.63811,15.065,0.005
OGLE-LMC-CEP-3126,3.4253379,6355.56468,14.991,0.005
OGLE-LMC-CEP-3126,3.4253379,6361.61242,15.308,0.005
OGLE-LMC-CEP-3126,3.4253379,6369.59033,15.090,0.005
OGLE-LMC-CEP-3126,3.4253379,6375.58726,14.788,0.005
OGLE-LMC-CEP-3126,3.4253379,6382.55340,14.813,0.005
OGLE-LMC-CEP-3126,3.4253379,6390.54615,15.173,0.005
OGLE-LMC-CEP-3126,3.4253379,6399.49203,14.800,0.005
OGLE-LMC-CEP-3126,3.4253379,6510.93029,15.319,0.005
OGLE-LMC-CEP-3126,3.4253379,6521.91575,15.457,0.005
OGLE-LMC-CEP-3126,3.4253379,6534.91206,15.323,0.005
OGLE-LMC-CEP-3126,3.4253379,6537.89250,15.196,0.005
OGLE-LMC-CEP-3126,3.4253379,6552.85449,15.489,0.005
OGLE-LMC-CEP-3126,3.4253379,6568.87062,15.237,0.005
OGLE-LMC-CEP-3126,3.4253379,6575.86780,15.280,0.005
OGLE-LMC-CEP-3126,3.4253379,6582.81132,15.301,0.005
OGLE-LMC-CEP-3126,3.4253379,6586.76500,15.402,0.005
OGLE-LMC-CEP-3126,3.4253379,6595.79814,15.119,0.005
OGLE-LMC-CEP-3126,3.4253379,6607.80546,15.513,0.005
OGLE-LMC-CEP-3126,3.4253379,6614.75616,15.531,0.005
OGLE-LMC-CEP-3126,3.4253379,6618.81181,14.780,0.005
OGLE-LMC-CEP-3126,3.4253379,6627.78721,15.387,0.005
OGLE-LMC-CEP-3126,3.4253379,6637.83971,15.359,0.005
OGLE-LMC-CEP-3126,3.4253379,6644.81775,15.379,0.005
OGLE-LMC-CEP-3126,3.4253379,6650.79298,15.171,0.005
OGLE-LMC-CEP-3126,3.4253379,6654.78686,15.312,0.005
OGLE-LMC-CEP-3126,3.4253379,6659.70149,15.088,0.005
OGLE-LMC-CEP-3126,3.4253379,6663.76885,14.960,0.005
OGLE-LMC-CEP-3126,3.4253379,6663.78703,14.971,0.005
OGLE-LMC-CEP-3126,3.4253379,6668.79023,15.380,0.005
OGLE-LMC-CEP-3126,3.4253379,6674.73138,15.165,0.005
OGLE-LMC-CEP-3126,3.4253379,6680.79457,14.922,0.005
OGLE-LMC-CEP-3126,3.4253379,6685.74675,15.341,0.005
OGLE-LMC-CEP-3126,3.4253379,6693.67201,15.518,0.005
OGLE-LMC-CEP-3126,3.4253379,6698.71878,15.160,0.005
OGLE-LMC-CEP-3126,3.4253379,6703.68284,15.508,0.006
OGLE-LMC-CEP-3126,3.4253379,6708.68623,15.090,0.005
OGLE-LMC-CEP-3126,3.4253379,6712.68648,15.221,0.005
OGLE-LMC-CEP-3126,3.4253379,6715.67709,15.124,0.005
OGLE-LMC-CEP-3126,3.4253379,6729.66976,15.186,0.005
OGLE-LMC-CEP-3126,3.4253379,6741.63661,15.496,0.005
OGLE-LMC-CEP-3126,3.4253379,6874.94013,15.505,0.007
OGLE-LMC-CEP-3126,3.4253379,6884.91247,15.435,0.005
OGLE-LMC-CEP-3126,3.4253379,6909.91543,14.786,0.005
OGLE-LMC-CEP-3126,3.4253379,6921.85017,15.286,0.005
OGLE-LMC-CEP-3126,3.4253379,6928.81195,15.316,0.005
OGLE-LMC-CEP-3126,3.4253379,6936.81749,15.519,0.005
OGLE-LMC-CEP-3126,3.4253379,6939.82614,15.457,0.006
OGLE-LMC-CEP-3126,3.4253379,6949.84354,15.404,0.005
OGLE-LMC-CEP-3126,3.4253379,6955.81883,15.209,0.005
OGLE-LMC-CEP-3126,3.4253379,6961.86882,14.991,0.005
OGLE-LMC-CEP-3126,3.4253379,6967.80317,15.448,0.006
OGLE-LMC-CEP-3126,3.4253379,6973.78225,15.392,0.005
OGLE-LMC-CEP-3126,3.4253379,6978.76330,14.897,0.005
OGLE-LMC-CEP-3126,3.4253379,6984.75718,15.514,0.005
OGLE-LMC-CEP-3126,3.4253379,6990.76355,15.364,0.006
OGLE-LMC-CEP-3126,3.4253379,6995.78323,14.857,0.005
OGLE-LMC-CEP-3126,3.4253379,7000.81980,15.328,0.005
OGLE-LMC-CEP-3126,3.4253379,7004.82881,15.438,0.005
OGLE-LMC-CEP-3126,3.4253379,7008.80048,15.514,0.005
OGLE-LMC-CEP-3126,3.4253379,7012.75707,14.792,0.005
OGLE-LMC-CEP-3126,3.4253379,7015.77775,15.429,0.005
OGLE-LMC-CEP-3126,3.4253379,7019.77855,14.863,0.005
OGLE-LMC-CEP-3126,3.4253379,7023.78702,15.082,0.005
OGLE-LMC-CEP-3126,3.4253379,7026.77849,14.926,0.005
OGLE-LMC-CEP-3126,3.4253379,7030.79086,15.117,0.005
OGLE-LMC-CEP-3126,3.4253379,7034.74489,15.242,0.005
OGLE-LMC-CEP-3126,3.4253379,7038.77002,15.378,0.005
OGLE-LMC-CEP-3126,3.4253379,7042.76420,15.495,0.005
OGLE-LMC-CEP-3126,3.4253379,7048.74648,15.332,0.005
OGLE-LMC-CEP-3126,3.4253379,7053.71487,14.823,0.005
OGLE-LMC-CEP-3126,3.4253379,7057.67787,14.965,0.005
OGLE-LMC-CEP-3126,3.4253379,7057.71049,14.967,0.005
OGLE-LMC-CEP-3126,3.4253379,7058.70024,15.243,0.005
OGLE-LMC-CEP-3126,3.4253379,7059.66916,15.457,0.005
OGLE-LMC-CEP-3126,3.4253379,7060.67342,14.779,0.005
OGLE-LMC-CEP-3126,3.4253379,7061.70167,15.136,0.005
OGLE-LMC-CEP-3126,3.4253379,7062.69298,15.373,0.005
OGLE-LMC-CEP-3126,3.4253379,7062.70547,15.367,0.005
OGLE-LMC-CEP-3126,3.4253379,7063.65130,15.494,0.006
OGLE-LMC-CEP-3126,3.4253379,7064.69743,15.028,0.005
OGLE-LMC-CEP-3126,3.4253379,7065.69975,15.293,0.005
OGLE-LMC-CEP-3126,3.4253379,7066.69550,15.492,0.005
OGLE-LMC-CEP-3126,3.4253379,7067.72784,14.863,0.005
OGLE-LMC-CEP-3126,3.4253379,7068.68967,15.168,0.005
OGLE-LMC-CEP-3126,3.4253379,7069.69314,15.399,0.005
OGLE-LMC-CEP-3126,3.4253379,7075.68930,15.205,0.005
OGLE-LMC-CEP-3126,3.4253379,7080.64001,15.529,0.006
OGLE-LMC-CEP-3126,3.4253379,7082.62869,15.221,0.005
OGLE-LMC-CEP-3126,3.4253379,7085.64435,15.133,0.005
OGLE-LMC-CEP-3126,3.4253379,7088.62561,15.000,0.005
OGLE-LMC-CEP-3126,3.4253379,7091.62771,14.828,0.005
OGLE-LMC-CEP-3126,3.4253379,7098.61034,14.891,0.005
OGLE-LMC-CEP-3126,3.4253379,7104.59890,15.524,0.005
OGLE-LMC-CEP-3126,3.4253379,7111.59664,15.497,0.005
OGLE-LMC-CEP-3126,3.4253379,7114.57018,15.457,0.005
OGLE-LMC-CEP-3126,3.4253379,7117.57322,15.388,0.005
OGLE-LMC-CEP-3126,3.4253379,7120.57054,15.310,0.005
OGLE-LMC-CEP-3126,3.4253379,7127.54950,15.330,0.005
OGLE-LMC-CEP-3126,3.4253379,7132.55692,14.780,0.005
OGLE-LMC-CEP-3126,3.4253379,7135.53986,15.510,0.005
OGLE-LMC-CEP-3126,3.4253379,7139.52515,14.793,0.005
OGLE-LMC-CEP-3126,3.4253379,7142.50300,15.434,0.005
OGLE-LMC-CEP-3126,3.4253379,7282.89351,15.491,0.006
OGLE-LMC-CEP-3126,3.4253379,7291.89369,15.317,0.005
OGLE-LMC-CEP-3126,3.4253379,7294.85652,15.194,0.005
OGLE-LMC-CEP-3126,3.4253379,7299.86498,15.516,0.005
OGLE-LMC-CEP-3126,3.4253379,7306.82493,15.517,0.005
OGLE-LMC-CEP-3126,3.4253379,7312.81917,15.388,0.006
OGLE-LMC-CEP-3126,3.4253379,7324.75622,14.918,0.005
OGLE-LMC-CEP-3126,3.4253379,7341.73523,14.846,0.005
OGLE-LMC-CEP-3126,3.4253379,7346.76261,15.330,0.005
OGLE-LMC-CEP-3126,3.4253379,7355.72038,14.976,0.005
OGLE-LMC-CEP-3126,3.4253379,7366.75021,15.185,0.005
OGLE-LMC-CEP-3126,3.4253379,7374.85305,15.465,0.005
OGLE-LMC-CEP-3126,3.4253379,7377.84026,15.375,0.005
OGLE-LMC-CEP-3126,3.4253379,7382.73888,14.800,0.005
OGLE-LMC-CEP-3126,3.4253379,7386.71922,15.037,0.005
OGLE-LMC-CEP-3126,3.4253379,7389.76209,14.884,0.005
OGLE-LMC-CEP-3126,3.4253379,7398.71666,15.442,0.005
OGLE-LMC-CEP-3126,3.4253379,7402.77325,15.481,0.005
OGLE-LMC-CEP-3126,3.4253379,7405.74673,15.480,0.005
OGLE-LMC-CEP-3126,3.4253379,7409.71569,15.394,0.006
OGLE-LMC-CEP-3126,3.4253379,7413.70540,14.867,0.005
OGLE-LMC-CEP-3126,3.4253379,7425.69928,15.356,0.005
OGLE-LMC-CEP-3126,3.4253379,7429.66631,15.453,0.005
OGLE-LMC-CEP-3126,3.4253379,7436.64226,15.479,0.005
OGLE-LMC-CEP-3126,3.4253379,7441.64891,15.074,0.005
OGLE-LMC-CEP-3126,3.4253379,7445.62803,15.210,0.005
OGLE-LMC-CEP-3126,3.4253379,7450.63110,15.524,0.006
OGLE-LMC-CEP-3126,3.4253379,7457.60209,15.470,0.005
OGLE-LMC-CEP-3126,3.4253379,7463.60282,15.383,0.005
OGLE-LMC-CEP-3126,3.4253379,7467.56364,15.502,0.006
OGLE-LMC-CEP-3126,3.4253379,7471.59467,14.849,0.005
OGLE-LMC-CEP-3126,3.4253379,7475.56854,14.960,0.005
OGLE-LMC-CEP-3126,3.4253379,7487.51518,15.385,0.006
OGLE-LMC-CEP-3126,3.4253379,7495.49235,15.044,0.005
OGLE-LMC-CEP-3126,3.4253379,7508.47943,15.465,0.005
OGLE-LMC-CEP-0800,12.6366560,5260.62701,13.420,0.005
OGLE-LMC-CEP-0800,12.6366560,5261.54182,13.447,0.005
OGLE-LMC-CEP-0800,12.6366560,5264.57225,13.631,0.005
OGLE-LMC-CEP-0800,12.6366560,5265.50605,13.723,0.005
OGLE-LMC-CEP-0800,12.6366560,5266.57097,13.863,0.005
OGLE-LMC-CEP-0800,12.6366560,5267.55231,13.931,0.005
OGLE-LMC-CEP-0800,12.6366560,5268.62687,13.909,0.005
OGLE-LMC-CEP-0800,12.6366560,5269.53622,13.780,0.005
OGLE-LMC-CEP-0800,12.6366560,5271.54501,13.538,0.005
OGLE-LMC-CEP-0800,12.6366560,5272.56217,13.398,0.005
OGLE-LMC-CEP-0800,12.6366560,5273.53414,13.427,0.005
OGLE-LMC-CEP-0800,12.6366560,5274.56531,13.463,0.005
OGLE-LMC-CEP-0800,12.6366560,5276.54436,13.575,0.005
OGLE-LMC-CEP-0800,12.6366560,5279.53250,13.883,0.005
OGLE-LMC-CEP-0800,12.6366560,5281.50793,13.859,0.005
OGLE-LMC-CEP-0800,12.6366560,5282.52663,13.770,0.005
OGLE-LMC-CEP-0800,12.6366560,5283.54274,13.725,0.005
OGLE-LMC-CEP-0800,12.6366560,5284.54607,13.365,0.005
OGLE-LMC-CEP-0800,12.6366560,5285.54764,13.418,0.005
OGLE-LMC-CEP-0800,12.6366560,5287.54090,13.477,0.005
OGLE-LMC-CEP-0800,12.6366560,5292.55783,13.923,0.005
OGLE-LMC-CEP-0800,12.6366560,5294.54062,13.793,0.005
OGLE-LMC-CEP-0800,12.6366560,5297.50879,13.332,0.005
OGLE-LMC-CEP-0800,12.6366560,5299.50626,13.456,0.005
OGLE-LMC-CEP-0800,12.6366560,5307.49584,13.764,0.005
OGLE-LMC-CEP-0800,12.6366560,5310.48657,13.387,0.005
OGLE-LMC-CEP-0800,12.6366560,5312.51433,13.456,0.005
OGLE-LMC-CEP-0800,12.6366560,5315.48522,13.662,0.005
OGLE-LMC-CEP-0800,12.6366560,5323.47101,13.401,0.005
OGLE-LMC-CEP-0800,12.6366560,5325.46468,13.455,0.005
OGLE-LMC-CEP-0800,12.6366560,5327.46455,13.604,0.005
OGLE-LMC-CEP-0800,12.6366560,5335.45920,13.339,0.005
OGLE-LMC-CEP-0800,12.6366560,5338.46572,13.493,0.005
OGLE-LMC-CEP-0800,12.6366560,5342.47356,13.885,0.005
OGLE-LMC-CEP-0800,12.6366560,5343.48314,13.941,0.005
OGLE-LMC-CEP-0800,12.6366560,5430.88672,13.861,0.005
OGLE-LMC-CEP-0800,12.6366560,5439.89617,13.519,0.005
OGLE-LMC-CEP-0800,12.6366560,5444.87827,13.944,0.005
OGLE-LMC-CEP-0800,12.6366560,5449.88299,13.425,0.005
OGLE-LMC-CEP-0800,12.6366560,5454.87776,13.706,0.005
OGLE-LMC-CEP-0800,12.6366560,5456.90346,13.920,0.005
OGLE-LMC-CEP-0800,12.6366560,5461.89809,13.349,0.005
OGLE-LMC-CEP-0800,12.6366560,5463.86313,13.457,0.005
OGLE-LMC-CEP-0800,12.6366560,5467.83712,13.747,0.005
OGLE-LMC-CEP-0800,12.6366560,5468.81111,13.855,0.005
OGLE-LMC-CEP-0800,12.6366560,5470.78354,13.900,0.005
OGLE-LMC-CEP-0800,12.6366560,5471.83381,13.772,0.005
OGLE-LMC-CEP-0800,12.6366560,5476.78950,13.481,0.005
OGLE-LMC-CEP-0800,12.6366560,5478.77825,13.585,0.005
OGLE-LMC-CEP-0800,12.6366560,5480.79194,13.780,0.005
OGLE-LMC-CEP-0800,12.6366560,5482.76816,13.937,0.005
OGLE-LMC-CEP-0800,12.6366560,5483.76614,13.837,0.005
OGLE-LMC-CEP-0800,12.6366560,5484.87562,13.777,0.005
OGLE-LMC-CEP-0800,12.6366560,5486.77466,13.332,0.005
OGLE-LMC-CEP-0800,12.6366560,5490.71378,13.524,0.005
OGLE-LMC-CEP-0800,12.6366560,5491.73409,13.607,0.005
OGLE-LMC-CEP-0800,12.6366560,5492.76762,13.706,0.005
OGLE-LMC-CEP-0800,12.6366560,5493.78992,13.824,0.005
OGLE-LMC-CEP-0800,12.6366560,5494.83464,13.923,0.005
OGLE-LMC-CEP-0800,12.6366560,5495.79181,13.929,0.005
OGLE-LMC-CEP-0800,12.6366560,5496.78961,13.791,0.005
OGLE-LMC-CEP-0800,12.6366560,5499.72681,13.321,0.005
OGLE-LMC-CEP-0800,12.6366560,5502.79695,13.509,0.005
OGLE-LMC-CEP-0800,12.6366560,5503.75221,13.561,0.005
OGLE-LMC-CEP-0800,12.6366560,5505.72187,13.743,0.005
OGLE-LMC-CEP-0800,12.6366560,5506.73935,13.858,0.005
OGLE-LMC-CEP-0800,12.6366560,5507.75747,13.934,0.005
OGLE-LMC-CEP-0800,12.6366560,5509.66587,13.766,0.005
OGLE-LMC-CEP-0800,12.6366560,5510.72180,13.762,0.005
OGLE-LMC-CEP-0800,12.6366560,5511.69798,13.498,0.005
OGLE-LMC-CEP-0800,12.6366560,5512.74104,13.402,0.005
OGLE-LMC-CEP-0800,12.6366560,5513.71132,13.436,0.005
OGLE-LMC-CEP-0800,12.6366560,5514.74387,13.470,0.005
OGLE-LMC-CEP-0800,12.6366560,5515.66114,13.508,0.005
OGLE-LMC-CEP-0800,12.6366560,5516.74668,13.595,0.005
OGLE-LMC-CEP-0800,12.6366560,5517.65979,13.667,0.005
OGLE-LMC-CEP-0800,12.6366560,5518.75620,13.793,0.005
OGLE-LMC-CEP-0800,12.6366560,5519.67972,13.886,0.005
OGLE-LMC-CEP-0800,12.6366560,5521.69947,13.844,0.005
OGLE-LMC-CEP-0800,12.6366560,5522.72460,13.776,0.005
OGLE-LMC-CEP-0800,12.6366560,5523.68930,13.744,0.005
OGLE-LMC-CEP-0800,12.6366560,5524.69775,13.345,0.005
OGLE-LMC-CEP-0800,12.6366560,5525.73082,13.448,0.005
OGLE-LMC-CEP-0800,12.6366560,5526.68287,13.462,0.005
OGLE-LMC-CEP-0800,12.6366560,5527.76361,13.487,0.005
OGLE-LMC-CEP-0800,12.6366560,5528.70463,13.536,0.005
OGLE-LMC-CEP-0800,12.6366560,5529.68497,13.612,0.005
OGLE-LMC-CEP-0800,12.6366560,5530.69217,13.707,0.005
OGLE-LMC-CEP-0800,12.6366560,5531.77536,13.834,0.005
OGLE-LMC-CEP-0800,12.6366560,5532.68346,13.920,0.005
OGLE-LMC-CEP-0800,12.6366560,5533.70681,13.923,0.005
OGLE-LMC-CEP-0800,12.6366560,5534.73836,13.788,0.005
OGLE-LMC-CEP-0800,12.6366560,5535.71514,13.766,0.005
OGLE-LMC-CEP-0800,12.6366560,5536.71782,13.629,0.005
OGLE-LMC-CEP-0800,12.6366560,5539.72807,13.464,0.005
OGLE-LMC-CEP-0800,12.6366560,5540.81220,13.507,0.005
OGLE-LMC-CEP-0800,12.6366560,5541.67839,13.564,0.005
OGLE-LMC-CEP-0800,12.6366560,5542.73678,13.650,0.005
OGLE-LMC-CEP-0800,12.6366560,5543.76830,13.748,0.005
OGLE-LMC-CEP-0800,12.6366560,5544.75581,13.873,0.005
OGLE-LMC-CEP-0800,12.6366560,5545.74507,13.938,0.005
OGLE-LMC-CEP-0800,12.6366560,5546.69475,13.886,0.005
OGLE-LMC-CEP-0800,12.6366560,5547.75453,13.769,0.005
OGLE-LMC-CEP-0800,12.6366560,5548.71451,13.757,0.005
OGLE-LMC-CEP-0800,12.6366560,5549.68063,13.444,0.005
OGLE-LMC-CEP-0800,12.6366560,5550.73447,13.416,0.005
OGLE-LMC-CEP-0800,12.6366560,5551.68497,13.436,0.005
OGLE-LMC-CEP-0800,12.6366560,5553.73804,13.525,0.005
OGLE-LMC-CEP-0800,12.6366560,5554.67135,13.592,0.005
OGLE-LMC-CEP-0800,12.6366560,5556.68597,13.799,0.005
OGLE-LMC-CEP-0800,12.6366560,5557.66711,13.901,0.005
OGLE-LMC-CEP-0800,12.6366560,5558.66803,13.946,0.005
OGLE-LMC-CEP-0800,12.6366560,5559.65821,13.851,0.005
OGLE-LMC-CEP-0800,12.6366560,5560.64989,13.768,0.005
OGLE-LMC-CEP-0800,12.6366560,5561.68346,13.730,0.005
OGLE-LMC-CEP-0800,12.6366560,5562.70303,13.324,0.005
OGLE-LMC-CEP-0800,12.6366560,5563.63700,13.426,0.005
OGLE-LMC-CEP-0800,12.6366560,5565.66829,13.487,0.005
OGLE-LMC-CEP-0800,12.6366560,5566.69557,13.543,0.005
OGLE-LMC-CEP-0800,12.6366560,5568.71587,13.726,0.005
OGLE-LMC-CEP-0800,12.6366560,5569.71042,13.834,0.005
OGLE-LMC-CEP-0800,12.6366560,5570.74916,13.930,0.005
OGLE-LMC-CEP-0800,12.6366560,5571.68099,13.929,0.005
OGLE-LMC-CEP-0800,12.6366560,5572.79742,13.777,0.005
OGLE-LMC-CEP-0800,12.6366560,5575.70246,13.368,0.005
OGLE-LMC-CEP-0800,12.6366560,5576.67668,13.434,0.005
OGLE-LMC-CEP-0800,12.6366560,5577.67821,13.460,0.005
OGLE-LMC-CEP-0800,12.6366560,5578.68499,13.506,0.005
OGLE-LMC-CEP-0800,12.6366560,5579.73535,13.573,0.005
OGLE-LMC-CEP-0800,12.6366560,5580.67903,13.656,0.005
OGLE-LMC-CEP-0800,12.6366560,5581.68149,13.760,0.005
OGLE-LMC-CEP-0800,12.6366560,5582.68928,13.870,0.005
OGLE-LMC-CEP-0800,12.6366560,5583.69606,13.942,0.005
OGLE-LMC-CEP-0800,12.6366560,5584.68209,13.881,0.005
OGLE-LMC-CEP-0800,12.6366560,5585.68193,13.769,0.005
OGLE-LMC-CEP-0800,12.6366560,5586.64570,13.762,0.005
OGLE-LMC-CEP-0800,12.6366560,5588.73179,13.407,0.005
OGLE-LMC-CEP-0800,12.6366560,5589.63783,13.431,0.005
OGLE-LMC-CEP-0800,12.6366560,5591.67516,13.517,0.005
OGLE-LMC-CEP-0800,12.6366560,5592.65741,13.591,0.005
OGLE-LMC-CEP-0800,12.6366560,5593.64037,13.683,0.005
OGLE-LMC-CEP-0800,12.6366560,5594.65657,13.796,0.005
OGLE-LMC-CEP-0800,12.6366560,5595.63524,13.895,0.005
OGLE-LMC-CEP-0800,12.6366560,5596.69838,13.929,0.005
OGLE-LMC-CEP-0800,12.6366560,5597.61583,13.832,0.005
OGLE-LMC-CEP-0800,12.6366560,5598.67997,13.774,0.005
OGLE-LMC-CEP-0800,12.6366560,5599.64575,13.729,0.005
OGLE-LMC-CEP-0800,12.6366560,5600.67850,13.328,0.005
OGLE-LMC-CEP-0800,12.6366560,5601.65813,13.424,0.005
OGLE-LMC-CEP-0800,12.6366560,5602.65684,13.444,0.005
OGLE-LMC-CEP-0800,12.6366560,5603.66559,13.480,0.005
OGLE-LMC-CEP-0800,12.6366560,5604.66274,13.547,0.005
OGLE-LMC-CEP-0800,12.6366560,5605.66783,13.626,0.005
OGLE-LMC-CEP-0800,12.6366560,5606.67918,13.725,0.005
OGLE-LMC-CEP-0800,12.6366560,5607.69060,13.827,0.005
OGLE-LMC-CEP-0800,12.6366560,5608.67747,13.916,0.005
OGLE-LMC-CEP-0800,12.6366560,5609.70919,13.909,0.005
OGLE-LMC-CEP-0800,12.6366560,5611.63975,13.773,0.005
OGLE-LMC-CEP-0800,12.6366560,5612.69227,13.555,0.005
OGLE-LMC-CEP-0800,12.6366560,5613.65474,13.367,0.005
OGLE-LMC-CEP-0800,12.6366560,5614.64739,13.429,0.005
OGLE-LMC-CEP-0800,12.6366560,5615.64118,13.453,0.005
OGLE-LMC-CEP-0800,12.6366560,5616.64993,13.501,0.005
OGLE-LMC-CEP-0800,12.6366560,5619.64041,13.759,0.005
OGLE-LMC-CEP-0800,12.6366560,5620.62640,13.878,0.005
OGLE-LMC-CEP-0800,12.6366560,5622.63507,13.860,0.005
OGLE-LMC-CEP-0800,12.6366560,5623.59795,13.768,0.005
OGLE-LMC-CEP-0800,12.6366560,5624.53905,13.766,0.005
OGLE-LMC-CEP-0800,12.6366560,5625.63070,13.388,0.005
OGLE-LMC-CEP-0800,12.6366560,5626.59180,13.429,0.005
OGLE-LMC-CEP-0800,12.6366560,5627.55650,13.435,0.005
OGLE-LMC-CEP-0800,12.6366560,5629.59675,13.516,0.005
OGLE-LMC-CEP-0800,12.6366560,5630.60817,13.591,0.005
OGLE-LMC-CEP-0800,12.6366560,5632.55628,13.787,0.005
OGLE-LMC-CEP-0800,12.6366560,5633.60527,13.890,0.005
OGLE-LMC-CEP-0800,12.6366560,5634.56569,13.929,0.005
OGLE-LMC-CEP-0800,12.6366560,5635.57000,13.816,0.005
OGLE-LMC-CEP-0800,12.6366560,5638.57460,13.330,0.005
OGLE-LMC-CEP-0800,12.6366560,5639.58486,13.434,0.005
OGLE-LMC-CEP-0800,12.6366560,5640.52385,13.457,0.005
OGLE-LMC-CEP-0800,12.6366560,5641.55150,13.489,0.005
OGLE-LMC-CEP-0800,12.6366560,5642.49975,13.541,0.005
OGLE-LMC-CEP-0800,12.6366560,5643.49752,13.609,0.005
OGLE-LMC-CEP-0800,12.6366560,5644.50027,13.715,0.005
OGLE-LMC-CEP-0800,12.6366560,5645.49900,13.819,0.005
OGLE-LMC-CEP-0800,12.6366560,5646.51199,13.921,0.005
OGLE-LMC-CEP-0800,12.6366560,5647.51395,13.915,0.005
OGLE-LMC-CEP-0800,12.6366560,5648.51384,13.791,0.005
OGLE-LMC-CEP-0800,12.6366560,5649.52937,13.776,0.005
OGLE-LMC-CEP-0800,12.6366560,5650.50980,13.605,0.005
OGLE-LMC-CEP-0800,12.6366560,5651.51573,13.366,0.005
OGLE-LMC-CEP-0800,12.6366560,5652.51067,13.434,0.005
OGLE-LMC-CEP-0800,12.6366560,5653.54076,13.464,0.005
OGLE-LMC-CEP-0800,12.6366560,5654.54929,13.520,0.005
OGLE-LMC-CEP-0800,12.6366560,5655.54044,13.571,0.005
OGLE-LMC-CEP-0800,12.6366560,5656.54935,13.647,0.005
OGLE-LMC-CEP-0800,12.6366560,5657.50929,13.754,0.005
OGLE-LMC-CEP-0800,12.6366560,5659.50858,13.942,0.005
OGLE-LMC-CEP-0800,12.6366560,5660.55397,13.859,0.005
OGLE-LMC-CEP-0800,12.6366560,5664.48817,13.416,0.005
OGLE-LMC-CEP-0800,12.6366560,5665.50340,13.437,0.005
OGLE-LMC-CEP-0800,12.6366560,5666.50020,13.484,0.005
OGLE-LMC-CEP-0800,12.6366560,5667.48238,13.525,0.005
OGLE-LMC-CEP-0800,12.6366560,5668.48792,13.592,0.005
OGLE-LMC-CEP-0800,12.6366560,5669.48193,13.677,0.005
OGLE-LMC-CEP-0800,12.6366560,5670.53340,13.790,0.005
OGLE-LMC-CEP-0800,12.6366560,5671.48378,13.916,0.005
OGLE-LMC-CEP-0800,12.6366560,5672.47824,13.939,0.005
OGLE-LMC-CEP-0800,12.6366560,5674.48675,13.783,0.005
OGLE-LMC-CEP-0800,12.6366560,5675.47962,13.727,0.005
OGLE-LMC-CEP-0800,12.6366560,5676.53451,13.345,0.005
OGLE-LMC-CEP-0800,12.6366560,5677.47634,13.432,0.005
OGLE-LMC-CEP-0800,12.6366560,5678.51054,13.451,0.005
OGLE-LMC-CEP-0800,12.6366560,5679.47820,13.482,0.005
OGLE-LMC-CEP-0800,12.6366560,5680.52626,13.557,0.005
OGLE-LMC-CEP-0800,12.6366560,5681.48929,13.631,0.005
OGLE-LMC-CEP-0800,12.6366560,5682.49038,13.742,0.005
OGLE-LMC-CEP-0800,12.6366560,5683.49496,13.848,0.005
OGLE-LMC-CEP-0800,12.6366560,5684.49897,13.939,0.005
OGLE-LMC-CEP-0800,12.6366560,5685.47151,13.931,0.005
OGLE-LMC-CEP-0800,12.6366560,5686.47240,13.792,0.005
OGLE-LMC-CEP-0800,12.6366560,5687.47315,13.781,0.005
OGLE-LMC-CEP-0800,12.6366560,5691.46609,13.453,0.005
OGLE-LMC-CEP-0800,12.6366560,5692.51454,13.497,0.005
OGLE-LMC-CEP-0800,12.6366560,5694.48270,13.674,0.005
OGLE-LMC-CEP-0800,12.6366560,5695.46712,13.773,0.005
OGLE-LMC-CEP-0800,12.6366560,5696.47554,13.890,0.005
OGLE-LMC-CEP-0800,12.6366560,5697.46544,13.950,0.005
OGLE-LMC-CEP-0800,12.6366560,5699.47498,13.791,0.005
OGLE-LMC-CEP-0800,12.6366560,5700.46657,13.778,0.005
OGLE-LMC-CEP-0800,12.6366560,5702.46345,13.428,0.005
OGLE-LMC-CEP-0800,12.6366560,5706.46316,13.606,0.005
OGLE-LMC-CEP-0800,12.6366560,5784.92370,13.863,0.005
OGLE-LMC-CEP-0800,12.6366560,5795.92971,13.685,0.005
OGLE-LMC-CEP-0800,12.6366560,5803.87503,13.420,0.005
OGLE-LMC-CEP-0800,12.6366560,5805.83952,13.477,0.005
OGLE-LMC-CEP-0800,12.6366560,5806.89051,13.540,0.005
OGLE-LMC-CEP-0800,12.6366560,5809.85177,13.838,0.005
OGLE-LMC-CEP-0800,12.6366560,5810.85488,13.929,0.005
OGLE-LMC-CEP-0800,12.6366560,5812.84768,13.793,0.005
OGLE-LMC-CEP-0800,12.6366560,5814.86450,13.562,0.005
OGLE-LMC-CEP-0800,12.6366560,5815.87614,13.377,0.005
OGLE-LMC-CEP-0800,12.6366560,5816.85027,13.437,0.005
OGLE-LMC-CEP-0800,12.6366560,5817.85088,13.454,0.005
OGLE-LMC-CEP-0800,12.6366560,5818.87997,13.499,0.005
OGLE-LMC-CEP-0800,12.6366560,5819.83395,13.562,0.005
OGLE-LMC-CEP-0800,12.6366560,5820.90139,13.658,0.005
OGLE-LMC-CEP-0800,12.6366560,5822.82161,13.866,0.005
OGLE-LMC-CEP-0800,12.6366560,5823.89647,13.936,0.005
OGLE-LMC-CEP-0800,12.6366560,5824.81845,13.874,0.005
OGLE-LMC-CEP-0800,12.6366560,5825.80671,13.782,0.005
OGLE-LMC-CEP-0800,12.6366560,5826.85519,13.762,0.005
OGLE-LMC-CEP-0800,12.6366560,5827.84916,13.391,0.005
OGLE-LMC-CEP-0800,12.6366560,5828.87537,13.427,0.005
OGLE-LMC-CEP-0800,12.6366560,5829.84877,13.437,0.005
OGLE-LMC-CEP-0800,12.6366560,5830.84034,13.467,0.005
OGLE-LMC-CEP-0800,12.6366560,5831.83201,13.513,0.005
OGLE-LMC-CEP-0800,12.6366560,5832.82143,13.588,0.005
OGLE-LMC-CEP-0800,12.6366560,5833.80579,13.687,0.005
OGLE-LMC-CEP-0800,12.6366560,5834.80672,13.791,0.005
OGLE-LMC-CEP-0800,12.6366560,5835.86663,13.893,0.005
OGLE-LMC-CEP-0800,12.6366560,5836.77315,13.929,0.005
OGLE-LMC-CEP-0800,12.6366560,5837.85248,13.813,0.005
OGLE-LMC-CEP-0800,12.6366560,5839.83412,13.700,0.005
OGLE-LMC-CEP-0800,12.6366560,5840.81709,13.338,0.005
OGLE-LMC-CEP-0800,12.6366560,5841.81411,13.424,0.005
OGLE-LMC-CEP-0800,12.6366560,5842.83227,13.437,0.005
OGLE-LMC-CEP-0800,12.6366560,5843.84776,13.480,0.005
OGLE-LMC-CEP-0800,12.6366560,5845.86277,13.625,0.005
OGLE-LMC-CEP-0800,12.6366560,5846.82324,13.722,0.005
OGLE-LMC-CEP-0800,12.6366560,5850.78710,13.783,0.005
OGLE-LMC-CEP-0800,12.6366560,5851.79616,13.768,0.005
OGLE-LMC-CEP-0800,12.6366560,5852.77989,13.562,0.005
OGLE-LMC-CEP-0800,12.6366560,5853.84963,13.394,0.005
OGLE-LMC-CEP-0800,12.6366560,5854.75494,13.425,0.005
OGLE-LMC-CEP-0800,12.6366560,5855.82465,13.462,0.005
OGLE-LMC-CEP-0800,12.6366560,5856.79623,13.496,0.005
OGLE-LMC-CEP-0800,12.6366560,5857.78056,13.560,0.005
OGLE-LMC-CEP-0800,12.6366560,5858.83042,13.653,0.005
OGLE-LMC-CEP-0800,12.6366560,5859.79898,13.756,0.005
OGLE-LMC-CEP-0800,12.6366560,5860.78404,13.863,0.005
OGLE-LMC-CEP-0800,12.6366560,5861.79303,13.929,0.005
OGLE-LMC-CEP-0800,12.6366560,5863.79496,13.779,0.005
OGLE-LMC-CEP-0800,12.6366560,5864.70352,13.767,0.005
OGLE-LMC-CEP-0800,12.6366560,5865.77310,13.378,0.005
OGLE-LMC-CEP-0800,12.6366560,5866.79723,13.420,0.005
OGLE-LMC-CEP-0800,12.6366560,5867.73612,13.427,0.005
OGLE-LMC-CEP-0800,12.6366560,5868.83759,13.473,0.005
OGLE-LMC-CEP-0800,12.6366560,5869.80310,13.523,0.005
OGLE-LMC-CEP-0800,12.6366560,5870.74291,13.590,0.005
OGLE-LMC-CEP-0800,12.6366560,5871.72900,13.678,0.005
OGLE-LMC-CEP-0800,12.6366560,5872.73836,13.801,0.005
OGLE-LMC-CEP-0800,12.6366560,5873.73358,13.898,0.005
OGLE-LMC-CEP-0800,12.6366560,5874.76714,13.934,0.005
OGLE-LMC-CEP-0800,12.6366560,5875.70307,13.818,0.005
OGLE-LMC-CEP-0800,12.6366560,5878.75284,13.330,0.005
OGLE-LMC-CEP-0800,12.6366560,5879.68810,13.419,0.005
OGLE-LMC-CEP-0800,12.6366560,5880.73955,13.440,0.005
OGLE-LMC-CEP-0800,12.6366560,5880.79057,13.439,0.005
OGLE-LMC-CEP-0800,12.6366560,5881.72615,13.482,0.005
OGLE-LMC-CEP-0800,12.6366560,5882.75693,13.542,0.005
OGLE-LMC-CEP-0800,12.6366560,5883.76090,13.625,0.005
OGLE-LMC-CEP-0800,12.6366560,5885.69217,13.835,0.005
OGLE-LMC-CEP-0800,12.6366560,5886.72823,13.917,0.005
OGLE-LMC-CEP-0800,12.6366560,5887.80060,13.900,0.005
OGLE-LMC-CEP-0800,12.6366560,5888.78925,13.786,0.005
OGLE-LMC-CEP-0800,12.6366560,5889.83144,13.768,0.005
OGLE-LMC-CEP-0800,12.6366560,5890.76500,13.516,0.005
OGLE-LMC-CEP-0800,12.6366560,5891.72365,13.386,0.005
OGLE-LMC-CEP-0800,12.6366560,5892.74142,13.429,0.005
OGLE-LMC-CEP-0800,12.6366560,5893.75952,13.460,0.005
OGLE-LMC-CEP-0800,12.6366560,5894.78295,13.509,0.005
OGLE-LMC-CEP-0800,12.6366560,5895.80007,13.573,0.005
OGLE-LMC-CEP-0800,12.6366560,5896.78311,13.665,0.005
OGLE-LMC-CEP-0800,12.6366560,5897.72993,13.764,0.005
OGLE-LMC-CEP-0800,12.6366560,5898.71211,13.874,0.005
OGLE-LMC-CEP-0800,12.6366560,5899.77129,13.937,0.005
OGLE-LMC-CEP-0800,12.6366560,5900.72091,13.860,0.005
OGLE-LMC-CEP-0800,12.6366560,5901.77022,13.777,0.005
OGLE-LMC-CEP-0800,12.6366560,5902.72147,13.761,0.005
OGLE-LMC-CEP-0800,12.6366560,5903.77666,13.352,0.005
OGLE-LMC-CEP-0800,12.6366560,5904.75124,13.427,0.005
OGLE-LMC-CEP-0800,12.6366560,5905.72530,13.440,0.005
OGLE-LMC-CEP-0800,12.6366560,5906.73718,13.480,0.005
OGLE-LMC-CEP-0800,12.6366560,5907.71528,13.528,0.005
OGLE-LMC-CEP-0800,12.6366560,5908.74053,13.607,0.005
OGLE-LMC-CEP-0800,12.6366560,5909.78507,13.707,0.005
OGLE-LMC-CEP-0800,12.6366560,5910.69785,13.809,0.005
OGLE-LMC-CEP-0800,12.6366560,5911.72970,13.909,0.005
OGLE-LMC-CEP-0800,12.6366560,5912.75018,13.924,0.005
OGLE-LMC-CEP-0800,12.6366560,5913.72212,13.808,0.005
OGLE-LMC-CEP-0800,12.6366560,5914.74474,13.772,0.005
OGLE-LMC-CEP-0800,12.6366560,5915.70179,13.674,0.005
OGLE-LMC-CEP-0800,12.6366560,5916.75564,13.344,0.005
OGLE-LMC-CEP-0800,12.6366560,5917.71928,13.417,0.005
OGLE-LMC-CEP-0800,12.6366560,5922.73631,13.733,0.005
OGLE-LMC-CEP-0800,12.6366560,5923.71255,13.845,0.005
OGLE-LMC-CEP-0800,12.6366560,5924.69386,13.930,0.005
OGLE-LMC-CEP-0800,12.6366560,5925.70790,13.903,0.005
OGLE-LMC-CEP-0800,12.6366560,5926.71969,13.783,0.005
OGLE-LMC-CEP-0800,12.6366560,5927.71869,13.771,0.005
OGLE-LMC-CEP-0800,12.6366560,5929.69283,13.397,0.005
OGLE-LMC-CEP-0800,12.6366560,5930.83802,13.451,0.005
OGLE-LMC-CEP-0800,12.6366560,5931.65842,13.463,0.005
OGLE-LMC-CEP-0800,12.6366560,5932.65660,13.504,0.005
OGLE-LMC-CEP-0800,12.6366560,5933.70702,13.572,0.005
OGLE-LMC-CEP-0800,12.6366560,5934.70305,13.664,0.005
OGLE-LMC-CEP-0800,12.6366560,5935.65409,13.768,0.005
OGLE-LMC-CEP-0800,12.6366560,5936.64817,13.871,0.005
OGLE-LMC-CEP-0800,12.6366560,5937.67792,13.932,0.005
OGLE-LMC-CEP-0800,12.6366560,5938.67869,13.853,0.005
OGLE-LMC-CEP-0800,12.6366560,5939.72245,13.780,0.005
OGLE-LMC-CEP-0800,12.6366560,5940.75840,13.730,0.005
OGLE-LMC-CEP-0800,12.6366560,5941.75833,13.343,0.005
OGLE-LMC-CEP-0800,12.6366560,5942.78268,13.429,0.005
OGLE-LMC-CEP-0800,12.6366560,5944.73342,13.474,0.005
OGLE-LMC-CEP-0800,12.6366560,5945.71372,13.530,0.005
OGLE-LMC-CEP-0800,12.6366560,5946.65356,13.598,0.005
OGLE-LMC-CEP-0800,12.6366560,5946.76991,13.612,0.005
OGLE-LMC-CEP-0800,12.6366560,5947.72051,13.712,0.005
OGLE-LMC-CEP-0800,12.6366560,5948.70931,13.815,0.005
OGLE-LMC-CEP-0800,12.6366560,5949.72550,13.917,0.005
OGLE-LMC-CEP-0800,12.6366560,5950.64650,13.923,0.005
OGLE-LMC-CEP-0800,12.6366560,5951.67186,13.796,0.005
OGLE-LMC-CEP-0800,12.6366560,5952.69645,13.763,0.005
OGLE-LMC-CEP-0800,12.6366560,5953.69440,13.637,0.005
OGLE-LMC-CEP-0800,12.6366560,5954.69193,13.348,0.005
OGLE-LMC-CEP-0800,12.6366560,5955.71456,13.428,0.005
OGLE-LMC-CEP-0800,12.6366560,5956.71460,13.453,0.005
OGLE-LMC-CEP-0800,12.6366560,5958.73178,13.555,0.005
OGLE-LMC-CEP-0800,12.6366560,5959.70376,13.621,0.005
OGLE-LMC-CEP-0800,12.6366560,5960.70581,13.740,0.005
OGLE-LMC-CEP-0800,12.6366560,5961.63754,13.845,0.005
OGLE-LMC-CEP-0800,12.6366560,5962.63844,13.923,0.005
OGLE-LMC-CEP-0800,12.6366560,5963.60515,13.895,0.005
OGLE-LMC-CEP-0800,12.6366560,5964.61713,13.780,0.005
OGLE-LMC-CEP-0800,12.6366560,5967.63818,13.387,0.005
OGLE-LMC-CEP-0800,12.6366560,5968.63830,13.432,0.005
OGLE-LMC-CEP-0800,12.6366560,5969.61431,13.456,0.005
OGLE-LMC-CEP-0800,12.6366560,5970.59181,13.503,0.005
OGLE-LMC-CEP-0800,12.6366560,5971.68469,13.581,0.005
OGLE-LMC-CEP-0800,12.6366560,5972.67107,13.668,0.005
OGLE-LMC-CEP-0800,12.6366560,5973.65411,13.775,0.005
OGLE-LMC-CEP-0800,12.6366560,5976.64332,13.839,0.005
OGLE-LMC-CEP-0800,12.6366560,5977.67687,13.770,0.005
OGLE-LMC-CEP-0800,12.6366560,5978.65329,13.728,0.005
OGLE-LMC-CEP-0800,12.6366560,5979.60349,13.336,0.005
OGLE-LMC-CEP-0800,12.6366560,5980.61913,13.427,0.005
OGLE-LMC-CEP-0800,12.6366560,5981.64261,13.443,0.005
OGLE-LMC-CEP-0800,12.6366560,5982.64849,13.467,0.005
OGLE-LMC-CEP-0800,12.6366560,5983.69116,13.524,0.005
OGLE-LMC-CEP-0800,12.6366560,5984.63018,13.605,0.005
OGLE-LMC-CEP-0800,12.6366560,5985.66252,13.702,0.005
OGLE-LMC-CEP-0800,12.6366560,5986.59228,13.811,0.005
OGLE-LMC-CEP-0800,12.6366560,5987.66774,13.919,0.005
OGLE-LMC-CEP-0800,12.6366560,5988.63423,13.919,0.005
OGLE-LMC-CEP-0800,12.6366560,5989.59817,13.792,0.005
OGLE-LMC-CEP-0800,12.6366560,5990.59167,13.776,0.005
OGLE-LMC-CEP-0800,12.6366560,5991.66669,13.620,0.005
OGLE-LMC-CEP-0800,12.6366560,5992.62693,13.337,0.005
OGLE-LMC-CEP-0800,12.6366560,5993.58383,13.420,0.005
OGLE-LMC-CEP-0800,12.6366560,5994.58248,13.437,0.005
OGLE-LMC-CEP-0800,12.6366560,5995.63020,13.488,0.005
OGLE-LMC-CEP-0800,12.6366560,5996.60027,13.542,0.005
OGLE-LMC-CEP-0800,12.6366560,5997.60244,13.625,0.005
OGLE-LMC-CEP-0800,12.6366560,5998.60079,13.740,0.005
OGLE-LMC-CEP-0800,12.6366560,5998.66122,13.750,0.005
OGLE-LMC-CEP-0800,12.6366560,5999.63949,13.858,0.005
OGLE-LMC-CEP-0800,12.6366560,6000.61688,13.930,0.005
OGLE-LMC-CEP-0800,12.6366560,6002.58060,13.775,0.005
OGLE-LMC-CEP-0800,12.6366560,6003.54672,13.768,0.005
OGLE-LMC-CEP-0800,12.6366560,6004.60713,13.439,0.005
OGLE-LMC-CEP-0800,12.6366560,6005.57477,13.418,0.005
OGLE-LMC-CEP-0800,12.6366560,6006.57412,13.431,0.005
OGLE-LMC-CEP-0800,12.6366560,6007.57244,13.455,0.005
OGLE-LMC-CEP-0800,12.6366560,6009.54807,13.597,0.005
OGLE-LMC-CEP-0800,12.6366560,6010.60011,13.682,0.005
OGLE-LMC-CEP-0800,12.6366560,6011.56239,13.788,0.005
OGLE-LMC-CEP-0800,12.6366560,6012.56146,13.887,0.005
OGLE-LMC-CEP-0800,12.6366560,6013.54320,13.940,0.005
OGLE-LMC-CEP-0800,12.6366560,6014.56215,13.839,0.005
OGLE-LMC-CEP-0800,12.6366560,6015.55752,13.773,0.005
OGLE-LMC-CEP-0800,12.6366560,6016.59815,13.725,0.005
OGLE-LMC-CEP-0800,12.6366560,6017.56132,13.324,0.005
OGLE-LMC-CEP-0800,12.6366560,6019.56331,13.456,0.005
OGLE-LMC-CEP-0800,12.6366560,6020.58692,13.483,0.005
OGLE-LMC-CEP-0800,12.6366560,6021.57500,13.537,0.005
OGLE-LMC-CEP-0800,12.6366560,6022.58650,13.624,0.005
OGLE-LMC-CEP-0800,12.6366560,6023.56054,13.702,0.005
OGLE-LMC-CEP-0800,12.6366560,6024.58339,13.830,0.005
OGLE-LMC-CEP-0800,12.6366560,6025.58339,13.922,0.005
OGLE-LMC-CEP-0800,12.6366560,6026.52968,13.924,0.005
OGLE-LMC-CEP-0800,12.6366560,6031.51178,13.425,0.005
OGLE-LMC-CEP-0800,12.6366560,6032.50432,13.453,0.005
OGLE-LMC-CEP-0800,12.6366560,6033.49187,13.491,0.005
OGLE-LMC-CEP-0800,12.6366560,6034.49748,13.561,0.005
OGLE-LMC-CEP-0800,12.6366560,6035.52287,13.651,0.005
OGLE-LMC-CEP-0800,12.6366560,6036.49969,13.744,0.005
OGLE-LMC-CEP-0800,12.6366560,6037.49939,13.878,0.005
OGLE-LMC-CEP-0800,12.6366560,6038.49111,13.951,0.005
OGLE-LMC-CEP-0800,12.6366560,6039.49778,13.899,0.005
OGLE-LMC-CEP-0800,12.6366560,6040.50008,13.776,0.005
OGLE-LMC-CEP-0800,12.6366560,6042.49770,13.471,0.005
OGLE-LMC-CEP-0800,12.6366560,6047.47476,13.590,0.005
OGLE-LMC-CEP-0800,12.6366560,6048.47347,13.674,0.005
OGLE-LMC-CEP-0800,12.6366560,6049.49678,13.791,0.005
OGLE-LMC-CEP-0800,12.6366560,6050.47237,13.899,0.005
OGLE-LMC-CEP-0800,12.6366560,6052.48801,13.845,0.005
OGLE-LMC-CEP-0800,12.6366560,6053.48508,13.782,0.005
OGLE-LMC-CEP-0800,12.6366560,6055.49368,13.364,0.005
OGLE-LMC-CEP-0800,12.6366560,6056.48066,13.442,0.005
OGLE-LMC-CEP-0800,12.6366560,6057.47654,13.450,0.005
OGLE-LMC-CEP-0800,12.6366560,6058.47703,13.483,0.005
OGLE-LMC-CEP-0800,12.6366560,6059.47787,13.534,0.005
OGLE-LMC-CEP-0800,12.6366560,6060.48062,13.607,0.005
OGLE-LMC-CEP-0800,12.6366560,6061.47175,13.716,0.005
OGLE-LMC-CEP-0800,12.6366560,6062.46579,13.821,0.005
OGLE-LMC-CEP-0800,12.6366560,6123.91514,13.637,0.005
OGLE-LMC-CEP-0800,12.6366560,6137.91309,13.790,0.005
OGLE-LMC-CEP-0800,12.6366560,6149.93671,13.706,0.005
OGLE-LMC-CEP-0800,12.6366560,6164.92720,13.934,0.005
OGLE-LMC-CEP-0800,12.6366560,6165.91301,13.884,0.005
OGLE-LMC-CEP-0800,12.6366560,6171.87882,13.467,0.005
OGLE-LMC-CEP-0800,12.6366560,6174.90465,13.695,0.005
OGLE-LMC-CEP-0800,12.6366560,6179.90484,13.785,0.005
OGLE-LMC-CEP-0800,12.6366560,6180.85737,13.738,0.005
OGLE-LMC-CEP-0800,12.6366560,6181.87158,13.322,0.005
OGLE-LMC-CEP-0800,12.6366560,6183.87783,13.444,0.005
OGLE-LMC-CEP-0800,12.6366560,6184.90438,13.477,0.005
OGLE-LMC-CEP-0800,12.6366560,6186.85558,13.610,0.005
OGLE-LMC-CEP-0800,12.6366560,6191.88116,13.773,0.005
OGLE-LMC-CEP-0800,12.6366560,6194.88543,13.363,0.005
OGLE-LMC-CEP-0800,12.6366560,6196.80772,13.447,0.005
OGLE-LMC-CEP-0800,12.6366560,6196.89463,13.460,0.005
OGLE-LMC-CEP-0800,12.6366560,6198.85265,13.573,0.005
OGLE-LMC-CEP-0800,12.6366560,6198.89483,13.565,0.005
OGLE-LMC-CEP-0800,12.6366560,6199.80766,13.642,0.005
OGLE-LMC-CEP-0800,12.6366560,6199.87810,13.643,0.005
OGLE-LMC-CEP-0800,12.6366560,6200.82781,13.745,0.005
OGLE-LMC-CEP-0800,12.6366560,6200.88391,13.748,0.005
OGLE-LMC-CEP-0800,12.6366560,6202.74219,13.935,0.005
OGLE-LMC-CEP-0800,12.6366560,6202.81301,13.933,0.005
OGLE-LMC-CEP-0800,12.6366560,6202.88197,13.931,0.005
OGLE-LMC-CEP-0800,12.6366560,6202.90056,13.944,0.005
OGLE-LMC-CEP-0800,12.6366560,6203.74151,13.900,0.005
OGLE-LMC-CEP-0800,12.6366560,6203.81141,13.877,0.005
OGLE-LMC-CEP-0800,12.6366560,6203.86403,13.871,0.005
OGLE-LMC-CEP-0800,12.6366560,6203.89980,13.871,0.005
OGLE-LMC-CEP-0800,12.6366560,6204.72554,13.774,0.005
OGLE-LMC-CEP-0800,12.6366560,6204.72843,13.778,0.005
OGLE-LMC-CEP-0800,12.6366560,6204.78946,13.769,0.005
OGLE-LMC-CEP-0800,12.6366560,6204.84794,13.770,0.005
OGLE-LMC-CEP-0800,12.6366560,6204.89696,13.776,0.005
OGLE-LMC-CEP-0800,12.6366560,6205.71446,13.744,0.005
OGLE-LMC-CEP-0800,12.6366560,6206.78333,13.448,0.005
OGLE-LMC-CEP-0800,12.6366560,6207.87530,13.427,0.005
OGLE-LMC-CEP-0800,12.6366560,6208.77068,13.440,0.005
OGLE-LMC-CEP-0800,12.6366560,6210.85807,13.517,0.005
OGLE-LMC-CEP-0800,12.6366560,6210.87401,13.513,0.005
OGLE-LMC-CEP-0800,12.6366560,6212.82675,13.684,0.005
OGLE-LMC-CEP-0800,12.6366560,6216.82463,13.823,0.005
OGLE-LMC-CEP-0800,12.6366560,6219.80963,13.318,0.005
OGLE-LMC-CEP-0800,12.6366560,6221.82291,13.432,0.005
OGLE-LMC-CEP-0800,12.6366560,6222.82381,13.486,0.005
OGLE-LMC-CEP-0800,12.6366560,6222.86636,13.483,0.005
OGLE-LMC-CEP-0800,12.6366560,6222.86921,13.475,0.005
OGLE-LMC-CEP-0800,12.6366560,6223.78089,13.542,0.005
OGLE-LMC-CEP-0800,12.6366560,6223.85349,13.548,0.005
OGLE-LMC-CEP-0800,12.6366560,6223.87511,13.545,0.005
OGLE-LMC-CEP-0800,12.6366560,6224.83243,13.629,0.005
OGLE-LMC-CEP-0800,12.6366560,6224.87001,13.637,0.005
OGLE-LMC-CEP-0800,12.6366560,6225.64502,13.711,0.005
OGLE-LMC-CEP-0800,12.6366560,6225.69041,13.701,0.005
OGLE-LMC-CEP-0800,12.6366560,6225.72848,13.711,0.005
OGLE-LMC-CEP-0800,12.6366560,6225.82355,13.722,0.005
OGLE-LMC-CEP-0800,12.6366560,6226.68346,13.815,0.005
OGLE-LMC-CEP-0800,12.6366560,6226.74084,13.816,0.005
OGLE-LMC-CEP-0800,12.6366560,6226.79546,13.824,0.005
OGLE-LMC-CEP-0800,12.6366560,6226.87271,13.840,0.005
OGLE-LMC-CEP-0800,12.6366560,6227.81290,13.904,0.005
OGLE-LMC-CEP-0800,12.6366560,6228.62401,13.934,0.005
OGLE-LMC-CEP-0800,12.6366560,6228.68148,13.902,0.005
OGLE-LMC-CEP-0800,12.6366560,6229.62664,13.799,0.005
OGLE-LMC-CEP-0800,12.6366560,6229.69570,13.796,0.005
OGLE-LMC-CEP-0800,12.6366560,6229.77242,13.797,0.005
OGLE-LMC-CEP-0800,12.6366560,6229.86498,13.775,0.005
OGLE-LMC-CEP-0800,12.6366560,6230.64934,13.774,0.005
OGLE-LMC-CEP-0800,12.6366560,6230.71435,13.772,0.005
OGLE-LMC-CEP-0800,12.6366560,6230.72726,13.762,0.005
OGLE-LMC-CEP-0800,12.6366560,6230.86806,13.767,0.005
OGLE-LMC-CEP-0800,12.6366560,6231.75208,13.606,0.005
OGLE-LMC-CEP-0800,12.6366560,6231.86140,13.542,0.005
OGLE-LMC-CEP-0800,12.6366560,6232.81803,13.364,0.005
OGLE-LMC-CEP-0800,12.6366560,6232.87190,13.374,0.005
OGLE-LMC-CEP-0800,12.6366560,6233.82457,13.425,0.005
OGLE-LMC-CEP-0800,12.6366560,6234.82843,13.458,0.005
OGLE-LMC-CEP-0800,12.6366560,6235.77582,13.499,0.005
OGLE-LMC-CEP-0800,12.6366560,6236.79340,13.569,0.005
OGLE-LMC-CEP-0800,12.6366560,6237.86942,13.656,0.005
OGLE-LMC-CEP-0800,12.6366560,6238.82716,13.760,0.005
OGLE-LMC-CEP-0800,12.6366560,6239.80117,13.870,0.005
OGLE-LMC-CEP-0800,12.6366560,6240.84444,13.942,0.005
OGLE-LMC-CEP-0800,12.6366560,6241.79809,13.866,0.005
OGLE-LMC-CEP-0800,12.6366560,6242.84103,13.778,0.005
OGLE-LMC-CEP-0800,12.6366560,6243.80940,13.754,0.005
OGLE-LMC-CEP-0800,12.6366560,6244.74284,13.414,0.005
OGLE-LMC-CEP-0800,12.6366560,6245.76670,13.416,0.005
OGLE-LMC-CEP-0800,12.6366560,6251.77401,13.795,0.005
OGLE-LMC-CEP-0800,12.6366560,6252.75321,13.902,0.005
OGLE-LMC-CEP-0800,12.6366560,6252.83372,13.921,0.005
OGLE-LMC-CEP-0800,12.6366560,6252.85770,13.915,0.005
OGLE-LMC-CEP-0800,12.6366560,6254.78390,13.810,0.005
OGLE-LMC-CEP-0800,12.6366560,6257.81172,13.326,0.005
OGLE-LMC-CEP-0800,12.6366560,6262.73601,13.623,0.005
OGLE-LMC-CEP-0800,12.6366560,6265.80802,13.928,0.005
OGLE-LMC-CEP-0800,12.6366560,6270.82399,13.378,0.005
OGLE-LMC-CEP-0800,12.6366560,6274.81560,13.569,0.005
OGLE-LMC-CEP-0800,12.6366560,6277.52819,13.841,0.005
OGLE-LMC-CEP-0800,12.6366560,6277.53043,13.837,0.005
OGLE-LMC-CEP-0800,12.6366560,6277.53267,13.842,0.005
OGLE-LMC-CEP-0800,12.6366560,6277.53524,13.845,0.005
OGLE-LMC-CEP-0800,12.6366560,6277.67123,13.862,0.005
OGLE-LMC-CEP-0800,12.6366560,6277.75599,13.864,0.005
OGLE-LMC-CEP-0800,12.6366560,6278.76268,13.930,0.005
OGLE-LMC-CEP-0800,12.6366560,6282.78551,13.360,0.005
OGLE-LMC-CEP-0800,12.6366560,6286.71877,13.526,0.005
OGLE-LMC-CEP-0800,12.6366560,6289.78809,13.804,0.005
OGLE-LMC-CEP-0800,12.6366560,6294.80812,13.675,0.005
OGLE-LMC-CEP-0800,12.6366560,6299.76652,13.553,0.005
OGLE-LMC-CEP-0800,12.6366560,6300.59093,13.610,0.005
OGLE-LMC-CEP-0800,12.6366560,6300.67895,13.620,0.005
OGLE-LMC-CEP-0800,12.6366560,6300.75468,13.637,0.005
OGLE-LMC-CEP-0800,12.6366560,6301.54984,13.708,0.005
OGLE-LMC-CEP-0800,12.6366560,6301.57127,13.711,0.005
OGLE-LMC-CEP-0800,12.6366560,6301.59310,13.714,0.005
OGLE-LMC-CEP-0800,12.6366560,6301.61524,13.715,0.005
OGLE-LMC-CEP-0800,12.6366560,6301.63511,13.719,0.005
OGLE-LMC-CEP-0800,12.6366560,6301.65735,13.719,0.005
OGLE-LMC-CEP-0800,12.6366560,6301.67972,13.718,0.005
OGLE-LMC-CEP-0800,12.6366560,6301.69561,13.731,0.005
OGLE-LMC-CEP-0800,12.6366560,6301.72208,13.732,0.005
OGLE-LMC-CEP-0800,12.6366560,6301.74234,13.734,0.005
OGLE-LMC-CEP-0800,12.6366560,6301.76291,13.729,0.005
OGLE-LMC-CEP-0800,12.6366560,6301.78297,13.734,0.005
OGLE-LMC-CEP-0800,12.6366560,6301.80621,13.754,0.005
OGLE-LMC-CEP-0800,12.6366560,6301.82555,13.745,0.005
OGLE-LMC-CEP-0800,12.6366560,6302.56536,13.817,0.005
OGLE-LMC-CEP-0800,12.6366560,6302.67071,13.841,0.005
OGLE-LMC-CEP-0800,12.6366560,6302.76890,13.849,0.005
OGLE-LMC-CEP-0800,12.6366560,6303.54191,13.911,0.005
OGLE-LMC-CEP-0800,12.6366560,6303.74010,13.932,0.005
OGLE-LMC-CEP-0800,12.6366560,6304.54790,13.913,0.005
OGLE-LMC-CEP-0800,12.6366560,6305.69024,13.788,0.005
OGLE-LMC-CEP-0800,12.6366560,6306.63288,13.773,0.005
OGLE-LMC-CEP-0800,12.6366560,6307.62210,13.583,0.005
OGLE-LMC-CEP-0800,12.6366560,6308.68125,13.378,0.005
OGLE-LMC-CEP-0800,12.6366560,6311.69781,13.505,0.005
OGLE-LMC-CEP-0800,12.6366560,6312.68104,13.569,0.005
OGLE-LMC-CEP-0800,12.6366560,6317.69217,13.848,0.005
OGLE-LMC-CEP-0800,12.6366560,6323.66541,13.471,0.005
OGLE-LMC-CEP-0800,12.6366560,6329.62460,13.942,0.005
OGLE-LMC-CEP-0800,12.6366560,6333.61499,13.322,0.005
OGLE-LMC-CEP-0800,12.6366560,6340.62758,13.834,0.005
OGLE-LMC-CEP-0800,12.6366560,6343.57138,13.790,0.005
OGLE-LMC-CEP-0800,12.6366560,6347.59765,13.431,0.005
OGLE-LMC-CEP-0800,12.6366560,6356.61510,13.768,0.005
OGLE-LMC-CEP-0800,12.6366560,6363.53251,13.596,0.005
OGLE-LMC-CEP-0800,12.6366560,6371.55721,13.329,0.005
OGLE-LMC-CEP-0800,12.6366560,6372.51917,13.421,0.005
OGLE-LMC-CEP-0800,12.6366560,6372.58204,13.427,0.005
OGLE-LMC-CEP-0800,12.6366560,6373.53275,13.446,0.005
OGLE-LMC-CEP-0800,12.6366560,6373.56419,13.455,0.005
OGLE-LMC-CEP-0800,12.6366560,6373.59887,13.455,0.005
OGLE-LMC-CEP-0800,12.6366560,6374.52452,13.483,0.005
OGLE-LMC-CEP-0800,12.6366560,6374.54740,13.493,0.005
OGLE-LMC-CEP-0800,12.6366560,6374.56690,13.489,0.005
OGLE-LMC-CEP-0800,12.6366560,6374.58786,13.495,0.005
OGLE-LMC-CEP-0800,12.6366560,6374.60602,13.503,0.005
OGLE-LMC-CEP-0800,12.6366560,6375.51570,13.542,0.005
OGLE-LMC-CEP-0800,12.6366560,6375.55750,13.558,0.005
OGLE-LMC-CEP-0800,12.6366560,6375.59847,13.560,0.005
OGLE-LMC-CEP-0800,12.6366560,6376.52055,13.635,0.005
OGLE-LMC-CEP-0800,12.6366560,6377.53769,13.723,0.005
OGLE-LMC-CEP-0800,12.6366560,6378.54030,13.842,0.005
OGLE-LMC-CEP-0800,12.6366560,6387.53040,13.494,0.005
OGLE-LMC-CEP-0800,12.6366560,6396.53627,13.361,0.005
OGLE-LMC-CEP-0800,12.6366560,6404.52144,13.919,0.005
OGLE-LMC-CEP-0800,12.6366560,6416.49748,13.847,0.005
OGLE-LMC-CEP-0800,12.6366560,6508.93702,13.755,0.005
OGLE-LMC-CEP-0800,12.6366560,6520.88964,13.778,0.005
OGLE-LMC-CEP-0800,12.6366560,6531.90078,13.929,0.005
OGLE-LMC-CEP-0800,12.6366560,6547.86625,13.518,0.005
OGLE-LMC-CEP-0800,12.6366560,6561.83433,13.417,0.005
OGLE-LMC-CEP-0800,12.6366560,6568.90006,13.900,0.005
OGLE-LMC-CEP-0800,12.6366560,6569.66468,13.925,0.005
OGLE-LMC-CEP-0800,12.6366560,6569.71274,13.931,0.005
OGLE-LMC-CEP-0800,12.6366560,6569.75777,13.928,0.005
OGLE-LMC-CEP-0800,12.6366560,6569.85213,13.917,0.005
OGLE-LMC-CEP-0800,12.6366560,6569.89132,13.915,0.005
OGLE-LMC-CEP-0800,12.6366560,6571.84109,13.770,0.005
OGLE-LMC-CEP-0800,12.6366560,6577.88166,13.548,0.005
OGLE-LMC-CEP-0800,12.6366560,6580.79188,13.837,0.005
OGLE-LMC-CEP-0800,12.6366560,6583.78784,13.784,0.005
OGLE-LMC-CEP-0800,12.6366560,6592.73784,13.765,0.005
OGLE-LMC-CEP-0800,12.6366560,6592.75027,13.754,0.005
OGLE-LMC-CEP-0800,12.6366560,6592.77858,13.758,0.005
OGLE-LMC-CEP-0800,12.6366560,6593.63576,13.874,0.005
OGLE-LMC-CEP-0800,12.6366560,6593.66056,13.869,0.005
OGLE-LMC-CEP-0800,12.6366560,6593.68250,13.884,0.005
OGLE-LMC-CEP-0800,12.6366560,6593.70263,13.877,0.005
OGLE-LMC-CEP-0800,12.6366560,6593.72099,13.878,0.005
OGLE-LMC-CEP-0800,12.6366560,6593.74911,13.876,0.005
OGLE-LMC-CEP-0800,12.6366560,6593.76941,13.883,0.005
OGLE-LMC-CEP-0800,12.6366560,6593.79110,13.875,0.005
OGLE-LMC-CEP-0800,12.6366560,6593.81892,13.857,0.005
OGLE-LMC-CEP-0800,12.6366560,6593.84030,13.879,0.005
OGLE-LMC-CEP-0800,12.6366560,6593.85420,13.885,0.005
OGLE-LMC-CEP-0800,12.6366560,6593.86829,13.892,0.005
OGLE-LMC-CEP-0800,12.6366560,6594.71017,13.931,0.005
OGLE-LMC-CEP-0800,12.6366560,6594.72972,13.934,0.005
OGLE-LMC-CEP-0800,12.6366560,6594.75521,13.925,0.005
OGLE-LMC-CEP-0800,12.6366560,6594.78159,13.919,0.005
OGLE-LMC-CEP-0800,12.6366560,6594.83089,13.925,0.005
OGLE-LMC-CEP-0800,12.6366560,6595.70974,13.864,0.005
OGLE-LMC-CEP-0800,12.6366560,6596.77333,13.780,0.005
OGLE-LMC-CEP-0800,12.6366560,6608.82809,13.799,0.005
OGLE-LMC-CEP-0800,12.6366560,6612.76429,13.420,0.005
OGLE-LMC-CEP-0800,12.6366560,6616.72615,13.620,0.005
OGLE-LMC-CEP-0800,12.6366560,6622.78011,13.767,0.005
OGLE-LMC-CEP-0800,12.6366560,6628.80774,13.583,0.005
OGLE-LMC-CEP-0800,12.6366560,6638.73311,13.428,0.005
OGLE-LMC-CEP-0800,12.6366560,6645.73102,13.929,0.005
OGLE-LMC-CEP-0800,12.6366560,6649.73796,13.344,0.005
OGLE-LMC-CEP-0800,12.6366560,6654.75807,13.632,0.005
OGLE-LMC-CEP-0800,12.6366560,6658.77471,13.872,0.005
OGLE-LMC-CEP-0800,12.6366560,6662.73654,13.396,0.005
OGLE-LMC-CEP-0800,12.6366560,6667.79669,13.680,0.005
OGLE-LMC-CEP-0800,12.6366560,6672.77141,13.777,0.005
OGLE-LMC-CEP-0800,12.6366560,6680.76565,13.716,0.005
OGLE-LMC-CEP-0800,12.6366560,6690.64827,13.481,0.005
OGLE-LMC-CEP-0800,12.6366560,6697.70893,13.785,0.005
OGLE-LMC-CEP-0800,12.6366560,6705.67216,13.686,0.005
OGLE-LMC-CEP-0800,12.6366560,6712.64150,13.326,0.005
OGLE-LMC-CEP-0800,12.6366560,6720.68092,13.936,0.005
OGLE-LMC-CEP-0800,12.6366560,6736.61145,13.781,0.005
OGLE-LMC-CEP-0800,12.6366560,6871.92099,13.902,0.005
OGLE-LMC-CEP-0800,12.6366560,6887.91891,13.780,0.005
OGLE-LMC-CEP-0800,12.6366560,6896.88970,13.876,0.005
OGLE-LMC-CEP-0800,12.6366560,6907.87185,13.689,0.005
OGLE-LMC-CEP-0800,12.6366560,6926.80156,13.604,0.005
OGLE-LMC-CEP-0800,12.6366560,6932.81022,13.659,0.005
OGLE-LMC-CEP-0800,12.6366560,6938.79567,13.768,0.005
OGLE-LMC-CEP-0800,12.6366560,6942.79315,13.481,0.005
OGLE-LMC-CEP-0800,12.6366560,6950.84395,13.782,0.005
OGLE-LMC-CEP-0800,12.6366560,6956.76766,13.557,0.005
OGLE-LMC-CEP-0800,12.6366560,6956.84679,13.560,0.005
OGLE-LMC-CEP-0800,12.6366560,6961.84138,13.915,0.005
OGLE-LMC-CEP-0800,12.6366560,6967.71280,13.467,0.005
OGLE-LMC-CEP-0800,12.6366560,6973.71826,13.951,0.005
OGLE-LMC-CEP-0800,12.6366560,6980.75521,13.488,0.005
OGLE-LMC-CEP-0800,12.6366560,6987.78616,13.820,0.005
OGLE-LMC-CEP-0800,12.6366560,6992.75833,13.459,0.005
OGLE-LMC-CEP-0800,12.6366560,6997.76408,13.864,0.005
OGLE-LMC-CEP-0800,12.6366560,7002.70789,13.563,0.005
OGLE-LMC-CEP-0800,12.6366560,7007.71921,13.587,0.005
OGLE-LMC-CEP-0800,12.6366560,7013.67258,13.782,0.005
OGLE-LMC-CEP-0800,12.6366560,7016.77825,13.436,0.005
OGLE-LMC-CEP-0800,12.6366560,7020.78032,13.624,0.005
OGLE-LMC-CEP-0800,12.6366560,7024.75815,13.940,0.005
OGLE-LMC-CEP-0800,12.6366560,7028.71132,13.341,0.005
OGLE-LMC-CEP-0800,12.6366560,7033.76538,13.655,0.005
OGLE-LMC-CEP-0800,12.6366560,7037.73892,13.909,0.005
OGLE-LMC-CEP-0800,12.6366560,7042.73649,13.446,0.005
OGLE-LMC-CEP-0800,12.6366560,7046.73769,13.688,0.005
OGLE-LMC-CEP-0800,12.6366560,7051.72823,13.784,0.005
OGLE-LMC-CEP-0800,12.6366560,7056.66864,13.487,0.005
OGLE-LMC-CEP-0800,12.6366560,7062.66034,13.934,0.005
OGLE-LMC-CEP-0800,12.6366560,7074.66764,13.958,0.005
OGLE-LMC-CEP-0800,12.6366560,7080.58394,13.439,0.005
OGLE-LMC-CEP-0800,12.6366560,7083.61068,13.588,0.005
OGLE-LMC-CEP-0800,12.6366560,7086.61881,13.895,0.005
OGLE-LMC-CEP-0800,12.6366560,7091.59964,13.358,0.005
OGLE-LMC-CEP-0800,12.6366560,7103.56763,13.682,0.005
OGLE-LMC-CEP-0800,12.6366560,7112.57999,13.953,0.005
OGLE-LMC-CEP-0800,12.6366560,7115.57454,13.782,0.005
OGLE-LMC-CEP-0800,12.6366560,7126.52357,13.860,0.005
OGLE-LMC-CEP-0800,12.6366560,7131.52813,13.463,0.005
OGLE-LMC-CEP-0800,12.6366560,7134.49841,13.621,0.005
OGLE-LMC-CEP-0800,12.6366560,7137.52831,13.938,0.005
OGLE-LMC-CEP-0800,12.6366560,7143.49298,13.455,0.005
OGLE-LMC-CEP-0800,12.6366560,7277.90020,13.901,0.005
OGLE-LMC-CEP-0800,12.6366560,7287.90032,13.790,0.005
OGLE-LMC-CEP-0800,12.6366560,7292.83291,13.743,0.005
OGLE-LMC-CEP-0800,12.6366560,7294.79589,13.426,0.005
OGLE-LMC-CEP-0800,12.6366560,7297.79481,13.537,0.005
OGLE-LMC-CEP-0800,12.6366560,7304.87369,13.783,0.005
OGLE-LMC-CEP-0800,12.6366560,7312.79166,13.750,0.005
OGLE-LMC-CEP-0800,12.6366560,7319.77027,13.414,0.005
OGLE-LMC-CEP-0800,12.6366560,7322.74301,13.518,0.005
OGLE-LMC-CEP-0800,12.6366560,7327.84694,13.954,0.005
OGLE-LMC-CEP-0800,12.6366560,7339.75707,13.911,0.005
OGLE-LMC-CEP-0800,12.6366560,7345.71557,13.422,0.005
OGLE-LMC-CEP-0800,12.6366560,7354.79240,13.782,0.005
OGLE-LMC-CEP-0800,12.6366560,7361.81525,13.594,0.005
OGLE-LMC-CEP-0800,12.6366560,7366.68782,13.846,0.005
OGLE-LMC-CEP-0800,12.6366560,7373.84112,13.553,0.005
OGLE-LMC-CEP-0800,12.6366560,7377.81301,13.938,0.005
OGLE-LMC-CEP-0800,12.6366560,7382.71124,13.365,0.005
OGLE-LMC-CEP-0800,12.6366560,7385.72467,13.503,0.005
OGLE-LMC-CEP-0800,12.6366560,7390.74648,13.942,0.005
OGLE-LMC-CEP-0800,12.6366560,7399.75108,13.624,0.005
OGLE-LMC-CEP-0800,12.6366560,7404.74067,13.834,0.005
OGLE-LMC-CEP-0800,12.6366560,7408.71377,13.437,0.005
OGLE-LMC-CEP-0800,12.6366560,7410.71515,13.493,0.005
OGLE-LMC-CEP-0800,12.6366560,7413.67791,13.726,0.005
OGLE-LMC-CEP-0800,12.6366560,7416.68479,13.927,0.005
OGLE-LMC-CEP-0800,12.6366560,7424.62716,13.573,0.005
OGLE-LMC-CEP-0800,12.6366560,7427.66273,13.882,0.005
OGLE-LMC-CEP-0800,12.6366560,7431.65292,13.773,0.005
OGLE-LMC-CEP-0800,12.6366560,7435.64650,13.478,0.005
OGLE-LMC-CEP-0800,12.6366560,7439.65268,13.806,0.005
OGLE-LMC-CEP-0800,12.6366560,7443.62429,13.787,0.005
OGLE-LMC-CEP-0800,12.6366560,7449.63001,13.554,0.005
OGLE-LMC-CEP-0800,12.6366560,7453.60446,13.926,0.005
OGLE-LMC-CEP-0800,12.6366560,7462.61893,13.577,0.005
OGLE-LMC-CEP-0800,12.6366560,7466.56660,13.945,0.005
OGLE-LMC-CEP-0800,12.6366560,7472.57338,13.452,0.005
OGLE-LMC-CEP-0800,12.6366560,7476.52907,13.683,0.005
OGLE-LMC-CEP-0800,12.6366560,7488.48287,13.622,0.005
OGLE-LMC-CEP-0800,12.6366560,7499.50603,13.506,0.005
OGLE-LMC-CEP-0800,12.6366560,7507.47825,13.779,0.005
OGLE-LMC-CEP-0068,28.3738735,5261.55558,13.140,0.005
OGLE-LMC-CEP-0068,28.3738735,5261.57982,13.179,0.005
OGLE-LMC-CEP-0068,28.3738735,5262.57301,13.187,0.005
OGLE-LMC-CEP-0068,28.3738735,5262.59135,13.145,0.005
OGLE-LMC-CEP-0068,28.3738735,5264.53953,13.124,0.005
OGLE-LMC-CEP-0068,28.3738735,5264.55446,13.112,0.005
OGLE-LMC-CEP-0068,28.3738735,5265.53441,12.859,0.005
OGLE-LMC-CEP-0068,28.3738735,5265.55586,12.852,0.005
OGLE-LMC-CEP-0068,28.3738735,5266.53621,12.512,0.005
OGLE-LMC-CEP-0068,28.3738735,5266.55185,12.505,0.005
OGLE-LMC-CEP-0068,28.3738735,5268.54682,12.473,0.005
OGLE-LMC-CEP-0068,28.3738735,5273.51694,12.556,0.005
OGLE-LMC-CEP-0068,28.3738735,5277.54258,12.644,0.005
OGLE-LMC-CEP-0068,28.3738735,5280.52887,12.771,0.005
OGLE-LMC-CEP-0068,28.3738735,5283.52346,12.879,0.005
OGLE-LMC-CEP-0068,28.3738735,5285.52929,12.940,0.005
OGLE-LMC-CEP-0068,28.3738735,5288.52193,13.044,0.005
OGLE-LMC-CEP-0068,28.3738735,5291.51408,13.162,0.005
OGLE-LMC-CEP-0068,28.3738735,5296.55315,12.474,0.005
OGLE-LMC-CEP-0068,28.3738735,5298.53762,12.510,0.005
OGLE-LMC-CEP-0068,28.3738735,5301.49778,12.540,0.005
OGLE-LMC-CEP-0068,28.3738735,5309.52165,12.783,0.005
OGLE-LMC-CEP-0068,28.3738735,5312.49293,12.909,0.005
OGLE-LMC-CEP-0068,28.3738735,5314.48736,12.959,0.005
OGLE-LMC-CEP-0068,28.3738735,5324.46824,12.470,0.005
OGLE-LMC-CEP-0068,28.3738735,5337.46353,12.763,0.005
OGLE-LMC-CEP-0068,28.3738735,5341.46197,12.930,0.005
OGLE-LMC-CEP-0068,28.3738735,5343.46439,12.980,0.005
OGLE-LMC-CEP-0068,28.3738735,5430.86886,13.124,0.005
OGLE-LMC-CEP-0068,28.3738735,5439.87734,12.513,0.005
OGLE-LMC-CEP-0068,28.3738735,5449.89592,12.723,0.005
OGLE-LMC-CEP-0068,28.3738735,5451.90495,12.797,0.005
OGLE-LMC-CEP-0068,28.3738735,5454.86089,12.926,0.005
OGLE-LMC-CEP-0068,28.3738735,5456.88658,12.987,0.005
OGLE-LMC-CEP-0068,28.3738735,5462.83796,13.193,0.005
OGLE-LMC-CEP-0068,28.3738735,5465.84114,12.425,0.005
OGLE-LMC-CEP-0068,28.3738735,5468.79398,12.504,0.005
OGLE-LMC-CEP-0068,28.3738735,5471.81674,12.562,0.005
OGLE-LMC-CEP-0068,28.3738735,5476.76093,12.684,0.005
OGLE-LMC-CEP-0068,28.3738735,5478.75790,12.747,0.005
OGLE-LMC-CEP-0068,28.3738735,5480.77521,12.821,0.005
OGLE-LMC-CEP-0068,28.3738735,5482.75096,12.899,0.005
OGLE-LMC-CEP-0068,28.3738735,5483.72733,12.933,0.005
OGLE-LMC-CEP-0068,28.3738735,5484.88859,12.976,0.005
OGLE-LMC-CEP-0068,28.3738735,5485.76954,13.009,0.005
OGLE-LMC-CEP-0068,28.3738735,5486.84771,13.019,0.005
OGLE-LMC-CEP-0068,28.3738735,5488.72622,13.189,0.005
OGLE-LMC-CEP-0068,28.3738735,5489.74737,13.194,0.005
OGLE-LMC-CEP-0068,28.3738735,5490.83724,13.221,0.005
OGLE-LMC-CEP-0068,28.3738735,5493.77946,12.477,0.005
OGLE-LMC-CEP-0068,28.3738735,5495.78128,12.501,0.005
OGLE-LMC-CEP-0068,28.3738735,5496.77914,12.498,0.005
OGLE-LMC-CEP-0068,28.3738735,5497.80933,12.522,0.005
OGLE-LMC-CEP-0068,28.3738735,5499.71628,12.543,0.005
OGLE-LMC-CEP-0068,28.3738735,5505.71134,12.689,0.005
OGLE-LMC-CEP-0068,28.3738735,5509.65536,12.850,0.005
OGLE-LMC-CEP-0068,28.3738735,5509.84878,12.865,0.005
OGLE-LMC-CEP-0068,28.3738735,5510.71126,12.904,0.005
OGLE-LMC-CEP-0068,28.3738735,5510.77841,12.904,0.005
OGLE-LMC-CEP-0068,28.3738735,5510.84842,12.909,0.005
OGLE-LMC-CEP-0068,28.3738735,5511.68680,12.929,0.005
OGLE-LMC-CEP-0068,28.3738735,5511.78469,12.939,0.005
OGLE-LMC-CEP-0068,28.3738735,5511.84676,12.932,0.005
OGLE-LMC-CEP-0068,28.3738735,5512.73051,12.964,0.005
OGLE-LMC-CEP-0068,28.3738735,5512.79763,12.969,0.005
OGLE-LMC-CEP-0068,28.3738735,5512.86642,12.953,0.005
OGLE-LMC-CEP-0068,28.3738735,5513.70077,12.979,0.005
OGLE-LMC-CEP-0068,28.3738735,5513.80598,12.985,0.005
OGLE-LMC-CEP-0068,28.3738735,5513.85990,12.984,0.005
OGLE-LMC-CEP-0068,28.3738735,5514.73330,13.037,0.005
OGLE-LMC-CEP-0068,28.3738735,5514.79947,13.047,0.005
OGLE-LMC-CEP-0068,28.3738735,5514.86551,13.034,0.005
OGLE-LMC-CEP-0068,28.3738735,5515.65056,13.047,0.005
OGLE-LMC-CEP-0068,28.3738735,5515.76925,13.078,0.005
OGLE-LMC-CEP-0068,28.3738735,5515.85868,13.079,0.005
OGLE-LMC-CEP-0068,28.3738735,5516.73610,13.175,0.005
OGLE-LMC-CEP-0068,28.3738735,5516.80251,13.174,0.005
OGLE-LMC-CEP-0068,28.3738735,5516.86934,13.138,0.005
OGLE-LMC-CEP-0068,28.3738735,5517.64850,13.184,0.005
OGLE-LMC-CEP-0068,28.3738735,5517.76360,13.189,0.005
OGLE-LMC-CEP-0068,28.3738735,5517.85012,13.191,0.005
OGLE-LMC-CEP-0068,28.3738735,5518.74565,13.200,0.005
OGLE-LMC-CEP-0068,28.3738735,5518.82568,13.206,0.005
OGLE-LMC-CEP-0068,28.3738735,5519.66916,13.178,0.005
OGLE-LMC-CEP-0068,28.3738735,5519.78558,13.161,0.005
OGLE-LMC-CEP-0068,28.3738735,5519.86585,13.150,0.005
OGLE-LMC-CEP-0068,28.3738735,5521.68889,12.555,0.005
OGLE-LMC-CEP-0068,28.3738735,5521.78793,12.531,0.005
OGLE-LMC-CEP-0068,28.3738735,5522.71399,12.449,0.005
OGLE-LMC-CEP-0068,28.3738735,5523.67872,12.493,0.005
OGLE-LMC-CEP-0068,28.3738735,5523.84771,12.476,0.005
OGLE-LMC-CEP-0068,28.3738735,5529.75726,12.575,0.005
OGLE-LMC-CEP-0068,28.3738735,5529.85021,12.559,0.005
OGLE-LMC-CEP-0068,28.3738735,5530.71620,12.579,0.005
OGLE-LMC-CEP-0068,28.3738735,5533.69615,12.666,0.005
OGLE-LMC-CEP-0068,28.3738735,5534.76139,12.705,0.005
OGLE-LMC-CEP-0068,28.3738735,5535.70452,12.790,0.005
OGLE-LMC-CEP-0068,28.3738735,5536.74068,12.815,0.005
OGLE-LMC-CEP-0068,28.3738735,5539.71743,12.925,0.005
OGLE-LMC-CEP-0068,28.3738735,5540.80155,12.937,0.005
OGLE-LMC-CEP-0068,28.3738735,5541.66773,12.965,0.005
OGLE-LMC-CEP-0068,28.3738735,5542.72615,13.001,0.005
OGLE-LMC-CEP-0068,28.3738735,5543.75758,13.066,0.005
OGLE-LMC-CEP-0068,28.3738735,5544.74519,13.128,0.005
OGLE-LMC-CEP-0068,28.3738735,5545.73446,13.168,0.005
OGLE-LMC-CEP-0068,28.3738735,5546.68411,13.188,0.005
OGLE-LMC-CEP-0068,28.3738735,5547.74386,13.195,0.005
OGLE-LMC-CEP-0068,28.3738735,5548.70384,13.049,0.005
OGLE-LMC-CEP-0068,28.3738735,5549.66838,12.684,0.005
OGLE-LMC-CEP-0068,28.3738735,5551.67435,12.480,0.005
OGLE-LMC-CEP-0068,28.3738735,5553.72734,12.514,0.005
OGLE-LMC-CEP-0068,28.3738735,5554.66071,12.515,0.005
OGLE-LMC-CEP-0068,28.3738735,5556.67529,12.554,0.005
OGLE-LMC-CEP-0068,28.3738735,5558.65739,12.567,0.005
OGLE-LMC-CEP-0068,28.3738735,5559.64754,12.577,0.005
OGLE-LMC-CEP-0068,28.3738735,5560.63917,12.618,0.005
OGLE-LMC-CEP-0068,28.3738735,5561.67280,12.647,0.005
OGLE-LMC-CEP-0068,28.3738735,5563.62635,12.719,0.005
OGLE-LMC-CEP-0068,28.3738735,5565.65759,12.806,0.005
OGLE-LMC-CEP-0068,28.3738735,5566.68490,12.868,0.005
OGLE-LMC-CEP-0068,28.3738735,5568.70517,12.917,0.005
OGLE-LMC-CEP-0068,28.3738735,5569.69972,12.943,0.005
OGLE-LMC-CEP-0068,28.3738735,5570.73757,12.977,0.005
OGLE-LMC-CEP-0068,28.3738735,5571.66961,13.028,0.005
OGLE-LMC-CEP-0068,28.3738735,5572.78619,13.114,0.005
OGLE-LMC-CEP-0068,28.3738735,5575.69177,13.171,0.005
OGLE-LMC-CEP-0068,28.3738735,5576.66598,13.157,0.005
OGLE-LMC-CEP-0068,28.3738735,5577.66754,12.853,0.005
OGLE-LMC-CEP-0068,28.3738735,5579.71791,12.455,0.005
OGLE-LMC-CEP-0068,28.3738735,5579.72468,12.449,0.005
OGLE-LMC-CEP-0068,28.3738735,5581.67039,12.504,0.005
OGLE-LMC-CEP-0068,28.3738735,5584.67140,12.542,0.005
OGLE-LMC-CEP-0068,28.3738735,5586.63503,12.560,0.005
OGLE-LMC-CEP-0068,28.3738735,5587.61715,12.554,0.005
OGLE-LMC-CEP-0068,28.3738735,5588.72109,12.598,0.005
OGLE-LMC-CEP-0068,28.3738735,5589.62642,12.639,0.005
OGLE-LMC-CEP-0068,28.3738735,5591.66453,12.737,0.005
OGLE-LMC-CEP-0068,28.3738735,5592.64675,12.753,0.005
OGLE-LMC-CEP-0068,28.3738735,5593.62970,12.812,0.005
OGLE-LMC-CEP-0068,28.3738735,5594.64591,12.838,0.005
OGLE-LMC-CEP-0068,28.3738735,5595.62350,12.887,0.005
OGLE-LMC-CEP-0068,28.3738735,5596.68773,12.924,0.005
OGLE-LMC-CEP-0068,28.3738735,5597.60516,12.945,0.005
OGLE-LMC-CEP-0068,28.3738735,5598.66930,12.981,0.005
OGLE-LMC-CEP-0068,28.3738735,5599.63511,13.018,0.005
OGLE-LMC-CEP-0068,28.3738735,5600.66785,13.085,0.005
OGLE-LMC-CEP-0068,28.3738735,5601.64747,13.125,0.005
OGLE-LMC-CEP-0068,28.3738735,5602.64618,13.187,0.005
OGLE-LMC-CEP-0068,28.3738735,5603.65495,13.191,0.005
OGLE-LMC-CEP-0068,28.3738735,5604.65208,13.176,0.005
OGLE-LMC-CEP-0068,28.3738735,5605.65645,13.001,0.005
OGLE-LMC-CEP-0068,28.3738735,5606.66855,12.576,0.005
OGLE-LMC-CEP-0068,28.3738735,5607.67905,12.449,0.005
OGLE-LMC-CEP-0068,28.3738735,5608.66683,12.444,0.005
OGLE-LMC-CEP-0068,28.3738735,5609.69857,12.500,0.005
OGLE-LMC-CEP-0068,28.3738735,5611.62843,12.507,0.005
OGLE-LMC-CEP-0068,28.3738735,5612.68164,12.518,0.005
OGLE-LMC-CEP-0068,28.3738735,5613.64317,12.534,0.005
OGLE-LMC-CEP-0068,28.3738735,5614.63649,12.561,0.005
OGLE-LMC-CEP-0068,28.3738735,5615.63055,12.573,0.005
OGLE-LMC-CEP-0068,28.3738735,5616.63789,12.597,0.005
OGLE-LMC-CEP-0068,28.3738735,5619.62983,12.693,0.005
OGLE-LMC-CEP-0068,28.3738735,5620.57235,12.726,0.005
OGLE-LMC-CEP-0068,28.3738735,5622.62447,12.819,0.005
OGLE-LMC-CEP-0068,28.3738735,5623.58738,12.862,0.005
OGLE-LMC-CEP-0068,28.3738735,5624.52849,12.892,0.005
OGLE-LMC-CEP-0068,28.3738735,5625.62013,12.939,0.005
OGLE-LMC-CEP-0068,28.3738735,5626.58124,12.951,0.005
OGLE-LMC-CEP-0068,28.3738735,5627.54594,12.999,0.005
OGLE-LMC-CEP-0068,28.3738735,5629.55164,13.104,0.005
OGLE-LMC-CEP-0068,28.3738735,5630.59763,13.177,0.005
OGLE-LMC-CEP-0068,28.3738735,5632.54568,13.212,0.005
OGLE-LMC-CEP-0068,28.3738735,5633.59474,13.036,0.005
OGLE-LMC-CEP-0068,28.3738735,5634.55513,12.770,0.005
OGLE-LMC-CEP-0068,28.3738735,5635.55944,12.466,0.005
OGLE-LMC-CEP-0068,28.3738735,5638.56408,12.501,0.005
OGLE-LMC-CEP-0068,28.3738735,5639.57431,12.510,0.005
OGLE-LMC-CEP-0068,28.3738735,5640.51331,12.518,0.005
OGLE-LMC-CEP-0068,28.3738735,5641.54098,12.542,0.005
OGLE-LMC-CEP-0068,28.3738735,5642.48921,12.551,0.005
OGLE-LMC-CEP-0068,28.3738735,5643.48698,12.557,0.005
OGLE-LMC-CEP-0068,28.3738735,5644.48875,12.587,0.005
OGLE-LMC-CEP-0068,28.3738735,5645.48848,12.595,0.005
OGLE-LMC-CEP-0068,28.3738735,5646.50149,12.630,0.005
OGLE-LMC-CEP-0068,28.3738735,5647.50343,12.681,0.005
OGLE-LMC-CEP-0068,28.3738735,5648.50330,12.712,0.005
OGLE-LMC-CEP-0068,28.3738735,5649.51888,12.748,0.005
OGLE-LMC-CEP-0068,28.3738735,5650.49929,12.808,0.005
OGLE-LMC-CEP-0068,28.3738735,5651.50527,12.854,0.005
OGLE-LMC-CEP-0068,28.3738735,5652.50019,12.892,0.005
OGLE-LMC-CEP-0068,28.3738735,5653.53032,12.925,0.005
OGLE-LMC-CEP-0068,28.3738735,5654.53877,12.944,0.005
OGLE-LMC-CEP-0068,28.3738735,5655.52997,12.981,0.005
OGLE-LMC-CEP-0068,28.3738735,5656.53886,13.014,0.005
OGLE-LMC-CEP-0068,28.3738735,5656.57256,13.011,0.005
OGLE-LMC-CEP-0068,28.3738735,5657.49882,13.071,0.005
OGLE-LMC-CEP-0068,28.3738735,5659.49810,13.176,0.005
OGLE-LMC-CEP-0068,28.3738735,5660.54350,13.194,0.005
OGLE-LMC-CEP-0068,28.3738735,5664.47770,12.421,0.005
OGLE-LMC-CEP-0068,28.3738735,5665.49293,12.448,0.005
OGLE-LMC-CEP-0068,28.3738735,5666.48975,12.480,0.005
OGLE-LMC-CEP-0068,28.3738735,5667.47121,12.513,0.005
OGLE-LMC-CEP-0068,28.3738735,5668.47749,12.522,0.005
OGLE-LMC-CEP-0068,28.3738735,5669.47151,12.535,0.005
OGLE-LMC-CEP-0068,28.3738735,5670.52179,12.545,0.005
OGLE-LMC-CEP-0068,28.3738735,5671.47333,12.550,0.005
OGLE-LMC-CEP-0068,28.3738735,5672.46785,12.575,0.005
OGLE-LMC-CEP-0068,28.3738735,5674.47505,12.624,0.005
OGLE-LMC-CEP-0068,28.3738735,5675.46922,12.667,0.005
OGLE-LMC-CEP-0068,28.3738735,5676.52414,12.714,0.005
OGLE-LMC-CEP-0068,28.3738735,5677.46512,12.747,0.005
OGLE-LMC-CEP-0068,28.3738735,5678.50016,12.770,0.005
OGLE-LMC-CEP-0068,28.3738735,5679.46746,12.836,0.005
OGLE-LMC-CEP-0068,28.3738735,5680.51591,12.872,0.005
OGLE-LMC-CEP-0068,28.3738735,5681.47891,12.895,0.005
OGLE-LMC-CEP-0068,28.3738735,5682.47940,12.925,0.005
OGLE-LMC-CEP-0068,28.3738735,5683.48439,12.968,0.005
OGLE-LMC-CEP-0068,28.3738735,5684.48859,13.009,0.005
OGLE-LMC-CEP-0068,28.3738735,5685.46021,13.011,0.005
OGLE-LMC-CEP-0068,28.3738735,5686.46209,13.144,0.005
OGLE-LMC-CEP-0068,28.3738735,5687.46281,13.167,0.005
OGLE-LMC-CEP-0068,28.3738735,5691.45575,12.696,0.005
OGLE-LMC-CEP-0068,28.3738735,5692.50030,12.449,0.005
OGLE-LMC-CEP-0068,28.3738735,5694.46187,12.483,0.005
OGLE-LMC-CEP-0068,28.3738735,5695.45630,12.507,0.005
OGLE-LMC-CEP-0068,28.3738735,5696.46524,12.514,0.005
OGLE-LMC-CEP-0068,28.3738735,5697.45513,12.544,0.005
OGLE-LMC-CEP-0068,28.3738735,5699.46467,12.528,0.005
OGLE-LMC-CEP-0068,28.3738735,5700.45626,12.550,0.005
OGLE-LMC-CEP-0068,28.3738735,5702.45316,12.604,0.005
OGLE-LMC-CEP-0068,28.3738735,5795.91940,12.932,0.005
OGLE-LMC-CEP-0068,28.3738735,5803.86473,13.082,0.005
OGLE-LMC-CEP-0068,28.3738735,5805.82916,12.475,0.005
OGLE-LMC-CEP-0068,28.3738735,5806.88020,12.441,0.005
OGLE-LMC-CEP-0068,28.3738735,5810.84455,12.521,0.005
OGLE-LMC-CEP-0068,28.3738735,5812.83736,12.543,0.005
OGLE-LMC-CEP-0068,28.3738735,5814.85418,12.577,0.005
OGLE-LMC-CEP-0068,28.3738735,5815.86581,12.609,0.005
OGLE-LMC-CEP-0068,28.3738735,5816.83994,12.639,0.005
OGLE-LMC-CEP-0068,28.3738735,5817.84053,12.692,0.005
OGLE-LMC-CEP-0068,28.3738735,5818.86966,12.719,0.005
OGLE-LMC-CEP-0068,28.3738735,5819.82360,12.767,0.005
OGLE-LMC-CEP-0068,28.3738735,5822.74756,12.884,0.005
OGLE-LMC-CEP-0068,28.3738735,5822.81126,12.890,0.005
OGLE-LMC-CEP-0068,28.3738735,5822.86266,12.896,0.005
OGLE-LMC-CEP-0068,28.3738735,5822.90839,12.900,0.005
OGLE-LMC-CEP-0068,28.3738735,5823.74889,12.917,0.005
OGLE-LMC-CEP-0068,28.3738735,5823.81874,12.925,0.005
OGLE-LMC-CEP-0068,28.3738735,5823.88612,12.924,0.005
OGLE-LMC-CEP-0068,28.3738735,5824.74613,12.947,0.005
OGLE-LMC-CEP-0068,28.3738735,5824.80808,12.949,0.005
OGLE-LMC-CEP-0068,28.3738735,5824.85964,12.952,0.005
OGLE-LMC-CEP-0068,28.3738735,5824.89908,12.950,0.005
OGLE-LMC-CEP-0068,28.3738735,5825.74572,12.984,0.005
OGLE-LMC-CEP-0068,28.3738735,5825.79633,12.982,0.005
OGLE-LMC-CEP-0068,28.3738735,5825.85038,12.988,0.005
OGLE-LMC-CEP-0068,28.3738735,5825.90279,12.999,0.005
OGLE-LMC-CEP-0068,28.3738735,5826.72672,13.019,0.005
OGLE-LMC-CEP-0068,28.3738735,5826.78767,13.018,0.005
OGLE-LMC-CEP-0068,28.3738735,5826.84481,13.028,0.005
OGLE-LMC-CEP-0068,28.3738735,5826.90284,13.030,0.005
OGLE-LMC-CEP-0068,28.3738735,5827.71453,13.037,0.005
OGLE-LMC-CEP-0068,28.3738735,5827.77986,13.047,0.005
OGLE-LMC-CEP-0068,28.3738735,5827.83878,13.036,0.005
OGLE-LMC-CEP-0068,28.3738735,5827.90122,13.047,0.005
OGLE-LMC-CEP-0068,28.3738735,5828.71520,13.157,0.005
OGLE-LMC-CEP-0068,28.3738735,5828.80057,13.160,0.005
OGLE-LMC-CEP-0068,28.3738735,5828.85142,13.159,0.005
OGLE-LMC-CEP-0068,28.3738735,5828.90140,13.193,0.005
OGLE-LMC-CEP-0068,28.3738735,5829.72135,13.184,0.005
OGLE-LMC-CEP-0068,28.3738735,5829.77199,13.161,0.005
OGLE-LMC-CEP-0068,28.3738735,5829.83771,13.161,0.005
OGLE-LMC-CEP-0068,28.3738735,5829.90021,13.149,0.005
OGLE-LMC-CEP-0068,28.3738735,5830.71279,13.199,0.005
OGLE-LMC-CEP-0068,28.3738735,5830.76800,13.202,0.005
OGLE-LMC-CEP-0068,28.3738735,5830.82924,13.201,0.005
OGLE-LMC-CEP-0068,28.3738735,5830.89866,13.178,0.005
OGLE-LMC-CEP-0068,28.3738735,5831.82159,13.183,0.005
OGLE-LMC-CEP-0068,28.3738735,5832.81107,12.919,0.005
OGLE-LMC-CEP-0068,28.3738735,5833.79538,12.550,0.005
OGLE-LMC-CEP-0068,28.3738735,5835.85622,12.455,0.005
OGLE-LMC-CEP-0068,28.3738735,5839.82370,12.528,0.005
OGLE-LMC-CEP-0068,28.3738735,5841.80366,12.555,0.005
OGLE-LMC-CEP-0068,28.3738735,5842.82187,12.558,0.005
OGLE-LMC-CEP-0068,28.3738735,5843.83732,12.599,0.005
OGLE-LMC-CEP-0068,28.3738735,5845.80137,12.652,0.005
OGLE-LMC-CEP-0068,28.3738735,5846.81281,12.694,0.005
OGLE-LMC-CEP-0068,28.3738735,5850.77660,12.878,0.005
OGLE-LMC-CEP-0068,28.3738735,5851.78569,12.904,0.005
OGLE-LMC-CEP-0068,28.3738735,5852.76813,12.929,0.005
OGLE-LMC-CEP-0068,28.3738735,5853.83916,12.962,0.005
OGLE-LMC-CEP-0068,28.3738735,5854.74319,12.999,0.005
OGLE-LMC-CEP-0068,28.3738735,5855.81320,13.080,0.005
OGLE-LMC-CEP-0068,28.3738735,5856.78572,13.139,0.005
OGLE-LMC-CEP-0068,28.3738735,5857.77004,13.191,0.005
OGLE-LMC-CEP-0068,28.3738735,5858.81997,13.192,0.005
OGLE-LMC-CEP-0068,28.3738735,5859.78789,13.178,0.005
OGLE-LMC-CEP-0068,28.3738735,5860.77352,13.057,0.005
OGLE-LMC-CEP-0068,28.3738735,5861.78254,12.678,0.005
OGLE-LMC-CEP-0068,28.3738735,5862.83585,12.434,0.005
OGLE-LMC-CEP-0068,28.3738735,5870.73240,12.585,0.005
OGLE-LMC-CEP-0068,28.3738735,5871.71844,12.598,0.005
OGLE-LMC-CEP-0068,28.3738735,5873.72300,12.665,0.005
OGLE-LMC-CEP-0068,28.3738735,5874.75661,12.684,0.005
OGLE-LMC-CEP-0068,28.3738735,5875.69252,12.725,0.005
OGLE-LMC-CEP-0068,28.3738735,5878.71229,12.852,0.005
OGLE-LMC-CEP-0068,28.3738735,5879.67753,12.896,0.005
OGLE-LMC-CEP-0068,28.3738735,5880.72896,12.936,0.005
OGLE-LMC-CEP-0068,28.3738735,5880.77999,12.934,0.005
OGLE-LMC-CEP-0068,28.3738735,5881.71560,12.977,0.005
OGLE-LMC-CEP-0068,28.3738735,5882.74636,12.995,0.005
OGLE-LMC-CEP-0068,28.3738735,5883.75031,13.031,0.005
OGLE-LMC-CEP-0068,28.3738735,5885.68122,13.188,0.005
OGLE-LMC-CEP-0068,28.3738735,5886.71768,13.188,0.005
OGLE-LMC-CEP-0068,28.3738735,5887.79002,13.229,0.005
OGLE-LMC-CEP-0068,28.3738735,5888.77864,13.119,0.005
OGLE-LMC-CEP-0068,28.3738735,5889.82504,12.817,0.005
OGLE-LMC-CEP-0068,28.3738735,5890.75440,12.529,0.005
OGLE-LMC-CEP-0068,28.3738735,5891.71304,12.447,0.005
OGLE-LMC-CEP-0068,28.3738735,5892.73081,12.478,0.005
OGLE-LMC-CEP-0068,28.3738735,5894.77237,12.508,0.005
OGLE-LMC-CEP-0068,28.3738735,5895.78947,12.523,0.005
OGLE-LMC-CEP-0068,28.3738735,5896.77251,12.536,0.005
OGLE-LMC-CEP-0068,28.3738735,5897.71931,12.550,0.005
OGLE-LMC-CEP-0068,28.3738735,5898.70150,12.566,0.005
OGLE-LMC-CEP-0068,28.3738735,5899.76068,12.590,0.005
OGLE-LMC-CEP-0068,28.3738735,5900.71029,12.608,0.005
OGLE-LMC-CEP-0068,28.3738735,5901.75959,12.647,0.005
OGLE-LMC-CEP-0068,28.3738735,5902.71083,12.670,0.005
OGLE-LMC-CEP-0068,28.3738735,5903.76599,12.709,0.005
OGLE-LMC-CEP-0068,28.3738735,5904.74057,12.772,0.005
OGLE-LMC-CEP-0068,28.3738735,5905.71465,12.812,0.005
OGLE-LMC-CEP-0068,28.3738735,5906.72654,12.847,0.005
OGLE-LMC-CEP-0068,28.3738735,5907.70293,12.884,0.005
OGLE-LMC-CEP-0068,28.3738735,5908.72933,12.929,0.005
OGLE-LMC-CEP-0068,28.3738735,5909.77443,12.949,0.005
OGLE-LMC-CEP-0068,28.3738735,5910.68719,12.975,0.005
OGLE-LMC-CEP-0068,28.3738735,5911.71906,13.025,0.005
OGLE-LMC-CEP-0068,28.3738735,5912.73957,13.096,0.005
OGLE-LMC-CEP-0068,28.3738735,5913.71146,13.181,0.005
OGLE-LMC-CEP-0068,28.3738735,5914.73411,13.160,0.005
OGLE-LMC-CEP-0068,28.3738735,5915.69110,13.185,0.005
OGLE-LMC-CEP-0068,28.3738735,5916.74498,13.174,0.005
OGLE-LMC-CEP-0068,28.3738735,5917.70861,13.018,0.005
OGLE-LMC-CEP-0068,28.3738735,5922.72563,12.523,0.005
OGLE-LMC-CEP-0068,28.3738735,5925.69721,12.535,0.005
OGLE-LMC-CEP-0068,28.3738735,5926.70904,12.551,0.005
OGLE-LMC-CEP-0068,28.3738735,5927.70801,12.573,0.005
OGLE-LMC-CEP-0068,28.3738735,5929.68219,12.625,0.005
OGLE-LMC-CEP-0068,28.3738735,5930.82735,12.647,0.005
OGLE-LMC-CEP-0068,28.3738735,5931.64774,12.707,0.005
OGLE-LMC-CEP-0068,28.3738735,5932.64517,12.734,0.005
OGLE-LMC-CEP-0068,28.3738735,5933.69559,12.798,0.005
OGLE-LMC-CEP-0068,28.3738735,5935.64287,12.859,0.005
OGLE-LMC-CEP-0068,28.3738735,5935.80636,12.865,0.005
OGLE-LMC-CEP-0068,28.3738735,5936.63705,12.900,0.005
OGLE-LMC-CEP-0068,28.3738735,5937.66728,12.945,0.005
OGLE-LMC-CEP-0068,28.3738735,5938.66770,12.959,0.005
OGLE-LMC-CEP-0068,28.3738735,5939.71140,13.003,0.005
OGLE-LMC-CEP-0068,28.3738735,5940.74690,13.054,0.005
OGLE-LMC-CEP-0068,28.3738735,5941.74767,13.092,0.005
OGLE-LMC-CEP-0068,28.3738735,5942.77202,13.139,0.005
OGLE-LMC-CEP-0068,28.3738735,5943.72950,13.129,0.005
OGLE-LMC-CEP-0068,28.3738735,5944.72436,13.195,0.005
OGLE-LMC-CEP-0068,28.3738735,5945.70264,13.120,0.005
OGLE-LMC-CEP-0068,28.3738735,5946.64237,12.799,0.005
OGLE-LMC-CEP-0068,28.3738735,5946.75925,12.743,0.005
OGLE-LMC-CEP-0068,28.3738735,5947.70938,12.454,0.005
OGLE-LMC-CEP-0068,28.3738735,5948.69864,12.478,0.005
OGLE-LMC-CEP-0068,28.3738735,5949.71482,12.462,0.005
OGLE-LMC-CEP-0068,28.3738735,5950.63587,12.489,0.005
OGLE-LMC-CEP-0068,28.3738735,5951.66118,12.515,0.005
OGLE-LMC-CEP-0068,28.3738735,5952.68575,12.526,0.005
OGLE-LMC-CEP-0068,28.3738735,5953.68373,12.519,0.005
OGLE-LMC-CEP-0068,28.3738735,5955.70328,12.560,0.005
OGLE-LMC-CEP-0068,28.3738735,5956.70396,12.586,0.005
OGLE-LMC-CEP-0068,28.3738735,5958.72111,12.640,0.005
OGLE-LMC-CEP-0068,28.3738735,5959.69242,12.668,0.005
OGLE-LMC-CEP-0068,28.3738735,5960.69350,12.724,0.005
OGLE-LMC-CEP-0068,28.3738735,5961.62689,12.782,0.005
OGLE-LMC-CEP-0068,28.3738735,5962.62782,12.799,0.005
OGLE-LMC-CEP-0068,28.3738735,5963.59447,12.839,0.005
OGLE-LMC-CEP-0068,28.3738735,5964.60646,12.874,0.005
OGLE-LMC-CEP-0068,28.3738735,5965.60543,12.932,0.005
OGLE-LMC-CEP-0068,28.3738735,5967.62758,12.970,0.005
OGLE-LMC-CEP-0068,28.3738735,5968.62768,13.013,0.005
OGLE-LMC-CEP-0068,28.3738735,5969.60366,13.068,0.005
OGLE-LMC-CEP-0068,28.3738735,5970.58116,13.181,0.005
OGLE-LMC-CEP-0068,28.3738735,5971.67407,13.197,0.005
OGLE-LMC-CEP-0068,28.3738735,5972.66044,13.163,0.005
OGLE-LMC-CEP-0068,28.3738735,5973.64349,13.193,0.005
OGLE-LMC-CEP-0068,28.3738735,5974.59853,12.956,0.005
OGLE-LMC-CEP-0068,28.3738735,5976.63270,12.436,0.005
OGLE-LMC-CEP-0068,28.3738735,5977.66621,12.471,0.005
OGLE-LMC-CEP-0068,28.3738735,5979.59286,12.518,0.005
OGLE-LMC-CEP-0068,28.3738735,5980.60852,12.523,0.005
OGLE-LMC-CEP-0068,28.3738735,5981.63201,12.536,0.005
OGLE-LMC-CEP-0068,28.3738735,5982.63788,12.541,0.005
OGLE-LMC-CEP-0068,28.3738735,5983.68055,12.576,0.005
OGLE-LMC-CEP-0068,28.3738735,5984.61955,12.588,0.005
OGLE-LMC-CEP-0068,28.3738735,5985.65190,12.599,0.005
OGLE-LMC-CEP-0068,28.3738735,5986.58165,12.632,0.005
OGLE-LMC-CEP-0068,28.3738735,5987.65675,12.669,0.005
OGLE-LMC-CEP-0068,28.3738735,5988.62310,12.699,0.005
OGLE-LMC-CEP-0068,28.3738735,5989.58763,12.746,0.005
OGLE-LMC-CEP-0068,28.3738735,5990.58112,12.772,0.005
OGLE-LMC-CEP-0068,28.3738735,5991.65613,12.822,0.005
OGLE-LMC-CEP-0068,28.3738735,5992.61634,12.879,0.005
OGLE-LMC-CEP-0068,28.3738735,5993.57324,12.904,0.005
OGLE-LMC-CEP-0068,28.3738735,5994.57193,12.934,0.005
OGLE-LMC-CEP-0068,28.3738735,5995.61961,12.963,0.005
OGLE-LMC-CEP-0068,28.3738735,5996.58972,12.988,0.005
OGLE-LMC-CEP-0068,28.3738735,5997.59186,13.037,0.005
OGLE-LMC-CEP-0068,28.3738735,5998.59021,13.133,0.005
OGLE-LMC-CEP-0068,28.3738735,5998.65067,13.113,0.005
OGLE-LMC-CEP-0068,28.3738735,5999.62896,13.188,0.005
OGLE-LMC-CEP-0068,28.3738735,6000.60634,13.194,0.005
OGLE-LMC-CEP-0068,28.3738735,6002.57007,13.041,0.005
OGLE-LMC-CEP-0068,28.3738735,6003.53616,12.728,0.005
OGLE-LMC-CEP-0068,28.3738735,6004.57495,12.470,0.005
OGLE-LMC-CEP-0068,28.3738735,6005.54606,12.456,0.005
OGLE-LMC-CEP-0068,28.3738735,6006.52584,12.494,0.005
OGLE-LMC-CEP-0068,28.3738735,6007.51017,12.515,0.005
OGLE-LMC-CEP-0068,28.3738735,6007.61336,12.496,0.005
OGLE-LMC-CEP-0068,28.3738735,6007.61568,12.507,0.005
OGLE-LMC-CEP-0068,28.3738735,6008.53688,12.535,0.005
OGLE-LMC-CEP-0068,28.3738735,6008.59750,12.517,0.005
OGLE-LMC-CEP-0068,28.3738735,6009.49379,12.532,0.005
OGLE-LMC-CEP-0068,28.3738735,6009.57220,12.535,0.005
OGLE-LMC-CEP-0068,28.3738735,6010.48667,12.535,0.005
OGLE-LMC-CEP-0068,28.3738735,6010.58959,12.531,0.005
OGLE-LMC-CEP-0068,28.3738735,6011.48213,12.548,0.005
OGLE-LMC-CEP-0068,28.3738735,6011.55186,12.552,0.005
OGLE-LMC-CEP-0068,28.3738735,6011.62340,12.560,0.005
OGLE-LMC-CEP-0068,28.3738735,6012.52861,12.559,0.005
OGLE-LMC-CEP-0068,28.3738735,6012.60483,12.574,0.005
OGLE-LMC-CEP-0068,28.3738735,6013.53267,12.597,0.005
OGLE-LMC-CEP-0068,28.3738735,6013.60528,12.585,0.005
OGLE-LMC-CEP-0068,28.3738735,6014.55166,12.603,0.005
OGLE-LMC-CEP-0068,28.3738735,6014.60077,12.617,0.005
OGLE-LMC-CEP-0068,28.3738735,6015.54679,12.652,0.005
OGLE-LMC-CEP-0068,28.3738735,6015.58192,12.664,0.005
OGLE-LMC-CEP-0068,28.3738735,6016.58763,12.696,0.005
OGLE-LMC-CEP-0068,28.3738735,6017.55051,12.701,0.005
OGLE-LMC-CEP-0068,28.3738735,6018.50497,12.757,0.005
OGLE-LMC-CEP-0068,28.3738735,6019.55072,12.799,0.005
OGLE-LMC-CEP-0068,28.3738735,6020.57643,12.852,0.005
OGLE-LMC-CEP-0068,28.3738735,6021.56451,12.875,0.005
OGLE-LMC-CEP-0068,28.3738735,6022.57456,12.917,0.005
OGLE-LMC-CEP-0068,28.3738735,6023.55006,12.952,0.005
OGLE-LMC-CEP-0068,28.3738735,6024.57290,12.980,0.005
OGLE-LMC-CEP-0068,28.3738735,6025.57293,13.029,0.005
OGLE-LMC-CEP-0068,28.3738735,6026.51922,13.088,0.005
OGLE-LMC-CEP-0068,28.3738735,6028.55600,13.182,0.005
OGLE-LMC-CEP-0068,28.3738735,6033.48145,12.435,0.005
OGLE-LMC-CEP-0068,28.3738735,6034.48707,12.469,0.005
OGLE-LMC-CEP-0068,28.3738735,6035.51244,12.499,0.005
OGLE-LMC-CEP-0068,28.3738735,6036.48927,12.516,0.005
OGLE-LMC-CEP-0068,28.3738735,6037.48900,12.519,0.005
OGLE-LMC-CEP-0068,28.3738735,6038.48070,12.517,0.005
OGLE-LMC-CEP-0068,28.3738735,6039.48738,12.527,0.005
OGLE-LMC-CEP-0068,28.3738735,6040.48967,12.549,0.005
OGLE-LMC-CEP-0068,28.3738735,6042.48729,12.592,0.005
OGLE-LMC-CEP-0068,28.3738735,6047.46436,12.779,0.005
OGLE-LMC-CEP-0068,28.3738735,6048.46307,12.846,0.005
OGLE-LMC-CEP-0068,28.3738735,6049.48640,12.876,0.005
OGLE-LMC-CEP-0068,28.3738735,6050.46199,12.904,0.005
OGLE-LMC-CEP-0068,28.3738735,6052.47769,12.966,0.005
OGLE-LMC-CEP-0068,28.3738735,6053.47427,12.997,0.005
OGLE-LMC-CEP-0068,28.3738735,6055.48333,13.109,0.005
OGLE-LMC-CEP-0068,28.3738735,6056.47034,13.175,0.005
OGLE-LMC-CEP-0068,28.3738735,6057.46621,13.165,0.005
OGLE-LMC-CEP-0068,28.3738735,6058.45772,13.192,0.005
OGLE-LMC-CEP-0068,28.3738735,6059.46751,13.028,0.005
OGLE-LMC-CEP-0068,28.3738735,6060.47030,12.644,0.005
OGLE-LMC-CEP-0068,28.3738735,6061.46077,12.435,0.005
OGLE-LMC-CEP-0068,28.3738735,6123.90494,12.535,0.005
OGLE-LMC-CEP-0068,28.3738735,6137.90288,12.969,0.005
OGLE-LMC-CEP-0068,28.3738735,6149.92649,12.496,0.005
OGLE-LMC-CEP-0068,28.3738735,6165.90270,12.953,0.005
OGLE-LMC-CEP-0068,28.3738735,6171.86850,13.199,0.005
OGLE-LMC-CEP-0068,28.3738735,6173.91806,12.670,0.005
OGLE-LMC-CEP-0068,28.3738735,6179.89452,12.512,0.005
OGLE-LMC-CEP-0068,28.3738735,6180.84704,12.527,0.005
OGLE-LMC-CEP-0068,28.3738735,6181.86126,12.562,0.005
OGLE-LMC-CEP-0068,28.3738735,6182.86582,12.565,0.005
OGLE-LMC-CEP-0068,28.3738735,6183.86747,12.584,0.005
OGLE-LMC-CEP-0068,28.3738735,6184.89405,12.621,0.005
OGLE-LMC-CEP-0068,28.3738735,6185.84373,12.645,0.005
OGLE-LMC-CEP-0068,28.3738735,6191.87082,12.897,0.005
OGLE-LMC-CEP-0068,28.3738735,6193.85809,12.941,0.005
OGLE-LMC-CEP-0068,28.3738735,6194.87477,12.976,0.005
OGLE-LMC-CEP-0068,28.3738735,6196.86257,13.117,0.005
OGLE-LMC-CEP-0068,28.3738735,6199.81157,13.215,0.005
OGLE-LMC-CEP-0068,28.3738735,6202.81902,12.507,0.005
OGLE-LMC-CEP-0068,28.3738735,6207.86484,12.511,0.005
OGLE-LMC-CEP-0068,28.3738735,6210.86358,12.551,0.005
OGLE-LMC-CEP-0068,28.3738735,6212.81635,12.590,0.005
OGLE-LMC-CEP-0068,28.3738735,6214.86751,12.659,0.005
OGLE-LMC-CEP-0068,28.3738735,6219.79915,12.878,0.005
OGLE-LMC-CEP-0068,28.3738735,6221.81243,12.942,0.005
OGLE-LMC-CEP-0068,28.3738735,6223.77042,13.008,0.005
OGLE-LMC-CEP-0068,28.3738735,6225.71800,13.139,0.005
OGLE-LMC-CEP-0068,28.3738735,6226.73034,13.166,0.005
OGLE-LMC-CEP-0068,28.3738735,6229.77494,13.034,0.005
OGLE-LMC-CEP-0068,28.3738735,6231.74156,12.438,0.005
OGLE-LMC-CEP-0068,28.3738735,6232.80749,12.455,0.005
OGLE-LMC-CEP-0068,28.3738735,6233.81357,12.484,0.005
OGLE-LMC-CEP-0068,28.3738735,6234.81794,12.517,0.005
OGLE-LMC-CEP-0068,28.3738735,6237.85888,12.544,0.005
OGLE-LMC-CEP-0068,28.3738735,6238.81661,12.550,0.005
OGLE-LMC-CEP-0068,28.3738735,6239.79059,12.566,0.005
OGLE-LMC-CEP-0068,28.3738735,6240.83388,12.586,0.005
OGLE-LMC-CEP-0068,28.3738735,6241.78752,12.599,0.005
OGLE-LMC-CEP-0068,28.3738735,6242.83042,12.661,0.005
OGLE-LMC-CEP-0068,28.3738735,6243.79886,12.710,0.005
OGLE-LMC-CEP-0068,28.3738735,6244.73170,12.731,0.005
OGLE-LMC-CEP-0068,28.3738735,6245.75613,12.794,0.005
OGLE-LMC-CEP-0068,28.3738735,6248.77280,12.904,0.005
OGLE-LMC-CEP-0068,28.3738735,6274.80462,12.805,0.005
OGLE-LMC-CEP-0068,28.3738735,6278.75200,12.940,0.005
OGLE-LMC-CEP-0068,28.3738735,6286.70813,12.957,0.005
OGLE-LMC-CEP-0068,28.3738735,6304.73582,12.860,0.005
OGLE-LMC-CEP-0068,28.3738735,6312.67037,13.143,0.005
OGLE-LMC-CEP-0068,28.3738735,6323.65475,12.559,0.005
OGLE-LMC-CEP-0068,28.3738735,6343.56076,12.945,0.005
OGLE-LMC-CEP-0068,28.3738735,6356.60452,12.659,0.005
OGLE-LMC-CEP-0068,28.3738735,6396.52581,13.128,0.005
OGLE-LMC-CEP-0068,28.3738735,6404.51100,12.502,0.005
OGLE-LMC-CEP-0068,28.3738735,6508.91631,13.088,0.005
OGLE-LMC-CEP-0068,28.3738735,6520.87934,12.539,0.005
OGLE-LMC-CEP-0068,28.3738735,6531.88859,12.865,0.005
OGLE-LMC-CEP-0068,28.3738735,6547.85592,12.499,0.005
OGLE-LMC-CEP-0068,28.3738735,6561.82391,12.926,0.005
OGLE-LMC-CEP-0068,28.3738735,6569.89368,13.120,0.005
OGLE-LMC-CEP-0068,28.3738735,6577.86391,12.543,0.005
OGLE-LMC-CEP-0068,28.3738735,6583.77734,12.664,0.005
OGLE-LMC-CEP-0068,28.3738735,6608.81750,12.575,0.005
OGLE-LMC-CEP-0068,28.3738735,6612.75366,12.719,0.005
OGLE-LMC-CEP-0068,28.3738735,6616.71552,12.872,0.005
OGLE-LMC-CEP-0068,28.3738735,6622.76946,13.131,0.005
OGLE-LMC-CEP-0068,28.3738735,6628.79518,12.458,0.005
OGLE-LMC-CEP-0068,28.3738735,6645.72035,12.900,0.005
OGLE-LMC-CEP-0068,28.3738735,6649.72686,13.027,0.005
OGLE-LMC-CEP-0068,28.3738735,6654.74223,13.154,0.005
OGLE-LMC-CEP-0068,28.3738735,6658.76151,12.488,0.005
OGLE-LMC-CEP-0068,28.3738735,6662.72445,12.530,0.005
OGLE-LMC-CEP-0068,28.3738735,6667.77903,12.626,0.005
OGLE-LMC-CEP-0068,28.3738735,6672.76068,12.833,0.005
OGLE-LMC-CEP-0068,28.3738735,6680.75496,13.179,0.005
OGLE-LMC-CEP-0068,28.3738735,6690.63756,12.522,0.005
OGLE-LMC-CEP-0068,28.3738735,6697.69828,12.717,0.005
OGLE-LMC-CEP-0068,28.3738735,6705.66154,12.977,0.005
OGLE-LMC-CEP-0068,28.3738735,6712.63088,12.828,0.005
OGLE-LMC-CEP-0068,28.3738735,6720.67030,12.528,0.005
OGLE-LMC-CEP-0068,28.3738735,6736.60090,13.167,0.005
OGLE-LMC-CEP-0068,28.3738735,6871.90576,12.858,0.005
OGLE-LMC-CEP-0068,28.3738735,6896.87887,12.711,0.005
OGLE-LMC-CEP-0068,28.3738735,6907.86146,13.203,0.005
OGLE-LMC-CEP-0068,28.3738735,6926.79115,12.783,0.005
OGLE-LMC-CEP-0068,28.3738735,6932.79948,12.989,0.005
OGLE-LMC-CEP-0068,28.3738735,6938.78523,13.077,0.005
OGLE-LMC-CEP-0068,28.3738735,6942.78270,12.484,0.005
OGLE-LMC-CEP-0068,28.3738735,6956.83623,12.856,0.005
OGLE-LMC-CEP-0068,28.3738735,6961.83087,13.032,0.005
OGLE-LMC-CEP-0068,28.3738735,6967.70222,12.954,0.005
OGLE-LMC-CEP-0068,28.3738735,6973.70771,12.527,0.005
OGLE-LMC-CEP-0068,28.3738735,6987.77554,12.943,0.005
OGLE-LMC-CEP-0068,28.3738735,6992.74764,13.186,0.005
OGLE-LMC-CEP-0068,28.3738735,6997.75272,12.463,0.005
OGLE-LMC-CEP-0068,28.3738735,7002.68911,12.543,0.005
OGLE-LMC-CEP-0068,28.3738735,7007.71061,12.624,0.005
OGLE-LMC-CEP-0068,28.3738735,7013.66397,12.852,0.005
OGLE-LMC-CEP-0068,28.3738735,7016.76741,12.963,0.005
OGLE-LMC-CEP-0068,28.3738735,7020.75831,13.202,0.005
OGLE-LMC-CEP-0068,28.3738735,7024.74748,12.813,0.005
OGLE-LMC-CEP-0068,28.3738735,7028.70062,12.494,0.005
OGLE-LMC-CEP-0068,28.3738735,7033.75467,12.555,0.005
OGLE-LMC-CEP-0068,28.3738735,7037.72680,12.684,0.005
OGLE-LMC-CEP-0068,28.3738735,7042.72579,12.888,0.005
OGLE-LMC-CEP-0068,28.3738735,7046.72698,12.992,0.005
OGLE-LMC-CEP-0068,28.3738735,7051.71015,13.208,0.005
OGLE-LMC-CEP-0068,28.3738735,7056.65795,12.494,0.005
OGLE-LMC-CEP-0068,28.3738735,7062.64910,12.580,0.005
OGLE-LMC-CEP-0068,28.3738735,7069.64583,12.823,0.005
OGLE-LMC-CEP-0068,28.3738735,7074.65701,12.983,0.005
OGLE-LMC-CEP-0068,28.3738735,7080.57337,13.101,0.005
OGLE-LMC-CEP-0068,28.3738735,7083.60009,12.450,0.005
OGLE-LMC-CEP-0068,28.3738735,7086.60817,12.530,0.005
OGLE-LMC-CEP-0068,28.3738735,7091.58909,12.591,0.005
OGLE-LMC-CEP-0068,28.3738735,7100.60466,12.919,0.005
OGLE-LMC-CEP-0068,28.3738735,7103.55689,13.025,0.005
OGLE-LMC-CEP-0068,28.3738735,7112.56906,12.457,0.005
OGLE-LMC-CEP-0068,28.3738735,7115.56400,12.520,0.005
OGLE-LMC-CEP-0068,28.3738735,7119.52413,12.573,0.005
OGLE-LMC-CEP-0068,28.3738735,7126.51314,12.830,0.005
OGLE-LMC-CEP-0068,28.3738735,7131.51771,13.016,0.005
OGLE-LMC-CEP-0068,28.3738735,7134.48802,13.188,0.005
OGLE-LMC-CEP-0068,28.3738735,7137.51791,13.092,0.005
OGLE-LMC-CEP-0068,28.3738735,7143.48237,12.520,0.005
OGLE-LMC-CEP-0068,28.3738735,7273.90266,13.011,0.005
OGLE-LMC-CEP-0068,28.3738735,7274.91386,13.088,0.005
OGLE-LMC-CEP-0068,28.3738735,7287.88996,12.535,0.005
OGLE-LMC-CEP-0068,28.3738735,7292.81351,12.664,0.005
OGLE-LMC-CEP-0068,28.3738735,7294.78470,12.743,0.005
OGLE-LMC-CEP-0068,28.3738735,7297.78440,12.866,0.005
OGLE-LMC-CEP-0068,28.3738735,7304.86291,13.174,0.005
OGLE-LMC-CEP-0068,28.3738735,7312.78075,12.497,0.005
OGLE-LMC-CEP-0068,28.3738735,7319.75011,12.607,0.005
OGLE-LMC-CEP-0068,28.3738735,7322.73253,12.716,0.005
OGLE-LMC-CEP-0068,28.3738735,7327.83641,12.921,0.005
OGLE-LMC-CEP-0068,28.3738735,7339.74650,12.471,0.005
OGLE-LMC-CEP-0068,28.3738735,7345.70459,12.548,0.005
OGLE-LMC-CEP-0068,28.3738735,7354.78181,12.878,0.005
OGLE-LMC-CEP-0068,28.3738735,7361.80411,13.184,0.005
OGLE-LMC-CEP-0068,28.3738735,7366.67638,12.447,0.005
OGLE-LMC-CEP-0068,28.3738735,7373.82984,12.546,0.005
OGLE-LMC-CEP-0068,28.3738735,7377.80236,12.650,0.005
OGLE-LMC-CEP-0068,28.3738735,7382.70021,12.861,0.005
OGLE-LMC-CEP-0068,28.3738735,7385.71400,12.959,0.005
OGLE-LMC-CEP-0068,28.3738735,7390.73515,13.177,0.005
OGLE-LMC-CEP-0068,28.3738735,7399.74041,12.522,0.005
OGLE-LMC-CEP-0068,28.3738735,7404.72997,12.608,0.005
OGLE-LMC-CEP-0068,28.3738735,7408.70311,12.756,0.005
OGLE-LMC-CEP-0068,28.3738735,7410.70448,12.839,0.005
OGLE-LMC-CEP-0068,28.3738735,7413.66724,12.936,0.005
OGLE-LMC-CEP-0068,28.3738735,7416.67409,13.096,0.005
OGLE-LMC-CEP-0068,28.3738735,7424.61651,12.465,0.005
OGLE-LMC-CEP-0068,28.3738735,7427.65201,12.575,0.005
OGLE-LMC-CEP-0068,28.3738735,7431.64070,12.686,0.005
OGLE-LMC-CEP-0068,28.3738735,7435.63511,12.705,0.005
OGLE-LMC-CEP-0068,28.3738735,7439.64165,12.881,0.005
OGLE-LMC-CEP-0068,28.3738735,7443.61098,13.012,0.005
OGLE-LMC-CEP-0068,28.3738735,7449.61902,13.098,0.005
OGLE-LMC-CEP-0068,28.3738735,7453.59385,12.480,0.005
OGLE-LMC-CEP-0068,28.3738735,7462.60838,12.653,0.005
OGLE-LMC-CEP-0068,28.3738735,7466.55606,12.808,0.005
OGLE-LMC-CEP-0068,28.3738735,7472.56287,13.032,0.005
OGLE-LMC-CEP-0068,28.3738735,7476.51855,13.209,0.005
OGLE-LMC-CEP-0068,28.3738735,7488.47239,12.570,0.005
OGLE-LMC-CEP-0068,28.3738735,7499.49560,12.962,0.005
OGLE-LMC-CEP-0068,28.3738735,7507.46155,12.718,0.005
