gal,P,I,V
LMC,3.1181490,15.691,16.420
LMC,5.6119491,14.651,15.425
LMC,2.6601839,15.474,16.075
LMC,3.6772904,15.237,15.899
LMC,4.0478369,15.181,15.994
LMC,5.4579579,14.709,15.494
LMC,1.7018187,16.315,17.081
LMC,3.7334902,15.338,16.131
LMC,2.5706724,15.497,16.094
LMC,3.5229124,15.037,15.641
LMC,1.2629537,16.617,17.258
LMC,7.1807603,14.386,15.216
LMC,11.2552749,13.751,14.673
LMC,6.9435423,14.376,15.154
LMC,3.0669100,15.512,16.294
LMC,3.1477882,15.395,16.059
LMC,5.1651068,14.670,15.413
LMC,2.9106644,15.530,16.253
LMC,2.5770257,15.667,16.360
LMC,4.0357552,14.925,15.522
LMC,1.8669280,16.146,16.834
LMC,8.8436041,13.948,14.745
LMC,5.5482140,14.465,15.157
LMC,3.8491608,15.316,16.192
LMC,7.8454429,14.195,15.021
LMC,2.6338747,15.685,16.412
LMC,2.8620681,15.452,16.098
LMC,3.6670371,15.355,16.256
LMC,10.3067803,13.886,14.799
LMC,4.3155685,14.977,15.730
LMC,4.3903931,15.011,15.815
LMC,3.4064849,15.417,16.199
LMC,3.2291389,15.295,15.987
LMC,3.4854335,15.327,16.111
LMC,28.3738735,12.748,13.584
LMC,13.7462846,13.754,14.766
LMC,2.3366463,15.565,16.253
LMC,3.4187485,15.342,16.121
LMC,5.1478925,15.033,15.904
LMC,7.3826504,14.316,15.172
LMC,22.5437817,13.103,14.132
LMC,3.5902086,15.213,15.955
LMC,4.6938588,15.194,15.991
LMC,4.0004649,15.132,15.867
LMC,3.5989553,15.349,16.123
LMC,2.7749337,15.476,16.159
LMC,3.2094086,15.455,16.198
LMC,8.1924377,14.692,15.778
LMC,7.1572780,13.988,14.675
LMC,3.1095464,15.434,16.175
LMC,4.7407405,14.944,15.718
LMC,3.2675038,15.439,16.222
LMC,8.7388601,13.947,14.761
LMC,3.7476000,15.250,15.989
LMC,2.8533700,15.823,16.657
LMC,1.6128624,16.284,16.970
LMC,10.3719990,13.792,14.592
LMC,3.4150618,15.353,16.116
LMC,1.2929953,16.652,17.285
LMC,6.8885387,14.904,15.940
LMC,7.6992572,14.375,15.296
LMC,3.8457511,15.246,16.021
LMC,2.8694980,15.661,16.470
LMC,2.3754308,15.946,16.738
LMC,9.7736415,14.142,15.039
LMC,2.4202552,15.722,16.413
LMC,3.7719620,15.330,16.167
LMC,3.0792302,15.696,16.534
LMC,9.3645147,14.162,15.133
LMC,4.1646485,15.217,16.003
LMC,9.8496665,13.852,14.622
LMC,7.2298325,14.545,15.492
LMC,5.4639151,14.727,15.532
LMC,3.2013176,14.756,15.774
LMC,2.1149438,15.730,16.329
LMC,5.0243717,14.735,15.445
LMC,3.4413496,15.144,15.797
LMC,2.7808997,15.690,16.476
LMC,3.2277115,15.491,16.294
LMC,3.1462898,15.361,16.062
LMC,12.5108516,13.568,14.452
LMC,1.7544103,16.253,17.009
LMC,5.7768046,14.774,15.677
LMC,3.9895888,15.417,16.288
LMC,3.4122045,15.439,16.231
LMC,2.5161247,15.846,16.669
LMC,3.0727919,15.591,16.407
LMC,15.8633946,13.666,14.739
LMC,3.0040744,15.453,16.161
LMC,2.7567083,15.608,16.356
LMC,4.2764188,15.031,15.844
LMC,2.6151686,15.731,16.511
LMC,1.0372144,16.892,17.598
LMC,3.7039359,15.209,15.961
LMC,5.3792477,15.138,16.152
LMC,1.6484262,16.318,17.024
LMC,5.9198864,14.765,15.684
LMC,3.3540102,15.327,16.034
LMC,3.1455578,15.473,16.230
LMC,2.2983774,15.931,16.683
LMC,2.6181371,15.679,16.400
LMC,2.0349701,15.928,16.604
LMC,4.2997888,15.134,15.949
LMC,2.5705997,15.689,16.450
LMC,3.2728111,15.303,15.985
LMC,3.1227846,15.451,16.193
LMC,4.7872336,14.898,15.773
LMC,2.0977485,15.792,16.431
LMC,12.3265060,13.914,14.854
LMC,1.6504667,16.297,16.873
LMC,2.4240208,15.850,16.578
LMC,2.5452257,15.987,16.817
LMC,3.3986626,15.351,16.080
LMC,3.0408565,15.708,16.494
LMC,2.6968757,15.623,16.335
LMC,8.2392025,14.292,15.150
LMC,3.7796319,14.455,15.492
LMC,4.4325622,14.844,15.572
LMC,2.6092305,15.597,16.313
LMC,3.7970782,14.408,15.291
LMC,4.5634595,15.201,16.044
LMC,3.6908117,15.184,15.926
LMC,4.7622517,15.143,15.983
LMC,3.2965051,15.640,16.526
LMC,3.2226656,15.330,16.026
LMC,2.5057914,15.863,16.524
LMC,4.7507992,14.953,15.678
LMC,4.3331413,14.720,15.323
LMC,20.0861576,13.099,13.950
LMC,6.1802501,14.432,15.188
LMC,2.0829793,15.867,16.584
LMC,2.7873584,15.669,16.351
LMC,3.2516293,15.284,15.930
LMC,6.2296897,14.705,15.392
LMC,5.0254976,14.745,15.520
LMC,2.8503690,15.521,16.231
LMC,3.8193141,15.142,15.938
LMC,3.2791229,15.672,16.538
LMC,2.7908309,15.745,16.560
LMC,3.8194537,15.115,15.790
LMC,3.6017995,15.156,15.746
LMC,2.9518565,15.441,16.160
LMC,3.1183773,15.414,16.131
LMC,4.5257248,14.891,15.606
LMC,3.0778447,15.572,16.365
LMC,3.2616772,15.390,16.137
LMC,2.5917022,16.154,17.075
LMC,2.8230771,15.783,16.592
LMC,2.3073483,15.900,16.703
LMC,3.1335144,15.065,15.943
LMC,1.4626671,16.441,17.126
LMC,4.2442406,14.948,15.723
LMC,3.7621000,15.294,16.086
LMC,7.3989600,14.104,14.830
LMC,3.1478085,15.415,16.216
LMC,2.7857060,15.565,16.315
LMC,3.6867496,15.319,16.135
LMC,3.4613222,15.277,16.036
LMC,3.3461852,15.531,16.354
LMC,1.5268645,16.735,17.506
LMC,3.6523152,15.355,16.141
LMC,6.8868598,14.342,15.173
LMC,6.7758303,14.673,15.512
LMC,3.0979811,15.560,16.353
LMC,3.7351840,15.114,15.865
LMC,3.1174674,15.615,16.418
LMC,2.5917080,15.564,16.303
LMC,3.2957906,15.446,16.225
LMC,2.3834772,15.682,16.296
LMC,3.1905892,16.056,17.112
LMC,3.1928315,15.495,16.299
LMC,34.4486189,12.088,13.124
LMC,3.9275402,15.091,15.797
LMC,6.8705819,14.491,15.452
LMC,4.2960383,14.684,15.483
LMC,5.5496704,14.762,15.613
LMC,2.8707566,15.626,16.332
LMC,2.8804884,15.746,16.575
LMC,2.6688213,16.180,17.168
LMC,3.0464436,15.871,16.879
LMC,3.0398829,15.939,16.878
LMC,2.8744721,15.936,16.861
LMC,3.5008894,15.734,16.694
LMC,3.5263615,15.222,15.999
LMC,3.5672274,15.161,15.817
LMC,2.2412003,15.804,16.484
LMC,12.6841678,13.694,14.598
LMC,4.3808522,15.137,15.908
LMC,6.5464426,14.530,15.326
LMC,22.0859031,13.394,14.390
LMC,2.9203009,15.512,16.238
LMC,3.0249176,15.452,16.187
LMC,2.3302673,15.808,16.534
LMC,1.1606889,16.663,17.319
LMC,3.3379760,15.340,16.115
LMC,2.6798360,15.849,16.680
LMC,2.8812637,15.399,16.084
LMC,6.2469862,14.236,14.858
LMC,2.6397133,15.618,16.345
LMC,7.0875846,14.701,15.683
LMC,2.7961718,15.678,16.483
LMC,3.1855650,15.414,16.146
LMC,4.2734621,15.788,16.468
LMC,2.7695268,15.670,16.434
LMC,3.4359812,15.185,15.858
LMC,5.8130126,14.786,15.711
LMC,7.2368169,14.357,15.200
LMC,4.2990472,14.991,15.770
LMC,4.1345991,15.096,15.816
LMC,2.5309594,15.678,16.364
LMC,5.3207041,14.874,15.700
LMC,3.7839432,15.119,15.809
LMC,3.5083778,15.241,15.984
LMC,3.0256907,15.583,16.401
LMC,2.6294452,15.497,16.129
LMC,2.6307899,15.833,16.613
LMC,1.7772986,15.990,16.667
LMC,4.0503199,15.207,15.957
LMC,3.6055926,15.110,15.850
LMC,3.2717098,15.534,16.325
LMC,1.9628210,15.978,16.657
LMC,2.8663217,15.456,16.127
LMC,2.8878725,15.710,16.504
LMC,2.4446087,15.697,16.470
LMC,2.6509563,15.755,16.525
LMC,4.5160546,14.934,15.692
LMC,2.9476473,15.443,16.156
LMC,3.2134335,15.391,16.135
LMC,3.5683067,15.254,16.002
LMC,2.2623436,15.938,16.684
LMC,4.3273056,14.915,15.611
LMC,3.3829479,15.418,16.341
LMC,5.4059402,14.764,15.587
LMC,2.3645000,15.589,16.195
LMC,3.0598089,15.424,16.139
LMC,3.8439281,15.502,16.413
LMC,3.7522471,15.149,15.962
LMC,3.1534294,15.388,16.148
LMC,7.0590147,14.338,15.287
LMC,3.3406376,15.321,16.074
LMC,3.0000362,15.760,16.620
LMC,22.7195429,12.775,13.704
LMC,2.6335228,15.590,16.335
LMC,2.9503705,15.441,16.181
LMC,2.7641211,15.471,16.160
LMC,3.9145324,14.960,15.627
LMC,4.0349945,15.779,16.865
LMC,1.5708060,16.224,16.909
LMC,7.4659114,14.661,15.655
LMC,4.4161858,14.902,15.641
LMC,3.0692856,15.403,16.156
LMC,3.1093028,15.469,16.221
LMC,3.6470059,15.608,16.535
LMC,1.7809169,16.214,16.870
LMC,3.9792303,14.489,15.342
LMC,5.2393865,14.600,15.304
LMC,2.7270208,16.013,16.973
LMC,3.6299845,15.154,15.914
LMC,13.9793586,13.889,14.255
LMC,5.2705614,14.882,15.766
LMC,14.3929624,13.792,14.838
LMC,4.1703244,15.024,15.771
LMC,3.0246544,15.528,16.319
LMC,2.7781143,15.459,16.129
LMC,3.5036453,15.458,16.276
LMC,5.2647675,14.556,15.127
LMC,3.2485681,15.589,16.550
LMC,1.6798514,16.463,17.226
LMC,8.3735403,14.032,14.781
LMC,1.3973244,16.481,17.136
LMC,3.1440681,15.333,16.074
LMC,3.1226768,15.448,16.189
LMC,2.8560230,15.777,16.603
LMC,2.3911710,15.680,16.358
LMC,3.0115182,15.458,16.166
LMC,18.5303986,13.106,14.002
LMC,3.4548743,15.320,16.064
LMC,3.7501092,15.069,15.841
LMC,3.2451771,15.365,16.078
LMC,5.2297002,14.646,15.355
LMC,3.1634285,15.367,16.096
LMC,3.3731829,15.405,16.219
LMC,15.2162349,13.248,14.024
LMC,4.6923291,14.949,15.766
LMC,3.0307324,15.549,16.359
LMC,6.5776561,14.506,15.369
LMC,3.6476146,15.545,16.292
LMC,11.6704376,13.547,14.251
LMC,3.5559825,15.202,15.941
LMC,2.5500903,15.436,15.951
LMC,3.0758274,15.254,15.862
LMC,3.0798485,14.878,15.658
LMC,2.6747568,15.475,16.132
LMC,3.0313656,15.409,16.143
LMC,5.0723302,14.622,15.354
LMC,3.7750281,15.117,15.821
LMC,3.4508540,15.352,16.158
LMC,5.7250383,13.841,14.671
LMC,3.2002211,15.261,15.935
LMC,4.5931648,14.965,15.739
LMC,3.2694839,15.192,15.852
LMC,4.1528425,14.908,15.610
LMC,2.0690664,16.120,16.835
LMC,6.7331951,14.382,15.227
LMC,3.8810792,15.319,16.121
LMC,3.0528245,15.420,16.136
LMC,2.9448261,15.476,16.214
LMC,5.4310007,14.625,15.340
LMC,3.2138057,15.590,16.433
LMC,2.7925342,15.487,15.967
LMC,3.4163494,15.434,16.213
LMC,2.7690087,15.497,16.159
LMC,3.0757934,15.299,16.001
LMC,2.8880891,15.497,16.194
LMC,3.1403290,15.281,15.925
LMC,4.3496058,15.180,16.001
LMC,5.0997826,14.812,15.583
LMC,2.6409294,15.574,16.285
LMC,3.7503413,15.135,15.870
LMC,2.1896902,15.915,16.613
LMC,2.3352787,15.553,16.076
LMC,3.5104307,15.289,16.021
LMC,3.5876512,15.277,16.026
LMC,3.7192218,15.260,16.025
LMC,5.3299597,14.766,15.592
LMC,2.6068477,15.579,16.277
LMC,2.8932375,15.297,15.974
LMC,2.4740533,15.720,16.415
LMC,3.1851010,15.409,16.108
LMC,3.4291542,15.659,16.575
LMC,5.0266364,14.724,15.448
LMC,13.6262059,13.696,14.641
LMC,2.6937719,15.447,16.124
LMC,12.9872171,13.916,14.875
LMC,2.7990855,15.612,16.311
LMC,5.4154688,14.425,15.065
LMC,2.9583828,15.517,16.256
LMC,3.9385188,15.091,15.820
LMC,7.8868832,14.199,15.022
LMC,5.0512107,14.426,14.988
LMC,3.2186477,15.369,16.104
LMC,4.9529880,14.669,15.336
LMC,3.8118686,15.241,16.033
LMC,4.4260703,15.035,15.753
LMC,14.6774663,13.414,14.321
LMC,3.1819726,15.154,15.736
LMC,2.0722170,15.984,16.628
LMC,3.3623017,15.274,15.999
LMC,3.0832156,15.230,15.839
LMC,10.4844167,14.035,14.912
LMC,7.3856880,14.242,15.102
LMC,4.5803436,15.005,15.794
LMC,4.9105328,14.921,15.688
LMC,4.9442978,15.060,15.923
LMC,2.9226421,15.370,16.023
LMC,10.4135860,13.703,14.482
LMC,3.1484464,15.424,16.180
LMC,3.1021213,15.403,16.111
LMC,20.7042681,12.742,13.621
LMC,4.2669286,15.035,15.790
LMC,2.8843772,15.790,16.662
LMC,12.1879430,13.909,14.842
LMC,2.2629301,15.919,16.626
LMC,3.3030219,15.398,16.080
LMC,3.0718148,15.408,16.125
LMC,2.9265817,15.970,16.923
LMC,4.3047344,14.969,15.726
LMC,3.8869891,15.219,15.991
LMC,14.4891502,13.286,14.120
LMC,3.0836573,15.320,15.975
LMC,3.2652819,15.301,16.041
LMC,2.8025673,15.492,16.192
LMC,3.4052531,15.242,15.968
LMC,3.5403594,15.248,15.975
LMC,2.7672920,15.664,16.430
LMC,2.8256452,15.439,16.116
LMC,10.7920443,13.577,14.337
LMC,2.6876256,15.577,16.285
LMC,12.1951606,13.665,14.527
LMC,9.4951568,12.986,13.981
LMC,3.0805913,15.433,16.172
LMC,2.4590670,15.583,16.236
LMC,3.3314642,15.345,16.152
LMC,2.7055301,15.653,16.388
LMC,4.9932516,14.877,15.697
LMC,2.5747806,15.468,16.071
LMC,3.8328155,14.960,15.639
LMC,2.4889151,15.712,16.423
LMC,2.3966372,15.609,16.250
LMC,2.9660878,15.239,15.897
LMC,10.8544869,13.774,14.618
LMC,3.0735201,15.367,16.069
LMC,4.1848073,15.041,15.820
LMC,6.8936930,14.066,14.758
LMC,2.9980396,15.315,15.991
LMC,3.0904076,15.350,16.064
LMC,2.5607731,15.510,16.167
LMC,3.8269461,14.993,15.699
LMC,3.3859318,15.358,16.104
LMC,3.5669171,15.273,16.016
LMC,17.5211314,13.198,14.130
LMC,3.0045399,15.368,16.033
LMC,1.4924763,16.349,17.026
LMC,2.8083693,15.516,16.193
LMC,2.6433575,15.547,16.227
LMC,2.8117761,15.322,15.956
LMC,2.7766889,15.503,16.206
LMC,12.6366560,13.637,14.456
LMC,21.2644027,12.875,13.770
LMC,2.9125075,15.488,16.144
LMC,3.2985142,15.422,16.138
LMC,5.9177725,14.557,15.291
LMC,2.9476635,15.584,16.346
LMC,4.1561475,15.106,15.897
LMC,12.1949197,13.725,14.608
LMC,3.4493459,15.270,16.026
LMC,2.7122072,15.503,16.180
LMC,22.3144553,12.963,14.033
LMC,16.8367430,13.628,14.428
LMC,2.5325184,15.682,16.442
LMC,2.9925818,15.459,16.218
LMC,4.3631839,14.871,15.589
LMC,7.8448077,14.134,14.961
LMC,1.1530190,16.648,17.273
LMC,2.5567541,15.589,16.280
LMC,1.5807125,16.379,17.056
LMC,4.3385915,14.980,15.730
LMC,9.7128106,13.869,14.683
LMC,7.4908006,14.442,15.284
LMC,3.0030225,15.487,16.218
LMC,4.5628388,14.491,15.238
LMC,5.7773109,13.934,14.618
LMC,3.8684366,15.021,15.721
LMC,2.7146787,15.519,16.200
LMC,5.1455353,14.604,15.283
LMC,8.3619563,14.505,15.506
LMC,17.2130846,13.065,13.928
LMC,4.4187571,14.914,15.661
LMC,9.0511187,14.017,14.887
LMC,20.6389446,13.337,14.303
LMC,15.9879745,13.373,14.229
LMC,4.4134927,14.857,15.568
LMC,2.6819994,15.599,16.317
LMC,4.3348605,14.907,15.598
LMC,3.0273859,16.033,17.062
LMC,9.0486011,13.920,14.726
LMC,3.2111949,15.345,16.109
LMC,3.0721165,15.411,16.093
LMC,1.8308096,16.196,16.878
LMC,3.0408858,15.271,16.152
LMC,3.2755781,15.527,16.365
LMC,3.4495328,15.153,15.875
LMC,4.0508401,14.981,15.659
LMC,9.1080554,14.298,15.201
LMC,4.4669459,15.004,15.782
LMC,3.7833306,14.901,15.552
LMC,9.7227311,13.903,14.712
LMC,4.7893376,14.854,15.630
LMC,7.7074653,14.055,14.800
LMC,2.7538393,15.947,16.822
LMC,4.3807278,14.904,15.632
LMC,9.3692912,14.005,14.815
LMC,3.1682644,14.850,15.643
LMC,2.4156280,15.624,16.280
LMC,3.4383827,15.235,15.942
LMC,3.5101387,15.239,15.994
LMC,2.6352843,15.786,16.551
LMC,3.3926204,15.271,15.967
LMC,2.4829627,15.566,16.179
LMC,7.3958633,14.165,14.976
LMC,4.8656843,14.755,15.453
LMC,8.6225591,14.125,14.912
LMC,12.0640810,13.384,14.173
LMC,4.6759899,14.899,15.647
LMC,9.0634559,13.991,14.829
LMC,3.4276423,15.800,16.799
LMC,5.8134387,14.373,15.033
LMC,2.8948549,15.326,15.963
LMC,5.0658841,14.768,15.541
LMC,21.1161935,12.898,13.904
LMC,8.3342619,14.159,14.972
LMC,3.5089747,15.212,15.918
LMC,2.8617413,15.501,16.216
LMC,4.4417973,15.242,16.094
LMC,1.7272409,16.171,16.801
LMC,12.9166525,13.597,14.425
LMC,3.1134066,15.314,15.980
LMC,3.1232266,15.355,16.053
LMC,2.7910137,15.479,16.153
LMC,2.8084617,15.544,16.268
LMC,2.9312963,15.414,16.144
LMC,3.7113206,15.143,15.858
LMC,3.9273216,14.995,15.228
LMC,8.7134101,13.884,14.685
LMC,2.7935621,15.384,16.002
LMC,2.8733716,15.591,16.369
LMC,12.7210343,13.703,14.620
LMC,17.4598258,13.327,14.263
LMC,4.8125991,14.878,15.621
LMC,4.5089543,15.066,15.845
LMC,10.4648836,12.885,14.080
LMC,3.1933764,15.233,15.936
LMC,12.6238956,13.671,14.574
LMC,3.1649406,15.354,16.098
LMC,4.0329777,15.200,16.020
LMC,10.5201820,13.836,14.765
LMC,4.3827751,15.527,16.555
LMC,2.6900341,15.493,16.162
LMC,3.8150554,15.069,15.800
LMC,3.4408193,15.241,15.920
LMC,4.2402423,15.065,15.827
LMC,4.5081970,14.867,15.623
LMC,2.1676139,15.971,16.698
LMC,14.4670756,13.489,14.381
LMC,3.5159605,15.421,16.202
LMC,4.0033994,15.048,15.825
LMC,3.7448073,15.198,15.937
LMC,3.2665699,15.432,16.175
LMC,4.9073887,14.838,15.640
LMC,4.8034286,14.913,15.610
LMC,4.2042228,15.019,15.749
LMC,5.1908620,14.779,15.577
LMC,3.7565125,15.166,15.897
LMC,2.3576054,15.497,16.087
LMC,4.6703752,14.877,15.617
LMC,4.0986833,15.201,16.052
LMC,2.7256874,15.508,16.173
LMC,5.6378331,14.808,15.629
LMC,2.9547658,15.390,16.028
LMC,18.4694513,13.324,14.309
LMC,2.6948392,15.453,16.071
LMC,3.9932001,15.123,15.887
LMC,4.7436251,14.854,15.602
LMC,3.5910886,15.276,15.985
LMC,3.0988610,15.486,16.249
LMC,4.3163216,14.930,15.710
LMC,2.3831176,15.696,16.343
LMC,4.4606658,14.959,15.769
LMC,5.0740154,14.734,15.490
LMC,2.5980533,15.707,16.415
LMC,2.7886917,15.536,16.224
LMC,3.3813158,15.389,16.164
LMC,2.6663357,15.675,16.396
LMC,5.1700833,14.483,15.190
LMC,2.7101144,15.648,16.378
LMC,4.2818550,15.063,15.871
LMC,4.6542712,14.496,15.326
LMC,8.5594791,13.930,14.710
LMC,4.2106348,15.005,15.890
LMC,18.6607062,13.056,14.016
LMC,4.1999929,14.964,15.293
LMC,8.8996793,13.913,14.667
LMC,3.9682177,15.067,15.802
LMC,17.2020785,13.463,14.319
LMC,3.5857249,15.287,16.081
LMC,3.1094760,15.488,16.259
LMC,3.5869112,15.291,16.084
LMC,7.0104011,14.309,15.122
LMC,4.3688532,14.767,15.480
LMC,13.6298535,13.380,14.207
LMC,3.1336523,15.542,16.325
LMC,3.0378688,15.470,16.224
LMC,11.8606009,13.615,14.413
LMC,4.9342752,14.965,15.780
LMC,7.9260990,13.935,14.701
LMC,4.1407602,14.884,15.602
LMC,9.6718702,13.938,14.790
LMC,3.7793335,15.100,15.887
LMC,11.9045706,13.714,14.605
LMC,4.6912197,14.938,15.684
LMC,4.4572723,14.979,15.751
LMC,4.4516036,15.021,15.821
LMC,6.8625537,14.272,15.035
LMC,5.8299795,14.786,15.520
LMC,2.7574665,15.609,16.375
LMC,3.0438813,15.280,15.953
LMC,2.7737319,15.559,16.286
LMC,5.7915228,14.620,15.371
LMC,4.4301196,14.954,15.712
LMC,3.6554548,15.820,16.850
LMC,3.3413160,15.185,15.863
LMC,2.7138617,15.506,16.223
LMC,2.5244309,15.697,16.448
LMC,3.5187754,15.219,15.962
LMC,2.9702623,15.503,16.249
LMC,3.0748364,15.422,16.184
LMC,13.9082639,13.488,14.382
LMC,3.9940396,15.066,15.849
LMC,2.8451756,15.983,17.002
LMC,3.6753077,15.171,15.925
LMC,4.8256500,14.689,15.398
LMC,1.4136063,16.312,17.006
LMC,7.2240931,14.299,15.080
LMC,15.1269819,13.402,14.285
LMC,1.9868424,15.857,16.526
LMC,14.2127360,13.620,14.570
LMC,5.3921003,15.108,16.120
LMC,1.7991903,16.103,16.799
LMC,3.1291216,15.308,16.007
LMC,4.2788571,14.885,15.589
LMC,4.9561718,14.969,15.756
LMC,3.2295035,15.418,16.168
LMC,3.2621375,15.316,16.051
LMC,2.5276939,15.609,16.279
LMC,6.6769991,14.495,15.321
LMC,2.5689999,15.790,16.567
LMC,3.5059978,15.255,16.007
LMC,2.8340750,15.410,16.068
LMC,3.6524990,15.060,15.760
LMC,1.8294458,16.009,16.644
LMC,8.7718152,13.878,14.617
LMC,3.6224623,15.170,15.883
LMC,2.9440766,15.179,15.870
LMC,1.9374369,16.179,16.889
LMC,2.9973157,15.312,15.955
LMC,3.9655648,14.898,15.546
LMC,6.5620363,14.499,15.335
LMC,1.7945808,16.093,16.709
LMC,3.2570397,15.450,16.231
LMC,8.2100236,13.919,14.653
LMC,9.3038194,14.002,14.897
LMC,10.3480547,13.827,14.736
LMC,2.8470821,16.182,17.232
LMC,3.9958386,15.149,15.918
LMC,4.1121143,15.106,15.854
LMC,2.6544476,15.527,16.150
LMC,5.1097803,14.695,15.411
LMC,3.0336857,15.576,16.387
LMC,6.8786383,14.171,14.959
LMC,3.2234050,15.402,16.155
LMC,9.9934543,13.740,14.579
LMC,3.4874475,15.214,15.931
LMC,4.9110059,14.729,15.450
LMC,3.1976398,15.361,16.087
LMC,9.3045717,13.985,14.856
LMC,7.3696204,14.348,15.156
LMC,9.1333626,14.091,15.055
LMC,3.1449442,15.390,16.157
LMC,2.7447695,15.440,16.069
LMC,4.3035478,14.954,15.716
LMC,2.7073891,15.376,16.035
LMC,3.5451378,15.303,16.055
LMC,3.5723888,15.191,15.900
LMC,5.0711644,14.648,15.341
LMC,2.7792712,15.513,16.291
LMC,1.9873067,16.415,17.264
LMC,3.8288489,14.907,15.578
LMC,4.0082980,15.122,15.918
LMC,2.9151385,15.447,16.129
LMC,3.3598096,15.214,15.923
LMC,5.1915802,15.050,15.959
LMC,2.9164016,15.493,16.244
LMC,1.8246696,16.139,16.840
LMC,2.3329802,15.613,16.242
LMC,1.8580707,16.138,16.818
LMC,3.7269185,15.196,15.956
LMC,4.9080089,14.569,15.249
LMC,2.9082086,15.646,16.373
LMC,3.7134825,15.186,15.956
LMC,5.1488825,14.812,15.665
LMC,6.8326308,14.289,15.030
LMC,3.4171225,15.262,15.997
LMC,3.8366410,15.190,15.999
LMC,3.8803896,15.194,15.977
LMC,3.8010355,14.930,15.525
LMC,2.5533571,15.667,16.330
LMC,4.0956124,15.098,15.885
LMC,3.6162265,15.235,15.954
LMC,6.9238470,14.347,15.121
LMC,3.3680284,15.256,15.959
LMC,2.3111134,15.883,16.586
LMC,3.3382389,15.370,16.125
LMC,4.1536379,15.004,15.754
LMC,3.1765064,15.360,16.119
LMC,3.6358325,15.171,15.912
LMC,5.3960326,14.686,15.499
LMC,1.8764748,16.048,16.621
LMC,7.0693840,14.166,14.853
LMC,7.8824233,14.159,14.996
LMC,5.4286892,14.484,15.165
LMC,3.1833133,15.419,16.146
LMC,3.8225185,15.170,15.915
LMC,2.9052962,15.539,16.293
LMC,3.4462712,15.195,15.923
LMC,3.5174970,15.055,15.723
LMC,7.9782640,14.162,14.974
LMC,3.9182635,15.075,15.802
LMC,3.5497931,15.341,16.101
LMC,3.2184274,15.515,16.130
LMC,4.0746580,14.350,15.169
LMC,3.9292870,15.035,15.779
LMC,4.4437028,15.017,15.896
LMC,4.6224898,14.945,15.719
LMC,6.8902721,14.470,15.308
LMC,2.9893294,15.433,16.180
LMC,4.4352393,14.979,15.729
LMC,2.9195004,15.546,16.309
LMC,3.2052023,15.369,16.098
LMC,2.9075092,15.505,16.249
LMC,3.5399364,15.261,16.013
LMC,2.9827365,15.141,15.634
LMC,7.2903312,14.186,14.926
LMC,11.0906525,13.796,14.679
LMC,6.3242527,14.707,15.597
LMC,2.2950155,15.728,16.404
LMC,4.2868657,14.947,15.691
LMC,3.4468853,15.275,15.998
LMC,4.5445799,14.825,15.556
LMC,3.2421601,15.241,15.939
LMC,3.0295648,15.559,16.327
LMC,6.4519934,14.407,15.204
LMC,4.1548211,15.139,15.949
LMC,2.4818778,15.609,16.285
LMC,7.9065496,14.347,15.181
LMC,3.0282369,15.308,15.951
LMC,3.1960821,15.368,16.121
LMC,4.8102417,14.746,15.476
LMC,8.6729645,13.973,14.786
LMC,2.8956892,15.536,16.250
LMC,3.1730088,15.420,16.176
LMC,3.0942019,15.359,16.028
LMC,1.3080842,16.867,17.465
LMC,6.7758596,14.680,15.566
LMC,6.1650894,14.359,15.125
LMC,3.4859027,15.182,15.895
LMC,10.2549083,13.860,14.691
LMC,3.4779414,15.194,15.834
LMC,2.8179529,15.478,16.167
LMC,3.9403460,15.224,16.011
LMC,3.0883013,15.271,15.904
LMC,7.6799164,14.295,15.189
LMC,6.5532358,14.587,15.320
LMC,4.0449903,15.207,16.050
LMC,4.3057241,15.093,15.878
LMC,2.9592248,15.356,16.020
LMC,4.7178424,14.937,15.752
LMC,9.2011379,14.011,14.813
LMC,7.5282350,14.192,15.015
LMC,3.9766501,15.061,15.774
LMC,6.1536318,14.636,15.507
LMC,3.6069814,15.449,16.296
LMC,3.5696539,15.239,16.002
LMC,2.8874219,15.772,16.611
LMC,3.0252704,15.524,16.296
LMC,2.9038159,15.607,16.369
LMC,4.7935394,14.670,15.421
LMC,2.9797223,15.332,16.020
LMC,8.1699527,13.910,14.619
LMC,3.0779832,15.226,15.884
LMC,5.3830796,14.410,15.052
LMC,3.4201100,15.214,15.891
LMC,2.7873784,15.550,16.284
LMC,3.2890644,15.407,16.176
LMC,5.5757459,14.533,15.278
LMC,3.3402465,15.344,16.086
LMC,3.3658378,15.689,16.600
LMC,2.0498244,15.722,16.345
LMC,1.3088139,16.354,17.004
LMC,3.1237804,15.366,16.077
LMC,4.1055133,15.000,15.704
LMC,8.4608918,13.950,14.667
LMC,3.0459285,15.439,16.151
LMC,3.2864518,15.227,15.940
LMC,4.8133181,14.842,15.602
LMC,3.5656954,15.238,15.967
LMC,1.5715907,16.247,16.896
LMC,5.1750901,14.699,15.392
LMC,2.4850791,15.808,16.498
LMC,6.7348975,14.309,15.074
LMC,3.7906172,15.263,16.035
LMC,2.8318384,15.547,16.291
LMC,7.2386399,14.571,15.487
LMC,10.9173500,13.510,14.567
LMC,13.5133053,13.504,14.515
LMC,4.3781700,14.971,15.784
LMC,3.4819510,15.590,16.460
LMC,2.9803204,15.578,16.345
LMC,3.2677552,15.349,16.110
LMC,3.7655891,15.547,16.466
LMC,6.4570247,14.517,15.359
LMC,3.4188343,15.324,16.055
LMC,2.9604233,15.327,15.971
LMC,3.6468701,15.180,15.844
LMC,4.2055710,14.868,15.560
LMC,1.9840166,16.075,16.792
LMC,3.7241781,15.156,15.870
LMC,3.7879706,15.234,15.976
LMC,2.9388232,15.868,16.718
LMC,2.6496866,15.647,16.329
LMC,2.7281212,15.644,16.363
LMC,5.5074280,14.425,15.204
LMC,3.4974144,15.154,15.862
LMC,2.3242563,15.764,16.469
LMC,13.2841871,13.405,14.151
LMC,5.5829486,14.616,15.421
LMC,5.5723733,14.627,15.369
LMC,5.1005481,14.663,15.380
LMC,2.3947355,14.403,16.787
LMC,3.2993915,15.491,16.272
LMC,21.6063407,12.945,13.972
LMC,4.5097037,15.324,16.234
LMC,3.5448996,15.297,16.055
LMC,5.1029989,14.661,15.402
LMC,1.2749171,16.606,17.282
LMC,2.3298807,15.724,16.411
LMC,5.6689567,14.622,15.383
LMC,3.1056140,15.460,16.167
LMC,2.9497564,15.478,16.181
LMC,3.5321145,15.345,16.052
LMC,2.6198512,15.485,16.204
LMC,3.0294570,15.731,16.689
LMC,11.2460411,13.984,14.882
LMC,4.7348178,14.907,15.708
LMC,3.9476407,15.459,16.390
LMC,4.7970433,14.639,15.240
LMC,3.1405025,15.280,15.949
LMC,15.5505082,13.766,14.819
LMC,3.4201975,15.277,16.084
LMC,3.3586134,15.149,15.787
LMC,2.8493965,15.435,16.061
LMC,4.9724274,14.995,15.841
LMC,3.9474250,15.141,15.892
LMC,4.1231100,14.953,15.701
LMC,28.1937531,12.938,14.061
LMC,4.9378132,14.913,15.716
LMC,6.4817581,14.399,15.145
LMC,3.1164294,15.850,16.811
LMC,3.8999003,15.140,15.874
LMC,13.9632471,13.192,14.081
LMC,7.0663633,14.265,14.991
LMC,2.7138833,15.486,16.123
LMC,3.2191319,15.616,16.488
LMC,8.6930768,13.939,14.702
LMC,5.2877353,14.778,15.580
LMC,3.2558470,15.303,15.993
LMC,2.9871934,15.387,16.086
LMC,3.1933570,15.451,16.254
LMC,3.5840389,15.199,15.919
LMC,2.6596924,15.707,16.493
LMC,6.3903656,14.236,14.953
LMC,3.8855977,15.113,15.808
LMC,4.1549615,15.083,15.892
LMC,4.2641227,15.193,16.009
LMC,3.3717724,15.335,16.102
LMC,2.6427154,15.606,16.338
LMC,23.5740471,13.083,13.920
LMC,6.4156151,14.242,14.970
LMC,4.4984225,14.969,15.765
LMC,5.4802706,15.049,16.058
LMC,2.8518989,15.703,16.496
LMC,3.3832500,15.600,16.517
LMC,3.0436628,15.256,15.872
LMC,3.0921529,15.576,16.384
LMC,2.9340236,15.806,16.705
LMC,3.0161306,15.483,16.220
LMC,2.6060537,15.916,16.771
LMC,1.2901368,16.865,17.470
LMC,2.8829401,15.572,16.316
LMC,2.9189550,14.688,15.546
LMC,4.0155563,15.184,15.911
LMC,4.9710827,15.460,16.568
LMC,10.4874185,14.840,16.302
LMC,3.1175519,15.352,16.071
LMC,2.9886541,15.367,16.040
LMC,6.3169510,14.454,15.321
LMC,3.2677975,15.353,16.102
LMC,3.0109929,15.687,16.528
LMC,4.6088631,14.953,15.739
LMC,3.0920173,15.466,16.262
LMC,2.9999295,15.492,16.228
LMC,2.8584473,16.229,17.426
LMC,3.9023604,15.093,15.842
LMC,5.6389261,14.580,15.308
LMC,2.8791727,15.620,16.373
LMC,3.2143347,15.340,16.040
LMC,3.2492231,15.393,16.167
LMC,6.6318622,14.266,15.005
LMC,3.7119495,15.200,15.976
LMC,3.6067432,15.220,16.014
LMC,2.5745739,15.578,16.297
LMC,2.7191163,15.647,16.389
LMC,5.7389461,14.680,15.543
LMC,3.8598659,15.143,15.778
LMC,3.1671213,15.274,15.890
LMC,4.5294034,15.006,15.789
LMC,3.2327085,15.402,16.124
LMC,3.0703834,15.424,16.128
LMC,2.9730955,15.563,16.304
LMC,3.3546289,15.690,16.589
LMC,2.8141852,15.160,15.616
LMC,3.2801747,15.341,16.134
LMC,3.5671015,15.099,15.793
LMC,2.9652719,15.334,15.986
LMC,2.5806364,15.596,16.310
LMC,4.6348664,14.970,15.754
LMC,4.8309888,14.842,15.636
LMC,2.4441998,15.674,16.358
LMC,3.8186955,15.048,15.756
LMC,2.6558273,15.667,16.332
LMC,7.3931436,14.271,15.087
LMC,10.6626314,14.026,14.924
LMC,5.5048695,14.676,15.416
LMC,2.9117106,15.413,16.091
LMC,4.1520071,15.127,15.908
LMC,2.3737077,16.050,16.874
LMC,1.7524732,16.140,16.865
LMC,2.6560629,15.698,16.395
LMC,3.6611835,15.043,15.736
LMC,2.8447115,15.333,16.001
LMC,5.6256550,14.818,15.773
LMC,4.3327434,14.927,15.769
LMC,2.7510892,15.511,16.175
LMC,2.6685103,15.411,15.980
LMC,4.6200044,14.898,15.643
LMC,3.3457595,15.197,15.899
LMC,5.0033372,14.658,15.377
LMC,3.0666839,15.175,15.784
LMC,6.0133752,14.524,15.363
LMC,6.9266463,14.441,15.169
LMC,7.3092662,14.384,15.244
LMC,5.0632724,14.759,15.552
LMC,1.3129039,16.235,16.647
LMC,2.7868299,15.506,16.242
LMC,4.0644827,15.123,15.928
LMC,2.6939773,15.538,16.238
LMC,3.3650647,15.255,16.009
LMC,4.6164115,14.888,15.650
LMC,3.4888682,15.113,15.807
LMC,2.9967881,15.460,16.159
LMC,3.3485542,15.340,16.094
LMC,2.5384853,15.651,16.484
LMC,3.0250292,15.412,16.174
LMC,5.7314217,14.380,15.054
LMC,19.1574001,13.197,14.120
LMC,7.2534542,14.360,15.250
LMC,4.6801302,14.646,15.306
LMC,4.9393195,14.720,15.499
LMC,5.4916363,14.702,15.498
LMC,4.4836177,14.832,15.603
LMC,3.2890605,15.411,16.105
LMC,2.0697882,15.787,16.434
LMC,3.5841181,15.128,15.834
LMC,3.3208358,15.396,16.195
LMC,3.4096849,15.279,16.054
LMC,3.7864685,15.415,16.299
LMC,3.8985262,14.928,15.567
LMC,2.0753422,15.988,16.699
LMC,4.8202997,14.768,15.570
LMC,13.1243689,13.769,14.752
LMC,3.2529968,15.412,16.170
LMC,7.1334089,14.259,15.058
LMC,6.0205780,14.467,15.171
LMC,3.0306898,15.402,16.096
LMC,6.3756509,14.547,15.382
LMC,3.0786236,15.448,16.176
LMC,2.3750173,15.653,16.358
LMC,4.0208255,15.054,15.857
LMC,3.6057798,15.206,15.884
LMC,8.5906394,14.034,14.870
LMC,2.2149352,16.999,18.268
LMC,2.9791768,15.390,16.041
LMC,5.6741265,14.594,15.437
LMC,5.4072541,14.578,15.376
LMC,4.0470553,15.123,15.781
LMC,2.9135655,15.386,16.054
LMC,3.3649665,15.260,16.028
LMC,5.2803465,14.797,15.643
LMC,3.7271879,15.213,15.995
LMC,3.4747985,15.207,15.955
LMC,6.4879947,14.546,15.448
LMC,3.9535152,14.924,15.611
LMC,2.8023098,15.479,16.183
LMC,6.6968023,14.423,15.245
LMC,4.0713783,14.847,15.553
LMC,2.5238287,15.729,16.448
LMC,2.9385782,15.508,16.287
LMC,3.7794216,14.993,15.728
LMC,9.5689385,14.080,14.961
LMC,4.8817794,15.041,15.955
LMC,5.0068529,14.910,15.774
LMC,6.6200623,14.491,15.389
LMC,2.8680865,15.366,16.062
LMC,5.9358965,14.440,15.201
LMC,1.8744945,16.083,16.718
LMC,5.9760761,14.665,15.581
LMC,5.2258729,14.587,15.356
LMC,5.8320369,14.695,15.472
LMC,1.1591452,16.573,17.233
LMC,2.9466373,15.198,15.866
LMC,9.3901678,14.079,14.895
LMC,6.4064782,14.442,15.284
LMC,4.0769487,15.059,15.806
LMC,6.0554175,14.591,15.441
LMC,9.3790453,15.034,16.483
LMC,6.8066629,14.580,15.521
LMC,7.1825200,14.152,14.948
LMC,5.5671262,15.032,16.128
LMC,7.6852769,14.838,16.022
LMC,3.4742003,15.223,15.962
LMC,3.9861805,14.949,15.678
LMC,6.6032229,14.785,15.757
LMC,6.7821803,14.235,15.030
LMC,12.9500482,13.723,14.667
LMC,8.8015455,14.280,15.252
LMC,6.8141341,14.383,14.799
LMC,3.6635247,15.543,16.470
LMC,3.4896326,15.287,16.013
LMC,6.3107727,14.496,15.369
LMC,4.6800318,14.974,15.729
LMC,3.0192416,15.511,16.251
LMC,12.3607958,13.796,14.735
LMC,1.6442105,16.049,16.691
LMC,7.2946329,14.287,15.116
LMC,5.6016126,14.607,15.401
LMC,2.0256069,16.272,17.039
LMC,5.0455848,14.604,15.281
LMC,5.2850125,14.592,15.346
LMC,4.0437168,14.980,15.711
LMC,3.0737884,15.437,16.166
LMC,3.1615620,15.433,16.172
LMC,3.0866896,15.286,15.951
LMC,4.1558659,14.891,15.574
LMC,4.6902177,14.925,15.674
LMC,4.1332857,14.937,15.631
LMC,3.1323301,15.429,16.177
LMC,5.9934001,14.624,15.452
LMC,7.5190000,14.184,14.931
LMC,7.4580576,14.123,14.913
LMC,3.9314509,15.040,15.717
LMC,2.7065429,15.579,16.312
LMC,6.3696093,14.151,14.841
LMC,4.9423815,14.585,15.297
LMC,7.1714405,14.325,15.178
LMC,28.1003147,12.631,13.603
LMC,4.1578843,15.046,15.817
LMC,5.8833728,14.355,15.050
LMC,16.2257613,13.001,13.782
LMC,4.4756663,14.915,15.657
LMC,8.0743421,14.034,14.776
LMC,13.8701546,13.498,14.456
LMC,3.1659747,15.149,15.793
LMC,4.4645464,14.649,15.271
LMC,3.5961221,15.272,16.045
LMC,1.5817341,16.111,16.747
LMC,2.7367031,15.461,16.165
LMC,7.0704972,14.234,14.988
LMC,7.3733214,14.336,15.153
LMC,8.7505784,13.999,14.780
LMC,2.4950177,15.739,16.483
LMC,7.4948900,13.933,14.633
LMC,7.3202118,14.095,14.834
LMC,3.7088201,15.225,16.039
LMC,3.4250310,15.367,16.102
LMC,15.8439636,13.194,14.069
LMC,2.7621304,15.503,16.213
LMC,2.8045385,15.470,16.153
LMC,4.2815754,14.966,15.739
LMC,3.0848163,15.541,16.321
LMC,3.7847714,14.999,15.762
LMC,7.4423938,14.092,14.788
LMC,2.5395641,15.772,16.529
LMC,3.4735991,15.173,15.872
LMC,4.1677638,14.862,15.562
LMC,3.1290352,15.358,16.053
LMC,3.4209091,15.245,15.998
LMC,2.7965080,15.400,16.066
LMC,2.9596106,15.157,15.863
LMC,7.2261702,14.178,14.926
LMC,3.4170090,15.367,16.170
LMC,2.7041153,15.420,16.052
LMC,5.0448304,14.700,15.489
LMC,7.5701264,14.260,15.105
LMC,5.9719790,14.027,15.038
LMC,4.0109047,15.210,15.989
LMC,6.8938299,14.252,14.954
LMC,5.8481724,14.641,15.451
LMC,3.5575425,14.995,15.686
LMC,12.2633646,13.647,14.500
LMC,4.7479997,15.248,16.112
LMC,5.2937802,14.717,15.536
LMC,3.2801195,15.273,15.980
LMC,6.5180172,14.382,15.162
LMC,2.3740706,15.551,16.202
LMC,4.1159498,14.777,15.407
LMC,4.6134365,15.590,16.816
LMC,4.6084827,15.020,15.869
LMC,4.0787907,14.911,15.553
LMC,2.5743580,15.464,16.033
LMC,7.4128655,14.311,15.128
LMC,4.6843825,14.640,15.392
LMC,11.2630268,13.833,14.754
LMC,4.4840075,15.002,15.786
LMC,2.9270607,15.406,16.097
LMC,3.0108628,15.463,16.201
LMC,3.0936486,15.339,16.013
LMC,5.3318234,14.798,15.621
LMC,6.2270890,14.490,15.306
LMC,4.9202332,14.825,15.599
LMC,3.2355813,15.367,16.119
LMC,5.8530495,14.743,15.621
LMC,5.9383167,14.576,15.392
LMC,4.1455429,14.886,15.536
LMC,4.4423948,14.973,15.747
LMC,5.3371593,14.681,15.409
LMC,4.4097032,14.991,15.765
LMC,3.2057952,15.378,16.111
LMC,2.5362525,17.165,18.677
LMC,3.1123864,15.225,15.833
LMC,2.4739702,15.719,16.427
LMC,15.9914849,13.670,14.640
LMC,6.2915486,14.374,15.067
LMC,4.7111988,14.641,15.384
LMC,8.3030721,13.841,14.558
LMC,3.7070087,15.079,15.805
LMC,2.7100804,15.424,16.038
LMC,2.5878713,15.472,16.142
LMC,4.2565668,15.058,15.834
LMC,4.1664747,15.040,15.809
LMC,3.4655153,15.117,15.813
LMC,1.7072470,16.242,16.901
LMC,2.8528616,15.390,16.051
LMC,10.9914255,13.551,14.277
LMC,4.2068478,14.812,15.473
LMC,3.0860120,15.294,15.969
LMC,5.4872873,14.393,15.081
LMC,3.4283944,15.176,15.817
LMC,7.0914582,14.350,15.191
LMC,6.3832862,14.473,15.233
LMC,3.4962864,15.228,15.990
LMC,7.5499106,14.061,14.788
LMC,5.9927144,14.572,15.385
LMC,3.5680230,14.151,15.068
LMC,9.1790328,14.103,15.012
LMC,3.2638096,15.957,17.033
LMC,3.5970504,15.313,16.078
LMC,3.2408627,15.373,16.116
LMC,2.0656389,15.991,16.687
LMC,5.3399152,14.682,15.535
LMC,7.0241323,14.371,15.192
LMC,4.6568817,14.918,15.715
LMC,3.4482564,15.346,16.135
LMC,4.8746166,14.705,15.453
LMC,3.1306372,15.813,16.730
LMC,2.9083022,16.025,16.980
LMC,4.0398721,15.213,16.008
LMC,4.6413966,14.838,15.544
LMC,3.0128953,15.581,16.382
LMC,4.8751247,15.046,15.958
LMC,4.3333542,14.829,15.518
LMC,4.2269668,14.974,15.673
LMC,5.5502076,14.444,15.186
LMC,2.8935666,15.592,16.386
LMC,5.9763650,14.370,15.133
LMC,9.5260350,14.098,15.019
LMC,3.4088145,15.027,15.645
LMC,4.6382645,14.858,15.618
LMC,2.4173403,15.509,16.189
LMC,7.8091622,14.191,15.043
LMC,3.8808797,15.275,16.116
LMC,4.6282294,14.816,15.529
LMC,3.3069557,15.260,15.970
LMC,3.1054524,15.273,16.009
LMC,6.9777253,14.344,15.127
LMC,3.2260329,15.262,15.945
LMC,3.3121527,15.298,16.017
LMC,3.3804463,15.203,15.892
LMC,2.9024050,15.537,16.269
LMC,4.1326349,14.894,15.624
LMC,2.5244589,15.636,16.332
LMC,3.7686059,15.091,15.787
LMC,1.7741355,16.211,16.867
LMC,3.6357485,15.560,16.463
LMC,9.2158636,14.009,14.788
LMC,4.0347801,15.314,16.202
LMC,2.9711488,15.481,16.187
LMC,3.7127402,15.117,15.861
LMC,3.2949151,15.333,16.102
LMC,2.9817197,15.475,16.188
LMC,4.7134092,15.426,16.480
LMC,2.9115293,15.352,15.982
LMC,5.1950616,14.596,15.333
LMC,3.7755919,14.994,15.695
LMC,2.9425537,15.317,15.921
LMC,4.2964931,14.990,15.804
LMC,2.8703420,15.361,16.027
LMC,3.4512794,15.106,15.752
LMC,4.9378151,15.033,15.898
LMC,5.7373344,14.613,15.404
LMC,3.3438398,15.245,15.980
LMC,2.7317451,15.582,16.307
LMC,3.2849011,15.469,16.340
LMC,4.6549573,14.885,15.635
LMC,4.3216314,14.901,15.627
LMC,4.0159635,15.036,15.795
LMC,4.4664500,14.711,15.357
LMC,9.2679024,13.937,14.745
LMC,5.6976401,14.305,14.976
LMC,6.5014243,14.540,15.448
LMC,4.8007780,15.248,16.179
LMC,7.6717680,14.608,15.595
LMC,13.1426527,13.637,14.546
LMC,3.3972813,15.312,16.068
LMC,4.4310163,14.888,15.639
LMC,2.6020125,15.571,16.273
LMC,2.9395122,15.427,16.115
LMC,4.1548437,15.184,16.006
LMC,8.5147834,14.151,15.022
LMC,4.9959855,14.685,15.428
LMC,4.6063838,14.904,15.705
LMC,4.5088438,14.966,15.724
LMC,4.2915825,15.046,15.865
LMC,3.1205780,15.341,16.044
LMC,4.6080817,14.887,15.627
LMC,1.7460632,16.322,17.064
LMC,3.3180086,15.300,15.948
LMC,2.7313376,15.556,16.271
LMC,5.3455591,14.700,15.511
LMC,2.7113841,15.670,16.488
LMC,3.9546636,15.141,15.926
LMC,4.2368316,15.059,15.835
LMC,2.8244299,15.514,16.237
LMC,2.9988084,15.333,16.003
LMC,3.0735024,15.265,15.858
LMC,5.2619515,15.767,17.144
LMC,2.9479271,15.412,16.076
LMC,3.0311019,15.310,15.943
LMC,3.6865930,15.208,15.994
LMC,3.2773306,15.328,16.069
LMC,3.0422121,15.382,16.223
LMC,3.1939240,15.322,16.019
LMC,2.9701219,15.378,16.075
LMC,4.4157940,15.044,15.804
LMC,3.4286025,15.224,15.908
LMC,3.1235298,15.344,16.075
LMC,3.3109180,15.242,15.943
LMC,3.0922025,15.352,16.061
LMC,2.8000121,15.651,16.420
LMC,5.0640788,14.277,14.689
LMC,6.5532238,14.409,15.236
LMC,6.5318305,15.106,16.182
LMC,4.5171133,14.999,15.825
LMC,5.7986451,14.711,15.556
LMC,3.3009424,15.331,16.067
LMC,4.6596796,14.954,15.760
LMC,3.6775966,15.109,15.843
LMC,4.1742959,14.951,15.764
LMC,5.3456851,14.933,15.868
LMC,3.3031683,15.210,15.866
LMC,3.0812838,15.389,16.116
LMC,7.2255552,14.239,15.038
LMC,4.8679519,14.855,15.668
LMC,11.2311320,13.637,14.468
LMC,3.2003522,15.465,16.254
LMC,3.1172755,15.378,16.119
LMC,2.4772424,15.603,16.312
LMC,3.2675784,15.260,15.972
LMC,2.3699259,15.728,16.423
LMC,8.9671502,14.342,15.333
LMC,3.5551758,15.264,16.042
LMC,5.0765196,15.192,16.241
LMC,6.5632332,14.544,15.496
LMC,4.1152523,14.917,15.565
LMC,2.6183199,15.533,16.221
LMC,4.6570139,14.770,15.493
LMC,3.4310057,15.524,16.099
LMC,8.2581750,14.271,15.203
LMC,3.1826526,15.414,16.185
LMC,2.9827539,15.327,16.004
LMC,2.8998695,15.574,16.405
LMC,4.1568015,15.120,15.952
LMC,1.7803955,16.166,16.838
LMC,4.9201804,14.837,15.682
LMC,3.2210337,15.294,16.027
LMC,2.8396402,15.312,15.932
LMC,9.7075381,14.064,15.022
LMC,2.3825679,15.749,16.484
LMC,2.9427945,15.522,16.298
LMC,4.5192303,15.098,15.991
LMC,4.7699817,14.753,15.476
LMC,3.6186046,15.130,15.868
LMC,3.1627282,15.308,16.053
LMC,4.2249695,15.636,16.920
LMC,1.0659079,16.725,17.365
LMC,6.9357343,14.305,15.092
LMC,3.7888414,15.041,15.754
LMC,3.6462439,15.239,16.014
LMC,3.2002950,15.231,16.035
LMC,6.1365776,14.717,15.478
LMC,3.0200775,15.317,15.996
LMC,3.6343554,15.102,15.829
LMC,4.4211257,14.895,15.612
LMC,4.0050008,15.123,15.922
LMC,2.6756660,15.546,16.253
LMC,3.6609185,15.174,15.920
LMC,3.8826565,15.260,16.099
LMC,4.1801698,14.994,15.789
LMC,6.4804228,14.482,15.329
LMC,3.5143847,15.318,16.108
LMC,3.6479682,15.356,16.249
LMC,4.3240266,15.203,16.166
LMC,18.7173242,13.226,14.068
LMC,5.1117808,14.702,15.503
LMC,3.6185733,15.277,16.039
LMC,2.8745540,15.741,16.686
LMC,4.0881729,14.872,15.588
LMC,9.6109987,13.928,14.743
LMC,3.8803165,15.156,15.949
LMC,4.3028578,15.527,16.704
LMC,2.0832149,15.936,16.683
LMC,4.8679870,14.799,15.557
LMC,4.4274537,14.852,15.549
LMC,1.1637022,16.524,17.303
LMC,2.9170607,15.512,16.286
LMC,3.6699165,15.359,16.248
LMC,3.3182030,15.360,16.123
LMC,10.0717440,13.883,14.740
LMC,3.1089440,15.420,16.205
LMC,2.9084657,16.311,17.396
LMC,4.8519246,14.985,15.855
LMC,4.4164065,15.042,15.896
LMC,4.4122388,14.815,15.437
LMC,2.7045920,15.532,16.237
LMC,2.7277127,15.589,16.338
LMC,3.1947025,15.264,15.959
LMC,3.7684351,15.125,15.813
LMC,2.9570061,15.455,16.184
LMC,4.1458784,15.015,15.802
LMC,3.6440911,15.119,15.839
LMC,2.8816035,15.383,16.092
LMC,3.4489909,15.228,15.916
LMC,3.6050157,15.316,16.153
LMC,3.3408932,15.235,16.016
LMC,4.8890092,14.738,15.540
LMC,5.3455888,14.769,15.582
LMC,4.6770073,14.774,15.458
LMC,2.8305591,15.879,16.860
LMC,5.3394049,14.751,15.566
LMC,4.9758507,14.761,15.510
LMC,2.9280314,15.484,16.234
LMC,6.2173291,14.466,15.324
LMC,4.7292513,14.838,15.598
LMC,5.6523952,14.587,15.487
LMC,5.5788753,14.687,15.565
LMC,3.9292228,15.018,15.765
LMC,3.5917510,15.386,16.312
LMC,2.6305142,15.637,16.355
LMC,3.7199386,15.186,15.904
LMC,2.5893564,15.595,16.326
LMC,3.1551620,15.343,16.081
LMC,6.3379385,14.561,15.409
LMC,3.1458364,15.407,16.178
LMC,3.3571842,15.431,16.273
LMC,6.2720258,14.481,15.300
LMC,14.2168459,13.558,14.440
LMC,3.7370550,15.086,15.826
LMC,4.6504691,14.906,15.729
LMC,4.1208921,15.107,15.925
LMC,1.2897309,16.487,17.199
LMC,2.3893514,17.021,18.415
LMC,3.2697376,15.339,16.128
LMC,3.1335719,15.980,17.030
LMC,3.1732430,15.462,16.267
LMC,4.2993496,15.198,16.101
LMC,4.6623918,14.956,15.777
LMC,4.2337078,15.051,15.888
LMC,4.1099139,14.307,15.422
LMC,2.8308216,15.728,16.620
LMC,6.8563682,15.692,17.114
LMC,5.9501571,14.480,15.331
LMC,5.3551357,14.993,15.967
LMC,4.1850782,14.854,15.566
LMC,2.9475081,16.204,17.458
LMC,4.5581777,15.325,16.388
LMC,6.1338129,14.739,15.629
LMC,3.8718869,15.428,16.412
LMC,3.6274204,15.373,16.330
LMC,2.9990654,16.425,17.747
LMC,3.0708590,15.668,16.573
LMC,3.5283591,15.407,16.277
LMC,2.0615114,15.919,16.648
LMC,4.1080815,15.931,17.250
LMC,3.0973618,15.529,16.355
LMC,3.5390514,15.327,16.157
LMC,5.1318250,15.088,16.283
LMC,5.2021025,14.420,15.064
LMC,3.4525146,16.176,17.367
LMC,4.2694645,15.231,16.130
LMC,5.6199631,15.238,16.462
LMC,3.4715841,16.560,18.304
LMC,3.0106889,16.090,17.108
LMC,2.8841515,15.346,15.969
LMC,3.1986582,15.431,16.255
LMC,3.2229473,15.282,15.999
LMC,2.4564310,15.629,16.295
LMC,2.3993244,15.757,16.509
LMC,3.5479774,15.220,16.008
LMC,2.6604946,15.609,16.373
LMC,3.3100315,15.488,16.363
LMC,3.8456545,15.262,16.137
LMC,3.5751191,15.373,16.258
LMC,7.5208638,14.224,15.112
LMC,3.9078180,15.900,17.316
LMC,4.8519116,15.180,16.173
LMC,3.4443877,15.360,16.241
LMC,5.7452843,15.067,16.125
LMC,4.3585715,16.218,17.605
LMC,11.5311140,14.117,15.219
LMC,4.0138402,14.902,15.621
LMC,2.9249256,16.072,17.366
LMC,9.3553360,14.548,15.763
LMC,3.7227474,15.913,17.210
LMC,4.6991154,15.099,16.044
LMC,2.9487605,15.639,16.489
LMC,3.5146730,15.960,17.136
LMC,3.8131936,15.735,16.902
LMC,7.9624028,14.165,15.000
LMC,3.2185793,15.485,16.336
LMC,23.1111863,13.395,14.628
LMC,2.9971291,15.753,16.711
LMC,3.6369975,15.911,17.183
LMC,3.2244301,15.349,16.105
LMC,4.1657101,15.141,16.017
LMC,3.3839198,15.708,16.697
LMC,2.3872198,15.930,16.697
LMC,2.7017683,15.617,16.382
LMC,10.0437950,14.081,15.027
LMC,3.8915029,15.230,16.058
LMC,3.4703284,16.751,18.416
LMC,6.5883028,14.645,15.585
LMC,3.8841448,15.255,16.136
LMC,3.6437791,15.228,16.046
LMC,4.6792719,15.851,17.191
LMC,2.2717122,16.885,18.222
LMC,3.1668894,15.771,16.837
LMC,8.2753925,14.127,15.046
LMC,7.1928200,14.724,15.842
LMC,4.1833182,15.125,15.965
LMC,3.2882298,15.359,16.183
LMC,4.7892913,15.160,16.153
LMC,2.4584556,15.687,16.408
LMC,3.1069464,15.611,16.490
LMC,4.1037714,15.240,16.138
LMC,4.8127835,14.966,15.831
LMC,4.9172716,15.076,16.072
LMC,2.8706418,15.544,16.326
LMC,3.7770461,15.148,15.936
LMC,4.8633475,14.932,15.793
LMC,24.1335046,12.771,13.825
LMC,3.1582569,15.404,16.283
LMC,3.0956092,15.777,16.781
LMC,3.5405645,15.509,16.468
LMC,2.7923707,15.951,16.965
LMC,3.7984780,15.171,15.946
LMC,5.5571205,15.719,17.370
LMC,3.0977709,15.574,16.413
LMC,3.3851959,15.489,16.341
LMC,3.5837392,15.331,16.126
LMC,3.2783174,15.471,16.289
LMC,3.7636779,15.748,17.029
LMC,5.3041163,15.013,15.953
LMC,4.3648307,16.218,17.558
LMC,3.5507148,15.339,16.156
LMC,2.8941777,15.534,16.297
LMC,3.0464015,15.524,16.323
LMC,6.2700807,14.825,15.787
LMC,2.6824354,15.595,16.327
LMC,6.6132812,14.587,15.443
LMC,3.9530948,15.197,15.983
LMC,6.3498966,14.530,15.415
LMC,3.2466649,15.330,16.063
LMC,4.1170395,15.092,15.894
LMC,5.4088542,14.903,15.823
LMC,3.2060916,15.614,16.444
LMC,2.9566837,15.692,16.624
LMC,3.4936255,16.056,17.196
LMC,2.8975322,15.969,17.038
LMC,9.7334836,14.057,15.051
LMC,4.1884818,15.359,16.401
LMC,3.3208177,15.587,16.566
LMC,3.4348873,15.220,15.980
LMC,3.8381685,15.367,16.282
LMC,2.6366609,15.677,16.313
LMC,2.4206845,15.865,16.686
LMC,4.3209395,15.176,16.082
LMC,5.3222387,14.687,15.456
LMC,4.7942543,15.215,16.221
LMC,2.2341288,15.907,16.653
LMC,2.1088037,15.830,16.543
LMC,3.1025772,15.420,16.204
LMC,4.3560642,14.815,15.517
LMC,5.4473883,14.596,15.373
LMC,4.0608590,14.979,15.695
LMC,3.0259452,15.590,16.437
LMC,7.3233489,14.732,15.662
LMC,5.1085683,14.768,15.564
LMC,11.2389845,13.487,14.290
LMC,3.9993166,15.162,15.963
LMC,11.4464069,13.678,14.521
LMC,3.5336352,15.374,16.203
LMC,12.7704755,13.540,14.310
LMC,2.5114189,15.704,16.527
LMC,3.6843935,15.268,16.075
LMC,2.5167462,15.839,16.667
LMC,4.0642549,15.083,15.882
LMC,4.6334619,14.973,15.820
LMC,3.4050699,16.117,17.404
LMC,2.7392452,15.688,16.517
LMC,6.6068819,14.716,15.765
LMC,4.7255009,14.900,15.690
LMC,16.1610598,13.612,14.750
LMC,4.1330379,15.124,15.973
LMC,4.3704932,15.227,16.154
LMC,3.7176802,15.179,16.033
LMC,2.9245024,15.503,16.307
LMC,3.1259494,15.365,16.101
LMC,20.3183438,13.336,14.328
LMC,1.9861394,15.950,16.684
LMC,2.7050431,15.634,16.357
LMC,19.2261771,13.167,14.125
LMC,3.3339345,15.339,16.116
LMC,4.5505903,15.080,15.976
LMC,3.2000341,15.485,16.279
LMC,3.6508602,15.109,15.870
LMC,2.7808316,15.627,16.431
LMC,3.4776349,15.407,16.252
LMC,2.7392761,15.739,16.607
LMC,3.0856015,15.633,16.548
LMC,2.9788188,15.237,15.885
LMC,2.8937798,15.575,16.360
LMC,7.8756988,14.393,15.339
LMC,4.0807326,15.340,16.246
LMC,4.8337385,14.720,15.484
LMC,3.9130460,15.169,15.945
LMC,2.9251090,15.769,16.748
LMC,17.7952978,13.684,14.828
LMC,2.0103163,15.937,16.646
LMC,3.4418291,15.202,15.953
LMC,3.2149001,15.577,16.488
LMC,3.7035055,14.469,15.547
LMC,1.8260391,16.328,17.116
LMC,5.4064788,14.429,15.455
LMC,2.3993070,15.828,16.612
LMC,2.6260084,15.446,16.099
LMC,1.5239969,16.465,17.159
LMC,3.7334318,14.905,15.530
LMC,4.1790464,15.306,16.239
LMC,2.6746209,15.854,16.737
LMC,2.5055930,15.503,16.120
LMC,1.6240069,16.163,16.869
LMC,13.6591664,13.512,14.430
LMC,3.4889391,15.313,16.112
LMC,4.6308885,14.789,15.505
LMC,5.7627053,14.858,15.857
LMC,3.2338235,15.378,16.113
LMC,2.6143071,15.777,16.645
LMC,8.5589963,14.236,15.136
LMC,3.0134019,15.586,16.372
LMC,4.7831392,14.763,15.553
LMC,2.6736344,15.723,16.567
LMC,2.7189871,15.796,16.742
LMC,3.6100331,15.386,16.256
LMC,1.9861338,16.249,17.145
LMC,3.6198099,15.310,16.108
LMC,4.5068864,15.044,15.897
LMC,4.0691937,15.254,16.215
LMC,4.7963172,14.981,15.883
LMC,3.0289332,15.485,16.246
LMC,2.3129513,15.943,16.809
LMC,4.4427078,14.980,15.781
LMC,5.2082254,14.685,15.470
LMC,2.5864686,16.026,16.998
LMC,2.9871491,15.497,16.261
LMC,2.7044493,16.291,17.454
LMC,12.0904028,13.875,14.925
LMC,2.9425783,15.151,15.837
LMC,4.4754818,15.452,16.611
LMC,3.5881783,15.159,15.872
LMC,2.5135318,15.785,16.583
LMC,3.4890301,15.366,16.194
LMC,2.9744997,15.508,16.252
LMC,3.6398745,15.263,16.093
LMC,3.9342423,15.140,15.950
LMC,2.8561298,15.636,16.447
LMC,3.0594037,15.530,16.357
LMC,4.4219710,15.308,16.332
LMC,2.9902535,15.454,16.178
LMC,2.0055160,15.934,16.663
LMC,13.6417496,13.711,14.697
LMC,4.7098584,14.813,15.546
LMC,3.5503563,15.357,16.168
LMC,3.5373476,15.322,16.131
LMC,2.3294550,16.368,17.344
LMC,2.3853802,15.647,16.362
LMC,4.1653718,15.171,16.031
LMC,1.0348110,16.889,17.552
LMC,4.5944918,14.964,15.785
LMC,2.3321922,15.530,16.157
LMC,3.4781047,15.390,16.201
LMC,2.8458078,15.590,16.415
LMC,5.0801320,15.038,16.045
LMC,3.1292245,15.550,16.425
LMC,2.7079601,15.351,15.963
LMC,3.1890285,15.746,16.685
LMC,3.1695267,15.711,16.692
LMC,3.4253379,15.189,15.873
LMC,4.2226531,15.354,16.404
LMC,3.0378757,15.484,16.235
LMC,4.8325822,14.733,15.532
LMC,3.0978709,15.417,16.220
LMC,2.4334685,15.808,16.641
LMC,1.7509178,16.507,17.285
LMC,3.2930653,15.491,16.317
LMC,3.0180263,15.472,16.242
LMC,4.7279236,14.858,15.675
LMC,2.8754431,15.658,16.497
LMC,3.7867646,15.350,16.204
LMC,4.0187315,15.674,16.783
LMC,3.2159337,15.444,16.233
LMC,4.4911996,14.977,15.821
LMC,3.3988302,15.430,16.247
LMC,3.0272138,15.538,16.310
LMC,3.9093888,15.107,15.897
LMC,1.7988009,16.399,17.215
LMC,4.3249189,15.048,15.821
LMC,3.2967915,15.294,16.035
LMC,26.5546697,12.678,13.662
LMC,3.0944996,15.409,16.172
LMC,2.7661187,15.608,16.369
LMC,3.2209842,15.815,16.793
LMC,2.6647649,15.573,16.342
LMC,1.6026581,16.709,17.595
LMC,5.6378799,14.826,15.749
LMC,3.1758639,15.421,16.224
LMC,2.7073888,15.634,16.418
LMC,2.9180862,15.849,16.891
LMC,4.8006978,14.792,15.607
LMC,2.8124124,15.572,16.374
LMC,3.2800665,16.013,17.180
LMC,2.7987850,15.615,16.402
LMC,4.4248375,15.094,16.021
LMC,3.2111169,15.489,16.332
LMC,2.5089292,15.812,16.599
LMC,3.2125991,15.506,16.344
LMC,2.5900584,15.674,16.501
LMC,2.4726278,15.996,16.804
LMC,1.6156433,16.210,16.917
LMC,4.9584794,14.941,15.791
LMC,2.9242221,15.496,16.210
LMC,4.0713990,15.168,16.046
LMC,2.9101707,15.567,16.333
LMC,6.2980645,14.186,14.900
LMC,5.1402787,15.095,16.165
LMC,13.4022207,13.382,14.188
LMC,3.2580475,15.307,16.097
LMC,2.5040835,15.660,16.349
LMC,2.5301219,15.580,16.258
LMC,5.6990471,14.661,15.575
LMC,3.4674399,15.386,16.189
LMC,2.4418133,15.565,16.219
LMC,2.6543005,15.559,16.340
LMC,1.1347922,16.731,17.383
LMC,2.6618659,15.775,16.640
LMC,6.3943574,14.569,15.527
LMC,3.6454578,15.411,16.291
LMC,3.0538624,15.573,16.410
LMC,3.4960517,15.288,16.048
LMC,1.6419084,16.419,17.273
LMC,2.8739571,15.496,16.219
LMC,4.7882726,15.266,16.408
LMC,3.6475578,14.979,15.643
LMC,3.7806114,15.208,15.949
LMC,3.3878770,15.356,16.108
LMC,2.1489937,15.892,16.611
LMC,3.4687064,15.206,15.940
LMC,3.3857463,15.259,15.999
LMC,4.3334261,14.928,15.656
LMC,5.3178113,14.733,15.522
LMC,2.9171014,15.821,16.770
LMC,3.9718671,14.908,15.618
LMC,3.1056639,15.472,16.301
LMC,6.8380767,14.419,15.205
LMC,5.8466492,14.588,15.451
LMC,3.0076160,15.235,15.948
LMC,2.8597311,15.453,16.196
LMC,2.2851063,15.595,16.222
LMC,3.4178961,15.282,16.076
LMC,3.1008360,15.342,16.111
LMC,4.2751769,15.074,15.929
LMC,3.3129794,15.256,15.967
LMC,9.1254739,14.078,14.935
LMC,1.1969163,16.520,17.112
LMC,4.3859074,14.917,15.641
LMC,10.4779243,13.985,14.895
LMC,7.6407754,14.044,14.743
LMC,9.8058327,14.029,14.913
LMC,8.2326304,14.206,15.094
LMC,3.4256363,15.208,16.000
LMC,2.6987463,15.350,15.980
LMC,2.8934398,15.333,16.029
LMC,2.8096205,15.379,15.930
LMC,2.9361379,15.238,15.895
LMC,2.3030667,15.644,16.292
LMC,3.9761392,15.093,15.870
LMC,2.4574211,15.605,16.262
LMC,3.4933595,14.986,15.673
LMC,2.7664894,15.484,16.205
LMC,2.8908108,15.297,15.928
LMC,7.7203927,14.120,14.929
LMC,4.7850212,14.648,15.318
LMC,10.6876235,13.881,14.746
LMC,4.6750053,14.644,15.356
LMC,5.0433402,14.586,15.275
LMC,3.6086853,15.188,15.920
LMC,5.2409190,14.681,15.479
LMC,4.7505710,14.634,15.377
LMC,2.0890246,15.948,16.640
LMC,6.9370151,14.196,14.942
LMC,2.7263762,15.384,15.978
LMC,8.9548820,13.984,14.828
LMC,2.4436696,15.441,16.047
LMC,4.0558772,15.048,15.806
LMC,3.3464392,15.173,15.865
LMC,2.3708836,15.559,16.208
LMC,3.8176848,15.059,15.793
LMC,2.0084880,16.581,17.475
LMC,3.3430823,15.493,16.206
LMC,1.7965763,16.232,16.900
LMC,2.2772790,15.752,16.446
LMC,16.6802833,13.178,14.137
LMC,5.1048248,15.082,15.976
LMC,3.4250095,15.149,15.805
LMC,2.0577123,15.854,16.498
LMC,23.6813233,13.141,14.150
LMC,1.7405353,16.345,17.053
LMC,3.5318072,14.921,15.526
LMC,4.5447433,14.997,15.762
LMC,1.8816032,16.066,16.708
LMC,6.3559255,14.453,15.227
LMC,3.2550643,15.241,15.903
LMC,4.2430056,14.983,15.729
LMC,4.5291330,15.078,15.878
LMC,3.3760889,15.213,15.903
LMC,3.5645889,15.221,15.982
LMC,3.2928789,15.179,15.847
LMC,2.6552363,15.633,16.379
LMC,4.6093413,14.769,15.432
LMC,3.9669657,15.009,15.710
LMC,3.0912816,15.346,16.043
LMC,3.1233973,15.369,16.054
LMC,3.9531387,15.119,15.895
LMC,3.4005559,15.262,15.998
LMC,4.1342616,15.140,15.921
LMC,3.6559453,15.251,16.030
LMC,3.3401176,15.220,15.909
LMC,3.5786509,15.432,16.260
LMC,5.4833304,14.497,15.220
LMC,3.7121035,15.033,15.785
LMC,3.6499886,14.341,15.242
LMC,5.2404881,14.538,15.227
LMC,2.9852914,15.280,15.938
LMC,1.8966838,16.205,16.828
LMC,5.3651931,14.695,15.489
LMC,8.3422004,14.120,14.970
LMC,3.8732090,15.134,15.881
LMC,3.3744083,15.302,15.990
LMC,5.2031456,14.720,15.438
LMC,10.7796849,14.040,14.765
LMC,4.8570436,14.832,15.567
LMC,3.3720017,15.184,15.877
LMC,7.0647648,14.369,15.158
LMC,4.0204310,14.972,15.617
LMC,4.9732214,14.728,15.428
LMC,7.4993657,14.117,14.841
LMC,2.5179835,15.511,16.144
LMC,3.0488805,15.328,15.996
LMC,3.0077217,15.376,16.113
LMC,1.6706583,16.305,16.971
LMC,3.0007406,15.282,15.940
LMC,3.5095094,15.148,15.849
LMC,3.1276863,15.303,15.988
LMC,3.0073795,15.413,16.145
LMC,4.6783923,14.775,15.474
LMC,7.4902400,14.290,15.135
LMC,3.4785486,15.238,15.960
LMC,3.7348483,14.994,15.658
LMC,3.5469298,15.475,16.181
LMC,2.7714725,15.501,16.207
LMC,4.6051325,14.883,15.593
LMC,2.8918978,15.408,16.117
LMC,3.7057902,15.158,15.870
LMC,3.1883493,15.353,16.073
LMC,3.1679663,15.188,15.809
LMC,12.2486576,13.592,14.371
LMC,3.1489328,15.384,16.092
LMC,2.6360766,15.456,16.076
LMC,3.4616701,15.213,15.907
LMC,5.6062582,14.488,15.223
LMC,2.6152911,15.491,16.184
LMC,3.6495558,15.168,15.888
LMC,3.6851943,15.076,15.780
LMC,2.8991703,15.399,16.082
LMC,3.0954473,15.323,15.999
LMC,3.3779722,15.317,16.042
LMC,4.8192813,14.846,15.606
LMC,3.1401057,15.377,16.106
LMC,7.9958294,14.274,15.145
LMC,4.4842231,15.008,15.803
LMC,2.9995258,15.414,16.134
LMC,4.7176561,14.890,15.685
LMC,3.4908313,15.298,16.081
LMC,4.7520041,14.789,15.559
LMC,3.9163668,15.043,15.799
LMC,8.1267407,13.948,14.690
LMC,7.8330244,14.067,14.825
LMC,2.7012919,15.435,16.089
LMC,2.6822959,15.383,16.015
LMC,3.1289860,15.243,15.897
LMC,3.1394459,15.342,16.068
LMC,11.3220933,13.856,14.452
LMC,3.4266701,15.143,15.808
LMC,3.5992724,15.120,15.827
LMC,3.2071466,15.207,15.880
LMC,4.4807047,14.837,15.561
LMC,4.6621290,14.800,15.520
LMC,4.3256195,14.998,15.787
LMC,5.1955304,14.523,15.176
LMC,3.3283400,15.375,16.158
LMC,3.0007141,15.296,15.947
LMC,1.4650261,16.239,16.808
LMC,4.8711085,14.832,15.571
LMC,3.4121111,15.202,15.893
LMC,3.2605299,15.196,15.859
LMC,3.3274081,15.326,16.076
LMC,2.6972409,15.330,15.952
LMC,3.5406962,15.171,15.874
LMC,3.0622945,15.371,16.098
LMC,3.2645118,15.158,15.832
LMC,2.4676307,15.541,16.174
LMC,15.6453659,13.125,13.996
LMC,3.9521760,15.023,15.774
LMC,2.7748067,15.421,16.116
LMC,3.0913774,15.266,15.927
LMC,5.0517228,14.794,15.589
LMC,3.9649597,15.077,15.841
LMC,1.2031492,16.501,17.068
LMC,3.2706692,15.185,15.832
LMC,2.8951309,14.976,15.567
LMC,3.6302287,15.286,16.061
LMC,3.3237534,15.190,15.895
LMC,2.9639481,15.401,16.100
LMC,4.0502703,15.027,15.807
LMC,2.7368803,15.566,16.276
LMC,3.5240661,15.091,15.693
LMC,3.2866721,15.247,15.940
LMC,8.3570758,13.979,14.749
LMC,4.3909334,14.914,15.725
LMC,2.0083779,15.733,16.388
LMC,2.1492392,15.958,16.715
LMC,3.3369799,15.130,15.748
LMC,2.9339186,15.402,16.085
LMC,3.9726071,15.093,15.837
LMC,4.0119371,14.879,15.553
LMC,3.2460117,15.266,16.113
LMC,4.0393412,15.215,15.960
LMC,3.8247852,15.110,15.880
LMC,4.4408671,14.885,15.624
LMC,3.3371234,15.215,15.949
LMC,7.3700761,14.223,15.027
LMC,3.6647242,15.123,15.911
LMC,3.3066608,15.281,16.059
LMC,3.8150930,15.106,15.892
LMC,3.6505344,14.961,15.654
LMC,2.9819360,15.537,16.252
LMC,2.9748589,15.363,16.116
LMC,1.8991667,16.020,16.689
LMC,4.5662309,14.687,15.345
LMC,2.9593538,15.453,16.182
LMC,3.0526537,15.321,15.978
LMC,3.5844762,15.162,15.911
LMC,4.9145323,14.847,15.667
LMC,3.4653705,15.199,15.961
LMC,3.2047149,15.277,15.979
LMC,3.1130828,15.168,15.834
LMC,4.5921519,14.929,15.704
LMC,3.1898348,15.268,15.971
LMC,3.4302748,15.263,15.952
LMC,2.4633655,15.676,16.318
LMC,3.5050649,15.001,15.623
LMC,2.9429668,15.422,16.157
LMC,3.1437642,15.372,16.116
LMC,2.6391571,15.570,16.283
LMC,3.5227781,15.230,15.970
LMC,3.4638729,15.216,15.907
LMC,3.0845608,15.394,16.123
LMC,3.0089129,15.194,15.808
LMC,3.0693016,15.223,15.762
LMC,3.2899354,15.285,16.064
LMC,3.3181158,15.356,16.085
LMC,3.2321275,15.234,16.014
LMC,2.8977635,15.352,15.924
LMC,3.1745876,15.241,15.943
LMC,3.0532892,15.345,16.054
LMC,3.0490732,15.399,16.088
LMC,2.8603779,15.283,15.897
LMC,3.0398576,15.400,16.112
LMC,3.0548682,15.350,16.049
LMC,3.4520331,15.273,16.001
LMC,2.7249625,15.486,16.174
LMC,3.4440976,15.133,15.796
LMC,2.9541342,15.444,16.146
LMC,3.4387315,15.076,15.715
LMC,2.7774308,15.445,16.206
LMC,3.2104975,15.248,15.955
LMC,2.8001969,15.488,16.192
LMC,2.7307198,15.422,16.095
LMC,1.2184912,16.576,17.243
LMC,2.5059200,15.434,16.048
LMC,3.5985458,14.976,15.649
LMC,4.5021721,14.817,15.533
LMC,4.6249665,14.588,15.264
LMC,3.9350308,14.866,15.531
LMC,4.5339361,14.755,15.453
LMC,4.5069334,14.766,15.446
LMC,3.0166297,15.417,16.149
LMC,3.3157207,15.280,16.026
LMC,3.5125428,15.166,15.893
LMC,2.6036005,15.515,16.216
LMC,7.0224601,14.215,15.012
LMC,2.9299755,15.410,16.135
LMC,5.0832641,14.722,15.488
LMC,2.9379338,15.453,16.179
LMC,2.9715631,15.440,16.175
LMC,4.0087186,15.032,15.800
LMC,1.7710787,15.923,16.582
LMC,8.6097834,14.172,14.976
LMC,3.0684924,15.375,16.120
LMC,4.9885416,14.578,15.315
LMC,2.9399444,15.338,15.999
LMC,3.0368213,15.238,15.833
LMC,3.8229198,15.057,15.749
LMC,2.6827938,15.570,16.398
LMC,1.7489696,16.052,16.741
LMC,1.5997614,16.351,17.027
LMC,1.7875154,16.022,16.648
LMC,11.2127522,13.722,14.624
LMC,3.2123901,15.240,15.963
LMC,1.3583795,16.219,16.790
LMC,5.2245460,14.513,15.236
LMC,3.6904670,15.106,15.807
LMC,3.3541679,15.285,16.040
LMC,2.9565909,15.205,15.810
LMC,3.1849273,15.382,16.102
LMC,3.6657575,14.706,15.577
LMC,3.6870966,14.896,15.500
LMC,27.8821266,12.802,13.835
LMC,1.9709486,15.762,16.299
LMC,3.0771896,15.356,16.009
LMC,7.8950857,14.228,15.042
LMC,3.1620471,15.323,16.022
LMC,3.5632152,15.107,15.877
LMC,3.2615542,15.112,15.788
LMC,2.8672596,15.337,15.936
LMC,3.0016820,15.257,15.857
LMC,5.0001100,14.782,15.546
LMC,2.6545199,15.641,15.855
LMC,2.9407686,15.284,15.988
LMC,5.0683919,14.526,15.222
LMC,3.0729069,15.220,15.874
LMC,2.4951466,15.695,16.416
LMC,7.9881928,14.004,14.780
LMC,3.5661522,15.180,15.962
LMC,10.4406748,14.038,14.937
LMC,20.7077109,13.098,14.217
LMC,1.2980952,16.543,16.950
LMC,3.4435831,15.229,15.952
LMC,8.7327199,13.909,14.697
LMC,4.3973539,14.964,15.707
LMC,3.6759888,15.080,15.765
LMC,3.1373586,15.242,15.935
LMC,2.7286686,15.415,16.054
LMC,4.4561209,14.789,15.500
LMC,2.7787707,15.415,16.076
LMC,3.2294214,15.208,15.892
LMC,2.9513971,15.373,16.049
LMC,3.1708342,15.197,15.937
LMC,4.6666456,14.747,15.526
LMC,4.8562537,14.810,15.588
LMC,4.3362991,14.878,15.606
LMC,4.9558238,14.821,15.657
LMC,6.8200449,14.111,14.803
LMC,2.8553541,15.476,16.230
LMC,3.2225409,15.195,15.889
LMC,8.0204586,14.241,15.109
LMC,3.4384249,15.272,16.061
LMC,4.2765417,14.876,15.632
LMC,2.6806276,15.504,16.195
LMC,4.0900299,15.016,15.799
LMC,5.3333339,14.562,15.310
LMC,4.3211245,15.028,15.833
LMC,5.1360704,14.676,15.438
LMC,4.9296458,14.856,15.670
LMC,4.6354811,14.642,15.326
LMC,2.7094939,15.248,15.798
LMC,21.2537954,12.963,13.934
LMC,4.0956827,14.968,15.747
LMC,8.9290179,14.030,14.890
LMC,3.2106766,15.218,15.912
LMC,3.0289972,15.626,16.467
LMC,4.0420182,15.094,15.877
LMC,2.3967331,15.793,16.572
LMC,5.1061823,14.587,15.286
LMC,3.1067148,15.385,16.110
LMC,5.7094294,14.705,15.495
LMC,26.9936935,12.973,14.186
LMC,4.2988504,14.872,15.611
LMC,2.9868482,15.288,15.941
LMC,4.0832093,15.165,16.007
LMC,6.6951276,14.230,14.910
LMC,1.7925444,15.879,16.459
LMC,2.4115316,15.399,15.952
LMC,1.4396683,16.361,17.020
LMC,2.8293887,15.364,16.018
LMC,3.3366507,15.247,15.969
LMC,4.0878174,14.897,15.583
LMC,3.3088811,15.326,16.093
LMC,2.4300827,15.610,16.273
LMC,8.0760897,14.088,14.877
LMC,3.5128224,15.167,15.928
LMC,2.7397029,15.557,16.310
LMC,3.8932015,15.047,15.784
LMC,4.9068587,14.653,15.388
LMC,2.7668816,15.396,16.045
LMC,2.3135277,15.660,16.334
LMC,2.8483649,14.238,15.299
LMC,2.3692400,15.644,16.318
LMC,3.6821218,15.040,15.721
LMC,3.7638682,15.180,16.011
LMC,5.1206185,14.700,15.454
LMC,3.0842570,15.311,16.019
LMC,9.2966948,13.756,14.514
LMC,3.3324824,15.328,16.084
LMC,2.4323316,15.435,16.038
LMC,2.0579356,15.764,16.380
LMC,4.8015590,14.818,15.568
LMC,4.2138273,14.877,15.583
LMC,3.6692993,15.208,15.971
LMC,1.8967177,16.039,16.735
LMC,3.2691268,15.151,15.823
LMC,10.7417835,13.756,14.572
LMC,2.3920638,15.407,16.042
LMC,13.4236855,13.203,14.037
LMC,2.3661791,15.555,16.129
LMC,16.9150243,13.118,13.972
LMC,3.7726731,14.915,15.577
LMC,3.0216663,15.254,15.877
LMC,9.1090460,13.826,14.503
LMC,5.8339813,14.541,15.344
LMC,3.5820318,14.933,15.527
LMC,3.5305924,15.240,15.958
LMC,5.1221615,14.665,15.491
LMC,4.0568103,15.061,15.810
LMC,4.9131565,14.840,15.614
LMC,3.6167303,15.164,15.938
LMC,2.8484057,15.411,16.092
LMC,4.3230570,14.797,15.424
LMC,2.8544730,15.487,16.194
LMC,1.8810599,16.012,16.706
LMC,4.9139202,14.765,15.539
LMC,3.8037990,14.921,15.618
LMC,2.4191597,15.710,16.411
LMC,3.2512241,15.239,15.925
LMC,3.9206769,15.091,15.846
LMC,2.8912598,15.263,15.902
LMC,3.0462579,15.224,15.857
LMC,3.9531607,14.975,15.660
LMC,3.5485080,15.093,15.831
LMC,4.0684679,14.922,15.629
LMC,6.6630313,14.467,15.271
LMC,3.1234524,15.423,16.195
LMC,4.6321906,14.840,15.607
LMC,4.6380212,14.713,15.454
LMC,3.2867192,15.308,16.034
LMC,3.5911700,15.128,15.847
LMC,2.9648738,15.298,15.991
LMC,12.0774128,13.504,14.374
LMC,3.0166293,15.287,15.954
LMC,1.6092030,16.001,16.614
LMC,2.4445565,15.607,16.326
LMC,4.5646899,14.652,15.302
LMC,5.0673982,14.691,15.495
LMC,16.2221132,13.089,13.859
LMC,3.0057066,15.428,16.180
LMC,3.1635890,15.091,15.752
LMC,5.3770862,14.685,15.474
LMC,7.5129329,14.447,15.280
LMC,2.8725119,15.435,16.157
LMC,3.3846913,15.290,16.062
LMC,10.0255069,13.985,14.930
LMC,3.1408629,15.415,16.133
LMC,3.5511446,15.367,16.173
LMC,12.3135892,13.561,14.427
LMC,1.9206659,16.182,16.866
LMC,1.5758875,16.110,16.756
LMC,8.6677668,13.962,14.768
LMC,2.5014573,15.543,16.314
LMC,2.5807322,15.569,16.318
LMC,2.7034612,15.342,15.966
LMC,3.1889110,15.293,16.008
LMC,7.1964434,14.355,14.981
LMC,3.2309845,15.195,15.879
LMC,3.1362879,15.359,16.044
LMC,4.1115892,14.755,15.350
LMC,2.8685531,15.470,16.120
LMC,3.6294099,15.085,15.837
LMC,8.3382842,13.936,14.715
LMC,2.5106745,15.245,15.841
LMC,1.9014362,15.980,16.736
LMC,2.7359199,15.561,16.281
LMC,3.7444271,14.968,15.592
LMC,8.0244360,13.805,14.517
LMC,1.8648208,16.027,16.657
LMC,2.7402817,15.490,16.207
LMC,8.7198912,13.966,14.701
LMC,8.3260002,13.970,14.733
LMC,3.2591584,15.241,15.956
LMC,7.9041386,14.441,15.314
LMC,2.9858399,15.615,16.333
LMC,3.2032973,15.497,16.178
LMC,2.7854142,15.514,16.229
LMC,2.9253095,15.245,15.875
LMC,4.0299525,14.909,15.572
LMC,7.4759290,14.327,15.124
LMC,3.1799661,15.369,16.148
LMC,3.3243580,15.255,15.937
LMC,3.9071625,14.889,15.581
LMC,3.0100866,15.283,15.925
LMC,2.0132123,15.838,16.483
LMC,3.9308828,15.087,15.869
LMC,5.4730661,14.576,15.382
LMC,4.1885275,14.739,15.391
LMC,4.0190687,15.028,15.775
LMC,1.3813330,16.553,17.097
LMC,2.9135277,15.314,15.993
LMC,6.2125588,14.516,15.355
LMC,1.7157817,16.248,16.922
LMC,7.4899259,14.281,15.158
LMC,5.3315306,14.731,15.575
LMC,7.4601957,14.411,15.328
LMC,2.6459232,15.575,16.256
LMC,1.0928118,16.557,17.116
LMC,1.6210246,16.299,17.060
LMC,5.5462213,14.585,15.370
LMC,2.4066186,15.615,16.283
LMC,4.9607906,14.517,15.104
LMC,6.5096144,14.139,14.862
LMC,2.9019383,15.417,16.105
LMC,2.8272553,15.509,16.233
LMC,4.1543851,14.812,15.505
LMC,1.0975457,16.866,17.665
LMC,3.1562118,15.438,16.212
LMC,4.6788684,14.820,15.532
LMC,3.3927500,15.132,15.791
LMC,2.7094414,15.697,16.496
LMC,3.1135040,15.187,15.799
LMC,3.3361913,15.035,15.594
LMC,3.5746271,15.003,15.686
LMC,7.3556649,14.281,15.108
LMC,10.4057829,13.665,14.492
LMC,6.1919374,14.347,15.053
LMC,12.7409375,13.623,14.540
LMC,4.5120146,14.606,15.228
LMC,7.5958203,14.024,14.783
LMC,2.3652827,15.658,16.325
LMC,5.8431263,14.591,15.380
LMC,5.0788298,14.681,15.474
LMC,4.4029014,14.746,15.480
LMC,2.2934586,15.605,16.239
LMC,2.2891712,15.598,16.224
LMC,3.6796683,15.073,15.751
LMC,3.0190657,15.269,15.939
LMC,3.2059050,15.998,17.153
LMC,3.9833355,14.857,15.494
LMC,4.1676261,14.788,15.424
LMC,2.4711493,15.761,16.495
LMC,4.8191547,14.591,15.284
LMC,2.9954578,15.384,16.132
LMC,3.9687039,14.920,15.593
LMC,5.4254985,14.654,15.430
LMC,17.5278785,13.524,14.650
LMC,4.3643990,14.856,15.580
LMC,2.8423769,15.604,16.334
LMC,3.6222679,15.124,15.890
LMC,4.0540545,14.854,15.544
LMC,2.6841674,15.477,16.152
LMC,3.4154973,15.136,15.828
LMC,4.9921055,14.476,15.192
LMC,3.0232342,15.402,16.142
LMC,2.2928679,15.584,16.200
LMC,4.3734121,14.763,15.475
LMC,10.9499210,13.798,14.705
LMC,3.3118059,15.201,15.882
LMC,8.0885705,13.991,14.773
LMC,3.2553690,15.328,16.054
LMC,9.3349719,13.998,14.867
LMC,3.0833574,15.268,15.933
LMC,4.5209716,14.757,15.496
LMC,3.5519989,15.119,15.838
LMC,8.6350439,13.894,14.691
LMC,2.5074475,15.450,16.097
LMC,6.3557590,14.320,15.122
LMC,3.2494090,15.139,15.791
LMC,4.6389649,14.754,15.521
LMC,5.6777934,14.457,15.202
LMC,2.5568367,15.304,15.941
LMC,2.0147589,15.727,16.339
LMC,3.6474222,14.851,15.454
LMC,2.2348309,15.668,16.279
LMC,3.1720587,15.260,15.971
LMC,2.6224287,15.338,15.957
LMC,5.0832458,14.688,15.471
LMC,2.9614799,15.255,15.915
LMC,2.9377724,15.411,16.107
LMC,4.7784194,14.848,15.672
LMC,4.9384628,14.809,15.546
LMC,2.6729988,15.556,16.245
LMC,1.9175141,15.947,16.557
LMC,10.9842467,13.873,14.683
LMC,2.6554407,15.455,16.131
LMC,12.6460780,13.584,14.435
LMC,3.8611723,14.954,15.652
LMC,2.0772354,15.819,16.489
LMC,3.9296928,14.801,15.441
LMC,3.1927100,15.217,15.857
LMC,2.8947546,15.512,16.251
LMC,4.2961593,14.958,15.819
LMC,5.5073030,14.510,15.259
LMC,4.1238198,14.908,15.632
LMC,5.3634073,14.535,15.242
LMC,3.1311952,15.223,15.817
LMC,5.3803009,14.598,15.366
LMC,2.5727255,15.452,16.128
LMC,3.9590752,14.893,15.546
LMC,4.1735814,14.800,15.514
LMC,2.9418240,15.334,15.986
LMC,4.3509561,14.841,15.536
LMC,1.6098036,16.289,16.933
LMC,4.1430667,14.791,15.430
LMC,4.8358175,14.582,15.289
LMC,2.3360414,15.498,16.095
LMC,7.4535348,14.171,14.981
LMC,3.3971124,15.115,15.774
LMC,4.2830162,14.821,15.469
LMC,2.9878239,14.770,15.486
LMC,4.2468673,14.846,15.526
LMC,3.5310020,14.809,15.361
LMC,2.4848377,15.610,16.291
LMC,8.2796803,14.049,14.861
LMC,3.0081602,15.217,15.793
LMC,2.8751839,15.336,15.940
LMC,2.8732824,15.188,15.757
LMC,3.6367617,14.955,15.611
LMC,3.2055341,15.151,15.785
LMC,2.7231277,15.542,16.263
LMC,3.8704344,15.044,15.810
LMC,4.4394774,14.769,15.492
LMC,3.4781649,15.205,15.915
LMC,3.5669155,15.003,15.673
LMC,4.7754167,14.823,15.578
LMC,8.1527951,14.013,14.809
LMC,3.8826425,15.006,15.736
LMC,2.6947094,15.426,16.082
LMC,2.8866719,15.228,15.850
LMC,5.3232277,14.635,15.425
LMC,2.6656507,15.347,15.991
LMC,2.7407694,15.295,15.946
LMC,2.3255202,15.555,16.195
LMC,8.7565759,14.081,14.947
LMC,5.9071281,14.629,15.406
LMC,10.9141900,13.639,14.417
LMC,7.6727840,14.018,14.837
LMC,2.8740046,15.341,16.037
LMC,3.0833295,15.253,15.988
LMC,1.2310208,16.445,16.985
LMC,4.3054971,14.869,15.595
LMC,4.9716929,14.511,15.218
LMC,1.6296146,16.200,16.876
LMC,1.8219768,16.084,16.789
LMC,0.9722678,16.771,17.399
LMC,3.1339562,15.338,16.014
LMC,12.5736834,13.587,14.407
LMC,4.6964554,14.594,15.307
LMC,9.6739034,13.922,14.734
LMC,10.8507521,13.652,14.475
LMC,7.0427564,14.282,15.100
LMC,2.0915747,16.143,16.843
LMC,4.6226571,14.666,15.342
LMC,5.7002394,14.651,15.413
LMC,2.3822516,15.569,16.267
LMC,3.7727748,15.120,15.810
LMC,3.1011954,15.406,16.105
LMC,2.8520210,15.482,16.340
LMC,4.0133542,15.070,15.724
LMC,8.0774518,14.083,14.987
LMC,2.9260381,15.332,16.097
LMC,3.3729696,15.278,16.043
LMC,2.4914949,15.598,16.282
LMC,3.3211558,15.261,16.039
LMC,2.3270788,15.820,16.588
LMC,9.8433548,13.830,14.690
LMC,3.3353053,15.197,15.924
LMC,3.1519780,15.308,16.061
LMC,6.8785763,14.127,14.780
LMC,1.8686200,15.991,16.729
LMC,2.7551528,15.372,16.087
SMC,1.1282584,17.314,17.897
SMC,1.2874115,17.196,17.768
SMC,1.4847727,17.120,17.770
SMC,1.6392327,16.814,17.384
SMC,1.4426110,16.976,17.515
SMC,1.3935063,16.946,17.592
SMC,2.9238729,15.976,16.630
SMC,4.4165259,15.491,16.201
SMC,1.8279108,16.656,17.312
SMC,4.8298084,15.335,15.961
SMC,3.1148307,15.694,16.292
SMC,1.2951188,17.398,18.056
SMC,1.2256194,17.216,17.789
SMC,1.3036176,16.855,17.344
SMC,1.0925618,17.301,17.848
SMC,6.6913506,14.920,15.672
SMC,1.5269121,16.942,17.562
SMC,1.3378187,17.231,17.875
SMC,1.5918392,17.053,17.687
SMC,1.4737791,16.937,17.597
SMC,2.8601644,15.916,16.550
SMC,3.3838318,15.952,16.680
SMC,4.6739541,15.341,16.033
SMC,1.2258176,17.120,17.649
SMC,1.0317372,17.493,18.092
SMC,1.9109710,16.583,17.220
SMC,1.3904256,16.901,17.473
SMC,1.9378934,16.683,17.333
SMC,1.1450995,17.273,17.795
SMC,1.4279698,17.052,17.647
SMC,3.2138986,15.877,16.570
SMC,1.8351107,16.848,17.485
SMC,2.3832373,16.420,17.123
SMC,4.6594634,15.370,16.011
SMC,1.4714919,17.040,17.589
SMC,1.3424824,17.264,17.836
SMC,1.3247768,17.084,17.580
SMC,1.0678978,17.252,17.821
SMC,1.9208993,16.643,17.339
SMC,1.1858528,17.381,17.988
SMC,4.6677202,15.355,16.043
SMC,5.2671440,15.324,16.092
SMC,2.6531081,16.203,16.734
SMC,1.3749662,17.195,17.870
SMC,2.2094268,16.529,17.201
SMC,1.3845974,16.934,17.547
SMC,1.0868823,17.549,18.186
SMC,2.5754313,15.953,16.541
SMC,0.9788702,16.986,17.551
SMC,1.0554266,17.490,18.118
SMC,1.3126397,17.183,17.821
SMC,1.7632717,16.729,17.367
SMC,4.3041835,15.264,16.027
SMC,1.8393365,16.768,17.411
SMC,1.9968024,16.589,17.273
SMC,1.7066324,16.924,17.564
SMC,1.8699798,16.586,17.211
SMC,1.1369253,17.133,17.777
SMC,10.5656969,14.238,15.034
SMC,2.7119408,16.006,16.607
SMC,0.9546851,17.729,18.250
SMC,1.2230924,17.240,17.847
SMC,1.1576001,17.301,17.823
SMC,1.6000006,16.453,16.897
SMC,1.3659716,17.211,17.683
SMC,1.2940584,17.015,17.591
SMC,2.4424932,16.315,16.994
SMC,1.3882425,17.130,17.690
SMC,6.6629545,14.912,15.619
SMC,2.3290270,16.272,16.820
SMC,1.7030774,16.969,17.632
SMC,1.0993577,17.165,17.769
SMC,1.5102873,16.884,17.519
SMC,1.5537377,16.833,17.476
SMC,1.4806144,16.844,17.440
SMC,2.1737389,16.382,17.007
SMC,1.8534738,16.569,17.190
SMC,2.1761677,16.703,17.373
SMC,15.8377104,13.401,14.115
SMC,1.6340158,16.634,17.267
SMC,3.5425624,15.675,16.317
SMC,1.3845387,17.041,17.623
SMC,1.2334895,17.468,18.135
SMC,13.7241439,14.017,14.937
SMC,1.6467235,17.015,17.681
SMC,1.2996498,17.004,17.442
SMC,2.1172076,16.404,17.010
SMC,1.2284442,17.328,17.917
SMC,1.4996063,16.807,17.361
SMC,1.5504520,17.061,17.637
SMC,2.0019590,16.498,17.112
SMC,1.2011847,17.433,18.080
SMC,3.5796034,15.517,16.122
SMC,3.8435441,15.897,16.638
SMC,1.8989404,16.620,17.194
SMC,2.5257408,16.345,17.060
SMC,1.8008817,16.659,17.307
SMC,1.8247834,16.720,17.375
SMC,2.0726081,16.454,17.083
SMC,1.0944036,17.477,18.075
SMC,4.9779846,15.539,16.316
SMC,2.0277171,16.597,17.288
SMC,1.4438434,17.003,17.610
SMC,1.5217493,17.011,17.621
SMC,16.6795155,13.628,14.425
SMC,2.0224881,16.918,17.577
SMC,1.0320817,17.408,17.995
SMC,2.3407553,16.364,17.057
SMC,2.5167497,16.270,16.905
SMC,2.4168726,16.098,16.649
SMC,1.2139358,17.373,17.987
SMC,1.1016154,17.380,17.920
SMC,3.5697011,16.120,16.758
SMC,2.9676480,16.387,17.090
SMC,1.3582954,17.075,17.671
SMC,0.9625698,17.492,18.046
SMC,3.1411690,15.757,16.431
SMC,16.2961015,13.842,14.729
SMC,1.0294584,17.728,18.321
SMC,1.3725058,16.931,17.514
SMC,3.2778027,15.969,16.611
SMC,1.2223121,17.281,17.915
SMC,1.4000105,17.030,17.636
SMC,14.3813503,13.963,14.762
SMC,1.3409658,17.057,17.607
SMC,1.0219684,17.657,18.280
SMC,1.0500507,17.264,17.878
SMC,5.7945008,15.074,15.826
SMC,1.4145652,17.064,17.723
SMC,1.7181330,16.640,17.074
SMC,1.5990027,17.091,17.793
SMC,1.7406744,16.696,17.272
SMC,1.6622302,17.063,17.709
SMC,1.3881620,17.320,18.006
SMC,1.2030270,17.402,17.980
SMC,2.6601390,16.307,16.943
SMC,2.1028519,16.445,17.115
SMC,1.3570585,17.253,17.853
SMC,1.4230201,17.125,17.704
SMC,1.2691942,16.998,17.587
SMC,1.1289312,17.449,18.073
SMC,1.1785503,17.622,18.107
SMC,8.4955307,14.487,15.174
SMC,36.9624960,12.877,13.922
SMC,7.9398767,14.686,15.474
SMC,1.5438672,16.523,17.149
SMC,1.0275014,17.529,18.166
SMC,2.1131969,16.575,17.228
SMC,2.7698708,16.119,16.788
SMC,2.1311588,16.605,17.195
SMC,3.4892496,15.809,16.536
SMC,1.9997508,16.522,17.208
SMC,2.1859772,16.337,17.016
SMC,1.8021762,16.634,17.231
SMC,1.3689305,17.267,17.903
SMC,1.2162361,17.272,17.879
SMC,0.9943989,17.764,18.376
SMC,17.9433575,13.414,14.161
SMC,1.2652782,17.098,17.708
SMC,1.2743850,17.385,18.017
SMC,1.3253325,17.308,17.833
SMC,3.5829729,15.866,16.556
SMC,1.4805104,16.871,17.396
SMC,3.6493644,16.240,16.956
SMC,1.4720103,16.834,17.369
SMC,1.8829596,16.635,17.361
SMC,5.9734591,15.665,16.397
SMC,1.6526553,16.539,17.080
SMC,1.2054234,17.441,18.001
SMC,1.3834497,17.213,17.867
SMC,3.7624229,16.036,16.741
SMC,1.3673883,17.454,18.098
SMC,1.4794022,16.971,17.687
SMC,1.7309657,16.454,16.983
SMC,10.3334896,14.195,14.902
SMC,3.0685720,16.014,16.645
SMC,3.1681377,15.970,16.725
SMC,4.9155112,15.191,15.877
SMC,17.4636067,13.755,14.733
SMC,1.9133913,16.709,17.425
SMC,1.6216094,16.421,17.059
SMC,13.4793779,13.993,14.787
SMC,2.2325666,16.512,17.153
SMC,10.2519541,14.421,15.297
SMC,1.2591180,17.378,17.981
SMC,28.4414673,13.147,14.095
SMC,3.4913257,16.045,16.749
SMC,2.2481041,15.744,16.559
SMC,1.0936820,17.606,18.110
SMC,2.0178223,16.546,17.197
SMC,1.6915927,16.730,17.334
SMC,2.6227441,16.369,16.876
SMC,3.7378783,15.693,16.395
SMC,1.2842494,17.186,17.720
SMC,13.0907701,13.982,14.754
SMC,1.4740199,17.192,17.908
SMC,1.9564787,16.627,17.339
SMC,1.6303457,16.865,17.425
SMC,3.0752094,15.868,16.572
SMC,1.3765098,17.263,17.885
SMC,1.2012867,17.380,18.064
SMC,2.3062530,16.219,16.821
SMC,1.5269412,16.740,17.367
SMC,1.2415735,17.081,17.715
SMC,1.2598657,17.407,18.022
SMC,1.4617763,17.059,17.790
SMC,7.4824710,14.467,15.135
SMC,0.9823715,17.784,18.465
SMC,1.4665644,16.945,17.625
SMC,3.2420726,15.877,16.690
SMC,1.7184529,17.003,17.652
SMC,1.2495095,17.445,18.026
SMC,1.8121120,16.761,17.485
SMC,1.7201374,16.923,17.643
SMC,3.1653084,15.886,16.554
SMC,1.6850349,16.824,17.526
SMC,12.4088108,14.261,15.055
SMC,2.1662971,16.315,16.893
SMC,2.4746091,16.097,16.696
SMC,1.5971247,16.722,17.279
SMC,1.9987474,16.254,16.849
SMC,16.7419693,13.655,14.524
SMC,1.4582007,17.054,17.785
SMC,1.5661074,16.815,17.504
SMC,10.6808223,14.314,15.134
SMC,1.1460034,17.217,17.827
SMC,1.3900881,16.972,17.599
SMC,1.3051110,17.165,17.831
SMC,2.0247035,16.558,17.158
SMC,2.0662846,16.643,17.425
SMC,4.0373192,15.671,16.443
SMC,8.8434024,14.635,15.487
SMC,2.7475142,15.813,16.402
SMC,1.4556836,16.931,17.548
SMC,1.2759653,17.150,17.755
SMC,1.4775159,16.841,17.482
SMC,4.3883984,15.688,16.432
SMC,1.2833386,16.712,17.326
SMC,1.5290161,16.849,17.526
SMC,1.4252491,17.358,17.985
SMC,1.6518037,16.974,17.708
SMC,2.3158508,16.324,16.989
SMC,1.7543063,16.666,17.320
SMC,2.1655111,16.495,17.152
SMC,1.2950730,17.306,17.980
SMC,1.4602150,17.138,17.793
SMC,1.3125130,17.412,18.104
SMC,1.2194640,16.505,17.383
SMC,2.0113832,16.345,16.945
SMC,1.4563303,16.689,17.295
SMC,2.1897515,16.512,17.262
SMC,1.0675811,17.596,18.212
SMC,4.2624242,15.649,16.428
SMC,1.3445585,17.119,17.745
SMC,2.0621780,16.545,17.237
SMC,1.0822838,17.441,18.201
SMC,3.2417560,15.822,16.493
SMC,2.0081585,16.515,17.208
SMC,4.7581508,15.025,15.884
SMC,6.3118060,15.217,16.038
SMC,1.5125407,16.951,17.605
SMC,1.7308416,16.539,17.117
SMC,6.2287886,15.258,15.986
SMC,1.6142195,16.944,17.644
SMC,1.5877347,16.722,17.326
SMC,1.3000148,17.151,17.814
SMC,1.8508130,15.762,16.543
SMC,1.1884114,17.283,17.942
SMC,1.6276688,17.025,17.682
SMC,1.7462369,16.897,17.718
SMC,8.3964741,14.486,15.256
SMC,1.9909070,16.651,17.353
SMC,2.5414719,16.145,16.842
SMC,15.7735175,14.173,15.184
SMC,1.9331474,16.631,17.390
SMC,10.7171935,14.386,15.254
SMC,2.1815670,16.406,17.083
SMC,1.6376934,16.829,17.511
SMC,10.5271513,14.536,15.383
SMC,1.5720864,16.907,17.646
SMC,1.7262949,17.028,17.739
SMC,1.4450699,16.879,17.476
SMC,3.9094518,15.390,16.122
SMC,1.2555230,17.422,18.024
SMC,1.8539716,16.697,17.368
SMC,1.1856602,17.443,18.082
SMC,13.7056538,14.024,14.875
SMC,1.9795691,16.421,17.112
SMC,2.4319979,16.271,16.968
SMC,1.7073291,16.782,17.372
SMC,1.3735721,16.998,17.571
SMC,3.2622756,15.807,16.473
SMC,1.2564069,17.053,17.668
SMC,1.6109403,16.878,17.496
SMC,1.3798424,17.076,17.698
SMC,1.6107962,16.918,17.583
SMC,1.6668112,16.873,17.483
SMC,1.9874406,16.410,17.045
SMC,1.6991349,16.614,17.204
SMC,5.7479041,14.862,15.534
SMC,2.4033624,16.304,16.992
SMC,1.6031685,16.975,17.670
SMC,4.0389401,15.689,16.375
SMC,10.8827914,14.354,15.213
SMC,4.8967347,15.178,15.872
SMC,2.0941387,16.691,17.292
SMC,31.9279909,12.767,13.864
SMC,14.4264068,14.122,15.110
SMC,2.1379176,16.769,17.570
SMC,1.9538168,16.641,17.383
SMC,1.3705269,17.240,17.833
SMC,1.7230661,16.454,17.137
SMC,1.7877708,16.633,17.261
SMC,4.6543656,15.296,16.058
SMC,1.9034446,16.050,16.702
SMC,2.4501599,16.328,17.051
SMC,1.4496296,17.097,17.745
SMC,1.6716472,16.863,17.541
SMC,1.4008174,16.992,17.604
SMC,3.0716983,16.282,17.170
SMC,1.9693619,16.504,17.180
SMC,2.4735444,16.413,17.161
SMC,2.1475007,16.689,17.438
SMC,2.1757762,16.469,17.187
SMC,1.3183040,17.096,17.689
SMC,1.9099091,16.430,17.014
SMC,2.0266061,16.342,16.873
SMC,1.7673241,16.724,17.428
SMC,4.8322805,15.560,16.440
SMC,1.3130017,17.304,17.882
SMC,1.2054368,17.216,17.838
SMC,1.6176572,16.679,17.264
SMC,0.9946820,17.779,18.428
SMC,1.8111450,16.817,17.551
SMC,7.7218306,14.715,15.568
SMC,1.4752050,17.087,17.744
SMC,2.0606896,16.345,16.939
SMC,1.4891608,16.981,17.663
SMC,1.5566339,16.854,17.514
SMC,1.5789977,16.945,17.644
SMC,2.1600815,16.418,17.125
SMC,1.6803601,17.158,18.058
SMC,1.0733285,17.601,18.260
SMC,1.9349573,16.504,17.113
SMC,1.1327172,17.473,18.071
SMC,6.3004715,15.182,16.088
SMC,2.5775065,16.091,16.735
SMC,1.7530097,16.851,17.543
SMC,5.7946657,15.229,16.065
SMC,1.5615305,16.685,17.310
SMC,1.3719572,17.104,17.737
SMC,10.4305741,14.563,15.456
SMC,1.7986924,16.574,17.339
SMC,1.4390218,16.526,16.981
SMC,1.5793803,16.931,17.633
SMC,8.0605223,14.411,15.170
SMC,1.6384967,16.932,17.666
SMC,1.9876794,16.475,17.145
SMC,1.0984353,17.617,18.259
SMC,8.8806413,14.580,15.451
SMC,2.0200614,16.710,17.501
SMC,1.2363777,17.377,17.977
SMC,1.3388083,17.512,18.332
SMC,2.0562997,16.448,17.076
SMC,1.2946880,17.171,17.844
SMC,1.2176349,17.074,17.652
SMC,1.6776929,16.927,17.614
SMC,1.8784953,16.810,17.554
SMC,3.2183076,16.000,16.789
SMC,1.4027251,16.849,17.427
SMC,3.4630474,16.449,17.280
SMC,3.0429353,16.051,16.806
SMC,1.5806374,16.886,17.537
SMC,9.1447768,14.988,16.041
SMC,0.9436448,17.941,18.623
SMC,2.7444152,16.230,17.047
SMC,4.3409513,15.347,16.084
SMC,1.6360128,16.712,17.323
SMC,4.5114318,15.206,15.901
SMC,10.4850576,14.588,15.428
SMC,2.1960326,16.760,17.693
SMC,0.9985363,17.532,18.135
SMC,1.7320698,16.426,16.897
SMC,1.6787896,16.496,17.039
SMC,1.6481459,16.984,17.740
SMC,1.6855103,17.242,18.162
SMC,1.2411402,17.358,18.080
SMC,1.4266552,17.030,17.665
SMC,1.7213755,16.728,17.410
SMC,1.5859789,15.295,16.192
SMC,1.7792671,16.433,16.981
SMC,1.2400089,17.206,17.855
SMC,1.5925642,16.907,17.535
SMC,1.9147465,16.456,17.041
SMC,1.8692753,16.919,17.792
SMC,2.2984777,16.349,16.990
SMC,1.9349335,16.701,17.335
SMC,1.6175124,16.866,17.509
SMC,1.5474952,16.697,17.232
SMC,1.4379908,16.872,17.503
SMC,1.4573311,16.980,17.654
SMC,1.8252208,16.553,17.148
SMC,1.5768673,16.983,17.710
SMC,1.2110898,17.655,18.456
SMC,3.9111224,15.541,16.276
SMC,1.6869481,16.683,17.409
SMC,6.6482019,14.711,15.455
SMC,2.2434992,16.392,17.121
SMC,6.4634351,15.116,15.896
SMC,1.2852809,17.192,17.896
SMC,1.5897285,17.727,18.820
SMC,1.8214142,16.682,17.443
SMC,1.7152696,17.183,18.089
SMC,1.5641750,16.768,17.460
SMC,1.2638600,17.232,17.836
SMC,2.1539445,16.208,16.783
SMC,1.8425279,16.870,17.609
SMC,2.1061802,16.666,17.361
SMC,1.9146616,16.595,17.216
SMC,8.8488496,14.411,15.162
SMC,1.5049266,17.112,17.805
SMC,1.6344825,16.744,17.352
SMC,1.7416155,16.770,17.364
SMC,1.7149314,16.864,17.595
SMC,1.1803223,17.480,18.131
SMC,1.9276187,16.624,17.297
SMC,0.9653583,17.406,17.978
SMC,2.2689058,16.553,17.356
SMC,8.0399256,14.566,15.297
SMC,1.8470682,16.543,17.192
SMC,5.6391567,15.378,16.291
SMC,1.2698599,17.574,18.332
SMC,2.2992281,15.578,16.003
SMC,1.1540794,17.319,17.901
SMC,8.1412143,14.909,15.842
SMC,1.2067513,17.559,18.258
SMC,2.1237525,16.629,17.527
SMC,3.5698004,15.710,16.391
SMC,2.0750534,16.328,16.891
SMC,1.7293764,16.674,17.317
SMC,3.5007927,15.766,16.420
SMC,2.4591186,16.243,16.952
SMC,1.8966657,16.744,17.493
SMC,1.8638665,16.572,17.217
SMC,1.7030582,16.937,17.692
SMC,2.1252818,16.448,17.043
SMC,5.6622936,15.102,15.796
SMC,1.1545319,17.242,17.835
SMC,3.6835487,15.612,16.320
SMC,2.9657535,16.247,17.056
SMC,1.8446658,16.615,17.344
SMC,1.5793565,16.793,17.381
SMC,1.6631467,16.974,17.592
SMC,2.2943655,16.277,16.968
SMC,0.9508464,17.713,18.350
SMC,8.4931886,14.830,15.747
SMC,4.9878115,15.114,15.833
SMC,3.3202451,15.977,16.704
SMC,2.0641758,16.326,16.881
SMC,1.7400881,16.523,17.132
SMC,1.2570751,17.327,17.928
SMC,2.2977154,16.575,17.393
SMC,2.0079726,16.580,17.304
SMC,2.1082211,15.528,16.446
SMC,1.5515047,17.148,17.883
SMC,1.6679541,16.763,17.465
SMC,2.0099888,16.568,17.254
SMC,1.8610355,16.615,17.292
SMC,1.7379928,16.848,17.539
SMC,1.9703933,16.439,17.073
SMC,2.0759563,17.054,17.977
SMC,1.7226487,16.989,17.765
SMC,1.8427524,17.406,18.411
SMC,1.6519241,17.064,17.814
SMC,2.1292904,16.501,17.237
SMC,1.5320657,16.891,17.537
SMC,1.9616432,16.794,17.522
SMC,1.2894218,16.851,17.440
SMC,1.6622948,16.717,17.353
SMC,1.7155651,16.482,17.050
SMC,6.0110896,15.400,16.408
SMC,1.8922044,16.910,17.770
SMC,1.5669064,16.609,17.167
SMC,1.3458747,17.279,17.934
SMC,10.4451820,14.457,15.210
SMC,7.3321873,15.183,15.988
SMC,1.3616128,17.166,17.854
SMC,2.3924705,16.156,16.803
SMC,1.3947219,17.088,17.713
SMC,3.2829123,15.815,16.545
SMC,2.1602230,16.383,17.059
SMC,1.3099325,17.029,17.684
SMC,1.9766648,16.385,17.013
SMC,2.4385015,16.317,17.053
SMC,1.5807454,16.799,17.346
SMC,1.5695001,16.921,17.550
SMC,4.5471610,15.255,15.942
SMC,4.1265262,15.543,16.273
SMC,1.2558143,17.413,18.210
SMC,1.8808011,16.720,17.470
SMC,2.1711207,16.397,17.131
SMC,1.6628472,17.319,18.355
SMC,1.6358735,16.683,17.336
SMC,8.4829240,14.629,15.448
SMC,1.3907691,17.200,17.968
SMC,5.0951958,15.359,16.134
SMC,1.5549325,16.830,17.472
SMC,1.9444800,16.954,17.815
SMC,1.3813722,17.226,17.878
SMC,3.1313978,15.973,16.705
SMC,4.4312717,15.693,16.573
SMC,1.2913920,17.153,17.794
SMC,1.9021212,16.799,17.565
SMC,1.8452499,16.619,17.254
SMC,1.9933414,16.536,17.196
SMC,5.3770000,15.814,16.704
SMC,2.0239971,16.527,17.161
SMC,1.2231992,17.117,17.739
SMC,1.6317189,17.043,17.797
SMC,1.9854213,16.508,17.166
SMC,2.2047496,16.809,17.600
SMC,23.9666767,13.367,14.263
SMC,2.1267809,16.400,17.066
SMC,2.3830615,16.617,17.282
SMC,2.1372871,16.640,17.427
SMC,1.3118022,17.378,18.170
SMC,2.2165781,16.472,17.136
SMC,5.8225872,15.231,16.032
SMC,1.5600400,17.597,18.468
SMC,3.0490628,15.971,16.678
SMC,3.4776379,16.250,17.084
SMC,1.4910446,16.952,17.595
SMC,5.8327965,14.975,15.768
SMC,1.0300123,17.662,18.312
SMC,6.6970817,15.271,16.177
SMC,4.8849912,15.240,15.978
SMC,6.8789610,15.289,16.267
SMC,1.7309006,16.854,17.551
SMC,1.7074481,16.736,17.344
SMC,4.2873697,15.630,16.385
SMC,1.4397521,16.990,17.636
SMC,1.1257182,17.142,17.654
SMC,1.5081107,16.761,17.367
SMC,27.2489662,13.160,14.193
SMC,7.0113758,14.584,15.268
SMC,1.5259780,16.953,17.555
SMC,3.8491344,15.523,16.272
SMC,2.6521553,16.295,17.011
SMC,1.6860764,17.686,18.821
SMC,1.3050120,17.413,18.101
SMC,1.6022464,16.653,17.143
SMC,6.9185996,15.020,15.785
SMC,1.1875418,17.184,17.648
SMC,1.9424422,16.500,17.314
SMC,1.7443816,16.954,17.705
SMC,1.6569699,16.815,17.437
SMC,2.1060937,16.191,16.715
SMC,1.5596408,17.354,18.121
SMC,2.2371150,16.339,17.067
SMC,9.3281120,14.992,16.101
SMC,2.5849579,16.384,17.170
SMC,1.7719377,16.696,17.435
SMC,2.0371634,15.742,16.462
SMC,11.7705094,14.414,15.431
SMC,2.5842973,16.197,16.907
SMC,1.2621747,16.995,17.580
SMC,1.0431332,18.070,19.015
SMC,3.2821651,16.110,16.443
SMC,1.1176415,16.945,17.518
SMC,15.2838898,13.897,14.782
SMC,13.6534261,13.929,14.807
SMC,8.3760224,14.448,15.146
SMC,4.7938374,15.424,16.160
SMC,1.6252383,17.108,17.909
SMC,1.9361424,16.473,17.076
SMC,1.7505115,17.246,18.099
SMC,1.8660006,16.622,17.327
SMC,2.0369022,16.522,17.207
SMC,4.1932361,15.508,16.292
SMC,1.7034634,16.572,17.192
SMC,1.3152828,17.603,18.511
SMC,2.1023580,15.987,16.729
SMC,1.4321667,17.089,17.768
SMC,2.6475635,16.298,17.081
SMC,2.2967502,16.896,17.873
SMC,1.7832123,17.146,17.848
SMC,1.1638954,17.192,17.793
SMC,1.9120246,16.349,16.958
SMC,2.8989329,16.029,16.751
SMC,1.5046356,17.428,18.321
SMC,24.4834722,13.646,14.737
SMC,5.7565844,14.975,15.687
SMC,1.4132834,17.112,17.722
SMC,1.7613213,16.521,17.127
SMC,1.8792011,16.582,17.267
SMC,1.6560782,16.460,16.989
SMC,3.9003814,15.920,16.755
SMC,2.9936267,15.814,16.429
SMC,9.6597116,15.337,16.596
SMC,1.5243122,16.813,17.402
SMC,2.7418068,16.294,16.955
SMC,1.2838165,17.128,17.800
SMC,1.6361626,16.876,17.596
SMC,1.1118375,17.857,18.634
SMC,1.9543544,16.434,17.078
SMC,1.7350568,16.544,17.164
SMC,3.6927652,15.460,16.086
SMC,5.7806121,17.295,18.979
SMC,6.4475460,15.407,16.489
SMC,3.1432755,15.947,16.680
SMC,2.0558214,16.330,16.953
SMC,1.3134122,17.270,17.972
SMC,1.8382953,16.569,17.233
SMC,2.3857644,16.515,17.283
SMC,1.1656238,17.399,18.031
SMC,1.8170853,16.993,17.809
SMC,2.0220164,16.435,17.093
SMC,1.7695485,16.680,17.338
SMC,1.7021011,16.654,17.362
SMC,1.5974936,17.152,17.966
SMC,1.7705105,16.577,17.192
SMC,1.2407875,17.212,17.789
SMC,30.0728274,12.988,14.070
SMC,1.2162450,17.291,17.896
SMC,1.7160833,16.725,17.369
SMC,2.4794915,16.014,16.636
SMC,2.0044396,16.800,17.530
SMC,5.1066848,15.685,16.627
SMC,1.6026310,16.972,17.726
SMC,10.3089468,14.831,15.870
SMC,1.9734154,16.362,16.977
SMC,14.0624745,13.950,14.867
SMC,2.1119115,16.411,17.115
SMC,2.0470623,16.604,17.292
SMC,1.5575931,16.940,17.614
SMC,1.8721415,16.433,17.023
SMC,1.7711618,16.750,17.425
SMC,1.5979639,16.591,17.163
SMC,1.3387279,17.124,17.736
SMC,2.6457060,16.062,16.745
SMC,1.7910724,16.597,17.279
SMC,3.0892995,15.983,16.572
SMC,3.6991453,15.437,16.054
SMC,1.4748353,16.864,17.415
SMC,1.7667423,16.662,17.275
SMC,1.9689179,16.299,17.177
SMC,1.0257330,17.616,18.355
SMC,5.1138747,15.415,16.149
SMC,1.1392844,17.344,17.924
SMC,2.1715395,16.484,17.085
SMC,9.4904150,14.651,15.425
SMC,2.9957546,15.793,16.439
SMC,5.4043362,15.191,15.996
SMC,1.5124510,17.139,17.852
SMC,4.9654149,15.771,16.773
SMC,3.3499381,15.747,16.510
SMC,1.4174544,17.059,17.702
SMC,1.7949903,17.288,18.266
SMC,2.4511906,16.197,16.887
SMC,1.9000385,16.612,17.246
SMC,1.1409952,17.207,17.770
SMC,1.5175505,16.926,17.529
SMC,2.1057341,16.697,17.518
SMC,1.6361818,16.608,17.131
SMC,1.9166824,16.883,17.600
SMC,1.9919451,16.901,17.752
SMC,2.1100525,16.496,17.212
SMC,2.0422708,16.443,17.119
SMC,13.3027724,14.335,15.323
SMC,7.0489028,15.086,15.984
SMC,4.9706036,15.650,16.579
SMC,2.9647742,14.750,15.490
SMC,1.9626257,16.566,17.216
SMC,1.2074641,17.593,18.447
SMC,1.3598724,17.258,17.966
SMC,10.0392948,14.464,15.318
SMC,3.2238440,15.846,16.464
SMC,1.9616320,16.588,17.322
SMC,1.0475999,17.335,17.962
SMC,1.8631049,16.721,17.447
SMC,1.4303523,17.114,17.796
SMC,1.5023091,16.768,17.364
SMC,5.2966862,15.475,16.340
SMC,3.0618528,15.918,16.619
SMC,2.1368523,16.455,17.145
SMC,4.0920155,15.668,16.391
SMC,1.7180756,16.770,17.396
SMC,6.5663874,14.781,15.470
SMC,3.6270110,15.836,16.620
SMC,1.5932469,16.703,17.353
SMC,2.0507119,16.625,17.283
SMC,1.3074788,16.844,17.499
SMC,2.9127623,15.516,16.163
SMC,1.7014307,16.566,17.184
SMC,1.5157512,17.160,17.835
SMC,2.4039710,16.378,17.120
SMC,1.6413057,16.865,17.462
SMC,1.6961955,16.908,17.635
SMC,3.3416140,15.949,16.682
SMC,1.0880856,17.284,17.914
SMC,1.3768413,16.998,17.632
SMC,1.8284691,16.740,17.449
SMC,1.4740279,16.953,17.709
SMC,1.1380088,17.103,17.640
SMC,1.4314763,16.948,17.532
SMC,1.8839134,16.339,16.899
SMC,11.1933912,14.289,15.230
SMC,1.6333593,16.799,17.371
SMC,1.2881215,17.244,17.983
SMC,3.4500880,16.150,17.129
SMC,1.8192703,16.639,17.350
SMC,2.9425330,15.955,16.526
SMC,1.7596677,16.804,17.510
SMC,1.4752009,17.041,17.719
SMC,1.6815039,16.115,16.927
SMC,2.7698329,16.031,16.687
SMC,3.0081855,16.299,17.232
SMC,1.2494140,16.962,17.447
SMC,1.6029439,16.644,17.215
SMC,4.4165946,15.593,16.426
SMC,1.2100049,17.158,17.777
SMC,1.7448445,16.512,17.124
SMC,1.4828388,16.841,17.435
SMC,1.5086374,17.040,17.745
SMC,1.7398054,16.669,17.341
SMC,1.5503933,17.239,18.066
SMC,1.8665746,16.379,16.958
SMC,4.8458344,15.162,15.871
SMC,1.7826270,16.830,17.560
SMC,15.6580801,13.754,14.598
SMC,3.8241232,15.756,16.495
SMC,2.1828611,16.400,17.115
SMC,4.1604162,15.543,16.263
SMC,2.8463803,16.132,16.906
SMC,1.2483905,17.038,17.622
SMC,1.7077051,16.814,17.498
SMC,3.2841072,15.961,16.726
SMC,13.4636833,13.708,14.428
SMC,4.1239525,15.521,16.236
SMC,2.5322927,16.265,17.050
SMC,9.9403094,14.485,15.352
SMC,15.8221164,13.841,14.775
SMC,2.6659843,16.335,17.086
SMC,2.0500214,16.253,16.832
SMC,1.6705597,16.675,17.347
SMC,1.6706749,17.143,17.920
SMC,3.8330379,15.856,16.705
SMC,1.2062744,17.202,17.815
SMC,1.1501639,17.004,17.536
SMC,1.2294754,17.354,18.061
SMC,3.2832297,15.726,16.385
SMC,2.7562439,16.045,16.994
SMC,9.0261375,14.465,15.316
SMC,1.3956586,17.246,18.010
SMC,2.4337991,16.135,16.879
SMC,1.4275417,16.788,17.332
SMC,28.7822793,13.284,14.367
SMC,2.4926245,16.696,17.481
SMC,1.5598210,16.976,17.628
SMC,16.2976738,14.117,15.191
SMC,3.4502789,15.794,16.406
SMC,9.1878872,14.374,15.203
SMC,1.9061745,16.644,17.314
SMC,3.4204323,15.782,16.513
SMC,1.7773911,16.972,17.805
SMC,1.9747116,16.459,17.141
SMC,3.2249467,15.765,16.425
SMC,2.0509884,16.276,16.861
SMC,2.3509887,16.196,16.813
SMC,2.1251531,16.433,17.124
SMC,1.4423179,16.771,17.272
SMC,1.1517559,17.369,18.076
SMC,1.0141073,17.298,17.910
SMC,1.5865678,17.023,17.754
SMC,6.8739469,14.908,15.639
SMC,1.6052135,16.883,17.572
SMC,1.6117386,17.114,17.897
SMC,9.5592881,14.290,15.000
SMC,2.4234962,16.248,16.940
SMC,4.6723127,15.443,16.241
SMC,1.8256040,16.338,16.831
SMC,2.3110093,16.189,16.795
SMC,3.2435798,15.931,16.664
SMC,1.3700045,17.141,17.776
SMC,1.7766634,16.470,17.128
SMC,1.6859524,16.835,17.556
SMC,3.7596680,15.985,16.926
SMC,5.7490507,15.418,16.293
SMC,6.4868267,15.357,16.180
SMC,1.2304508,17.200,17.827
SMC,5.9500756,15.122,15.880
SMC,1.4130271,16.898,17.453
SMC,2.4230179,16.629,17.409
SMC,1.4884484,16.586,17.084
SMC,1.2191787,17.343,18.078
SMC,1.9026319,16.502,17.118
SMC,1.3608842,17.336,18.025
SMC,2.0722669,16.675,17.483
SMC,2.0870073,16.460,17.133
SMC,32.0381382,12.981,13.985
SMC,5.8896974,14.804,15.486
SMC,7.1635321,15.159,16.073
SMC,1.3236148,17.224,17.881
SMC,1.5476188,16.682,17.286
SMC,5.0017794,15.107,15.801
SMC,1.4370513,17.187,17.900
SMC,2.4095083,16.291,16.963
SMC,2.1012889,16.352,17.076
SMC,6.2917635,14.608,15.242
SMC,5.9547334,15.240,16.040
SMC,2.5635096,16.045,16.698
SMC,1.4694971,17.053,17.734
SMC,1.5451799,16.839,17.475
SMC,1.1215797,17.269,17.879
SMC,2.4921276,16.182,16.867
SMC,4.3505853,15.370,16.021
SMC,1.2367015,16.924,17.392
SMC,3.0422138,15.915,16.611
SMC,0.9884635,17.405,17.989
SMC,1.4285357,16.837,17.369
SMC,1.3883006,16.924,17.525
SMC,2.8766703,15.971,16.667
SMC,3.1906488,15.877,16.560
SMC,3.3729424,15.582,16.212
SMC,2.5090581,16.734,17.456
SMC,27.4086442,13.193,14.169
SMC,2.3388997,16.265,16.956
SMC,1.2902342,16.183,16.849
SMC,1.9463743,16.415,16.984
SMC,1.4942608,16.911,17.485
SMC,3.0743774,15.998,16.731
SMC,1.2550881,17.030,17.595
SMC,1.9928087,16.468,17.132
SMC,2.6487603,16.025,16.681
SMC,5.8031455,14.824,15.504
SMC,6.5465634,14.801,15.533
SMC,1.2652848,17.178,17.763
SMC,2.5826705,15.783,16.397
SMC,2.3843521,17.143,18.246
SMC,4.4068798,15.608,16.360
SMC,1.5716071,16.882,17.577
SMC,6.8179864,14.713,15.483
SMC,1.1341431,17.274,17.948
SMC,1.4920911,16.959,17.667
SMC,1.3217896,17.201,17.801
SMC,5.1191673,15.245,15.949
SMC,3.5457101,15.410,16.118
SMC,1.1971512,16.928,17.550
SMC,2.2635502,16.622,17.393
SMC,1.5046521,16.705,17.249
SMC,1.2861266,16.980,17.544
SMC,1.8862625,16.438,17.067
SMC,1.8795187,16.574,17.293
SMC,2.4909238,16.340,17.097
SMC,1.2962237,17.154,17.763
SMC,6.7508885,14.860,15.686
SMC,5.6922204,15.314,16.178
SMC,15.6462667,13.703,14.563
SMC,9.7443948,14.693,15.603
SMC,1.8201074,16.634,17.257
SMC,1.3505689,17.126,17.761
SMC,1.7653315,16.788,17.459
SMC,6.0843005,15.253,16.082
SMC,1.5800119,16.828,17.483
SMC,1.2511686,16.493,16.910
SMC,1.7542143,16.631,17.315
SMC,1.8914499,16.560,17.225
SMC,1.6234984,16.965,17.700
SMC,1.5206013,17.170,17.870
SMC,1.3056981,17.363,17.954
SMC,1.4358501,16.966,17.617
SMC,1.9137498,17.003,17.855
SMC,4.1738398,15.535,16.243
SMC,1.3952197,17.080,17.741
SMC,4.2848661,15.554,16.319
SMC,2.4444772,16.341,17.046
SMC,2.1608103,16.302,16.937
SMC,1.0116731,17.278,17.862
SMC,1.1645900,17.216,17.826
SMC,2.8994683,16.099,16.858
SMC,2.6085937,16.510,17.366
SMC,1.5741619,16.663,17.257
SMC,4.3844244,15.436,16.147
SMC,1.2240534,17.287,17.847
SMC,1.6287599,16.685,17.343
SMC,1.6118728,17.037,17.753
SMC,5.1168552,15.364,16.097
SMC,1.0132951,17.036,17.706
SMC,5.0873076,15.064,15.744
SMC,3.4427172,16.006,16.811
SMC,4.5003765,15.341,16.065
SMC,1.6190331,17.047,17.701
SMC,22.1524469,13.440,14.417
SMC,2.3003484,16.194,16.827
SMC,1.5574613,16.657,17.172
SMC,1.9029206,16.214,16.699
SMC,1.1889557,17.441,18.166
SMC,6.3845932,14.985,15.740
SMC,1.6984732,16.738,17.323
SMC,5.1608593,15.297,15.996
SMC,1.4432487,16.665,17.176
SMC,1.3041643,17.117,17.650
SMC,1.5081496,16.991,17.701
SMC,1.6879062,16.753,17.421
SMC,1.6618906,16.880,17.573
SMC,10.4319593,14.153,14.893
SMC,3.0720515,15.556,16.184
SMC,1.8347497,16.677,17.362
SMC,1.8911741,16.787,17.492
SMC,3.0376543,15.706,16.300
SMC,1.4624717,16.816,17.399
SMC,5.0526330,15.194,15.971
SMC,5.1120179,15.089,15.731
SMC,1.4649451,17.080,17.823
SMC,1.7322948,16.773,17.461
SMC,1.2496171,17.422,18.106
SMC,3.8586624,15.404,16.007
SMC,1.5515465,16.869,17.505
SMC,1.9645316,16.561,17.248
SMC,4.8884837,15.222,15.973
SMC,7.2282590,14.722,15.464
SMC,2.3820631,16.263,16.944
SMC,2.7084274,16.102,16.810
SMC,5.0234868,15.252,16.035
SMC,2.9884020,16.165,17.009
SMC,2.2353202,16.617,17.447
SMC,1.8478971,16.473,17.056
SMC,7.9025427,14.768,15.655
SMC,1.7062031,16.700,17.377
SMC,3.2524695,15.803,16.454
SMC,2.0346616,16.590,17.349
SMC,1.4298100,16.885,17.480
SMC,5.8418309,14.901,15.517
SMC,2.0629028,16.101,16.759
SMC,4.8224890,15.661,16.497
SMC,1.9624702,16.439,17.058
SMC,3.6423686,15.536,16.043
SMC,1.9204069,16.395,16.987
SMC,2.3047151,16.441,17.186
SMC,10.1582472,14.584,15.520
SMC,4.2126456,15.628,16.402
SMC,2.5445966,15.397,16.195
SMC,6.6605390,15.040,15.840
SMC,2.2747027,16.358,17.073
SMC,1.9743726,16.397,17.013
SMC,16.4364522,13.967,14.960
SMC,2.8905996,15.798,16.405
SMC,1.0823618,17.570,18.142
SMC,5.8843695,15.287,16.130
SMC,1.4080375,17.252,17.993
SMC,1.2708470,17.091,17.714
SMC,2.1278714,16.681,17.440
SMC,2.0794319,16.493,17.103
SMC,4.3733826,15.576,16.393
SMC,1.7219717,16.904,17.642
SMC,6.9219548,14.796,15.669
SMC,19.3122745,13.174,13.984
SMC,20.4529301,13.637,14.605
SMC,2.3756604,16.281,16.978
SMC,9.7306271,14.488,15.353
SMC,4.4968139,15.395,16.105
SMC,1.2764306,17.374,18.116
SMC,1.4961182,16.985,17.685
SMC,1.3309898,17.111,17.817
SMC,3.9392359,15.558,16.272
SMC,1.4780578,17.036,17.719
SMC,2.5481633,16.049,16.725
SMC,5.6240464,15.278,16.050
SMC,1.5810429,16.707,17.507
SMC,2.5815754,15.931,16.509
SMC,1.7207656,16.622,17.248
SMC,1.5397871,16.276,16.632
SMC,3.9488290,15.342,15.982
SMC,2.3580113,16.194,16.893
SMC,3.3610232,15.797,16.535
SMC,1.4182674,16.955,17.653
SMC,1.5544186,16.748,17.427
SMC,1.3317736,17.149,17.689
SMC,1.7997797,16.617,17.240
SMC,1.7970121,16.762,17.494
SMC,1.5436928,16.886,17.603
SMC,2.0537115,16.262,16.799
SMC,3.2934076,16.257,17.076
SMC,41.2118255,12.731,13.835
SMC,1.5947090,16.559,17.234
SMC,1.4955326,16.699,17.240
SMC,2.1534860,16.526,17.202
SMC,12.5521384,14.270,15.236
SMC,1.8368292,16.768,17.475
SMC,1.8087613,16.674,17.407
SMC,1.8745757,16.403,17.022
SMC,2.9225159,16.357,17.095
SMC,7.3513455,14.764,15.589
SMC,3.0311658,15.856,16.491
SMC,2.4216050,16.200,16.892
SMC,3.9968928,15.741,16.488
SMC,1.2025351,17.145,17.704
SMC,3.1499425,16.384,17.134
SMC,2.5395166,16.218,17.002
SMC,1.0748935,17.166,17.735
SMC,1.8810705,16.652,17.369
SMC,1.4228835,16.750,17.301
SMC,1.6851931,16.403,16.787
SMC,1.9428641,16.462,17.086
SMC,1.3312190,17.108,17.726
SMC,1.4375981,16.955,17.567
SMC,1.9050067,16.773,17.487
SMC,9.8843003,14.504,15.349
SMC,3.8062967,16.101,17.057
SMC,1.4360331,17.045,17.684
SMC,1.5028523,16.887,17.440
SMC,8.0887485,14.716,15.559
SMC,4.9421094,14.928,15.580
SMC,4.0311103,15.727,16.548
SMC,3.1714146,16.010,16.802
SMC,3.1187860,16.009,16.761
SMC,3.7932313,15.915,16.702
SMC,1.5283396,17.157,17.915
SMC,4.0891211,15.699,16.488
SMC,2.0310059,16.448,17.118
SMC,1.4383079,16.848,17.395
SMC,1.7883398,16.556,17.208
SMC,1.4884509,17.063,17.764
SMC,1.3893890,17.189,17.834
SMC,1.5112668,16.643,17.290
SMC,5.6652172,15.079,15.757
SMC,1.2805722,17.112,17.770
SMC,1.9026719,16.549,17.099
SMC,1.7717652,16.559,17.187
SMC,3.6182628,16.169,17.077
SMC,3.1982430,15.956,16.660
SMC,1.8107174,15.647,16.469
SMC,1.2908351,17.225,17.938
SMC,3.7899591,15.819,16.642
SMC,0.8418525,17.847,18.373
SMC,2.2040483,16.912,17.722
SMC,2.3120665,16.493,17.230
SMC,2.5708668,16.300,17.043
SMC,6.4732293,15.159,16.037
SMC,1.9603522,16.600,17.300
SMC,2.2229469,16.302,17.029
SMC,6.4332015,14.842,15.630
SMC,15.5098948,13.807,14.723
SMC,4.3142427,15.725,16.524
SMC,1.3312018,17.080,17.714
SMC,5.2539971,14.651,15.228
SMC,7.0984508,15.020,15.887
SMC,1.9368151,16.762,17.374
SMC,2.0394382,16.531,17.265
SMC,1.4270254,17.097,17.751
SMC,1.3384073,16.894,17.604
SMC,2.3652925,16.473,17.248
SMC,2.4128909,15.790,16.392
SMC,2.5772993,16.140,16.850
SMC,4.3190576,15.340,16.103
SMC,1.0945790,17.785,18.539
SMC,1.5077866,16.761,17.401
SMC,2.3372199,16.461,17.197
SMC,1.1056588,17.306,17.882
SMC,1.8474233,16.718,17.390
SMC,1.4506880,16.924,17.595
SMC,1.2573383,16.696,17.376
SMC,1.1933304,17.139,17.693
SMC,1.4712769,17.625,18.538
SMC,2.2596464,16.261,16.924
SMC,1.2475137,17.152,17.794
SMC,1.4939244,17.020,17.618
SMC,1.1748832,16.995,17.628
SMC,1.2487303,16.939,17.538
SMC,1.9191606,16.612,17.277
SMC,4.1681818,15.311,16.003
SMC,1.4829404,16.890,17.497
SMC,3.7374106,16.142,17.019
SMC,7.6821542,15.232,16.228
SMC,2.1357428,16.559,17.275
SMC,1.4590035,16.907,17.486
SMC,1.9047479,16.519,17.214
SMC,3.2518499,15.864,16.573
SMC,4.8381485,15.376,16.113
SMC,68.9874981,11.853,12.916
SMC,5.7215904,14.936,15.636
SMC,9.5234839,14.213,14.971
SMC,1.5982405,16.758,17.382
SMC,4.3727054,16.111,17.144
SMC,1.5941285,16.838,17.492
SMC,3.8473912,16.025,16.768
SMC,2.7611311,16.206,16.958
SMC,2.6019245,16.061,16.779
SMC,1.6387513,16.811,17.513
SMC,8.8261830,14.536,15.388
SMC,2.2651239,16.423,17.173
SMC,3.2488201,15.838,16.524
SMC,1.6483537,16.904,17.647
SMC,1.6612005,16.613,17.234
SMC,1.7999424,16.969,17.761
SMC,4.4618357,15.297,15.954
SMC,3.9411638,15.361,15.990
SMC,4.3362863,14.744,15.356
SMC,3.3878030,15.728,16.441
SMC,1.6463701,16.977,17.722
SMC,1.7822387,15.696,16.571
SMC,1.1915198,17.472,18.101
SMC,14.5718492,13.765,14.547
SMC,1.8732823,16.750,17.412
SMC,1.5973469,16.746,17.400
SMC,3.6641820,15.605,16.331
SMC,1.5665936,17.038,17.732
SMC,1.3359093,17.287,17.899
SMC,2.9049009,15.418,15.995
SMC,2.3263088,16.370,17.059
SMC,1.8113938,16.814,17.440
SMC,1.3139116,17.076,17.687
SMC,1.2940334,17.150,17.774
SMC,1.9968647,16.596,17.290
SMC,2.3866793,16.375,17.133
SMC,2.1386107,16.343,17.004
SMC,3.9680759,15.461,16.146
SMC,3.7397881,15.451,16.202
SMC,1.8664286,16.476,17.092
SMC,1.1878754,17.323,17.769
SMC,1.7382773,16.893,17.574
SMC,2.0030638,16.127,16.693
SMC,2.4779732,16.170,16.838
SMC,5.5907778,15.315,16.105
SMC,2.2222500,16.701,17.566
SMC,2.0037761,16.320,16.878
SMC,9.3554454,14.432,15.231
SMC,1.5804805,16.533,17.169
SMC,1.4035685,16.207,16.870
SMC,2.4193050,16.240,16.920
SMC,8.3318454,14.529,15.284
SMC,4.8463468,15.254,15.912
SMC,2.0627329,16.364,17.015
SMC,2.2395832,16.119,16.677
SMC,7.5338057,14.470,15.138
SMC,3.2419603,16.808,18.037
SMC,2.2276923,16.134,16.813
SMC,1.4693043,17.056,17.642
SMC,1.5693550,16.926,17.620
SMC,1.9336564,16.679,17.373
SMC,2.7020876,16.197,16.960
SMC,1.9867727,16.175,16.785
SMC,4.6604568,15.520,16.333
SMC,1.7285259,16.663,17.357
SMC,1.4202684,16.749,17.369
SMC,4.3569974,15.392,16.118
SMC,1.1352643,17.300,18.079
SMC,2.7020318,16.117,16.719
SMC,1.8455687,16.782,17.529
SMC,1.6575647,16.865,17.488
SMC,1.3772540,16.585,17.112
SMC,2.3423018,16.132,16.783
SMC,15.6081822,13.577,14.367
SMC,2.4268600,16.083,16.942
SMC,1.9696555,16.499,17.047
SMC,7.2157538,14.862,15.632
SMC,7.4979392,14.787,15.576
SMC,1.7345778,16.753,17.397
SMC,4.5820245,15.121,15.724
SMC,1.8536602,16.513,17.168
SMC,1.6587276,16.862,17.500
SMC,3.1681152,15.909,16.714
SMC,1.1683250,17.018,17.598
SMC,4.7358768,15.419,16.091
SMC,1.4224748,16.867,17.514
SMC,1.4462787,16.773,17.472
SMC,2.3833864,16.734,17.470
SMC,1.8428213,16.829,17.941
SMC,3.9978055,15.549,16.263
SMC,2.7073624,16.122,16.847
SMC,3.2664767,15.726,16.423
SMC,1.6041744,16.682,17.231
SMC,1.4141579,17.065,17.697
SMC,3.7002703,15.750,16.520
SMC,1.6116849,16.879,17.653
SMC,1.2878579,17.353,18.045
SMC,1.6609011,15.815,16.921
SMC,6.2095194,15.127,15.904
SMC,3.4591541,15.865,16.634
SMC,3.4876300,15.604,16.241
SMC,1.6443443,16.705,17.368
SMC,5.1469490,15.094,15.863
SMC,1.2800489,17.364,18.064
SMC,2.0423009,16.489,17.182
SMC,2.5958795,15.921,16.602
SMC,2.8809677,15.992,16.672
SMC,2.0720763,16.362,17.024
SMC,3.3737622,16.046,16.779
SMC,2.1435777,16.097,16.753
SMC,1.3632263,16.717,17.345
SMC,9.0498835,14.229,14.986
SMC,4.1808780,15.508,16.262
SMC,1.1280417,17.342,17.954
SMC,1.4463588,16.511,17.397
SMC,1.7581868,16.767,17.432
SMC,1.2085741,17.094,17.702
SMC,1.8366587,16.695,17.359
SMC,2.4388409,16.036,16.754
SMC,1.4592256,17.038,17.675
SMC,1.4271071,17.047,17.704
SMC,3.0518147,15.839,16.520
SMC,4.2458884,15.184,15.794
SMC,1.5381277,16.938,17.533
SMC,1.6084330,16.529,17.197
SMC,6.1826803,14.748,15.427
SMC,1.5707430,16.827,17.464
SMC,4.4917415,15.232,15.988
SMC,1.5447041,16.852,17.451
SMC,11.6428464,13.950,14.653
SMC,1.5075960,17.046,17.646
SMC,3.7411364,15.588,16.302
SMC,1.9868261,16.690,17.358
SMC,1.2654496,17.131,17.765
SMC,2.7686594,15.869,16.528
SMC,1.1650787,17.425,18.103
SMC,1.1822809,17.261,17.888
SMC,1.4939313,16.986,17.541
SMC,1.9724816,16.796,17.601
SMC,7.6170158,14.691,15.522
SMC,1.2570640,17.303,17.933
SMC,2.0971349,16.438,17.112
SMC,1.4504891,16.350,16.844
SMC,5.6492672,14.688,15.329
SMC,1.2806419,16.966,17.549
SMC,2.9742009,16.076,16.811
SMC,2.9449425,15.823,16.461
SMC,4.3751412,15.224,15.937
SMC,1.8469209,16.926,17.506
SMC,1.3960641,16.435,16.968
SMC,1.2384296,17.264,17.941
SMC,2.8794595,15.443,16.008
SMC,1.7360993,16.832,17.547
SMC,31.9920762,12.775,13.760
SMC,2.0445050,16.460,17.177
SMC,1.8450316,16.582,17.158
SMC,5.2024662,14.962,15.663
SMC,2.5512509,16.342,17.131
SMC,4.9166461,15.137,15.829
SMC,2.7692624,15.856,16.456
SMC,3.5981893,15.402,16.045
SMC,1.0767905,17.571,18.161
SMC,2.3327142,16.262,16.955
SMC,2.0214579,16.544,17.269
SMC,1.5080788,17.082,17.814
SMC,1.4117354,16.088,16.837
SMC,3.6676756,15.275,15.852
SMC,1.5412962,16.857,17.442
SMC,1.4823135,16.831,17.399
SMC,1.6607657,16.961,17.593
SMC,1.1918634,17.027,17.548
SMC,2.7690667,16.000,16.644
SMC,1.6440171,16.743,17.353
SMC,11.3984548,13.966,14.789
SMC,1.3929216,16.971,17.561
SMC,1.6356648,16.987,17.743
SMC,2.6473622,16.215,16.951
SMC,5.2008850,14.939,15.609
SMC,1.4042668,17.076,17.767
SMC,5.2498572,15.125,15.883
SMC,1.5699758,17.000,17.693
SMC,1.4916585,17.172,17.911
SMC,1.9975694,16.175,16.861
SMC,3.9702664,15.418,16.185
SMC,3.2790822,16.137,16.949
SMC,32.7582728,12.975,14.023
SMC,8.7740009,14.322,15.117
SMC,3.3248901,15.624,16.289
SMC,8.1274158,14.623,15.440
SMC,1.4198949,16.756,17.359
SMC,1.1220865,17.235,17.827
SMC,1.3536395,17.104,17.788
SMC,3.0576322,15.744,16.389
SMC,1.6583238,16.625,17.180
SMC,2.5474337,16.091,16.696
SMC,1.2224035,16.781,17.338
SMC,2.5156353,16.191,16.828
SMC,2.5177884,16.371,17.135
SMC,2.6289223,16.123,16.744
SMC,1.8872690,16.538,17.187
SMC,3.0172279,15.456,16.034
SMC,1.7153781,16.604,17.331
SMC,1.7218040,16.593,17.183
SMC,1.9615876,16.516,17.295
SMC,1.2633080,16.640,17.233
SMC,9.9848251,14.163,14.953
SMC,4.8607597,14.993,15.649
SMC,1.5178422,16.935,17.593
SMC,1.5950966,16.766,17.423
SMC,1.4911857,16.764,17.478
SMC,3.1429858,15.808,16.530
SMC,5.2336018,14.916,15.603
SMC,2.5837891,15.688,16.190
SMC,4.2005451,15.767,16.567
SMC,2.1429567,16.872,17.625
SMC,5.3239887,15.007,15.698
SMC,7.1031959,14.723,15.354
SMC,2.2816663,16.141,16.691
SMC,1.3795728,17.110,17.800
SMC,1.4230391,16.561,17.164
SMC,1.8041333,16.901,17.599
SMC,1.3173855,17.140,17.870
SMC,3.9723802,15.514,16.187
SMC,1.6114511,16.869,17.521
SMC,1.7586729,16.595,17.189
SMC,2.2433775,16.159,16.740
SMC,4.6668665,15.431,16.221
SMC,1.6313189,16.730,17.381
SMC,3.1747121,15.694,16.351
SMC,1.5038290,17.072,17.769
SMC,1.7787608,16.591,17.218
SMC,1.4552394,16.993,17.696
SMC,1.7080147,16.951,17.684
SMC,1.4235183,16.561,17.146
SMC,9.7674459,14.378,15.258
SMC,1.9566308,16.321,16.957
SMC,2.3309157,16.112,16.735
SMC,6.0921620,15.037,15.861
SMC,3.3277702,15.896,16.603
SMC,1.7405846,16.713,17.491
SMC,6.8844318,14.796,15.619
SMC,3.3909448,15.390,16.050
SMC,3.0502977,15.752,16.455
SMC,1.1151075,17.287,17.895
SMC,1.4990468,16.697,17.397
SMC,1.4357284,17.020,17.632
SMC,4.2524734,15.065,15.769
SMC,1.1368563,17.054,17.642
SMC,7.7712909,14.450,15.175
SMC,3.5197123,15.592,16.208
SMC,1.5282512,16.782,17.358
SMC,1.1868677,16.751,17.318
SMC,1.4289837,16.924,17.526
SMC,1.4081168,17.016,17.638
SMC,9.4026877,14.120,14.763
SMC,2.7412034,15.578,16.127
SMC,1.9066583,16.804,17.529
SMC,1.7813724,16.514,17.133
SMC,1.5839310,16.946,17.519
SMC,1.7358762,16.908,17.635
SMC,42.7468803,12.297,13.233
SMC,1.3882081,16.768,17.237
SMC,5.1044501,15.240,16.032
SMC,1.8604362,16.397,17.064
SMC,4.9005982,14.989,15.676
SMC,1.8203419,16.560,17.192
SMC,3.1627563,15.875,16.481
SMC,4.1262295,15.564,16.309
SMC,2.0769763,16.419,17.068
SMC,1.5211182,16.831,17.501
SMC,1.4625510,16.704,17.213
SMC,2.5584190,16.284,17.001
SMC,6.3893567,14.918,15.578
SMC,1.3553385,16.912,17.557
SMC,3.2136214,16.108,16.788
SMC,1.8180976,16.688,17.527
SMC,7.0295958,14.873,15.693
SMC,1.1558784,17.529,18.178
SMC,1.2799726,16.822,17.407
SMC,1.1935004,17.260,17.891
SMC,6.3417380,14.711,15.360
SMC,1.6325929,17.062,17.825
SMC,1.7275023,16.834,17.494
SMC,1.2715294,17.023,17.607
SMC,1.7111515,17.190,17.891
SMC,1.5054266,16.718,17.295
SMC,4.0408029,15.385,16.111
SMC,3.5040076,15.910,16.727
SMC,2.0422368,16.456,17.080
SMC,1.7758355,16.475,17.121
SMC,1.6700652,16.555,17.102
SMC,1.3821167,16.999,17.658
SMC,12.1484659,13.887,14.595
SMC,1.4370827,16.793,17.323
SMC,4.8575136,15.383,16.208
SMC,2.3034985,16.183,16.824
SMC,1.3278929,16.727,17.263
SMC,2.3968577,15.993,16.603
SMC,1.2764352,17.033,17.652
SMC,3.3927766,15.389,16.025
SMC,6.8446185,14.287,14.990
SMC,1.4986283,16.880,17.565
SMC,5.3550675,15.399,16.183
SMC,1.9359291,16.410,17.069
SMC,1.0786632,17.353,17.964
SMC,2.8461619,15.730,16.350
SMC,3.9014497,15.492,16.161
SMC,1.4952940,17.000,17.734
SMC,1.4338745,17.143,17.851
SMC,1.6792491,16.876,17.611
SMC,5.3618909,15.059,15.794
SMC,4.6719870,15.385,16.160
SMC,1.6638446,16.462,17.017
SMC,4.4590340,15.551,16.334
SMC,3.4854781,15.950,16.835
SMC,1.4144102,17.188,17.899
SMC,3.6342464,15.964,16.799
SMC,1.7378418,16.660,17.309
SMC,2.9768596,16.013,16.727
SMC,3.0682573,16.017,16.716
SMC,14.5916086,13.808,14.682
SMC,2.9315591,16.014,16.644
SMC,3.9346661,15.252,15.951
SMC,2.3140106,16.203,16.898
SMC,1.3093012,16.972,17.634
SMC,2.0033838,16.589,17.343
SMC,3.6055705,15.679,16.437
SMC,1.1056436,17.344,17.902
SMC,3.5464464,16.085,16.816
SMC,4.9545494,15.375,16.175
SMC,2.2346651,16.616,17.417
SMC,1.4461330,16.711,17.270
SMC,5.0580469,14.832,15.528
SMC,1.4721035,16.573,17.189
SMC,2.0227739,16.466,17.118
SMC,1.3142457,17.010,17.660
SMC,1.5981906,16.844,17.580
SMC,2.3700177,15.857,16.418
SMC,2.5122247,16.210,16.889
SMC,5.1715493,14.537,15.362
SMC,3.7761008,15.418,16.083
SMC,10.7572224,14.292,15.175
SMC,2.0295810,16.710,17.494
SMC,1.3787593,17.324,18.118
SMC,1.5390874,16.920,17.583
SMC,1.5941863,16.959,17.501
SMC,1.9445923,16.623,17.312
SMC,5.6787207,15.130,15.872
SMC,3.4830603,15.794,16.554
SMC,4.3300132,15.528,16.298
SMC,1.7063207,17.086,17.889
SMC,1.0555114,16.552,17.237
SMC,1.7778155,16.707,17.408
SMC,1.8608942,16.465,17.006
SMC,2.1500433,16.343,17.002
SMC,2.5096779,16.154,16.820
SMC,3.8255714,15.494,16.190
SMC,1.2110961,17.119,17.769
SMC,7.8956205,14.504,15.203
SMC,1.0533315,17.505,18.096
SMC,6.3721518,15.182,15.951
SMC,1.8703367,16.343,16.879
SMC,4.0451036,15.313,16.035
SMC,2.2185263,16.440,17.145
SMC,1.1687614,17.221,17.808
SMC,1.6700296,16.421,16.966
SMC,1.7060900,16.610,17.281
SMC,3.2679495,15.590,16.252
SMC,1.2088066,17.249,17.850
SMC,2.2324785,16.273,16.931
SMC,1.5258533,16.938,17.618
SMC,1.8331556,16.645,17.280
SMC,1.1430517,17.594,18.300
SMC,1.4369538,16.975,17.550
SMC,1.5198044,17.101,17.768
SMC,1.2293729,17.339,18.003
SMC,2.2207044,15.964,16.451
SMC,1.3589324,17.155,17.817
SMC,3.8085678,15.547,16.210
SMC,4.7810657,14.530,14.957
SMC,1.3407040,17.263,17.914
SMC,1.0894717,17.074,17.625
SMC,2.0287629,16.340,16.978
SMC,1.7545608,16.480,17.091
SMC,3.7180663,15.602,16.298
SMC,2.2421628,16.849,17.579
SMC,3.6546671,15.332,15.968
SMC,2.0600839,16.450,17.070
SMC,1.5009639,16.980,17.651
SMC,3.3716550,15.516,16.251
SMC,2.1446086,16.238,16.891
SMC,2.1173410,15.403,16.100
SMC,2.3207462,16.308,17.012
SMC,1.4928994,16.544,17.130
SMC,6.0696539,15.239,16.004
SMC,1.7206652,17.040,17.699
SMC,1.4256416,17.137,17.808
SMC,4.8987591,14.963,15.537
SMC,3.9733479,15.439,16.122
SMC,1.3336170,16.786,17.311
SMC,1.2974973,16.987,17.554
SMC,1.4654772,16.325,17.043
SMC,4.4122431,15.129,15.765
SMC,4.9871088,15.074,15.851
SMC,1.8101436,16.555,17.146
SMC,1.7493593,16.847,17.569
SMC,2.4416750,16.163,16.870
SMC,2.1355249,16.266,16.929
SMC,1.3658475,16.997,17.595
SMC,1.7755472,16.722,17.381
SMC,1.4538975,16.942,17.574
SMC,12.6238447,13.795,14.527
SMC,1.3139677,16.899,17.474
SMC,1.7318661,16.711,17.446
SMC,1.9015864,16.810,17.491
SMC,6.6928993,14.894,15.666
SMC,4.5615989,15.277,16.009
SMC,1.9379691,16.349,17.000
SMC,33.0293968,12.638,13.630
SMC,1.5514399,17.107,17.787
SMC,2.5191228,16.102,16.834
SMC,1.7963703,16.863,17.443
SMC,1.5361772,16.661,17.240
SMC,3.5524827,15.352,16.031
SMC,1.5261324,16.968,17.623
SMC,1.3650861,17.085,17.735
SMC,1.6569325,16.422,16.957
SMC,1.8067569,16.796,17.533
SMC,4.7696384,15.334,16.142
SMC,1.5322280,17.057,17.742
SMC,2.4080264,16.095,16.638
SMC,2.8131040,16.125,16.765
SMC,5.1257314,15.301,16.038
SMC,1.6020200,16.701,17.296
SMC,2.8518642,16.190,16.917
SMC,1.6200622,16.259,16.972
SMC,1.5536536,16.511,17.125
SMC,1.2413873,17.231,17.794
SMC,1.7774286,16.590,17.213
SMC,1.9093093,16.274,16.802
SMC,1.2011079,17.197,17.828
SMC,2.8176634,15.733,16.303
SMC,1.7547694,16.561,17.156
SMC,1.2842811,17.245,17.818
SMC,0.9096572,17.575,18.168
SMC,1.1204969,17.509,18.126
SMC,1.2376743,17.249,17.875
SMC,1.2231785,17.184,17.826
SMC,3.4901741,15.851,16.586
SMC,4.2961730,15.639,16.419
SMC,1.3773454,16.981,17.565
SMC,2.9055135,16.004,16.747
SMC,8.6264337,14.745,15.614
SMC,7.5000092,14.566,15.286
SMC,3.8896695,15.325,16.009
SMC,1.1454221,16.829,17.313
SMC,1.8766685,16.460,17.072
SMC,1.3972278,16.982,17.650
SMC,1.7546674,16.666,17.309
SMC,7.9355840,14.676,15.489
SMC,2.1075998,16.387,17.057
SMC,4.2894037,15.429,16.151
SMC,1.3276556,17.219,17.872
SMC,1.8600325,16.701,17.439
SMC,14.7129727,14.040,14.997
SMC,1.8874809,16.609,17.315
SMC,2.3322820,16.271,16.861
SMC,1.7267876,16.530,17.072
SMC,1.6412269,16.683,17.374
SMC,9.8075494,14.269,15.108
SMC,5.5139716,15.216,15.975
SMC,1.5886292,16.668,17.264
SMC,1.3078544,16.204,17.012
SMC,1.6962106,16.803,17.482
SMC,2.9266219,15.590,16.192
SMC,2.3109626,15.721,16.572
SMC,1.6366589,16.550,17.199
SMC,1.6804461,16.588,17.184
SMC,1.5060710,16.769,17.376
SMC,4.8767430,15.160,15.883
SMC,1.6771916,16.545,17.198
SMC,5.7340870,14.898,15.551
SMC,2.0405287,16.305,16.901
SMC,3.0564218,15.596,16.249
SMC,1.1173151,17.245,17.882
SMC,2.6671505,15.867,16.479
SMC,1.0799814,17.175,17.733
SMC,4.2969958,15.558,16.328
SMC,6.8097792,14.929,15.691
SMC,3.7497785,15.442,16.111
SMC,1.3215490,16.361,16.928
SMC,1.3435553,17.200,17.860
SMC,8.1481955,14.498,15.262
SMC,7.0548788,14.809,15.634
SMC,1.1267433,16.746,17.214
SMC,2.4144889,16.384,17.090
SMC,38.0213246,12.859,13.996
SMC,1.2472842,17.319,17.953
SMC,3.2140252,15.758,16.410
SMC,1.4718697,16.761,17.355
SMC,1.3462265,17.087,17.681
SMC,2.2175333,16.121,16.699
SMC,3.9629248,15.488,16.158
SMC,2.2129985,16.158,16.698
SMC,1.2891193,16.937,17.538
SMC,1.9950595,16.237,16.874
SMC,3.7139957,15.636,16.351
SMC,3.1013776,15.509,16.095
SMC,1.5866360,16.810,17.395
SMC,4.7296951,15.178,15.943
SMC,2.4943122,15.883,16.489
SMC,1.9320932,16.588,17.351
SMC,1.4713391,16.937,17.630
SMC,4.7961987,15.126,15.868
SMC,16.1911829,13.524,14.366
SMC,2.5504406,16.109,16.848
SMC,1.5340350,16.803,17.448
SMC,8.6825272,14.569,15.327
SMC,1.3823688,17.036,17.706
SMC,1.0919187,17.478,18.196
SMC,4.1813530,15.415,16.127
SMC,1.1068727,17.204,17.839
SMC,1.4917733,16.382,16.854
SMC,1.5087669,16.710,17.368
SMC,1.2695422,17.167,17.824
SMC,8.8713300,14.259,15.007
SMC,1.1766376,16.912,17.447
SMC,2.1609693,15.929,16.483
SMC,1.2289940,17.440,18.152
SMC,3.7348808,15.804,16.541
SMC,2.0186153,16.318,16.908
SMC,1.3517162,17.103,17.723
SMC,1.6751544,16.989,17.704
SMC,1.5889682,17.265,17.899
SMC,1.8843540,16.781,17.546
SMC,1.9605970,16.338,16.917
SMC,3.6100739,15.372,16.049
SMC,3.8605817,15.796,16.537
SMC,1.4032548,16.814,17.382
SMC,4.0790885,15.456,16.137
SMC,1.6583301,17.021,17.747
SMC,1.4907799,16.673,17.253
SMC,1.4732341,16.807,17.385
SMC,1.7963837,16.584,17.257
SMC,3.9143325,15.233,15.860
SMC,2.0380962,16.339,16.930
SMC,5.7772098,14.951,15.707
SMC,4.0883405,15.444,16.133
SMC,1.4582730,16.948,17.607
SMC,1.5954902,16.368,16.932
SMC,1.4078111,17.181,17.850
SMC,2.0983291,16.520,17.199
SMC,2.8256677,15.813,16.409
SMC,3.6661072,15.139,15.774
SMC,1.3498252,16.926,17.582
SMC,1.3912804,16.876,17.477
SMC,7.2800025,14.773,15.563
SMC,2.9345048,16.119,16.832
SMC,3.1630224,15.476,16.056
SMC,2.2795331,16.346,17.041
SMC,5.4691996,15.037,15.794
SMC,4.3939175,15.840,16.667
SMC,1.6250258,16.837,17.496
SMC,7.7550611,14.696,15.521
SMC,2.5430359,15.875,16.646
SMC,1.2136638,17.146,17.783
SMC,1.5461701,16.871,17.512
SMC,2.2360784,15.711,16.235
SMC,7.9508257,14.280,14.922
SMC,4.6364938,15.183,15.826
SMC,1.6824688,16.881,17.563
SMC,1.2578109,17.470,18.133
SMC,3.8931188,15.307,16.028
SMC,1.5402712,16.696,17.273
SMC,1.0265469,17.469,18.078
SMC,1.3616785,17.152,17.799
SMC,3.1316498,15.705,16.339
SMC,2.0023113,16.555,17.283
SMC,1.4832504,17.079,17.763
SMC,3.7152923,15.487,16.225
SMC,2.5407085,15.600,16.391
SMC,5.3767106,15.112,15.825
SMC,3.0512164,15.690,16.284
SMC,1.6675888,16.735,17.348
SMC,3.6274200,15.623,16.304
SMC,4.2602275,15.177,15.836
SMC,1.6857195,16.784,17.436
SMC,5.4587754,15.262,16.022
SMC,2.0423314,16.319,16.877
SMC,3.2449055,15.904,17.022
SMC,1.4270989,17.069,17.759
SMC,3.9996173,15.324,16.039
SMC,4.9216893,14.997,15.647
SMC,1.5571337,16.760,17.308
SMC,2.9181542,15.994,16.745
SMC,1.5159241,17.234,18.025
SMC,1.5165745,16.681,17.263
SMC,3.3516486,15.764,16.477
SMC,3.0037917,15.558,16.106
SMC,5.1287396,15.345,16.127
SMC,1.9664799,16.162,16.655
SMC,2.9103036,16.132,16.961
SMC,2.5052777,16.171,16.874
SMC,2.0080858,16.343,16.973
SMC,1.0651605,17.482,18.082
SMC,2.7141438,15.949,16.516
SMC,5.4920739,15.015,15.815
SMC,4.2907605,15.215,15.910
SMC,1.2836513,16.941,17.576
SMC,1.4672262,17.058,17.769
SMC,1.2519453,16.190,16.690
SMC,2.3184397,16.526,17.316
SMC,6.3668678,14.899,16.059
SMC,2.7881181,15.839,16.517
SMC,3.4771871,15.867,16.629
SMC,1.0681182,17.118,17.700
SMC,1.6206230,16.581,17.184
SMC,1.1966879,16.822,17.474
SMC,2.1800340,16.360,17.046
SMC,2.3276764,16.216,16.864
SMC,1.1411676,16.964,17.474
SMC,1.4425505,16.963,17.613
SMC,2.0969094,16.236,16.889
SMC,16.2445388,13.730,14.638
SMC,1.5017318,16.639,17.289
SMC,1.5035125,17.154,17.960
SMC,1.6393830,16.673,17.298
SMC,1.1632102,17.205,17.821
SMC,2.8670155,15.863,16.517
SMC,1.6537314,16.747,17.411
SMC,1.8730505,16.653,17.345
SMC,2.9883006,15.833,16.537
SMC,1.5481813,16.811,17.399
SMC,2.9731673,15.440,16.102
SMC,1.3791906,17.061,17.702
SMC,1.1150994,17.329,18.000
SMC,1.6720512,16.501,17.093
SMC,3.1608841,15.918,16.678
SMC,1.2901430,17.028,17.553
SMC,2.3585904,16.278,16.955
SMC,2.3540844,16.063,16.663
SMC,3.4922136,15.451,16.048
SMC,1.3354271,16.769,17.383
SMC,1.8335589,16.586,17.266
SMC,2.8512136,15.906,16.498
SMC,1.3887823,17.114,17.802
SMC,1.9794412,16.191,16.800
SMC,2.7555444,15.600,16.208
SMC,2.7320220,15.849,16.436
SMC,1.5572413,16.733,17.314
SMC,3.3682581,15.461,16.087
SMC,3.3575509,15.954,16.626
SMC,4.4388013,15.448,16.250
SMC,1.5504502,16.889,17.558
SMC,1.5099782,16.921,17.562
SMC,2.4378877,15.813,16.390
SMC,1.3524583,16.925,17.571
SMC,6.4274494,15.067,15.809
SMC,1.6344304,16.652,17.289
SMC,6.8400159,14.696,15.442
SMC,1.3802471,17.116,17.748
SMC,1.2479395,17.053,17.625
SMC,1.9181263,16.393,17.084
SMC,27.0750450,12.992,13.907
SMC,1.3398571,17.183,17.856
SMC,2.8600275,15.962,16.690
SMC,5.7493115,14.904,15.556
SMC,1.0153430,17.449,18.076
SMC,3.2768829,15.881,16.661
SMC,4.3225400,15.615,16.420
SMC,2.2270489,16.377,17.016
SMC,2.8073582,15.824,16.474
SMC,1.0546765,17.196,17.790
SMC,1.4507643,16.920,17.489
SMC,0.9857260,17.462,17.878
SMC,2.6092526,16.017,16.626
SMC,6.1876946,14.937,15.718
SMC,1.0361833,17.548,18.178
SMC,2.1727385,16.072,16.660
SMC,1.9440581,16.567,17.283
SMC,4.7708722,15.206,15.978
SMC,2.4648520,16.220,16.899
SMC,6.1116506,14.882,15.659
SMC,1.2730468,17.096,17.688
SMC,5.0990129,15.384,16.143
SMC,1.4609589,16.969,17.545
SMC,1.1241288,17.236,17.812
SMC,1.5319276,16.839,17.487
SMC,3.3844282,15.624,16.294
SMC,1.2807335,17.119,17.731
SMC,1.3008669,16.717,17.230
SMC,1.5708606,16.804,17.412
SMC,1.3176737,16.951,17.565
SMC,1.5901974,17.065,17.751
SMC,1.2758060,16.931,17.475
SMC,1.6265359,16.532,17.211
SMC,1.3842724,16.887,17.463
SMC,3.7247431,15.579,16.245
SMC,1.5132709,17.042,17.724
SMC,1.6282608,16.966,17.678
SMC,3.6933310,15.410,16.083
SMC,2.8611182,15.874,16.533
SMC,1.8877149,16.488,17.136
SMC,1.4187076,16.786,17.520
SMC,1.3825909,17.064,17.711
SMC,1.5220137,16.672,17.332
SMC,1.4448504,16.907,17.522
SMC,1.6292134,16.770,17.439
SMC,1.1315594,17.392,17.993
SMC,1.9221137,16.626,17.271
SMC,6.4911680,15.096,15.815
SMC,3.1464414,15.919,16.673
SMC,1.4953231,16.593,17.224
SMC,1.3900215,16.990,17.633
SMC,1.2232293,17.142,17.767
SMC,1.9430439,16.265,16.864
SMC,2.1425194,16.175,16.782
SMC,3.5953630,15.727,16.517
SMC,12.9401662,13.986,14.840
SMC,2.6831822,16.134,16.828
SMC,1.3606427,17.066,17.658
SMC,1.6486908,16.313,16.808
SMC,3.3498406,15.352,15.961
SMC,2.0065424,16.362,17.096
SMC,1.7586479,16.636,17.314
SMC,1.7228846,16.624,17.263
SMC,1.2883929,16.971,17.612
SMC,1.7785157,16.324,16.986
SMC,18.1073082,13.522,14.470
SMC,1.5286412,16.632,17.164
SMC,1.5771375,16.714,17.362
SMC,1.7143241,16.635,17.292
SMC,1.3875112,16.902,17.523
SMC,3.1031862,15.766,16.452
SMC,5.6531992,15.010,15.744
SMC,3.4514224,15.473,16.094
SMC,2.7079453,16.124,16.795
SMC,1.5788071,16.776,17.417
SMC,2.2257235,16.237,16.844
SMC,1.4966297,16.910,17.524
SMC,1.5295878,16.656,17.295
SMC,2.8021759,15.783,16.399
SMC,1.5540076,16.810,17.545
SMC,3.6890281,15.814,16.599
SMC,2.1559960,16.504,17.209
SMC,1.3228795,16.821,17.454
SMC,1.4444786,17.099,17.759
SMC,3.5730114,15.621,16.336
SMC,3.9311441,15.504,16.284
SMC,1.4869850,16.497,17.120
SMC,3.3280430,15.999,16.764
SMC,3.0186261,15.844,16.560
SMC,3.5148766,15.572,16.147
SMC,4.3638062,15.242,15.931
SMC,1.0575887,17.321,17.924
SMC,1.4580498,16.894,17.490
SMC,1.5843577,16.709,17.251
SMC,2.5030570,15.955,16.547
SMC,1.3660173,16.652,17.241
SMC,1.4548088,16.673,17.397
SMC,1.6432700,16.401,16.928
SMC,2.8339618,16.066,16.722
SMC,1.8755606,16.631,17.301
SMC,1.8455218,16.807,17.173
SMC,1.6489174,16.567,17.165
SMC,1.7013152,16.842,17.523
SMC,1.4457123,16.870,17.437
SMC,7.4170600,14.516,15.190
SMC,2.5235925,16.621,17.235
SMC,1.8630332,16.690,17.344
SMC,3.3556736,15.472,16.155
SMC,1.7326769,16.742,17.407
SMC,5.0949690,15.150,15.922
SMC,3.3727862,16.017,16.807
SMC,1.7185615,16.494,17.111
SMC,2.6942587,16.118,16.822
SMC,1.5324019,16.694,17.251
SMC,2.7328115,16.126,16.829
SMC,2.5324092,15.866,16.491
SMC,1.6038565,16.454,17.138
SMC,1.6501863,16.845,17.547
SMC,5.0495112,15.107,15.840
SMC,1.5141421,16.824,17.441
SMC,1.4896669,16.882,17.476
SMC,3.2125779,15.735,16.340
SMC,1.7712239,16.399,17.052
SMC,5.1979264,15.509,16.257
SMC,1.4285493,16.849,17.532
SMC,4.7604954,15.111,15.797
SMC,4.5012423,15.333,16.050
SMC,1.6564799,16.730,17.399
SMC,2.0075595,16.628,17.224
SMC,6.9112369,14.758,15.458
SMC,3.2059904,15.651,16.349
SMC,1.6435620,16.833,17.488
SMC,1.3362184,16.963,17.612
SMC,3.4589133,15.514,16.193
SMC,1.5030522,16.736,17.337
SMC,2.9728747,16.057,16.751
SMC,2.5662211,15.865,16.450
SMC,3.9714533,15.571,16.267
SMC,1.8584369,16.497,17.033
SMC,3.7860995,15.700,16.438
SMC,1.6121860,16.810,17.469
SMC,5.5851556,14.882,15.534
SMC,1.4408543,16.589,17.138
SMC,4.8755161,15.077,15.812
SMC,2.6446781,15.965,16.621
SMC,3.0990701,15.633,16.251
SMC,17.1994601,13.248,14.004
SMC,4.9476614,14.876,15.513
SMC,1.5345518,16.625,17.211
SMC,1.6146940,16.748,17.430
SMC,13.7865943,13.601,14.309
SMC,2.1709735,16.479,17.154
SMC,2.6783694,15.806,16.494
SMC,2.2778899,16.323,17.020
SMC,3.0449423,15.634,16.236
SMC,3.5916672,15.541,16.147
SMC,1.3082710,16.823,17.410
SMC,1.6967257,16.498,17.041
SMC,5.0848033,15.231,16.006
SMC,1.9145269,16.440,17.031
SMC,1.7552601,16.644,17.271
SMC,1.5770853,16.599,17.220
SMC,1.4557304,15.992,16.771
SMC,1.3151379,17.106,17.778
SMC,3.2160154,15.446,16.024
SMC,1.3612951,16.693,17.448
SMC,2.4655288,15.980,16.576
SMC,6.4700534,14.746,15.422
SMC,1.6626346,16.782,17.351
SMC,8.0763421,14.449,15.279
SMC,1.5491219,16.896,17.546
SMC,2.4365477,16.017,16.641
SMC,1.8826956,16.654,17.278
SMC,7.9898414,14.405,15.182
SMC,1.7387883,16.643,17.350
SMC,1.3344327,16.732,17.286
SMC,1.3053924,17.607,18.277
SMC,1.8714914,16.433,17.062
SMC,16.2167045,13.236,13.847
SMC,4.2776594,15.129,15.766
SMC,1.6608194,16.649,17.281
SMC,4.6849138,15.153,15.765
SMC,1.4688938,16.977,17.659
SMC,3.3980769,15.798,16.546
SMC,1.7874762,16.677,17.335
SMC,3.6985481,15.590,16.231
SMC,1.3992811,17.176,17.777
SMC,1.2770633,17.063,17.684
SMC,1.6680914,16.383,16.884
SMC,1.7292259,16.537,17.108
SMC,3.2345607,15.638,16.281
SMC,2.9372995,15.913,16.652
SMC,1.6650431,16.751,17.456
SMC,16.6942316,13.223,14.003
SMC,1.4067103,17.066,17.652
SMC,1.4524501,16.884,17.483
SMC,5.2352438,15.149,15.932
SMC,2.5640197,15.703,16.259
SMC,1.8767725,16.537,17.181
SMC,1.5228757,16.847,17.561
SMC,1.5481616,16.539,17.071
SMC,1.6219367,16.888,17.549
SMC,1.2530639,16.773,17.319
SMC,1.9367241,16.703,17.414
SMC,1.5131563,17.109,17.794
SMC,1.5497319,16.579,17.101
SMC,4.4693990,15.473,16.233
SMC,10.3547367,14.185,15.023
SMC,1.4028469,16.918,17.556
SMC,5.3190278,14.943,15.678
SMC,6.2054118,15.079,15.866
SMC,2.7946374,16.019,16.760
SMC,1.4019587,16.706,17.245
SMC,2.2324255,16.536,17.213
SMC,6.4902374,14.687,15.375
SMC,2.9937257,15.572,16.224
SMC,2.0888069,16.116,16.697
SMC,7.6166608,14.752,15.577
SMC,1.1936966,17.298,17.908
SMC,1.3687288,17.113,17.796
SMC,4.1881708,15.405,16.108
SMC,2.5550008,15.996,16.690
SMC,1.0666623,17.465,18.085
SMC,1.8342479,16.328,16.832
SMC,3.6165893,15.801,16.538
SMC,5.0833117,14.831,15.469
SMC,3.3363517,15.590,16.213
SMC,1.6138042,16.605,17.163
SMC,2.4639324,15.797,16.389
SMC,4.2772681,15.495,16.230
SMC,1.2112421,16.898,17.506
SMC,1.1506726,16.991,17.553
SMC,29.0862384,12.734,13.658
SMC,2.2512931,16.594,17.343
SMC,2.8186357,15.601,16.050
SMC,1.9030775,16.420,16.972
SMC,1.4692696,16.788,17.415
SMC,4.2699967,15.037,15.582
SMC,2.5242430,15.698,16.266
SMC,2.3562929,16.410,17.143
SMC,2.8254189,15.923,16.566
SMC,6.3590303,14.585,15.315
SMC,3.3521091,15.481,16.127
SMC,4.4291999,15.102,15.768
SMC,1.2981555,17.272,17.873
SMC,5.2249549,14.981,15.707
SMC,2.8929852,15.620,16.198
SMC,2.0927335,16.387,16.992
SMC,1.3092162,16.931,17.550
SMC,2.7825652,15.700,16.289
SMC,2.8960891,15.128,15.772
SMC,1.6443621,16.457,16.977
SMC,1.3209480,16.989,17.515
SMC,3.4384069,15.339,15.905
SMC,1.7088837,16.696,17.359
SMC,1.4728198,16.521,17.026
SMC,14.1375168,13.504,14.188
SMC,3.3546425,15.668,16.390
SMC,3.1307322,15.606,16.229
SMC,1.3209450,16.912,17.506
SMC,2.7225573,16.026,16.698
SMC,1.4779817,16.765,17.378
SMC,1.3821356,16.905,17.569
SMC,5.4615102,15.001,15.745
SMC,1.9910496,16.651,17.303
SMC,6.2963863,14.936,15.725
SMC,2.5709540,16.050,16.696
SMC,1.5060827,16.842,17.443
SMC,7.4802758,14.501,15.283
SMC,1.3108840,16.902,17.529
SMC,2.0952242,16.338,16.996
SMC,3.1250174,15.627,16.262
SMC,2.8152921,16.195,16.879
SMC,3.2292121,15.684,16.394
SMC,1.2018420,16.977,17.529
SMC,2.4035606,15.937,16.558
SMC,2.8200340,16.136,16.835
SMC,1.9678167,16.356,16.921
SMC,4.2133582,15.168,15.889
SMC,1.2092749,16.981,17.462
SMC,1.8792053,16.293,16.888
SMC,1.3982471,17.090,17.724
SMC,4.7002681,15.306,16.064
SMC,3.1979679,15.498,16.140
SMC,5.0536077,15.206,16.052
SMC,2.7870597,15.766,16.419
SMC,1.6567742,16.605,17.201
SMC,3.5044564,15.592,16.282
SMC,1.6117583,16.748,17.426
SMC,2.3462896,15.972,16.556
SMC,7.3300977,14.228,14.885
SMC,1.3222918,16.905,17.489
SMC,1.3911130,16.848,17.409
SMC,1.1525193,17.279,17.954
SMC,4.2321520,15.541,16.306
SMC,3.4919253,15.407,16.140
SMC,2.8840619,15.653,16.277
SMC,1.5912050,16.946,17.626
SMC,2.9303663,16.011,16.768
SMC,2.5450870,15.842,16.430
SMC,1.3484511,16.990,17.568
SMC,1.7363616,16.459,17.206
SMC,1.3736073,16.811,17.456
SMC,1.2587747,16.635,17.224
SMC,1.4675476,17.068,17.740
SMC,5.0126849,15.306,16.106
SMC,14.2407197,14.101,15.026
SMC,1.5605528,16.936,17.659
SMC,4.9676479,14.805,15.485
SMC,1.5433088,16.793,17.410
SMC,1.4005137,16.921,17.599
SMC,2.8741130,15.819,16.492
SMC,6.5611429,14.704,15.429
SMC,1.8424081,16.481,17.032
SMC,1.6421855,16.733,17.219
SMC,2.8577361,15.742,16.306
SMC,1.8987482,16.255,16.920
SMC,2.6161501,16.084,16.761
SMC,1.7188110,16.640,17.271
SMC,1.0968469,17.475,18.116
SMC,2.2037033,15.887,16.434
SMC,2.8490237,15.730,16.363
SMC,2.2089299,16.607,17.382
SMC,1.0811553,17.448,18.014
SMC,1.5070892,16.586,17.181
SMC,1.6046892,16.230,16.696
SMC,5.1447398,15.169,15.866
SMC,1.2852453,16.768,17.434
SMC,1.3388301,16.738,17.322
SMC,11.4093451,13.927,14.729
SMC,5.0487446,14.895,15.509
SMC,1.2615179,17.152,17.784
SMC,1.5017889,17.022,17.913
SMC,1.6117880,16.445,16.998
SMC,0.9864927,17.614,18.263
SMC,1.3088769,16.904,17.460
SMC,1.1119940,17.140,17.884
SMC,7.3915506,14.816,15.624
SMC,1.4585184,16.635,17.136
SMC,1.6295036,16.356,16.964
SMC,2.4892061,16.044,16.679
SMC,1.5266443,16.788,17.418
SMC,2.2616388,16.018,16.689
SMC,1.3495709,16.788,17.338
SMC,1.2986148,16.876,17.437
SMC,4.7078987,15.359,16.106
SMC,1.2639041,17.185,17.829
SMC,2.5909238,16.233,16.911
SMC,1.6705962,16.796,17.452
SMC,15.9576089,13.525,14.256
SMC,2.9825142,15.638,16.236
SMC,1.3649704,16.685,17.198
SMC,1.1231488,16.886,17.299
SMC,1.4350759,16.788,17.339
SMC,1.4426528,16.981,17.620
SMC,1.5575456,16.684,17.289
SMC,1.9774512,16.598,17.341
SMC,4.3426911,15.262,15.893
SMC,2.0554832,16.172,16.830
SMC,1.4437505,16.556,17.112
SMC,3.0993699,15.568,16.245
SMC,3.3730962,15.673,16.411
SMC,5.2483674,14.803,15.450
SMC,1.1825499,16.712,17.131
SMC,1.1891722,17.040,17.636
SMC,4.7425533,15.441,16.200
SMC,3.1614841,15.761,16.480
SMC,1.9794154,16.190,16.760
SMC,1.4018110,16.510,17.064
SMC,2.8472076,15.724,16.437
SMC,1.3452567,16.584,17.096
SMC,1.1428912,17.055,17.578
SMC,3.3993577,15.558,16.253
SMC,3.9081829,15.473,16.155
SMC,1.3992969,16.431,17.025
SMC,1.8302155,16.732,17.466
SMC,1.5435216,16.652,17.102
SMC,2.9369912,15.532,16.128
SMC,1.6052339,16.633,17.215
SMC,3.5449309,15.697,16.366
SMC,2.0042649,16.352,16.974
SMC,2.5576908,15.924,16.573
SMC,2.0103458,16.243,16.879
SMC,1.6072698,16.672,17.318
SMC,3.0932587,15.747,16.449
SMC,3.8024810,15.252,15.923
SMC,1.6062640,16.544,17.198
SMC,32.9570408,12.806,13.798
SMC,1.9328267,16.254,16.844
SMC,2.5771239,15.594,16.158
SMC,2.8008442,15.748,16.420
SMC,3.5158948,15.723,16.483
SMC,3.6887652,15.682,16.383
SMC,7.1646284,14.485,15.224
SMC,6.5877147,15.060,15.887
SMC,3.2198341,15.714,16.381
SMC,1.6622775,16.492,17.086
SMC,2.4591208,16.091,16.598
SMC,2.7945255,15.872,16.524
SMC,5.9112464,14.751,15.395
SMC,2.6133779,15.775,16.386
SMC,1.9090002,16.304,16.882
SMC,6.1115725,14.743,15.463
SMC,1.2227134,17.461,18.100
SMC,1.9339230,16.147,16.674
SMC,1.2845348,16.927,17.571
SMC,2.7288307,15.925,16.610
SMC,1.2521048,16.734,17.285
SMC,2.8599455,15.726,16.389
SMC,24.2288326,13.151,13.822
SMC,1.1753494,17.168,17.818
SMC,1.2715033,16.965,17.609
SMC,3.6850945,15.374,16.041
SMC,2.6180896,16.065,16.659
SMC,1.6556898,16.633,17.190
SMC,1.2214428,17.005,17.643
SMC,1.9427780,16.421,16.978
SMC,1.2108719,17.442,18.108
SMC,1.1188206,17.092,17.641
SMC,3.1561366,15.639,16.252
SMC,2.3089172,15.982,16.489
SMC,11.1661092,13.983,14.805
SMC,11.9831215,13.783,14.512
SMC,1.8883627,16.451,16.998
SMC,12.1552601,14.144,14.941
SMC,1.6399441,16.792,17.473
SMC,1.3688456,16.953,17.575
SMC,3.2005596,15.639,16.318
SMC,3.0746240,15.476,16.086
SMC,10.1841685,13.732,14.382
SMC,1.5332024,16.680,17.304
SMC,1.8505448,16.465,16.944
SMC,3.4350580,15.435,16.064
SMC,1.7952701,16.834,17.555
SMC,3.4539131,15.477,16.174
SMC,1.7700545,16.685,17.381
SMC,12.5762767,13.585,14.276
SMC,1.8634206,16.257,16.932
SMC,5.4614452,15.110,15.865
SMC,3.7888435,15.445,16.024
SMC,1.8631976,16.075,16.493
SMC,33.6214806,12.716,13.732
SMC,1.2583531,17.083,17.708
SMC,2.9917951,15.970,16.603
SMC,2.4989946,15.728,16.311
SMC,30.0227452,13.028,14.052
SMC,7.1814848,14.285,14.897
SMC,2.8720501,15.466,16.026
SMC,1.5673877,16.811,17.379
SMC,2.7103730,15.893,16.609
SMC,3.0439074,15.409,15.987
SMC,2.3150851,16.134,16.772
SMC,1.3456259,16.705,17.314
SMC,1.4240304,15.495,16.260
SMC,3.7169549,15.533,16.254
SMC,14.5803158,13.862,14.673
SMC,2.4496411,16.305,17.060
SMC,2.8742789,15.717,16.395
SMC,1.7361210,16.698,17.382
SMC,2.7776662,15.798,16.503
SMC,3.7109444,15.625,16.371
SMC,1.8318522,16.279,16.934
SMC,1.2304800,16.986,17.629
SMC,3.0078149,15.528,16.112
SMC,1.3008747,16.596,17.115
SMC,3.5790415,15.555,16.263
SMC,2.9608064,15.530,16.116
SMC,3.8326248,15.209,15.821
SMC,5.9383731,14.942,15.720
SMC,3.5173623,16.272,16.989
SMC,4.0275110,15.592,16.372
SMC,3.1639386,15.734,16.383
SMC,7.6072290,13.790,14.735
SMC,3.0746677,15.717,16.347
SMC,7.1248374,14.745,15.550
SMC,1.4289134,16.852,17.497
SMC,2.1270601,16.317,17.011
SMC,1.2926057,17.112,17.754
SMC,2.4114232,15.878,16.400
SMC,9.1585273,14.466,15.255
SMC,1.3958846,16.539,17.093
SMC,3.1093251,15.949,16.666
SMC,1.4650914,16.806,17.452
SMC,1.5442269,16.868,17.544
SMC,1.2813700,17.089,17.744
SMC,1.7719197,16.668,17.295
SMC,2.4505320,15.862,16.375
SMC,2.7787718,16.037,16.721
SMC,1.3132972,16.917,17.552
SMC,1.7851782,16.375,16.940
SMC,1.6364284,16.506,17.003
SMC,1.0653500,17.273,17.872
SMC,1.3217854,16.735,17.206
SMC,2.1523696,16.303,16.937
SMC,2.2225274,15.963,16.621
SMC,6.0647198,14.901,15.654
SMC,2.9821194,15.581,16.232
SMC,1.9459598,16.280,16.943
SMC,3.1816151,15.736,16.393
SMC,3.7895479,15.238,15.887
SMC,2.7124612,15.860,16.505
SMC,3.8255850,15.606,16.345
SMC,1.7283518,16.583,17.226
SMC,9.6370337,14.367,15.195
SMC,1.7749876,16.548,17.142
SMC,1.4206352,16.825,17.403
SMC,2.9599550,15.786,16.469
SMC,2.5066293,15.831,16.452
SMC,2.6108087,16.012,16.647
SMC,1.5005599,17.274,17.910
SMC,2.0604359,16.314,16.882
SMC,1.3895489,16.567,17.128
SMC,3.4838860,15.655,16.361
SMC,1.1986874,16.680,17.209
SMC,2.0110203,16.507,17.233
SMC,1.2789434,16.607,17.094
SMC,4.4818913,15.120,15.696
SMC,1.2874535,16.814,17.390
SMC,1.5136349,16.680,17.280
SMC,1.9624980,16.271,16.831
SMC,1.5748693,16.861,17.529
SMC,1.5310614,16.812,17.465
SMC,3.6377083,15.399,16.030
SMC,5.6622945,15.123,15.979
SMC,2.2687346,15.791,16.289
SMC,1.3259002,16.564,17.042
SMC,8.8255442,14.307,15.103
SMC,2.1601036,16.186,16.727
SMC,8.9853363,14.371,15.170
SMC,7.2724306,14.658,15.446
SMC,6.4904008,14.686,15.388
SMC,2.5798728,16.012,16.666
SMC,1.8092599,16.323,16.948
SMC,1.4783497,16.550,17.182
SMC,1.5902884,16.505,17.110
SMC,2.9032429,15.790,16.483
SMC,1.4636762,16.745,17.315
SMC,1.9697403,16.249,16.893
SMC,1.7411104,16.387,17.006
SMC,2.9875106,15.673,16.370
SMC,2.7690752,15.769,16.378
SMC,2.8798098,15.596,16.199
SMC,1.9975647,16.069,16.706
SMC,2.0412508,16.549,17.238
SMC,2.0346043,16.297,16.795
SMC,4.8445467,15.201,16.127
SMC,3.9880119,15.489,16.270
SMC,1.6509853,16.517,17.094
SMC,3.8114063,15.514,16.194
SMC,3.2296029,15.297,15.911
SMC,3.4167099,15.674,16.373
SMC,4.4185927,15.395,16.138
SMC,4.0060133,15.619,16.332
SMC,3.4377346,15.554,16.298
SMC,1.6596062,16.705,17.402
SMC,1.4015219,17.198,17.885
SMC,3.7517962,15.296,16.137
SMC,2.8550332,15.884,16.489
SMC,1.1261888,17.197,17.792
SMC,1.2264172,16.941,17.515
SMC,2.2991817,16.071,16.706
SMC,3.1145404,15.718,16.457
SMC,1.3803677,16.530,17.084
SMC,1.4456471,16.950,17.571
SMC,2.7489300,16.272,16.963
SMC,1.5692646,16.943,17.568
SMC,2.5482342,15.573,16.069
SMC,5.7390779,14.962,15.516
SMC,1.1967923,16.783,17.340
SMC,2.4212019,15.780,16.366
SMC,1.4137963,16.771,17.396
SMC,2.8864351,15.893,16.543
SMC,1.4518703,17.184,17.899
SMC,1.4306601,16.633,17.174
SMC,4.9409973,15.282,16.011
SMC,1.6758114,16.687,17.382
SMC,1.2817447,17.387,18.055
SMC,3.3168101,15.506,16.191
SMC,3.0467440,15.528,16.209
SMC,1.2415484,17.084,17.716
SMC,1.1491413,17.452,18.171
SMC,4.2107795,15.237,15.871
SMC,2.0306089,16.031,16.560
SMC,3.3464137,15.528,16.233
SMC,4.7299503,15.202,15.919
SMC,1.3577331,16.931,17.582
SMC,1.5149582,16.895,17.516
SMC,5.9433721,14.972,15.728
SMC,1.4051632,16.680,17.251
SMC,3.1927331,15.687,16.310
SMC,1.1552114,16.994,17.591
SMC,0.9466183,17.480,18.112
SMC,5.8243065,14.967,15.760
SMC,2.5622878,15.758,16.365
SMC,4.7690206,14.908,15.615
SMC,3.5378190,15.601,16.321
SMC,1.2792447,16.956,17.532
SMC,3.1690729,15.624,16.307
SMC,1.7078361,16.774,17.418
SMC,5.0140051,15.563,16.426
SMC,1.3951821,16.463,16.974
SMC,5.6330098,15.083,15.804
SMC,1.5797506,16.774,17.407
SMC,2.2735497,15.757,16.296
SMC,5.7312006,14.952,15.757
SMC,6.6930753,14.848,15.553
SMC,3.6182834,15.594,16.331
SMC,3.0614584,15.876,16.575
SMC,1.3178953,16.951,17.568
SMC,1.5669670,16.763,17.383
SMC,3.7120666,15.692,16.437
SMC,2.3775245,16.288,16.980
SMC,1.4178738,16.799,17.383
SMC,1.5616522,16.806,17.469
SMC,1.2641837,17.120,17.748
SMC,1.3318240,16.946,17.465
SMC,1.3575584,16.872,17.417
SMC,3.0563355,15.680,16.280
SMC,1.4343489,16.299,17.001
SMC,2.8121743,15.665,16.275
SMC,3.0456452,15.655,16.359
SMC,2.3434826,15.953,16.522
SMC,4.4138383,15.079,15.728
SMC,1.6989101,16.838,17.486
SMC,2.9926016,15.633,16.323
SMC,2.9688562,15.578,16.226
SMC,1.0249535,16.997,17.569
SMC,3.5004869,15.536,16.221
SMC,2.3712643,16.135,16.806
SMC,3.3048610,15.827,16.629
SMC,1.8474789,16.387,16.914
SMC,1.3246894,16.950,17.572
SMC,3.0083906,15.675,16.329
SMC,1.6262277,16.708,17.277
SMC,13.4634839,13.801,14.595
SMC,1.3319663,16.868,17.450
SMC,2.0536578,16.512,17.182
SMC,2.5739332,15.769,16.367
SMC,2.1204080,16.396,17.098
SMC,0.9677533,17.116,17.712
SMC,2.2825396,16.009,16.728
SMC,1.4373030,16.814,17.509
SMC,7.1923327,14.806,15.551
SMC,1.3678943,16.886,17.622
SMC,1.0811353,17.290,17.861
SMC,1.3410290,16.907,17.544
SMC,1.9201670,16.797,17.487
SMC,4.5770365,15.217,15.927
SMC,2.4652688,16.058,16.718
SMC,2.4272572,15.733,16.284
SMC,6.0643560,14.860,15.551
SMC,1.6224752,16.319,16.736
SMC,1.3639649,16.788,17.413
SMC,1.0134955,16.884,17.409
SMC,2.2646091,16.196,16.852
SMC,2.5285152,15.854,16.455
SMC,6.7828874,14.885,15.688
SMC,2.7465719,15.591,16.151
SMC,0.9992362,17.104,17.702
SMC,3.0079328,15.630,16.303
SMC,1.6345346,16.621,17.316
SMC,5.9621091,14.939,15.643
SMC,11.2507973,13.699,14.400
SMC,1.5758613,16.915,17.546
SMC,4.5937902,15.280,16.035
SMC,2.9499522,15.872,16.563
SMC,1.5766546,16.583,17.203
SMC,2.0229327,16.356,17.012
SMC,3.4083739,15.507,16.187
SMC,2.5790514,15.972,16.556
SMC,9.4781259,14.383,15.158
SMC,4.0991039,15.309,15.901
SMC,1.6971489,16.816,17.504
SMC,1.2342088,16.817,17.396
SMC,1.5787476,16.733,17.383
SMC,2.2913661,16.123,16.814
SMC,2.3377280,16.107,16.809
SMC,4.8148122,15.312,16.016
SMC,2.4349561,15.928,16.640
SMC,13.1919665,13.617,14.420
SMC,1.4867575,16.643,17.238
SMC,1.2994834,16.973,17.582
SMC,1.7876118,16.609,17.245
SMC,6.6132825,14.714,15.411
SMC,2.9191824,15.701,16.282
SMC,1.4651093,16.841,17.480
SMC,2.4754680,15.856,16.492
SMC,1.3240818,16.840,17.422
SMC,1.7720986,16.546,17.156
SMC,1.2426690,16.999,17.696
SMC,3.8091371,15.805,16.521
SMC,2.2193922,16.306,17.023
SMC,3.1866386,15.729,16.500
SMC,1.6500033,16.646,17.280
SMC,1.9887730,16.368,17.034
SMC,3.7864824,15.344,15.969
SMC,1.2005617,16.789,17.318
SMC,1.3701845,16.812,17.394
SMC,1.7338827,16.592,17.255
SMC,3.6730804,15.468,16.186
SMC,1.5090731,16.654,17.206
SMC,2.6798604,15.872,16.491
SMC,5.0948176,15.051,15.782
SMC,3.3328132,15.726,16.441
SMC,3.5316663,15.772,16.475
SMC,25.4271442,13.148,14.070
SMC,1.2935457,17.060,17.686
SMC,1.6087542,16.702,17.293
SMC,1.0809163,17.286,17.898
SMC,1.5406262,16.549,17.167
SMC,3.3773035,15.608,16.317
SMC,1.2863507,17.027,17.665
SMC,1.8673624,16.427,17.073
SMC,1.6289735,16.634,17.270
SMC,1.3429112,16.702,17.286
SMC,22.6421793,12.802,13.542
SMC,1.7380654,16.444,16.998
SMC,5.2854994,15.069,15.824
SMC,4.2351648,15.215,15.937
SMC,1.1502987,17.150,17.649
SMC,1.0884270,16.915,17.454
SMC,2.1145910,16.055,16.687
SMC,1.5901516,16.701,17.374
SMC,1.7525517,16.154,16.680
SMC,3.4725347,15.312,15.963
SMC,1.0142228,17.118,17.718
SMC,1.7360425,16.678,17.363
SMC,1.7025201,16.633,17.281
SMC,1.9723123,16.001,16.558
SMC,1.3839771,16.796,17.418
SMC,9.1743809,14.107,14.831
SMC,1.7476322,16.169,16.721
SMC,1.1090831,16.945,17.548
SMC,19.9732398,13.379,14.226
SMC,1.2620232,16.786,17.357
SMC,4.7037403,14.998,15.674
SMC,6.7012896,14.385,15.042
SMC,1.4145883,16.785,17.342
SMC,1.7472824,16.389,16.988
SMC,1.1989025,16.826,17.402
SMC,4.4891935,15.159,15.862
SMC,2.3936037,16.001,16.684
SMC,1.2550615,16.918,17.492
SMC,5.1262014,15.044,15.806
SMC,0.9577568,17.366,17.969
SMC,1.3562653,16.623,17.224
SMC,1.2829196,16.808,17.427
SMC,12.4661342,13.892,14.778
SMC,10.4488731,13.756,14.477
SMC,2.3310033,16.580,17.153
SMC,2.0881698,16.607,17.261
SMC,1.2309887,17.261,17.811
SMC,1.0377563,17.244,17.789
SMC,10.0924835,14.144,14.829
SMC,1.1174801,17.362,17.919
SMC,1.4185637,17.085,17.679
SMC,1.5739963,16.808,17.384
SMC,1.4093187,17.074,17.748
SMC,1.8266244,16.795,17.460
SMC,1.3724298,17.080,17.699
SMC,1.9372492,16.647,17.271
SMC,1.6627660,16.802,17.358
SMC,1.1565279,17.185,17.735
SMC,1.7609174,16.821,17.436
SMC,1.8774875,16.431,17.073
SMC,3.4299749,15.914,16.603
SMC,1.4196497,16.910,17.475
SMC,2.2371914,16.702,17.306
SMC,1.9311793,16.721,17.309
SMC,1.4727330,16.986,17.605
SMC,1.6222513,16.855,17.417
SMC,1.3626387,17.014,17.600
SMC,1.7126363,16.831,17.475
SMC,8.9757091,14.815,15.617
SMC,1.4252024,17.102,17.723
SMC,4.1837780,15.663,16.410
SMC,4.5495729,15.402,16.092
SMC,1.4237391,17.078,17.657
SMC,1.2829822,17.175,17.787
SMC,1.5306648,16.956,17.605
SMC,2.3176198,16.386,17.076
SMC,1.6427742,17.006,17.689
SMC,1.8204968,16.441,16.965
SMC,3.4395438,15.413,16.082
SMC,1.8531064,16.536,17.119
SMC,3.7280355,16.128,16.899
SMC,1.1572874,17.394,18.021
SMC,1.3426988,17.040,17.574
SMC,18.9014371,13.088,13.847
SMC,5.2002721,14.686,15.342
SMC,1.1923522,17.117,17.638
SMC,3.4238486,15.701,16.364
SMC,1.6692366,16.686,17.361
SMC,1.2508320,16.865,17.523
SMC,1.5299194,16.902,17.516
SMC,1.4572687,16.785,17.602
SMC,1.3785584,16.702,17.247
SMC,3.1574849,16.203,16.872
SMC,1.0198616,17.275,17.749
SMC,1.6862782,16.687,17.312
SMC,1.6800413,16.574,17.144
SMC,2.1479075,16.673,17.229
SMC,1.7528025,16.793,17.449
SMC,3.1123532,15.687,16.274
SMC,2.6375522,15.748,16.281
SMC,1.2336590,17.056,17.667
SMC,2.6468944,16.010,16.744
SMC,1.1828027,16.896,17.438
SMC,1.3032701,17.323,17.836
SMC,1.1432059,16.893,17.473
SMC,2.8996001,15.604,16.174
SMC,1.7429491,16.374,17.028
SMC,1.2808297,17.301,17.887
SMC,1.7486654,16.496,17.141
SMC,1.2971262,17.112,17.700
SMC,1.4280849,17.342,17.976
SMC,1.0220286,17.302,17.832
SMC,2.5010352,16.025,16.608
SMC,3.0654391,15.598,16.242
SMC,1.3782024,17.144,17.709
SMC,1.6299761,16.544,17.076
SMC,3.9013642,15.226,15.894
SMC,1.4305423,16.803,17.381
SMC,4.2052385,15.146,15.766
SMC,1.3346239,16.699,17.402
SMC,4.6026087,15.340,16.126
SMC,1.3211403,16.815,17.417
SMC,1.5560924,16.746,17.420
SMC,2.2685328,16.214,16.773
SMC,1.0022692,17.062,17.676
SMC,1.4090629,17.057,17.641
SMC,4.5943451,15.269,15.999
SMC,1.5087221,16.706,17.214
SMC,2.1141860,16.334,16.936
SMC,4.7068561,15.127,15.787
SMC,5.4904194,15.103,15.865
SMC,4.7402396,15.251,16.016
SMC,1.3314918,16.866,17.388
SMC,6.0919824,14.829,15.527
SMC,1.6085071,16.295,16.842
SMC,1.1583775,16.745,17.295
SMC,2.9888645,15.617,16.196
SMC,8.1164648,14.185,15.002
SMC,2.7796463,15.925,16.580
SMC,1.9517342,16.296,16.914
SMC,1.1429228,17.045,17.610
SMC,1.3046748,16.815,17.343
SMC,2.2519659,16.102,16.819
SMC,2.0678512,16.215,16.951
SMC,9.7560233,14.189,14.985
SMC,1.1754065,16.939,17.418
SMC,2.5037769,16.505,17.260
SMC,13.1530610,13.887,14.783
SMC,1.7786341,16.933,17.591
SMC,2.3777193,16.130,16.745
SMC,1.2471065,16.968,17.629
SMC,1.0644860,17.351,17.967
SMC,1.2499518,16.840,17.437
SMC,1.4204606,16.782,17.476
SMC,28.9466600,13.050,13.388
SMC,1.0310435,17.325,17.985
SMC,1.5204457,16.792,17.446
SMC,1.3370688,16.693,17.367
SMC,1.0267169,17.061,17.644
SMC,2.8979931,15.893,16.638
SMC,1.4639588,16.656,17.167
SMC,1.3091480,16.602,17.075
SMC,7.0385419,14.677,15.424
SMC,1.4201476,16.638,17.249
SMC,1.5474827,16.480,17.078
SMC,15.1682784,13.181,13.971
SMC,1.2811181,16.671,17.271
SMC,1.4314166,16.751,17.414
SMC,1.4078549,16.600,17.128
SMC,1.0259749,17.040,17.659
SMC,2.9879524,15.630,16.303
SMC,33.3378117,12.237,13.289
SMC,1.1494701,17.489,18.073
SMC,1.3991817,16.664,17.277
SMC,0.9824542,17.062,17.680
SMC,1.3787859,16.835,17.489
SMC,1.9001436,16.299,16.925
SMC,17.7395801,13.326,14.210
SMC,1.0372021,17.166,17.686
SMC,1.2334701,16.600,17.119
SMC,1.6414839,16.901,17.535
SMC,21.3856352,12.965,13.824
SMC,1.1162345,17.372,17.930
SMC,1.5694305,17.037,17.745
SMC,1.0633278,17.125,17.848
SMC,1.0128301,17.328,18.067
SMC,4.3723034,15.224,15.834
SMC,8.0400872,14.063,14.929
SMC,2.9284749,15.738,16.458
SMC,1.0040427,17.267,17.903
