cluster,g,bp_rp,plx,plx_err,ruwe,prob
Pleiades,3.616,-0.036,8.1641,0.4791,4.12,0.38
Pleiades,3.698,-0.088,8.3913,0.4386,2.77,0.34
Pleiades,3.863,-0.014,7.7169,0.3104,3.54,0.75
Pleiades,5.203,-0.033,7.2841,0.1255,1.30,0.38
Pleiades,5.428,-0.067,7.7335,0.0985,1.07,0.73
Pleiades,5.441,-0.021,7.4280,0.0724,0.96,0.99
Pleiades,5.640,-0.080,7.2649,0.0551,0.90,0.72
Pleiades,5.752,-0.023,7.3480,0.0839,0.88,0.83
Pleiades,5.969,0.068,5.8542,0.0485,0.99,0.19
Pleiades,6.040,0.023,7.4568,0.1039,2.10,0.32
Pleiades,6.159,-0.050,7.5046,0.0470,1.04,0.63
Pleiades,6.299,0.009,7.2416,0.0598,1.16,0.95
Pleiades,6.425,-0.017,7.4644,0.0359,0.79,0.99
Pleiades,6.605,-0.033,7.2300,0.0361,0.98,0.72
Pleiades,6.702,0.000,7.4138,0.0390,0.95,0.59
Pleiades,6.803,0.035,7.3111,0.0354,0.93,0.37
Pleiades,6.806,0.055,7.4289,0.0383,0.97,0.81
Pleiades,6.816,0.101,7.2700,0.0486,1.14,0.56
Pleiades,6.895,0.025,7.4607,0.0420,1.09,0.91
Pleiades,6.930,0.137,6.8268,0.1414,4.03,0.33
Pleiades,6.940,0.182,6.9388,0.2232,7.92,0.54
Pleiades,6.998,0.042,7.3522,0.0392,1.02,1.00
Pleiades,7.004,0.042,7.3350,0.0288,1.01,0.66
Pleiades,7.103,0.039,7.7418,0.0338,1.01,0.68
Pleiades,7.110,0.150,9.7837,0.0417,1.18,0.18
Pleiades,7.198,0.034,7.0581,0.0416,1.03,0.44
Pleiades,7.271,0.105,7.2328,0.0534,1.52,0.51
Pleiades,7.287,0.042,7.2593,0.0344,1.00,0.94
Pleiades,7.353,0.134,7.3840,0.0294,1.09,0.97
Pleiades,7.395,0.165,8.0648,0.0354,0.92,0.25
Pleiades,7.513,0.183,8.1636,0.0281,0.95,0.23
Pleiades,7.526,0.133,7.0503,0.0262,0.88,0.56
Pleiades,7.546,0.090,7.3530,0.0319,0.83,0.96
Pleiades,7.579,0.388,7.5154,0.0232,0.92,0.26
Pleiades,7.631,0.166,6.6757,0.0327,1.00,0.19
Pleiades,7.649,0.203,7.3740,0.0300,0.83,0.64
Pleiades,7.706,0.234,7.4927,0.0290,1.12,0.47
Pleiades,7.728,0.242,7.7846,0.0291,1.04,0.47
Pleiades,7.747,0.217,7.5096,0.0316,1.01,0.67
Pleiades,7.782,0.282,5.6235,0.0447,1.39,0.21
Pleiades,7.800,0.252,7.3280,0.0315,0.88,0.81
Pleiades,7.834,0.266,7.3322,0.0346,1.34,1.00
Pleiades,7.860,0.485,7.8424,0.1355,5.26,0.47
Pleiades,7.956,0.234,7.4909,0.0323,1.01,0.67
Pleiades,8.016,0.312,7.4964,0.0507,1.68,0.23
Pleiades,8.017,0.277,7.4483,0.0343,1.30,0.84
Pleiades,8.042,0.272,7.4482,0.0278,0.95,0.92
Pleiades,8.088,0.321,7.6523,0.0327,0.92,0.49
Pleiades,8.094,0.273,7.3515,0.0408,1.21,0.95
Pleiades,8.102,0.296,7.4533,0.0325,1.09,0.90
Pleiades,8.122,0.383,8.0634,0.0244,0.96,0.52
Pleiades,8.124,0.339,7.8983,0.3273,10.40,0.39
Pleiades,8.198,0.348,7.4482,0.0331,1.03,0.20
Pleiades,8.214,0.501,7.4404,0.0872,3.19,0.24
Pleiades,8.229,0.444,7.4345,0.0327,1.25,0.85
Pleiades,8.244,0.354,7.3045,0.0278,0.87,0.90
Pleiades,8.270,0.344,7.2361,0.0285,0.82,0.68
Pleiades,8.301,0.369,7.3993,0.0221,0.99,0.70
Pleiades,8.331,0.425,7.7264,0.0204,0.82,0.29
Pleiades,8.332,0.411,7.4370,0.0273,0.90,0.79
Pleiades,8.337,0.385,7.3539,0.0310,1.39,1.00
Pleiades,8.357,0.437,7.4895,0.0314,0.99,0.42
Pleiades,8.525,0.591,5.8487,0.0228,0.91,0.19
Pleiades,8.548,0.469,6.8695,0.1936,9.41,0.33
Pleiades,8.549,0.357,6.5875,0.0259,1.25,0.31
Pleiades,8.550,0.498,7.3863,0.0324,1.23,0.78
Pleiades,8.633,0.512,7.3589,0.0233,1.12,0.33
Pleiades,8.646,0.491,7.4135,0.1644,6.65,0.30
Pleiades,8.754,0.487,7.0296,0.0200,0.92,0.59
Pleiades,8.770,0.534,7.2899,0.0272,0.94,0.82
Pleiades,8.778,0.559,7.8361,0.0202,1.02,0.32
Pleiades,8.786,0.499,7.1289,0.0232,1.15,0.53
Pleiades,8.885,0.596,7.5666,0.0222,1.10,0.76
Pleiades,8.886,0.548,7.4286,0.0187,0.98,0.76
Pleiades,8.888,0.537,7.5046,0.0197,1.19,0.90
Pleiades,8.901,0.621,7.3444,0.0355,2.07,0.85
Pleiades,8.979,0.592,8.2131,0.0159,0.89,0.41
Pleiades,9.013,0.615,7.3438,0.0188,0.90,0.65
Pleiades,9.035,0.587,7.2651,0.0209,1.20,0.71
Pleiades,9.057,0.631,7.4853,0.0189,1.17,0.77
Pleiades,9.069,0.598,7.5139,0.0175,0.99,0.82
Pleiades,9.118,0.659,7.3965,0.0306,1.26,0.63
Pleiades,9.123,0.663,6.2437,0.0246,1.28,0.18
Pleiades,9.200,0.623,7.3945,0.0205,1.00,0.76
Pleiades,9.215,0.759,7.8182,0.0221,1.22,0.45
Pleiades,9.268,0.662,8.1439,0.0197,1.09,0.28
Pleiades,9.285,0.656,7.9445,0.0953,5.80,0.21
Pleiades,9.296,0.642,7.4246,0.0206,1.13,0.73
Pleiades,9.303,0.678,7.4259,0.0228,1.12,0.32
Pleiades,9.306,0.657,7.1861,0.0204,1.04,0.66
Pleiades,9.342,0.638,7.3849,0.0199,1.02,0.75
Pleiades,9.362,0.664,7.1684,0.0221,1.05,0.55
Pleiades,9.371,0.656,7.3040,0.0212,1.02,0.74
Pleiades,9.377,0.645,7.3904,0.0206,1.01,0.95
Pleiades,9.409,0.403,7.4328,0.0448,1.48,0.23
Pleiades,9.430,0.685,7.4261,0.1245,6.01,0.66
Pleiades,9.434,0.681,7.4014,0.0180,1.05,0.57
Pleiades,9.434,0.712,7.2796,0.0173,1.01,0.68
Pleiades,9.441,0.719,7.4099,0.4363,9.69,0.62
Pleiades,9.504,0.665,7.2001,0.0235,0.99,0.44
Pleiades,9.512,0.619,5.4947,0.0177,1.08,0.21
Pleiades,9.525,0.679,7.2726,0.0313,1.07,0.72
Pleiades,9.526,0.801,7.3160,0.0194,1.20,0.48
Pleiades,9.540,0.735,7.3663,0.0568,3.06,1.00
Pleiades,9.570,0.685,7.4173,0.0156,1.02,1.00
Pleiades,9.593,0.736,7.8051,0.0490,2.17,0.26
Pleiades,9.597,0.697,7.4228,0.0159,0.99,0.70
Pleiades,9.696,0.753,7.4799,0.0214,1.14,0.78
Pleiades,9.708,0.748,7.0397,0.0194,1.30,0.30
Pleiades,9.712,0.711,7.8774,0.0199,1.09,0.45
Pleiades,9.715,0.706,7.5226,0.0216,1.20,0.89
Pleiades,9.734,0.701,7.5657,0.0186,1.15,0.58
Pleiades,9.739,0.833,7.2193,0.0534,3.38,0.63
Pleiades,9.761,0.708,7.4093,0.0205,1.31,0.92
Pleiades,9.766,0.777,7.5902,0.0207,1.03,0.61
Pleiades,9.785,0.740,6.5997,0.0165,0.81,0.35
Pleiades,9.811,0.711,7.2765,0.0157,0.85,0.59
Pleiades,9.852,0.748,7.9814,0.0224,1.01,0.44
Pleiades,9.903,0.734,7.4520,0.0175,0.87,1.00
Pleiades,9.927,0.752,7.5984,0.0170,1.08,0.63
Pleiades,9.932,0.780,7.2934,0.0206,1.22,0.27
Pleiades,9.936,0.819,9.1258,0.0163,0.98,0.18
Pleiades,9.941,0.744,7.4214,0.0162,0.87,0.69
Pleiades,9.951,0.839,5.9485,0.0202,1.01,0.20
Pleiades,9.985,0.826,7.3365,0.0217,1.02,0.73
Pleiades,9.988,0.770,6.4312,0.0163,0.83,0.22
Pleiades,9.992,0.740,7.2272,0.0208,0.94,0.77
Pleiades,9.995,0.796,8.2190,0.0181,1.01,0.41
Pleiades,10.045,0.901,7.5056,0.0207,1.11,0.80
Pleiades,10.108,0.802,7.4399,0.0190,0.96,0.89
Pleiades,10.139,0.779,6.9543,0.0171,1.07,0.48
Pleiades,10.162,0.780,7.2842,0.0215,1.20,0.83
Pleiades,10.207,0.841,7.3589,0.0266,1.43,0.72
Pleiades,10.210,0.790,7.4129,0.0162,0.96,0.95
Pleiades,10.226,0.801,7.1509,0.0184,1.11,0.55
Pleiades,10.233,0.891,7.4443,0.0188,1.04,0.60
Pleiades,10.235,0.907,7.6763,0.2457,11.60,0.27
Pleiades,10.246,0.798,7.3217,0.0157,0.90,0.69
Pleiades,10.275,0.832,7.4336,0.0232,1.14,1.00
Pleiades,10.297,0.822,7.4266,0.0158,0.85,0.97
Pleiades,10.305,0.806,7.1551,0.0282,1.42,0.51
Pleiades,10.323,0.844,7.0110,0.0157,0.95,0.30
Pleiades,10.343,0.829,7.2210,0.0197,1.06,0.68
Pleiades,10.358,0.958,7.2138,0.0282,1.61,0.34
Pleiades,10.364,1.126,7.2141,0.0197,1.31,0.75
Pleiades,10.379,0.820,7.1965,0.0211,1.33,0.65
Pleiades,10.388,0.815,7.5302,0.0155,1.00,0.94
Pleiades,10.393,0.921,7.5997,0.0192,1.23,0.86
Pleiades,10.402,0.837,7.4683,0.0203,1.06,0.82
Pleiades,10.402,0.847,7.4290,0.0214,1.02,0.93
Pleiades,10.408,0.834,7.4394,0.0186,1.08,0.90
Pleiades,10.431,1.032,7.2707,0.0361,1.93,0.67
Pleiades,10.444,0.842,6.4196,0.0161,0.91,0.29
Pleiades,10.473,0.871,7.5422,0.0194,1.24,0.92
Pleiades,10.523,0.805,6.1798,0.0172,0.86,0.26
Pleiades,10.530,0.904,7.4234,0.0188,1.05,0.60
Pleiades,10.547,0.881,7.4611,0.0201,1.15,0.56
Pleiades,10.561,0.864,6.8737,0.1570,9.55,0.21
Pleiades,10.576,0.867,7.5579,0.0152,0.98,0.71
Pleiades,10.580,0.872,6.9562,0.0176,0.94,0.42
Pleiades,10.590,1.042,7.2606,0.0143,1.15,0.80
Pleiades,10.591,0.916,7.5857,0.0190,1.15,0.50
Pleiades,10.600,0.887,7.3661,0.0167,0.97,0.95
Pleiades,10.601,0.894,7.5856,0.0174,1.01,0.34
Pleiades,10.629,1.047,7.5303,0.0466,3.22,0.97
Pleiades,10.641,0.889,7.4665,0.0527,2.92,0.99
Pleiades,10.658,0.893,7.5963,0.0174,1.07,0.70
Pleiades,10.700,0.911,7.5317,0.0187,0.94,0.82
Pleiades,10.706,1.069,6.9322,0.0322,2.42,0.22
Pleiades,10.706,0.909,7.2252,0.0512,1.63,0.55
Pleiades,10.720,0.900,7.1890,0.0215,1.27,0.47
Pleiades,10.745,0.918,7.5324,0.0191,1.34,0.83
Pleiades,10.747,0.887,7.2966,0.0168,1.14,0.81
Pleiades,10.766,0.915,7.5224,0.0218,1.47,0.40
Pleiades,10.823,0.984,7.3313,0.0153,1.11,1.00
Pleiades,10.848,1.108,7.2744,0.0972,5.59,0.58
Pleiades,10.850,0.965,7.3779,0.0174,1.15,0.71
Pleiades,10.870,0.923,7.2868,0.0185,1.01,0.68
Pleiades,10.873,0.961,7.4082,0.0162,0.99,0.81
Pleiades,10.878,1.281,7.1731,0.0178,1.18,0.66
Pleiades,10.881,0.972,8.1829,0.0172,1.25,0.36
Pleiades,10.883,0.924,6.3314,0.0202,1.20,0.24
Pleiades,10.885,0.995,6.9233,0.0389,1.67,0.43
Pleiades,10.909,1.046,7.4055,0.0302,1.69,0.23
Pleiades,10.915,0.920,7.2826,0.0233,1.23,0.74
Pleiades,10.938,0.942,7.2346,0.0317,1.96,0.82
Pleiades,10.946,0.945,7.4462,0.0205,0.91,0.97
Pleiades,10.966,0.908,6.6475,0.0186,0.83,0.40
Pleiades,10.973,0.961,7.4853,0.0182,0.93,0.88
Pleiades,11.010,1.016,7.4613,0.0316,1.41,0.92
Pleiades,11.023,0.994,7.8681,0.0246,1.23,0.49
Pleiades,11.056,1.291,6.9417,0.0545,3.48,0.38
Pleiades,11.091,1.004,7.4107,0.0198,0.94,0.91
Pleiades,11.097,1.104,5.3971,0.1918,7.97,0.19
Pleiades,11.103,1.017,6.6125,0.0263,1.16,0.23
Pleiades,11.107,1.158,8.2179,0.0623,3.24,0.18
Pleiades,11.109,1.062,9.2644,0.0260,1.36,0.23
Pleiades,11.109,0.999,7.5168,0.0248,1.50,0.85
Pleiades,11.115,0.981,7.3365,0.1585,7.33,0.69
Pleiades,11.130,1.091,7.5073,0.0435,2.15,0.29
Pleiades,11.134,1.016,7.9812,0.0292,1.75,0.34
Pleiades,11.152,1.063,7.2096,0.0206,1.07,0.67
Pleiades,11.167,1.010,7.6314,0.0200,0.95,0.86
Pleiades,11.169,1.025,7.5421,0.0262,1.71,0.84
Pleiades,11.174,0.998,7.3014,0.0222,1.18,0.74
Pleiades,11.177,0.999,7.6254,0.0238,1.42,0.77
Pleiades,11.189,1.104,8.0453,0.0256,1.21,0.19
Pleiades,11.193,1.008,7.5020,0.0264,1.22,0.74
Pleiades,11.194,1.033,7.6165,0.0198,1.00,0.61
Pleiades,11.202,1.058,7.3087,0.0295,1.37,0.33
Pleiades,11.202,1.025,7.7383,0.0223,1.08,0.28
Pleiades,11.207,1.000,7.5943,0.0186,1.04,0.49
Pleiades,11.209,1.053,7.3216,0.0202,0.91,0.95
Pleiades,11.225,1.009,7.4014,0.0256,1.08,0.66
Pleiades,11.236,1.023,7.3725,0.0242,1.25,0.48
Pleiades,11.272,1.052,7.1854,0.0240,1.60,0.54
Pleiades,11.274,1.005,7.4241,0.0187,0.91,0.90
Pleiades,11.283,1.080,7.5022,0.0195,0.99,0.94
Pleiades,11.305,1.065,7.4256,0.0257,1.10,0.88
Pleiades,11.310,1.042,7.3648,0.0216,1.20,0.47
Pleiades,11.320,1.069,7.6448,0.0202,1.09,0.31
Pleiades,11.325,1.081,7.1850,0.0521,2.58,0.20
Pleiades,11.353,1.020,7.2471,0.0206,1.16,0.85
Pleiades,11.358,1.240,7.0570,0.0952,5.56,0.50
Pleiades,11.406,1.054,7.5826,0.0208,1.20,0.67
Pleiades,11.425,1.087,7.5107,0.0186,0.97,0.82
Pleiades,11.426,1.027,7.1956,0.0207,1.07,0.73
Pleiades,11.434,1.108,7.4727,0.0229,1.11,0.84
Pleiades,11.438,1.096,7.6113,0.0214,1.05,0.67
Pleiades,11.462,1.076,7.6049,0.0210,0.86,0.55
Pleiades,11.473,1.048,7.3054,0.0209,1.14,0.92
Pleiades,11.476,1.065,7.5004,0.0225,1.17,0.71
Pleiades,11.510,1.108,7.4029,0.0346,1.76,0.62
Pleiades,11.516,1.272,7.5199,0.0224,1.17,0.75
Pleiades,11.554,1.056,6.8563,0.0199,1.08,0.41
Pleiades,11.569,1.194,6.9602,0.0204,1.06,0.29
Pleiades,11.587,1.102,7.6713,0.0154,0.81,0.75
Pleiades,11.658,1.171,7.3494,0.0197,1.29,0.61
Pleiades,11.674,1.295,7.4838,0.0164,1.20,0.67
Pleiades,11.684,1.111,7.4736,0.0165,1.04,1.00
Pleiades,11.685,1.123,7.4606,0.0169,0.95,0.72
Pleiades,11.690,1.151,7.9788,0.0141,0.85,0.38
Pleiades,11.730,1.211,7.3297,0.0245,1.38,0.63
Pleiades,11.734,1.146,7.5524,0.0169,0.98,0.60
Pleiades,11.747,1.111,7.1465,0.0188,1.09,0.63
Pleiades,11.784,1.077,6.5596,0.0159,0.92,0.30
Pleiades,11.800,1.249,7.2264,0.1190,7.90,0.57
Pleiades,11.822,1.136,7.3222,0.0193,1.07,0.60
Pleiades,11.829,1.180,7.7712,0.0497,3.24,0.47
Pleiades,11.850,1.165,7.3207,0.0170,1.27,0.65
Pleiades,11.860,1.278,7.3965,0.1337,6.15,0.99
Pleiades,11.862,1.240,7.2455,0.0273,1.99,0.25
Pleiades,11.862,1.180,7.2217,0.0156,1.02,0.72
Pleiades,11.886,1.409,7.5174,0.3257,20.48,0.23
Pleiades,11.900,1.182,7.5805,0.0183,1.18,0.69
Pleiades,11.909,1.182,6.9108,0.0143,0.97,0.36
Pleiades,11.926,1.623,7.1607,0.0750,5.67,0.20
Pleiades,11.943,1.269,5.9852,0.0154,0.93,0.19
Pleiades,11.950,1.316,7.0144,0.1235,7.55,0.48
Pleiades,11.957,1.201,7.3460,0.0142,0.93,0.82
Pleiades,11.959,1.234,7.5082,0.0229,1.65,0.90
Pleiades,11.962,1.419,7.3856,0.0163,1.23,0.21
Pleiades,11.978,1.198,7.0620,0.0137,1.11,0.50
Pleiades,11.985,1.219,7.6641,0.0141,0.89,0.49
Pleiades,11.995,1.216,7.3773,0.0159,1.14,0.96
Pleiades,12.003,1.062,5.4422,0.0161,0.93,0.18
Pleiades,12.009,1.223,7.5052,0.0150,1.15,0.59
Pleiades,12.017,1.467,6.4100,0.1453,10.81,0.31
Pleiades,12.039,1.208,7.4292,0.0151,1.12,0.51
Pleiades,12.072,1.538,7.2936,0.0136,1.10,1.00
Pleiades,12.090,1.231,7.3533,0.0173,1.17,0.71
Pleiades,12.118,1.290,7.9960,0.0144,1.10,0.18
Pleiades,12.130,1.278,7.8493,0.0151,0.95,0.51
Pleiades,12.134,1.713,7.4368,0.0162,1.10,0.91
Pleiades,12.170,1.347,8.3244,0.0154,1.00,0.39
Pleiades,12.182,1.295,7.2505,0.0149,1.06,0.32
Pleiades,12.185,1.344,7.3821,0.0257,1.79,0.43
Pleiades,12.185,1.266,7.4442,0.0142,0.99,0.86
Pleiades,12.191,1.307,7.3217,0.0144,0.94,0.86
Pleiades,12.194,1.262,7.3488,0.0160,1.13,0.73
Pleiades,12.216,1.262,7.4326,0.0138,0.98,1.00
Pleiades,12.229,1.483,6.9900,0.0305,1.65,0.40
Pleiades,12.238,1.360,7.5370,0.0295,2.20,0.53
Pleiades,12.242,1.319,7.4756,0.0133,1.00,0.85
Pleiades,12.259,1.302,7.5019,0.0150,1.09,0.70
Pleiades,12.287,1.271,7.2329,0.0179,1.08,0.79
Pleiades,12.296,1.332,7.7079,0.0167,1.11,0.46
Pleiades,12.308,1.328,7.5196,0.0161,1.00,0.67
Pleiades,12.308,1.281,7.2319,0.0167,1.14,0.50
Pleiades,12.313,1.309,7.4116,0.0152,1.15,0.79
Pleiades,12.315,1.484,8.5092,0.1460,9.60,0.23
Pleiades,12.341,1.330,7.3640,0.0165,1.33,0.71
Pleiades,12.357,1.353,7.6177,0.0166,1.07,0.63
Pleiades,12.365,1.331,7.2811,0.0149,1.04,0.58
Pleiades,12.370,1.352,7.3787,0.0156,1.14,0.41
Pleiades,12.377,1.309,7.1485,0.0158,1.02,0.61
Pleiades,12.398,1.382,7.3645,0.0147,1.04,0.90
Pleiades,12.406,1.366,7.4708,0.0182,1.18,0.71
Pleiades,12.414,1.361,7.5379,0.0258,1.81,0.86
Pleiades,12.414,1.339,7.3753,0.0147,0.95,0.93
Pleiades,12.421,1.362,7.4521,0.0158,1.13,0.49
Pleiades,12.441,1.393,7.4240,0.0605,3.34,0.52
Pleiades,12.449,1.362,7.3072,0.0163,1.09,0.73
Pleiades,12.452,1.363,7.5384,0.0176,1.15,0.89
Pleiades,12.460,1.373,7.3658,0.0150,1.13,0.90
Pleiades,12.513,1.436,7.3244,0.0191,1.18,0.44
Pleiades,12.516,1.483,8.3026,0.0146,1.07,0.29
Pleiades,12.520,1.700,7.6352,0.0150,1.09,0.67
Pleiades,12.540,1.401,7.4390,0.0134,0.99,1.00
Pleiades,12.548,1.477,7.3460,0.0130,1.01,0.80
Pleiades,12.553,1.394,7.4269,0.0176,1.13,0.73
Pleiades,12.564,1.584,7.3658,0.0161,1.18,0.81
Pleiades,12.604,1.675,7.2230,0.0169,1.05,0.66
Pleiades,12.610,1.463,7.3402,0.0165,1.20,0.70
Pleiades,12.616,1.438,7.4667,0.0219,1.11,0.52
Pleiades,12.625,1.302,5.4769,0.0265,1.53,0.18
Pleiades,12.670,1.558,8.8732,0.0156,1.13,0.30
Pleiades,12.686,1.496,8.0605,0.0152,0.98,0.26
Pleiades,12.693,1.447,7.3942,0.0167,1.05,0.77
Pleiades,12.708,1.456,7.1420,0.0177,1.14,0.18
Pleiades,12.713,1.465,7.5029,0.0149,1.07,0.56
Pleiades,12.719,1.496,7.7530,0.0158,1.14,0.36
Pleiades,12.724,1.454,7.3123,0.0154,1.00,0.66
Pleiades,12.729,1.495,7.0595,0.0179,0.98,0.23
Pleiades,12.733,1.434,7.2424,0.0168,1.03,0.82
Pleiades,12.777,1.464,7.5248,0.0163,1.09,0.97
Pleiades,12.779,1.470,7.4936,0.0171,1.11,0.83
Pleiades,12.782,1.753,7.0336,0.0604,2.89,0.57
Pleiades,12.783,1.493,7.5596,0.0135,0.98,0.34
Pleiades,12.792,1.503,7.6550,0.0163,0.99,0.59
Pleiades,12.820,1.456,6.9802,0.0170,1.03,0.40
Pleiades,12.829,1.530,7.4163,0.0163,1.01,0.42
Pleiades,12.855,1.578,7.7701,0.0166,0.99,0.45
Pleiades,12.856,1.552,7.4196,0.0154,1.01,0.95
Pleiades,12.869,1.513,7.4331,0.0138,0.93,1.00
Pleiades,12.876,1.415,6.2978,0.0188,1.00,0.27
Pleiades,12.877,1.456,6.9340,0.0170,0.98,0.44
Pleiades,12.883,1.505,7.4686,0.0136,0.92,0.89
Pleiades,12.904,1.578,7.7753,0.2601,14.87,0.65
Pleiades,12.914,1.498,7.1834,0.0169,0.89,0.41
Pleiades,12.944,1.669,8.0349,0.1723,5.19,0.39
Pleiades,12.947,1.557,6.1666,0.0157,0.93,0.20
Pleiades,12.986,1.563,7.5037,0.0151,0.83,0.63
Pleiades,12.989,1.592,7.5533,0.0179,1.21,0.83
Pleiades,12.994,1.702,7.4568,0.1832,9.60,0.23
Pleiades,13.007,1.547,7.4004,0.0174,1.05,0.94
Pleiades,13.027,1.410,6.1418,0.0141,0.97,0.20
Pleiades,13.028,1.571,7.5336,0.0246,1.30,0.86
Pleiades,13.101,1.599,7.3369,0.0149,1.04,0.67
Pleiades,13.114,1.586,7.3155,0.0162,1.11,0.61
Pleiades,13.129,1.748,8.0849,0.0370,3.26,0.37
Pleiades,13.134,1.677,7.2561,0.0143,1.02,0.95
Pleiades,13.142,1.926,7.3248,0.0747,5.91,0.36
Pleiades,13.143,1.597,7.3530,0.0158,1.07,0.98
Pleiades,13.155,2.052,7.5834,0.0980,6.44,0.20
Pleiades,13.169,1.746,7.4865,0.0354,2.25,0.59
Pleiades,13.179,1.636,7.6260,0.0188,1.03,0.53
Pleiades,13.218,1.641,7.4321,0.0151,1.02,1.00
Pleiades,13.248,1.640,7.2675,0.0175,0.99,0.66
Pleiades,13.268,1.704,7.4333,0.0297,1.75,0.84
Pleiades,13.281,2.009,7.5490,0.0340,2.57,0.44
Pleiades,13.306,1.664,7.2790,0.0219,1.07,0.54
Pleiades,13.309,1.717,7.4076,0.0640,3.38,0.29
Pleiades,13.311,1.678,7.2873,0.0177,1.11,0.76
Pleiades,13.315,1.720,7.7914,0.0178,1.19,0.55
Pleiades,13.318,1.648,7.4589,0.0171,1.03,0.88
Pleiades,13.321,1.736,8.1751,0.3503,3.97,0.44
Pleiades,13.338,1.695,7.4984,0.0161,1.08,0.67
Pleiades,13.341,1.724,6.9152,0.0821,5.01,0.32
Pleiades,13.344,2.047,7.3793,0.0316,2.03,0.64
Pleiades,13.361,1.706,7.4957,0.0166,1.10,0.62
Pleiades,13.369,1.898,7.9979,0.2574,15.33,0.24
Pleiades,13.375,1.722,7.5909,0.0180,0.95,0.72
Pleiades,13.381,1.768,7.7538,0.1945,12.21,0.41
Pleiades,13.391,1.671,7.0782,0.0209,1.03,0.54
Pleiades,13.392,1.979,7.3256,0.0245,1.61,0.44
Pleiades,13.397,1.808,7.1085,0.1338,3.80,0.20
Pleiades,13.400,1.705,7.5651,0.0205,1.08,0.85
Pleiades,13.413,1.711,7.2588,0.0171,1.05,0.51
Pleiades,13.414,1.768,7.6463,0.0188,1.08,0.56
Pleiades,13.419,1.717,7.2854,0.0154,1.04,0.68
Pleiades,13.430,1.799,7.3812,0.0303,2.14,0.62
Pleiades,13.436,1.833,7.3001,0.0912,5.57,0.40
Pleiades,13.447,1.728,7.4668,0.0162,1.05,0.65
Pleiades,13.447,1.711,7.2086,0.0170,0.99,0.55
Pleiades,13.457,1.694,7.0508,0.0188,1.07,0.48
Pleiades,13.465,1.739,7.4148,0.0182,1.02,0.72
Pleiades,13.471,1.927,9.0087,0.0179,1.02,0.27
Pleiades,13.479,1.729,7.4071,0.0190,1.16,0.55
Pleiades,13.488,1.851,7.5305,0.0291,1.85,0.79
Pleiades,13.493,1.727,7.2684,0.0177,1.02,0.72
Pleiades,13.493,1.971,9.2393,0.0159,1.12,0.21
Pleiades,13.494,1.735,7.2949,0.0153,1.12,0.67
Pleiades,13.498,1.786,7.8208,0.0176,1.09,0.59
Pleiades,13.515,1.770,7.1813,0.0617,3.65,0.44
Pleiades,13.521,1.799,7.8671,0.1944,3.99,0.49
Pleiades,13.523,1.828,7.8869,0.0163,1.05,0.53
Pleiades,13.541,1.847,7.4362,0.1385,7.65,0.76
Pleiades,13.549,1.843,7.4605,0.0224,1.43,0.48
Pleiades,13.567,1.780,7.5049,0.0169,0.99,0.94
Pleiades,13.568,1.863,7.3836,0.0768,3.36,0.50
Pleiades,13.569,1.809,7.8944,0.0186,1.08,0.28
Pleiades,13.570,1.781,7.4821,0.0175,1.06,0.95
Pleiades,13.571,1.681,6.5831,0.0168,1.05,0.31
Pleiades,13.583,1.786,7.4639,0.0159,1.02,0.69
Pleiades,13.591,1.909,7.1049,0.0165,1.06,0.19
Pleiades,13.597,1.873,7.5299,0.0571,1.49,0.75
Pleiades,13.602,1.891,6.9746,0.1740,12.57,0.20
Pleiades,13.604,1.811,7.3768,0.0188,1.03,0.52
Pleiades,13.613,1.819,7.2519,0.0185,1.12,0.73
Pleiades,13.633,1.818,7.4954,0.0183,1.13,0.93
Pleiades,13.637,1.826,7.4405,0.0187,1.05,0.83
Pleiades,13.658,1.760,6.8046,0.0169,1.06,0.25
Pleiades,13.659,1.832,7.4694,0.0163,1.07,0.69
Pleiades,13.667,1.840,7.4752,0.0165,0.99,0.69
Pleiades,13.674,1.826,7.4402,0.0800,6.22,0.59
Pleiades,13.680,1.822,7.3729,0.0190,1.15,0.81
Pleiades,13.687,1.757,6.7679,0.0181,1.08,0.40
Pleiades,13.690,1.707,6.3774,0.0196,1.16,0.36
Pleiades,13.691,1.830,7.3704,0.0192,1.12,0.75
Pleiades,13.702,1.848,7.3445,0.0304,1.10,0.84
Pleiades,13.703,1.835,7.4357,0.0167,0.98,0.77
Pleiades,13.708,1.805,6.7190,0.0196,0.98,0.33
Pleiades,13.712,1.817,7.3634,0.0192,1.06,0.93
Pleiades,13.716,1.903,7.3275,0.0197,1.11,0.33
Pleiades,13.718,1.853,7.4885,0.0196,1.21,0.96
Pleiades,13.735,1.859,7.4197,0.0206,1.11,0.81
Pleiades,13.736,1.853,7.2769,0.0220,1.03,0.92
Pleiades,13.737,1.853,7.3397,0.0179,0.98,0.51
Pleiades,13.746,1.909,7.6875,0.0648,3.48,0.35
Pleiades,13.755,1.905,7.5057,0.0195,1.03,0.52
Pleiades,13.757,1.804,7.0382,0.0213,1.12,0.57
Pleiades,13.767,1.909,7.6459,0.0194,1.09,0.63
Pleiades,13.785,1.937,7.7305,0.0201,1.07,0.40
Pleiades,13.804,2.148,7.2891,0.0249,1.30,0.51
Pleiades,13.806,2.100,8.0129,0.1083,7.47,0.30
Pleiades,13.810,2.034,8.4081,0.0200,0.98,0.24
Pleiades,13.811,1.872,7.3633,0.0185,1.04,0.37
Pleiades,13.826,1.895,7.3218,0.0219,1.03,1.00
Pleiades,13.830,1.906,7.4125,0.0187,1.12,0.86
Pleiades,13.831,1.889,7.2798,0.0198,1.18,0.80
Pleiades,13.833,1.765,7.3990,0.0240,1.29,0.96
Pleiades,13.846,1.936,7.2774,0.0229,1.31,0.81
Pleiades,13.849,1.904,6.8659,0.0205,1.09,0.34
Pleiades,13.859,2.222,6.8540,0.1673,10.19,0.41
Pleiades,13.860,1.932,7.4798,0.0188,1.04,0.69
Pleiades,13.862,1.960,7.1720,0.0436,2.48,0.26
Pleiades,13.867,1.886,7.6271,0.0214,1.04,0.62
Pleiades,13.876,1.817,6.6063,0.0197,1.00,0.31
Pleiades,13.884,1.896,7.4594,0.0217,1.13,0.85
Pleiades,13.896,1.887,7.1663,0.0190,1.01,0.58
Pleiades,13.916,1.927,7.5273,0.0199,1.14,1.00
Pleiades,13.922,1.771,6.2075,0.0189,1.08,0.24
Pleiades,13.927,1.984,6.2480,0.0422,2.39,0.19
Pleiades,13.936,1.949,7.3729,0.0207,0.98,0.85
Pleiades,13.937,2.036,7.9097,0.0230,1.08,0.48
Pleiades,13.974,1.991,7.4811,0.0206,0.98,0.51
Pleiades,13.976,1.921,7.3402,0.0217,1.11,0.99
Pleiades,13.986,1.963,6.8098,0.0263,1.25,0.38
Pleiades,14.002,2.220,8.1711,0.3550,19.45,0.36
Pleiades,14.006,1.981,7.2204,0.0222,1.09,0.59
Pleiades,14.012,1.975,7.3064,0.0232,1.12,0.83
Pleiades,14.012,1.970,7.4780,0.0215,1.23,0.70
Pleiades,14.019,2.011,7.4792,0.0214,1.06,0.92
Pleiades,14.073,2.325,7.5888,0.0491,3.09,0.53
Pleiades,14.081,2.034,7.2696,0.0190,1.01,0.94
Pleiades,14.081,2.033,7.5700,0.0199,1.05,0.84
Pleiades,14.089,1.992,7.5238,0.0220,1.01,0.70
Pleiades,14.111,2.054,7.4375,0.0196,1.08,0.70
Pleiades,14.112,1.890,6.1530,0.0199,1.02,0.20
Pleiades,14.118,1.822,5.9213,0.0216,1.05,0.19
Pleiades,14.159,2.070,7.5289,0.0202,1.10,0.56
Pleiades,14.170,2.395,7.3793,0.0331,1.61,0.78
Pleiades,14.179,2.096,7.3614,0.0820,4.69,0.84
Pleiades,14.181,2.050,7.0168,0.0203,1.04,0.21
Pleiades,14.184,2.052,7.2314,0.0233,1.06,0.59
Pleiades,14.187,2.138,7.4326,0.0255,1.15,0.60
Pleiades,14.206,1.394,7.2984,0.0374,0.99,0.36
Pleiades,14.217,2.135,7.3825,0.0228,1.16,0.34
Pleiades,14.220,2.107,7.2577,0.0204,1.03,0.72
Pleiades,14.224,1.945,5.8976,0.0412,1.86,0.19
Pleiades,14.256,2.121,7.3291,0.0239,1.01,0.84
Pleiades,14.265,2.475,7.2606,0.0227,1.12,0.73
Pleiades,14.265,2.384,7.4247,0.0400,1.62,0.86
Pleiades,14.297,2.296,7.6917,0.1547,8.49,0.37
Pleiades,14.311,2.148,7.4340,0.0206,1.12,0.95
Pleiades,14.311,2.302,6.7116,0.1306,5.74,0.35
Pleiades,14.311,2.131,7.4606,0.0252,1.17,0.79
Pleiades,14.319,2.077,6.8812,0.0225,1.10,0.28
Pleiades,14.326,2.210,6.7875,0.0322,1.47,0.22
Pleiades,14.329,2.189,7.4156,0.0394,1.10,1.00
Pleiades,14.340,2.138,7.1574,0.0210,1.08,0.60
Pleiades,14.347,2.192,7.7151,0.0228,1.08,0.32
Pleiades,14.348,2.060,6.9954,0.0240,0.96,0.35
Pleiades,14.350,2.237,7.9472,0.0585,2.46,0.28
Pleiades,14.357,2.154,7.5870,0.0245,1.01,0.64
Pleiades,14.358,2.118,7.4693,0.0226,1.08,0.59
Pleiades,14.375,2.447,7.3601,0.0255,1.02,0.93
Pleiades,14.386,2.170,7.2193,0.0244,1.07,0.60
Pleiades,14.410,2.178,7.5361,0.0276,1.05,0.72
Pleiades,14.417,2.478,7.4074,0.0381,0.96,0.85
Pleiades,14.417,2.445,8.1205,0.1273,5.96,0.35
Pleiades,14.418,2.522,7.3666,0.0327,1.52,0.44
Pleiades,14.441,2.580,7.2269,0.0543,2.51,0.23
Pleiades,14.442,2.092,6.7421,0.0274,1.05,0.38
Pleiades,14.453,2.198,7.3920,0.0230,1.14,0.45
Pleiades,14.463,2.207,7.2910,0.0293,1.07,0.69
Pleiades,14.464,2.235,7.4314,0.0258,1.05,0.94
Pleiades,14.467,2.232,7.2101,0.0498,2.29,0.63
Pleiades,14.486,2.224,7.5583,0.0249,1.10,0.57
Pleiades,14.486,2.212,7.4328,0.0270,1.01,0.83
Pleiades,14.498,2.223,7.3897,0.0299,1.13,0.63
Pleiades,14.506,2.217,7.5275,0.0252,1.05,0.88
Pleiades,14.509,2.499,7.2676,0.0308,1.21,0.53
Pleiades,14.510,2.213,7.2282,0.0219,0.98,0.71
Pleiades,14.520,2.306,7.2684,0.0294,1.49,0.57
Pleiades,14.538,2.260,7.5685,0.0256,1.10,0.65
Pleiades,14.545,2.277,7.7333,0.0255,1.09,0.50
Pleiades,14.560,2.562,7.2358,0.0406,1.71,0.68
Pleiades,14.567,2.308,7.7008,0.0259,1.07,0.57
Pleiades,14.576,2.270,7.6181,0.0271,1.12,0.32
Pleiades,14.591,2.289,7.6341,0.0261,1.11,0.36
Pleiades,14.602,2.368,7.2445,0.0334,1.37,0.34
Pleiades,14.607,2.287,7.2252,0.0299,1.00,0.68
Pleiades,14.607,2.288,7.3871,0.0265,1.07,0.72
Pleiades,14.616,2.423,7.6295,0.1150,2.08,0.25
Pleiades,14.622,2.297,7.3063,0.0262,1.05,0.61
Pleiades,14.652,2.397,8.2907,0.2490,10.15,0.26
Pleiades,14.657,2.377,7.6264,0.0518,1.09,0.30
Pleiades,14.672,2.676,8.8672,0.0281,1.19,0.19
Pleiades,14.673,2.314,7.3055,0.0314,1.01,0.76
Pleiades,14.683,2.334,7.2959,0.0279,1.02,0.38
Pleiades,14.686,2.313,7.2683,0.0329,1.26,0.42
Pleiades,14.699,2.580,7.4546,0.0397,1.64,0.92
Pleiades,14.706,2.326,7.5214,0.0264,1.02,0.71
Pleiades,14.711,2.374,8.0552,0.0238,1.12,0.38
Pleiades,14.732,2.338,7.4947,0.0260,1.07,0.72
Pleiades,14.743,2.575,7.4765,0.0343,1.40,0.94
Pleiades,14.748,2.638,7.4445,0.0317,1.08,0.94
Pleiades,14.753,2.310,7.6043,0.0287,1.08,0.82
Pleiades,14.769,2.507,7.5284,0.0410,1.58,0.78
Pleiades,14.781,2.550,7.2429,0.0736,2.62,0.22
Pleiades,14.787,2.443,7.6921,0.0929,1.51,0.55
Pleiades,14.799,2.348,7.4397,0.0405,1.05,0.91
Pleiades,14.803,2.350,7.3089,0.0295,1.12,0.66
Pleiades,14.805,2.599,7.0614,0.1339,5.54,0.79
Pleiades,14.815,2.396,6.2528,0.1292,4.22,0.20
Pleiades,14.815,2.497,7.4057,0.0383,1.43,0.46
Pleiades,14.820,2.533,7.5196,0.0338,1.09,0.48
Pleiades,14.827,2.352,7.5289,0.0272,1.05,0.82
Pleiades,14.833,2.268,6.7117,0.0281,1.06,0.38
Pleiades,14.842,2.442,7.6406,0.0251,1.02,0.45
Pleiades,14.856,2.439,7.9371,0.0371,1.00,0.42
Pleiades,14.886,2.696,8.1584,0.0322,1.23,0.41
Pleiades,14.890,2.432,7.2683,0.0320,1.01,0.78
Pleiades,14.890,2.508,6.9205,0.0298,1.05,0.27
Pleiades,14.900,2.372,6.7656,0.0345,1.07,0.19
Pleiades,14.907,2.598,6.8622,0.0887,3.54,0.33
Pleiades,14.919,2.541,7.6417,0.0676,1.05,0.45
Pleiades,14.920,2.699,7.3790,0.0360,1.12,0.70
Pleiades,14.944,2.451,7.3919,0.0292,1.07,0.80
Pleiades,14.958,2.396,7.0260,0.0296,1.06,0.41
Pleiades,14.967,2.456,6.8632,0.1647,4.38,0.42
Pleiades,14.973,2.721,7.4238,0.0366,1.01,0.75
Pleiades,14.974,2.470,7.4373,0.0335,1.24,0.75
Pleiades,14.976,2.717,7.6689,0.0479,1.65,0.71
Pleiades,14.980,2.587,7.7497,0.0762,3.01,0.32
Pleiades,14.986,2.705,7.2036,0.0473,1.63,0.59
Pleiades,14.995,2.496,7.7571,0.0291,1.07,0.56
Pleiades,15.003,2.181,5.7201,0.0302,1.01,0.21
Pleiades,15.008,2.494,7.3447,0.0332,1.09,0.70
Pleiades,15.012,2.395,7.2268,0.0295,1.05,0.75
Pleiades,15.016,2.440,7.4067,0.0371,1.12,0.83
Pleiades,15.020,2.457,7.3138,0.0325,1.12,0.68
Pleiades,15.024,2.499,7.4434,0.0293,1.02,0.52
Pleiades,15.025,2.448,7.4802,0.0326,1.14,0.82
Pleiades,15.039,2.448,7.2283,0.0333,1.05,0.70
Pleiades,15.040,2.478,7.2904,0.0427,1.22,0.67
Pleiades,15.042,2.432,7.3784,0.0380,0.97,0.79
Pleiades,15.051,2.466,7.5412,0.0358,1.07,0.84
Pleiades,15.062,2.490,7.6691,0.0341,1.12,0.65
Pleiades,15.064,2.445,7.1905,0.0358,1.11,0.43
Pleiades,15.065,2.462,7.3939,0.0365,1.10,0.71
Pleiades,15.065,2.452,7.3583,0.0327,0.96,0.76
Pleiades,15.068,2.386,7.3364,0.0348,1.05,0.95
Pleiades,15.080,2.310,6.3487,0.0371,1.15,0.18
Pleiades,15.081,2.498,7.4454,0.0357,1.09,0.21
Pleiades,15.082,2.546,7.7188,0.0378,1.10,0.69
Pleiades,15.090,2.496,7.3677,0.0315,1.03,0.71
Pleiades,15.093,2.400,7.2984,0.0327,1.08,0.60
Pleiades,15.094,2.886,7.4599,0.0691,2.77,0.28
Pleiades,15.099,2.507,7.5683,0.0299,1.09,0.62
Pleiades,15.101,2.495,7.3506,0.0838,1.98,0.54
Pleiades,15.114,2.633,7.7334,0.0698,2.37,0.40
Pleiades,15.121,2.541,7.8424,0.0360,1.01,0.39
Pleiades,15.134,2.516,7.3613,0.0310,1.10,0.95
Pleiades,15.148,2.505,7.3767,0.0386,1.17,0.81
Pleiades,15.154,2.502,7.4110,0.0338,1.05,0.50
Pleiades,15.160,2.488,7.3236,0.0288,1.05,0.67
Pleiades,15.161,2.825,7.2387,0.1312,4.72,0.66
Pleiades,15.174,2.551,7.5836,0.0291,1.08,0.73
Pleiades,15.175,2.529,7.3541,0.0379,1.11,0.54
Pleiades,15.177,2.461,7.3485,0.0337,1.05,0.70
Pleiades,15.179,2.474,7.5810,0.0381,1.14,0.84
Pleiades,15.185,2.644,8.7638,0.0318,1.05,0.23
Pleiades,15.189,2.523,7.4775,0.0329,1.05,0.69
Pleiades,15.200,2.599,7.4729,0.0323,1.07,0.56
Pleiades,15.203,2.530,8.2527,0.0676,1.88,0.22
Pleiades,15.232,2.567,7.2351,0.0403,1.15,0.34
Pleiades,15.244,2.824,7.6028,0.0428,1.09,0.47
Pleiades,15.252,2.504,7.2718,0.0347,1.07,0.62
Pleiades,15.262,2.518,7.4416,0.0332,1.10,0.63
Pleiades,15.265,2.530,7.5056,0.0472,1.12,0.83
Pleiades,15.266,2.764,7.0503,0.0777,2.52,0.44
Pleiades,15.267,2.482,7.4530,0.0350,1.04,0.57
Pleiades,15.268,2.538,7.4261,0.0357,1.06,1.00
Pleiades,15.269,2.624,7.6345,0.0356,0.95,0.20
Pleiades,15.284,2.472,7.0245,0.0345,1.14,0.24
Pleiades,15.302,2.907,7.2592,0.0570,1.29,0.52
Pleiades,15.304,2.555,7.3546,0.0353,1.02,0.67
Pleiades,15.306,2.545,7.4256,0.0401,1.11,0.84
Pleiades,15.321,2.513,7.3188,0.0383,1.13,0.50
Pleiades,15.330,2.682,8.3499,0.6310,12.25,0.41
Pleiades,15.347,2.731,7.6259,0.0424,1.18,0.50
Pleiades,15.347,2.599,7.6916,0.0344,0.99,0.73
Pleiades,15.360,2.590,7.4717,0.0359,1.08,0.84
Pleiades,15.381,2.578,7.3556,0.0429,0.98,0.91
Pleiades,15.381,2.619,7.2499,0.0368,1.10,0.87
Pleiades,15.382,2.550,7.3388,0.0334,1.01,0.68
Pleiades,15.390,2.497,7.4313,0.0416,1.06,0.86
Pleiades,15.392,2.568,7.3541,0.0350,0.98,0.85
Pleiades,15.394,2.578,7.3746,0.0387,1.08,0.75
Pleiades,15.395,2.623,7.2607,0.0414,1.15,0.87
Pleiades,15.395,2.459,5.9606,0.0385,1.11,0.18
Pleiades,15.396,2.586,7.3925,0.0388,1.06,0.59
Pleiades,15.398,2.559,6.9894,0.0396,1.08,0.52
Pleiades,15.408,2.639,7.3079,0.0394,1.06,0.50
Pleiades,15.410,2.625,7.6029,0.0358,1.00,0.65
Pleiades,15.411,2.631,7.4090,0.0346,0.99,0.80
Pleiades,15.412,2.686,8.5455,0.0348,1.07,0.35
Pleiades,15.424,2.937,7.4913,0.0522,1.47,0.96
Pleiades,15.432,2.747,7.8309,0.0410,1.07,0.65
Pleiades,15.435,2.878,7.2459,0.0535,1.57,0.76
Pleiades,15.439,2.550,7.3355,0.0345,1.03,0.84
Pleiades,15.446,1.480,7.3944,0.1046,1.03,0.92
Pleiades,15.454,2.671,7.4853,0.0429,1.08,0.67
Pleiades,15.456,2.644,7.5044,0.0414,1.00,0.45
Pleiades,15.460,2.617,7.6469,0.0390,1.05,0.66
Pleiades,15.461,2.689,8.2030,0.0432,1.28,0.48
Pleiades,15.462,2.851,7.4971,0.0664,1.76,0.64
Pleiades,15.462,2.570,6.6669,0.0373,1.03,0.21
Pleiades,15.463,2.557,6.7636,0.0526,1.10,0.34
Pleiades,15.473,2.670,7.3965,0.0401,1.16,0.91
Pleiades,15.476,2.703,7.6383,0.0404,1.03,0.36
Pleiades,15.476,2.635,6.5039,0.0655,1.61,0.22
Pleiades,15.483,2.621,7.7556,0.0380,1.06,0.23
Pleiades,15.491,2.682,7.9175,0.0414,0.99,0.25
Pleiades,15.495,2.476,5.5865,0.0413,0.95,0.21
Pleiades,15.495,2.636,6.9393,0.0496,0.92,0.45
Pleiades,15.500,2.899,7.7153,0.1160,3.28,0.51
Pleiades,15.502,2.615,7.4408,0.0394,1.13,0.77
Pleiades,15.504,2.644,7.3127,0.0459,1.10,0.58
Pleiades,15.505,3.000,7.3905,0.0466,1.18,0.97
Pleiades,15.517,2.636,6.7664,0.0410,1.08,0.36
Pleiades,15.520,2.845,7.4808,0.0410,1.11,0.19
Pleiades,15.520,2.720,7.2157,0.0398,1.07,0.55
Pleiades,15.521,2.751,8.2503,0.3560,3.24,0.35
Pleiades,15.528,2.634,7.3357,0.0380,1.05,0.88
Pleiades,15.532,2.699,7.7852,0.0391,1.09,0.55
Pleiades,15.537,2.642,7.3249,0.0410,1.06,0.83
Pleiades,15.538,2.687,7.2383,0.0374,1.02,0.77
Pleiades,15.540,2.680,8.0083,0.0491,1.04,0.47
Pleiades,15.543,2.613,7.2586,0.0520,1.10,0.50
Pleiades,15.547,2.620,7.1553,0.0442,1.11,0.45
Pleiades,15.552,2.875,8.0406,0.5357,19.23,0.21
Pleiades,15.555,2.709,7.1925,0.0706,0.93,0.55
Pleiades,15.558,2.632,7.4704,0.0451,1.03,0.59
Pleiades,15.560,2.757,7.6263,0.0409,0.93,0.49
Pleiades,15.565,2.674,7.4150,0.0532,1.04,0.62
Pleiades,15.571,2.717,7.4733,0.0415,1.07,0.60
Pleiades,15.573,2.755,6.9592,0.0797,2.04,0.35
Pleiades,15.575,2.737,8.1821,0.0423,1.10,0.36
Pleiades,15.581,2.620,7.1222,0.0399,1.02,0.45
Pleiades,15.598,2.647,7.3944,0.0495,1.09,0.69
Pleiades,15.604,2.647,7.6009,0.0447,1.09,0.74
Pleiades,15.607,2.626,7.0016,0.0416,1.09,0.33
Pleiades,15.614,2.665,7.6565,0.0395,1.06,0.64
Pleiades,15.616,2.675,7.5399,0.0462,1.14,0.79
Pleiades,15.616,2.651,7.3211,0.0374,1.06,0.69
Pleiades,15.617,2.782,7.8175,0.0408,1.07,0.63
Pleiades,15.620,2.967,7.6812,0.0981,2.50,0.60
Pleiades,15.635,2.918,7.3744,0.0472,1.09,0.66
Pleiades,15.640,2.559,6.5764,0.0452,1.07,0.19
Pleiades,15.647,2.717,7.3781,0.0427,1.12,0.67
Pleiades,15.649,2.983,6.9097,0.0667,1.64,0.40
Pleiades,15.649,2.963,7.3381,0.0432,1.12,0.71
Pleiades,15.652,2.943,8.4125,0.0639,1.47,0.32
Pleiades,15.653,2.701,7.4780,0.0380,1.04,0.84
Pleiades,15.654,2.426,5.4032,0.0429,1.04,0.18
Pleiades,15.662,2.747,7.4776,0.0414,1.13,1.00
Pleiades,15.664,2.605,6.1846,0.0400,0.98,0.19
Pleiades,15.665,2.704,7.8753,0.0550,1.06,0.64
Pleiades,15.668,2.692,7.0968,0.0438,0.84,0.60
Pleiades,15.671,2.719,7.1631,0.0448,1.17,0.19
Pleiades,15.678,2.622,6.3473,0.0443,1.14,0.23
Pleiades,15.680,2.992,7.3708,0.1337,3.32,0.43
Pleiades,15.681,2.813,7.5639,0.0761,1.91,0.71
Pleiades,15.682,2.723,7.5869,0.0413,0.94,0.74
Pleiades,15.691,2.742,7.4383,0.0571,1.13,0.63
Pleiades,15.692,2.989,7.3942,0.0439,1.14,0.18
Pleiades,15.695,2.794,7.6855,0.0475,1.07,0.73
Pleiades,15.696,1.741,7.3855,0.1196,0.69,0.45
Pleiades,15.706,2.672,7.2074,0.0445,1.05,0.51
Pleiades,15.709,3.049,7.2708,0.0571,1.27,0.67
Pleiades,15.710,2.700,7.0659,0.0475,1.02,0.47
Pleiades,15.711,2.395,7.3446,0.0771,1.06,0.94
Pleiades,15.716,2.654,7.2536,0.0543,1.01,0.28
Pleiades,15.717,2.711,7.5612,0.0432,1.13,0.77
Pleiades,15.720,2.727,8.1196,0.0472,1.12,0.53
Pleiades,15.723,2.744,7.2465,0.0470,1.06,0.89
Pleiades,15.727,2.760,7.2051,0.0511,1.12,0.48
Pleiades,15.730,2.809,7.8028,0.0427,1.01,0.38
Pleiades,15.732,2.918,7.2359,0.0421,1.05,0.55
Pleiades,15.732,2.716,7.0655,0.0526,1.13,0.63
Pleiades,15.735,2.973,7.7948,0.0513,1.06,0.61
Pleiades,15.736,2.915,7.0536,0.1567,1.98,0.56
Pleiades,15.737,2.487,5.5053,0.0391,0.96,0.18
Pleiades,15.739,2.726,7.6440,0.0429,0.95,0.66
Pleiades,15.754,2.903,7.2360,0.0426,1.00,0.46
Pleiades,15.755,2.798,6.9841,0.1069,3.04,0.54
Pleiades,15.762,2.687,7.5097,0.0545,1.02,0.80
Pleiades,15.767,2.728,7.5860,0.0424,1.06,0.59
Pleiades,15.773,2.791,7.4727,0.0418,1.06,0.61
Pleiades,15.773,2.692,7.0270,0.0563,1.04,0.43
Pleiades,15.776,2.512,7.5556,0.0642,1.46,0.60
Pleiades,15.780,2.781,7.5838,0.0512,0.96,0.85
Pleiades,15.781,2.660,7.1468,0.0455,1.05,0.41
Pleiades,15.785,2.739,7.5556,0.0481,1.05,0.72
Pleiades,15.786,2.730,6.6148,0.0446,1.02,0.26
Pleiades,15.786,2.780,7.4324,0.0451,1.04,0.84
Pleiades,15.786,2.783,7.7169,0.0406,1.01,0.34
Pleiades,15.789,2.768,7.8405,0.0481,0.98,0.62
Pleiades,15.792,2.750,7.3401,0.0500,1.02,0.45
Pleiades,15.794,2.724,7.4282,0.0424,1.04,0.80
Pleiades,15.794,2.777,7.5506,0.0435,1.04,0.66
Pleiades,15.795,2.948,7.5096,0.0396,1.04,0.43
Pleiades,15.804,2.727,7.4480,0.0506,1.10,0.61
Pleiades,15.811,2.752,7.3104,0.0421,1.08,0.61
Pleiades,15.823,2.985,6.9632,0.0468,1.02,0.49
Pleiades,15.823,2.735,7.3417,0.0483,1.05,0.67
Pleiades,15.829,2.798,7.6025,0.0506,1.09,0.47
Pleiades,15.830,3.046,7.2735,0.0455,1.04,0.58
Pleiades,15.835,2.781,7.1799,0.0534,1.11,0.67
Pleiades,15.837,2.525,7.3461,0.0594,1.27,0.47
Pleiades,15.841,2.796,7.5204,0.0429,1.00,0.55
Pleiades,15.846,2.811,7.4204,0.0497,1.03,0.57
Pleiades,15.848,2.691,6.7464,0.0487,1.06,0.43
Pleiades,15.856,2.890,9.0159,0.0464,1.05,0.22
Pleiades,15.859,2.776,7.5873,0.0508,1.12,0.75
Pleiades,15.864,2.748,7.2897,0.0462,1.06,0.85
Pleiades,15.869,2.759,7.0003,0.0456,0.97,0.44
Pleiades,15.875,2.788,7.1179,0.0428,1.00,0.52
Pleiades,15.890,2.828,7.4039,0.0517,1.10,1.00
Pleiades,15.897,2.804,7.2598,0.0439,0.99,0.84
Pleiades,15.906,2.789,7.3720,0.0442,1.04,0.78
Pleiades,15.914,2.668,5.9179,0.0441,1.03,0.21
Pleiades,15.915,2.782,8.0778,0.0511,1.03,0.43
Pleiades,15.917,2.772,7.0110,0.0463,0.94,0.33
Pleiades,15.922,3.022,7.3992,0.0676,1.23,0.57
Pleiades,15.923,2.880,7.8913,0.0539,1.04,0.52
Pleiades,15.924,2.796,7.4932,0.0584,1.08,1.00
Pleiades,15.927,2.859,7.3478,0.0663,1.28,0.43
Pleiades,15.929,3.058,7.4405,0.0614,1.18,0.78
Pleiades,15.932,2.891,9.4019,0.0473,1.08,0.18
Pleiades,15.964,3.061,6.8882,0.1628,3.83,0.31
Pleiades,15.965,2.838,7.3452,0.0545,1.09,0.66
Pleiades,15.966,2.795,7.4514,0.0502,1.06,0.96
Pleiades,15.970,2.856,8.6327,0.0526,1.10,0.31
Pleiades,15.973,2.878,7.6292,0.0473,1.02,0.69
Pleiades,15.976,2.770,7.4049,0.0521,1.03,0.57
Pleiades,15.977,3.116,7.0855,0.0538,1.22,0.60
Pleiades,15.981,2.798,7.0007,0.0508,1.11,0.37
Pleiades,15.982,2.822,7.3133,0.0619,1.05,0.79
Pleiades,15.992,2.613,7.4252,0.0758,1.15,0.97
Pleiades,15.994,3.045,7.2590,0.0582,1.31,0.62
Pleiades,15.997,2.787,7.6613,0.0537,1.03,0.85
Pleiades,16.004,2.841,7.3608,0.0497,1.02,0.81
Pleiades,16.011,2.803,7.2537,0.0506,0.94,0.21
Pleiades,16.011,2.854,7.5200,0.0485,1.09,0.83
Pleiades,16.013,2.844,7.3864,0.0429,1.04,0.85
Pleiades,16.019,2.762,6.8455,0.0504,1.05,0.26
Pleiades,16.019,2.832,7.3089,0.0495,1.01,0.75
Pleiades,16.022,3.074,6.7268,0.1119,1.75,0.35
Pleiades,16.023,2.964,7.4300,0.0500,1.06,0.58
Pleiades,16.038,3.108,7.3829,0.0527,1.08,0.61
Pleiades,16.040,2.823,6.8878,0.0496,1.07,0.39
Pleiades,16.041,2.893,7.8510,0.0485,1.05,0.54
Pleiades,16.043,3.050,7.5255,0.0609,1.18,0.64
Pleiades,16.055,2.902,8.2131,0.0552,1.07,0.21
Pleiades,16.055,2.824,7.3010,0.0479,1.08,0.94
Pleiades,16.058,3.099,7.5239,0.0951,1.97,0.87
Pleiades,16.066,2.810,7.2522,0.0484,1.09,0.23
Pleiades,16.071,2.869,7.3337,0.0531,1.06,0.67
Pleiades,16.075,2.837,7.4822,0.0553,1.16,0.77
Pleiades,16.075,3.138,8.5667,0.0488,1.12,0.25
Pleiades,16.075,2.852,7.8157,0.0596,1.04,0.66
Pleiades,16.081,2.785,6.6606,0.0585,1.11,0.34
Pleiades,16.081,2.930,7.9189,0.0480,1.04,0.46
Pleiades,16.081,2.819,6.6255,0.0632,0.98,0.24
Pleiades,16.087,2.746,6.4504,0.0544,1.11,0.29
Pleiades,16.091,2.871,7.4754,0.0568,0.99,0.66
Pleiades,16.096,2.861,7.3248,0.0509,1.15,0.88
Pleiades,16.097,2.849,7.3612,0.0513,1.07,0.55
Pleiades,16.098,2.897,7.4588,0.0576,0.93,0.92
Pleiades,16.099,2.929,8.0793,0.0642,1.01,0.43
Pleiades,16.099,2.787,7.3805,0.0532,1.08,0.77
Pleiades,16.101,2.876,7.5250,0.0497,1.01,0.43
Pleiades,16.109,2.850,7.2193,0.0508,1.06,0.36
Pleiades,16.115,2.866,7.4510,0.0596,1.05,0.95
Pleiades,16.116,2.939,8.6127,0.0537,1.06,0.20
Pleiades,16.123,2.905,7.2339,0.0572,0.97,0.57
Pleiades,16.131,2.792,7.7021,0.0603,1.20,0.61
Pleiades,16.132,2.911,8.0553,0.0593,1.15,0.41
Pleiades,16.133,2.967,7.2315,0.0757,1.10,0.85
Pleiades,16.139,3.088,7.1610,0.0647,1.12,0.84
Pleiades,16.141,2.845,7.5060,0.0711,1.04,0.69
Pleiades,16.155,2.871,7.3381,0.0635,1.09,0.89
Pleiades,16.157,3.204,7.2272,0.0568,1.06,0.95
Pleiades,16.172,2.916,7.5676,0.0512,1.05,0.54
Pleiades,16.172,2.870,7.5501,0.0643,1.15,0.89
Pleiades,16.174,2.859,7.3412,0.0552,1.06,0.62
Pleiades,16.176,3.111,7.7048,0.0522,1.05,0.46
Pleiades,16.177,3.120,7.2257,0.0566,1.04,0.50
Pleiades,16.180,2.875,7.2593,0.0610,1.06,0.68
Pleiades,16.186,2.946,6.9382,0.1704,2.76,0.30
Pleiades,16.202,2.875,7.4669,0.0557,0.98,0.75
Pleiades,16.203,2.974,7.5332,0.1002,0.97,0.72
Pleiades,16.207,2.906,7.3380,0.0565,1.20,0.58
Pleiades,16.209,2.798,7.3910,0.0726,1.07,0.98
Pleiades,16.212,2.893,7.2106,0.0592,1.02,0.46
Pleiades,16.212,2.843,7.0223,0.0589,1.03,0.58
Pleiades,16.213,2.865,7.0213,0.0485,1.02,0.53
Pleiades,16.217,2.958,8.9330,0.0558,1.05,0.22
Pleiades,16.220,2.941,7.7811,0.0722,1.18,0.65
Pleiades,16.227,2.954,7.9582,0.0548,0.99,0.46
Pleiades,16.228,2.908,7.5189,0.0632,1.13,0.69
Pleiades,16.232,2.909,7.3388,0.0493,0.97,0.82
Pleiades,16.240,2.801,7.2251,0.0569,1.03,0.73
Pleiades,16.246,3.020,7.5031,0.0532,1.02,0.62
Pleiades,16.252,2.962,7.5332,0.0581,1.05,0.69
Pleiades,16.256,2.924,7.3847,0.0665,1.10,0.75
Pleiades,16.257,2.937,7.5976,0.0731,1.08,0.18
Pleiades,16.259,2.895,7.6231,0.0553,0.99,0.69
Pleiades,16.259,3.213,7.5113,0.0752,1.19,0.77
Pleiades,16.260,2.914,7.7971,0.0570,1.01,0.59
Pleiades,16.264,3.245,7.5699,0.1048,2.29,0.38
Pleiades,16.268,2.886,7.7242,0.0612,1.03,0.63
Pleiades,16.275,2.937,7.2676,0.0586,1.07,0.65
Pleiades,16.282,2.785,6.3498,0.0562,1.03,0.18
Pleiades,16.283,2.624,5.6158,0.0506,1.03,0.21
Pleiades,16.285,2.955,7.4532,0.0564,0.96,0.89
Pleiades,16.286,2.608,7.0994,0.0541,1.08,0.25
Pleiades,16.289,2.946,7.5724,0.0582,1.12,0.46
Pleiades,16.289,2.930,7.4861,0.0482,0.97,0.90
Pleiades,16.293,2.956,7.3305,0.0605,0.98,0.88
Pleiades,16.296,2.979,7.3827,0.0600,1.02,0.83
Pleiades,16.297,2.918,7.6617,0.0598,1.02,0.50
Pleiades,16.304,2.947,7.3625,0.0654,1.02,0.66
Pleiades,16.304,2.883,7.4086,0.0583,1.04,0.74
Pleiades,16.305,2.906,7.5781,0.0645,1.03,0.72
Pleiades,16.308,3.211,7.1195,0.0658,1.26,0.35
Pleiades,16.309,3.159,7.1604,0.0720,1.13,0.78
Pleiades,16.311,2.826,5.8358,0.0619,1.09,0.20
Pleiades,16.315,2.982,8.4682,0.0657,0.92,0.19
Pleiades,16.321,2.912,7.2997,0.0668,0.97,0.63
Pleiades,16.321,3.148,7.1503,0.4140,7.27,0.59
Pleiades,16.323,2.951,7.4765,0.0627,1.07,0.66
Pleiades,16.323,2.924,7.1786,0.0608,1.02,0.55
Pleiades,16.329,2.936,7.6035,0.0599,1.08,0.71
Pleiades,16.331,3.077,5.9943,0.0701,1.05,0.18
Pleiades,16.333,2.980,7.5629,0.0573,1.04,0.82
Pleiades,16.335,3.132,7.1417,0.0831,1.28,0.54
Pleiades,16.336,3.128,7.2550,0.0723,1.27,0.75
Pleiades,16.338,2.899,8.4776,0.0648,0.94,0.26
Pleiades,16.338,2.936,7.4242,0.0569,1.00,0.65
Pleiades,16.339,3.021,7.2567,0.0721,0.98,0.23
Pleiades,16.341,2.987,7.5992,0.0559,1.00,0.81
Pleiades,16.343,2.973,7.5324,0.0581,0.91,0.93
Pleiades,16.346,3.050,9.1716,0.0572,0.89,0.23
Pleiades,16.346,2.931,7.3392,0.0661,0.99,0.61
Pleiades,16.348,3.014,7.1517,0.0577,1.01,0.51
Pleiades,16.351,2.832,5.5451,0.0656,0.91,0.18
Pleiades,16.357,2.982,7.6147,0.0693,1.47,0.44
Pleiades,16.361,2.943,7.5199,0.0552,1.00,0.89
Pleiades,16.363,2.898,7.3474,0.0759,1.01,0.42
Pleiades,16.365,2.964,7.3188,0.0658,1.06,0.97
Pleiades,16.368,3.048,7.9473,0.0521,1.03,0.43
Pleiades,16.370,2.955,6.9958,0.0598,0.90,0.28
Pleiades,16.373,2.988,7.3205,0.0701,1.08,0.73
Pleiades,16.383,3.114,7.5412,0.0668,1.12,0.78
Pleiades,16.383,2.952,7.4354,0.0562,0.99,0.55
Pleiades,16.385,3.121,6.8652,0.1658,2.97,0.27
Pleiades,16.385,3.166,7.4417,0.0769,1.15,0.96
Pleiades,16.388,2.869,7.5206,0.0612,1.03,0.77
Pleiades,16.397,2.926,7.3434,0.0589,1.03,0.81
Pleiades,16.401,2.887,7.6735,0.0660,1.02,0.82
Pleiades,16.412,2.891,7.3900,0.0642,1.04,0.79
Pleiades,16.414,3.117,6.1944,0.0814,1.15,0.24
Pleiades,16.415,2.970,7.5744,0.0646,1.02,0.55
Pleiades,16.418,2.926,7.6355,0.0641,0.94,0.61
Pleiades,16.419,2.866,7.3997,0.0731,1.06,0.90
Pleiades,16.420,3.082,8.0794,0.0603,0.93,0.22
Pleiades,16.433,3.017,7.5400,0.0803,1.06,0.35
Pleiades,16.433,2.941,5.6520,0.0607,1.07,0.20
Pleiades,16.434,3.028,8.9972,0.0600,1.03,0.22
Pleiades,16.435,2.848,7.5403,0.0989,1.07,0.85
Pleiades,16.437,3.007,7.5288,0.0762,1.10,0.53
Pleiades,16.440,3.019,8.3030,0.0593,1.04,0.36
Pleiades,16.444,2.939,7.3074,0.0647,1.05,0.57
Pleiades,16.453,3.006,7.5262,0.0670,1.19,0.55
Pleiades,16.459,3.209,6.9415,0.0705,1.08,0.27
Pleiades,16.459,2.998,7.2010,0.0623,1.14,0.74
Pleiades,16.460,2.873,7.4798,0.0635,0.97,0.62
Pleiades,16.460,3.020,7.2744,0.0737,1.01,0.92
Pleiades,16.461,3.045,7.2607,0.0653,1.01,0.73
Pleiades,16.462,3.041,7.3719,0.0618,1.04,0.75
Pleiades,16.462,3.077,8.1095,0.0760,1.05,0.34
Pleiades,16.468,2.986,7.4724,0.0650,1.12,0.68
Pleiades,16.471,2.894,7.3695,0.0625,1.12,0.93
Pleiades,16.473,2.971,7.4559,0.0608,1.04,0.74
Pleiades,16.477,2.927,7.4887,0.0604,1.08,0.74
Pleiades,16.477,2.944,7.5864,0.0623,1.05,0.63
Pleiades,16.478,2.886,6.3891,0.0703,0.97,0.29
Pleiades,16.479,2.982,7.3630,0.0639,1.09,0.62
Pleiades,16.480,3.117,7.3114,0.0612,1.07,0.76
Pleiades,16.483,2.960,7.7352,0.0571,1.04,0.62
Pleiades,16.483,2.962,7.6491,0.0547,0.97,0.51
Pleiades,16.484,3.004,7.4996,0.0657,0.97,0.84
Pleiades,16.485,2.918,7.2832,0.0627,1.02,0.77
Pleiades,16.493,3.017,7.9148,0.0615,1.02,0.40
Pleiades,16.495,2.884,7.5602,0.0606,1.06,0.61
Pleiades,16.497,3.234,7.3167,0.0639,1.03,1.00
Pleiades,16.502,2.957,7.2397,0.0596,1.03,0.98
Pleiades,16.503,2.946,7.6220,0.0736,1.10,0.60
Pleiades,16.505,3.013,7.4406,0.0832,1.13,0.70
Pleiades,16.505,3.010,8.0418,0.0799,1.00,0.45
Pleiades,16.514,2.877,7.3173,0.0634,1.13,0.66
Pleiades,16.517,3.019,7.8408,0.0654,0.99,0.46
Pleiades,16.517,3.315,7.2677,0.0873,1.04,0.37
Pleiades,16.520,3.040,7.3869,0.0771,1.03,0.85
Pleiades,16.522,2.876,6.9769,0.1357,1.11,0.31
Pleiades,16.523,2.992,7.4747,0.0635,1.06,0.88
Pleiades,16.523,3.150,7.0565,0.0831,1.27,0.54
Pleiades,16.524,3.203,5.9260,0.0823,1.18,0.19
Pleiades,16.525,3.023,7.8233,0.0677,1.02,0.48
Pleiades,16.527,2.994,7.5098,0.0860,1.13,0.49
Pleiades,16.527,2.990,7.5319,0.0625,1.06,0.90
Pleiades,16.528,3.045,7.5777,0.0775,1.08,0.79
Pleiades,16.536,3.005,7.4586,0.0624,1.06,0.81
Pleiades,16.536,2.983,6.9916,0.0691,1.15,0.43
Pleiades,16.538,2.941,7.3956,0.0611,1.04,0.46
Pleiades,16.542,3.003,7.2806,0.0693,1.04,0.79
Pleiades,16.544,3.214,7.1410,0.0851,1.15,0.54
Pleiades,16.545,2.926,7.4210,0.0674,1.08,0.75
Pleiades,16.548,3.018,7.1210,0.0707,1.10,0.48
Pleiades,16.549,3.219,7.8394,0.0626,1.04,0.48
Pleiades,16.554,3.178,7.4999,0.0716,0.98,0.77
Pleiades,16.556,2.994,7.5528,0.0662,0.92,0.61
Pleiades,16.562,2.949,6.7818,0.0616,1.11,0.45
Pleiades,16.562,3.065,7.3874,0.0603,1.00,0.49
Pleiades,16.564,3.248,7.5226,0.1619,2.42,0.83
Pleiades,16.564,3.056,7.4723,0.0662,1.05,0.68
Pleiades,16.565,2.975,7.1829,0.0787,1.12,0.40
Pleiades,16.571,3.023,7.0644,0.2759,1.24,0.41
Pleiades,16.572,2.986,7.4030,0.0640,1.04,0.70
Pleiades,16.574,3.075,7.2998,0.0858,1.00,0.87
Pleiades,16.576,2.924,7.3499,0.0863,1.03,0.44
Pleiades,16.577,2.955,7.4752,0.0762,1.04,0.58
Pleiades,16.578,3.157,7.2178,0.0598,1.03,0.20
Pleiades,16.581,2.926,7.3155,0.0832,1.03,0.94
Pleiades,16.582,3.169,7.2588,0.0827,1.46,0.76
Pleiades,16.583,2.910,7.4097,0.0626,1.05,0.72
Pleiades,16.584,2.971,7.3629,0.0665,1.02,0.78
Pleiades,16.585,3.013,5.7721,0.0709,1.07,0.20
Pleiades,16.586,3.051,7.1892,0.0662,1.03,0.59
Pleiades,16.586,-0.403,7.7250,0.0709,1.00,0.42
Pleiades,16.589,2.935,5.9554,0.0658,1.07,0.21
Pleiades,16.593,3.194,7.6089,0.0693,1.06,0.74
Pleiades,16.595,3.039,7.3587,0.0753,1.00,0.39
Pleiades,16.595,2.974,7.5735,0.0652,0.99,0.85
Pleiades,16.598,3.054,7.2692,0.1077,1.12,0.62
Pleiades,16.598,2.964,7.3862,0.0638,1.00,0.74
Pleiades,16.599,2.996,7.4277,0.0685,1.05,0.72
Pleiades,16.602,3.209,7.3156,0.0894,1.06,0.32
Pleiades,16.604,2.951,7.4556,0.0682,1.00,0.82
Pleiades,16.605,3.005,7.1881,0.0626,1.02,0.55
Pleiades,16.605,3.012,7.8074,0.0658,1.00,0.52
Pleiades,16.606,3.075,7.2125,0.0634,1.01,0.61
Pleiades,16.613,3.062,7.8083,0.0729,1.06,0.47
Pleiades,16.615,2.984,7.3557,0.0684,1.06,0.74
Pleiades,16.615,3.091,8.6158,0.0682,1.01,0.31
Pleiades,16.616,3.233,7.4852,0.0645,1.08,0.63
Pleiades,16.628,2.899,6.1633,0.0692,1.06,0.21
Pleiades,16.631,3.204,7.5206,0.0760,1.06,0.68
Pleiades,16.631,2.919,7.3857,0.0670,0.99,0.76
Pleiades,16.639,2.904,8.1332,0.0894,1.12,0.32
Pleiades,16.642,3.152,7.3082,0.0761,1.02,0.48
Pleiades,16.644,2.911,7.3549,0.0681,0.96,0.73
Pleiades,16.645,2.906,6.3834,0.0681,1.11,0.18
Pleiades,16.647,3.029,8.0062,0.0627,1.04,0.49
Pleiades,16.648,3.039,7.3047,0.0770,0.94,0.95
Pleiades,16.651,3.046,7.7342,0.0725,1.05,0.33
Pleiades,16.653,2.856,7.6680,0.0668,1.05,0.62
Pleiades,16.653,3.043,7.3864,0.0779,1.06,0.85
Pleiades,16.654,2.978,7.3732,0.0745,1.00,0.68
Pleiades,16.654,2.952,7.4293,0.0650,1.02,0.50
Pleiades,16.655,3.335,7.2894,0.0810,1.06,0.73
Pleiades,16.656,3.140,7.6042,0.0739,1.01,0.59
Pleiades,16.657,3.275,7.3651,0.0663,1.00,0.35
Pleiades,16.659,2.947,7.5588,0.0760,0.89,0.78
Pleiades,16.667,3.002,7.2238,0.0848,1.01,0.52
Pleiades,16.671,3.068,7.2581,0.0716,1.08,0.53
Pleiades,16.671,3.220,7.1932,0.1086,1.63,0.33
Pleiades,16.673,3.049,7.4546,0.0654,1.03,0.89
Pleiades,16.679,2.967,7.5241,0.0719,0.98,0.78
Pleiades,16.680,2.996,7.4229,0.0858,0.99,0.93
Pleiades,16.682,2.931,6.9839,0.0763,1.00,0.24
Pleiades,16.682,2.996,7.7716,0.0727,1.03,0.50
Pleiades,16.684,3.049,7.8998,0.0702,1.07,0.56
Pleiades,16.685,3.028,7.9220,0.0744,1.00,0.52
Pleiades,16.688,2.923,7.7345,0.0744,1.05,0.64
Pleiades,16.688,3.054,7.5080,0.0688,0.94,0.64
Pleiades,16.689,2.957,8.2570,0.0824,0.97,0.46
Pleiades,16.689,2.907,5.6902,0.0718,1.07,0.21
Pleiades,16.691,3.202,7.6129,0.0859,1.14,0.56
Pleiades,16.692,3.184,7.2610,0.0869,1.17,0.30
Pleiades,16.695,2.881,7.4034,0.0616,1.02,0.95
Pleiades,16.695,2.961,5.5903,0.0698,1.08,0.21
Pleiades,16.700,3.102,7.1577,0.0749,1.19,0.56
Pleiades,16.700,2.973,7.4469,0.0713,1.06,0.76
Pleiades,16.708,3.216,8.3659,0.0971,1.35,0.39
Pleiades,16.709,3.003,7.2621,0.0648,1.01,0.68
Pleiades,16.714,2.992,6.8886,0.0741,1.09,0.44
Pleiades,16.714,3.008,7.3137,0.0799,1.07,0.38
Pleiades,16.719,3.360,5.8952,0.2265,2.57,0.21
Pleiades,16.722,3.091,7.5999,0.0734,1.08,0.65
Pleiades,16.727,3.009,7.5417,0.0666,0.97,0.77
Pleiades,16.735,2.996,7.2112,0.0813,1.02,0.74
Pleiades,16.737,3.146,7.2282,0.0716,0.98,0.72
Pleiades,16.739,3.052,7.6018,0.2170,3.15,0.30
Pleiades,16.739,2.962,7.4214,0.0671,1.06,0.73
Pleiades,16.740,2.988,7.2652,0.0764,0.99,0.57
Pleiades,16.743,3.077,7.4618,0.0946,1.05,0.74
Pleiades,16.743,3.039,7.1748,0.0768,1.02,0.62
Pleiades,16.743,3.047,7.3497,0.0681,0.97,0.61
Pleiades,16.754,3.082,7.5745,0.0805,1.02,0.84
Pleiades,16.761,3.065,7.5362,0.0689,1.04,0.57
Pleiades,16.762,2.982,6.9726,0.0931,1.03,0.41
Pleiades,16.772,3.071,7.0027,0.0706,1.00,0.44
Pleiades,16.773,2.907,7.5374,0.0735,1.04,0.83
Pleiades,16.777,3.349,7.1878,0.4823,6.48,0.26
Pleiades,16.778,3.087,7.4930,0.0637,0.98,0.62
Pleiades,16.781,3.084,7.6564,0.0850,0.97,0.66
Pleiades,16.783,2.957,6.7474,0.0669,0.95,0.37
Pleiades,16.785,2.970,7.2038,0.0711,1.08,0.61
Pleiades,16.788,3.295,7.9739,0.0878,0.99,0.37
Pleiades,16.790,3.192,7.6100,0.0677,0.98,0.58
Pleiades,16.792,3.411,7.0863,0.0957,1.10,0.20
Pleiades,16.795,3.086,7.5998,0.0839,1.06,0.67
Pleiades,16.797,2.637,7.5396,0.0846,0.89,0.70
Pleiades,16.797,3.115,7.4135,0.0741,1.04,0.90
Pleiades,16.797,3.177,7.4524,0.0939,1.38,0.89
Pleiades,16.799,3.044,6.9626,0.0882,1.06,0.29
Pleiades,16.799,3.106,8.2136,0.0848,1.00,0.32
Pleiades,16.800,3.141,8.0719,0.1013,1.31,0.46
Pleiades,16.800,3.141,7.5518,0.0710,0.98,0.55
Pleiades,16.803,3.042,7.1938,0.0760,1.00,0.82
Pleiades,16.807,3.068,7.7134,0.0802,0.98,0.50
Pleiades,16.810,2.992,7.4760,0.0847,1.14,0.72
Pleiades,16.815,2.959,7.1139,0.0776,0.94,0.69
Pleiades,16.816,3.073,7.6146,0.0754,1.06,0.74
Pleiades,16.816,3.034,6.6893,0.0808,0.92,0.35
Pleiades,16.817,3.045,7.1684,0.0731,0.98,0.53
Pleiades,16.820,3.043,7.3801,0.0738,1.07,0.76
Pleiades,16.821,3.004,7.5955,0.0816,0.95,0.82
Pleiades,16.828,3.335,7.3748,0.1029,1.51,0.74
Pleiades,16.829,3.087,7.4295,0.0772,1.03,0.80
Pleiades,16.830,3.229,9.4133,0.0779,1.00,0.21
Pleiades,16.831,3.124,7.4198,0.0765,0.93,0.71
Pleiades,16.831,3.335,7.3723,0.0752,0.97,0.68
Pleiades,16.836,3.138,7.4055,0.0650,0.97,0.80
Pleiades,16.838,3.322,6.7138,0.0963,1.22,0.25
Pleiades,16.839,2.998,7.3790,0.0881,1.11,0.44
Pleiades,16.844,3.014,7.6327,0.0902,1.06,0.56
Pleiades,16.846,3.100,7.5797,0.0746,1.00,0.53
Pleiades,16.847,3.087,7.3859,0.0756,1.03,0.72
Pleiades,16.847,3.153,7.5603,0.0755,0.96,0.81
Pleiades,16.851,3.073,8.3404,0.0760,1.05,0.39
Pleiades,16.851,3.004,7.2350,0.0740,1.01,0.83
Pleiades,16.853,2.088,7.3742,0.0959,0.92,0.87
Pleiades,16.859,3.122,9.2392,0.0792,1.04,0.19
Pleiades,16.860,3.055,6.8513,0.0757,1.01,0.36
Pleiades,16.861,3.065,7.7938,0.0801,1.03,0.63
Pleiades,16.862,3.088,7.3892,0.0863,1.14,0.84
Pleiades,16.864,3.158,6.8815,0.0848,1.02,0.29
Pleiades,16.868,3.221,7.0966,0.0723,0.99,0.37
Pleiades,16.868,3.102,7.6435,0.1334,1.21,0.61
Pleiades,16.869,3.216,7.4604,0.0910,1.03,0.74
Pleiades,16.872,3.041,7.3845,0.0805,1.04,0.50
Pleiades,16.874,2.969,7.5628,0.0769,1.05,0.59
Pleiades,16.874,3.079,7.4802,0.0931,1.09,0.85
Pleiades,16.877,3.014,7.5538,0.1078,0.84,0.89
Pleiades,16.878,3.108,7.9589,0.0715,0.97,0.42
Pleiades,16.882,3.123,7.4632,0.0850,0.95,0.64
Pleiades,16.883,3.373,7.0541,0.0969,1.19,0.42
Pleiades,16.889,3.300,7.3529,0.0723,0.98,0.56
Pleiades,16.893,3.139,7.4039,0.0969,1.04,0.54
Pleiades,16.894,3.073,7.4195,0.0889,0.98,0.96
Pleiades,16.900,3.091,7.3256,0.0725,0.99,0.68
Pleiades,16.900,3.114,7.4325,0.0799,0.95,0.74
Pleiades,16.906,3.106,6.9845,0.0937,1.04,0.35
Pleiades,16.907,3.114,6.9753,0.0954,1.02,0.23
Pleiades,16.918,3.064,7.5199,0.0756,1.01,0.52
Pleiades,16.920,3.045,6.7768,0.0740,1.08,0.28
Pleiades,16.923,3.071,7.5420,0.0905,1.12,0.37
Pleiades,16.923,3.241,7.3945,0.1096,0.92,0.57
Pleiades,16.925,3.074,7.5952,0.0825,1.01,0.70
Pleiades,16.926,3.171,7.4524,0.1021,1.03,0.82
Pleiades,16.926,2.933,7.0823,0.0795,1.03,0.60
Pleiades,16.928,3.077,7.3964,0.0747,1.06,0.73
Pleiades,16.929,3.093,7.3596,0.0789,1.03,0.48
Pleiades,16.930,2.932,6.4719,0.0993,0.99,0.30
Pleiades,16.933,3.141,7.6658,0.0773,0.96,0.39
Pleiades,16.934,3.105,7.5770,0.0735,0.98,0.78
Pleiades,16.935,3.216,8.0477,0.0903,0.98,0.47
Pleiades,16.938,3.160,7.1382,0.0967,1.08,0.40
Pleiades,16.939,3.163,7.4945,0.0931,1.02,0.74
Pleiades,16.950,3.079,6.7164,0.0860,1.07,0.30
Pleiades,16.954,3.051,8.3518,0.2999,2.27,0.23
Pleiades,16.955,3.063,7.0183,0.0824,1.08,0.43
Pleiades,16.956,3.336,7.4286,0.1400,1.40,0.95
Pleiades,16.957,3.088,7.3994,0.0846,1.01,0.71
Pleiades,16.968,3.135,7.6514,0.0740,1.06,0.63
Pleiades,16.969,3.046,7.2993,0.0708,1.01,0.69
Pleiades,16.974,3.172,7.4443,0.0780,0.87,1.00
Pleiades,16.976,3.179,7.2065,0.0840,1.03,0.59
Pleiades,16.978,3.065,7.9101,0.0791,1.01,0.35
Pleiades,16.978,2.970,7.3519,0.0892,1.02,0.81
Pleiades,16.982,3.352,7.8264,0.0932,1.05,0.44
Pleiades,16.989,3.448,7.2844,0.0866,1.02,0.91
Pleiades,16.997,3.046,7.5497,0.0915,0.90,0.77
Pleiades,16.997,3.326,7.0067,0.1248,1.05,0.57
Pleiades,17.000,3.155,6.7190,0.3006,3.81,0.20
Pleiades,17.001,3.467,8.6058,0.0931,1.11,0.19
Pleiades,17.001,3.180,6.7104,0.0790,1.03,0.37
Pleiades,17.004,3.338,7.2107,0.1038,1.08,0.54
Pleiades,17.010,3.124,7.5816,0.1189,1.13,0.75
Pleiades,17.018,3.071,5.4521,0.0824,1.07,0.21
Pleiades,17.018,3.181,7.3000,0.0817,1.01,0.83
Pleiades,17.019,2.725,7.2874,0.1107,0.98,0.95
Pleiades,17.022,3.117,7.3705,0.0775,1.00,0.86
Pleiades,17.024,2.975,7.3931,0.0958,1.05,0.67
Pleiades,17.040,2.793,7.6265,0.1019,1.03,0.84
Pleiades,17.040,3.231,7.3789,0.0877,1.08,0.62
Pleiades,17.042,3.063,7.3553,0.0811,1.00,0.69
Pleiades,17.043,3.198,7.2692,0.0821,0.93,0.56
Pleiades,17.043,3.012,7.6276,0.1074,1.06,0.84
Pleiades,17.043,3.155,7.2488,0.0816,0.97,0.73
Pleiades,17.046,3.074,7.8213,0.0891,1.01,0.48
Pleiades,17.047,3.093,7.2949,0.0924,1.00,0.91
Pleiades,17.047,3.034,6.9054,0.0806,1.00,0.41
Pleiades,17.051,3.141,7.5645,0.1047,1.02,0.67
Pleiades,17.052,3.066,7.2231,0.0902,0.98,0.20
Pleiades,17.056,3.091,7.1021,0.0893,1.05,0.48
Pleiades,17.056,3.339,7.5925,0.1281,0.89,0.46
Pleiades,17.057,3.055,7.5983,0.1004,0.98,0.83
Pleiades,17.059,3.205,7.3916,0.1185,1.22,0.36
Pleiades,17.059,3.056,7.4491,0.0932,0.94,0.69
Pleiades,17.059,3.122,7.8593,0.1100,1.04,0.61
Pleiades,17.059,3.242,7.6972,0.0857,1.01,0.69
Pleiades,17.060,3.440,7.9771,0.1130,1.31,0.44
Pleiades,17.062,3.097,7.2917,0.0837,0.96,0.73
Pleiades,17.068,3.138,7.2569,0.0830,0.90,0.50
Pleiades,17.071,3.182,7.7008,0.0850,1.09,0.52
Pleiades,17.077,3.282,7.3752,0.1017,1.15,0.50
Pleiades,17.078,3.148,8.4631,0.0900,1.07,0.36
Pleiades,17.087,3.481,8.2124,0.1380,1.06,0.39
Pleiades,17.088,3.171,6.7644,0.1147,0.97,0.41
Pleiades,17.092,3.228,7.3302,0.0917,1.08,0.89
Pleiades,17.095,3.178,7.5857,0.0888,1.06,0.70
Pleiades,17.095,3.321,7.6228,0.0889,1.06,0.79
Pleiades,17.097,3.226,7.1917,0.0905,0.95,0.47
Pleiades,17.100,3.073,7.1572,0.1028,1.05,0.58
Pleiades,17.105,3.209,7.2998,0.0993,1.04,0.76
Pleiades,17.106,3.261,7.5512,0.1809,1.93,0.90
Pleiades,17.106,3.156,8.1676,0.0821,1.11,0.38
Pleiades,17.107,3.223,6.8919,0.0959,1.03,0.38
Pleiades,17.109,3.393,7.5536,0.0859,1.08,0.89
Pleiades,17.111,3.181,7.4364,0.0831,1.03,0.45
Pleiades,17.111,3.242,7.4427,0.0873,1.03,0.94
Pleiades,17.120,2.965,5.9583,0.0850,1.01,0.18
Pleiades,17.126,3.144,7.5506,0.0873,0.98,0.61
Pleiades,17.134,2.978,7.6187,0.1004,0.97,0.60
Pleiades,17.138,3.078,7.2784,0.0872,1.03,0.69
Pleiades,17.139,3.189,7.7122,0.1021,0.98,0.37
Pleiades,17.141,3.118,7.3891,0.0936,1.03,0.86
Pleiades,17.143,3.046,6.8191,0.1150,0.91,0.25
Pleiades,17.143,3.333,6.6146,0.0951,1.06,0.23
Pleiades,17.144,3.170,7.9103,0.0909,0.95,0.64
Pleiades,17.145,3.164,7.4999,0.0974,0.96,0.58
Pleiades,17.148,3.141,7.4524,0.1047,1.00,0.69
Pleiades,17.155,3.091,8.0623,0.0916,0.94,0.42
Pleiades,17.161,3.048,7.0817,0.1099,1.07,0.66
Pleiades,17.162,3.060,6.6952,0.1088,1.13,0.31
Pleiades,17.162,3.155,7.3907,0.0846,0.95,0.79
Pleiades,17.162,3.370,7.4614,0.1095,0.84,0.81
Pleiades,17.165,3.063,6.0891,0.0923,0.97,0.23
Pleiades,17.167,3.198,8.0375,0.0987,1.00,0.44
Pleiades,17.168,3.255,7.2156,0.0917,1.12,0.80
Pleiades,17.169,3.061,7.3834,0.0952,1.06,0.86
Pleiades,17.170,3.080,7.3059,0.0943,1.08,0.97
Pleiades,17.171,3.202,7.4740,0.1099,1.10,0.81
Pleiades,17.172,3.277,7.6666,0.1053,1.01,0.39
Pleiades,17.173,3.220,8.1236,0.0916,0.99,0.49
Pleiades,17.177,3.248,7.3208,0.0794,0.97,0.83
Pleiades,17.181,3.096,7.1331,0.0873,1.02,0.50
Pleiades,17.183,3.266,7.5351,0.0871,0.98,0.65
Pleiades,17.185,3.107,7.1902,0.0882,1.02,0.60
Pleiades,17.185,3.344,7.2226,0.1070,1.03,0.47
Pleiades,17.185,3.269,7.2274,0.1058,1.01,0.83
Pleiades,17.185,3.169,7.0143,0.1008,1.01,0.45
Pleiades,17.189,3.241,7.3262,0.0903,1.04,0.57
Pleiades,17.191,3.218,7.5390,0.0901,1.06,0.56
Pleiades,17.191,2.964,7.4136,0.1040,1.13,0.68
Pleiades,17.192,3.580,7.2767,0.1480,1.05,0.91
Pleiades,17.194,3.238,7.8194,0.0848,1.02,0.51
Pleiades,17.195,3.434,7.3506,0.0899,1.02,0.19
Pleiades,17.197,3.123,7.8766,0.1247,1.13,0.44
Pleiades,17.201,3.037,7.2768,0.0816,0.97,0.53
Pleiades,17.203,3.174,7.5997,0.0864,1.01,0.48
Pleiades,17.211,3.133,7.8481,0.0828,0.96,0.18
Pleiades,17.213,3.173,7.4860,0.0967,0.90,0.72
Pleiades,17.218,3.180,7.9926,0.1019,0.97,0.28
Pleiades,17.220,3.325,7.2031,0.0873,0.91,0.77
Pleiades,17.220,3.199,7.4969,0.0941,1.01,0.49
Pleiades,17.220,3.116,7.7279,0.1260,0.95,0.54
Pleiades,17.221,3.180,6.9058,0.0972,1.03,0.46
Pleiades,17.224,3.121,7.3950,0.1031,1.01,0.77
Pleiades,17.226,3.091,7.3223,0.1084,1.05,0.76
Pleiades,17.231,3.184,7.5743,0.0960,1.07,0.73
Pleiades,17.232,3.077,7.5102,0.0979,1.01,0.68
Pleiades,17.237,3.017,6.7428,0.0927,1.04,0.18
Pleiades,17.240,3.249,7.3684,0.0938,0.99,0.69
Pleiades,17.240,3.256,7.0524,0.1039,1.04,0.44
Pleiades,17.243,3.110,7.4906,0.0865,1.00,0.56
Pleiades,17.243,3.173,7.7137,0.1018,1.04,0.60
Pleiades,17.254,3.304,7.4369,0.1060,1.08,0.61
Pleiades,17.255,3.227,7.6868,0.0995,0.99,0.69
Pleiades,17.258,3.180,7.1474,0.0903,1.00,0.58
Pleiades,17.264,3.478,8.1004,0.0877,0.94,0.28
Pleiades,17.268,3.150,6.3245,0.0969,0.95,0.33
Pleiades,17.270,3.197,8.1144,0.1038,1.02,0.35
Pleiades,17.272,1.759,7.4214,0.1387,1.20,0.54
Pleiades,17.273,3.174,5.9377,0.0920,0.95,0.19
Pleiades,17.283,1.654,7.3700,0.1584,0.86,0.95
Pleiades,17.284,3.154,7.5484,0.1061,0.92,0.69
Pleiades,17.287,3.095,7.3957,0.1015,0.98,0.87
Pleiades,17.290,3.227,7.2972,0.1288,1.03,0.56
Pleiades,17.291,3.246,7.4328,0.0944,0.94,0.66
Pleiades,17.291,3.211,7.5444,0.1024,1.03,0.74
Pleiades,17.294,3.433,7.6499,0.4565,4.29,0.57
Pleiades,17.294,3.127,7.1897,0.1053,1.06,0.65
Pleiades,17.296,3.353,7.4701,0.1163,0.98,0.57
Pleiades,17.297,3.094,7.6139,0.0954,1.02,0.87
Pleiades,17.303,2.826,7.1607,0.1106,0.97,0.74
Pleiades,17.305,3.211,7.4270,0.0937,1.03,0.93
Pleiades,17.306,3.286,7.6461,0.1112,1.01,0.58
Pleiades,17.308,3.166,6.9143,0.0993,1.01,0.39
Pleiades,17.311,3.174,7.5899,0.0895,0.98,0.55
Pleiades,17.311,3.093,5.4502,0.1107,0.98,0.18
Pleiades,17.315,3.266,7.5268,0.0992,0.95,0.53
Pleiades,17.323,3.267,7.6341,0.1087,1.03,0.74
Pleiades,17.324,3.218,7.3955,0.1090,1.10,0.67
Pleiades,17.324,3.091,7.1768,0.1279,0.94,0.41
Pleiades,17.324,3.458,7.3737,0.1170,1.12,0.70
Pleiades,17.326,3.169,7.7871,0.1058,1.02,0.51
Pleiades,17.328,3.175,7.6945,0.1053,1.05,0.45
Pleiades,17.333,3.188,7.1335,0.1026,0.96,0.58
Pleiades,17.339,3.128,6.6437,0.1105,0.98,0.24
Pleiades,17.339,3.098,7.2883,0.1059,1.08,0.56
Pleiades,17.341,3.410,6.8082,0.1351,1.05,0.40
Pleiades,17.345,3.266,7.9534,0.1086,1.02,0.53
Pleiades,17.346,3.320,7.3613,0.1259,0.93,0.40
Pleiades,17.348,3.220,7.4141,0.0932,1.04,0.74
Pleiades,17.349,3.498,7.3128,0.1741,1.53,0.65
Pleiades,17.351,3.168,6.0031,0.1085,1.06,0.19
Pleiades,17.359,3.381,5.6246,0.1263,1.19,0.18
Pleiades,17.364,3.247,7.5425,0.0978,0.95,0.79
Pleiades,17.368,3.388,8.5078,0.0985,0.97,0.23
Pleiades,17.375,3.315,7.1695,0.1285,0.99,0.78
Pleiades,17.377,3.232,7.4172,0.1063,1.04,0.53
Pleiades,17.377,3.257,7.6456,0.0969,1.00,0.70
Pleiades,17.378,3.375,7.4707,0.0985,1.03,0.50
Pleiades,17.379,3.148,7.3523,0.0939,1.00,0.97
Pleiades,17.379,3.112,7.4429,0.1059,1.07,0.64
Pleiades,17.381,3.140,7.3789,0.1008,1.08,0.92
Pleiades,17.385,3.008,6.1522,0.1222,0.92,0.24
Pleiades,17.385,0.916,7.5357,0.1683,1.01,0.28
Pleiades,17.389,3.250,7.2836,0.1014,1.01,0.41
Pleiades,17.399,3.432,7.5655,0.1402,1.09,0.50
Pleiades,17.399,3.205,7.0356,0.1150,1.00,0.46
Pleiades,17.405,3.179,7.5975,0.1026,0.97,0.90
Pleiades,17.405,3.421,8.0628,0.1145,1.12,0.31
Pleiades,17.406,3.228,7.0848,0.0887,0.95,0.52
Pleiades,17.406,3.227,7.1662,0.1221,0.90,0.39
Pleiades,17.407,3.455,7.9130,0.1032,1.00,0.48
Pleiades,17.410,3.218,7.3862,0.1253,1.06,0.72
Pleiades,17.411,3.117,6.3429,0.1199,1.00,0.23
Pleiades,17.413,3.232,7.2598,0.1155,1.05,0.60
Pleiades,17.420,3.194,6.7976,0.0920,1.05,0.27
Pleiades,17.421,3.169,7.6711,0.0972,0.98,0.80
Pleiades,17.425,3.173,7.7114,0.1017,0.95,0.66
Pleiades,17.427,3.217,7.1023,0.1373,1.10,0.54
Pleiades,17.429,3.351,7.6222,0.1028,1.02,0.31
Pleiades,17.430,3.106,6.0517,0.1310,1.00,0.24
Pleiades,17.432,3.431,7.5443,0.1098,1.05,0.60
Pleiades,17.438,3.293,7.0056,0.1085,1.07,0.43
Pleiades,17.440,3.073,7.2662,0.1155,0.99,0.73
Pleiades,17.445,3.123,7.5885,0.0978,1.02,0.69
Pleiades,17.451,3.375,7.3437,0.1077,1.15,0.89
Pleiades,17.451,3.733,7.4671,0.1305,1.02,0.77
Pleiades,17.452,3.636,7.3102,0.1223,1.04,0.96
Pleiades,17.453,3.187,6.9884,0.1100,1.02,0.34
Pleiades,17.454,3.199,7.3453,0.1192,1.06,0.91
Pleiades,17.462,3.318,6.4496,0.1240,1.10,0.26
Pleiades,17.462,3.130,5.4009,0.1108,1.03,0.18
Pleiades,17.462,3.276,7.5488,0.1235,0.90,0.80
Pleiades,17.464,3.446,7.3701,0.1215,0.98,0.37
Pleiades,17.465,3.263,7.4312,0.0985,1.03,0.85
Pleiades,17.470,3.257,7.4871,0.1443,1.09,0.80
Pleiades,17.477,3.313,7.4406,0.1953,1.27,0.61
Pleiades,17.477,3.173,7.3571,0.1052,0.92,0.72
Pleiades,17.482,3.058,7.6191,0.1167,1.00,0.56
Pleiades,17.485,3.127,7.4404,0.1254,1.16,0.39
Pleiades,17.486,3.163,6.4834,0.1287,0.99,0.30
Pleiades,17.490,3.228,6.6087,0.1406,0.97,0.26
Pleiades,17.493,3.283,7.7559,0.1220,0.95,0.25
Pleiades,17.494,3.240,7.4820,0.1218,1.03,0.88
Pleiades,17.497,3.325,7.3570,0.1276,1.06,0.31
Pleiades,17.513,3.179,7.4098,0.1248,1.00,0.88
Pleiades,17.514,3.195,7.4030,0.0999,0.92,0.79
Pleiades,17.515,3.224,7.6034,0.1223,1.02,0.67
Pleiades,17.516,3.311,7.5433,0.1250,1.00,0.47
Pleiades,17.517,3.606,7.1637,0.1455,1.08,0.64
Pleiades,17.520,3.254,8.0995,0.1392,1.01,0.19
Pleiades,17.521,3.355,7.6438,0.1394,1.02,0.32
Pleiades,17.530,3.215,7.1835,0.1131,0.89,0.54
Pleiades,17.531,3.309,7.8082,0.1228,1.00,0.47
Pleiades,17.534,3.289,7.5181,0.1069,1.02,0.69
Pleiades,17.534,3.216,7.4189,0.1185,0.99,0.74
Pleiades,17.536,3.247,7.3040,0.1223,1.05,0.76
Pleiades,17.538,3.250,7.3521,0.1186,0.96,0.70
Pleiades,17.539,3.368,8.1436,0.1231,0.94,0.32
Pleiades,17.542,3.074,7.2671,0.1382,1.05,0.95
Pleiades,17.543,3.293,7.7896,0.1378,0.82,0.49
Pleiades,17.551,3.249,7.6271,0.1260,1.06,0.63
Pleiades,17.551,3.382,7.2402,0.1648,1.28,0.73
Pleiades,17.551,3.492,7.3261,0.1573,1.31,0.60
Pleiades,17.552,3.307,7.4085,0.1012,0.97,0.54
Pleiades,17.554,3.272,6.5087,0.1220,1.02,0.22
Pleiades,17.557,3.581,7.0292,0.1083,1.03,0.41
Pleiades,17.559,3.498,7.9615,0.1713,1.47,0.45
Pleiades,17.563,3.178,5.9779,0.1408,1.04,0.20
Pleiades,17.563,3.451,7.2221,0.1056,1.05,0.57
Pleiades,17.569,3.286,7.5833,0.1247,0.95,0.62
Pleiades,17.574,3.243,7.1866,0.1459,0.94,0.52
Pleiades,17.577,3.379,7.4920,0.1108,1.05,0.62
Pleiades,17.582,3.348,7.3479,0.1366,1.02,0.61
Pleiades,17.583,3.279,7.1512,0.1408,1.04,0.61
Pleiades,17.588,3.390,7.4616,0.1407,1.07,0.67
Pleiades,17.593,3.262,7.1368,0.0986,0.96,0.68
Pleiades,17.593,3.387,7.7198,0.1102,1.00,0.61
Pleiades,17.595,3.238,7.3757,0.1103,1.05,0.56
Pleiades,17.596,3.415,7.4789,0.1255,0.93,0.85
Pleiades,17.600,3.318,7.7824,0.1163,0.99,0.34
Pleiades,17.612,3.578,9.1944,0.1614,1.06,0.19
Pleiades,17.612,3.162,7.1316,0.1216,1.07,0.49
Pleiades,17.616,3.311,7.4189,0.1310,1.08,0.54
Pleiades,17.617,3.405,7.7976,0.1296,1.00,0.31
Pleiades,17.617,3.456,7.5492,0.1413,0.95,0.80
Pleiades,17.622,3.411,8.9107,0.1137,0.95,0.20
Pleiades,17.622,3.405,7.5760,0.1123,1.05,0.71
Pleiades,17.634,3.245,7.2931,0.1050,0.97,0.81
Pleiades,17.638,3.425,7.5577,0.1652,1.06,0.44
Pleiades,17.639,3.350,6.9947,0.1537,0.97,0.38
Pleiades,17.642,3.302,7.2869,0.1082,1.00,0.70
Pleiades,17.647,3.351,7.8562,0.1296,1.03,0.19
Pleiades,17.648,3.634,6.9669,0.1898,1.25,0.47
Pleiades,17.649,3.246,7.9843,0.1099,1.05,0.42
Pleiades,17.650,3.431,7.3703,0.1119,1.01,0.49
Pleiades,17.651,3.358,6.0956,0.1265,1.03,0.22
Pleiades,17.654,3.457,7.3419,0.1462,0.89,0.53
Pleiades,17.658,3.609,7.7098,0.2019,1.52,0.31
Pleiades,17.666,3.259,7.2547,0.1496,1.09,0.42
Pleiades,17.669,3.249,7.1447,0.1370,0.99,0.38
Pleiades,17.679,3.710,7.4048,0.2163,0.99,0.78
Pleiades,17.683,3.141,7.4177,0.1181,0.96,0.85
Pleiades,17.687,3.466,7.8465,0.1338,0.98,0.64
Pleiades,17.687,3.498,7.1389,0.1179,0.98,0.52
Pleiades,17.688,3.367,7.5323,0.1218,1.09,0.69
Pleiades,17.691,3.047,7.4492,0.1452,0.82,0.99
Pleiades,17.693,3.244,7.2381,0.1142,0.97,0.57
Pleiades,17.698,3.806,7.7979,0.1282,1.07,0.35
Pleiades,17.699,3.409,7.2739,0.1183,1.02,0.79
Pleiades,17.700,3.400,6.9315,0.1282,0.99,0.39
Pleiades,17.704,3.339,7.4963,0.1300,1.06,0.91
Pleiades,17.706,2.995,5.3321,0.1222,1.02,0.18
Pleiades,17.706,3.374,6.0967,0.1418,1.03,0.20
Pleiades,17.709,3.362,7.6787,0.1339,1.04,0.26
Pleiades,17.713,3.347,7.6624,0.1208,0.97,0.64
Pleiades,17.717,3.234,7.3905,0.1230,0.79,0.62
Pleiades,17.718,3.353,7.5825,0.1104,0.98,0.32
Pleiades,17.722,3.395,7.3206,0.1322,1.01,0.22
Pleiades,17.727,2.666,7.3686,0.1448,0.99,0.97
Pleiades,17.731,3.432,7.5767,0.1339,0.93,0.77
Pleiades,17.733,3.347,7.5340,0.1366,0.93,0.74
Pleiades,17.737,3.145,7.2099,0.1335,0.95,0.45
Pleiades,17.751,3.532,7.4611,0.1416,1.05,0.52
Pleiades,17.754,3.383,6.9862,0.1458,0.99,0.27
Pleiades,17.758,3.268,7.4715,0.1256,0.96,0.89
Pleiades,17.760,3.380,7.4219,0.1449,1.03,0.58
Pleiades,17.765,3.351,7.1990,0.1184,1.00,0.60
Pleiades,17.767,3.325,7.7436,0.1461,0.97,0.39
Pleiades,17.771,3.407,7.4851,0.1306,1.06,0.94
Pleiades,17.771,3.319,7.2361,0.1466,1.09,0.79
Pleiades,17.778,3.308,7.1550,0.1525,1.08,0.68
Pleiades,17.779,3.315,7.4048,0.1372,1.02,0.92
Pleiades,17.780,3.243,7.5069,0.1364,0.95,0.92
Pleiades,17.783,3.327,7.2642,0.1569,1.04,0.85
Pleiades,17.786,3.496,7.5943,0.1803,1.23,0.76
Pleiades,17.796,3.351,7.2488,0.1179,1.04,0.69
Pleiades,17.796,3.470,7.4463,0.1471,1.04,0.55
Pleiades,17.806,3.333,6.9770,0.1413,1.06,0.30
Pleiades,17.807,3.489,7.1236,0.1390,1.00,0.50
Pleiades,17.807,3.354,7.3958,0.1609,1.09,0.50
Pleiades,17.820,3.373,7.1331,0.1325,0.91,0.60
Pleiades,17.820,3.626,6.1552,0.1239,1.00,0.20
Pleiades,17.831,3.450,7.5263,0.1390,1.04,0.56
Pleiades,17.839,3.233,7.4628,0.1528,0.83,1.00
Pleiades,17.843,3.430,7.2788,0.1317,1.02,0.76
Pleiades,17.847,3.291,7.2740,0.1384,0.99,0.90
Pleiades,17.849,3.458,7.2730,0.1294,1.04,0.62
Pleiades,17.854,3.311,7.2870,0.1394,0.95,0.84
Pleiades,17.855,3.724,7.1506,0.2000,1.10,0.33
Pleiades,17.856,3.295,7.6049,0.1886,1.04,0.41
Pleiades,17.859,3.257,7.8745,0.1965,1.14,0.39
Pleiades,17.863,3.293,7.2081,0.1264,1.05,0.41
Pleiades,17.875,3.345,7.5322,0.1492,1.05,0.70
Pleiades,17.877,3.289,7.2422,0.1671,1.41,0.41
Pleiades,17.889,3.197,5.5939,0.1439,1.03,0.18
Pleiades,17.898,3.670,7.6250,0.1197,0.94,0.73
Pleiades,17.904,3.455,7.6949,0.1553,1.07,0.46
Pleiades,17.906,3.286,6.7912,0.1648,1.03,0.29
Pleiades,17.908,3.376,6.7921,0.1567,1.02,0.34
Pleiades,17.915,3.195,6.3888,0.1509,1.04,0.23
Pleiades,17.917,3.330,7.5992,0.1393,1.02,0.73
Pleiades,17.919,3.432,7.0195,0.1470,1.04,0.34
Pleiades,17.919,3.539,7.8705,0.1504,1.03,0.46
Pleiades,17.920,3.411,7.5464,0.1375,0.96,0.38
Pleiades,17.924,3.386,7.6809,0.1409,1.01,0.51
Pleiades,17.925,3.296,7.8816,0.1286,1.00,0.48
Pleiades,17.926,3.405,7.5594,0.1863,1.07,0.44
Pleiades,17.931,3.382,7.1363,0.1713,0.88,0.52
Pleiades,17.936,3.353,7.0928,0.1427,0.95,0.37
Pleiades,17.939,3.478,7.3606,0.1785,0.98,0.72
Pleiades,17.961,3.784,7.4050,0.2389,1.59,0.36
Pleiades,17.974,3.472,7.0551,0.1492,1.05,0.31
Pleiades,17.977,3.458,5.7769,0.1577,0.98,0.21
Pleiades,17.978,3.308,7.0922,0.1465,0.91,0.61
Pleiades,17.982,3.413,7.5069,0.1458,1.08,0.60
Pleiades,17.984,3.495,7.6432,0.2095,1.04,0.69
Pleiades,17.992,3.293,6.9641,0.1838,0.87,0.40
Pleiades,17.995,3.482,7.4306,0.1488,1.00,0.58
Pleiades,17.997,3.145,5.6965,0.2357,1.05,0.18
Pleiades,18.008,3.444,7.3878,0.1732,1.10,0.68
Pleiades,18.017,3.347,6.3538,0.1427,0.92,0.31
Pleiades,18.019,3.592,7.9071,0.1777,1.04,0.45
Pleiades,18.031,3.233,7.9423,0.1466,1.03,0.18
Pleiades,18.035,3.062,7.5107,0.1659,0.94,0.90
Pleiades,18.041,3.377,7.7697,0.1653,0.97,0.53
Pleiades,18.041,3.143,7.2187,0.1617,0.94,0.24
Pleiades,18.052,3.854,7.4883,0.1461,0.97,0.39
Pleiades,18.061,3.882,7.5834,0.1788,0.84,0.43
Pleiades,18.061,3.337,7.4618,0.1574,1.11,0.28
Pleiades,18.071,3.392,6.5205,0.1720,1.07,0.31
Pleiades,18.075,3.669,7.1660,0.1488,0.95,0.77
Pleiades,18.077,3.518,7.5225,0.1603,1.04,0.40
Pleiades,18.085,3.845,7.3154,0.1739,0.93,0.76
Pleiades,18.086,3.759,6.5662,0.1845,0.88,0.33
Pleiades,18.086,3.529,7.5610,0.1643,1.14,0.54
Pleiades,18.087,3.342,7.4877,0.1614,0.97,0.78
Pleiades,18.090,3.327,7.8044,0.1979,1.07,0.57
Pleiades,18.093,3.200,7.3476,0.2047,0.96,0.81
Pleiades,18.102,3.077,7.5511,0.1506,1.04,0.62
Pleiades,18.121,3.086,7.1966,0.1916,1.06,0.71
Pleiades,18.121,3.162,7.3544,0.1836,0.91,0.97
Pleiades,18.130,3.294,8.0132,0.2073,0.85,0.42
Pleiades,18.134,3.421,7.4723,0.1491,0.96,0.69
Pleiades,18.134,2.765,7.2589,0.2068,0.95,0.55
Pleiades,18.137,3.503,7.9075,0.1787,1.07,0.46
Pleiades,18.141,3.349,6.9703,0.1690,1.01,0.28
Pleiades,18.142,3.831,8.3253,0.2451,1.30,0.20
Pleiades,18.149,3.556,7.1537,0.2095,0.96,0.65
Pleiades,18.150,3.467,7.1632,0.1972,0.95,0.59
Pleiades,18.159,3.611,7.0138,0.1718,1.02,0.56
Pleiades,18.160,3.358,7.3051,0.1624,0.99,0.59
Pleiades,18.161,3.784,7.2882,0.1822,1.04,0.74
Pleiades,18.169,3.481,7.3722,0.1912,0.87,0.57
Pleiades,18.170,3.325,7.2794,0.1962,1.05,0.43
Pleiades,18.172,3.435,6.0014,0.1596,1.05,0.18
Pleiades,18.179,3.156,7.7640,0.1850,1.06,0.64
Pleiades,18.182,3.625,7.2013,0.2213,1.07,0.65
Pleiades,18.187,2.988,7.6385,0.2225,1.01,0.64
Pleiades,18.203,3.553,6.5347,0.2030,1.15,0.29
Pleiades,18.209,3.559,5.5655,0.1880,1.02,0.19
Pleiades,18.210,3.580,6.8217,0.2014,0.99,0.33
Pleiades,18.211,3.584,7.4203,0.1476,0.88,0.77
Pleiades,18.213,3.490,7.9552,0.2291,0.97,0.25
Pleiades,18.221,3.498,8.2500,0.2892,1.09,0.25
Pleiades,18.244,3.190,7.5328,0.1721,1.07,0.68
Pleiades,18.249,2.921,7.8948,0.2150,0.90,0.48
Pleiades,18.260,3.510,6.7486,0.2021,0.98,0.28
Pleiades,18.268,3.233,7.4859,0.1826,1.10,0.75
Pleiades,18.273,3.619,7.2553,0.1930,1.04,0.68
Pleiades,18.280,3.380,7.3078,0.1750,0.99,0.66
Pleiades,18.286,3.456,7.6746,0.1845,1.08,0.50
Pleiades,18.287,3.404,7.7284,0.1751,1.11,0.41
Pleiades,18.288,3.437,7.1060,0.1836,1.00,0.50
Pleiades,18.297,3.733,7.8766,0.3875,2.39,0.32
Pleiades,18.300,2.600,7.8421,0.1958,0.95,0.49
Pleiades,18.321,3.761,8.5380,0.2209,0.98,0.28
Pleiades,18.324,3.029,7.2572,0.2496,1.03,0.79
Pleiades,18.327,3.343,7.7415,0.1792,0.93,0.67
Pleiades,18.340,3.566,7.8288,0.1841,1.01,0.49
Pleiades,18.347,3.414,7.4627,0.1807,0.92,0.86
Pleiades,18.356,3.625,7.3228,0.2190,1.01,0.67
Pleiades,18.372,3.503,7.5381,0.2286,1.01,0.32
Pleiades,18.379,3.519,7.2572,0.1808,0.98,0.55
Pleiades,18.383,3.574,7.5162,0.2096,1.03,0.75
Pleiades,18.384,3.289,7.4836,0.2041,1.05,1.00
Pleiades,18.388,3.400,7.7578,0.1849,1.03,0.45
Pleiades,18.389,3.605,7.9259,0.2010,1.03,0.32
Pleiades,18.421,3.653,7.8571,0.2036,1.05,0.38
Pleiades,18.422,3.448,7.3136,0.2019,1.00,0.50
Pleiades,18.431,3.540,7.3088,0.1950,0.96,0.92
Pleiades,18.432,3.499,7.7692,0.1772,0.98,0.48
Pleiades,18.447,3.275,6.3116,0.2231,0.90,0.25
Pleiades,18.448,3.426,7.3161,0.1855,1.13,0.48
Pleiades,18.452,3.340,7.3858,0.1953,0.98,0.90
Pleiades,18.458,3.620,7.3497,0.2150,1.06,0.67
Pleiades,18.458,3.572,7.7019,0.2078,1.08,0.44
Pleiades,18.468,3.431,7.0321,0.2180,1.00,0.33
Pleiades,18.470,3.509,7.2413,0.2510,0.97,0.34
Pleiades,18.483,3.518,7.7114,0.2777,0.87,0.58
Pleiades,18.489,3.739,6.9779,0.2067,1.03,0.23
Pleiades,18.505,3.701,7.3934,0.1932,1.05,0.85
Pleiades,18.507,3.367,6.9981,0.3007,1.06,0.46
Pleiades,18.508,2.943,7.1409,0.1968,0.86,0.57
Pleiades,18.511,3.498,8.0865,0.2308,1.04,0.31
Pleiades,18.516,3.733,7.3010,0.2363,1.12,0.70
Pleiades,18.517,3.347,5.9939,0.2439,1.09,0.21
Pleiades,18.535,3.461,8.0698,0.1897,1.05,0.20
Pleiades,18.540,3.655,7.3735,0.2283,1.03,0.45
Pleiades,18.550,3.724,7.3486,0.1803,1.04,0.98
Pleiades,18.560,3.659,7.6283,0.2664,1.00,0.51
Pleiades,18.567,3.320,7.4051,0.2890,1.04,0.82
Pleiades,18.575,4.219,6.8259,0.2604,1.08,0.25
Pleiades,18.576,3.283,6.1411,0.2219,1.00,0.20
Pleiades,18.579,3.577,7.4393,0.2151,0.99,0.63
Pleiades,18.580,3.561,7.3310,0.1790,1.01,0.71
Pleiades,18.580,3.413,6.3548,0.2170,0.94,0.20
Pleiades,18.583,3.454,6.6588,0.1969,0.92,0.30
Pleiades,18.585,3.269,7.5991,0.2284,1.03,0.71
Pleiades,18.587,3.787,7.0928,0.2203,1.05,0.53
Pleiades,18.598,3.440,7.1128,0.2572,1.08,0.26
Pleiades,18.602,3.531,7.0507,0.2121,0.99,0.41
Pleiades,18.609,4.051,7.1795,0.2823,1.00,0.47
Pleiades,18.611,3.754,6.7352,0.4190,1.65,0.47
Pleiades,18.623,3.929,6.4767,0.2856,1.31,0.19
Pleiades,18.629,3.512,8.1621,0.2168,1.02,0.37
Pleiades,18.634,3.914,6.7576,0.2101,1.02,0.60
Pleiades,18.634,3.254,7.6659,0.2943,1.00,0.51
Pleiades,18.659,3.835,6.7033,0.2634,0.92,0.36
Pleiades,18.670,3.357,7.6045,0.2426,1.05,0.93
Pleiades,18.690,2.954,7.2885,0.2364,1.02,0.68
Pleiades,18.694,3.887,7.8960,0.2500,0.98,0.27
Pleiades,18.701,3.577,7.5544,0.2310,0.99,0.46
Pleiades,18.705,3.574,6.9357,0.2401,1.08,0.25
Pleiades,18.719,3.390,7.8229,0.2138,0.96,0.61
Pleiades,18.724,3.380,7.5109,0.3297,0.93,0.99
Pleiades,18.732,3.449,7.2691,0.1854,0.96,0.39
Pleiades,18.748,3.229,7.1427,0.2504,1.06,0.41
Pleiades,18.752,3.345,6.8638,0.2568,1.15,0.27
Pleiades,18.755,3.631,7.3358,0.2130,0.92,0.39
Pleiades,18.777,3.641,7.2734,0.2449,1.03,0.81
Pleiades,18.778,3.323,5.8402,0.2383,0.99,0.21
Pleiades,18.779,3.548,7.0437,0.2535,1.06,0.33
Pleiades,18.781,3.869,7.8391,0.2645,0.97,0.31
Pleiades,18.782,3.568,7.4519,0.2356,0.98,0.63
Pleiades,18.787,3.928,8.2498,0.2644,0.99,0.30
Pleiades,18.803,3.466,7.4264,0.2513,1.04,0.31
Pleiades,18.813,3.452,6.9506,0.2430,0.95,0.37
Pleiades,18.820,3.411,7.0280,0.2340,0.99,0.26
Pleiades,18.825,3.348,6.6467,0.3711,1.00,0.18
Pleiades,18.835,3.653,7.8789,0.2702,1.06,0.80
Pleiades,18.838,3.116,7.0918,0.2450,0.98,0.41
Pleiades,18.846,2.840,7.6624,0.2879,1.00,0.45
Pleiades,18.852,3.790,6.8349,0.3603,1.53,0.28
Pleiades,18.856,3.336,7.4867,0.2682,1.06,0.32
Pleiades,18.860,3.601,6.9962,0.2770,0.96,0.37
Pleiades,18.861,2.998,7.7241,0.2871,0.89,0.32
Pleiades,18.867,3.522,7.8523,0.3334,1.12,0.51
Pleiades,18.870,3.285,7.6496,0.2556,0.96,0.67
Pleiades,18.871,3.499,7.9444,0.3563,1.09,0.61
Pleiades,18.879,3.592,7.1591,0.2410,1.04,0.40
Pleiades,18.880,3.618,6.7934,0.2652,1.02,0.32
Pleiades,18.887,3.265,7.4869,0.2687,1.01,0.79
Pleiades,18.889,3.367,7.3990,0.2788,0.97,0.64
Pleiades,18.894,3.602,6.8145,0.2672,1.00,0.31
Pleiades,18.899,3.600,6.9119,0.2801,0.98,0.31
Pleiades,18.907,3.384,7.3378,0.2601,1.05,0.73
Pleiades,18.943,3.808,8.2977,0.2892,0.98,0.22
Pleiades,18.957,3.161,7.4853,0.2654,1.05,0.82
Pleiades,18.960,3.622,7.1789,0.2456,1.01,0.61
Pleiades,18.961,3.295,5.6920,0.2639,0.91,0.21
Pleiades,18.964,3.661,6.5940,0.3090,1.05,0.40
Pleiades,18.965,3.245,7.0166,0.3546,1.03,0.21
Pleiades,18.968,3.712,7.3516,0.3237,0.93,0.20
Pleiades,18.975,3.436,6.8586,0.2751,1.01,0.23
Pleiades,18.980,3.038,7.5002,0.2904,0.98,0.89
Pleiades,18.985,3.658,7.6982,0.3009,1.02,0.47
Pleiades,19.008,3.832,6.8981,0.3272,1.07,0.43
Pleiades,19.019,3.688,7.9745,0.2898,1.01,0.59
Pleiades,19.038,3.605,6.1677,0.2719,1.05,0.21
Pleiades,19.056,3.460,7.6394,0.2991,0.92,0.31
Pleiades,19.057,3.287,6.7803,0.3008,1.03,0.19
Pleiades,19.064,3.479,7.7880,0.2725,1.02,0.24
Pleiades,19.066,3.508,7.8883,0.3305,1.03,0.53
Pleiades,19.083,3.298,7.8566,0.2689,0.99,0.36
Pleiades,19.087,3.430,7.6614,0.2965,1.07,0.22
Pleiades,19.115,3.284,7.8643,0.3526,1.02,0.55
Pleiades,19.117,3.543,7.6226,0.2766,1.08,0.46
Pleiades,19.123,3.222,5.7503,0.3056,0.99,0.21
Pleiades,19.131,3.436,5.4414,0.2705,0.96,0.18
Pleiades,19.140,3.601,9.0482,0.3499,1.06,0.18
Pleiades,19.142,3.467,7.6294,0.2831,1.04,0.54
Pleiades,19.156,3.422,7.2596,0.2830,1.03,0.35
Pleiades,19.237,3.731,8.1103,0.3433,1.07,0.20
Pleiades,19.243,3.279,8.3573,0.4537,0.96,0.40
Pleiades,19.251,3.706,7.7589,0.4076,1.04,0.34
Pleiades,19.256,3.810,6.2196,0.3039,0.94,0.22
Pleiades,19.277,3.384,7.3684,0.3912,1.10,0.87
Pleiades,19.278,3.188,6.8493,0.3184,1.06,0.27
Pleiades,19.282,2.921,7.8636,0.4108,1.07,0.88
Pleiades,19.300,3.518,7.1622,0.3881,1.11,0.49
Pleiades,19.309,3.450,7.8939,0.3394,1.03,0.43
Pleiades,19.326,2.790,6.8823,0.3623,0.98,0.29
Pleiades,19.332,3.339,8.0595,0.3544,1.04,0.29
Pleiades,19.347,3.552,7.6445,0.3131,1.00,0.28
Pleiades,19.365,2.961,7.4188,0.3676,0.98,0.60
Pleiades,19.372,3.371,8.9180,0.4184,1.13,0.24
Pleiades,19.400,3.203,7.2024,0.4493,1.10,0.31
Pleiades,19.400,3.756,7.1113,0.3763,1.06,0.32
Pleiades,19.413,3.181,7.6464,0.4297,1.12,0.24
Pleiades,19.425,3.520,7.5853,0.6295,1.28,0.92
Pleiades,19.439,3.365,7.3691,0.4419,0.99,0.43
Pleiades,19.456,3.396,6.1404,0.3903,1.05,0.20
Pleiades,19.458,3.464,8.3111,0.4403,1.05,0.35
Pleiades,19.463,3.260,6.9735,0.3780,0.90,0.22
Pleiades,19.491,2.884,7.2410,0.3283,0.89,0.66
Pleiades,19.498,2.943,8.2404,0.4520,1.12,0.27
Pleiades,19.511,3.225,7.2633,0.5405,1.17,0.19
Pleiades,19.530,3.433,7.0709,0.4697,0.95,0.35
Pleiades,19.545,3.318,7.8865,0.3623,1.06,0.40
Pleiades,19.549,3.317,7.1467,0.5135,1.16,0.20
Pleiades,19.570,3.600,8.0516,0.3387,1.04,0.52
Pleiades,19.580,3.329,8.1348,0.4744,1.15,0.39
Pleiades,19.614,3.464,7.0960,0.4060,1.08,0.28
Pleiades,19.623,3.665,8.1467,0.5109,1.00,0.19
Pleiades,19.633,3.258,7.9748,0.6016,1.06,0.24
Pleiades,19.633,3.457,6.8734,0.3656,0.91,0.27
Pleiades,19.634,3.304,8.2977,0.4953,1.06,0.21
Pleiades,19.656,3.347,7.1298,0.5442,1.10,0.21
Pleiades,19.678,2.833,6.0319,0.4015,1.08,0.19
Pleiades,19.684,3.422,8.9707,0.6603,1.39,0.23
Pleiades,19.715,3.143,7.5545,0.5045,1.15,0.89
Pleiades,19.719,3.293,7.5788,0.4373,1.00,0.63
Pleiades,19.730,2.872,7.9969,0.4620,1.02,0.45
Pleiades,19.739,3.204,8.0570,0.5551,1.14,0.36
Pleiades,19.741,2.225,7.4841,0.6130,1.11,0.64
Pleiades,19.764,3.167,7.9822,0.4736,1.04,0.32
Pleiades,19.801,2.989,6.9218,0.4817,1.02,0.40
Pleiades,19.812,3.553,7.5290,0.4944,1.03,0.49
Pleiades,19.863,3.081,7.3879,0.6227,1.13,0.22
Pleiades,19.894,4.075,7.3176,0.4466,1.07,0.32
Pleiades,19.898,2.866,6.7340,0.5683,1.03,0.28
Pleiades,19.899,2.941,7.4534,0.6912,1.08,0.28
Pleiades,19.905,3.037,8.2668,0.6412,1.03,0.28
Pleiades,19.923,2.935,8.0621,0.5259,1.10,0.48
Pleiades,19.953,3.166,7.9870,0.5147,1.08,0.33
Pleiades,19.957,2.591,6.9072,0.5227,1.17,0.33
Pleiades,20.058,2.817,8.1032,0.6306,1.10,0.50
Pleiades,20.074,2.996,7.4377,0.6761,1.08,0.59
Pleiades,20.096,2.935,8.2338,0.7418,1.20,0.28
Pleiades,20.168,2.204,7.7058,0.6819,1.12,0.46
Pleiades,20.302,2.619,7.6225,1.0230,1.15,0.47
Pleiades,20.307,2.644,7.2001,0.8119,1.10,0.24
Pleiades,20.307,2.633,7.0088,0.7622,1.24,0.21
Pleiades,20.400,2.261,7.6063,0.8354,1.08,0.37
Pleiades,20.606,1.980,8.5509,0.9008,1.04,0.28
Pleiades,20.620,2.455,8.0208,1.1801,1.13,1.00
M67,7.948,2.160,1.2021,0.0261,0.98,0.38
M67,8.222,1.804,1.2177,0.0229,1.21,0.60
M67,8.859,1.637,1.2087,0.0186,1.03,0.49
M67,9.095,1.483,1.1868,0.0166,1.02,0.53
M67,9.234,1.487,1.2030,0.0223,1.06,0.74
M67,9.258,1.519,1.2075,0.0175,0.93,1.00
M67,9.409,1.459,1.2262,0.0177,0.98,0.58
M67,9.526,1.643,0.9839,0.0166,1.03,0.15
M67,9.665,1.237,1.3295,0.0160,1.09,0.17
M67,9.696,1.420,1.2143,0.0164,0.94,0.43
M67,9.922,1.401,1.1977,0.0165,0.94,0.86
M67,10.008,-0.102,1.0070,0.0372,1.03,0.47
M67,10.148,1.228,1.2108,0.0179,0.90,0.72
M67,10.170,1.237,1.1925,0.0180,0.97,1.00
M67,10.206,1.227,1.2194,0.0170,0.95,0.82
M67,10.210,1.234,1.1925,0.0187,0.99,0.87
M67,10.223,1.239,1.2120,0.0164,0.96,1.00
M67,10.235,1.247,1.2141,0.0184,1.05,0.86
M67,10.237,1.258,1.2137,0.0173,0.92,1.00
M67,10.465,1.266,1.2530,0.0212,1.10,0.27
M67,10.513,1.101,1.2122,0.0262,1.34,0.98
M67,10.587,1.293,1.2051,0.0143,0.94,0.54
M67,10.640,0.140,1.2090,0.0318,1.31,0.76
M67,10.846,1.235,1.2008,0.0141,0.76,1.00
M67,10.867,0.276,1.1162,0.0470,2.05,0.75
M67,10.879,0.340,1.2011,0.0330,0.95,0.84
M67,10.931,0.123,1.1964,0.0404,1.59,1.00
M67,10.960,1.225,1.2305,0.0198,1.00,0.66
M67,10.972,1.225,1.2484,0.0195,1.04,0.77
M67,10.977,0.583,1.2879,0.0420,2.29,0.36
M67,11.032,0.284,1.1630,0.0226,1.03,1.00
M67,11.133,0.810,1.1593,0.0602,2.85,0.47
M67,11.147,1.215,1.2146,0.0215,1.00,0.92
M67,11.221,1.199,1.2826,0.0254,1.35,0.58
M67,11.241,1.059,1.1420,0.0434,1.49,0.95
M67,11.250,0.147,1.1499,0.0325,1.21,0.68
M67,11.260,0.394,1.1180,0.0464,2.03,0.61
M67,11.352,1.199,1.2281,0.0253,1.19,0.80
M67,11.693,1.156,1.1535,0.0232,1.20,0.35
M67,11.785,1.159,1.2623,0.0264,1.71,0.40
M67,11.806,1.167,1.3983,0.0275,1.59,0.44
M67,11.829,0.764,1.2002,0.0842,5.26,0.73
M67,11.871,1.157,1.1981,0.0204,1.24,1.00
M67,12.009,1.152,1.1634,0.0174,1.11,0.83
M67,12.023,0.616,1.1585,0.0185,1.02,0.25
M67,12.043,1.139,1.1871,0.0151,1.03,0.77
M67,12.105,0.738,1.2280,0.0161,1.04,0.85
M67,12.111,0.751,1.2069,0.0242,1.55,0.37
M67,12.130,1.132,1.2305,0.0168,1.04,1.00
M67,12.153,0.849,1.1135,0.0237,1.30,0.84
M67,12.183,0.338,1.2163,0.0313,1.53,0.88
M67,12.186,1.145,1.1828,0.0171,1.21,0.37
M67,12.211,0.922,1.0780,0.0700,4.76,0.62
M67,12.221,0.540,1.4103,0.0375,2.19,0.27
M67,12.240,1.125,1.1942,0.0144,0.91,0.47
M67,12.249,1.113,1.2319,0.0165,1.02,0.61
M67,12.279,1.153,1.1841,0.0159,0.92,0.51
M67,12.357,0.998,1.2308,0.0151,0.94,0.99
M67,12.359,0.831,1.2306,0.0358,2.21,0.74
M67,12.389,0.808,1.2363,0.0145,0.94,0.37
M67,12.390,0.782,1.1888,0.0132,0.90,0.54
M67,12.390,0.770,1.1764,0.0146,0.87,1.00
M67,12.391,0.767,1.0334,0.0617,3.62,0.16
M67,12.393,0.828,1.1822,0.0379,2.48,0.49
M67,12.406,0.763,1.2004,0.0158,0.99,0.90
M67,12.407,0.894,1.1571,0.0187,1.19,0.80
M67,12.431,0.781,1.1766,0.0143,0.91,0.73
M67,12.437,0.762,1.2061,0.0156,0.91,0.83
M67,12.445,0.758,1.2252,0.0146,0.94,0.38
M67,12.453,0.769,1.1633,0.0264,1.92,0.16
M67,12.454,0.601,1.2606,0.0166,1.04,0.42
M67,12.465,0.788,1.2443,0.0143,0.92,0.44
M67,12.475,0.772,1.2375,0.0157,0.94,0.61
M67,12.476,0.752,1.1783,0.0188,1.10,0.92
M67,12.476,0.815,1.2037,0.0241,1.62,0.24
M67,12.478,0.768,1.2488,0.0155,1.03,0.62
M67,12.480,0.791,1.2338,0.0274,1.68,0.45
M67,12.486,0.760,1.0854,0.0229,1.61,0.60
M67,12.487,0.785,1.2103,0.0144,0.90,0.49
M67,12.491,1.088,1.2207,0.0157,1.01,0.56
M67,12.493,0.782,1.1746,0.0153,0.90,1.00
M67,12.498,0.848,1.1664,0.0138,0.87,0.76
M67,12.498,0.852,1.1798,0.0162,1.04,1.00
M67,12.498,0.865,1.2384,0.0170,1.05,0.60
M67,12.505,0.787,1.2398,0.0155,0.95,0.99
M67,12.506,0.791,1.2547,0.0384,2.40,0.41
M67,12.513,0.883,1.1723,0.0155,0.97,0.89
M67,12.520,0.757,1.1984,0.0136,0.92,0.54
M67,12.526,1.167,0.7788,0.0148,1.06,0.16
M67,12.531,0.556,1.1621,0.0175,1.07,0.17
M67,12.537,0.740,1.2211,0.0183,0.99,0.71
M67,12.538,0.749,1.1930,0.0143,0.84,0.69
M67,12.539,0.764,1.2022,0.0145,1.02,0.63
M67,12.542,0.767,1.2021,0.0148,0.88,1.00
M67,12.545,0.914,1.2207,0.0224,1.38,0.85
M67,12.545,0.663,1.0971,0.0233,1.34,0.45
M67,12.546,0.759,1.2100,0.0274,1.89,0.28
M67,12.549,0.735,1.1938,0.0152,0.92,1.00
M67,12.552,0.987,1.3594,0.0207,1.34,0.44
M67,12.553,0.899,1.2075,0.0134,0.92,0.27
M67,12.557,0.739,1.1799,0.0133,0.98,0.43
M67,12.558,1.000,1.1478,0.0143,1.00,0.19
M67,12.559,0.766,1.1800,0.0197,1.15,0.53
M67,12.561,0.737,1.1355,0.0172,0.90,0.60
M67,12.562,0.713,1.1582,0.0157,0.99,0.51
M67,12.564,0.741,1.1833,0.0170,0.93,0.94
M67,12.569,0.736,1.1720,0.0148,0.89,0.62
M67,12.572,0.971,1.4357,0.1434,9.31,0.35
M67,12.573,0.738,1.1642,0.0163,1.00,0.67
M67,12.577,0.749,1.2059,0.0148,0.91,0.66
M67,12.578,0.660,1.2221,0.0174,1.03,0.87
M67,12.582,0.736,1.2092,0.0174,1.01,0.59
M67,12.590,0.908,1.2188,0.0171,0.96,0.98
M67,12.602,0.918,1.2496,0.0220,1.46,0.36
M67,12.602,0.722,1.2243,0.0162,0.98,0.37
M67,12.606,0.748,1.1630,0.0164,0.96,1.00
M67,12.606,0.743,1.2401,0.0241,1.58,0.59
M67,12.608,0.911,1.2404,0.0154,1.02,0.58
M67,12.610,0.725,1.2039,0.0142,0.91,0.50
M67,12.614,0.742,1.2305,0.0164,0.99,0.65
M67,12.615,1.116,1.2267,0.0140,0.86,0.65
M67,12.620,0.724,1.1711,0.0155,0.88,0.55
M67,12.624,0.729,1.1998,0.0217,1.25,0.88
M67,12.629,0.700,1.2273,0.0180,1.09,0.21
M67,12.632,0.724,1.1560,0.0164,0.99,0.58
M67,12.633,0.962,1.6098,0.0380,2.11,0.25
M67,12.634,0.726,1.1535,0.0150,0.97,0.80
M67,12.646,0.740,1.2347,0.0172,0.98,0.75
M67,12.647,0.757,1.2269,0.0134,0.93,0.66
M67,12.647,0.741,1.3613,0.0419,2.37,0.44
M67,12.651,1.140,1.2022,0.0173,1.00,0.39
M67,12.653,0.733,1.1479,0.0153,0.86,0.87
M67,12.655,1.107,1.2676,0.0173,1.01,0.51
M67,12.662,0.747,1.1707,0.0154,0.97,1.00
M67,12.665,0.706,1.1976,0.0160,0.85,0.22
M67,12.668,0.659,1.2000,0.0169,1.00,0.56
M67,12.670,1.085,1.2203,0.0157,0.93,0.93
M67,12.670,0.754,1.2246,0.0176,0.96,0.73
M67,12.673,0.745,1.2739,0.0317,1.82,0.23
M67,12.675,0.703,1.1744,0.0156,0.93,0.56
M67,12.679,0.745,1.1858,0.0163,0.93,1.00
M67,12.682,0.735,1.1806,0.0175,0.94,1.00
M67,12.684,0.707,1.2161,0.0183,1.08,1.00
M67,12.687,0.764,1.1344,0.0244,1.37,0.77
M67,12.689,1.033,1.2369,0.0177,1.06,0.69
M67,12.695,0.968,1.2269,0.0187,0.96,0.88
M67,12.698,1.094,1.1909,0.0160,0.98,0.48
M67,12.700,0.707,1.2004,0.0159,0.96,0.93
M67,12.716,0.705,1.1889,0.0168,1.01,1.00
M67,12.719,0.707,1.2074,0.0171,1.03,0.45
M67,12.723,0.708,1.1942,0.0168,1.00,0.85
M67,12.727,1.072,1.1951,0.0184,1.02,1.00
M67,12.729,0.705,1.1747,0.0157,1.02,0.58
M67,12.736,0.698,1.2195,0.0158,0.89,0.39
M67,12.742,0.723,1.2052,0.0160,0.97,0.41
M67,12.771,1.014,1.1578,0.0156,0.87,0.99
M67,12.782,0.606,1.2058,0.0184,0.97,1.00
M67,12.782,0.696,1.2252,0.0167,1.00,0.65
M67,12.788,1.011,1.2011,0.0158,0.95,0.49
M67,12.798,1.030,1.1843,0.0175,0.93,1.00
M67,12.827,0.723,1.2234,0.0145,0.92,0.46
M67,12.835,0.779,1.2151,0.0175,1.04,0.58
M67,12.865,0.745,1.2089,0.0169,0.95,0.39
M67,12.874,0.759,1.2310,0.0227,1.27,0.21
M67,12.880,0.723,1.1939,0.0197,0.96,0.48
M67,12.889,0.726,1.1788,0.0178,1.02,0.38
M67,12.901,0.778,1.1342,0.0206,1.07,0.52
M67,12.905,0.721,1.2535,0.0198,1.05,0.38
M67,12.934,0.720,1.2202,0.0196,0.99,0.63
M67,12.938,0.729,1.2283,0.0223,1.06,1.00
M67,12.938,0.737,1.1935,0.0227,1.10,1.00
M67,12.947,0.775,1.2091,0.0200,1.00,0.43
M67,12.959,0.717,1.1831,0.0218,1.02,1.00
M67,12.962,0.753,1.1913,0.0260,1.44,0.54
M67,12.964,0.755,1.1704,0.0199,1.03,0.43
M67,12.972,0.743,1.1617,0.0218,1.12,0.77
M67,12.992,0.755,1.1757,0.0568,3.37,0.93
M67,13.010,0.743,1.2368,0.0233,1.22,0.99
M67,13.011,0.739,1.1921,0.0195,1.17,0.53
M67,13.015,0.742,1.1773,0.0180,1.05,0.73
M67,13.015,0.749,1.2039,0.0212,1.26,0.61
M67,13.021,0.754,1.1729,0.0199,1.01,0.99
M67,13.032,0.744,1.2145,0.0244,1.27,0.94
M67,13.038,0.718,1.3641,0.0325,1.88,0.20
M67,13.040,0.744,1.2388,0.0176,0.96,0.62
M67,13.042,0.753,1.1855,0.0171,1.03,0.89
M67,13.048,0.747,1.2099,0.0180,1.12,1.00
M67,13.050,0.758,1.3895,0.0388,2.29,0.30
M67,13.051,0.739,1.2338,0.0173,1.10,0.53
M67,13.055,0.774,1.2182,0.0188,1.18,1.00
M67,13.056,0.742,1.1073,0.0314,2.28,0.34
M67,13.060,0.760,1.2043,0.0233,1.33,0.47
M67,13.063,0.734,1.1323,0.0170,1.13,0.47
M67,13.065,0.754,1.1884,0.0158,0.95,0.99
M67,13.070,0.732,1.1976,0.0167,0.94,0.87
M67,13.081,0.765,1.1834,0.0166,0.96,0.79
M67,13.085,0.759,1.2394,0.0296,1.85,0.69
M67,13.091,0.746,1.1862,0.0161,0.98,0.86
M67,13.095,0.768,1.2695,0.0196,1.16,0.30
M67,13.098,0.741,1.2253,0.0143,1.07,0.51
M67,13.110,0.749,1.1690,0.0204,1.32,0.49
M67,13.120,0.765,1.1905,0.0162,1.04,1.00
M67,13.128,0.735,1.2273,0.0139,0.95,0.50
M67,13.129,1.236,1.1937,0.0165,1.00,1.00
M67,13.133,0.758,1.2093,0.0153,0.98,0.98
M67,13.134,0.727,1.0257,0.0489,2.81,0.26
M67,13.135,0.745,1.1931,0.0161,0.96,0.42
M67,13.140,0.733,1.1988,0.0153,0.93,0.50
M67,13.141,0.732,1.1894,0.0166,1.05,0.52
M67,13.142,0.766,1.2057,0.0145,0.95,0.71
M67,13.148,0.730,1.1825,0.0150,1.03,0.53
M67,13.149,0.747,1.1995,0.0175,0.97,1.00
M67,13.150,0.764,1.2277,0.0397,2.76,0.57
M67,13.151,0.746,1.2010,0.0161,1.00,0.84
M67,13.153,0.627,1.2300,0.0191,1.13,0.84
M67,13.157,0.789,1.2248,0.0217,1.29,0.91
M67,13.161,0.786,1.1942,0.0157,1.01,0.68
M67,13.170,0.726,1.2086,0.0164,1.01,0.74
M67,13.174,0.794,1.3240,0.0483,3.14,0.50
M67,13.177,0.658,1.1617,0.0161,0.99,0.80
M67,13.177,0.731,1.2021,0.0154,1.08,0.37
M67,13.179,0.736,1.1904,0.0163,1.05,0.34
M67,13.185,0.780,1.1821,0.0156,1.00,0.75
M67,13.205,0.711,1.2162,0.0150,0.97,0.64
M67,13.207,0.734,1.1958,0.0145,1.06,0.45
M67,13.211,0.759,1.2034,0.0161,0.96,0.90
M67,13.219,0.746,1.2249,0.0175,0.95,0.71
M67,13.222,0.727,1.2292,0.0174,0.89,0.87
M67,13.222,0.737,1.2252,0.0178,1.09,0.67
M67,13.224,0.718,1.1912,0.0159,1.01,0.62
M67,13.226,0.743,1.1967,0.0175,0.95,0.17
M67,13.230,0.743,1.2323,0.0186,1.06,0.41
M67,13.231,0.752,1.2135,0.0163,1.02,0.66
M67,13.232,0.718,1.1765,0.0166,0.98,0.30
M67,13.238,0.750,1.1745,0.0170,0.92,1.00
M67,13.238,0.739,1.1790,0.0155,0.99,0.78
M67,13.242,0.731,1.1894,0.0170,1.02,0.94
M67,13.249,0.735,1.1840,0.0174,0.92,0.79
M67,13.252,0.741,0.8835,0.0230,1.47,0.27
M67,13.264,0.740,1.2011,0.0184,0.93,0.92
M67,13.268,0.746,1.1799,0.0165,1.01,0.27
M67,13.269,0.728,1.2232,0.0164,1.10,0.15
M67,13.277,0.737,1.1787,0.0292,1.86,0.66
M67,13.278,0.783,1.1730,0.0176,0.95,0.56
M67,13.278,0.748,1.1773,0.0170,0.98,0.76
M67,13.283,0.743,1.2003,0.0172,1.05,0.79
M67,13.283,0.733,1.1629,0.0162,1.00,0.75
M67,13.284,0.727,1.2878,0.0193,1.14,0.58
M67,13.292,0.746,1.3541,0.0241,1.43,0.41
M67,13.297,0.792,1.2594,0.0171,1.04,0.89
M67,13.299,0.741,1.1998,0.0167,0.98,0.75
M67,13.302,0.767,1.2169,0.0182,1.13,1.00
M67,13.311,0.749,1.1995,0.0145,1.01,0.63
M67,13.319,0.648,1.2098,0.0205,1.02,0.71
M67,13.319,0.858,1.2219,0.0169,1.06,1.00
M67,13.323,0.745,1.1794,0.0163,1.00,0.92
M67,13.334,0.715,1.1692,0.0156,0.98,0.19
M67,13.336,0.755,1.1923,0.0170,1.00,0.74
M67,13.337,0.789,1.1025,0.0253,1.54,0.61
M67,13.349,0.737,1.1961,0.0178,0.92,0.67
M67,13.351,0.728,1.2671,0.0210,1.25,0.64
M67,13.353,0.736,1.1668,0.0166,0.91,0.33
M67,13.358,0.725,1.1807,0.0162,0.97,0.91
M67,13.359,0.747,1.0191,0.0413,2.86,0.44
M67,13.359,0.773,1.1634,0.0189,1.19,0.64
M67,13.359,0.726,1.2130,0.0162,0.98,0.41
M67,13.367,0.779,1.1738,0.0177,0.97,0.89
M67,13.381,0.736,1.1858,0.0149,1.07,0.53
M67,13.384,0.727,1.1983,0.0176,1.01,0.45
M67,13.385,1.279,1.1986,0.0164,1.01,0.69
M67,13.389,0.737,1.1677,0.0185,0.99,0.35
M67,13.389,0.718,1.1739,0.0182,0.98,0.43
M67,13.392,0.730,1.1932,0.0169,1.00,0.91
M67,13.397,0.750,1.2744,0.0161,0.97,0.38
M67,13.402,0.778,1.2006,0.0169,0.95,0.94
M67,13.405,0.744,1.1927,0.0163,0.95,0.75
M67,13.410,0.744,1.1889,0.0172,0.94,0.98
M67,13.410,0.734,1.2034,0.0180,0.94,0.82
M67,13.417,0.719,1.3325,0.0226,1.47,0.30
M67,13.419,0.764,1.0522,0.0416,2.79,0.49
M67,13.428,0.809,1.5404,0.0188,1.09,0.17
M67,13.429,0.734,1.2380,0.0176,1.00,0.70
M67,13.432,0.747,1.1910,0.0181,0.96,1.00
M67,13.433,0.733,1.2237,0.0154,0.97,0.16
M67,13.448,0.730,1.2046,0.0154,1.00,0.73
M67,13.448,0.811,1.1997,0.0179,1.00,0.90
M67,13.460,0.775,1.1926,0.0170,0.97,0.43
M67,13.462,0.726,1.1989,0.0188,0.92,1.00
M67,13.463,0.753,1.1957,0.0188,0.97,1.00
M67,13.469,0.728,1.1608,0.0179,1.06,0.74
M67,13.476,0.812,1.1830,0.0163,1.00,0.85
M67,13.481,0.743,1.2075,0.0163,0.94,0.40
M67,13.486,0.733,1.1439,0.0186,1.09,0.52
M67,13.487,0.749,1.2468,0.0195,0.95,0.94
M67,13.498,0.727,1.1745,0.0174,0.97,0.67
M67,13.500,0.804,1.2352,0.0170,1.01,0.80
M67,13.502,0.742,1.2290,0.0165,0.96,0.74
M67,13.508,0.741,1.1649,0.0197,0.92,0.65
M67,13.519,0.750,1.1796,0.0183,0.98,0.50
M67,13.522,0.743,1.1855,0.0168,0.95,0.88
M67,13.524,0.731,1.2185,0.0183,0.97,0.48
M67,13.525,0.734,1.1670,0.0168,0.97,0.67
M67,13.536,0.764,1.2134,0.0184,1.04,1.00
M67,13.536,0.739,1.1886,0.0176,0.91,0.86
M67,13.542,0.750,1.1510,0.0214,1.06,0.72
M67,13.543,0.738,1.2160,0.0169,1.03,0.63
M67,13.550,0.740,1.1804,0.0175,0.96,0.65
M67,13.554,0.732,1.1827,0.0172,0.98,0.42
M67,13.556,0.823,1.1971,0.0184,1.01,0.92
M67,13.557,0.724,1.1513,0.0190,0.99,0.69
M67,13.559,0.747,1.2049,0.0169,1.02,0.56
M67,13.560,0.746,1.1904,0.0160,0.96,0.63
M67,13.561,0.744,1.2039,0.0167,0.99,0.62
M67,13.562,0.784,1.2052,0.0184,1.09,0.50
M67,13.567,0.748,1.2154,0.0194,0.95,0.64
M67,13.567,0.763,1.1946,0.0190,1.04,1.00
M67,13.568,0.741,1.1972,0.0167,0.94,0.81
M67,13.576,0.740,1.2167,0.0189,0.95,0.82
M67,13.578,0.732,1.2274,0.0182,1.00,0.42
M67,13.581,0.742,1.1609,0.0181,0.93,0.44
M67,13.591,0.737,1.1972,0.0166,1.01,0.56
M67,13.604,0.746,1.1449,0.0182,1.03,0.66
M67,13.612,0.754,1.2146,0.0186,1.01,0.85
M67,13.618,0.749,1.1850,0.0175,1.06,0.82
M67,13.624,0.758,1.1858,0.0175,1.03,0.16
M67,13.629,0.851,1.1713,0.0192,1.10,0.81
M67,13.631,0.774,1.1138,0.0190,1.02,0.61
M67,13.631,0.762,1.2024,0.0208,0.96,0.78
M67,13.637,0.761,1.1642,0.0194,1.08,0.34
M67,13.638,0.763,1.1681,0.0166,0.96,0.64
M67,13.641,0.746,1.1874,0.0164,1.01,0.35
M67,13.643,0.746,1.2043,0.0187,0.96,1.00
M67,13.646,0.741,1.1862,0.0172,0.97,0.71
M67,13.646,0.766,1.3302,0.0218,1.26,0.43
M67,13.651,0.761,1.2108,0.0191,0.92,0.93
M67,13.653,0.812,1.1345,0.0233,1.38,0.62
M67,13.657,0.751,1.1832,0.0182,0.95,1.00
M67,13.662,0.783,1.1795,0.0190,0.99,0.44
M67,13.671,0.742,1.1946,0.0176,0.92,0.16
M67,13.671,0.807,1.1410,0.0191,1.01,0.20
M67,13.682,0.764,1.1831,0.0219,0.96,0.43
M67,13.686,0.847,1.2020,0.0204,1.03,0.44
M67,13.696,0.755,1.1906,0.0182,0.94,0.86
M67,13.699,0.754,1.1809,0.0185,0.99,0.44
M67,13.700,0.755,1.1476,0.0259,1.47,0.58
M67,13.701,0.756,1.2103,0.0206,1.03,0.74
M67,13.702,0.743,1.1947,0.0174,0.98,0.72
M67,13.711,0.752,1.2662,0.0194,1.08,0.47
M67,13.717,0.755,1.1248,0.0196,1.08,0.28
M67,13.717,0.755,1.2115,0.0196,0.94,1.00
M67,13.718,0.842,1.1857,0.0179,0.95,0.40
M67,13.720,0.752,1.1786,0.0197,0.98,0.98
M67,13.733,0.768,1.1613,0.0198,1.06,0.73
M67,13.733,0.850,1.1989,0.0206,1.03,1.00
M67,13.745,0.819,1.1857,0.0205,0.92,0.85
M67,13.754,0.756,1.2151,0.0208,1.00,1.00
M67,13.757,0.746,1.1698,0.0193,1.00,0.41
M67,13.757,0.761,1.2303,0.0246,1.42,0.57
M67,13.758,0.771,1.1728,0.0190,1.03,0.60
M67,13.760,0.777,1.1736,0.0259,1.35,0.19
M67,13.768,0.768,1.1940,0.0172,1.03,0.37
M67,13.771,0.750,1.2287,0.0193,0.94,0.89
M67,13.776,0.774,1.2149,0.0204,1.10,0.74
M67,13.777,0.765,1.1548,0.0213,1.08,0.86
M67,13.781,0.768,1.2136,0.0172,1.02,0.62
M67,13.782,0.758,1.1998,0.0190,1.00,0.20
M67,13.794,0.765,1.1667,0.0170,0.99,0.18
M67,13.801,0.761,1.1835,0.0201,0.99,1.00
M67,13.816,0.771,1.2217,0.0212,1.06,1.00
M67,13.821,0.765,1.1604,0.0182,0.98,0.76
M67,13.827,0.771,1.1953,0.0202,1.00,0.79
M67,13.848,0.815,1.1867,0.0201,1.11,1.00
M67,13.851,0.801,1.1991,0.0193,0.99,1.00
M67,13.852,0.783,1.1901,0.0190,0.96,0.71
M67,13.853,0.806,1.4591,0.0486,3.58,0.18
M67,13.862,0.887,1.1832,0.0204,1.03,0.83
M67,13.863,0.774,1.2162,0.0202,1.25,0.44
M67,13.870,0.855,1.0339,0.0212,1.10,0.54
M67,13.872,0.868,1.1777,0.0200,0.96,0.72
M67,13.873,0.877,1.2060,0.0215,1.08,0.77
M67,13.873,0.769,1.1934,0.0244,1.34,0.16
M67,13.884,0.768,1.2195,0.0208,0.95,0.89
M67,13.885,0.847,1.1798,0.0519,2.56,1.00
M67,13.885,0.775,1.2032,0.0195,1.04,0.52
M67,13.886,0.883,1.2183,0.0197,1.00,0.31
M67,13.891,0.767,1.1706,0.0194,1.00,0.57
M67,13.898,0.789,1.2149,0.0246,1.33,0.73
M67,13.909,0.770,1.1886,0.0201,1.01,0.69
M67,13.910,0.775,1.1952,0.0186,0.98,0.53
M67,13.917,0.784,1.1983,0.0176,1.03,0.18
M67,13.924,0.780,1.1694,0.0198,0.95,0.44
M67,13.926,0.888,1.1354,0.0243,1.26,0.62
M67,13.933,0.782,1.1382,0.0203,1.07,0.29
M67,13.942,0.807,1.1630,0.0225,0.98,0.15
M67,13.943,0.797,1.2055,0.0204,0.98,1.00
M67,13.944,0.805,1.2159,0.0210,1.00,0.79
M67,13.951,0.876,1.2017,0.0195,0.94,0.53
M67,13.952,0.871,1.2039,0.0301,1.67,0.36
M67,13.952,0.793,1.1722,0.0190,0.97,0.88
M67,13.959,0.786,1.2115,0.0199,0.97,0.78
M67,13.967,0.889,1.2136,0.0207,0.97,1.00
M67,13.971,0.772,1.3354,0.0332,1.92,0.26
M67,13.971,0.760,0.9546,0.0516,2.36,0.39
M67,13.976,0.784,1.1120,0.0205,0.99,0.52
M67,13.979,0.777,1.1443,0.0215,0.98,0.73
M67,13.979,0.786,1.1864,0.0191,1.02,0.95
M67,13.981,0.782,1.2304,0.0199,0.98,0.69
M67,13.984,0.898,1.2151,0.0215,1.08,0.46
M67,13.985,0.899,1.2099,0.0229,1.13,1.00
M67,13.986,0.775,1.1904,0.0197,1.07,0.63
M67,13.987,0.781,1.1803,0.0219,1.01,1.00
M67,13.992,0.769,1.2251,0.0213,0.95,0.39
M67,14.000,0.785,1.2219,0.0209,1.08,0.67
M67,14.002,0.794,1.1853,0.0196,0.89,0.53
M67,14.004,0.803,1.2097,0.0198,0.97,0.97
M67,14.005,0.830,1.2032,0.0208,1.02,0.44
M67,14.006,0.788,1.2298,0.0197,0.94,0.64
M67,14.008,0.853,1.1896,0.0252,1.35,0.98
M67,14.013,0.798,1.2057,0.0202,0.97,1.00
M67,14.015,0.798,1.1804,0.0202,0.98,0.84
M67,14.015,0.791,1.2001,0.0211,0.95,1.00
M67,14.015,0.780,1.1642,0.0213,0.97,0.36
M67,14.019,0.806,1.2059,0.0208,0.97,1.00
M67,14.022,0.790,1.2201,0.0190,1.00,0.57
M67,14.022,0.811,1.2176,0.0196,0.93,0.41
M67,14.023,0.800,1.1844,0.0230,1.02,0.42
M67,14.029,0.796,1.1869,0.0208,0.93,1.00
M67,14.033,0.921,1.1957,0.0216,1.05,0.75
M67,14.035,0.789,1.2096,0.0195,0.93,0.51
M67,14.041,0.794,1.1584,0.0204,0.98,0.55
M67,14.042,0.785,1.1926,0.0194,0.90,0.51
M67,14.044,0.811,1.1636,0.0215,0.99,0.49
M67,14.048,0.763,1.1772,0.0203,0.98,0.55
M67,14.050,0.807,1.1861,0.0217,0.94,0.41
M67,14.051,0.812,1.2028,0.0199,1.00,0.59
M67,14.055,1.070,1.1503,0.0505,2.55,0.56
M67,14.074,0.794,1.1908,0.0210,1.02,0.77
M67,14.075,0.825,1.1872,0.0216,1.17,0.74
M67,14.087,0.777,1.1917,0.0464,2.51,0.81
M67,14.113,0.806,1.1918,0.0209,0.99,0.42
M67,14.116,0.971,1.1840,0.0252,1.16,1.00
M67,14.131,0.849,1.1113,0.0301,1.39,0.70
M67,14.145,0.868,1.1932,0.0239,1.09,0.53
M67,14.147,0.826,1.1560,0.0232,1.01,0.85
M67,14.149,0.787,1.1742,0.0226,1.09,0.52
M67,14.155,0.863,1.1830,0.0206,0.96,0.17
M67,14.157,0.802,1.1720,0.0214,1.00,0.43
M67,14.167,0.819,1.2086,0.0215,1.02,0.45
M67,14.170,0.816,1.1414,0.0221,0.92,0.18
M67,14.177,0.939,1.1507,0.0226,1.05,0.32
M67,14.183,0.945,1.1087,0.0262,1.23,0.72
M67,14.190,0.799,1.1703,0.0197,1.01,0.53
M67,14.196,0.832,1.2133,0.0223,0.94,0.75
M67,14.205,0.807,1.1504,0.0213,1.05,0.39
M67,14.207,0.826,1.1937,0.0230,0.93,0.41
M67,14.207,0.818,1.1963,0.0219,1.01,0.85
M67,14.217,0.894,1.2079,0.0233,1.09,0.35
M67,14.223,0.835,1.1764,0.0213,0.99,0.73
M67,14.223,0.814,1.1915,0.0250,1.05,0.83
M67,14.227,1.010,1.1929,0.0244,1.26,0.73
M67,14.231,1.151,1.1462,0.0234,1.01,0.64
M67,14.234,0.842,1.2118,0.0231,1.06,1.00
M67,14.258,0.816,1.2049,0.0200,1.02,0.46
M67,14.259,0.839,1.1796,0.0232,0.98,0.80
M67,14.284,0.848,1.2033,0.0231,1.05,0.78
M67,14.285,0.884,1.3818,0.0255,1.00,0.17
M67,14.285,0.842,1.2197,0.0213,0.99,0.67
M67,14.301,0.827,1.1912,0.0262,0.98,0.45
M67,14.304,0.837,1.2116,0.0238,1.00,1.00
M67,14.304,0.944,1.1141,0.0595,2.39,0.53
M67,14.309,0.828,1.2623,0.0296,1.36,0.69
M67,14.315,0.979,1.2188,0.0272,1.10,0.82
M67,14.330,0.820,1.1828,0.0239,0.97,0.83
M67,14.331,0.839,1.2191,0.0241,1.01,1.00
M67,14.333,0.832,1.1761,0.0242,0.99,0.91
M67,14.333,0.822,1.1921,0.0208,1.01,0.61
M67,14.338,0.830,1.1684,0.0214,1.00,0.59
M67,14.341,0.839,1.2261,0.0247,1.00,0.73
M67,14.345,0.827,1.1845,0.0217,1.08,0.68
M67,14.347,0.849,1.1249,0.0254,0.97,0.21
M67,14.350,0.832,1.1763,0.0235,0.95,0.87
M67,14.353,0.846,1.1410,0.0244,1.00,0.51
M67,14.358,0.886,1.2434,0.0259,1.15,0.85
M67,14.359,0.968,1.2122,0.0277,1.01,0.38
M67,14.369,0.822,1.1693,0.0199,1.01,0.15
M67,14.370,0.859,1.2366,0.0270,1.13,0.61
M67,14.371,0.845,1.2168,0.0236,0.95,0.84
M67,14.371,0.978,1.2036,0.0257,0.97,0.81
M67,14.380,0.864,1.2073,0.0232,1.03,0.66
M67,14.388,0.837,1.1926,0.0241,1.00,0.69
M67,14.391,0.845,1.1616,0.0226,0.93,0.74
M67,14.403,0.849,1.2315,0.0247,1.02,0.21
M67,14.408,0.894,1.1279,0.0235,0.98,0.67
M67,14.413,0.867,1.1819,0.0257,1.03,0.90
M67,14.415,1.002,1.2042,0.0239,0.99,0.87
M67,14.418,0.848,1.1827,0.0237,1.02,0.48
M67,14.420,0.845,1.1979,0.0258,1.01,0.94
M67,14.423,0.985,1.2024,0.0270,1.13,0.78
M67,14.424,0.991,1.1764,0.0293,1.25,0.71
M67,14.425,0.832,1.5007,0.0504,1.95,0.31
M67,14.427,0.996,1.1961,0.0248,0.97,0.57
M67,14.429,0.857,1.2052,0.0242,1.00,0.31
M67,14.435,0.856,1.1646,0.0227,1.05,0.59
M67,14.442,0.850,1.1970,0.0211,0.97,0.59
M67,14.445,0.846,1.1506,0.0240,0.98,0.36
M67,14.446,0.871,1.1558,0.0239,0.99,0.63
M67,14.448,0.836,1.1398,0.0224,0.97,0.38
M67,14.453,0.856,1.1736,0.0242,0.95,0.91
M67,14.454,0.851,1.1773,0.0265,0.93,0.62
M67,14.457,1.003,1.1871,0.0248,1.13,0.88
M67,14.462,1.000,1.1766,0.0257,0.97,0.73
M67,14.466,0.852,1.2489,0.0254,0.98,0.80
M67,14.469,0.806,0.9218,0.0274,1.15,0.18
M67,14.470,1.008,1.2058,0.0230,1.06,0.73
M67,14.477,0.874,1.2340,0.0330,1.20,0.55
M67,14.480,0.867,1.2136,0.0239,0.97,0.89
M67,14.483,0.855,1.2053,0.0233,1.02,0.24
M67,14.484,0.866,1.1859,0.0238,0.99,0.75
M67,14.491,0.953,1.1501,0.0368,1.54,0.38
M67,14.496,0.866,1.2046,0.0261,0.98,0.62
M67,14.496,0.862,1.2145,0.0236,1.09,0.39
M67,14.500,0.861,1.1754,0.0290,1.04,0.35
M67,14.502,0.869,1.2250,0.0246,1.01,0.53
M67,14.510,1.018,1.1896,0.0232,1.06,0.48
M67,14.518,0.867,1.4115,0.0318,1.55,0.16
M67,14.533,0.919,1.1616,0.0258,1.04,0.42
M67,14.536,0.876,1.1526,0.0247,0.99,0.57
M67,14.542,0.882,1.1790,0.0284,0.96,0.84
M67,14.543,0.921,1.1135,0.0250,1.02,0.15
M67,14.549,1.031,1.1716,0.0235,1.01,0.51
M67,14.550,0.881,1.2875,0.0247,0.96,0.59
M67,14.558,0.906,1.1721,0.0233,0.97,0.61
M67,14.573,0.881,1.1797,0.0255,1.06,0.67
M67,14.590,0.974,1.2025,0.0265,1.04,0.69
M67,14.590,0.993,1.2382,0.0239,0.99,0.34
M67,14.595,0.945,1.1772,0.0293,0.93,0.52
M67,14.595,0.932,1.1974,0.0318,1.11,0.71
M67,14.597,0.904,1.3050,0.0338,1.45,0.44
M67,14.600,1.033,1.2769,0.0259,0.99,0.52
M67,14.607,0.895,1.1298,0.0256,0.93,0.72
M67,14.613,0.883,1.1662,0.0271,1.01,0.78
M67,14.620,0.886,1.2177,0.0243,0.99,0.62
M67,14.626,0.888,1.1647,0.0284,0.99,0.23
M67,14.626,0.889,1.1561,0.0285,0.98,0.40
M67,14.627,0.879,1.2665,0.0251,1.01,0.61
M67,14.631,0.878,1.1471,0.0295,0.95,0.57
M67,14.645,0.894,1.1895,0.0231,1.01,0.46
M67,14.646,0.892,1.1986,0.0258,1.03,1.00
M67,14.673,0.966,1.1231,0.0275,1.02,0.73
M67,14.676,0.936,0.9660,0.0453,1.70,0.25
M67,14.690,0.894,1.2218,0.0286,1.00,1.00
M67,14.695,0.905,1.1997,0.0290,1.02,0.86
M67,14.697,0.977,1.1845,0.0251,0.96,0.34
M67,14.704,0.913,1.1601,0.0232,1.00,0.19
M67,14.706,0.927,1.2323,0.0263,0.94,0.98
M67,14.706,0.956,1.2309,0.0271,1.00,0.79
M67,14.712,1.058,1.1092,0.0304,1.10,0.71
M67,14.714,0.908,1.1672,0.0270,0.98,0.98
M67,14.734,1.099,1.1992,0.0286,1.03,1.00
M67,14.734,0.935,1.1628,0.0257,0.99,0.20
M67,14.741,0.927,1.2345,0.0284,0.99,0.77
M67,14.743,0.929,1.1964,0.0251,0.99,0.88
M67,14.750,0.980,1.2173,0.0277,1.00,0.77
M67,14.751,0.913,1.1907,0.0306,0.96,0.96
M67,14.763,1.004,1.1969,0.0282,1.06,1.00
M67,14.766,0.919,1.1990,0.0274,0.97,1.00
M67,14.771,1.001,1.3519,0.0325,1.30,0.31
M67,14.771,1.026,1.1751,0.0269,1.09,0.63
M67,14.775,0.917,1.1724,0.0269,1.02,0.75
M67,14.777,0.929,1.4364,0.0314,1.28,0.29
M67,14.777,0.957,1.2803,0.0267,0.97,0.18
M67,14.777,0.916,1.1750,0.0302,0.95,0.61
M67,14.779,0.918,1.1816,0.0263,0.95,0.81
M67,14.786,0.920,1.1625,0.0297,1.08,0.79
M67,14.791,1.020,1.3745,0.0344,1.39,0.33
M67,14.792,0.919,1.2414,0.0272,0.98,0.78
M67,14.796,0.930,1.1673,0.0295,0.95,0.77
M67,14.799,0.911,1.1571,0.0255,0.99,0.28
M67,14.802,0.937,1.1611,0.0250,0.98,0.35
M67,14.809,0.952,1.2231,0.0412,1.78,0.33
M67,14.820,1.061,1.2520,0.0279,0.99,0.54
M67,14.823,0.922,1.1696,0.0287,1.03,1.00
M67,14.830,0.946,1.2125,0.0279,1.14,0.52
M67,14.832,0.940,1.1259,0.0285,0.97,0.55
M67,14.834,0.936,1.2123,0.0265,0.91,0.99
M67,14.836,0.930,1.2510,0.0278,1.02,0.47
M67,14.843,0.927,1.1810,0.0278,1.06,0.68
M67,14.852,0.936,1.2603,0.0265,0.98,0.55
M67,14.853,0.950,1.1614,0.0300,1.02,0.78
M67,14.853,0.935,1.2034,0.0271,1.05,0.18
M67,14.856,0.931,1.2124,0.0257,1.03,0.62
M67,14.856,0.927,1.2251,0.0257,0.95,0.56
M67,14.857,0.947,1.2248,0.0282,1.04,0.45
M67,14.857,0.936,1.2058,0.0294,1.01,0.93
M67,14.861,1.004,1.1084,0.0270,0.99,0.28
M67,14.861,0.966,1.2781,0.0294,1.01,0.17
M67,14.867,0.944,1.1647,0.0285,0.97,0.74
M67,14.869,1.028,1.1908,0.0286,1.16,0.27
M67,14.882,0.955,1.2840,0.0283,0.99,0.45
M67,14.887,0.950,1.1977,0.0351,1.21,1.00
M67,14.912,0.978,1.0794,0.0498,1.76,0.60
M67,14.919,0.921,1.0902,0.0301,1.01,0.25
M67,14.922,1.034,1.1504,0.0290,0.94,0.59
M67,14.927,0.919,1.1876,0.0292,0.98,0.55
M67,14.928,1.143,1.1096,0.0292,1.10,0.16
M67,14.930,0.871,0.9951,0.0290,0.99,0.17
M67,14.933,0.958,1.2058,0.0281,1.08,0.69
M67,14.945,0.947,1.1877,0.0326,1.11,0.54
M67,14.954,0.960,1.1694,0.0307,1.06,0.60
M67,14.964,0.973,1.1918,0.0288,0.93,0.17
M67,14.966,0.965,1.1665,0.0299,0.99,0.86
M67,14.967,0.955,1.2141,0.0304,1.01,0.93
M67,14.968,0.972,1.1900,0.0334,1.01,0.91
M67,14.968,0.968,1.0787,0.0327,1.13,0.25
M67,14.979,0.990,1.2355,0.0320,0.97,0.66
M67,14.981,0.952,1.1916,0.0271,0.98,0.49
M67,14.983,0.952,1.2084,0.0303,0.99,0.34
M67,14.985,0.996,1.2116,0.0322,1.00,1.00
M67,14.996,1.169,1.1368,0.0359,1.25,0.73
M67,14.997,0.967,1.2411,0.0339,1.09,1.00
M67,14.998,0.991,1.1709,0.0301,1.20,0.46
M67,15.010,0.969,1.2739,0.0269,0.97,0.45
M67,15.014,0.967,1.1918,0.0298,0.99,0.75
M67,15.015,0.971,1.1922,0.0300,0.99,0.71
M67,15.019,0.962,1.1135,0.0282,0.95,0.61
M67,15.022,1.015,1.2517,0.0305,1.01,0.54
M67,15.022,1.005,1.1305,0.0367,1.13,0.40
M67,15.024,0.987,1.2039,0.0286,0.98,0.37
M67,15.025,0.954,1.1539,0.0304,1.01,0.48
M67,15.048,0.973,1.2160,0.0350,1.00,0.79
M67,15.050,0.988,1.2109,0.0307,1.07,0.38
M67,15.055,0.989,1.2450,0.0328,1.04,0.39
M67,15.055,0.966,1.2245,0.0324,1.01,0.86
M67,15.057,0.981,1.1793,0.0308,0.98,0.57
M67,15.060,0.968,1.1829,0.0299,1.04,0.53
M67,15.067,0.987,1.1391,0.0333,0.94,0.46
M67,15.071,0.995,1.2011,0.0331,0.93,0.87
M67,15.072,0.989,1.1675,0.0340,1.02,0.95
M67,15.073,0.987,1.1833,0.0313,1.03,0.84
M67,15.074,0.997,1.1736,0.0306,0.89,0.78
M67,15.078,0.977,1.3005,0.0328,0.98,0.46
M67,15.078,0.972,1.1728,0.0310,0.93,0.19
M67,15.079,0.987,1.2430,0.0340,0.98,0.75
M67,15.089,0.992,1.2637,0.0337,1.09,0.68
M67,15.091,0.953,1.1007,0.0283,1.00,0.22
M67,15.092,0.976,1.1694,0.0336,0.96,0.73
M67,15.101,0.974,1.1693,0.0308,0.93,0.42
M67,15.109,1.187,1.1025,0.0352,1.06,0.71
M67,15.112,0.996,1.2389,0.0337,1.01,0.86
M67,15.117,0.918,1.1220,0.0325,0.98,0.16
M67,15.128,0.973,1.1696,0.0284,1.00,0.73
M67,15.129,0.990,1.1320,0.0299,0.97,0.70
M67,15.135,0.991,1.1929,0.0378,0.98,0.48
M67,15.135,1.185,1.1868,0.0268,0.98,0.52
M67,15.143,1.000,1.1612,0.0318,1.00,0.72
M67,15.153,0.994,1.2535,0.0317,1.02,0.55
M67,15.155,0.995,1.1654,0.0346,0.98,0.88
M67,15.156,0.994,1.1737,0.0334,1.07,0.81
M67,15.165,1.007,1.1486,0.0359,1.02,0.80
M67,15.166,0.987,1.1946,0.0308,1.05,0.29
M67,15.176,1.178,1.2244,0.0524,1.58,0.96
M67,15.181,1.074,1.1337,0.0351,1.03,0.27
M67,15.182,1.140,1.2070,0.0344,1.10,0.88
M67,15.182,1.010,0.8596,0.0571,1.80,0.30
M67,15.187,1.006,1.2581,0.0303,0.96,0.21
M67,15.192,1.197,1.1956,0.0311,1.03,0.62
M67,15.193,1.201,1.1839,0.0354,1.06,1.00
M67,15.205,1.002,1.1744,0.0334,0.96,0.60
M67,15.211,1.059,1.3651,0.0306,1.04,0.23
M67,15.212,0.979,1.1135,0.0316,1.03,0.26
M67,15.213,1.031,1.2092,0.0332,0.99,1.00
M67,15.214,1.189,1.1734,0.0341,0.96,0.93
M67,15.216,1.016,1.1327,0.0306,0.98,0.55
M67,15.219,1.043,1.1847,0.0337,1.07,0.78
M67,15.220,1.091,1.2737,0.0323,1.11,0.35
M67,15.226,1.134,1.3237,0.0392,1.25,0.17
M67,15.229,1.025,1.2038,0.0338,1.04,0.90
M67,15.237,1.108,1.2617,0.0342,0.98,0.87
M67,15.242,1.047,1.1188,0.0393,1.14,0.70
M67,15.247,1.106,1.2438,0.0318,1.00,0.61
M67,15.253,1.026,1.1368,0.0336,1.02,0.61
M67,15.258,1.022,1.2758,0.0364,1.12,0.44
M67,15.259,1.004,1.1689,0.0314,1.00,0.73
M67,15.261,1.033,1.1654,0.0337,0.99,0.92
M67,15.270,1.252,1.2054,0.0354,0.94,1.00
M67,15.272,1.022,1.1795,0.0350,0.95,0.43
M67,15.274,1.031,1.1742,0.0373,1.01,0.59
M67,15.285,0.883,0.9976,0.0362,1.00,0.17
M67,15.285,1.047,1.2061,0.0339,1.02,0.71
M67,15.289,1.116,1.1613,0.0443,1.32,0.33
M67,15.300,1.037,1.1489,0.0366,0.99,0.83
M67,15.309,1.025,1.1512,0.0339,1.13,0.48
M67,15.309,1.033,1.1528,0.0354,1.00,0.87
M67,15.312,1.060,1.1259,0.0352,1.16,0.44
M67,15.315,1.070,1.2309,0.0305,1.01,0.34
M67,15.315,1.036,1.1451,0.0362,1.06,0.54
M67,15.317,1.035,1.2260,0.0288,1.01,0.48
M67,15.319,1.046,1.2421,0.0332,1.02,0.45
M67,15.322,1.013,1.1389,0.0360,0.96,0.87
M67,15.324,1.160,1.1091,0.0368,1.04,0.59
M67,15.324,1.035,1.1966,0.0336,1.02,0.52
M67,15.329,1.078,1.1803,0.0322,1.06,0.53
M67,15.330,1.051,1.2249,0.0382,0.99,0.90
M67,15.331,1.043,1.1890,0.0338,0.97,1.00
M67,15.335,1.101,0.8358,0.0417,1.19,0.16
M67,15.336,1.247,1.1838,0.0339,1.01,0.66
M67,15.355,1.265,1.2580,0.0348,1.08,0.60
M67,15.359,1.057,1.1905,0.0372,0.96,0.82
M67,15.360,1.069,1.2205,0.0397,1.03,0.47
M67,15.363,1.148,1.2557,0.0425,1.29,0.23
M67,15.365,1.021,1.1370,0.0322,1.02,0.36
M67,15.369,1.054,1.1772,0.0333,1.03,0.62
M67,15.371,1.049,1.1937,0.0314,0.99,0.55
M67,15.373,1.044,1.1523,0.0369,1.00,0.51
M67,15.383,1.054,1.1474,0.0323,0.99,0.56
M67,15.385,1.060,1.2140,0.0344,1.00,0.69
M67,15.386,1.059,1.1499,0.0325,0.99,0.51
M67,15.392,1.050,1.1726,0.0335,1.00,0.44
M67,15.398,1.061,1.1575,0.0364,0.99,0.20
M67,15.399,1.065,1.1309,0.0349,0.95,0.45
M67,15.404,1.066,1.2875,0.0344,1.01,0.38
M67,15.412,1.054,1.2649,0.0349,0.93,0.39
M67,15.415,1.242,1.2073,0.0372,0.98,0.95
M67,15.419,1.051,1.2908,0.0346,0.93,0.54
M67,15.419,1.222,1.1755,0.0440,0.94,0.78
M67,15.426,1.066,1.2134,0.0353,1.07,0.43
M67,15.430,1.049,1.2411,0.0354,1.01,0.90
M67,15.433,1.083,1.1922,0.0382,1.01,0.28
M67,15.433,1.071,1.1527,0.0394,0.97,0.76
M67,15.435,1.044,1.2146,0.0349,1.00,0.18
M67,15.435,1.046,1.1666,0.0367,1.01,0.94
M67,15.436,1.298,1.2323,0.0361,1.07,0.99
M67,15.436,1.128,1.2130,0.0412,1.13,1.00
M67,15.444,1.294,1.2403,0.0450,1.21,1.00
M67,15.445,1.283,1.2633,0.0361,1.04,0.56
M67,15.454,1.142,1.1120,0.0338,1.02,0.25
M67,15.457,1.082,1.1552,0.0357,0.99,0.16
M67,15.458,1.353,1.2046,0.0338,0.93,0.93
M67,15.459,1.095,1.0799,0.0383,1.24,0.25
M67,15.461,1.093,1.2129,0.0358,1.03,0.80
M67,15.462,0.943,0.8991,0.0337,0.96,0.19
M67,15.465,1.070,1.1778,0.0388,1.01,0.89
M67,15.467,1.079,1.1907,0.0356,1.04,0.74
M67,15.467,1.262,1.1966,0.0397,1.00,0.81
M67,15.467,1.067,1.2213,0.0393,1.02,0.89
M67,15.467,1.095,0.8888,0.0460,1.48,0.25
M67,15.469,1.090,1.2529,0.0370,0.93,0.88
M67,15.470,1.211,1.7061,0.1829,5.64,0.21
M67,15.471,1.298,1.2226,0.0477,1.57,0.34
M67,15.473,1.117,1.2063,0.0337,1.02,0.26
M67,15.486,1.096,1.1935,0.0375,1.03,0.84
M67,15.488,1.451,1.2346,0.0378,1.06,1.00
M67,15.488,1.170,1.1842,0.0351,1.02,0.60
M67,15.490,1.129,1.1608,0.0342,0.95,0.62
M67,15.491,1.228,1.1557,0.0368,1.04,0.94
M67,15.496,1.168,1.1499,0.0327,0.96,0.40
M67,15.497,0.965,1.0470,0.0367,0.94,0.15
M67,15.497,1.092,1.2756,0.0355,1.01,0.59
M67,15.501,1.091,1.1229,0.0363,1.03,0.35
M67,15.503,1.263,1.2322,0.0445,1.17,0.51
M67,15.509,1.080,1.1108,0.0380,1.03,0.69
M67,15.509,1.088,1.2507,0.0352,0.99,0.61
M67,15.510,1.105,1.2019,0.0406,0.99,0.85
M67,15.517,1.093,1.1292,0.0384,0.95,0.21
M67,15.517,1.110,1.1166,0.0396,0.95,0.62
M67,15.520,1.100,1.1575,0.0372,0.95,0.43
M67,15.524,1.096,1.1511,0.0407,1.01,0.68
M67,15.525,1.095,1.1918,0.0366,0.96,0.32
M67,15.527,1.103,1.1587,0.0350,1.02,0.70
M67,15.533,1.092,1.1981,0.0398,1.03,0.79
M67,15.535,1.082,1.1880,0.0367,1.03,0.57
M67,15.536,1.096,1.1633,0.0437,1.12,0.61
M67,15.542,1.106,1.0963,0.0390,0.96,0.32
M67,15.545,1.292,1.1868,0.0373,1.07,0.42
M67,15.547,1.065,1.1745,0.0330,1.00,0.32
M67,15.548,1.296,1.1992,0.0501,1.27,0.51
M67,15.558,1.077,1.1535,0.0366,1.03,0.34
M67,15.563,1.124,1.2023,0.0352,0.94,0.75
M67,15.566,1.067,1.2290,0.0451,1.14,1.00
M67,15.567,1.332,1.1335,0.0366,1.05,0.53
M67,15.578,1.110,1.2888,0.0360,1.08,0.49
M67,15.593,1.249,1.2086,0.0381,0.95,0.24
M67,15.597,1.117,1.2629,0.0424,0.99,0.55
M67,15.611,1.102,1.1531,0.0390,1.04,0.52
M67,15.614,1.133,1.1933,0.0424,0.97,0.87
M67,15.614,1.101,1.0260,0.0405,1.17,0.38
M67,15.616,1.332,1.1815,0.0412,1.04,0.93
M67,15.616,1.107,1.1522,0.0432,1.01,0.51
M67,15.624,1.135,1.2060,0.0458,1.05,0.31
M67,15.630,1.053,1.1297,0.0415,0.99,0.15
M67,15.630,1.133,1.2287,0.0419,1.01,0.21
M67,15.632,1.418,1.1709,0.0424,0.99,0.53
M67,15.637,1.109,1.2130,0.0342,1.01,0.57
M67,15.646,1.171,1.1530,0.0468,1.29,0.21
M67,15.648,1.119,1.3006,0.0421,0.98,0.49
M67,15.650,1.357,1.1632,0.0611,1.52,0.64
M67,15.660,1.246,1.1416,0.0397,1.02,0.57
M67,15.664,1.148,1.1975,0.0436,1.00,0.96
M67,15.671,1.155,1.0425,0.0639,1.82,0.30
M67,15.678,1.149,1.1825,0.0372,0.96,0.71
M67,15.692,1.273,1.1966,0.0459,1.08,0.76
M67,15.692,1.133,1.1604,0.0386,1.02,0.38
M67,15.703,1.145,1.1593,0.0399,0.99,0.69
M67,15.706,1.120,1.1433,0.0404,1.07,0.53
M67,15.712,1.180,1.2277,0.0409,1.00,0.20
M67,15.715,1.264,1.2138,0.0419,1.03,0.56
M67,15.716,1.152,1.1702,0.0395,0.97,0.72
M67,15.720,1.332,1.2686,0.0537,1.32,0.33
M67,15.727,1.311,1.3158,0.0581,1.31,0.51
M67,15.729,1.160,1.2020,0.0407,1.01,0.53
M67,15.732,1.270,1.2061,0.0482,1.10,0.20
M67,15.765,1.414,1.1903,0.0443,0.98,1.00
M67,15.791,1.266,1.6864,0.1597,3.71,0.22
M67,15.808,1.275,1.3586,0.0448,1.22,0.19
M67,15.813,1.181,1.2018,0.0408,1.06,0.69
M67,15.815,1.176,1.2348,0.0452,1.05,0.49
M67,15.816,1.165,1.1722,0.0421,0.95,0.65
M67,15.819,1.421,1.1589,0.0465,1.00,0.50
M67,15.824,1.212,1.2223,0.0425,0.96,0.15
M67,15.831,1.167,1.2003,0.0398,1.01,0.63
M67,15.831,1.189,1.1607,0.0415,1.04,0.36
M67,15.832,1.402,1.2000,0.0437,0.96,0.70
M67,15.839,1.208,1.2346,0.0430,1.01,0.57
M67,15.843,1.220,1.1077,0.0438,1.09,0.42
M67,15.846,1.174,1.1516,0.0397,1.01,0.39
M67,15.848,1.253,1.1454,0.0521,0.99,0.72
M67,15.859,1.233,1.1751,0.0472,0.96,0.68
M67,15.861,1.384,1.1007,0.0430,1.01,0.44
M67,15.869,1.207,1.0813,0.0431,1.01,0.48
M67,15.870,1.203,1.2400,0.0420,1.00,0.82
M67,15.879,1.274,1.2721,0.0449,1.07,0.44
M67,15.881,1.331,1.2189,0.0441,1.03,0.72
M67,15.891,1.200,1.1731,0.0449,1.02,0.68
M67,15.905,1.191,1.1652,0.0446,1.03,0.64
M67,15.911,1.214,1.1047,0.0515,1.17,0.46
M67,15.915,1.195,1.2046,0.0419,0.96,0.63
M67,15.922,1.215,1.1901,0.0488,1.05,1.00
M67,15.923,1.258,1.1551,0.0458,1.06,0.84
M67,15.924,1.431,1.1081,0.0494,1.03,0.23
M67,15.925,1.269,1.1832,0.0454,1.04,0.94
M67,15.932,1.235,1.1912,0.0480,0.91,0.72
M67,15.932,1.212,1.1712,0.0426,1.05,0.68
M67,15.940,1.213,1.2341,0.0410,1.00,0.32
M67,15.945,1.225,1.1221,0.0444,0.96,0.46
M67,15.950,1.197,1.2465,0.0505,1.03,0.54
M67,15.962,1.289,1.2489,0.0458,1.07,0.24
M67,15.967,1.236,1.2011,0.0430,1.02,0.66
M67,15.968,1.200,1.2566,0.0491,0.98,0.37
M67,15.972,1.508,1.1791,0.0506,1.11,0.99
M67,15.972,1.492,1.1635,0.0475,1.01,0.80
M67,15.973,1.246,1.1724,0.0464,1.03,0.32
M67,15.983,1.407,1.2382,0.0504,0.93,0.84
M67,15.993,1.240,1.1711,0.0462,1.08,0.54
M67,15.993,1.240,1.2450,0.0492,1.01,0.49
M67,15.995,1.251,1.1108,0.0473,0.98,0.53
M67,15.996,1.254,1.3185,0.0450,1.00,0.35
M67,16.006,1.220,1.2106,0.0433,1.06,0.66
M67,16.008,1.262,1.1999,0.0560,1.15,1.00
M67,16.010,1.065,1.1556,0.0559,0.98,0.87
M67,16.020,1.225,1.2214,0.0476,1.03,0.64
M67,16.021,1.233,1.2227,0.0487,1.08,0.81
M67,16.028,1.265,1.2258,0.0514,1.03,0.55
M67,16.036,1.240,1.2602,0.0457,1.01,0.19
M67,16.039,1.259,1.1849,0.0484,0.99,0.82
M67,16.043,1.249,1.1854,0.0478,1.07,0.68
M67,16.056,1.275,1.1364,0.0518,0.97,0.23
M67,16.064,1.267,1.1728,0.0469,1.01,0.83
M67,16.072,1.262,1.2249,0.0532,0.99,0.47
M67,16.072,1.132,1.1295,0.0484,1.00,0.77
M67,16.072,1.265,1.2409,0.0421,0.96,0.37
M67,16.073,1.273,1.2566,0.0494,0.94,0.73
M67,16.075,1.241,1.1775,0.0473,1.02,0.39
M67,16.081,1.262,1.2869,0.0548,1.06,0.68
M67,16.087,1.335,1.1495,0.0484,1.00,0.51
M67,16.091,1.254,1.2973,0.0494,1.09,0.43
M67,16.095,1.282,1.1025,0.0555,1.03,0.21
M67,16.097,1.462,1.1974,0.0495,1.03,0.61
M67,16.108,1.536,1.1545,0.0558,0.95,0.96
M67,16.113,1.315,1.2088,0.0995,1.98,0.38
M67,16.114,1.298,1.1790,0.0539,1.03,0.48
M67,16.117,1.378,1.2569,0.0530,1.07,0.70
M67,16.125,1.298,1.2021,0.0463,0.96,0.52
M67,16.129,1.380,1.0317,0.0467,0.95,0.39
M67,16.133,1.278,1.2389,0.0552,1.07,0.70
M67,16.133,1.288,1.2313,0.0522,1.01,0.44
M67,16.134,1.665,1.0172,0.0500,1.04,0.36
M67,16.136,1.552,1.2068,0.0452,0.99,0.32
M67,16.146,1.260,1.0464,0.0493,0.97,0.24
M67,16.153,1.289,1.1407,0.0487,1.01,0.52
M67,16.160,1.282,1.2625,0.0512,1.00,0.31
M67,16.160,1.476,1.0264,0.0529,1.07,0.53
M67,16.163,1.286,1.1315,0.0511,0.98,0.62
M67,16.166,1.309,1.1128,0.0521,1.04,0.56
M67,16.172,1.319,1.1312,0.0537,1.02,0.41
M67,16.183,1.273,1.2147,0.0488,1.01,0.39
M67,16.184,1.353,0.7305,0.0784,1.50,0.27
M67,16.187,1.292,1.3250,0.0452,0.98,0.27
M67,16.190,1.315,1.2960,0.0567,0.95,0.37
M67,16.190,1.298,1.1763,0.0538,1.00,0.49
M67,16.198,1.312,1.1236,0.0473,0.95,0.29
M67,16.198,1.588,1.6229,0.0542,0.92,0.16
M67,16.206,1.322,1.1233,0.0574,0.95,0.67
M67,16.208,1.307,1.1653,0.0483,1.01,0.63
M67,16.212,1.463,1.1259,0.0536,1.03,0.60
M67,16.212,1.381,0.9149,0.1049,2.09,0.18
M67,16.221,1.585,1.0795,0.0550,0.95,0.59
M67,16.225,1.212,1.2013,0.0565,0.96,0.15
M67,16.233,1.311,1.0978,0.0527,1.05,0.38
M67,16.233,1.335,1.2555,0.0480,1.01,0.57
M67,16.236,1.328,0.9628,0.0495,1.09,0.33
M67,16.245,1.309,1.0718,0.0518,0.98,0.30
M67,16.246,1.572,1.3043,0.0543,1.00,0.55
M67,16.249,1.371,1.2376,0.0646,1.09,0.37
M67,16.251,1.315,1.1261,0.0585,1.01,0.85
M67,16.256,1.315,1.0713,0.0564,0.99,0.51
M67,16.257,1.335,1.2265,0.0507,1.01,0.28
M67,16.268,1.375,1.1596,0.0609,1.02,0.39
M67,16.271,1.187,0.9292,0.0516,1.03,0.15
M67,16.275,1.324,1.1178,0.0485,0.95,0.17
M67,16.279,1.373,1.1712,0.0537,0.98,0.17
M67,16.286,1.343,1.2085,0.0516,1.00,0.47
M67,16.287,1.596,1.1916,0.0570,0.96,0.59
M67,16.292,1.525,1.1527,0.0531,1.08,0.73
M67,16.300,1.339,0.9989,0.0585,0.99,0.55
M67,16.304,1.606,1.1555,0.0615,0.96,0.93
M67,16.309,1.352,1.2643,0.0567,0.94,0.57
M67,16.310,1.359,1.1503,0.0482,1.03,0.37
M67,16.310,1.326,1.1110,0.0550,0.96,0.60
M67,16.311,1.344,1.2245,0.0609,0.97,0.97
M67,16.313,1.392,1.1324,0.0550,0.99,0.32
M67,16.316,1.392,1.0786,0.0601,1.01,0.62
M67,16.323,1.544,1.5057,0.0638,1.04,0.19
M67,16.329,1.342,1.2252,0.0560,1.13,0.55
M67,16.334,1.359,1.1729,0.0564,0.99,0.87
M67,16.340,1.337,1.1439,0.0560,1.03,0.68
M67,16.349,1.508,1.1101,0.0568,1.03,0.63
M67,16.350,1.384,1.3793,0.0676,1.16,0.42
M67,16.358,1.370,1.0647,0.0566,1.01,0.39
M67,16.364,1.411,1.2947,0.0513,0.91,0.49
M67,16.365,1.381,1.1322,0.0519,1.01,0.72
M67,16.366,1.376,1.2023,0.0571,0.98,0.97
M67,16.369,1.505,1.2688,0.0568,1.03,0.42
M67,16.373,1.505,1.1764,0.0581,0.99,0.41
M67,16.380,1.655,1.1996,0.0608,0.99,0.87
M67,16.383,1.428,1.1919,0.0624,1.00,0.28
M67,16.387,1.378,1.1448,0.0548,0.98,0.59
M67,16.387,1.387,1.2370,0.0512,1.01,0.36
M67,16.402,1.423,1.1478,0.0609,1.14,0.29
M67,16.402,1.578,1.1302,0.0716,1.12,0.18
M67,16.403,1.395,1.2193,0.0564,0.97,0.56
M67,16.404,1.409,0.8479,0.0595,1.21,0.15
M67,16.410,1.664,1.0757,0.0636,1.02,0.51
M67,16.418,1.484,1.1634,0.0739,1.06,0.26
M67,16.421,1.376,1.2618,0.0548,1.00,0.24
M67,16.430,1.370,1.1570,0.0611,1.11,0.71
M67,16.435,1.397,1.0839,0.0620,0.98,0.32
M67,16.438,1.402,1.2048,0.0532,1.03,0.53
M67,16.447,1.437,1.1762,0.0547,0.97,0.38
M67,16.461,1.521,1.2314,0.0598,1.05,0.44
M67,16.481,1.393,1.2057,0.0570,1.10,0.79
M67,16.482,1.410,1.1809,0.0544,0.92,0.76
M67,16.487,1.423,1.2678,0.0574,1.01,0.60
M67,16.487,1.433,1.1885,0.0619,0.96,0.48
M67,16.493,1.435,1.1261,0.0608,1.01,0.38
M67,16.493,1.629,1.0337,0.0550,1.00,0.30
M67,16.494,1.411,1.2452,0.0585,1.05,0.32
M67,16.500,1.536,1.4969,0.1044,1.76,0.29
M67,16.503,1.700,1.2934,0.0594,1.03,0.27
M67,16.507,1.455,1.1790,0.0569,1.00,0.43
M67,16.511,1.398,1.1785,0.0575,0.99,0.33
M67,16.515,1.416,1.1538,0.0623,0.99,0.45
M67,16.535,1.410,1.1379,0.0570,0.98,0.41
M67,16.544,1.447,1.2246,0.0663,0.99,0.66
M67,16.547,1.447,1.1396,0.0617,1.02,0.58
M67,16.550,1.455,1.1808,0.0662,0.98,0.75
M67,16.556,1.695,1.3281,0.0619,1.04,0.31
M67,16.556,1.416,1.1665,0.0561,0.99,0.40
M67,16.559,1.421,1.2254,0.0605,0.97,0.27
M67,16.563,1.717,1.1128,0.0644,0.99,0.38
M67,16.569,1.517,1.1706,0.0568,0.98,0.80
M67,16.569,1.434,1.1855,0.0685,0.98,0.59
M67,16.576,1.461,1.2271,0.0677,0.93,0.65
M67,16.584,1.446,1.1858,0.0671,0.99,0.94
M67,16.588,1.483,0.9684,0.0707,1.14,0.23
M67,16.590,1.464,1.2341,0.0639,0.98,0.48
M67,16.604,1.428,1.1310,0.0661,1.00,1.00
M67,16.610,1.451,1.0772,0.0632,1.00,0.37
M67,16.612,1.530,1.2823,0.0692,1.04,0.62
M67,16.614,0.915,0.4913,0.0626,1.02,0.16
M67,16.619,1.462,1.2657,0.0686,1.02,0.70
M67,16.619,1.606,1.1788,0.0592,1.06,0.67
M67,16.622,1.560,1.2101,0.0703,1.07,0.16
M67,16.626,1.509,1.1774,0.0571,1.02,0.57
M67,16.645,1.444,1.2704,0.0586,1.04,0.50
M67,16.645,1.777,1.0664,0.0668,0.92,0.39
M67,16.646,1.668,1.1335,0.0673,0.97,0.56
M67,16.648,1.461,1.1487,0.0601,0.99,0.20
M67,16.652,1.477,1.1763,0.0675,1.06,0.91
M67,16.656,1.514,1.2019,0.0702,1.02,0.45
M67,16.660,1.281,1.0327,0.0615,1.01,0.21
M67,16.662,1.825,1.2347,0.0726,0.90,0.59
M67,16.669,1.475,1.2424,0.0644,1.03,0.55
M67,16.670,1.472,1.3507,0.0628,1.00,0.27
M67,16.674,1.479,1.1258,0.0661,1.00,0.16
M67,16.674,1.528,1.2351,0.0743,1.06,0.45
M67,16.680,1.769,1.1206,0.0660,0.98,0.78
M67,16.683,1.507,1.1453,0.0699,1.04,0.62
M67,16.685,1.494,1.1958,0.0670,1.03,0.58
M67,16.687,1.618,1.0234,0.0642,0.97,0.44
M67,16.693,1.636,1.1317,0.0623,0.95,0.56
M67,16.694,1.479,1.2300,0.0610,1.00,0.59
M67,16.698,1.468,1.1982,0.0602,1.01,0.17
M67,16.698,1.514,1.1486,0.0673,0.98,0.78
M67,16.704,1.582,1.0495,0.0614,1.03,0.50
M67,16.710,1.700,1.1024,0.0585,1.00,0.38
M67,16.715,1.519,1.2372,0.0656,1.00,0.83
M67,16.717,1.603,1.1491,0.0726,1.10,0.27
M67,16.722,1.513,1.0853,0.0619,0.95,0.33
M67,16.728,1.536,1.1529,0.0681,1.08,0.15
M67,16.732,1.456,1.1611,0.0713,1.07,0.30
M67,16.734,1.495,1.2503,0.0692,0.95,0.63
M67,16.745,1.519,1.3542,0.0606,0.99,0.29
M67,16.749,1.538,1.3436,0.0752,1.06,0.41
M67,16.749,1.524,1.2658,0.0624,1.02,0.21
M67,16.752,1.527,1.2745,0.0801,1.00,0.27
M67,16.758,1.523,1.0789,0.0749,1.03,0.29
M67,16.762,1.522,1.1481,0.0680,0.99,0.68
M67,16.768,1.541,1.1526,0.0752,1.06,0.73
M67,16.768,1.533,1.3142,0.0660,1.01,0.27
M67,16.771,1.568,1.2283,0.0680,0.96,0.57
M67,16.776,1.574,1.2149,0.0662,0.99,0.71
M67,16.776,1.509,1.1027,0.0655,1.00,0.58
M67,16.781,1.506,1.1790,0.0686,1.04,0.63
M67,16.799,1.546,1.2261,0.0708,1.05,0.50
M67,16.823,1.546,1.1740,0.0689,0.99,0.76
M67,16.823,1.576,1.1838,0.0686,0.98,0.88
M67,16.829,1.560,1.2521,0.0853,0.97,0.62
M67,16.831,1.571,1.2540,0.0695,0.98,0.19
M67,16.836,1.543,1.2018,0.0712,0.98,0.38
M67,16.844,1.552,1.2694,0.0857,1.02,0.55
M67,16.857,1.569,1.0933,0.0671,0.96,0.38
M67,16.886,1.560,1.1169,0.0657,0.99,0.29
M67,16.889,1.586,1.2371,0.0855,0.98,0.24
M67,16.896,1.564,1.1490,0.0827,1.03,0.94
M67,16.898,1.572,1.1577,0.0811,0.96,0.82
M67,16.908,1.141,0.8269,0.0763,1.02,0.22
M67,16.910,1.657,1.1660,0.0688,1.07,0.65
M67,16.911,1.549,1.2796,0.0821,0.95,0.23
M67,16.932,1.595,1.2848,0.0740,0.99,0.58
M67,16.947,1.612,1.0757,0.0885,1.04,0.47
M67,16.950,1.669,1.0504,0.0884,0.96,0.41
M67,16.955,1.591,1.2577,0.0773,1.01,0.70
M67,16.957,1.861,1.0142,0.0932,1.04,0.55
M67,16.959,1.541,1.0926,0.0840,0.99,0.16
M67,16.968,1.592,1.2176,0.0723,1.03,0.49
M67,16.968,1.610,1.3412,0.0876,1.06,0.38
M67,16.982,1.628,1.1650,0.0721,0.99,0.80
M67,16.989,1.629,1.1201,0.0881,1.06,0.31
M67,16.990,1.730,1.2789,0.0706,1.02,0.46
M67,16.993,1.924,1.1939,0.0984,1.05,0.36
M67,17.001,1.621,1.2155,0.0759,1.06,0.54
M67,17.003,1.617,1.1113,0.0854,1.02,0.49
M67,17.005,1.624,1.0911,0.0802,1.02,0.49
M67,17.006,1.626,1.2017,0.0810,0.99,0.35
M67,17.012,1.881,1.2905,0.0861,1.00,0.62
M67,17.013,1.729,1.0178,0.0834,1.02,0.39
M67,17.017,1.607,1.2538,0.0737,1.04,0.38
M67,17.029,1.618,1.1128,0.0786,0.95,0.57
M67,17.031,1.824,1.0897,0.0737,0.96,0.54
M67,17.032,1.611,1.1659,0.0859,1.03,0.98
M67,17.045,1.635,1.2326,0.0781,1.03,0.39
M67,17.047,1.655,1.0872,0.0785,1.03,0.74
M67,17.048,1.610,1.1208,0.0806,0.97,0.61
M67,17.049,1.653,1.0998,0.0768,1.01,0.46
M67,17.055,1.630,1.2062,0.0776,1.09,0.67
M67,17.056,1.641,1.1531,0.0827,0.95,0.69
M67,17.063,1.729,1.2707,0.0934,1.06,0.84
M67,17.063,1.637,1.3911,0.0816,0.95,0.34
M67,17.066,1.662,1.2142,0.0760,1.02,0.35
M67,17.071,1.641,1.1863,0.0876,1.02,0.40
M67,17.071,1.973,1.1477,0.0892,1.09,0.70
M67,17.074,1.668,1.1454,0.0817,1.01,0.86
M67,17.074,1.658,1.2085,0.0887,0.96,0.24
M67,17.082,1.738,1.2782,0.0830,0.98,0.67
M67,17.091,1.742,1.1209,0.0827,1.04,0.38
M67,17.091,1.618,1.3303,0.0975,1.03,0.51
M67,17.112,1.650,1.0839,0.0901,0.97,0.51
M67,17.120,1.876,1.0934,0.0882,1.08,0.42
M67,17.125,1.645,1.1311,0.0850,1.05,0.85
M67,17.126,1.952,1.1342,0.0830,1.04,0.60
M67,17.128,1.685,1.2116,0.0820,1.02,0.18
M67,17.128,1.849,1.4339,0.0762,1.02,0.18
M67,17.150,1.953,1.2318,0.0856,1.01,0.61
M67,17.154,1.675,1.1550,0.0895,0.94,0.46
M67,17.158,1.935,1.1409,0.0837,1.12,0.51
M67,17.161,1.665,1.1366,0.0827,1.04,0.42
M67,17.165,1.804,1.2910,0.0884,1.03,0.37
M67,17.167,1.676,1.1801,0.0776,0.99,0.59
M67,17.173,1.707,1.2854,0.0893,0.97,0.37
M67,17.180,1.833,0.8764,0.1062,1.31,0.18
M67,17.182,1.700,1.1402,0.1059,1.00,0.94
M67,17.197,2.052,1.0324,0.0849,1.06,0.47
M67,17.209,1.695,1.1735,0.0820,1.00,0.64
M67,17.211,1.708,0.9886,0.0886,1.00,0.38
M67,17.226,1.681,1.0440,0.0903,1.02,0.54
M67,17.226,1.675,1.1504,0.0872,1.01,0.34
M67,17.229,1.704,1.1144,0.0923,0.95,0.34
M67,17.229,1.706,1.0573,0.0896,1.07,0.43
M67,17.234,1.699,1.2224,0.0918,1.00,0.49
M67,17.235,1.707,1.1701,0.0959,0.99,0.51
M67,17.244,1.701,1.4593,0.0828,1.00,0.36
M67,17.247,1.707,1.2544,0.0914,1.03,0.57
M67,17.249,1.767,1.1928,0.1002,0.97,0.16
M67,17.252,1.722,1.1388,0.0957,1.05,0.86
M67,17.254,1.700,1.2851,0.0842,0.98,0.48
M67,17.256,1.730,1.1686,0.0951,0.93,0.53
M67,17.267,1.736,1.1110,0.0943,1.03,0.44
M67,17.279,1.710,1.1842,0.1011,0.95,0.74
M67,17.282,1.743,1.0800,0.0955,1.08,0.58
M67,17.290,1.677,1.2366,0.0949,1.11,0.33
M67,17.290,1.762,1.1098,0.1007,0.94,0.63
M67,17.291,1.862,1.3837,0.0951,0.98,0.48
M67,17.293,1.804,1.2027,0.0880,0.95,0.48
M67,17.295,1.751,1.1067,0.0913,0.99,0.35
M67,17.295,1.278,0.7877,0.0859,0.99,0.18
M67,17.299,1.793,1.3682,0.0864,1.00,0.36
M67,17.300,1.718,1.2401,0.0981,1.00,0.50
M67,17.302,1.698,1.1140,0.0976,1.02,0.56
M67,17.302,1.841,1.3362,0.0962,1.03,0.50
M67,17.324,1.654,1.0744,0.0894,1.02,0.33
M67,17.327,1.753,1.2156,0.1013,1.06,0.76
M67,17.330,1.969,1.2461,0.0928,1.05,0.36
M67,17.333,2.131,1.2122,0.1015,1.10,0.55
M67,17.341,1.833,0.9188,0.1080,1.09,0.30
M67,17.345,1.734,1.2302,0.0931,1.01,0.59
M67,17.345,1.736,1.2699,0.0917,0.97,0.20
M67,17.350,1.945,1.1175,0.1218,1.19,0.51
M67,17.353,1.730,1.3014,0.0896,1.00,0.39
M67,17.356,1.763,1.2157,0.0961,0.91,0.59
M67,17.368,1.748,1.3617,0.1121,0.96,0.42
M67,17.372,1.918,1.1263,0.1117,1.07,0.69
M67,17.374,1.742,1.0855,0.1047,1.07,0.62
M67,17.385,1.781,1.1688,0.0970,1.03,0.43
M67,17.396,1.798,1.3379,0.1120,0.97,0.39
M67,17.401,1.835,1.1671,0.0986,1.02,0.65
M67,17.407,1.769,1.2750,0.0932,1.00,0.31
M67,17.410,1.784,1.2414,0.0903,1.03,0.20
M67,17.413,2.044,1.2709,0.0997,1.00,0.36
M67,17.418,1.791,1.0807,0.1185,1.05,0.17
M67,17.419,2.258,0.9995,0.0995,1.02,0.49
M67,17.426,1.804,1.2016,0.0970,1.00,0.62
M67,17.432,2.018,1.0819,0.0959,1.07,0.44
M67,17.433,1.793,1.0425,0.1089,1.14,0.52
M67,17.443,1.804,1.2997,0.0986,1.09,0.50
M67,17.447,1.810,1.1898,0.1052,0.93,0.48
M67,17.451,2.047,1.0394,0.0972,0.99,0.24
M67,17.454,2.048,1.1658,0.1158,0.97,0.78
M67,17.459,1.790,1.3473,0.0999,0.99,0.42
M67,17.464,1.807,1.3259,0.1050,1.04,0.40
M67,17.470,1.811,1.3090,0.1014,0.99,0.16
M67,17.470,1.804,1.1997,0.1075,0.99,0.44
M67,17.476,1.859,1.4976,0.1069,1.01,0.19
M67,17.476,2.250,0.9878,0.1049,1.01,0.45
M67,17.483,1.822,1.1582,0.1056,1.03,0.96
M67,17.485,1.829,1.0373,0.1009,1.04,0.51
M67,17.502,1.863,1.1775,0.1029,0.95,0.41
M67,17.503,2.042,1.2365,0.1081,0.97,0.37
M67,17.503,1.782,1.2887,0.1019,1.04,0.51
M67,17.507,1.874,1.2383,0.0982,1.08,0.21
M67,17.509,1.928,1.2228,0.0959,0.99,0.38
M67,17.512,1.957,1.2530,0.0944,1.00,0.53
M67,17.512,2.033,1.1008,0.1096,1.05,0.36
M67,17.512,2.021,1.2116,0.1190,1.04,0.62
M67,17.512,1.820,1.0793,0.0958,1.01,0.42
M67,17.517,2.166,1.1346,0.1126,0.99,0.52
M67,17.524,1.886,1.2123,0.1044,0.99,0.17
M67,17.526,1.539,0.8832,0.1145,1.11,0.15
M67,17.534,2.014,1.2344,0.1156,1.00,0.46
M67,17.541,1.933,1.2796,0.1076,0.99,0.45
M67,17.542,1.848,1.2757,0.1120,0.97,0.64
M67,17.544,1.779,1.0456,0.1083,1.01,0.39
M67,17.552,1.825,1.0458,0.0956,0.98,0.30
M67,17.553,2.156,1.0696,0.1149,0.98,0.42
M67,17.563,1.841,1.3176,0.0902,0.93,0.22
M67,17.568,1.838,1.2914,0.1229,1.02,0.27
M67,17.576,1.869,1.1837,0.1218,1.02,0.57
M67,17.577,1.839,1.1832,0.1092,0.91,0.20
M67,17.582,1.803,1.2722,0.0985,0.94,0.45
M67,17.582,1.859,1.1813,0.1015,0.98,0.37
M67,17.584,1.815,1.1771,0.1067,1.06,0.21
M67,17.586,1.898,1.2676,0.0978,1.00,0.43
M67,17.588,1.852,1.0281,0.1004,1.04,0.32
M67,17.601,1.782,1.1594,0.1196,1.00,0.67
M67,17.611,1.826,1.2224,0.1006,1.00,0.54
M67,17.611,1.873,1.1370,0.0997,0.99,0.67
M67,17.619,1.989,0.9534,0.1208,1.02,0.41
M67,17.622,1.843,1.0388,0.1007,1.05,0.39
M67,17.624,1.807,1.1785,0.1188,0.99,0.83
M67,17.627,1.830,1.2706,0.1008,0.95,0.50
M67,17.630,1.839,1.2063,0.1047,1.05,0.57
M67,17.635,1.866,0.8722,0.1148,0.95,0.25
M67,17.637,2.096,1.2079,0.1152,0.94,0.96
M67,17.646,1.998,1.3419,0.1309,1.02,0.40
M67,17.648,1.865,1.1891,0.1109,1.06,0.70
M67,17.653,1.875,1.2174,0.1271,0.97,0.17
M67,17.668,1.853,1.0377,0.1555,1.05,0.22
M67,17.669,2.106,1.2259,0.1223,1.03,0.65
M67,17.683,1.897,1.0660,0.1195,0.97,0.49
M67,17.688,2.058,1.1413,0.1186,1.03,0.45
M67,17.691,1.851,1.2176,0.1164,1.06,0.63
M67,17.703,1.901,1.2856,0.1036,0.99,0.44
M67,17.719,2.189,1.3614,0.1154,1.00,0.39
M67,17.727,2.054,1.0536,0.1305,1.00,0.43
M67,17.733,1.905,1.1460,0.1234,1.05,0.64
M67,17.734,1.898,0.8812,0.1072,0.97,0.27
M67,17.736,2.213,0.9404,0.1268,1.03,0.42
M67,17.737,1.912,1.0950,0.1231,1.11,0.51
M67,17.738,1.940,1.3134,0.1113,0.98,0.45
M67,17.741,1.893,1.3168,0.1312,1.00,0.38
M67,17.742,2.210,1.1019,0.1231,0.96,0.40
M67,17.757,1.973,1.2052,0.1323,1.04,0.90
M67,17.761,1.882,1.0770,0.1194,1.01,0.15
M67,17.762,1.971,1.2404,0.1219,1.03,0.51
M67,17.782,2.012,1.2175,0.1158,1.01,0.59
M67,17.783,2.229,0.9045,0.1176,1.01,0.31
M67,17.791,2.091,1.3557,0.1268,1.01,0.43
M67,17.792,1.970,1.0710,0.1358,1.04,0.41
M67,17.798,1.935,1.2360,0.1284,1.01,0.77
M67,17.798,1.910,1.2387,0.1318,0.98,0.64
M67,17.799,1.934,1.1722,0.1121,1.02,0.75
M67,17.804,1.856,1.2175,0.1048,0.96,0.57
M67,17.806,2.293,0.9989,0.1396,1.03,0.50
M67,17.813,1.913,1.3925,0.1217,1.02,0.37
M67,17.814,1.857,1.3704,0.1109,1.05,0.33
M67,17.822,1.937,0.9522,0.1332,0.98,0.48
M67,17.824,2.104,1.2747,0.1313,1.03,0.58
M67,17.830,1.941,1.2248,0.1091,1.00,0.40
M67,17.831,2.090,0.9602,0.1328,1.00,0.39
M67,17.833,2.214,1.2589,0.1181,1.03,0.15
M67,17.834,1.995,1.2826,0.1095,0.99,0.38
M67,17.848,1.949,1.4402,0.1344,1.01,0.20
M67,17.850,2.161,1.3509,0.1298,1.02,0.24
M67,17.851,1.883,1.2114,0.1380,1.11,0.63
M67,17.851,1.964,1.1847,0.1289,1.05,0.53
M67,17.852,2.197,1.1539,0.1151,1.00,0.59
M67,17.864,1.922,1.1434,0.1190,1.01,0.48
M67,17.864,1.913,1.2259,0.1152,1.04,0.40
M67,17.867,2.005,1.0526,0.1340,0.99,0.44
M67,17.872,1.934,1.0084,0.1400,0.98,0.31
M67,17.873,1.927,1.0623,0.1332,1.02,0.50
M67,17.874,1.932,1.1129,0.1485,1.04,0.58
M67,17.875,2.227,1.0102,0.1473,1.11,0.30
M67,17.880,2.097,1.1928,0.1188,0.96,0.49
M67,17.881,1.950,1.0944,0.1238,1.03,0.29
M67,17.884,2.037,1.2285,0.1381,1.08,0.69
M67,17.885,2.017,1.1341,0.1348,1.06,0.47
M67,17.889,1.987,1.0810,0.1226,1.00,0.37
M67,17.890,1.898,1.2440,0.1213,0.97,0.40
M67,17.905,2.249,1.2586,0.1441,0.99,0.51
M67,17.906,1.940,1.2519,0.1264,0.99,0.65
M67,17.916,2.003,1.3952,0.1676,1.02,0.20
M67,17.916,1.992,1.0830,0.1332,1.05,0.34
M67,17.918,2.092,1.0441,0.1253,0.93,0.20
M67,17.930,1.968,0.9517,0.1424,0.99,0.29
M67,17.937,1.973,1.4071,0.1273,1.02,0.43
M67,17.938,2.063,1.2483,0.1526,0.99,0.35
M67,17.940,2.017,1.2228,0.1457,1.05,0.19
M67,17.940,2.168,1.3897,0.1200,1.03,0.25
M67,17.943,1.995,1.3630,0.1599,1.13,0.43
M67,17.944,1.949,1.2443,0.1477,0.98,0.68
M67,17.946,2.008,1.1880,0.1467,0.99,0.96
M67,17.954,2.068,1.2773,0.1416,0.96,0.46
M67,17.956,2.005,1.3621,0.1506,1.03,0.35
M67,17.986,2.029,1.0742,0.1241,1.04,0.41
M67,17.988,1.873,1.2188,0.1427,1.03,0.59
M67,17.992,2.323,1.4205,0.1345,1.05,0.35
M67,17.994,1.974,1.4164,0.1474,1.01,0.38
M67,17.997,2.065,1.5490,0.1457,1.04,0.16
M67,17.997,1.986,1.0111,0.1506,1.00,0.51
M67,18.009,2.272,1.1773,0.1503,0.97,0.52
M67,18.009,1.991,0.8284,0.1543,1.09,0.15
M67,18.012,2.116,1.2698,0.1854,1.07,0.19
M67,18.016,2.024,1.1883,0.1423,1.05,0.17
M67,18.018,2.040,1.4901,0.1412,1.03,0.27
M67,18.021,1.988,1.1414,0.1432,1.01,0.34
M67,18.033,2.029,1.0829,0.1562,1.02,0.56
M67,18.034,2.012,1.2939,0.1357,0.96,0.27
M67,18.034,2.247,1.0677,0.1321,0.99,0.47
M67,18.037,2.066,1.1879,0.1340,1.00,0.73
M67,18.040,2.089,1.4083,0.1367,0.98,0.42
M67,18.043,1.985,1.3717,0.1611,0.99,0.25
M67,18.044,2.276,1.4005,0.1527,1.01,0.42
M67,18.047,2.033,1.3341,0.1479,1.00,0.39
M67,18.049,2.081,1.1489,0.1453,0.98,0.60
M67,18.060,2.017,1.3900,0.1463,1.03,0.42
M67,18.064,2.058,1.1976,0.1508,1.08,0.56
M67,18.066,1.955,1.2353,0.1527,0.98,0.63
M67,18.068,1.994,1.3142,0.1331,1.01,0.36
M67,18.073,2.048,1.4142,0.1339,1.02,0.22
M67,18.085,1.976,0.9623,0.1560,1.01,0.47
M67,18.087,1.994,1.2717,0.1330,1.02,0.52
M67,18.088,1.967,1.0993,0.1405,1.03,0.45
M67,18.092,1.984,1.1527,0.1350,1.03,0.26
M67,18.092,2.063,0.9017,0.1555,1.01,0.23
M67,18.102,2.026,1.0174,0.1750,1.00,0.24
M67,18.113,1.979,1.3914,0.1500,0.93,0.44
M67,18.120,2.338,1.0273,0.1442,1.00,0.27
M67,18.120,2.007,1.2955,0.1419,0.93,0.28
M67,18.122,2.128,1.0601,0.1475,0.97,0.45
M67,18.124,2.110,1.1463,0.1335,1.02,0.41
M67,18.125,2.007,0.8954,0.1595,1.02,0.25
M67,18.130,2.060,1.2944,0.1460,1.03,0.46
M67,18.137,2.061,1.0979,0.1654,1.05,0.32
M67,18.137,2.304,1.2443,0.1459,0.95,0.34
M67,18.138,1.866,0.9897,0.1726,1.01,0.17
M67,18.140,2.012,1.2528,0.1569,1.03,0.47
M67,18.162,2.255,1.2417,0.1594,0.95,0.25
M67,18.165,2.451,1.6300,0.1498,1.07,0.20
M67,18.167,2.069,1.0137,0.1528,0.97,0.44
M67,18.168,2.068,1.2929,0.1343,0.99,0.44
M67,18.169,2.093,1.1119,0.1640,0.99,0.58
M67,18.171,2.337,1.0956,0.1546,1.05,0.53
M67,18.171,1.966,1.5118,0.1621,1.01,0.23
M67,18.175,2.023,0.9452,0.1414,0.98,0.25
M67,18.175,1.449,0.7009,0.1512,1.04,0.15
M67,18.176,2.146,1.2655,0.1573,0.98,0.16
M67,18.177,2.057,1.2414,0.1634,0.98,0.21
M67,18.177,2.031,0.9449,0.1647,1.00,0.34
M67,18.180,2.280,1.1210,0.1524,1.03,0.32
M67,18.189,2.094,1.1602,0.1672,1.02,0.20
M67,18.191,2.269,1.1674,0.1482,1.00,0.84
M67,18.196,2.023,0.9950,0.1594,1.03,0.38
M67,18.205,2.096,1.1618,0.1514,1.02,0.65
M67,18.206,1.876,1.0918,0.1731,1.05,0.50
M67,18.207,2.249,1.2330,0.1724,1.10,0.46
M67,18.213,2.074,1.6352,0.1547,1.03,0.27
M67,18.217,2.088,1.1727,0.1563,0.99,0.15
M67,18.220,2.099,1.0358,0.1611,1.05,0.42
M67,18.221,2.176,1.2911,0.1665,0.99,0.38
M67,18.228,2.028,1.4933,0.1572,0.99,0.30
M67,18.230,2.034,1.2929,0.1795,0.97,0.46
M67,18.231,2.120,1.2101,0.1642,1.01,0.18
M67,18.239,2.473,1.5408,0.1704,1.01,0.33
M67,18.242,2.039,1.4106,0.1679,0.96,0.36
M67,18.242,2.200,1.3162,0.1468,0.97,0.32
M67,18.242,2.394,1.0858,0.1616,1.04,0.49
M67,18.243,2.147,1.2421,0.1525,0.93,0.44
M67,18.248,1.979,1.1856,0.1569,1.02,0.58
M67,18.248,2.332,1.3014,0.1981,1.00,0.30
M67,18.252,2.261,1.1240,0.1510,0.99,0.45
M67,18.260,2.140,0.9449,0.1551,1.02,0.30
M67,18.264,2.072,0.9812,0.1883,1.06,0.16
M67,18.269,2.066,1.0011,0.1560,0.96,0.33
M67,18.285,2.063,1.0702,0.1565,0.98,0.50
M67,18.291,2.032,1.2622,0.1610,1.06,0.56
M67,18.291,2.080,1.2086,0.1578,1.04,0.17
M67,18.293,2.314,1.3664,0.1800,1.08,0.18
M67,18.302,2.090,0.9922,0.1537,0.98,0.39
M67,18.303,2.176,1.3652,0.1544,1.00,0.23
M67,18.313,2.045,1.2339,0.1674,0.99,0.36
M67,18.316,2.055,0.9770,0.1834,1.03,0.54
M67,18.317,1.829,2.0243,0.1716,1.13,0.17
M67,18.318,2.137,1.4190,0.1607,1.02,0.30
M67,18.320,2.106,1.3016,0.1922,0.94,0.33
M67,18.321,2.266,1.3184,0.1973,0.96,0.15
M67,18.324,2.153,1.2019,0.1781,1.03,0.78
M67,18.328,2.186,1.3808,0.1520,0.99,0.35
M67,18.330,2.015,1.0078,0.1883,0.98,0.40
M67,18.351,2.424,1.1381,0.1481,1.04,0.50
M67,18.352,2.351,1.3747,0.2023,1.09,0.33
M67,18.354,2.322,1.1964,0.1595,0.98,0.61
M67,18.360,2.164,1.4525,0.1799,1.02,0.33
M67,18.367,2.071,0.8048,0.1598,1.00,0.25
M67,18.367,2.134,1.2730,0.1714,1.05,0.37
M67,18.368,2.271,1.0568,0.2164,1.07,0.32
M67,18.373,1.995,1.1472,0.1662,0.99,0.66
M67,18.375,2.531,1.2542,0.1864,1.10,0.71
M67,18.406,1.465,1.5025,0.2181,1.00,0.31
M67,18.415,2.367,0.9921,0.1738,1.00,0.18
M67,18.432,2.253,0.9636,0.1810,0.98,0.20
M67,18.436,2.149,1.3096,0.1820,1.00,0.29
M67,18.437,2.263,1.1102,0.1853,0.94,0.84
M67,18.443,2.433,1.3709,0.1715,0.99,0.33
M67,18.445,2.032,0.9063,0.1691,1.02,0.26
M67,18.446,2.121,1.1251,0.1854,0.98,0.33
M67,18.447,2.242,1.0280,0.1987,0.99,0.15
M67,18.447,2.139,0.9767,0.1948,1.02,0.27
M67,18.447,2.225,1.4442,0.2004,1.02,0.22
M67,18.451,2.446,0.7299,0.1783,1.01,0.27
M67,18.454,2.114,1.2192,0.1706,1.01,0.44
M67,18.459,2.095,1.0713,0.1965,1.02,0.36
M67,18.459,2.173,1.1479,0.1871,1.06,0.69
M67,18.463,2.342,1.6440,0.1873,1.00,0.24
M67,18.465,2.437,0.9560,0.1917,1.01,0.21
M67,18.468,2.315,0.9242,0.1959,1.03,0.37
M67,18.471,2.144,1.1886,0.2120,0.98,0.84
M67,18.474,2.087,1.3629,0.1671,0.96,0.34
M67,18.478,2.211,0.8732,0.1985,1.07,0.27
M67,18.478,2.443,1.2693,0.1863,1.01,0.47
M67,18.506,2.220,1.4043,0.1788,1.07,0.26
M67,18.507,2.193,1.1157,0.1928,1.02,0.38
M67,18.508,2.253,1.3066,0.1910,1.04,0.43
M67,18.511,2.412,1.0750,0.1714,0.90,0.38
M67,18.512,2.360,1.5013,0.2098,0.98,0.20
M67,18.522,2.168,1.3807,0.1712,1.00,0.19
M67,18.526,2.070,1.1280,0.1968,0.99,0.50
M67,18.527,2.386,0.7807,0.2473,1.12,0.26
M67,18.528,2.181,1.1436,0.1927,1.03,0.55
M67,18.539,2.232,0.8507,0.2220,1.05,0.23
M67,18.541,2.184,0.7012,0.2089,1.02,0.16
M67,18.551,2.096,1.2989,0.1740,0.94,0.27
M67,18.553,2.082,1.2858,0.2655,1.01,0.22
M67,18.553,1.661,0.7582,0.1892,1.01,0.17
M67,18.553,1.475,0.5042,0.1878,1.03,0.19
M67,18.553,2.243,1.3471,0.2171,1.03,0.37
M67,18.557,2.274,1.0625,0.2020,0.97,0.65
M67,18.561,2.093,0.9163,0.2550,1.05,0.18
M67,18.575,2.148,1.4369,0.2062,1.01,0.31
M67,18.579,2.444,1.4674,0.1796,0.99,0.30
M67,18.581,2.223,1.2373,0.1799,0.99,0.38
M67,18.583,2.391,1.0732,0.1812,1.00,0.30
M67,18.584,2.170,1.4543,0.1885,1.01,0.17
M67,18.587,2.170,1.0200,0.2377,1.04,0.32
M67,18.590,2.161,1.5582,0.2393,1.07,0.30
M67,18.590,2.220,1.1073,0.2108,1.02,0.28
M67,18.594,2.043,1.3876,0.1929,1.00,0.27
M67,18.598,2.250,1.1454,0.2189,0.96,0.20
M67,18.603,2.201,1.3355,0.2047,1.03,0.26
M67,18.608,2.148,1.4313,0.1793,0.97,0.28
M67,18.612,2.244,0.9318,0.1985,1.02,0.21
M67,18.615,2.296,1.1054,0.2300,0.98,0.42
M67,18.627,2.218,1.3694,0.2143,1.00,0.19
M67,18.631,2.268,1.0407,0.2198,1.04,0.33
M67,18.634,2.206,1.3272,0.1795,1.00,0.28
M67,18.636,2.324,1.1239,0.1931,1.06,0.45
M67,18.639,2.116,0.6875,0.2081,1.05,0.24
M67,18.643,2.412,1.3812,0.1965,1.01,0.30
M67,18.645,2.282,1.2551,0.2201,0.98,0.26
M67,18.653,2.103,1.3823,0.1926,0.98,0.26
M67,18.653,2.126,0.7989,0.2371,1.04,0.27
M67,18.658,2.313,1.0714,0.1903,1.02,0.16
M67,18.665,2.179,1.1351,0.1883,0.93,0.19
M67,18.670,2.204,1.0797,0.2080,0.97,0.49
M67,18.675,2.226,1.3343,0.2193,1.05,0.39
M67,18.675,2.294,0.6202,0.2913,1.07,0.20
M67,18.675,2.235,1.0316,0.2117,1.00,0.48
M67,18.684,2.279,0.8749,0.2029,1.02,0.19
M67,18.684,2.125,0.7721,0.2111,1.00,0.26
M67,18.692,2.378,0.9955,0.1912,1.03,0.32
M67,18.693,2.273,1.3175,0.2640,1.09,0.45
M67,18.694,2.278,1.2464,0.2137,0.94,0.65
M67,18.697,2.121,1.5205,0.2269,1.05,0.23
M67,18.699,2.130,0.9696,0.2135,1.06,0.16
M67,18.700,2.546,1.1216,0.1935,0.90,0.49
M67,18.702,2.298,1.0230,0.2102,0.97,0.45
M67,18.709,2.157,0.4589,0.2319,1.02,0.19
M67,18.711,2.160,1.0307,0.2017,0.98,0.22
M67,18.712,2.168,0.7209,0.2563,0.99,0.22
M67,18.715,2.202,0.9785,0.2012,1.04,0.15
M67,18.721,2.445,1.1950,0.2056,1.06,0.43
M67,18.726,2.498,1.3796,0.2445,0.94,0.48
M67,18.728,2.292,1.2519,0.2804,1.04,0.35
M67,18.733,2.184,1.1320,0.1971,0.98,0.42
M67,18.737,2.173,1.0279,0.2144,0.96,0.47
M67,18.737,-0.524,1.2085,0.2462,1.03,1.00
M67,18.740,2.636,1.2480,0.2303,1.02,0.32
M67,18.741,2.113,1.0921,0.2268,1.03,0.53
M67,18.744,2.211,1.1032,0.2217,1.03,0.64
M67,18.748,2.201,1.4579,0.2185,0.99,0.31
M67,18.756,2.220,1.1132,0.2241,0.95,0.53
M67,18.759,2.287,1.3717,0.2419,1.01,0.17
M67,18.760,2.296,0.9140,0.2389,0.95,0.30
M67,18.760,2.239,1.2450,0.2190,1.03,0.41
M67,18.761,2.108,1.0285,0.2027,1.01,0.29
M67,18.765,2.369,1.1602,0.2304,1.02,0.61
M67,18.780,2.234,1.3100,0.1913,0.97,0.20
M67,18.783,2.214,1.2592,0.2123,0.96,0.44
M67,18.786,2.474,1.5011,0.2210,1.05,0.22
M67,18.786,2.206,1.1847,0.2105,1.01,0.65
M67,18.789,2.360,1.1155,0.2533,1.01,0.60
M67,18.793,2.221,1.2338,0.2347,1.01,0.52
M67,18.797,2.254,1.3794,0.2071,0.94,0.32
M67,18.798,2.352,1.0760,0.2221,1.01,0.53
M67,18.802,2.159,1.1884,0.2317,1.04,0.16
M67,18.805,2.343,1.5655,0.2426,1.03,0.27
M67,18.807,2.238,1.3212,0.2372,1.01,0.39
M67,18.810,2.342,1.0275,0.2078,1.03,0.30
M67,18.810,2.408,0.9995,0.2011,0.97,0.38
M67,18.811,2.341,1.5536,0.2155,1.01,0.23
M67,18.820,2.336,0.9774,0.2546,1.00,0.35
M67,18.824,2.329,1.4055,0.2345,1.06,0.17
M67,18.832,2.170,1.1284,0.2346,0.99,0.33
M67,18.844,2.305,1.3284,0.2373,1.01,0.41
M67,18.852,2.566,1.1549,0.2189,0.99,0.25
M67,18.855,2.344,0.7935,0.2026,0.94,0.23
M67,18.857,2.126,1.1184,0.2475,1.03,0.82
M67,18.860,2.267,1.2854,0.2541,0.99,0.28
M67,18.861,2.340,1.4703,0.2227,1.01,0.35
M67,18.866,2.161,1.3666,0.2535,0.94,0.39
M67,18.870,2.201,1.3791,0.2335,1.01,0.19
M67,18.877,2.233,1.6771,0.3035,1.05,0.25
M67,18.883,2.369,1.2095,0.2464,1.09,0.45
M67,18.884,2.289,0.9936,0.2538,1.03,0.32
M67,18.894,2.320,1.0491,0.2370,0.96,0.20
M67,18.894,2.358,1.1654,0.2317,0.95,0.63
M67,18.898,2.287,1.4103,0.2338,1.01,0.34
M67,18.899,2.249,1.0040,0.2537,1.02,0.54
M67,18.909,2.323,1.1817,0.2393,1.00,0.20
M67,18.912,2.620,1.6189,0.2543,1.03,0.28
M67,18.912,2.282,0.9498,0.2441,1.03,0.26
M67,18.913,2.292,0.7255,0.2990,1.03,0.25
M67,18.916,2.530,1.0474,0.2617,1.04,0.53
M67,18.919,2.181,1.5423,0.2487,0.96,0.29
M67,18.921,2.413,1.0752,0.2689,1.02,0.44
M67,18.926,2.250,1.0383,0.2774,1.02,0.25
M67,18.930,2.372,0.8935,0.2424,0.97,0.21
M67,18.932,2.239,1.4461,0.2340,1.06,0.29
M67,18.934,2.453,0.9797,0.3351,0.97,0.16
M67,18.935,2.404,1.5623,0.2694,1.00,0.29
M67,18.938,2.297,1.3426,0.2284,1.05,0.17
M67,18.951,2.590,0.8251,0.2623,1.08,0.20
M67,18.956,2.325,1.1837,0.2270,1.03,0.23
M67,18.959,2.282,1.1098,0.2618,0.93,0.40
M67,18.960,2.321,1.3962,0.2569,1.04,0.30
M67,18.961,2.287,1.3907,0.2757,1.01,0.20
M67,18.962,2.243,1.5522,0.2578,1.03,0.23
M67,18.969,2.484,1.4010,0.2450,1.08,0.34
M67,18.978,2.258,0.6764,0.2567,1.02,0.22
M67,18.984,2.235,0.9647,0.2573,1.09,0.38
M67,18.984,2.246,0.9896,0.3046,1.05,0.49
M67,18.985,2.130,0.8695,0.2348,0.99,0.22
M67,18.991,2.437,1.1491,0.2531,1.01,0.50
M67,18.994,2.284,1.0819,0.2609,1.01,0.42
M67,19.002,2.521,1.4095,0.2435,1.04,0.27
M67,19.002,2.331,1.3911,0.2756,1.04,0.48
M67,19.010,2.447,1.4094,0.2632,0.97,0.19
M67,19.016,2.456,1.3984,0.2625,1.05,0.27
M67,19.019,2.399,1.0767,0.2772,0.95,0.17
M67,19.022,2.344,1.4154,0.2205,0.99,0.35
M67,19.026,2.395,1.1548,0.3116,1.01,0.27
M67,19.026,2.262,0.9689,0.2467,0.96,0.36
M67,19.028,2.323,1.4623,0.2632,0.99,0.23
M67,19.035,2.357,1.3100,0.2167,0.97,0.32
M67,19.038,2.319,1.1607,0.2707,1.02,0.15
M67,19.042,2.189,1.4302,0.3064,1.09,0.19
M67,19.044,2.352,1.1020,0.2653,1.01,0.45
M67,19.050,2.166,1.1303,0.2762,1.01,0.15
M67,19.055,2.360,1.2254,0.2342,1.04,0.60
M67,19.060,2.655,0.7610,0.3116,1.02,0.15
M67,19.060,2.360,0.9319,0.2604,1.04,0.28
M67,19.064,2.256,1.2104,0.2589,1.00,0.50
M67,19.077,2.377,1.3719,0.2979,1.02,0.21
M67,19.079,2.457,1.2086,0.2962,1.02,0.24
M67,19.084,2.393,1.1449,0.3023,1.02,0.52
M67,19.089,2.454,0.9653,0.3312,1.01,0.28
M67,19.091,2.407,1.3844,0.2432,1.01,0.27
M67,19.096,2.462,1.4369,0.2464,0.99,0.24
M67,19.097,2.297,1.2007,0.2583,1.05,0.33
M67,19.105,2.474,1.7428,0.2773,0.98,0.23
M67,19.109,2.286,1.0292,0.2602,0.94,0.41
M67,19.110,2.206,1.2253,0.2920,0.98,0.37
M67,19.116,2.402,1.4219,0.2688,1.04,0.30
M67,19.119,2.429,1.1188,0.2737,1.01,0.55
M67,19.121,2.473,1.3972,0.2455,1.01,0.34
M67,19.126,2.234,1.2238,0.3078,1.07,0.56
M67,19.134,2.321,1.1077,0.3288,1.05,0.31
M67,19.136,2.552,0.9992,0.2629,1.04,0.16
M67,19.137,2.311,0.8339,0.3432,1.09,0.22
M67,19.139,2.215,1.9753,0.3317,1.00,0.19
M67,19.140,2.437,1.6162,0.2865,1.05,0.23
M67,19.140,2.404,0.5974,0.3022,1.02,0.16
M67,19.155,2.322,1.3660,0.2998,0.99,0.46
M67,19.160,2.456,1.0429,0.3124,1.10,0.35
M67,19.168,2.528,1.0165,0.2931,0.99,0.16
M67,19.178,2.536,1.1748,0.3068,1.02,0.83
M67,19.180,2.280,1.5656,0.2852,1.00,0.20
M67,19.181,2.426,1.0350,0.3690,1.03,0.17
M67,19.185,2.333,1.3380,0.2814,1.05,0.17
M67,19.188,2.175,0.9813,0.2845,1.00,0.23
M67,19.190,2.308,1.1492,0.3038,1.01,0.59
M67,19.198,2.447,0.7803,0.2802,1.02,0.25
M67,19.206,2.359,1.4053,0.2702,1.04,0.34
M67,19.213,2.359,1.2671,0.3594,0.97,0.34
M67,19.216,2.392,0.6372,0.2900,1.09,0.20
M67,19.219,2.443,1.0003,0.3168,0.97,0.41
M67,19.220,2.291,1.6411,0.3038,1.02,0.17
M67,19.224,2.340,0.7333,0.2930,1.02,0.24
M67,19.224,2.367,0.7872,0.3318,1.07,0.20
M67,19.225,2.551,1.0309,0.3518,1.00,0.30
M67,19.229,2.394,1.2213,0.3177,1.05,0.46
M67,19.239,2.412,1.0453,0.3363,1.00,0.30
M67,19.242,2.379,0.9894,0.3484,1.07,0.30
M67,19.249,2.779,0.9387,0.4212,1.04,0.23
M67,19.253,2.613,1.2951,0.2881,1.02,0.38
M67,19.256,2.435,1.6888,0.3616,0.97,0.19
M67,19.263,2.424,1.1825,0.2795,0.99,0.67
M67,19.273,2.294,0.8033,0.2894,0.98,0.16
M67,19.274,2.440,1.6876,0.3378,1.08,0.20
M67,19.275,2.456,1.3184,0.2826,1.01,0.34
M67,19.279,2.321,1.1117,0.3224,1.05,0.60
M67,19.284,2.380,1.4304,0.3327,1.02,0.28
M67,19.286,2.276,1.2379,0.3021,0.96,0.63
M67,19.290,2.711,1.2476,0.2663,1.00,0.39
M67,19.295,2.385,1.4906,0.3237,1.06,0.30
M67,19.296,2.463,0.8683,0.3292,1.09,0.20
M67,19.298,2.247,0.9979,0.3258,1.05,0.23
M67,19.300,2.421,0.6992,0.3094,1.01,0.19
M67,19.300,2.264,1.2989,0.2872,0.98,0.33
M67,19.300,2.595,1.1586,0.3212,1.04,0.81
M67,19.311,2.357,1.2298,0.3400,0.99,0.66
M67,19.316,2.313,1.2348,0.3069,1.05,0.33
M67,19.322,2.412,1.0272,0.3302,0.97,0.28
M67,19.322,2.469,1.0295,0.3057,1.01,0.25
M67,19.325,2.322,1.3502,0.3879,1.05,0.21
M67,19.325,2.270,1.2306,0.3237,0.99,0.64
M67,19.327,2.585,1.2419,0.3299,0.95,0.37
M67,19.330,2.207,1.0555,0.3033,0.99,0.36
M67,19.335,2.342,0.3535,0.3513,1.05,0.18
M67,19.342,2.323,1.2127,0.3550,1.05,0.55
M67,19.343,2.373,1.5728,0.3509,0.96,0.26
M67,19.350,2.492,1.1987,0.2975,1.03,0.53
M67,19.351,2.322,1.3978,0.3875,1.04,0.25
M67,19.353,2.186,1.6263,0.2962,0.96,0.17
M67,19.357,2.470,1.4123,0.3576,1.02,0.28
M67,19.358,2.596,1.6409,0.4066,0.98,0.26
M67,19.369,2.247,1.0885,0.2969,0.95,0.47
M67,19.374,2.419,1.8380,0.3266,1.03,0.18
M67,19.376,2.375,1.5197,0.3031,1.01,0.28
M67,19.378,2.354,1.0730,0.3750,1.04,0.43
M67,19.386,2.568,1.6905,0.3071,0.94,0.20
M67,19.389,2.457,1.5214,0.2964,1.03,0.25
M67,19.390,2.246,0.7582,0.3438,1.01,0.23
M67,19.390,2.403,1.3008,0.3565,1.03,0.31
M67,19.391,2.106,1.0268,0.3329,1.02,0.35
M67,19.398,2.315,1.1291,0.3305,1.02,0.48
M67,19.406,2.350,1.1819,0.3577,1.07,0.58
M67,19.415,2.088,1.3244,0.3130,0.98,0.17
M67,19.416,2.425,0.9644,0.3685,0.99,0.39
M67,19.419,2.242,1.4785,0.3906,1.01,0.30
M67,19.422,2.477,0.7424,0.3604,0.92,0.21
M67,19.429,2.548,0.9342,0.3539,1.05,0.35
M67,19.433,2.267,1.0844,0.3596,1.03,0.43
M67,19.441,2.328,0.9771,0.3533,1.11,0.28
M67,19.442,2.349,0.6614,0.3275,1.03,0.18
M67,19.442,2.263,1.2448,0.3392,0.97,0.52
M67,19.446,2.547,1.9004,0.3585,1.01,0.19
M67,19.450,2.262,0.8262,0.3871,0.96,0.29
M67,19.452,2.342,0.9909,0.3814,1.02,0.46
M67,19.454,2.369,1.6031,0.3430,0.99,0.18
M67,19.459,2.316,0.5774,0.3646,0.99,0.21
M67,19.460,2.107,1.3896,0.4112,0.95,0.16
M67,19.466,2.799,0.7790,0.3750,1.09,0.28
M67,19.466,2.393,1.1416,0.3368,0.97,0.49
M67,19.472,2.363,1.4865,0.3469,1.03,0.29
M67,19.477,2.287,1.5202,0.4026,0.99,0.20
M67,19.485,2.382,0.6877,0.3620,0.97,0.22
M67,19.495,2.422,1.1695,0.3593,1.00,0.30
M67,19.502,2.349,1.3877,0.3583,1.06,0.24
M67,19.507,2.423,1.4837,0.3529,0.89,0.22
M67,19.509,2.275,1.9850,0.3487,1.04,0.16
M67,19.511,2.356,1.9015,0.4640,1.06,0.19
M67,19.515,2.253,1.2872,0.3497,1.01,0.40
M67,19.516,2.213,1.0828,0.3484,0.99,0.26
M67,19.518,2.239,0.8870,0.3984,1.08,0.30
M67,19.520,2.433,1.3476,0.4294,1.04,0.48
M67,19.520,2.699,1.4602,0.3622,1.05,0.19
M67,19.522,2.355,1.0772,0.3464,0.99,0.28
M67,19.527,2.495,1.1781,0.3161,1.01,0.46
M67,19.529,2.217,1.1627,0.4113,1.00,0.56
M67,19.531,2.174,1.2934,0.3867,1.02,0.19
M67,19.535,2.184,1.4422,0.4072,0.96,0.37
M67,19.535,2.342,1.0025,0.3894,1.02,0.37
M67,19.538,2.263,1.9768,0.3961,1.05,0.19
M67,19.540,2.453,0.5631,0.3688,1.02,0.15
M67,19.545,2.514,1.1069,0.4015,0.99,0.63
M67,19.552,2.360,1.0236,0.3337,1.01,0.21
M67,19.553,2.384,0.9443,0.4129,1.01,0.22
M67,19.560,2.556,1.0617,0.3626,0.98,0.27
M67,19.561,2.514,1.3957,0.3931,1.07,0.30
M67,19.569,2.533,1.5921,0.4023,0.99,0.22
M67,19.570,2.117,0.9710,0.3825,0.99,0.19
M67,19.573,2.383,1.6674,0.4013,1.04,0.17
M67,19.575,2.607,1.2556,0.4280,1.00,0.57
M67,19.575,2.183,1.3625,0.3599,1.03,0.21
M67,19.576,2.103,1.4809,0.4225,1.03,0.29
M67,19.578,2.390,0.6540,0.3769,1.00,0.22
M67,19.580,2.661,0.9507,0.4470,1.01,0.40
M67,19.582,2.180,1.0673,0.4721,1.10,0.54
M67,19.587,2.745,1.4724,0.4360,1.06,0.28
M67,19.591,2.573,1.3224,0.3808,0.91,0.39
M67,19.594,2.602,0.3770,0.3845,1.04,0.17
M67,19.595,2.093,1.0225,0.4950,1.02,0.34
M67,19.611,2.294,0.4987,0.4058,1.05,0.18
M67,19.614,2.409,0.9306,0.3667,1.01,0.23
M67,19.616,2.313,1.3008,0.4680,0.94,0.47
M67,19.619,2.378,0.9598,0.4026,1.03,0.39
M67,19.621,2.436,1.7400,0.3900,0.99,0.20
M67,19.621,2.164,1.0588,0.3716,1.04,0.30
M67,19.622,2.344,0.4619,0.4488,1.05,0.21
M67,19.622,2.403,1.1362,0.4173,1.06,0.33
M67,19.634,2.284,2.1022,0.4769,1.07,0.16
M67,19.636,2.615,1.3568,0.3516,0.97,0.30
M67,19.640,2.311,1.3426,0.3797,0.98,0.25
M67,19.642,2.363,1.2177,0.4771,1.02,0.32
M67,19.646,2.624,1.7399,0.3625,1.05,0.17
M67,19.651,2.288,1.1550,0.4148,1.01,0.37
M67,19.651,2.357,1.1121,0.3658,1.01,0.20
M67,19.651,2.376,1.4591,0.3852,1.03,0.30
M67,19.651,2.343,1.0667,0.4710,1.10,0.17
M67,19.652,2.416,1.3031,0.4624,1.05,0.23
M67,19.657,2.273,1.4355,0.4136,1.01,0.16
M67,19.657,2.498,0.5759,0.4079,1.01,0.22
M67,19.658,2.409,0.5862,0.4236,1.02,0.20
M67,19.666,2.321,1.7129,0.3897,1.05,0.15
M67,19.666,2.255,0.8828,0.4424,0.95,0.29
M67,19.680,2.321,1.1175,0.3814,0.99,0.31
M67,19.680,2.524,0.7744,0.4186,1.03,0.16
M67,19.680,2.504,0.9468,0.3847,1.00,0.31
M67,19.684,2.700,1.5014,0.4282,1.01,0.15
M67,19.684,2.234,1.1039,0.4136,1.00,0.28
M67,19.687,2.405,1.5902,0.4139,0.97,0.24
M67,19.692,2.429,0.9818,0.3707,1.01,0.38
M67,19.702,2.518,1.8257,0.4033,1.03,0.19
M67,19.709,-0.162,0.9815,0.4375,1.02,0.33
M67,19.711,2.313,0.7694,0.4069,1.05,0.19
M67,19.723,2.140,1.4946,0.4513,1.03,0.24
M67,19.724,2.234,0.9416,0.3758,1.07,0.22
M67,19.730,2.462,1.2912,0.4222,0.99,0.35
M67,19.742,2.375,1.6052,0.4494,1.01,0.21
M67,19.751,2.081,1.0141,0.4701,1.06,0.23
M67,19.753,2.220,1.1971,0.3864,1.01,0.27
M67,19.755,2.384,0.8312,0.3937,1.00,0.15
M67,19.757,2.213,1.0820,0.4246,1.02,0.31
M67,19.762,2.296,1.8229,0.4408,1.05,0.17
M67,19.763,2.406,1.1942,0.4246,0.99,0.21
M67,19.769,2.394,1.0799,0.4340,1.09,0.33
M67,19.771,2.763,0.8539,0.4874,1.06,0.15
M67,19.776,2.256,1.5160,0.5213,1.03,0.21
M67,19.776,2.548,0.8120,0.4402,1.00,0.25
M67,19.780,2.590,1.2713,0.3603,0.99,0.33
M67,19.781,2.323,1.3902,0.3933,0.94,0.20
M67,19.783,2.310,0.9914,0.4638,1.07,0.40
M67,19.796,2.287,0.5961,0.5408,1.01,0.16
M67,19.801,2.079,1.1055,0.4434,1.02,0.16
M67,19.806,2.526,0.6804,0.4339,1.06,0.21
M67,19.807,2.267,1.0286,0.4505,1.06,0.34
M67,19.825,2.495,1.0825,0.4657,1.02,0.33
M67,19.833,2.221,0.4721,0.4520,1.13,0.18
M67,19.837,2.254,1.2965,0.4698,1.00,0.29
M67,19.839,2.261,1.9414,0.4586,1.05,0.18
M67,19.850,2.299,0.9224,0.4628,1.00,0.28
M67,19.857,2.582,1.9652,0.4809,1.05,0.19
M67,19.858,2.443,1.5120,0.4824,1.00,0.26
M67,19.861,2.531,1.2642,0.4319,1.06,0.45
M67,19.865,2.407,1.1348,0.4759,1.05,0.31
M67,19.872,1.969,1.7357,0.5469,1.04,0.21
M67,19.883,2.342,1.1735,0.4969,1.01,0.24
M67,19.884,2.129,1.7100,0.4473,0.99,0.24
M67,19.890,2.306,1.1068,0.5787,1.08,0.30
M67,19.896,2.326,0.3580,0.5503,1.05,0.20
M67,19.898,2.390,1.1612,0.4922,1.03,0.44
M67,19.908,2.343,1.1990,0.4911,1.00,0.55
M67,19.910,2.081,0.9443,0.5282,1.08,0.18
M67,19.911,1.990,1.2683,0.4812,1.03,0.16
M67,19.911,2.474,1.9450,0.4777,1.06,0.19
M67,19.915,2.508,1.2165,0.5939,1.05,0.30
M67,19.916,2.370,1.3283,0.4962,1.00,0.32
M67,19.918,2.020,1.4700,0.6168,1.04,0.19
M67,19.923,2.051,0.7157,0.4607,0.98,0.19
M67,19.927,2.235,1.0176,0.5236,1.04,0.32
M67,19.931,-0.390,1.2823,0.5562,1.00,0.18
M67,19.931,2.073,1.1086,0.4685,1.05,0.37
M67,19.957,1.905,1.6531,0.5654,1.10,0.21
M67,19.966,2.700,1.1874,0.4339,1.01,0.38
M67,19.971,2.120,0.7566,0.4908,1.02,0.22
M67,19.986,1.913,0.7145,0.4753,0.99,0.17
M67,19.988,2.150,1.7868,0.5764,1.00,0.16
M67,19.990,2.250,0.6128,0.5229,1.08,0.18
M67,19.995,2.284,0.3853,0.6075,1.04,0.17
M67,19.999,2.300,0.4211,0.4860,1.02,0.17
M67,20.004,2.179,0.9535,0.5810,1.08,0.29
M67,20.024,2.590,0.3815,0.5552,1.00,0.15
M67,20.026,2.293,1.4594,0.4873,0.99,0.27
M67,20.026,2.573,1.0940,0.6048,1.00,0.54
M67,20.036,2.011,1.4188,0.5579,1.05,0.23
M67,20.037,2.291,1.5171,0.4750,1.04,0.24
M67,20.037,2.157,1.0734,0.5663,1.05,0.28
M67,20.040,2.280,0.4256,0.4747,1.04,0.17
M67,20.044,2.148,2.0056,0.5265,1.09,0.18
M67,20.046,1.941,0.9115,0.5686,1.01,0.19
M67,20.051,1.645,1.6008,0.6082,0.98,0.17
M67,20.057,2.145,1.7993,0.4821,1.07,0.18
M67,20.058,2.092,1.2425,0.5417,1.01,0.16
M67,20.073,2.284,1.4685,0.5376,1.01,0.17
M67,20.081,2.254,1.2580,0.5750,1.01,0.22
M67,20.096,1.745,1.2732,0.6353,1.07,0.37
M67,20.101,2.261,1.5186,0.5591,1.05,0.19
M67,20.104,1.806,1.2180,0.5476,0.99,0.58
M67,20.111,2.134,1.2881,0.6106,1.03,0.31
M67,20.113,2.145,1.9285,0.6981,1.04,0.18
M67,20.129,2.361,1.7489,0.5780,1.01,0.18
M67,20.130,2.230,0.2405,0.5658,1.06,0.15
M67,20.142,1.902,0.6022,0.5784,1.02,0.17
M67,20.143,1.972,1.0236,0.5641,1.00,0.34
M67,20.146,2.279,1.1845,0.5847,0.97,0.57
M67,20.147,2.220,1.4464,0.5478,0.98,0.29
M67,20.148,2.187,1.2884,0.6610,1.06,0.19
M67,20.176,2.251,1.1745,0.6354,1.02,0.26
M67,20.176,1.759,1.6702,0.6140,0.92,0.22
M67,20.180,2.181,1.4858,0.6195,1.09,0.21
M67,20.191,2.188,0.7339,0.6638,1.00,0.23
M67,20.195,2.537,1.0653,0.5989,1.00,0.22
M67,20.199,2.102,1.3975,0.5557,1.04,0.29
M67,20.205,2.138,0.5453,0.7245,1.05,0.23
M67,20.211,2.012,1.3279,0.5327,0.98,0.24
M67,20.213,2.090,0.6173,0.6289,0.99,0.21
M67,20.216,2.278,0.6070,0.5644,1.01,0.19
M67,20.217,1.635,0.5039,0.7322,1.02,0.15
M67,20.224,2.082,0.9305,0.6741,1.02,0.16
M67,20.229,2.151,0.8056,0.5564,1.02,0.17
M67,20.229,2.070,1.2171,0.6796,0.96,0.17
M67,20.229,2.346,1.3346,0.5935,0.97,0.16
M67,20.238,2.360,1.4051,0.5210,1.00,0.21
M67,20.243,1.955,1.6609,0.6848,0.94,0.22
M67,20.250,2.119,1.0746,0.7584,0.97,0.35
M67,20.250,2.711,1.4872,0.6306,1.09,0.21
M67,20.264,2.037,0.7697,0.6762,1.01,0.24
M67,20.270,-0.041,1.2442,0.7246,1.00,0.27
M67,20.280,2.133,1.0996,0.9465,0.97,0.26
M67,20.290,1.955,1.0543,0.6322,1.00,0.17
M67,20.291,2.064,0.7794,0.8047,1.05,0.16
M67,20.292,1.863,0.6431,0.7081,1.02,0.24
M67,20.312,2.174,1.3285,0.8358,1.06,0.27
M67,20.313,2.225,1.1064,0.7154,0.96,0.40
M67,20.320,2.145,1.6688,0.6371,1.00,0.18
M67,20.321,2.196,1.5165,0.7382,1.00,0.21
M67,20.338,2.053,1.1975,0.6823,1.01,0.42
M67,20.347,1.926,1.5329,0.8509,1.03,0.18
M67,20.356,2.274,1.5295,0.7901,0.99,0.28
M67,20.368,2.073,1.5585,0.7845,1.02,0.15
M67,20.384,2.294,1.2623,0.7583,1.09,0.16
M67,20.389,1.731,0.4248,0.8369,1.07,0.19
M67,20.436,1.914,1.5903,0.8997,0.93,0.21
M67,20.584,1.856,2.0279,1.0257,1.05,0.19
