y,m,d,td,luna,saros,type,gamma,lat,lon
-1999,6,12,3.2475,-49456,5,T,-0.2701,6.0,-33.3
-1999,12,5,23.7564,-49450,10,A,-0.2317,-32.9,10.8
-1998,6,1,18.1544,-49444,15,T,0.4994,46.2,83.4
-1998,11,25,5.9508,-49438,20,A,-0.9045,-67.8,-143.8
-1997,4,22,13.3322,-49433,-13,P,-1.4670,-60.6,-106.4
-1997,5,22,2.7597,-49432,25,P,1.3253,61.7,-151.7
-1997,10,16,8.0311,-49427,-8,P,1.1669,60.6,-22.7
-1997,11,14,18.8136,-49426,30,P,-1.5183,-61.5,-27.7
-1996,4,10,13.9144,-49421,-3,A,-0.7231,-38.2,-167.2
-1996,10,4,23.3936,-49415,2,T,0.5166,28.8,38.6
-1995,3,30,17.4144,-49409,7,A,0.0609,-0.2,112.7
-1995,9,24,10.5317,-49403,12,A,-0.1863,-3.1,-150.0
-1994,3,20,3.9972,-49397,17,T,0.8091,39.4,-73.3
-1994,9,13,14.5333,-49391,22,A,-0.9265,-48.2,116.1
-1993,2,8,11.6944,-49386,-11,P,-1.0699,-62.7,-23.1
-1993,3,9,19.8025,-49385,27,P,1.4907,61.2,11.4
-1993,8,3,21.5850,-49380,-6,P,1.3116,63.5,-166.7
-1992,1,29,2.5706,-49374,-1,T,-0.3875,-44.1,-13.3
-1992,7,23,4.0547,-49368,4,H,0.5182,54.0,-39.0
-1991,1,17,11.4950,-49362,9,A,0.3460,-3.5,-160.1
-1991,7,12,17.5700,-49356,14,T,-0.2421,10.0,106.3
-1990,1,6,13.1669,-49350,19,P,1.0749,65.4,163.3
-1990,7,2,10.5017,-49344,24,T,-0.9623,-51.2,-149.5
-1990,11,26,19.3603,-49339,-9,P,-1.2517,-69.3,-67.4
-1989,5,23,16.9439,-49333,-4,H,0.8616,72.1,79.4
-1989,11,16,3.6592,-49327,1,H,-0.5096,-44.0,-54.1
-1988,5,11,23.4828,-49321,6,A,0.0987,18.3,16.8
-1988,11,4,17.7797,-49315,11,T,0.1768,-0.6,106.5
-1987,5,1,0.4975,-49309,16,A,-0.6733,-31.9,17.1
-1987,10,25,9.3522,-49303,21,T,0.8460,48.3,-107.1
-1986,3,21,15.1142,-49298,-12,P,1.3284,71.2,79.3
-1986,4,20,2.9192,-49297,26,P,-1.4035,-71.5,44.6
-1986,9,15,7.2539,-49292,-7,P,-1.2711,-71.0,-155.5
-1985,3,11,3.4433,-49286,-2,T,0.5312,20.3,-44.2
-1985,9,4,9.4842,-49280,3,A,-0.5977,-21.9,-138.3
-1984,2,28,19.8606,-49274,8,T,-0.1975,-25.5,81.9
-1984,8,23,9.1517,-49268,13,A,0.1151,24.0,-123.1
-1983,2,17,11.7267,-49262,18,T,-0.9309,-79.1,-89.1
-1983,8,12,13.7186,-49256,23,A,0.8332,75.4,-168.1
-1982,1,8,7.4458,-49251,-10,P,1.1451,65.6,-85.9
-1982,7,3,17.5806,-49245,-5,P,-1.0663,-64.8,127.1
-1982,8,2,1.6739,-49244,33,P,1.4996,67.5,157.3
-1982,12,28,7.6350,-49239,0,A,0.4710,4.2,-97.2
-1981,6,23,10.7017,-49233,5,T,-0.3407,3.3,-146.8
-1981,12,17,7.8708,-49227,10,A,-0.2249,-35.0,-110.7
-1980,6,12,1.2336,-49221,15,T,0.4248,45.0,-19.9
-1980,12,5,14.5403,-49215,20,A,-0.9018,-72.0,82.1
-1979,5,2,19.7006,-49210,-13,P,-1.5543,-60.9,147.5
-1979,6,1,9.2942,-49209,25,P,1.2453,62.3,99.3
-1979,10,26,16.8783,-49204,-8,P,1.1691,60.8,-165.9
-1979,11,25,3.6881,-49203,30,P,-1.5170,-62.1,-171.7
-1978,4,21,20.3081,-49198,-3,A,-0.8065,-40.6,97.8
-1978,10,16,8.0417,-49192,2,T,0.5237,24.8,-94.0
-1977,4,11,0.2972,-49186,7,A,-0.0139,0.4,8.5
-1977,10,5,18.7314,-49180,12,A,-0.1747,-6.9,84.7
-1976,3,30,11.4350,-49174,17,T,0.7436,37.9,174.7
-1976,9,23,22.2158,-49168,22,A,-0.9053,-48.2,-2.8
-1975,2,18,19.7889,-49163,-11,P,-1.1099,-62.0,-155.5
-1975,3,20,3.5458,-49162,27,P,1.4354,60.9,-115.5
-1975,8,14,4.8075,-49157,-6,P,1.3569,62.7,73.8
-1974,2,8,10.5683,-49151,-1,T,-0.4230,-43.3,-131.6
-1974,8,3,11.5908,-49145,4,H,0.5677,55.0,-147.6
-1973,1,28,19.2231,-49139,9,A,0.3168,-4.2,82.0
-1973,7,24,1.3061,-49133,14,T,-0.1865,12.9,-11.3
-1972,1,17,20.7286,-49127,19,P,1.0502,64.4,38.0
-1972,7,12,18.1589,-49121,24,T,-0.9033,-40.7,89.6
-1972,12,7,3.6492,-49116,-9,P,-1.2500,-68.4,154.4
-1971,6,2,23.8419,-49110,-4,A,0.9435,81.4,-79.8
-1971,11,26,12.3731,-49104,1,H,-0.5060,-47.7,175.3
-1970,5,23,5.8844,-49098,6,A,0.1869,26.8,-82.7
-1970,11,16,2.6858,-49092,11,T,0.1785,-4.4,-29.3
-1969,5,12,6.7606,-49086,16,A,-0.5839,-22.1,-83.5
-1969,11,5,18.1831,-49080,21,T,0.8487,45.1,115.1
-1968,3,31,22.2214,-49075,-12,P,1.3890,71.5,-42.9
-1968,4,30,9.5672,-49074,26,P,-1.3203,-71.2,-70.6
-1968,9,25,15.2228,-49069,-7,P,-1.2916,-71.5,69.3
-1967,3,21,11.0533,-49063,-2,T,0.5876,27.8,-163.6
-1967,9,14,16.9886,-49057,3,A,-0.6263,-27.4,104.6
-1966,3,11,3.7039,-49051,8,T,-0.1456,-18.7,-38.7
-1966,9,3,16.5883,-49045,13,A,0.0794,18.5,123.3
-1965,2,28,19.5503,-49039,18,T,-0.8890,-71.9,125.0
-1965,8,23,21.4203,-49033,23,A,0.7919,67.9,73.2
-1964,1,19,15.1969,-49028,-10,P,1.1713,66.7,145.4
-1964,7,14,1.2481,-49022,-5,P,-1.1238,-65.8,0.1
-1964,8,12,9.5956,-49021,33,P,1.4540,68.5,25.2
-1963,1,7,15.3217,-49016,0,A,0.4901,5.4,144.8
-1963,7,3,18.2164,-49010,5,T,-0.4077,-0.1,98.3
-1963,12,27,15.9011,-49004,10,A,-0.2134,-35.9,129.6
-1962,6,23,8.3497,-48998,15,T,0.3533,43.0,-124.2
-1962,12,16,23.0542,-48992,20,A,-0.8949,-76.3,-47.3
-1961,6,12,15.8628,-48986,25,P,1.1676,63.1,-10.3
-1961,11,7,1.7697,-48981,-8,P,1.1690,61.1,50.2
-1961,12,6,12.5258,-48980,30,P,-1.5144,-62.9,44.7
-1960,5,2,2.6611,-48975,-3,A,-0.8919,-45.2,4.7
-1960,10,26,16.7528,-48969,2,T,0.5271,21.0,132.2
-1959,4,21,7.1247,-48963,7,A,-0.0923,0.6,-94.7
-1959,10,16,3.0289,-48957,12,A,-0.1688,-11.1,-42.0
-1958,4,10,18.7644,-48951,17,T,0.6719,37.0,64.7
-1958,10,5,6.0389,-48945,22,A,-0.8914,-49.8,-124.6
-1957,3,2,3.7325,-48940,-11,P,-1.1573,-61.4,74.5
-1957,3,31,11.1758,-48939,27,P,1.3744,60.7,119.5
-1957,8,25,12.2119,-48934,-6,P,1.3938,62.0,-48.2
-1957,9,24,5.2161,-48933,32,P,-1.5660,-60.7,-147.1
-1956,2,19,18.4233,-48928,-1,T,-0.4649,-42.2,111.9
-1956,8,13,19.2861,-48922,4,H,0.6100,54.4,100.8
-1955,2,8,2.7972,-48916,9,A,0.2811,-4.4,-33.4
-1955,8,3,9.1483,-48910,14,T,-0.1359,14.5,-130.1
-1954,1,28,4.1581,-48904,19,A,1.0192,63.4,-84.9
-1954,7,24,1.9117,-48898,24,T,-0.8494,-34.1,-31.5
-1954,12,18,11.8806,-48893,-9,P,-1.2518,-67.3,17.7
-1953,6,14,6.7739,-48887,-4,P,1.0223,68.0,99.1
-1953,12,7,21.0528,-48881,1,H,-0.5050,-50.8,46.4
-1952,6,2,12.3008,-48875,6,A,0.2734,34.9,178.5
-1952,11,26,11.5733,-48869,11,T,0.1792,-7.7,-164.7
-1951,5,22,13.0378,-48863,16,A,-0.4945,-13.1,176.9
-1951,11,16,3.0114,-48857,21,T,0.8520,42.4,-22.8
-1950,4,12,5.2444,-48852,-12,P,1.4542,71.5,-164.0
-1950,5,11,16.2058,-48851,26,P,-1.2352,-70.6,174.6
-1950,10,6,23.3003,-48846,-7,P,-1.3058,-71.7,-67.9
-1949,4,1,18.5619,-48840,-2,T,0.6496,36.0,77.8
-1949,9,26,0.6303,-48834,3,A,-0.6477,-32.8,-14.4
-1948,3,21,11.4256,-48828,8,T,-0.0878,-11.4,-158.1
-1948,9,14,0.2075,-48822,13,A,0.0521,13.1,6.6
-1947,3,11,3.1975,-48816,18,T,-0.8390,-63.3,-4.3
-1947,9,3,5.2997,-48810,23,A,0.7585,61.0,-48.4
-1946,1,29,22.7736,-48805,-10,P,1.2051,67.8,18.9
-1946,7,25,9.0303,-48799,-5,P,-1.1756,-66.8,-129.1
-1946,8,23,17.6764,-48798,33,P,1.4157,69.4,-109.9
-1945,1,18,22.8642,-48793,0,A,0.5161,7.8,28.7
-1945,7,15,1.8236,-48787,5,T,-0.4692,-4.1,-18.5
-1944,1,7,23.8581,-48781,10,A,-0.1977,-35.5,11.1
-1944,7,3,15.5014,-48775,15,H,0.2846,40.3,130.4
-1944,12,27,7.5275,-48769,20,A,-0.8854,-80.4,-169.0
-1943,6,22,22.4517,-48763,25,P,1.0914,63.9,-120.4
-1943,11,17,10.6794,-48758,-8,P,1.1685,61.6,-94.1
-1943,12,16,21.3133,-48757,30,P,-1.5092,-63.7,-98.4
-1942,5,13,8.9975,-48752,-3,A,-0.9784,-54.8,-81.5
-1942,11,7,1.4986,-48746,2,H,0.5284,17.4,-2.2
-1941,5,2,13.9556,-48740,7,H,-0.1717,0.5,161.9
-1941,10,27,11.3550,-48734,12,A,-0.1649,-15.5,-169.1
-1940,4,21,2.0767,-48728,17,T,0.5983,36.8,-44.7
-1940,10,15,13.9403,-48722,22,A,-0.8816,-52.3,112.2
-1939,3,12,11.5328,-48717,-11,P,-1.2114,-61.0,-53.1
-1939,4,10,18.7100,-48716,27,P,1.3086,60.6,-4.1
-1939,9,4,19.7889,-48711,-6,P,1.4230,61.4,-172.6
-1939,10,4,13.0161,-48710,32,P,-1.5481,-60.5,85.4
-1938,3,2,2.0867,-48705,-1,T,-0.5156,-41.0,-2.1
-1938,8,25,3.1611,-48699,4,H,0.6444,52.6,-15.0
-1937,2,19,10.1550,-48693,9,A,0.2352,-4.4,-145.3
-1937,8,14,17.1614,-48687,14,T,-0.0934,14.8,108.7
-1936,2,8,11.4106,-48681,19,A,0.9793,53.9,167.7
-1936,8,3,9.7719,-48675,24,T,-0.8011,-29.8,-153.4
-1936,12,28,20.0422,-48670,-9,P,-1.2579,-66.2,-117.4
-1935,6,24,13.7169,-48664,-4,P,1.0997,67.0,-18.0
-1935,12,18,5.6836,-48658,1,H,-0.5070,-53.2,-80.5
-1934,6,13,18.7144,-48652,6,A,0.3594,42.5,81.0
-1934,12,7,20.4417,-48646,11,T,0.1788,-10.4,60.5
-1933,6,2,19.3406,-48640,16,A,-0.4060,-4.8,77.7
-1933,11,27,11.8278,-48634,21,T,0.8553,40.1,-160.5
-1932,4,22,12.2475,-48629,-12,P,1.5210,71.2,75.4
-1932,5,21,22.8819,-48628,26,P,-1.1505,-69.9,59.9
-1932,10,17,7.4581,-48623,-7,P,-1.3152,-71.6,153.6
-1931,4,12,1.9956,-48617,-2,T,0.7158,44.8,-40.6
-1931,10,6,8.3908,-48611,3,A,-0.6630,-38.0,-135.1
-1930,4,1,19.0425,-48605,8,T,-0.0247,-3.7,83.6
-1930,9,25,7.9736,-48599,13,A,0.0317,7.7,-112.5
-1929,3,22,10.7169,-48593,18,T,-0.7834,-54.5,-127.0
-1929,9,14,13.3478,-48587,23,A,0.7326,54.7,-172.8
-1928,2,10,6.1889,-48582,-10,P,1.2457,68.8,-105.8
-1928,8,4,16.9344,-48576,-5,P,-1.2216,-67.8,99.4
-1928,9,3,1.8925,-48575,33,P,1.3838,70.2,112.4
-1927,1,29,6.2633,-48570,0,A,0.5491,11.5,-85.7
-1927,7,25,9.5325,-48564,5,T,-0.5249,-8.6,-137.3
-1926,1,18,7.6678,-48558,10,A,-0.1741,-33.5,-105.5
-1926,7,14,22.7453,-48552,15,H,0.2216,36.8,22.8
-1925,1,7,15.8800,-48546,20,H,-0.8696,-83.1,91.4
-1925,7,4,5.1214,-48540,25,P,1.0195,64.8,128.0
-1925,11,28,19.5639,-48535,-8,P,1.1693,62.3,121.8
-1925,12,28,6.0078,-48534,30,P,-1.4998,-64.7,119.6
-1924,5,23,15.3575,-48529,-3,P,-1.0637,-61.8,-170.4
-1924,11,17,10.2600,-48523,2,H,0.5283,14.2,-137.0
-1923,5,12,20.7511,-48517,7,H,-0.2538,-0.2,59.1
-1923,11,6,19.7383,-48511,12,A,-0.1649,-19.8,63.2
-1922,5,2,9.3306,-48505,17,T,0.5213,36.7,-152.8
-1922,10,26,21.9253,-48499,22,A,-0.8763,-55.6,-12.7
-1921,3,23,19.2047,-48494,-11,P,-1.2716,-60.7,-178.8
-1921,4,22,2.1747,-48493,27,P,1.2395,60.7,-126.7
-1921,9,16,3.5486,-48488,-6,P,1.4440,61.0,60.3
-1921,10,15,20.9481,-48487,32,P,-1.5362,-60.5,-44.0
-1920,3,12,9.6158,-48482,-1,T,-0.5721,-39.9,-114.4
-1920,9,4,11.1817,-48476,4,H,0.6724,49.9,-134.7
-1919,3,1,17.3681,-48470,9,A,0.1830,-4.1,105.2
-1919,8,25,1.3019,-48464,14,T,-0.0570,13.9,-14.5
-1918,2,18,18.4978,-48458,19,A,0.9312,46.0,61.8
-1918,8,14,17.7608,-48452,24,T,-0.7596,-27.3,83.1
-1917,1,9,4.1078,-48447,-9,P,-1.2694,-65.2,109.5
-1917,7,5,20.7339,-48441,-4,P,1.1718,66.0,-135.7
-1917,8,4,7.8603,-48440,34,P,-1.5248,-63.5,-148.9
-1917,12,29,14.2264,-48435,1,T,-0.5141,-54.8,154.9
-1916,6,24,1.2025,-48429,6,A,0.4409,49.4,-15.9
-1916,12,18,5.2361,-48423,11,T,0.1747,-12.6,-73.1
-1915,6,13,1.6956,-48417,16,A,-0.3194,2.8,-21.3
-1915,12,7,20.5925,-48411,21,T,0.8567,38.2,62.4
-1914,6,2,5.6117,-48405,26,P,-1.0668,-69.0,-55.2
-1914,10,28,15.6644,-48400,-7,P,-1.3215,-71.3,14.6
-1913,4,23,9.3753,-48394,-2,T,0.7853,54.3,-159.8
-1913,10,17,16.2642,-48388,3,A,-0.6726,-43.1,103.1
-1912,4,12,2.5614,-48382,8,T,0.0431,4.3,-33.4
-1912,10,5,15.8931,-48376,13,A,0.0182,2.4,126.0
-1911,4,1,18.0875,-48370,18,T,-0.7212,-45.5,114.4
-1911,9,24,21.5625,-48364,23,A,0.7144,48.8,60.2
-1910,2,20,13.3944,-48359,-10,P,1.2954,69.7,132.1
-1910,3,22,3.6806,-48358,28,P,-1.5388,-71.2,61.6
-1910,8,16,0.9872,-48353,-5,P,-1.2603,-68.8,-34.8
-1910,9,14,10.2758,-48352,33,P,1.3600,70.9,-28.4
-1909,2,9,13.5108,-48347,0,A,0.5892,16.3,161.6
-1909,8,5,17.3472,-48341,5,T,-0.5746,-13.5,101.7
-1908,1,29,15.3781,-48335,10,A,-0.1448,-30.3,138.8
-1908,7,25,6.0633,-48329,15,H,0.1634,32.7,-86.7
-1907,1,18,0.1469,-48323,20,H,-0.8487,-81.7,4.7
-1907,7,14,11.8458,-48317,25,A,0.9506,82.7,36.3
-1907,12,9,4.4219,-48312,-8,P,1.1714,63.1,-22.1
-1906,1,7,14.6167,-48311,30,P,-1.4864,-65.7,-21.5
-1906,6,3,21.7603,-48306,-3,P,-1.1470,-62.5,82.6
-1906,11,28,18.9797,-48300,2,H,0.5296,11.6,89.1
-1905,5,24,3.6103,-48294,7,H,-0.3336,-1.6,-45.0
-1905,11,18,4.1067,-48288,12,A,-0.1653,-23.9,-63.9
-1904,5,12,16.5956,-48282,17,T,0.4441,36.6,99.2
-1904,11,6,5.9389,-48276,22,A,-0.8727,-59.4,-138.0
-1903,4,3,2.7642,-48271,-11,P,-1.3369,-60.6,57.2
-1903,5,2,9.5897,-48270,27,P,1.1681,61.0,111.5
-1903,9,26,11.4639,-48265,-6,P,1.4585,60.7,-68.9
-1903,10,26,4.9658,-48264,32,P,-1.5275,-60.7,-174.7
-1902,3,23,16.9592,-48259,-1,T,-0.6371,-39.4,136.0
-1902,9,15,19.3822,-48253,4,H,0.6925,46.6,101.3
-1901,3,13,0.3861,-48247,9,A,0.1217,-3.6,-1.2
-1901,9,5,9.5936,-48241,14,T,-0.0279,12.0,-140.2
-1900,3,1,1.4200,-48235,19,A,0.8748,41.1,-42.9
-1900,8,25,1.8811,-48229,24,T,-0.7250,-26.4,-42.2
-1899,1,19,12.0569,-48224,-9,P,-1.2871,-64.2,-21.5
-1899,7,16,3.8028,-48218,-4,P,1.2402,65.0,106.2
-1899,8,14,15.5314,-48217,34,P,-1.4863,-62.7,84.8
-1898,1,8,22.6828,-48212,1,T,-0.5261,-55.5,32.1
-1898,7,5,7.7528,-48206,6,A,0.5188,55.2,-111.5
-1898,12,29,13.9497,-48200,11,T,0.1665,-14.2,154.8
-1897,6,24,8.1469,-48194,16,A,-0.2370,9.3,-121.0
-1897,12,19,5.3067,-48188,21,T,0.8559,36.5,-73.9
-1896,6,12,12.4067,-48182,26,A,-0.9851,-59.4,-174.8
-1896,11,7,23.9081,-48177,-7,P,-1.3252,-70.7,-124.5
-1895,5,3,16.7283,-48171,-2,T,0.8566,64.4,77.3
-1895,10,28,0.2117,-48165,3,A,-0.6781,-48.0,-19.1
-1894,4,23,10.0058,-48159,8,T,0.1144,12.5,-149.2
-1894,10,16,23.9292,-48153,13,A,0.0099,-2.5,2.9
-1893,4,13,1.3636,-48147,18,T,-0.6552,-36.7,-1.7
-1893,10,6,5.8911,-48141,23,A,0.7011,43.4,-68.7
-1892,3,2,20.4472,-48136,-10,P,1.3514,70.5,11.7
-1892,4,1,10.5814,-48135,28,P,-1.4763,-71.5,-57.4
-1892,8,26,9.1756,-48130,-5,P,-1.2926,-69.7,-171.7
-1892,9,24,18.7825,-48129,33,P,1.3420,71.4,-171.6
-1891,2,19,20.5861,-48124,0,A,0.6381,22.4,50.9
-1891,8,16,1.2828,-48118,5,T,-0.6177,-18.6,-21.6
-1890,2,8,22.9325,-48112,10,A,-0.1069,-25.8,24.5
-1890,8,5,13.5081,-48106,15,A,0.1125,28.1,161.0
-1889,1,29,8.2633,-48100,20,T,-0.8198,-76.7,-101.4
-1889,7,25,18.7069,-48094,25,A,0.8889,86.2,90.3
-1889,12,20,13.2103,-48089,-8,P,1.1769,64.0,-165.3
-1888,1,18,23.1053,-48088,30,P,-1.4674,-66.7,-161.3
-1888,6,14,4.2225,-48083,-3,P,-1.2276,-63.3,-25.4
-1888,12,9,3.6661,-48077,2,H,0.5320,9.8,-44.3
-1887,6,3,10.4981,-48071,7,H,-0.4126,-3.7,-149.8
-1887,11,28,12.4597,-48065,12,A,-0.1654,-27.4,169.8
-1886,5,23,23.8542,-48059,17,T,0.3658,36.1,-8.4
-1886,11,17,13.9861,-48053,22,A,-0.8709,-63.5,96.4
-1885,4,14,10.2319,-48048,-11,P,-1.4065,-60.7,-65.3
-1885,5,13,16.9794,-48047,27,P,1.0951,61.4,-10.0
-1885,10,7,19.5142,-48042,-6,P,1.4674,60.6,159.9
-1885,11,6,13.0503,-48041,32,P,-1.5214,-61.1,53.6
-1884,4,3,0.1944,-48036,-1,H,-0.7065,-39.5,27.9
-1884,9,26,3.7203,-48030,4,H,0.7067,43.1,-26.0
-1883,3,23,7.2481,-48024,9,A,0.0534,-3.0,-105.1
-1883,9,15,18.0164,-48018,14,T,-0.0050,9.2,91.9
-1882,3,12,8.1994,-48012,19,A,0.8112,37.7,-145.4
-1882,9,5,10.1300,-48006,24,T,-0.6972,-26.8,-169.2
-1881,1,30,19.8814,-48001,-9,P,-1.3118,-63.3,-150.3
-1881,3,1,9.6958,-48000,29,P,1.5127,61.4,157.8
-1881,7,27,10.9917,-47995,-4,P,1.3015,64.0,-13.3
-1881,8,25,23.3369,-47994,34,P,-1.4549,-62.0,-43.2
-1880,1,20,7.0300,-47989,1,T,-0.5444,-55.3,-88.9
-1880,7,15,14.4008,-47983,6,A,0.5912,59.7,154.2
-1879,1,8,22.5578,-47977,11,T,0.1528,-15.2,24.5
-1879,7,4,14.7119,-47971,16,A,-0.1592,14.7,138.6
-1879,12,29,13.8933,-47965,21,T,0.8495,34.7,151.7
-1878,6,23,19.3144,-47959,26,A,-0.9074,-42.6,71.0
-1878,11,19,8.1478,-47954,-7,P,-1.3285,-70.0,97.0
-1877,5,15,0.0706,-47948,-2,T,0.9288,74.5,-60.5
-1877,11,8,8.2011,-47942,3,A,-0.6816,-52.8,-141.0
-1876,5,3,17.3897,-47936,8,T,0.1886,20.7,96.0
-1876,10,27,8.0761,-47930,13,A,0.0064,-7.2,-121.6
-1875,4,23,8.4986,-47924,18,T,-0.5830,-27.8,-115.1
-1875,10,16,14.3611,-47918,23,A,0.6941,38.6,160.3
-1874,3,14,3.3106,-47913,-10,P,1.4157,71.1,-106.4
-1874,4,12,17.3222,-47912,28,P,-1.4066,-71.5,-174.2
-1874,9,6,17.5069,-47907,-5,P,-1.3183,-70.5,48.6
-1874,10,6,3.4161,-47906,33,P,1.3299,71.6,43.0
-1873,3,3,3.5217,-47901,0,A,0.6938,29.6,-58.7
-1873,8,27,9.3486,-47895,5,T,-0.6537,-23.9,-147.1
-1872,2,20,6.3936,-47889,10,A,-0.0635,-20.3,-89.3
-1872,8,15,21.0389,-47883,15,A,0.0669,23.1,46.6
-1871,2,8,16.2903,-47877,20,T,-0.7858,-70.3,141.1
-1871,8,5,1.6703,-47871,25,A,0.8327,77.5,-4.6
-1871,12,30,21.9067,-47866,-8,P,1.1869,65.0,52.7
-1870,1,29,7.4656,-47865,30,P,-1.4425,-67.8,60.4
-1870,6,25,10.7950,-47860,-3,P,-1.3031,-64.2,-135.4
-1870,7,25,1.7947,-47859,35,P,1.5600,66.8,151.8
-1870,12,20,12.2631,-47854,2,H,0.5379,9.0,-176.3
-1869,6,14,17.4900,-47848,7,H,-0.4875,-6.6,103.4
-1869,12,9,20.7300,-47842,12,A,-0.1623,-30.1,45.4
-1868,6,3,7.1733,-47836,17,T,0.2900,35.3,-116.9
-1868,11,27,22.0028,-47830,22,A,-0.8678,-67.8,-27.5
-1867,4,24,17.6008,-47825,-11,P,-1.4802,-60.8,173.6
-1867,5,24,0.3464,-47824,27,P,1.0213,61.9,-131.3
-1867,10,18,3.6914,-47819,-6,P,1.4709,60.7,26.8
-1867,11,16,21.1719,-47818,32,P,-1.5165,-61.6,-78.8
-1866,4,14,7.2853,-47813,-1,H,-0.7818,-40.8,-77.7
-1866,10,7,12.1936,-47807,4,H,0.7148,39.4,-156.4
-1865,4,3,13.9592,-47801,9,A,-0.0214,-2.6,153.4
-1865,9,27,2.5878,-47795,14,T,0.0102,5.6,-38.6
-1864,3,22,14.8378,-47789,19,A,0.7404,35.4,114.6
-1864,9,15,18.5050,-47783,24,T,-0.6763,-28.4,61.8
-1863,2,10,3.5864,-47778,-9,P,-1.3429,-62.6,83.1
-1863,3,11,16.7536,-47777,29,P,1.4511,61.0,41.3
-1863,8,6,18.2825,-47772,-4,P,1.3569,63.1,-133.9
-1863,9,5,7.2708,-47771,34,P,-1.4302,-61.4,-173.0
-1862,1,30,15.2472,-47766,1,T,-0.5698,-54.4,151.5
-1862,7,26,21.1725,-47760,6,A,0.6570,62.4,60.2
-1861,1,20,7.0564,-47754,11,T,0.1335,-15.7,-104.1
-1861,7,15,21.4000,-47748,16,A,-0.0870,19.0,37.1
-1860,1,9,22.3858,-47742,21,T,0.8391,33.0,19.0
-1860,7,4,2.3333,-47736,26,A,-0.8339,-32.9,-40.2
-1860,11,29,16.3669,-47731,-7,P,-1.3320,-69.0,-40.5
-1859,5,25,7.4069,-47725,-2,T,1.0015,69.5,100.9
-1859,6,23,14.6008,-47724,36,P,-1.5239,-67.0,142.0
-1859,11,18,16.2147,-47719,3,A,-0.6838,-57.3,98.3
-1858,5,15,0.7483,-47713,8,T,0.2636,28.8,-18.0
-1858,11,7,16.2669,-47707,13,A,0.0044,-11.5,113.4
-1857,5,4,15.5906,-47701,18,T,-0.5094,-19.3,132.9
-1857,10,27,22.9100,-47695,23,A,0.6901,34.3,28.1
-1856,3,24,10.0381,-47690,-10,P,1.4854,71.5,137.2
-1856,4,22,23.9728,-47689,28,P,-1.3330,-71.3,70.4
-1856,9,17,1.9617,-47684,-5,P,-1.3381,-71.1,-93.4
-1856,10,16,12.1411,-47683,33,P,1.3223,71.5,-103.9
-1855,3,13,10.3156,-47678,0,A,0.7566,37.9,-167.3
-1855,9,6,17.5472,-47672,5,T,-0.6822,-29.2,85.1
-1854,3,2,13.6917,-47666,10,A,-0.0113,-13.9,158.6
-1854,8,27,4.7242,-47660,15,A,0.0302,17.9,-70.6
-1853,2,20,0.1714,-47654,20,T,-0.7440,-63.0,21.0
-1853,8,16,8.7772,-47648,25,A,0.7840,69.7,-111.7
-1852,1,11,6.4908,-47643,-8,P,1.2024,66.0,-88.2
-1852,2,9,15.6917,-47642,30,P,-1.4111,-68.7,-76.4
-1852,7,5,17.4828,-47637,-3,P,-1.3730,-65.1,112.5
-1852,8,4,8.6875,-47636,35,P,1.5009,67.9,35.6
-1852,12,30,20.7631,-47631,2,H,0.5483,9.2,53.2
-1851,6,25,0.5506,-47625,7,H,-0.5598,-10.4,-5.0
-1851,12,20,4.9339,-47619,12,A,-0.1566,-31.8,-77.5
-1850,6,14,14.5392,-47613,17,T,0.2160,33.7,133.8
-1850,12,9,5.9783,-47607,22,A,-0.8628,-72.0,-148.4
-1849,6,4,7.7400,-47601,27,T,0.9488,71.4,148.2
-1849,10,29,11.9731,-47596,-6,P,1.4700,60.9,-107.9
-1849,11,28,5.3169,-47595,32,P,-1.5121,-62.2,148.2
-1848,4,24,14.2878,-47590,-1,H,-0.8605,-43.8,178.6
-1848,10,17,20.7764,-47584,4,H,0.7184,35.7,71.0
-1847,4,13,20.5575,-47578,9,A,-0.1011,-2.3,53.7
-1847,10,7,11.2631,-47572,14,T,0.0209,1.7,-170.8
-1846,4,2,21.3603,-47566,19,A,0.6631,34.0,16.8
-1846,9,27,2.9986,-47560,24,T,-0.6615,-31.0,-68.9
-1845,2,21,11.1769,-47555,-9,P,-1.3808,-61.9,-41.7
-1845,3,22,23.7289,-47554,29,P,1.3838,60.7,-73.8
-1845,8,18,1.6889,-47549,-4,P,1.4057,62.4,103.9
-1845,9,16,15.3086,-47548,34,P,-1.4111,-61.0,55.8
-1844,2,10,23.3450,-47543,1,T,-0.6022,-52.9,33.0
-1844,8,6,4.0761,-47537,6,A,0.7161,63.3,-35.0
-1843,1,30,15.4039,-47531,11,T,0.1064,-15.7,129.6
-1843,7,26,4.2422,-47525,16,A,-0.0216,21.9,-66.1
-1842,1,20,6.7183,-47519,21,T,0.8212,31.3,-110.9
-1842,7,15,9.5086,-47513,26,A,-0.7668,-26.0,-152.4
-1842,12,11,0.5003,-47508,-7,P,-1.3391,-68.0,-176.1
-1841,6,5,14.7914,-47502,-2,P,1.0723,68.7,-23.7
-1841,7,4,22.0636,-47501,36,P,-1.4564,-66.0,17.6
-1841,11,30,0.2250,-47496,3,A,-0.6864,-61.4,-20.6
-1840,5,25,8.0739,-47490,8,T,0.3401,36.8,-130.7
-1840,11,18,0.5233,-47484,13,A,0.0048,-15.3,-12.2
-1839,5,14,22.5972,-47478,18,T,-0.4321,-11.0,22.7
-1839,11,7,7.5394,-47472,23,A,0.6895,30.5,-105.4
-1838,4,4,16.6097,-47467,-10,P,1.5615,71.6,23.0
-1838,5,4,6.5197,-47466,28,P,-1.2547,-70.9,-43.1
-1838,9,28,10.5542,-47461,-5,P,-1.3514,-71.4,122.1
-1838,10,27,20.9600,-47460,33,P,1.3189,71.2,108.1
-1837,3,24,17.0106,-47455,0,A,0.8244,47.3,83.7
-1837,9,18,1.8519,-47449,5,T,-0.7050,-34.4,-44.4
-1836,3,12,20.9203,-47443,10,A,0.0456,-6.9,46.8
-1836,9,6,12.5133,-47437,15,A,-0.0004,12.6,170.3
-1835,3,2,7.9428,-47431,20,T,-0.6959,-55.3,-99.4
-1835,8,26,16.0192,-47425,25,A,0.7422,62.4,137.4
-1834,1,21,14.9536,-47420,-8,P,1.2239,67.1,132.4
-1834,2,19,23.7883,-47419,30,P,-1.3735,-69.6,148.2
-1834,7,17,0.3297,-47414,-3,P,-1.4360,-66.1,-2.3
-1834,8,15,15.7583,-47413,35,P,1.4493,68.9,-83.8
-1833,1,11,5.1214,-47408,2,H,0.5652,10.7,-75.3
-1833,7,6,7.7692,-47402,7,T,-0.6253,-14.7,-116.4
-1833,12,31,13.0153,-47396,12,A,-0.1456,-32.3,161.7
-1832,6,24,21.9875,-47390,17,T,0.1456,31.5,22.9
-1832,12,19,13.8739,-47384,22,A,-0.8539,-76.0,97.1
-1831,6,14,15.1664,-47378,27,T,0.8784,74.3,64.4
-1831,11,8,20.3153,-47373,-6,P,1.4672,61.3,116.5
-1831,12,8,13.4186,-47372,32,P,-1.5050,-63.0,15.7
-1830,5,5,21.1944,-47367,-1,A,-0.9428,-50.0,79.3
-1830,10,29,5.4525,-47361,4,H,0.7181,32.1,-63.4
-1829,4,25,3.0494,-47355,9,A,-0.1855,-2.5,-44.3
-1829,10,18,20.0319,-47349,14,T,0.0269,-2.6,55.4
-1828,4,13,3.7892,-47343,19,A,0.5808,33.1,-79.3
-1828,10,7,11.6019,-47337,24,T,-0.6527,-34.4,158.7
-1827,3,3,18.6250,-47332,-9,P,-1.4261,-61.4,-164.1
-1827,4,2,6.5811,-47331,29,P,1.3094,60.5,172.9
-1827,8,28,9.2253,-47326,-4,P,1.4472,61.7,-19.9
-1827,9,26,23.4733,-47325,34,P,-1.3988,-60.7,-77.2
-1826,2,21,7.3111,-47320,1,T,-0.6416,-51.3,-84.2
-1826,8,17,11.1311,-47314,6,A,0.7672,62.6,-133.7
-1825,2,10,23.6267,-47308,11,T,0.0732,-15.2,5.3
-1825,8,6,11.2542,-47302,16,A,0.0361,23.4,-171.5
-1824,1,31,14.9317,-47296,21,T,0.7981,29.8,121.5
-1824,7,25,16.8114,-47290,26,A,-0.7049,-21.1,94.4
-1824,12,21,8.5694,-47285,-7,P,-1.3486,-66.9,49.9
-1823,6,15,22.2219,-47279,-2,P,1.1413,67.7,-148.4
-1823,7,15,5.6353,-47278,36,P,-1.3935,-65.0,-108.1
-1823,12,10,8.1800,-47273,3,A,-0.6918,-65.0,-136.2
-1822,6,5,15.4250,-47267,8,T,0.4148,44.3,117.3
-1822,11,29,8.7683,-47261,13,A,0.0036,-18.6,-137.2
-1821,5,26,5.5989,-47255,18,T,-0.3555,-3.3,-86.7
-1821,11,18,16.1797,-47249,23,A,0.6886,27.2,120.9
-1820,5,14,13.0286,-47243,28,P,-1.1748,-70.3,-155.6
-1820,10,8,19.2472,-47238,-5,P,-1.3602,-71.6,-24.2
-1820,11,7,5.8200,-47237,33,P,1.3177,70.7,-40.2
-1819,4,3,23.5706,-47232,0,A,0.8990,58.2,-28.1
-1819,9,28,10.2839,-47226,5,T,-0.7208,-39.5,-175.6
-1818,3,24,4.0208,-47220,10,A,0.1098,0.8,-63.6
-1818,9,17,20.4439,-47214,15,A,-0.0232,7.3,48.8
-1817,3,13,15.5900,-47208,20,T,-0.6407,-47.2,141.1
-1817,9,6,23.4283,-47202,25,A,0.7087,55.6,23.3
-1816,2,1,23.2814,-47197,-8,P,1.2520,68.1,-5.6
-1816,3,2,7.7483,-47196,30,P,-1.3292,-70.4,14.3
-1816,7,27,7.3167,-47191,-3,P,-1.4927,-67.1,-119.6
-1816,8,25,22.9964,-47190,35,P,1.4050,69.8,153.6
-1815,1,21,13.3556,-47185,2,H,0.5875,13.2,157.8
-1815,7,16,15.1056,-47179,7,T,-0.6856,-19.6,129.8
-1814,1,10,20.9592,-47173,12,A,-0.1287,-31.3,43.0
-1814,7,6,5.5297,-47167,17,T,0.0796,28.5,-90.0
-1814,12,30,21.6869,-47161,22,A,-0.8414,-78.8,-6.8
-1813,6,25,22.6422,-47155,27,T,0.8105,74.1,-23.1
-1813,11,20,4.6956,-47150,-6,P,1.4632,61.9,-19.9
-1813,12,19,21.4861,-47149,32,P,-1.4956,-63.9,-116.5
-1812,5,16,4.0556,-47144,-1,P,-1.0261,-61.5,-6.4
-1812,11,8,14.1833,-47138,4,H,0.7160,28.8,161.2
-1811,5,5,9.4572,-47132,9,A,-0.2735,-3.4,-141.1
-1811,10,29,4.8708,-47126,14,T,0.0298,-6.8,-79.3
-1810,4,24,10.1642,-47120,19,A,0.4952,32.5,-174.3
-1810,10,18,20.2722,-47114,24,T,-0.6476,-38.4,25.5
-1809,3,15,1.9858,-47109,-9,P,-1.4765,-61.0,74.9
-1809,4,13,13.4053,-47108,29,P,1.2320,60.5,60.1
-1809,9,8,16.8969,-47103,-4,P,1.4811,61.2,-145.6
-1809,10,8,7.7322,-47102,34,P,-1.3919,-60.6,148.5
-1808,3,3,15.1619,-47097,1,T,-0.6876,-49.8,159.7
-1808,8,27,18.3333,-47091,6,A,0.8110,60.9,123.0
-1807,2,21,7.7006,-47085,11,T,0.0323,-14.4,-116.8
-1807,8,16,18.4550,-47079,16,A,0.0854,23.6,80.3
-1806,2,10,22.9508,-47073,21,T,0.7659,28.3,-2.6
-1806,8,6,0.3117,-47067,26,A,-0.6514,-17.9,-21.3
-1805,1,1,16.5089,-47062,-7,P,-1.3642,-65.8,-81.6
-1805,1,31,8.5158,-47061,31,P,1.5526,63.3,-167.9
-1805,6,27,5.7286,-47056,-2,P,1.2069,66.7,86.3
-1805,7,26,13.3408,-47055,36,P,-1.3363,-64.1,124.7
-1805,12,21,16.0725,-47050,3,A,-0.7005,-67.8,111.9
-1804,6,15,22.7947,-47044,8,T,0.4884,51.4,6.6
-1804,12,9,17.0097,-47038,13,A,0.0015,-21.3,98.2
-1803,6,5,12.5581,-47032,18,T,-0.2775,4.0,165.2
-1803,11,29,0.8514,-47026,23,A,0.6885,24.4,-13.2
-1802,5,25,19.4994,-47020,28,P,-1.0933,-69.5,93.0
-1802,10,20,4.0300,-47015,-5,P,-1.3649,-71.4,-171.9
-1802,11,18,14.7064,-47014,33,P,1.3175,69.9,171.6
-1801,4,15,6.0869,-47009,0,A,0.9760,70.3,-160.1
-1801,10,9,18.8172,-47003,5,H,-0.7313,-44.5,52.0
-1800,4,3,11.0681,-46997,10,A,0.1778,8.7,-173.4
-1800,9,28,4.4736,-46991,15,A,-0.0402,2.0,-74.3
-1799,3,23,23.1544,-46985,20,T,-0.5805,-38.9,22.6
-1799,9,17,6.9736,-46979,25,A,0.6823,49.3,-93.2
-1798,2,12,7.4583,-46974,-8,P,1.2872,69.1,-141.8
-1798,3,13,15.5828,-46973,30,P,-1.2789,-71.0,-118.3
-1798,8,7,14.4994,-46968,-3,P,-1.5404,-68.1,119.6
-1798,9,6,6.4244,-46967,35,P,1.3692,70.6,27.6
-1797,2,1,21.4261,-46962,2,H,0.6170,17.0,32.9
-1797,7,27,22.5978,-46956,7,T,-0.7391,-25.0,12.9
-1796,1,22,4.7436,-46950,12,A,-0.1047,-29.0,-73.7
-1796,7,16,13.1894,-46944,17,T,0.0193,25.0,154.7
-1795,1,10,5.3500,-46938,22,A,-0.8213,-79.0,-98.4
-1795,7,6,6.1894,-46932,27,T,0.7465,71.5,-117.7
-1795,11,30,13.0750,-46927,-6,P,1.4602,62.6,-156.4
-1795,12,30,5.4556,-46926,32,P,-1.4807,-64.9,112.3
-1794,5,27,10.8800,-46921,-1,P,-1.1099,-62.1,-119.5
-1794,6,25,20.9117,-46920,37,P,1.5328,64.4,-115.8
-1794,11,19,22.9336,-46915,4,H,0.7137,26.0,25.7
-1793,5,16,15.8258,-46909,9,A,-0.3627,-5.0,122.5
-1793,11,9,13.7703,-46903,14,T,0.0296,-11.0,145.2
-1792,5,4,16.4736,-46897,19,A,0.4057,31.8,92.1
-1792,10,29,5.0256,-46891,24,T,-0.6471,-42.9,-108.8
-1791,3,25,9.2386,-46886,-9,P,-1.5327,-60.8,-44.4
-1791,4,23,20.1614,-46885,29,P,1.1501,60.7,-51.7
-1791,9,19,0.7014,-46880,-4,P,1.5081,60.8,86.8
-1791,10,18,16.0836,-46879,34,P,-1.3898,-60.7,12.8
-1790,3,14,22.8892,-46874,1,T,-0.7405,-48.7,45.1
-1790,9,8,1.7053,-46868,6,A,0.8463,58.7,14.4
-1789,3,4,15.6592,-46862,11,T,-0.0146,-13.2,122.9
-1789,8,28,1.8114,-46856,16,A,0.1279,22.6,-30.3
-1788,2,22,6.8456,-46850,21,T,0.7280,27.2,-124.2
-1788,8,16,7.9611,-46844,26,A,-0.6041,-16.2,-138.8
-1787,1,12,0.3169,-46839,-7,P,-1.3854,-64.8,149.4
-1787,2,10,16.1231,-46838,31,P,1.5213,62.5,66.9
-1787,7,7,13.3189,-46833,-2,P,1.2685,65.7,-39.9
-1787,8,5,21.1842,-46832,36,P,-1.2853,-63.2,-4.3
-1787,12,31,23.8628,-46827,3,A,-0.7145,-69.5,4.2
-1786,6,27,6.2353,-46821,8,T,0.5578,57.5,-102.8
-1786,12,21,1.1731,-46815,13,A,-0.0054,-23.5,-25.0
-1785,6,16,19.5689,-46809,18,H,-0.2030,10.4,57.1
-1785,12,10,9.4856,-46803,23,H,0.6857,22.0,-146.8
-1784,6,5,1.9633,-46797,28,A,-1.0116,-68.6,-17.8
-1784,10,30,12.8808,-46792,-5,P,-1.3666,-71.0,39.7
-1784,11,28,23.5903,-46791,33,P,1.3172,69.0,24.2
-1783,4,25,12.5275,-46786,0,P,1.0571,71.3,51.5
-1783,10,20,3.4347,-46780,5,H,-0.7370,-49.4,-81.1
-1782,4,14,18.0286,-46774,10,H,0.2512,17.1,77.8
-1782,10,9,12.6242,-46768,15,A,-0.0506,-3.1,160.8
-1781,4,4,6.6272,-46762,20,T,-0.5149,-30.4,-94.7
-1781,9,28,14.6508,-46756,25,A,0.6625,43.4,148.1
-1780,2,23,15.4969,-46751,-8,P,1.3291,69.9,83.4
-1780,3,23,23.3014,-46750,30,P,-1.2229,-71.4,110.5
-1780,9,16,14.0186,-46744,35,P,1.3406,71.2,-101.6
-1779,2,12,5.3253,-46739,2,H,0.6544,22.0,-90.0
-1779,8,7,6.2428,-46733,7,T,-0.7859,-30.8,-107.0
-1778,2,1,12.3681,-46727,12,A,-0.0733,-25.4,171.3
-1778,7,27,20.9725,-46721,17,T,-0.0353,20.8,37.0
-1777,1,21,12.8914,-46715,22,A,-0.7951,-75.8,166.7
-1777,7,17,13.8325,-46709,27,T,0.6876,67.3,139.2
-1777,12,11,21.4497,-46704,-6,P,1.4583,63.4,66.9
-1776,1,10,13.3578,-46703,32,P,-1.4616,-66.0,-18.2
-1776,6,6,17.6875,-46698,-1,P,-1.1934,-62.8,127.4
-1776,7,6,4.1303,-46697,37,P,1.4717,65.3,124.2
-1776,11,30,7.6969,-46692,4,T,0.7115,23.7,-110.0
-1775,5,26,22.1744,-46686,9,A,-0.4519,-7.5,26.2
-1775,11,19,22.6708,-46680,14,T,0.0296,-14.7,10.0
-1774,5,15,22.7967,-46674,19,A,0.3163,31.0,-1.7
-1774,11,9,13.8025,-46668,24,T,-0.6486,-47.5,117.2
-1773,5,5,2.9322,-46662,29,P,1.0674,61.0,-163.7
-1773,9,30,8.6036,-46657,-4,P,1.5296,60.6,-42.1
-1773,10,30,0.4722,-46656,34,P,-1.3904,-61.0,-123.4
-1772,3,25,6.5264,-46651,1,T,-0.7985,-48.3,-68.3
-1772,9,18,9.2244,-46645,6,A,0.8744,56.3,-98.7
-1771,3,14,23.4547,-46639,11,T,-0.0696,-12.1,5.0
-1771,9,7,9.3728,-46633,16,A,0.1610,20.5,-144.5
-1770,3,4,14.5506,-46627,21,T,0.6815,26.4,117.6
-1770,8,27,15.8061,-46621,26,A,-0.5657,-16.0,100.9
-1769,1,23,7.9517,-46616,-7,P,-1.4143,-63.8,23.4
-1769,2,21,23.5400,-46615,31,P,1.4816,61.8,-55.2
-1769,7,18,21.0317,-46610,-2,P,1.3244,64.7,-167.4
-1769,8,17,5.1928,-46609,36,P,-1.2420,-62.4,-135.5
-1768,1,12,7.5506,-46604,3,A,-0.7337,-69.8,-100.6
-1768,7,7,13.7197,-46598,8,T,0.6244,62.5,150.3
-1768,12,31,9.2894,-46592,13,A,-0.0155,-24.9,-147.1
-1767,6,27,2.5911,-46586,18,H,-0.1298,16.0,-50.3
-1767,12,20,18.0786,-46580,23,H,0.6801,20.0,80.3
-1766,6,16,8.4500,-46574,28,A,-0.9312,-46.9,-133.4
-1766,11,10,21.7814,-46569,-5,P,-1.3664,-70.4,-109.0
-1766,12,10,8.4544,-46568,33,P,1.3157,68.0,-122.3
-1765,5,6,18.9600,-46563,0,P,1.1387,70.8,-60.2
-1765,10,31,12.0981,-46557,5,H,-0.7400,-54.1,146.0
-1764,4,25,0.9783,-46551,10,H,0.3262,25.6,-30.8
-1764,10,19,20.8394,-46545,15,A,-0.0567,-8.0,35.2
-1763,4,14,14.0286,-46539,20,T,-0.4451,-21.9,149.1
-1763,10,8,22.4442,-46533,25,A,0.6488,38.1,27.5
-1762,3,5,23.3908,-46528,-8,P,1.3777,70.6,-49.7
-1762,4,4,6.9267,-46527,30,P,-1.1623,-71.6,-19.5
-1762,9,27,21.7631,-46521,35,P,1.3186,71.6,126.6
-1761,2,23,13.0575,-46516,2,H,0.6992,28.1,149.0
-1761,8,18,14.0669,-46510,7,T,-0.8246,-36.6,129.7
-1760,2,12,19.8075,-46504,12,A,-0.0336,-20.5,58.2
-1760,8,7,4.8872,-46498,17,T,-0.0834,16.3,-83.4
-1759,1,31,20.2661,-46492,22,A,-0.7606,-70.3,63.6
-1759,7,27,21.5872,-46486,27,T,0.6349,62.3,29.0
-1759,12,22,5.7475,-46481,-6,P,1.4605,64.3,-68.9
-1758,1,20,21.1097,-46480,32,P,-1.4347,-67.1,-146.9
-1758,6,18,0.5189,-46475,-1,P,-1.2740,-63.6,13.8
-1758,7,17,11.4450,-46474,37,P,1.4162,66.2,2.5
-1758,12,11,16.4303,-46469,4,T,0.7109,22.2,114.8
-1757,6,7,4.5239,-46463,9,A,-0.5404,-11.0,-70.7
-1757,12,1,7.5744,-46457,14,T,0.0292,-17.8,-124.9
-1756,5,26,5.1172,-46451,19,A,0.2263,29.7,-95.3
-1756,11,19,22.6033,-46445,24,T,-0.6516,-52.1,-16.4
-1755,5,15,9.6767,-46439,29,A,0.9819,65.4,105.4
-1755,10,10,16.6244,-46434,-4,P,1.5447,60.5,-172.8
-1755,11,9,8.9103,-46433,34,P,-1.3940,-61.4,99.5
-1754,4,5,14.0783,-46428,1,T,-0.8613,-49.1,-179.8
-1754,9,29,16.8822,-46422,6,A,0.8956,54.1,144.1
-1753,3,26,7.1606,-46416,11,T,-0.1289,-10.9,-111.5
-1753,9,18,17.0953,-46410,16,A,0.1868,17.6,98.4
-1752,3,14,22.1222,-46404,21,T,0.6290,26.0,2.0
-1752,9,6,23.8028,-46398,26,A,-0.5338,-17.0,-21.6
-1751,2,2,15.4394,-46393,-7,P,-1.4497,-62.9,-100.1
-1751,3,4,6.7953,-46392,31,P,1.4347,61.3,-174.7
-1751,7,29,4.8608,-46387,-2,P,1.3749,63.8,63.6
-1751,8,27,13.3475,-46386,36,P,-1.2053,-61.8,91.3
-1750,1,22,15.0839,-46381,3,A,-0.7609,-69.1,156.6
-1750,7,18,21.3133,-46375,8,T,0.6850,65.9,44.9
-1749,1,11,17.2961,-46369,13,A,-0.0323,-25.7,92.6
-1749,7,8,9.6817,-46363,18,H,-0.0609,20.5,-158.0
-1748,1,1,2.5867,-46357,23,H,0.6695,18.2,-51.2
-1748,6,26,14.9872,-46351,28,A,-0.8533,-35.5,121.5
-1748,11,21,6.6800,-46346,-5,P,-1.3662,-69.6,102.9
-1748,12,20,17.2389,-46345,33,P,1.3104,66.9,93.0
-1747,5,17,1.3686,-46340,0,P,1.2218,70.1,-170.9
-1747,11,10,20.7972,-46334,5,H,-0.7406,-58.7,13.8
-1746,5,6,7.9044,-46328,10,H,0.4033,34.2,-138.8
-1746,10,31,5.1106,-46322,15,A,-0.0594,-12.5,-91.0
-1745,4,25,21.3872,-46316,20,T,-0.3724,-13.6,33.8
-1745,10,20,6.3500,-46310,25,A,0.6405,33.2,-94.8
-1744,3,16,7.1403,-46305,-8,P,1.4332,71.2,178.9
-1744,4,14,14.4450,-46304,30,P,-1.0965,-71.5,-147.9
-1744,10,8,5.6614,-46298,35,P,1.3033,71.7,-7.8
-1743,3,5,20.6225,-46293,2,H,0.7516,35.4,29.4
-1743,8,28,22.0564,-46287,7,T,-0.8559,-42.3,3.2
-1742,2,23,3.0703,-46281,12,A,0.0142,-14.6,-53.0
-1742,8,18,12.9497,-46275,17,T,-0.1242,11.4,153.6
-1741,2,12,3.5153,-46269,22,A,-0.7199,-63.6,-43.9
-1741,8,8,5.4381,-46263,27,T,0.5875,56.7,-86.0
-1740,1,2,13.9931,-46258,-6,P,1.4660,65.3,155.7
-1740,2,1,4.7733,-46257,32,P,-1.4026,-68.1,85.2
-1740,6,28,7.3858,-46252,-1,P,-1.3513,-64.5,-100.6
-1740,7,27,18.8400,-46251,37,P,1.3653,67.2,-120.9
-1740,12,22,1.1028,-46246,4,T,0.7143,21.7,-19.3
-1739,6,17,10.9125,-46240,9,A,-0.6264,-15.5,-168.7
-1739,12,11,16.4253,-46234,14,T,0.0317,-20.1,101.4
-1738,6,6,11.5139,-46228,19,A,0.1392,27.9,169.6
-1738,12,1,7.3519,-46222,24,T,-0.6526,-56.4,-147.5
-1737,5,26,16.4942,-46216,29,A,0.8985,68.0,33.4
-1737,10,22,0.7183,-46211,-4,P,1.5554,60.7,55.5
-1737,11,20,17.3386,-46210,34,P,-1.3979,-61.9,-37.6
-1736,4,15,21.5467,-46205,1,T,-0.9288,-52.0,72.2
-1736,10,10,0.6692,-46199,6,A,0.9103,52.1,23.5
-1735,4,5,14.7281,-46193,11,T,-0.1950,-9.9,134.0
-1735,9,29,0.9928,-46187,16,A,0.2048,14.1,-21.8
-1734,3,26,5.5186,-46181,21,T,0.5685,25.9,-110.3
-1734,9,18,7.9872,-46175,26,A,-0.5105,-19.1,-146.9
-1733,2,13,22.7428,-46170,-7,P,-1.4933,-62.2,139.4
-1733,3,15,13.8706,-46169,31,P,1.3796,60.9,68.6
-1733,8,9,12.8053,-46164,-2,P,1.4200,63.0,-66.8
-1733,9,7,21.6406,-46163,36,P,-1.1752,-61.2,-43.7
-1732,2,2,22.4922,-46158,3,A,-0.7944,-67.6,54.0
-1732,7,29,4.9886,-46152,8,T,0.7411,67.3,-59.6
-1731,1,22,1.1939,-46146,13,A,-0.0552,-25.9,-26.0
-1731,7,18,16.8350,-46140,18,A,0.0039,23.9,94.2
-1730,1,11,11.0108,-46134,23,T,0.6541,16.8,178.8
-1730,7,7,21.5964,-46128,28,A,-0.7792,-27.3,17.4
-1730,12,2,15.5606,-46123,-5,P,-1.3670,-68.7,-44.3
-1729,1,1,1.9506,-46122,33,P,1.3017,65.9,-50.1
-1729,5,28,7.8325,-46117,0,P,1.3024,69.3,78.1
-1729,6,26,22.0392,-46116,38,P,-1.5245,-66.7,13.9
-1729,11,22,5.5000,-46111,5,A,-0.7405,-63.0,-116.5
-1728,5,16,14.8367,-46105,10,T,0.4811,42.8,113.6
-1728,11,10,13.4067,-46099,15,A,-0.0600,-16.6,142.8
-1727,5,6,4.7214,-46093,20,T,-0.2975,-5.4,-80.7
-1727,10,30,14.3092,-46087,25,A,0.6350,28.9,142.0
-1726,3,27,14.7647,-46082,-8,P,1.4941,71.5,49.0
-1726,4,25,21.9111,-46081,30,P,-1.0281,-71.2,84.6
-1726,10,19,13.6736,-46075,35,P,1.2925,71.6,-144.0
-1725,3,17,4.0336,-46070,2,A,0.8105,43.9,-89.3
-1725,9,9,6.1958,-46064,7,T,-0.8805,-47.8,-126.2
-1724,3,5,10.1581,-46058,12,A,0.0698,-7.9,-162.3
-1724,8,28,21.1578,-46052,17,T,-0.1577,6.3,28.0
-1723,2,22,10.5650,-46046,22,A,-0.6693,-56.1,-151.7
-1723,8,18,13.4322,-46040,27,T,0.5480,51.0,154.6
-1722,1,12,22.1203,-46035,-6,P,1.4777,66.3,21.7
-1722,2,11,12.2786,-46034,32,P,-1.3621,-69.1,-40.9
-1722,7,9,14.3256,-46029,-1,P,-1.4238,-65.5,143.5
-1722,8,8,2.3561,-46028,37,P,1.3210,68.2,113.3
-1721,1,2,9.6903,-46023,4,T,0.7224,22.3,-152.2
-1721,6,28,17.3692,-46017,9,A,-0.7083,-21.1,91.6
-1721,12,23,1.2275,-46011,14,T,0.0364,-21.3,-31.3
-1720,6,16,17.9442,-46005,19,A,0.0531,25.3,73.7
-1720,12,11,16.0800,-45999,24,H,-0.6533,-60.1,83.5
-1719,6,5,23.3433,-45993,29,A,0.8156,67.9,-50.6
-1719,11,1,8.8744,-45988,-4,P,1.5624,61.0,-77.3
-1719,12,1,1.7417,-45987,34,P,-1.4014,-62.6,-174.4
-1718,4,27,4.9692,-45982,1,T,-0.9988,-60.9,-13.9
-1718,5,26,11.9672,-45981,39,P,1.5157,62.2,37.2
-1718,10,21,8.5636,-45976,6,A,0.9195,50.2,-100.1
-1717,4,16,22.2286,-45970,11,T,-0.2642,-9.3,20.5
-1717,10,10,9.0072,-45964,16,A,0.2176,10.2,-144.0
-1716,4,5,12.8078,-45958,21,T,0.5035,26.2,139.4
-1716,9,28,16.3000,-45952,26,H,-0.4927,-22.0,85.8
-1715,2,24,5.8650,-45947,-7,P,-1.5449,-61.6,21.9
-1715,3,25,20.7825,-45946,31,P,1.3171,60.7,-45.6
-1715,8,19,20.8925,-45941,-2,P,1.4584,62.3,160.9
-1715,9,18,6.0789,-45940,36,P,-1.1521,-60.8,179.2
-1714,2,13,5.7422,-45935,3,A,-0.8361,-65.8,-47.3
-1714,8,9,12.7883,-45929,8,T,0.7902,66.8,-166.8
-1713,2,2,8.9592,-45923,13,A,-0.0858,-25.6,-142.5
-1713,7,30,0.1022,-45917,18,A,0.0620,26.0,-14.9
-1712,1,22,19.3108,-45911,23,T,0.6319,15.7,50.9
-1712,7,18,4.2961,-45905,28,A,-0.7099,-21.2,-87.0
-1712,12,13,0.3919,-45900,-5,P,-1.3704,-67.6,169.8
-1711,1,11,10.5458,-45899,33,P,1.2875,64.8,169.1
-1711,6,7,14.3383,-45894,0,P,1.3815,68.4,-33.0
-1711,7,7,4.5936,-45893,38,P,-1.4482,-65.7,-96.7
-1711,12,2,14.1603,-45888,5,A,-0.7421,-67.0,116.2
-1710,5,27,21.8064,-45882,10,T,0.5580,51.3,6.4
-1710,11,21,21.7122,-45876,15,A,-0.0598,-20.3,16.8
-1709,5,17,12.0403,-45870,20,T,-0.2214,2.5,165.4
-1709,11,10,22.3275,-45864,25,A,0.6325,25.1,18.0
-1708,5,6,5.3106,-45858,30,T,-0.9564,-58.2,-66.9
-1708,10,29,21.7903,-45852,35,P,1.2865,71.2,78.5
-1707,3,27,11.2736,-45847,2,A,0.8766,53.7,151.4
-1707,9,19,14.5036,-45841,7,T,-0.8974,-52.9,101.4
-1706,3,16,17.0878,-45835,12,A,0.1323,-0.5,90.1
-1706,9,9,5.4967,-45829,17,T,-0.1846,1.1,-99.8
-1705,3,5,17.4989,-45823,22,A,-0.6127,-48.0,100.7
-1705,8,29,21.5436,-45817,27,T,0.5150,45.2,32.0
-1704,1,24,6.1558,-45812,-6,P,1.4945,67.4,-111.5
-1704,2,22,19.6728,-45811,32,P,-1.3152,-70.0,-165.9
-1704,7,19,21.3303,-45806,-1,P,-1.4918,-66.5,26.2
-1704,8,18,9.9736,-45805,37,P,1.2823,69.2,-14.5
-1703,1,12,18.1806,-45800,4,T,0.7358,23.9,76.3
-1703,7,8,23.9156,-45794,9,A,-0.7850,-27.8,-10.3
-1702,1,2,9.9122,-45788,14,T,0.0469,-21.3,-162.1
-1702,6,28,0.5050,-45782,19,A,-0.0270,22.1,-24.7
-1702,12,23,0.7106,-45776,24,H,-0.6502,-62.7,-41.6
-1701,6,17,6.2817,-45770,29,H,0.7360,66.4,-140.2
-1701,12,12,10.0722,-45764,34,P,-1.4024,-63.5,49.6
-1700,5,7,12.3517,-45759,1,P,-1.0709,-61.3,-135.2
-1700,6,5,19.2539,-45758,39,P,1.4394,62.9,-83.1
-1700,10,31,16.5314,-45753,6,A,0.9254,48.5,134.6
-1699,4,27,5.6189,-45747,11,T,-0.3386,-9.3,-91.3
-1699,10,20,17.1606,-45741,16,A,0.2245,6.1,91.4
-1698,4,16,19.9614,-45735,21,T,0.4325,26.5,31.6
-1698,10,10,0.7486,-45729,26,H,-0.4809,-25.6,-43.4
-1697,4,6,3.5519,-45723,31,P,1.2482,60.6,-157.5
-1697,8,31,5.1150,-45718,-2,P,1.4904,61.7,26.8
-1697,9,29,14.6500,-45717,36,P,-1.1353,-60.6,40.3
-1696,2,24,12.8453,-45712,3,A,-0.8850,-64.1,-146.6
-1696,8,19,20.6928,-45706,8,T,0.8335,65.1,81.8
-1695,2,12,16.6083,-45700,13,A,-0.1229,-24.9,102.6
-1695,8,9,7.4694,-45694,18,A,0.1143,26.8,-125.3
-1694,2,2,3.4956,-45688,23,T,0.6032,14.8,-75.0
-1694,7,29,11.1178,-45682,28,A,-0.6466,-16.9,167.5
-1694,12,24,9.1650,-45677,-5,P,-1.3768,-66.6,25.5
-1693,1,22,19.0456,-45676,33,P,1.2686,63.9,30.1
-1693,6,18,20.9253,-45671,0,P,1.4570,67.4,-144.8
-1693,7,18,11.2619,-45670,38,P,-1.3762,-64.7,151.5
-1693,12,13,22.7717,-45665,5,A,-0.7455,-70.3,-6.8
-1692,6,7,4.8356,-45659,10,T,0.6331,59.6,-100.2
-1692,12,2,5.9675,-45653,15,A,-0.0611,-23.4,-107.9
-1691,5,27,19.3792,-45647,20,T,-0.1459,9.8,51.8
-1691,11,21,6.3417,-45641,25,A,0.6297,21.7,-105.9
-1690,5,17,12.7050,-45635,30,T,-0.8849,-45.7,167.5
-1690,11,10,5.9464,-45629,35,P,1.2815,70.6,-59.0
-1689,4,7,18.3922,-45624,2,A,0.9476,65.1,24.3
-1689,9,30,22.9478,-45618,7,T,-0.9084,-57.6,-33.2
-1688,3,26,23.8353,-45612,12,A,0.2032,7.6,-15.2
-1688,9,19,13.9789,-45606,17,T,-0.2045,-4.1,130.1
-1687,3,16,0.2586,-45600,22,A,-0.5470,-39.5,-5.1
-1687,9,9,5.7975,-45594,27,T,0.4896,39.5,-93.5
-1686,2,3,14.0397,-45589,-6,P,1.5192,68.4,117.1
-1686,3,5,2.9144,-45588,32,P,-1.2597,-70.7,70.8
-1686,7,31,4.4519,-45583,-1,P,-1.5528,-67.6,-93.2
-1686,8,29,17.7317,-45582,37,P,1.2512,70.1,-145.0
-1685,1,24,2.5631,-45577,4,T,0.7549,26.8,-54.0
-1685,7,20,6.5506,-45571,9,A,-0.8568,-35.8,-114.7
-1684,1,13,18.5136,-45565,14,T,0.0613,-20.2,68.2
-1684,7,8,7.1575,-45559,19,A,-0.1029,18.1,-125.2
-1683,1,2,9.2444,-45553,24,H,-0.6429,-63.7,-163.3
-1683,6,27,13.3094,-45547,29,H,0.6596,63.7,125.6
-1683,12,22,18.3244,-45541,34,P,-1.4005,-64.4,-85.5
-1682,5,18,19.7361,-45536,1,P,-1.1432,-61.8,103.4
-1682,6,17,2.6111,-45535,39,P,1.3656,63.7,155.4
-1682,11,12,0.5364,-45530,6,A,0.9295,47.1,8.3
-1681,5,8,12.9839,-45524,11,T,-0.4138,-10.0,157.0
-1681,11,1,1.3928,-45518,16,A,0.2281,2.2,-34.3
-1680,4,27,3.0161,-45512,21,T,0.3575,26.7,-74.2
-1680,10,20,9.2989,-45506,26,H,-0.4736,-29.7,-174.1
-1679,4,16,10.1989,-45500,31,P,1.1740,60.6,92.4
-1679,9,10,13.4744,-45495,-2,P,1.5160,61.2,-109.2
-1679,10,9,23.3253,-45494,36,P,-1.1237,-60.6,-100.2
-1678,3,6,19.7997,-45489,3,A,-0.9415,-63.1,119.2
-1678,8,31,4.7383,-45483,8,T,0.8690,62.7,-35.2
-1677,2,24,0.1300,-45477,13,A,-0.1674,-23.8,-10.5
-1677,8,20,14.9522,-45471,18,A,0.1598,26.3,122.6
-1676,2,13,11.5478,-45465,23,T,0.5673,14.3,161.5
-1676,8,8,18.0731,-45459,28,A,-0.5900,-14.1,60.5
-1675,1,3,17.8156,-45454,-5,P,-1.3891,-65.5,-116.5
-1675,2,2,3.3781,-45453,33,P,1.2417,63.0,-106.1
-1675,6,29,3.6175,-45448,0,P,1.5277,66.4,102.4
-1675,7,28,18.0972,-45447,38,P,-1.3114,-63.7,37.5
-1675,12,24,7.2875,-45442,5,A,-0.7531,-72.6,-124.5
-1674,6,18,11.9456,-45436,10,T,0.7047,67.4,155.1
-1674,12,13,14.1597,-45430,15,A,-0.0650,-25.9,128.7
-1673,6,8,2.7503,-45424,20,T,-0.0714,16.6,-61.6
-1673,12,2,14.3631,-45418,25,A,0.6274,18.9,130.1
-1672,5,27,20.0506,-45412,30,T,-0.8111,-35.5,48.6
-1672,11,20,14.1631,-45406,35,P,1.2789,69.7,163.1
-1671,4,18,1.3717,-45401,2,P,1.0243,71.6,-143.4
-1671,10,11,7.5147,-45395,7,T,-0.9140,-61.8,-169.6
-1670,4,7,6.4622,-45389,12,A,0.2792,16.1,-119.0
-1670,9,30,22.5794,-45383,17,T,-0.2186,-9.2,-1.7
-1669,3,27,6.9256,-45377,22,A,-0.4766,-30.8,-109.9
-1669,9,20,14.1447,-45371,27,T,0.4697,33.9,138.9
-1668,3,15,10.0708,-45365,32,P,-1.1992,-71.3,-51.7
-1668,9,9,1.5989,-45359,37,P,1.2266,70.8,82.3
-1667,2,3,10.8058,-45354,4,T,0.7813,30.8,177.4
-1667,7,30,13.3283,-45348,9,A,-0.9208,-45.2,137.0
-1666,1,24,2.9703,-45342,14,T,0.0825,-17.7,-59.6
-1666,7,19,13.9697,-45336,19,A,-0.1715,13.7,131.3
-1665,1,13,17.6356,-45330,24,H,-0.6296,-62.8,77.6
-1665,7,8,20.4750,-45324,29,H,0.5893,60.0,25.9
-1664,1,3,2.4447,-45318,34,P,-1.3932,-65.4,141.0
-1664,5,29,3.1050,-45313,1,P,-1.2163,-62.4,-18.0
-1664,6,27,10.0328,-45312,39,P,1.2944,64.6,32.7
-1664,11,22,8.5650,-45307,6,A,0.9323,46.1,-118.5
-1663,5,18,20.2906,-45301,11,T,-0.4912,-11.5,46.1
-1663,11,11,9.6903,-45295,16,A,0.2290,-1.6,-161.0
-1662,5,8,9.9886,-45289,21,H,0.2795,26.7,-178.6
-1662,10,31,17.9497,-45283,26,H,-0.4710,-34.1,54.1
-1661,4,27,16.7339,-45277,31,P,1.0949,60.8,-16.0
-1661,10,21,8.0986,-45271,36,P,-1.1170,-60.7,117.9
-1660,3,17,2.6381,-45266,3,A,-1.0038,-60.7,47.7
-1660,9,10,12.9025,-45260,8,T,0.8980,60.3,-156.8
-1659,3,6,7.5264,-45254,13,A,-0.2191,-22.6,-121.8
-1659,8,30,22.5647,-45248,18,A,0.1980,24.8,8.1
-1658,2,23,19.4906,-45242,23,T,0.5250,14.1,40.0
-1658,8,20,1.1586,-45236,28,A,-0.5401,-12.8,-48.1
-1657,1,15,2.3681,-45231,-5,P,-1.4062,-64.5,103.4
-1657,2,13,11.6044,-45230,33,P,1.2097,62.3,119.5
-1657,8,9,1.0856,-45224,38,P,-1.2530,-62.9,-78.5
-1656,1,4,15.6953,-45219,5,A,-0.7653,-73.4,122.3
-1656,6,28,19.1419,-45213,10,T,0.7729,74.4,55.8
-1656,12,23,22.2511,-45207,15,A,-0.0731,-27.8,7.1
-1655,6,18,10.1875,-45201,20,T,0.0000,22.6,-175.0
-1655,12,12,22.2983,-45195,25,A,0.6207,16.4,7.5
-1654,6,8,3.4386,-45189,30,T,-0.7398,-26.9,-68.6
-1654,12,1,22.3636,-45183,35,P,1.2745,68.8,26.2
-1653,4,29,8.2547,-45178,2,P,1.1044,71.2,97.9
-1653,5,28,18.2114,-45177,40,P,-1.5359,-69.1,94.5
-1653,10,22,16.1742,-45172,7,T,-0.9157,-65.9,53.0
-1652,4,17,12.9567,-45166,12,A,0.3613,25.1,138.9
-1652,10,11,7.2922,-45160,17,T,-0.2268,-14.2,-134.9
-1651,4,6,13.4469,-45154,22,A,-0.3984,-21.9,147.3
-1651,9,30,22.6283,-45148,27,T,0.4574,28.6,9.0
-1650,3,26,17.1139,-45142,32,P,-1.1319,-71.6,-172.9
-1650,9,20,9.5847,-45136,37,P,1.2085,71.3,-52.8
-1649,2,14,18.9289,-45131,4,T,0.8141,36.1,49.8
-1649,8,10,20.2408,-45125,9,A,-0.9777,-57.8,22.8
-1648,2,4,11.2992,-45119,14,T,0.1102,-14.1,173.9
-1648,7,29,20.9142,-45113,19,A,-0.2343,8.7,25.2
-1647,1,24,1.8964,-45107,24,H,-0.6104,-60.1,-41.1
-1647,7,19,3.7708,-45101,29,H,0.5243,55.3,-78.7
-1646,1,13,10.4275,-45095,34,P,-1.3800,-66.4,9.1
-1646,6,9,10.5253,-45090,1,P,-1.2869,-63.1,-140.3
-1646,7,8,17.5681,-45089,39,P,1.2284,65.5,-92.0
-1646,12,3,16.5853,-45084,6,A,0.9353,45.6,114.7
-1645,5,30,3.5906,-45078,11,T,-0.5683,-14.0,-65.1
-1645,11,22,18.0158,-45072,16,A,0.2292,-4.9,72.0
-1644,5,18,16.9111,-45066,21,H,0.2002,26.3,78.1
-1644,11,11,2.6358,-45060,26,H,-0.4694,-38.5,-77.6
-1643,5,7,23.1969,-45054,31,P,1.0124,61.2,-123.4
-1643,10,31,16.9353,-45048,36,P,-1.1135,-61.0,-25.0
-1642,3,28,9.3678,-45043,3,P,-1.0719,-60.5,-63.6
-1642,9,21,21.1761,-45037,8,H,0.9211,58.1,77.9
-1641,3,17,14.8164,-45031,13,H,-0.2772,-21.5,128.4
-1641,9,11,6.3047,-45025,18,A,0.2290,22.4,-108.8
-1640,3,6,3.2806,-45019,23,T,0.4746,14.2,-78.8
-1640,8,30,8.4031,-45013,28,A,-0.4982,-12.9,-159.0
-1639,1,25,10.7653,-45008,-5,P,-1.4306,-63.6,-33.9
-1639,2,23,19.6581,-45007,33,P,1.1695,61.6,-12.0
-1639,8,19,8.2583,-45001,38,P,-1.2026,-62.1,163.1
-1638,1,14,23.9506,-44996,5,A,-0.7844,-72.8,11.7
-1638,7,10,2.4664,-44990,10,T,0.8355,79.4,-30.3
-1637,1,4,6.2400,-44984,15,A,-0.0858,-28.9,-112.6
-1637,6,29,17.6728,-44978,20,T,0.0694,27.7,71.7
-1637,12,24,6.1903,-44972,25,A,0.6119,14.4,-114.4
-1636,6,18,10.8311,-44966,30,T,-0.6688,-19.5,175.4
-1636,12,12,6.5467,-44960,35,P,1.2687,67.7,-109.8
-1635,5,9,15.0481,-44955,2,P,1.1875,70.6,-18.9
-1635,6,8,1.2411,-44954,40,P,-1.4667,-68.2,-24.5
-1635,11,2,0.9169,-44949,7,T,-0.9140,-69.8,-84.7
-1634,4,28,19.3839,-44943,12,A,0.4456,34.3,37.9
-1634,10,22,16.0700,-44937,17,T,-0.2317,-19.0,91.1
-1633,4,17,19.9286,-44931,22,A,-0.3178,-13.0,45.3
-1633,10,12,7.1892,-44925,27,T,0.4495,23.7,-122.2
-1632,4,6,0.0783,-44919,32,P,-1.0596,-71.7,67.0
-1632,9,30,17.6767,-44913,37,P,1.1964,71.6,170.1
-1631,2,25,2.9156,-44908,4,T,0.8541,42.8,-77.0
-1631,8,21,3.3189,-44902,9,P,-1.0262,-69.6,-104.2
-1630,2,14,19.4692,-44896,14,T,0.1455,-9.4,49.2
-1630,8,10,4.0575,-44890,19,A,-0.2879,3.6,-84.5
-1629,2,4,9.9947,-44884,24,H,-0.5842,-55.8,-159.8
-1629,7,30,11.2161,-44878,29,H,0.4660,50.2,172.1
-1628,1,24,18.2494,-44872,34,P,-1.3600,-67.5,-120.8
-1628,6,19,17.9867,-44867,1,P,-1.3552,-64.0,96.5
-1628,7,19,1.2169,-44866,39,P,1.1677,66.5,141.1
-1628,12,14,0.5481,-44861,6,A,0.9413,46.1,-11.0
-1627,6,9,10.8917,-44855,11,T,-0.6445,-17.6,-176.8
-1627,12,3,2.3492,-44849,16,A,0.2295,-7.5,-54.8
-1626,5,29,23.8017,-44843,21,H,0.1201,25.2,-24.8
-1626,11,22,11.3586,-44837,26,H,-0.4691,-42.6,150.9
-1625,5,19,5.6061,-44831,31,A,0.9278,66.7,179.3
-1625,11,12,1.8289,-44825,36,P,-1.1128,-61.4,-168.9
-1624,4,7,15.9831,-44820,3,P,-1.1456,-60.5,-173.1
-1624,10,2,5.5661,-44814,8,A,0.9377,56.3,-51.0
-1623,3,27,22.0122,-44808,13,H,-0.3407,-20.5,19.9
-1623,9,21,14.1614,-44802,18,A,0.2531,19.3,132.1
-1622,3,17,10.9797,-44796,23,T,0.4190,14.7,164.1
-1622,9,10,15.7908,-44790,28,A,-0.4637,-14.1,88.0
-1621,2,5,19.0464,-44785,-5,P,-1.4606,-62.8,-169.2
-1621,3,7,3.6078,-44784,33,P,1.1243,61.2,-141.8
-1621,8,30,15.5839,-44778,38,P,-1.1588,-61.5,42.6
-1620,1,26,8.0719,-44773,5,A,-0.8094,-71.1,-99.3
-1620,7,20,9.9214,-44767,10,T,0.8927,79.8,-101.9
-1619,1,14,14.0575,-44761,15,A,-0.1063,-29.6,130.5
-1619,7,10,1.2744,-44755,20,T,0.1332,31.7,-42.4
-1618,1,3,13.9531,-44749,25,A,0.5961,12.6,125.9
-1618,6,29,18.2992,-44743,30,T,-0.6021,-13.5,59.3
-1618,12,23,14.6533,-44737,35,P,1.2582,66.6,115.9
-1617,5,20,21.7964,-44732,2,P,1.2714,69.8,-134.6
-1617,6,19,8.2964,-44731,40,P,-1.3992,-67.3,-143.3
-1617,11,13,9.7025,-44726,7,T,-0.9108,-73.8,137.8
-1616,5,9,1.7064,-44720,12,A,0.5345,43.9,-61.5
-1616,11,2,0.9286,-44714,17,T,-0.2327,-23.4,-43.6
-1615,4,28,2.3231,-44708,22,A,-0.2322,-4.1,-55.3
-1615,10,22,15.8386,-44702,27,T,0.4467,19.2,105.2
-1614,4,17,6.9792,-44696,32,A,-0.9828,-67.3,-77.0
-1614,10,12,1.8778,-44690,37,P,1.1902,71.6,31.2
-1613,3,8,10.7872,-44685,4,T,0.9003,50.8,155.7
-1613,9,1,10.5419,-44679,9,P,-1.0673,-70.4,133.1
-1612,2,26,3.5125,-44673,14,T,0.1870,-3.7,-74.2
-1612,8,20,11.3647,-44667,19,A,-0.3338,-1.8,162.9
-1611,2,14,17.9261,-44661,24,H,-0.5506,-50.2,81.6
-1611,8,9,18.8289,-44655,29,H,0.4152,44.7,58.6
-1610,2,4,1.9169,-44649,34,P,-1.3337,-68.5,111.1
-1610,7,1,1.5247,-44644,1,P,-1.4198,-64.9,-28.1
-1610,7,30,8.9869,-44643,39,P,1.1127,67.6,12.0
-1610,12,25,8.4447,-44638,6,A,0.9505,47.8,-135.9
-1609,6,20,18.2278,-44632,11,T,-0.7181,-22.2,70.4
-1609,12,14,10.6483,-44626,16,A,0.2324,-9.2,179.1
-1608,6,9,6.6731,-44620,21,H,0.0401,23.4,-127.6
-1608,12,2,20.0661,-44614,26,H,-0.4676,-46.2,20.8
-1607,5,29,12.0019,-44608,31,A,0.8427,66.9,103.4
-1607,11,22,10.7097,-44602,36,P,-1.1117,-62.1,47.2
-1606,4,18,22.5478,-44597,3,P,-1.2220,-60.7,78.0
-1606,10,13,14.0469,-44591,8,A,0.9490,54.7,177.1
-1605,4,8,5.1272,-44585,13,H,-0.4092,-19.9,-87.5
-1605,10,2,22.1283,-44579,18,A,0.2711,15.7,10.9
-1604,3,27,18.5597,-44573,23,T,0.3569,15.3,49.2
-1604,9,20,23.3397,-44567,28,A,-0.4370,-16.3,-27.4
-1603,2,16,3.1433,-44562,-5,P,-1.4993,-62.1,58.5
-1603,3,17,11.3919,-44561,33,P,1.0711,60.8,91.0
-1603,9,9,23.1128,-44555,38,P,-1.1239,-61.0,-80.8
-1602,2,5,16.0236,-44550,5,A,-0.8424,-68.8,149.9
-1602,7,31,17.5164,-44544,10,T,0.9438,75.5,172.5
-1601,1,25,21.7400,-44538,15,A,-0.1330,-29.6,15.6
-1601,7,21,8.9678,-44532,20,T,0.1927,34.4,-157.1
-1600,1,14,21.6131,-44526,25,A,0.5753,11.3,7.9
-1600,7,10,1.8114,-44520,30,T,-0.5381,-8.6,-56.7
-1599,1,2,22.6989,-44514,35,P,1.2439,65.5,-16.9
-1599,5,31,4.5153,-44509,2,P,1.3554,69.0,110.8
-1599,6,29,15.3892,-44508,40,P,-1.3341,-66.3,97.8
-1599,11,23,18.5022,-44503,7,T,-0.9075,-78.0,1.3
-1598,5,20,8.0286,-44497,12,A,0.6228,53.6,-160.5
-1598,11,13,9.8192,-44491,17,T,-0.2322,-27.5,-178.2
-1597,5,9,8.7083,-44485,22,A,-0.1455,4.5,-155.3
-1597,11,3,0.5300,-44479,27,H,0.4466,15.1,-28.1
-1596,4,27,13.8569,-44473,32,A,-0.9034,-52.6,151.4
-1596,10,22,10.1458,-44467,37,P,1.1881,71.4,-108.6
-1595,3,18,18.5311,-44462,4,T,0.9531,60.8,24.3
-1595,9,11,17.9456,-44456,9,P,-1.0994,-71.1,7.1
-1594,3,8,11.4089,-44450,14,T,0.2355,2.7,164.0
-1594,8,31,18.8550,-44444,19,A,-0.3714,-7.2,47.3
-1593,2,26,1.6914,-44438,24,H,-0.5096,-43.8,-36.3
-1593,8,21,2.6139,-44432,29,H,0.3723,39.0,-58.7
-1592,2,15,9.3750,-44426,34,P,-1.2977,-69.5,-14.4
-1592,7,11,9.1383,-44421,1,P,-1.4808,-65.9,-154.2
-1592,8,9,16.8981,-44420,39,P,1.0643,68.6,-119.8
-1591,1,4,16.2353,-44415,6,A,0.9652,51.3,100.6
-1591,7,1,1.6136,-44409,11,T,-0.7886,-28.0,-43.9
-1591,12,24,18.8867,-44403,16,A,0.2392,-9.9,54.1
-1590,6,20,13.5700,-44397,21,A,-0.0376,20.8,128.9
-1590,12,14,4.7642,-44391,26,T,-0.4650,-49.0,-108.1
-1589,6,9,18.3764,-44385,31,A,0.7568,65.7,23.0
-1589,12,3,19.6069,-44379,36,P,-1.1114,-62.8,-97.0
-1588,4,29,5.0575,-44374,3,P,-1.3012,-61.0,-30.0
-1588,5,28,19.0047,-44373,41,P,1.5121,62.4,-83.4
-1588,10,23,22.6083,-44368,8,A,0.9560,53.4,42.8
-1587,4,18,12.1881,-44362,13,T,-0.4816,-19.9,165.7
-1587,10,13,6.1969,-44356,18,A,0.2834,11.9,-112.2
-1586,4,8,2.0847,-44350,23,T,0.2911,16.0,-64.6
-1586,10,2,6.9953,-44344,28,A,-0.4154,-19.3,-144.4
-1585,3,28,19.0950,-44338,33,P,1.0137,60.6,-35.0
-1585,9,21,6.7917,-44332,38,P,-1.0953,-60.6,153.7
-1584,2,16,23.7986,-44327,5,A,-0.8833,-66.6,40.7
-1584,8,11,1.2692,-44321,10,T,0.9879,68.0,75.4
-1583,2,5,5.2311,-44315,15,A,-0.1687,-29.1,-96.4
-1583,7,31,16.8036,-44309,20,T,0.2452,35.7,86.4
-1582,1,25,5.1061,-44303,25,A,0.5459,10.1,-107.3
-1582,7,21,9.4428,-44297,30,T,-0.4804,-5.0,-173.9
-1581,1,14,6.6375,-44291,35,P,1.2234,64.5,-147.6
-1581,6,11,11.2192,-44286,2,P,1.4387,68.0,-3.0
-1581,7,10,22.5342,-44285,40,P,-1.2721,-65.3,-21.5
-1581,12,5,3.3006,-44280,7,T,-0.9051,-82.3,-132.7
-1580,5,30,14.3172,-44274,12,A,0.7124,63.7,101.5
-1580,11,23,18.7219,-44268,17,T,-0.2312,-31.1,47.6
-1579,5,19,15.0772,-44262,22,A,-0.0570,12.9,105.5
-1579,11,13,9.2708,-44256,27,H,0.4492,11.6,-162.0
-1578,5,8,20.7192,-44250,32,H,-0.8219,-41.0,36.9
-1578,11,2,18.4686,-44244,37,P,1.1893,70.9,111.2
-1577,3,30,2.1839,-44239,4,P,1.0109,71.6,-140.3
-1577,4,28,9.4772,-44238,42,P,-1.5198,-71.1,-106.8
-1577,9,23,1.4956,-44233,9,P,-1.1243,-71.6,-121.6
-1576,3,18,19.1636,-44227,14,T,0.2909,9.8,43.8
-1576,9,11,2.5217,-44221,19,A,-0.4011,-12.7,-71.0
-1575,3,8,9.2964,-44215,24,H,-0.4614,-36.7,-153.2
-1575,8,31,10.5586,-44209,29,H,0.3364,33.2,-179.3
-1574,2,25,16.6786,-44203,34,P,-1.2549,-70.3,-138.2
-1574,8,21,0.9531,-44197,39,P,1.0228,69.5,105.6
-1573,1,15,23.9325,-44192,6,A,0.9847,57.7,-22.6
-1573,7,12,9.0564,-44186,11,T,-0.8554,-35.1,-160.0
-1572,1,5,3.0544,-44180,16,A,0.2502,-9.5,-69.9
-1572,6,30,20.5086,-44174,21,A,-0.1120,17.5,24.3
-1572,12,24,13.3767,-44168,26,T,-0.4577,-50.4,125.5
-1571,6,20,0.8117,-44162,31,A,0.6743,63.3,-61.8
-1571,12,14,4.4442,-44156,36,P,-1.1088,-63.7,119.3
-1570,5,10,11.5706,-44151,3,P,-1.3807,-61.4,-138.2
-1570,6,9,1.3581,-44150,41,P,1.4258,63.1,170.4
-1570,11,4,7.2014,-44145,8,A,0.9608,52.4,-92.6
-1569,4,29,19.2200,-44139,13,T,-0.5562,-20.7,59.2
-1569,10,24,14.3439,-44133,18,A,0.2910,8.0,123.3
-1568,4,18,9.5047,-44127,23,T,0.2195,16.6,-176.5
-1568,10,12,14.7983,-44121,28,A,-0.4012,-22.9,96.4
-1567,4,8,2.6669,-44115,33,T,0.9502,57.0,-125.2
-1567,10,1,14.6403,-44109,38,P,-1.0743,-60.5,25.7
-1566,2,27,7.4008,-44104,5,A,-0.9317,-64.7,-64.6
-1566,8,22,9.1911,-44098,10,P,1.0244,62.0,-40.2
-1565,2,16,12.5703,-44092,15,A,-0.2112,-28.3,153.7
-1565,8,12,0.7478,-44086,20,T,0.2924,35.8,-31.7
-1564,2,5,12.4839,-44080,25,A,0.5104,9.3,139.6
-1564,7,31,17.1633,-44074,30,T,-0.4277,-2.7,68.1
-1563,1,24,14.4653,-44068,35,P,1.1965,63.5,83.6
-1563,6,21,17.9572,-44063,2,P,1.5190,67.0,-116.8
-1563,7,21,5.7697,-44062,40,P,-1.2151,-64.4,-141.7
-1563,12,15,12.0653,-44057,7,T,-0.9053,-86.7,103.4
-1562,6,10,20.6458,-44051,12,A,0.7993,74.1,4.0
-1562,12,5,3.5989,-44045,17,T,-0.2314,-34.0,-85.5
-1561,5,30,21.4925,-44039,22,A,0.0299,20.8,6.4
-1561,11,24,17.9950,-44033,27,H,0.4519,8.6,64.4
-1560,5,19,3.5861,-44027,32,H,-0.7395,-30.8,-73.9
-1560,11,13,2.8086,-44021,37,P,1.1921,70.2,-28.9
-1559,4,9,9.7444,-44016,4,P,1.0736,71.6,90.7
-1559,5,8,16.7781,-44015,42,P,-1.4450,-70.5,128.8
-1559,10,3,9.1842,-44010,9,P,-1.1425,-71.8,107.2
-1558,3,30,2.7986,-44004,14,T,0.3520,17.5,-74.9
-1558,9,22,10.3664,-43998,19,A,-0.4227,-18.0,168.0
-1557,3,19,16.7331,-43992,24,H,-0.4056,-29.2,91.6
-1557,9,11,18.6728,-43986,29,H,0.3083,27.5,57.0
-1556,3,7,23.7861,-43980,34,P,-1.2031,-71.0,100.4
-1556,8,31,9.1653,-43974,39,T,0.9891,74.7,-51.1
-1555,1,26,7.4719,-43969,6,A,1.0120,67.8,-148.3
-1555,7,22,16.5986,-43963,11,T,-0.9162,-43.7,81.0
-1554,1,15,11.1319,-43957,16,A,0.2661,-7.9,167.3
-1554,7,12,3.5006,-43951,21,A,-0.1826,13.4,-81.7
-1553,1,4,21.9367,-43945,26,T,-0.4474,-50.5,0.3
-1553,7,1,7.2861,-43939,31,A,0.5941,59.7,-150.2
-1553,12,25,13.2333,-43933,36,P,-1.1037,-64.7,-23.9
-1552,5,20,18.0692,-43928,3,P,-1.4612,-62.0,113.6
-1552,6,19,7.7556,-43927,41,P,1.3403,63.9,63.4
-1552,11,14,15.8347,-43922,8,A,0.9631,51.5,130.7
-1551,5,10,2.2522,-43916,13,T,-0.6318,-22.4,-47.5
-1551,11,3,22.5294,-43910,18,A,0.2961,4.3,-1.8
-1550,4,29,16.9164,-43904,23,T,0.1468,17.0,71.9
-1550,10,23,22.6833,-43898,28,A,-0.3911,-26.9,-23.8
-1549,4,19,10.1711,-43892,33,T,0.8833,55.0,130.4
-1549,10,12,22.6181,-43886,38,P,-1.0587,-60.5,-104.1
-1548,3,9,14.8400,-43881,5,A,-0.9874,-62.9,-156.9
-1548,9,1,17.2792,-43875,10,P,1.0539,61.4,-172.2
-1547,2,26,19.7061,-43869,15,A,-0.2636,-27.4,46.9
-1547,8,22,8.8581,-43863,20,T,0.3316,34.6,-152.7
-1546,2,15,19.6986,-43857,25,A,0.4660,8.8,29.3
-1546,8,12,1.0047,-43851,30,T,-0.3814,-1.7,-51.5
-1545,2,4,22.1661,-43845,35,P,1.1621,62.7,-42.8
-1545,8,1,13.0986,-43839,40,P,-1.1630,-63.5,97.1
-1545,12,26,20.7589,-43834,7,T,-0.9094,-88.0,94.2
-1544,6,21,2.9981,-43828,12,A,0.8846,85.4,-89.2
-1544,12,15,12.4358,-43822,17,T,-0.2338,-36.3,142.5
-1543,6,10,3.9567,-43816,22,A,0.1152,28.0,-92.6
-1543,12,5,2.6922,-43810,27,H,0.4537,6.2,-68.7
-1542,5,30,10.5011,-43804,32,H,-0.6579,-21.9,176.3
-1542,11,24,11.1625,-43798,37,P,1.1960,69.3,-168.5
-1541,4,20,17.2308,-43793,4,P,1.1403,71.4,-37.0
-1541,5,20,0.0594,-43792,42,P,-1.3684,-69.8,5.2
-1541,10,14,17.0058,-43787,9,P,-1.1543,-71.7,-26.0
-1540,4,9,10.3256,-43781,14,T,0.4183,25.7,167.7
-1540,10,2,18.3672,-43775,19,A,-0.4375,-23.2,44.8
-1539,3,30,0.0308,-43769,24,H,-0.3438,-21.2,-21.9
-1539,9,22,2.9447,-43763,29,H,0.2873,21.9,-69.4
-1538,3,19,6.7625,-43757,34,P,-1.1456,-71.4,-19.5
-1538,9,11,17.4978,-43751,39,T,0.9613,73.4,137.0
-1537,2,6,14.9025,-43746,6,P,1.0448,68.8,87.0
-1537,8,3,0.2369,-43740,11,T,-0.9713,-55.1,-42.3
-1536,1,26,19.0831,-43734,16,A,0.2895,-5.1,46.1
-1536,7,22,10.5842,-43728,21,A,-0.2477,8.8,170.2
-1535,1,15,6.3731,-43722,26,T,-0.4303,-49.0,-123.2
-1535,7,11,13.8753,-43716,31,A,0.5194,55.3,116.6
-1534,1,4,21.9064,-43710,36,P,-1.0931,-65.7,-165.8
-1534,6,1,0.6392,-43705,3,P,-1.5387,-62.7,4.3
-1534,6,30,14.2858,-43704,41,P,1.2601,64.9,-46.0
-1534,11,26,0.4553,-43699,8,A,0.9654,51.1,-5.9
-1533,5,21,9.2808,-43693,13,T,-0.7085,-25.3,-154.5
-1533,11,15,6.7522,-43687,18,A,0.2987,0.9,-127.4
-1532,5,10,0.2750,-43681,23,T,0.0711,17.0,-38.7
-1532,11,3,6.6603,-43675,28,A,-0.3854,-31.1,-145.0
-1531,4,29,17.5861,-43669,33,T,0.8123,54.2,24.5
-1531,10,23,6.7353,-43663,38,P,-1.0493,-60.6,123.9
-1530,3,20,22.1186,-43658,5,P,-1.0501,-60.6,100.3
-1530,9,13,1.5117,-43652,10,P,1.0771,61.0,53.9
-1529,3,10,2.6981,-43646,15,A,-0.3224,-26.4,-58.0
-1529,9,2,17.0914,-43640,20,T,0.3648,32.5,83.8
-1528,2,27,2.7622,-43634,25,A,0.4139,8.6,-78.4
-1528,8,22,8.9603,-43628,30,T,-0.3414,-1.8,-172.6
-1527,2,15,5.7497,-43622,35,P,1.1210,62.0,-167.3
-1527,8,11,20.5369,-43616,40,P,-1.1170,-62.6,-25.5
-1526,1,6,5.3681,-43611,7,T,-0.9184,-83.6,-12.6
-1526,7,2,9.4508,-43605,12,A,0.9646,80.3,-14.8
-1526,12,26,21.2019,-43599,17,T,-0.2397,-37.7,12.1
-1525,6,21,10.4972,-43593,22,A,0.1975,34.5,168.5
-1525,12,16,11.3289,-43587,27,H,0.4531,4.4,159.2
-1524,6,9,17.4808,-43581,32,T,-0.5781,-14.0,66.8
-1524,12,4,19.4553,-43575,37,P,1.1975,68.3,53.5
-1523,5,1,0.6697,-43570,4,P,1.2096,70.9,-163.8
-1523,5,30,7.3808,-43569,42,P,-1.2928,-68.9,-118.5
-1523,10,25,0.9306,-43564,9,P,-1.1616,-71.4,-160.6
-1522,4,20,17.7639,-43558,14,T,0.4886,34.2,51.5
-1522,10,14,2.4967,-43552,19,A,-0.4467,-28.2,-79.9
-1521,4,10,7.1906,-43546,24,H,-0.2758,-13.1,-133.6
-1521,10,3,11.3678,-43540,29,H,0.2732,16.6,161.7
-1520,3,29,13.5403,-43534,34,P,-1.0788,-71.7,-136.6
-1520,9,22,1.9900,-43528,39,T,0.9413,68.3,-11.9
-1519,2,16,22.1728,-43523,6,P,1.0857,69.7,-35.9
-1519,8,13,7.9964,-43517,11,P,-1.0198,-68.9,-176.9
-1518,2,6,2.9247,-43511,16,A,0.3191,-1.1,-73.9
-1518,8,2,17.7711,-43505,21,A,-0.3067,3.7,60.0
-1517,1,26,14.7261,-43499,26,T,-0.4084,-46.0,113.6
-1517,7,22,20.5417,-43493,31,A,0.4487,50.0,19.7
-1516,1,16,6.5033,-43487,36,P,-1.0790,-66.8,53.0
-1516,7,10,20.9222,-43481,41,P,1.1840,65.9,-157.2
-1516,12,6,9.0419,-43476,8,A,0.9687,51.4,-141.8
-1515,5,31,16.3672,-43470,13,T,-0.7831,-29.5,97.2
-1515,11,25,14.9694,-43464,18,A,0.3005,-2.0,107.3
-1514,5,21,7.6536,-43458,23,T,-0.0042,16.5,-149.6
-1514,11,14,14.6603,-43452,28,A,-0.3807,-35.1,94.0
-1513,5,11,0.9703,-43446,33,T,0.7399,53.9,-81.7
-1513,11,3,14.9261,-43440,38,P,-1.0424,-61.0,-9.3
-1512,3,31,5.2311,-43435,5,P,-1.1200,-60.5,-16.7
-1512,4,29,15.6350,-43434,43,P,1.5386,61.2,-16.3
-1512,9,23,9.9025,-43429,10,P,1.0935,60.7,-82.3
-1511,3,20,9.5131,-43423,15,A,-0.3896,-25.6,-160.2
-1511,9,13,1.4681,-43417,20,T,0.3910,29.6,-42.6
-1510,3,9,9.6825,-43411,25,A,0.3540,8.6,176.4
-1510,9,2,17.0581,-43405,30,T,-0.3092,-3.2,64.1
-1509,2,26,13.1967,-43399,35,P,1.0720,61.4,70.4
-1509,8,23,4.0950,-43393,40,P,-1.0774,-61.9,-149.6
-1508,1,17,13.8747,-43388,7,T,-0.9330,-78.9,-137.2
-1508,7,12,15.9953,-43382,12,P,1.0399,65.0,-113.2
-1507,1,6,5.8647,-43376,17,T,-0.2508,-38.4,-116.6
-1507,7,1,17.1553,-43370,22,A,0.2750,39.9,69.1
-1507,12,26,19.8961,-43364,27,H,0.4493,3.0,28.1
-1506,6,21,0.5350,-43358,32,T,-0.5007,-7.2,-42.9
-1506,12,16,3.7056,-43352,37,P,1.1975,67.3,-83.2
-1505,5,12,8.0767,-43347,4,P,1.2809,70.3,70.4
-1505,6,10,14.7306,-43346,42,P,-1.2178,-68.0,117.9
-1505,11,5,8.9408,-43341,9,P,-1.1646,-70.8,63.9
-1504,5,1,1.1142,-43335,14,T,0.5627,43.0,-63.5
-1504,10,24,10.7503,-43329,19,A,-0.4506,-33.0,154.2
-1503,4,20,14.2500,-43323,24,H,-0.2038,-4.9,116.2
-1503,10,13,19.8950,-43317,29,H,0.2637,11.6,31.2
-1502,4,9,20.2267,-43311,34,A,-1.0080,-71.7,107.4
-1502,10,3,10.5947,-43305,39,T,0.9268,63.1,-153.6
-1501,2,28,5.3208,-43300,6,P,1.1329,70.5,-157.5
-1501,8,24,15.8692,-43294,11,P,-1.0619,-69.9,51.1
-1500,2,17,10.6353,-43288,16,A,0.3562,3.9,167.5
-1500,8,13,1.0869,-43282,21,A,-0.3582,-1.6,-52.6
-1499,2,5,22.9236,-43276,26,T,-0.3784,-41.7,-8.7
-1499,8,2,3.3722,-43270,31,A,0.3864,44.4,-81.5
-1498,1,26,14.9578,-43264,36,P,-1.0584,-67.8,-86.5
-1498,7,22,3.7017,-43258,41,P,1.1138,66.9,88.9
-1498,12,17,17.5575,-43253,8,A,0.9748,52.8,83.4
-1497,6,11,23.4964,-43247,13,T,-0.8561,-35.4,-12.2
-1497,12,6,23.1481,-43241,18,A,0.3041,-4.1,-17.3
-1496,5,31,15.0147,-43235,23,T,-0.0807,15.2,99.7
-1496,11,24,22.6931,-43229,28,A,-0.3774,-38.8,-26.8
-1495,5,21,8.3128,-43223,33,T,0.6657,53.6,172.9
-1495,11,13,23.1822,-43217,38,P,-1.0379,-61.5,-143.5
-1494,4,11,12.2200,-43212,5,P,-1.1948,-60.6,-131.8
-1494,5,10,22.6747,-43211,43,P,1.4688,61.6,-132.4
-1494,10,4,18.4278,-43206,10,P,1.1040,60.6,139.5
-1493,3,31,16.1858,-43200,15,A,-0.4632,-25.3,99.6
-1493,9,24,9.9686,-43194,20,T,0.4111,26.2,-171.5
-1492,3,19,16.4817,-43188,25,A,0.2876,8.9,73.4
-1492,9,13,1.2733,-43182,30,T,-0.2831,-5.4,-61.0
-1491,3,8,20.5353,-43176,35,P,1.0164,60.9,-50.1
-1491,9,2,11.7822,-43170,40,P,-1.0446,-61.4,84.5
-1490,1,27,22.2800,-43165,7,T,-0.9536,-74.1,99.0
-1490,7,23,22.6553,-43159,12,P,1.1094,64.0,135.5
-1489,1,17,14.4231,-43153,17,T,-0.2673,-38.4,116.4
-1489,7,12,23.9392,-43147,22,A,0.3473,44.1,-30.9
-1488,1,7,4.3292,-43141,27,H,0.4395,2.1,-100.8
-1488,7,1,7.7017,-43135,32,T,-0.4278,-1.5,-153.4
-1488,12,26,11.8381,-43129,37,P,1.1921,66.2,142.4
-1487,5,22,15.4864,-43124,4,P,1.3520,69.5,-54.9
-1487,6,20,22.1650,-43123,42,P,-1.1463,-67.0,-6.4
-1487,11,15,16.9761,-43118,9,P,-1.1669,-70.1,-71.4
-1486,5,12,8.4247,-43112,14,T,0.6384,52.2,-177.8
-1486,11,4,19.0908,-43106,19,A,-0.4511,-37.5,27.6
-1485,5,1,21.1875,-43100,24,H,-0.1265,3.4,8.0
-1485,10,25,4.5483,-43094,29,H,0.2597,7.0,-101.0
-1484,4,20,2.7639,-43088,34,A,-0.9299,-57.7,-45.3
-1484,10,13,19.3242,-43082,39,T,0.9184,58.6,66.5
-1483,3,10,12.3172,-43077,6,P,1.1879,71.1,82.6
-1483,9,3,23.8833,-43071,11,P,-1.0963,-70.6,-83.7
-1482,2,27,18.2450,-43065,16,A,0.3992,9.7,49.8
-1482,8,24,8.5056,-43059,21,A,-0.4036,-7.3,-167.1
-1481,2,17,7.0289,-43053,26,T,-0.3430,-36.3,-131.0
-1481,8,13,10.3158,-43047,31,A,0.3298,38.4,174.1
-1480,2,6,23.2867,-43041,36,P,-1.0317,-68.8,135.3
-1480,8,1,10.6319,-43035,41,P,1.0501,67.9,-27.7
-1480,12,28,1.9881,-43030,8,A,0.9844,56.1,-50.0
-1479,6,22,6.7256,-43024,13,T,-0.9253,-43.6,-123.6
-1479,12,17,7.2461,-43018,18,A,0.3109,-5.2,-140.5
-1478,6,11,22.4456,-43012,23,T,-0.1541,13.2,-12.4
-1478,12,6,6.6964,-43006,28,A,-0.3725,-41.8,-146.1
-1477,6,1,15.6469,-43000,33,T,0.5914,52.9,67.8
-1477,11,25,7.4644,-42994,38,P,-1.0340,-62.2,81.7
-1476,4,21,19.0853,-42989,5,P,-1.2741,-60.8,114.9
-1476,5,21,5.6653,-42988,43,P,1.3975,62.1,112.1
-1476,10,15,3.0672,-42983,10,P,1.1097,60.7,-0.3
-1475,4,10,22.7261,-42977,15,A,-0.5427,-25.7,1.3
-1475,10,4,18.5992,-42971,20,T,0.4246,22.4,57.0
-1474,3,30,23.1678,-42965,25,A,0.2149,9.3,-27.6
-1474,9,24,9.6078,-42959,30,T,-0.2638,-8.5,171.9
-1473,3,20,3.7608,-42953,35,A,0.9541,53.6,-140.1
-1473,9,13,19.6014,-42947,40,P,-1.0190,-60.9,-43.1
-1472,2,8,6.5342,-42942,7,T,-0.9820,-68.6,-17.3
-1472,8,3,5.4617,-42936,12,P,1.1715,63.2,22.3
-1471,1,27,22.8469,-42930,17,T,-0.2904,-37.7,-8.7
-1471,7,23,6.8731,-42924,22,A,0.4129,46.8,-132.1
-1470,1,17,12.6444,-42918,27,H,0.4246,1.6,132.2
-1470,7,12,14.9908,-42912,32,T,-0.3600,2.9,95.0
-1469,1,6,19.8767,-42906,37,P,1.1831,65.1,9.9
-1469,6,2,22.8831,-42901,4,P,1.4237,68.6,-179.4
-1469,7,2,5.6519,-42900,42,P,-1.0770,-66.0,-131.0
-1469,11,27,1.0522,-42895,9,P,-1.1673,-69.1,153.4
-1468,5,22,15.6933,-42889,14,T,0.7155,61.6,68.7
-1468,11,15,3.4872,-42883,19,A,-0.4497,-41.5,-98.9
-1467,5,12,4.0717,-42877,24,H,-0.0476,11.4,-99.0
-1467,11,4,13.2672,-42871,29,H,0.2581,2.9,125.8
-1466,5,1,9.2347,-42865,34,A,-0.8490,-45.4,-156.9
-1466,10,25,4.1172,-42859,39,T,0.9133,54.7,-73.0
-1465,3,21,19.2172,-42854,6,P,1.2478,71.5,-36.2
-1465,9,15,8.0094,-42848,11,P,-1.1241,-71.2,139.4
-1464,3,10,1.7089,-42842,16,H,0.4502,16.5,-66.2
-1464,9,3,16.0669,-42836,21,A,-0.4408,-12.9,76.0
-1463,2,27,14.9836,-42830,26,T,-0.2999,-30.1,107.8
-1463,8,23,17.4247,-42824,31,A,0.2817,32.3,66.3
-1462,2,17,7.4642,-42818,36,T,-0.9981,-69.7,-1.2
-1462,8,12,17.7436,-42812,41,A,0.9943,72.8,-153.1
-1461,1,8,10.2914,-42807,8,A,0.9994,66.1,178.6
-1461,7,3,14.0272,-42801,13,T,-0.9914,-59.2,124.8
-1461,12,28,15.2581,-42795,18,A,0.3213,-5.2,97.6
-1460,6,22,5.9122,-42789,23,T,-0.2256,10.4,-125.4
-1460,12,16,14.6533,-42783,28,A,-0.3653,-43.7,96.1
-1459,6,11,22.9928,-42777,33,T,0.5183,51.5,-37.8
-1459,12,5,15.7631,-42771,38,P,-1.0304,-63.0,-53.5
-1458,5,3,1.8556,-42766,5,P,-1.3569,-61.1,3.0
-1458,6,1,12.6164,-42765,43,P,1.3249,62.7,-2.9
-1458,10,26,11.7975,-42760,10,P,1.1115,60.9,-141.5
-1457,4,22,5.1703,-42754,15,A,-0.6262,-27.0,-95.6
-1457,10,16,3.3253,-42748,20,T,0.4335,18.6,-76.3
-1456,4,10,5.7556,-42742,25,A,0.1365,9.5,-126.9
-1456,10,4,18.0478,-42736,30,H,-0.2502,-12.2,43.3
-1455,3,30,10.9161,-42730,35,A,0.8869,49.7,118.4
-1455,9,24,3.5203,-42724,40,A,-0.9989,-60.6,-172.2
-1454,2,18,14.6794,-42719,7,P,-1.0164,-61.9,-130.7
-1454,8,14,12.4222,-42713,12,P,1.2259,62.4,-93.0
-1453,2,8,7.1286,-42707,17,T,-0.3204,-36.5,-132.0
-1453,8,3,13.9633,-42701,22,A,0.4715,48.0,124.7
-1452,1,28,20.7950,-42695,27,H,0.4021,1.5,7.8
-1452,7,22,22.4319,-42689,32,T,-0.2987,6.0,-18.4
-1451,1,17,3.7325,-42683,37,P,1.1656,64.1,-119.4
-1451,6,13,6.3317,-42678,4,P,1.4929,67.7,55.8
-1451,7,12,13.2658,-42677,42,P,-1.0135,-65.0,102.9
-1451,12,7,9.1003,-42672,9,P,-1.1698,-68.1,19.2
-1450,6,2,22.9436,-42666,14,T,0.7928,71.4,-44.6
-1450,11,26,11.9097,-42660,19,A,-0.4479,-45.0,135.2
-1449,5,23,10.8817,-42654,24,H,0.0344,19.3,155.7
-1449,11,15,22.0414,-42648,29,T,0.2591,-0.8,-8.0
-1448,5,11,15.6042,-42642,34,A,-0.7633,-34.5,98.5
-1448,11,4,12.9928,-42636,39,T,0.9124,51.5,147.1
-1447,4,1,2.0072,-42631,6,P,1.3133,71.7,-153.6
-1447,4,30,16.2369,-42630,44,P,-1.5170,-71.0,135.5
-1447,9,25,16.2481,-42625,11,P,-1.1457,-71.6,0.2
-1446,3,21,9.0942,-42619,16,H,0.5060,23.9,178.5
-1446,9,14,23.7500,-42613,21,A,-0.4711,-18.5,-42.9
-1445,3,10,22.8292,-42607,26,T,-0.2507,-23.2,-12.6
-1445,9,4,0.6731,-42601,31,A,0.2404,26.2,-44.3
-1444,2,28,15.5122,-42595,36,T,-0.9581,-75.5,169.1
-1444,8,23,1.0261,-42589,41,A,0.9460,78.4,24.5
-1443,1,18,18.4519,-42584,8,P,1.0207,67.1,43.9
-1443,7,13,21.4725,-42578,13,P,-1.0510,-66.2,4.6
-1442,1,7,23.1492,-42572,18,A,0.3369,-4.1,-22.6
-1442,7,3,13.4589,-42566,23,T,-0.2933,6.9,119.9
-1442,12,27,22.5283,-42560,28,A,-0.3539,-44.4,-19.9
-1441,6,23,6.3756,-42554,33,T,0.4478,49.3,-144.5
-1441,12,17,0.0036,-42548,38,P,-1.0231,-63.9,171.8
-1440,5,13,8.5444,-42543,5,P,-1.4422,-61.6,-107.8
-1440,6,11,19.5706,-42542,43,P,1.2530,63.5,-118.1
-1440,11,5,20.5942,-42537,10,P,1.1108,61.3,76.2
-1439,5,2,11.5375,-42531,15,A,-0.7131,-29.6,168.6
-1439,10,26,12.1197,-42525,20,T,0.4389,14.8,149.2
-1438,4,21,12.2819,-42519,25,A,0.0544,9.6,134.9
-1438,10,16,2.5908,-42513,30,H,-0.2425,-16.3,-86.9
-1437,4,10,17.9628,-42507,35,A,0.8132,47.6,16.1
-1437,10,5,11.5692,-42501,40,A,-0.9860,-59.4,74.1
-1436,2,29,22.6719,-42496,7,P,-1.0586,-61.3,98.9
-1436,3,30,6.6933,-42495,45,P,1.5035,60.7,135.2
-1436,8,24,19.5539,-42490,12,P,1.2719,61.7,149.5
-1435,2,18,15.2569,-42484,17,T,-0.3579,-35.0,106.7
-1435,8,13,21.2372,-42478,22,A,0.5219,47.8,18.5
-1434,2,8,4.8067,-42472,27,H,0.3736,1.8,-114.4
-1434,8,3,5.9931,-42466,32,T,-0.2425,7.8,-133.1
-1433,1,28,11.4653,-42460,37,P,1.1428,63.2,113.5
-1433,7,23,20.9667,-42454,42,T,-0.9538,-48.3,-12.4
-1433,12,18,17.1094,-42449,9,P,-1.1742,-67.0,-113.7
-1432,6,13,6.1972,-42443,14,T,0.8691,81.9,-159.8
-1432,12,6,20.3261,-42437,19,A,-0.4473,-47.8,10.5
-1431,6,2,17.6872,-42431,24,A,0.1153,26.7,51.3
-1431,11,26,6.8097,-42425,29,T,0.2592,-3.9,-141.5
-1430,5,22,21.9689,-42419,34,A,-0.6776,-24.9,-3.5
-1430,11,15,21.8872,-42413,39,T,0.9127,48.9,7.2
-1429,4,12,8.7103,-42408,6,P,1.3832,71.6,90.4
-1429,5,11,22.5822,-42407,44,P,-1.4306,-70.4,25.6
-1429,10,7,0.5903,-42402,11,P,-1.1614,-71.7,-140.7
-1428,3,31,16.3717,-42396,16,T,0.5682,31.9,64.3
-1428,9,25,7.5606,-42390,21,A,-0.4941,-24.1,-163.5
-1427,3,21,6.5472,-42384,26,T,-0.1946,-15.9,-131.8
-1427,9,14,8.0994,-42378,31,A,0.2080,20.2,-158.0
-1426,3,10,23.4156,-42372,36,T,-0.9114,-68.4,17.4
-1426,9,3,8.4844,-42366,41,A,0.9055,71.8,-120.0
-1425,1,30,2.4572,-42361,8,P,1.0486,68.2,-89.0
-1425,7,25,5.0342,-42355,13,P,-1.1054,-67.2,-121.2
-1424,1,19,6.8825,-42349,18,A,0.3595,-1.8,-140.6
-1424,7,13,21.0922,-42343,23,T,-0.3564,2.8,3.4
-1423,1,7,6.3119,-42337,28,A,-0.3381,-43.7,-134.4
-1423,7,3,13.8089,-42331,33,T,0.3805,46.2,107.2
-1423,12,27,8.2031,-42325,38,A,-1.0132,-64.9,37.4
-1422,5,24,15.1939,-42320,5,P,-1.5278,-62.2,141.8
-1422,6,23,2.5408,-42319,43,P,1.1828,64.4,126.1
-1422,11,17,5.4383,-42314,10,P,1.1083,61.9,-66.9
-1421,5,13,17.8347,-42308,15,A,-0.8027,-34.0,73.9
-1421,11,6,20.9822,-42302,20,T,0.4408,11.2,13.6
-1420,5,1,18.7650,-42296,25,A,-0.0302,9.3,37.4
-1420,10,26,11.1900,-42290,30,H,-0.2384,-20.6,142.3
-1419,4,21,0.9822,-42284,35,H,0.7371,46.5,-86.5
-1419,10,15,19.6975,-42278,40,A,-0.9779,-60.4,-52.2
-1418,3,12,6.5622,-42273,7,P,-1.1062,-61.0,-29.9
-1418,4,10,14.1836,-42272,45,P,1.4371,60.7,12.5
-1418,9,5,2.8306,-42267,12,P,1.3109,61.2,29.9
-1417,3,1,23.2417,-42261,17,T,-0.4023,-33.4,-12.8
-1417,8,25,4.6833,-42255,22,A,0.5647,46.4,-91.3
-1416,2,19,12.6128,-42249,27,H,0.3355,2.2,126.8
-1416,8,13,13.7353,-42243,32,T,-0.1945,8.3,109.6
-1415,2,7,18.9969,-42237,37,P,1.1105,62.4,-10.3
-1415,8,3,4.8061,-42231,42,T,-0.9008,-40.7,-133.0
-1415,12,29,1.0253,-42226,9,P,-1.1836,-65.9,115.4
-1414,6,24,13.4831,-42220,14,T,0.9429,85.6,-71.0
-1414,12,18,4.7081,-42214,19,A,-0.4490,-49.9,-112.8
-1413,6,14,0.4547,-42208,24,A,0.1970,33.5,-51.5
-1413,12,7,15.5861,-42202,29,T,0.2593,-6.3,85.1
-1412,6,2,4.2972,-42196,34,A,-0.5902,-16.1,-103.7
-1412,11,26,6.7936,-42190,39,T,0.9137,46.7,-132.8
-1411,4,22,15.3550,-42185,6,P,1.4562,71.2,-24.6
-1411,5,22,4.9286,-42184,44,P,-1.3429,-69.6,-83.8
-1411,10,17,9.0308,-42179,11,P,-1.1718,-71.6,76.9
-1410,4,11,23.5889,-42173,16,T,0.6340,40.5,-49.6
-1410,10,6,15.4728,-42167,21,A,-0.5113,-29.5,74.5
-1409,4,1,14.1792,-42161,26,T,-0.1337,-8.2,110.0
-1409,9,25,15.6614,-42155,31,A,0.1825,14.4,86.1
-1408,3,21,7.1856,-42149,36,T,-0.8586,-59.5,-115.4
-1408,9,13,16.1208,-42143,41,A,0.8732,64.7,112.0
-1407,2,9,10.3011,-42138,8,P,1.0831,69.2,139.9
-1407,8,4,12.7422,-42132,13,P,-1.1531,-68.2,110.3
-1407,9,2,23.2189,-42131,51,P,1.5266,70.5,100.0
-1406,1,29,14.4622,-42126,18,A,0.3890,1.8,103.3
-1406,7,25,4.8406,-42120,23,T,-0.4136,-1.8,-115.5
-1405,1,18,13.9594,-42114,28,A,-0.3152,-41.4,112.6
-1405,7,14,21.3097,-42108,33,T,0.3172,42.3,-3.4
-1404,1,7,16.2981,-42102,38,A,-0.9974,-66.0,-95.8
-1404,7,3,9.5647,-42096,43,P,1.1160,65.3,9.3
-1404,11,27,14.2736,-42091,10,P,1.1066,62.6,149.9
-1403,5,24,0.1183,-42085,15,A,-0.8922,-41.0,-20.1
-1403,11,17,5.8719,-42079,20,T,0.4410,8.1,-122.4
-1402,5,13,1.2133,-42073,25,A,-0.1173,8.3,-59.6
-1402,11,6,19.8464,-42067,30,H,-0.2378,-24.9,10.9
-1401,5,2,7.9433,-42061,35,H,0.6571,45.9,171.9
-1401,10,27,3.9125,-42055,40,A,-0.9744,-62.3,177.1
-1400,3,22,14.3044,-42050,7,P,-1.1615,-60.7,-156.3
-1400,4,20,21.5769,-42049,45,P,1.3652,60.9,-108.7
-1400,9,15,10.2886,-42044,12,P,1.3414,60.8,-92.3
-1399,3,12,7.0864,-42038,17,T,-0.4535,-31.9,-130.5
-1399,9,4,12.2972,-42032,22,A,0.6000,44.2,155.2
-1398,3,1,20.2803,-42026,27,H,0.2913,3.0,10.3
-1398,8,24,21.6211,-42020,32,T,-0.1528,7.7,-9.8
-1397,2,19,2.3667,-42014,37,P,1.0711,61.7,-131.5
-1397,8,14,12.7594,-42008,42,T,-0.8534,-36.4,104.7
-1396,1,9,8.8619,-42003,9,P,-1.1971,-64.9,-13.9
-1396,7,4,20.8233,-41997,14,P,1.0130,65.7,171.2
-1396,12,28,13.0183,-41991,19,A,-0.4552,-51.0,125.8
-1395,6,24,7.2767,-41985,24,A,0.2749,39.5,-153.8
-1395,12,18,0.3144,-41979,29,T,0.2562,-8.2,-47.5
-1394,6,13,10.6514,-41973,34,A,-0.5042,-8.3,156.8
-1394,12,7,15.6719,-41967,39,T,0.9135,44.8,87.7
-1393,5,3,21.9708,-41962,6,P,1.5310,70.7,-138.7
-1393,6,2,11.3042,-41961,44,P,-1.2553,-68.7,167.0
-1393,10,28,17.5294,-41956,11,P,-1.1784,-71.2,-66.2
-1392,4,22,6.7372,-41950,16,T,0.7040,49.6,-163.2
-1392,10,16,23.4867,-41944,21,A,-0.5228,-34.7,-48.4
-1391,4,11,21.7244,-41938,26,T,-0.0681,-0.3,-7.1
-1391,10,5,23.3592,-41932,31,A,0.1637,8.9,-31.9
-1390,4,1,14.8372,-41926,36,T,-0.8002,-50.4,119.2
-1390,9,24,23.9331,-41920,41,A,0.8486,58.2,-13.5
-1389,2,20,17.9475,-41915,8,P,1.1266,70.1,11.2
-1389,8,15,20.5983,-41909,13,P,-1.1942,-69.2,-21.0
-1389,9,14,7.3086,-41908,51,P,1.4962,71.2,-36.4
-1388,2,9,21.8653,-41903,18,A,0.4267,6.5,-10.7
-1388,8,4,12.7089,-41897,23,T,-0.4648,-6.8,123.4
-1387,1,28,21.4744,-41891,28,A,-0.2853,-37.8,0.7
-1387,7,25,4.9031,-41885,33,T,0.2592,37.8,-116.4
-1386,1,18,0.3231,-41879,38,A,-0.9773,-78.5,128.5
-1386,7,14,16.6225,-41873,43,P,1.0515,66.3,-108.4
-1386,12,8,23.1119,-41868,10,P,1.1054,63.4,6.5
-1385,6,4,6.3933,-41862,15,A,-0.9813,-54.5,-109.8
-1385,11,28,14.7589,-41856,20,T,0.4414,5.5,101.7
-1384,5,23,7.6803,-41850,25,A,-0.2042,6.6,-157.0
-1384,11,17,4.5119,-41844,30,H,-0.2385,-28.9,-120.1
-1383,5,12,14.9272,-41838,35,T,0.5768,45.4,70.0
-1383,11,6,12.1425,-41832,40,A,-0.9724,-64.7,45.0
-1382,4,2,21.9708,-41827,7,P,-1.2208,-60.7,78.4
-1382,5,2,4.9567,-41826,45,P,1.2920,61.2,130.2
-1382,9,26,17.8892,-41821,12,P,1.3651,60.6,143.5
-1381,3,23,14.7742,-41815,17,T,-0.5121,-30.8,114.0
-1381,9,15,20.0914,-41809,22,A,0.6273,41.3,37.7
-1380,3,12,3.7494,-41803,27,H,0.2381,3.9,-103.1
-1380,9,4,5.6853,-41797,32,T,-0.1195,6.0,-132.1
-1379,3,1,9.5331,-41791,37,P,1.0223,61.2,110.6
-1379,8,24,20.8744,-41785,42,T,-0.8141,-34.4,-20.1
-1378,1,19,16.5764,-41780,9,P,-1.2170,-63.9,-141.0
-1378,7,16,4.2147,-41774,14,P,1.0796,64.7,48.7
-1378,8,14,13.2114,-41773,52,P,-1.5201,-62.5,68.7
-1377,1,8,21.2567,-41768,19,A,-0.4658,-51.2,5.6
-1377,7,5,14.1194,-41762,24,A,0.3510,44.5,105.1
-1377,12,29,8.9783,-41756,29,T,0.2495,-9.4,-178.9
-1376,6,23,17.0400,-41750,34,A,-0.4201,-1.5,57.7
-1376,12,18,0.5156,-41744,39,T,0.9116,43.1,-51.2
-1375,6,12,17.7303,-41738,44,P,-1.1691,-67.7,57.6
-1375,11,8,2.0664,-41733,11,P,-1.1825,-70.6,150.7
-1374,5,3,13.8719,-41727,16,T,0.7755,59.2,82.0
-1374,10,28,7.5753,-41721,21,A,-0.5297,-39.7,-171.8
-1373,4,23,5.1911,-41715,26,T,0.0018,7.7,-123.0
-1373,10,17,7.1764,-41709,31,A,0.1509,3.7,-151.7
-1372,4,11,22.3839,-41703,36,T,-0.7369,-41.4,-2.2
-1372,10,5,7.8814,-41697,41,A,0.8301,52.4,-139.3
-1371,3,3,1.4314,-41692,8,P,1.1769,70.8,-115.6
-1371,4,1,12.7453,-41691,46,P,-1.5280,-71.5,-142.6
-1371,8,26,4.6153,-41686,13,P,-1.2282,-70.0,-155.2
-1371,9,24,15.5469,-41685,51,P,1.4723,71.5,-175.4
-1370,2,20,5.1056,-41680,18,A,0.4717,12.2,-122.9
-1370,8,15,20.6894,-41674,23,T,-0.5101,-12.1,0.2
-1369,2,9,4.8444,-41668,28,A,-0.2481,-32.9,-110.2
-1369,8,5,12.5997,-41662,33,T,0.2075,32.8,128.0
-1368,1,29,8.1944,-41656,38,A,-0.9492,-83.7,-42.8
-1368,7,24,23.7875,-41650,43,A,0.9934,72.3,130.2
-1368,12,19,7.8872,-41645,10,P,1.1072,64.3,-136.3
-1367,6,14,12.7097,-41639,15,P,-1.0678,-63.6,156.2
-1367,12,8,23.6097,-41633,20,T,0.4432,3.8,-33.5
-1366,6,3,14.1800,-41627,25,A,-0.2899,4.2,104.7
-1366,11,28,13.1800,-41621,30,A,-0.2400,-32.4,109.5
-1365,5,23,21.8869,-41615,35,T,0.4943,44.6,-31.2
-1365,11,17,20.4183,-41609,40,A,-0.9735,-67.2,-90.3
-1364,4,13,5.5278,-41604,7,P,-1.2855,-60.8,-45.3
-1364,5,12,12.2931,-41603,45,P,1.2162,61.6,9.7
-1364,10,7,1.6389,-41598,12,P,1.3816,60.6,17.1
-1363,4,2,22.3494,-41592,17,T,-0.5757,-30.2,0.0
-1363,9,26,4.0542,-41586,22,A,0.6468,38.1,-83.5
-1362,3,23,11.0833,-41580,27,H,0.1792,4.9,145.9
-1362,9,15,13.8853,-41574,32,T,-0.0924,3.4,103.5
-1361,3,12,16.5533,-41568,37,A,0.9669,54.3,18.6
-1361,9,5,5.1161,-41562,42,T,-0.7810,-33.9,-146.8
-1360,1,31,0.1619,-41557,9,P,-1.2435,-63.0,94.3
-1360,7,26,11.7081,-41551,14,P,1.1403,63.7,-75.0
-1360,8,24,21.2181,-41550,52,P,-1.4850,-61.9,-62.1
-1359,1,19,5.3933,-41545,19,A,-0.4825,-50.7,-113.1
-1359,7,15,21.0464,-41539,24,A,0.4217,48.2,4.0
-1358,1,8,17.5500,-41533,29,T,0.2376,-10.1,51.1
-1358,7,4,23.5153,-41527,34,A,-0.3401,4.1,-41.8
-1358,12,29,9.2653,-41521,39,T,0.9054,41.3,171.4
-1357,6,24,0.2331,-41515,44,P,-1.0855,-66.7,-52.5
-1357,11,19,10.6167,-41510,11,P,-1.1851,-69.7,8.0
-1356,5,13,20.9911,-41504,16,T,0.8487,69.4,-36.7
-1356,11,7,15.6975,-41498,21,A,-0.5343,-44.3,65.2
-1355,5,3,12.6133,-41492,26,T,0.0743,15.7,122.0
-1355,10,27,15.0989,-41486,31,A,0.1429,-1.0,87.2
-1354,4,23,5.8250,-41480,36,T,-0.6687,-32.5,-120.7
-1354,10,16,15.9778,-41474,41,A,0.8181,47.4,93.6
-1353,3,14,8.7283,-41469,8,P,1.2353,71.4,119.9
-1353,4,12,19.9397,-41468,46,P,-1.4667,-71.4,94.0
-1353,9,6,12.7872,-41463,13,P,-1.2549,-70.7,67.6
-1353,10,5,23.9381,-41462,51,P,1.4553,71.7,43.1
-1352,3,2,12.1511,-41457,18,A,0.5256,19.1,127.3
-1352,8,26,4.8164,-41451,23,T,-0.5478,-17.5,-125.6
-1351,2,19,12.0844,-41445,28,A,-0.2042,-27.1,139.8
-1351,8,15,20.3947,-41439,33,T,0.1616,27.5,10.0
-1350,2,8,15.9786,-41433,38,A,-0.9158,-80.0,139.2
-1350,8,5,7.0303,-41427,43,A,0.9399,83.8,-51.1
-1350,12,30,16.6061,-41422,10,P,1.1125,65.3,81.4
-1349,6,25,19.0686,-41416,15,P,-1.1519,-64.6,49.5
-1349,12,20,8.4117,-41410,20,T,0.4473,2.9,-167.8
-1348,6,13,20.7586,-41404,25,A,-0.3727,1.0,4.8
-1348,12,8,21.7847,-41398,30,A,-0.2392,-35.1,-19.3
-1347,6,3,4.9250,-41392,35,T,0.4146,43.3,-133.8
-1347,11,28,4.6656,-41386,40,A,-0.9739,-69.8,134.2
-1346,4,24,13.0242,-41381,7,P,-1.3532,-61.0,-168.0
-1346,5,23,19.6350,-41380,45,P,1.1401,62.2,-111.0
-1346,10,18,9.5036,-41375,12,P,1.3929,60.7,-111.0
-1345,4,14,5.8025,-41369,17,T,-0.6448,-30.5,-112.2
-1345,10,7,12.1664,-41363,22,A,0.6600,34.7,152.3
-1344,4,2,18.2406,-41357,27,H,0.1122,5.8,37.7
-1344,9,25,22.2564,-41351,32,T,-0.0731,0.1,-23.8
-1343,3,22,23.4006,-41345,37,A,0.9031,49.4,-77.9
-1343,9,15,13.4967,-41339,42,T,-0.7547,-34.9,84.5
-1342,2,10,7.6108,-41334,9,P,-1.2772,-62.3,-28.2
-1342,8,6,19.2969,-41328,14,P,1.1956,62.9,160.2
-1342,9,5,5.3517,-41327,52,P,-1.4566,-61.4,165.4
-1341,1,30,13.4072,-41322,19,A,-0.5061,-49.4,129.5
-1341,7,27,4.0458,-41316,24,A,0.4878,50.5,-97.2
-1340,1,20,2.0211,-41310,29,T,0.2203,-10.3,-77.2
-1340,7,15,6.0800,-41304,34,A,-0.2647,8.4,-141.9
-1339,1,8,17.9269,-41298,39,T,0.8952,39.5,35.8
-1339,7,4,6.8461,-41292,44,A,-1.0061,-65.7,-163.7
-1339,11,29,19.1658,-41287,11,P,-1.1873,-68.8,-134.1
-1338,5,25,4.1156,-41281,16,T,0.9222,79.4,-176.3
-1338,11,18,23.8508,-41275,21,A,-0.5367,-48.5,-57.1
-1337,5,14,20.0075,-41269,26,T,0.1487,23.5,8.0
-1337,11,7,23.0814,-41263,31,A,0.1379,-5.3,-34.6
-1336,5,3,13.2072,-41257,36,T,-0.5980,-24.0,122.7
-1336,10,27,0.1733,-41251,41,A,0.8100,42.9,-34.5
-1335,3,24,15.8881,-41246,8,P,1.2990,71.7,-2.9
-1335,4,23,3.0539,-41245,46,P,-1.4024,-71.2,-27.9
-1335,9,16,21.0925,-41240,13,P,-1.2758,-71.2,-72.0
-1335,10,16,8.4267,-41239,51,P,1.4425,71.5,-100.0
-1334,3,13,19.0539,-41234,18,A,0.5859,26.7,18.9
-1334,9,6,13.0719,-41228,23,T,-0.5790,-22.9,106.6
-1333,3,2,19.1539,-41222,28,A,-0.1513,-20.3,31.4
-1333,8,27,4.3239,-41216,33,T,0.1231,22.0,-110.6
-1332,2,19,23.6064,-41210,38,A,-0.8738,-72.3,1.8
-1332,8,15,14.4108,-41204,43,A,0.8938,77.6,143.6
-1331,1,10,1.2092,-41199,10,P,1.1238,66.4,-59.6
-1331,2,8,11.1547,-41198,48,P,-1.5290,-69.1,-59.4
-1331,7,6,1.5381,-41193,15,P,-1.2301,-65.5,-59.1
-1331,12,30,17.1358,-41187,20,T,0.4551,3.1,59.0
-1330,6,25,3.4022,-41181,25,A,-0.4528,-3.1,-96.6
-1330,12,20,6.3461,-41175,30,A,-0.2369,-36.8,-146.8
-1329,6,14,12.0003,-41169,35,T,0.3360,41.3,122.7
-1329,12,9,12.8822,-41163,40,A,-0.9735,-72.4,-1.7
-1328,5,4,20.4561,-41158,7,P,-1.4242,-61.4,70.1
-1328,6,3,2.9903,-41157,45,P,1.0642,62.9,127.9
-1328,10,28,17.4850,-41152,12,P,1.3987,61.0,119.1
-1327,4,24,13.1769,-41146,17,T,-0.7174,-31.9,136.6
-1327,10,17,20.4019,-41140,22,A,0.6680,31.2,25.6
-1326,4,14,1.2919,-41134,27,A,0.0409,6.4,-68.7
-1326,10,7,6.7503,-41128,32,T,-0.0592,-3.7,-153.0
-1325,4,3,6.0936,-41122,37,A,0.8322,46.8,-175.2
-1325,9,26,22.0047,-41116,42,T,-0.7348,-37.0,-46.2
-1324,2,21,14.9281,-41111,9,P,-1.3176,-61.7,-148.4
-1324,8,17,3.0044,-41105,14,P,1.2441,62.2,33.9
-1324,9,15,13.6050,-41104,52,P,-1.4346,-61.0,31.3
-1323,2,9,21.2997,-41099,19,A,-0.5366,-47.8,13.3
-1323,8,6,11.1675,-41093,24,A,0.5468,51.3,160.1
-1322,1,30,10.3736,-41087,29,T,0.1965,-10.0,156.3
-1322,7,26,12.7542,-41081,34,A,-0.1947,11.5,116.9
-1321,1,20,2.4661,-41075,39,T,0.8791,37.6,-97.5
-1321,7,15,13.5911,-41069,44,A,-0.9318,-44.6,93.8
-1321,12,11,3.6458,-41064,11,P,-1.1923,-67.7,85.6
-1320,6,4,11.2836,-41058,16,T,0.9944,72.4,-18.0
-1320,11,29,7.9858,-41052,21,A,-0.5398,-52.2,-177.8
-1319,5,25,3.3958,-41046,26,T,0.2236,31.0,-105.3
-1319,11,18,7.1067,-41040,31,A,0.1346,-9.1,-156.7
-1318,5,14,20.5267,-41034,36,T,-0.5244,-15.8,7.8
-1318,11,7,8.4706,-41028,41,A,0.8063,39.2,-163.9
-1317,4,4,22.8583,-41023,8,P,1.3708,71.7,-123.0
-1317,5,4,10.0317,-41022,46,P,-1.3322,-70.7,-147.4
-1317,9,28,5.5550,-41017,13,P,-1.2897,-71.5,145.6
-1317,10,27,17.0417,-41016,51,P,1.4354,71.1,115.3
-1316,3,24,1.7900,-41011,18,A,0.6539,35.3,-87.9
-1316,9,16,21.4619,-41005,23,T,-0.6034,-28.3,-23.3
-1315,3,13,2.1144,-40999,28,A,-0.0924,-13.0,-76.1
-1315,9,6,12.3728,-40993,33,T,0.0914,16.4,126.6
-1314,3,2,7.1436,-40987,38,A,-0.8263,-64.0,-122.9
-1314,8,26,21.8858,-40981,43,A,0.8532,69.9,17.0
-1313,1,21,9.7317,-40976,10,P,1.1394,67.4,160.1
-1313,2,19,19.2056,-40975,48,P,-1.4916,-70.0,165.9
-1313,7,17,8.1094,-40970,15,P,-1.3027,-66.6,-169.6
-1312,1,11,1.7483,-40964,20,T,0.4680,4.4,-72.6
-1312,7,5,10.1867,-40958,25,A,-0.5266,-7.8,159.1
-1312,12,30,14.8025,-40952,30,A,-0.2307,-37.3,87.6
-1311,6,24,19.1814,-40946,35,T,0.2617,38.5,17.0
-1311,12,19,21.0100,-40940,40,A,-0.9696,-75.6,-135.7
-1310,5,16,3.8719,-40935,7,P,-1.4957,-61.9,-51.7
-1310,6,14,10.3983,-40934,45,T,0.9907,69.1,15.3
-1310,11,9,1.5325,-40929,12,P,1.4018,61.4,-11.9
-1309,5,5,20.4500,-40923,17,T,-0.7942,-34.8,27.0
-1309,10,29,4.7519,-40917,22,A,0.6711,27.9,-103.2
-1308,4,24,8.2092,-40911,27,A,-0.0361,6.6,-172.9
-1308,10,17,15.3597,-40905,32,T,-0.0506,-7.8,76.0
-1307,4,13,12.6603,-40899,37,A,0.7554,45.2,88.9
-1307,10,7,6.6428,-40893,42,T,-0.7216,-40.0,-178.9
-1306,3,3,22.1058,-40888,9,P,-1.3651,-61.2,93.5
-1306,4,2,13.0831,-40887,47,P,1.4985,60.6,25.3
-1306,8,28,10.8211,-40882,14,P,1.2864,61.6,-93.9
-1306,9,26,21.9808,-40881,52,P,-1.4191,-60.8,-104.6
-1305,2,21,5.0708,-40876,19,H,-0.5739,-46.0,-101.8
-1305,8,17,18.4050,-40870,24,A,0.5994,50.8,55.0
-1304,2,10,18.5967,-40864,29,T,0.1657,-9.2,31.8
-1304,8,5,19.5756,-40858,34,A,-0.1318,13.3,13.9
-1303,1,30,10.8981,-40852,39,T,0.8578,36.0,131.5
-1303,7,25,20.4667,-40846,44,A,-0.8627,-35.8,-12.6
-1303,12,21,12.0728,-40841,11,P,-1.1992,-66.6,-53.4
-1302,6,15,18.5094,-40835,16,P,1.0646,67.4,-143.3
-1302,12,10,16.0867,-40829,21,A,-0.5439,-55.1,63.5
-1301,6,5,10.7922,-40823,26,T,0.2982,38.1,142.3
-1301,11,29,15.1403,-40817,31,A,0.1315,-12.2,81.3
-1300,5,25,3.8378,-40811,36,T,-0.4509,-8.3,-106.3
-1300,11,17,16.7922,-40805,41,A,0.8029,36.0,66.4
-1299,4,15,5.7322,-40800,8,P,1.4458,71.5,118.4
-1299,5,14,16.9806,-40799,46,P,-1.2611,-70.0,93.9
-1299,10,8,14.1372,-40794,13,P,-1.2986,-71.6,1.2
-1299,11,7,1.7175,-40793,51,P,1.4304,70.5,-29.8
-1298,4,4,8.3936,-40788,18,A,0.7279,44.7,166.1
-1298,9,28,5.9733,-40782,23,T,-0.6217,-33.7,-154.9
-1297,3,24,8.9389,-40776,28,A,-0.0260,-5.1,178.0
-1297,9,17,20.5600,-40770,33,H,0.0674,10.8,1.4
-1296,3,12,14.5339,-40764,38,A,-0.7705,-55.2,117.5
-1296,9,6,5.5228,-40758,43,A,0.8213,62.8,-105.0
-1295,1,31,18.1194,-40753,10,P,1.1619,68.5,21.4
-1295,3,2,3.1214,-40752,48,P,-1.4471,-70.7,32.7
-1295,7,27,14.8144,-40747,15,P,-1.3687,-67.6,77.4
-1294,1,21,10.2494,-40741,20,T,0.4862,6.8,157.2
-1294,7,16,17.0889,-40735,25,A,-0.5951,-13.2,52.5
-1293,1,10,23.1433,-40729,30,A,-0.2190,-36.4,-36.3
-1293,7,6,2.4433,-40723,35,T,0.1903,35.0,-90.6
-1293,12,31,5.0550,-40717,40,A,-0.9620,-79.5,90.0
-1292,6,24,17.8628,-40711,45,T,0.9192,80.8,-53.7
-1292,11,19,9.6244,-40706,12,P,1.4032,62.0,-143.7
-1291,5,16,3.6867,-40700,17,T,-0.8723,-39.8,-81.8
-1291,11,8,13.1867,-40694,22,A,0.6710,24.8,126.5
-1290,5,5,15.0350,-40688,27,A,-0.1168,6.3,84.3
-1290,10,29,0.0639,-40682,32,T,-0.0460,-11.9,-56.4
-1289,4,24,19.1247,-40676,37,A,0.6738,44.3,-5.5
-1289,10,18,15.3706,-40670,42,T,-0.7127,-43.6,47.3
-1288,3,14,5.1642,-40665,9,P,-1.4191,-60.9,-22.6
-1288,4,12,19.6317,-40664,47,P,1.4205,60.6,-83.1
-1288,9,7,18.7733,-40659,14,P,1.3215,61.1,136.5
-1288,10,7,6.4639,-40658,52,P,-1.4092,-60.8,117.9
-1287,3,3,12.7369,-40653,19,H,-0.6178,-44.2,144.2
-1287,8,28,1.7603,-40647,24,A,0.6455,49.4,-53.0
-1286,2,21,2.6994,-40641,29,T,0.1281,-8.2,-90.8
-1286,8,17,2.5436,-40635,34,A,-0.0758,13.8,-91.1
-1285,2,10,19.1622,-40629,39,T,0.8283,34.3,3.7
-1285,8,6,3.5197,-40623,44,A,-0.8011,-30.5,-121.3
-1284,1,1,20.3783,-40618,11,P,-1.2116,-65.5,170.0
-1284,6,26,1.8275,-40612,16,P,1.1309,66.4,94.6
-1284,7,25,11.0419,-40611,54,P,-1.4893,-63.8,109.3
-1284,12,21,0.0956,-40606,21,A,-0.5523,-57.1,-52.5
-1283,6,15,18.2358,-40600,26,T,0.3708,44.5,30.6
-1283,12,9,23.1683,-40594,31,A,0.1275,-14.7,-40.3
-1282,6,5,11.1100,-40588,36,T,-0.3759,-1.2,140.9
-1282,11,29,1.1719,-40582,41,A,0.8014,33.4,-64.0
-1281,4,26,12.4647,-40577,8,P,1.5267,71.1,2.3
-1281,5,25,23.8511,-40576,46,P,-1.1866,-69.2,-23.1
-1281,10,19,22.8383,-40571,13,P,-1.3024,-71.4,-145.0
-1281,11,18,10.4528,-40570,51,P,1.4278,69.7,-175.3
-1280,4,14,14.8786,-40565,18,A,0.8073,55.1,59.4
-1280,10,8,14.6111,-40559,23,T,-0.6338,-38.9,72.1
-1279,4,3,15.6919,-40553,28,A,0.0446,3.0,72.8
-1279,9,28,4.8439,-40547,33,H,0.0489,5.4,-125.3
-1278,3,23,21.8583,-40541,38,H,-0.7102,-46.3,0.6
-1278,9,17,13.2658,-40535,43,A,0.7954,56.3,133.1
-1277,2,12,2.3847,-40530,10,P,1.1908,69.4,-116.1
-1277,3,13,10.9214,-40529,48,P,-1.3965,-71.2,-99.2
-1277,8,7,21.6683,-40524,15,P,-1.4274,-68.6,-38.4
-1277,9,6,14.8169,-40523,53,P,1.5325,70.8,-149.9
-1276,2,1,18.6117,-40518,20,T,0.5111,10.3,28.8
-1276,7,27,0.1581,-40512,25,A,-0.6565,-18.9,-57.4
-1275,1,21,7.3339,-40506,30,A,-0.2007,-34.0,-158.4
-1275,7,16,9.8531,-40500,35,T,0.1255,30.8,158.6
-1274,1,10,12.9667,-40494,40,A,-0.9485,-84.2,-50.3
-1274,7,6,1.4014,-40488,45,T,0.8514,81.2,-106.7
-1274,11,30,17.7297,-40483,12,P,1.4043,62.8,84.2
-1273,5,27,10.8781,-40477,17,T,-0.9513,-48.6,171.8
-1273,11,19,21.6617,-40471,22,A,0.6696,22.1,-4.3
-1272,5,15,21.7883,-40465,27,A,-0.2000,5.2,-17.5
-1272,11,8,8.8436,-40459,32,T,-0.0451,-16.0,170.4
-1271,5,5,1.5078,-40453,37,A,0.5883,43.6,-98.4
-1271,10,29,0.1836,-40447,42,T,-0.7083,-47.8,-87.6
-1270,3,25,12.1150,-40442,9,P,-1.4786,-60.7,-137.1
-1270,4,24,2.1019,-40441,47,P,1.3379,60.9,169.7
-1270,9,19,2.8472,-40436,14,P,1.3499,60.8,5.1
-1270,10,18,15.0489,-40435,52,P,-1.4049,-60.9,-21.0
-1269,3,14,20.2675,-40430,19,T,-0.6692,-42.9,31.8
-1269,9,8,9.2614,-40424,24,A,0.6835,47.3,-164.7
-1268,3,3,10.6769,-40418,29,T,0.0837,-6.9,148.5
-1268,8,27,9.6703,-40412,34,A,-0.0277,13.1,161.4
-1267,2,21,3.3089,-40406,39,T,0.7933,33.2,-121.6
-1267,8,16,10.7403,-40400,44,A,-0.7469,-27.4,127.8
-1266,1,12,4.5850,-40395,11,P,-1.2280,-64.5,35.4
-1266,7,7,9.2250,-40389,16,P,1.1940,65.4,-28.2
-1266,8,5,18.5644,-40388,54,P,-1.4312,-63.0,-14.5
-1265,1,1,8.0269,-40383,21,A,-0.5640,-58.2,-166.4
-1265,6,27,1.7375,-40377,26,T,0.4405,49.9,-80.2
-1265,12,21,7.1278,-40371,31,A,0.1197,-16.6,-160.6
-1264,6,15,18.4272,-40365,36,T,-0.3036,4.9,28.3
-1264,12,9,9.5253,-40359,41,A,0.7974,31.1,166.0
-1263,6,5,6.7231,-40353,46,P,-1.1127,-68.3,-139.5
-1263,10,30,7.6100,-40348,13,P,-1.3035,-70.9,68.2
-1263,11,28,19.1925,-40347,51,P,1.4249,68.8,39.9
-1262,4,25,21.2783,-40342,18,A,0.8905,66.4,-53.0
-1262,10,19,23.3394,-40336,23,T,-0.6412,-43.8,-61.7
-1261,4,14,22.3228,-40330,28,A,0.1220,11.5,-30.6
-1261,10,9,13.2508,-40324,33,H,0.0373,0.3,106.3
-1260,4,3,5.0714,-40318,38,H,-0.6432,-37.4,-114.0
-1260,9,27,21.1400,-40312,43,A,0.7766,50.4,10.0
-1259,2,22,10.5072,-40307,10,P,1.2271,70.2,107.9
-1259,3,23,18.6075,-40306,48,P,-1.3398,-71.6,130.2
-1259,8,18,4.6903,-40301,15,P,-1.4779,-69.5,-157.3
-1259,9,16,22.2606,-40300,53,P,1.5024,71.4,83.4
-1258,2,12,2.8306,-40295,20,T,0.5430,15.0,-98.0
-1258,8,7,7.3697,-40289,25,A,-0.7115,-25.1,-170.1
-1257,2,1,15.3847,-40283,30,A,-0.1763,-30.4,80.8
-1257,7,27,17.3869,-40277,35,T,0.0662,26.1,45.2
-1256,1,21,20.7364,-40271,40,A,-0.9287,-87.0,106.6
-1256,7,16,9.0439,-40265,45,T,0.7885,75.7,166.8
-1256,12,11,1.8344,-40260,12,P,1.4054,63.7,-48.3
-1255,6,6,18.0619,-40254,17,P,-1.0300,-63.2,72.5
-1255,7,6,1.9364,-40253,55,P,1.5161,65.7,107.5
-1255,11,30,6.1669,-40248,22,A,0.6676,20.0,-135.5
-1254,5,27,4.5017,-40242,27,A,-0.2840,3.2,-118.8
-1254,11,19,17.6581,-40236,32,T,-0.0450,-19.6,37.0
-1253,5,16,7.8331,-40230,37,A,0.4999,42.6,169.7
-1253,11,9,9.0458,-40224,42,T,-0.7064,-52.2,137.4
-1252,4,4,18.9897,-40219,9,P,-1.5425,-60.7,109.6
-1252,5,4,8.5528,-40218,47,P,1.2528,61.2,62.6
-1252,9,29,11.0244,-40213,14,P,1.3727,60.6,-127.7
-1252,10,28,23.6817,-40212,52,P,-1.4034,-61.2,-160.8
-1251,3,25,3.7214,-40207,19,T,-0.7255,-42.2,-79.6
-1251,9,18,16.8906,-40201,24,A,0.7145,44.8,80.3
-1250,3,14,18.5281,-40195,29,T,0.0324,-5.5,29.8
-1250,9,7,16.9614,-40189,34,A,0.0126,11.4,51.2
-1249,3,4,11.2922,-40183,39,T,0.7504,32.3,116.2
-1249,8,27,18.1597,-40177,44,A,-0.7012,-26.1,14.0
-1248,1,23,12.6117,-40172,11,P,-1.2527,-63.6,-96.1
-1248,2,22,1.3222,-40171,49,P,1.5180,61.8,-131.1
-1248,7,17,16.7661,-40166,16,P,1.2510,64.5,-152.8
-1248,8,16,2.2825,-40165,54,P,-1.3813,-62.2,-141.0
-1247,1,11,15.8297,-40160,21,A,-0.5821,-58.2,81.9
-1247,7,7,9.3064,-40154,26,T,0.5071,54.3,169.8
-1247,12,31,15.0297,-40148,31,A,0.1084,-17.8,80.2
-1246,6,27,1.7558,-40142,36,T,-0.2321,10.2,-83.8
-1246,12,20,17.8608,-40136,41,A,0.7919,29.3,36.4
-1245,6,16,13.5683,-40130,46,P,-1.0381,-67.3,105.0
-1245,11,10,16.4606,-40125,13,P,-1.3014,-70.2,-79.4
-1245,12,10,3.9381,-40124,51,P,1.4217,67.7,-104.4
-1244,5,6,3.6144,-40119,18,A,0.9763,75.7,156.2
-1244,10,30,8.1344,-40113,23,T,-0.6452,-48.6,164.5
-1243,4,25,4.9347,-40107,28,A,0.2012,20.1,-133.7
-1243,10,19,21.7369,-40101,33,H,0.0303,-4.6,-23.2
-1242,4,14,12.2275,-40095,38,T,-0.5722,-28.5,132.8
-1242,10,9,5.1114,-40089,43,A,0.7632,45.1,-114.3
-1241,3,5,18.5125,-40084,10,P,1.2695,70.9,-26.8
-1241,4,4,2.2086,-40083,48,P,-1.2781,-71.7,0.7
-1241,8,29,11.8836,-40078,15,P,-1.5203,-70.3,80.7
-1241,9,28,5.8433,-40077,53,P,1.4788,71.7,-45.9
-1240,2,23,10.8939,-40072,20,T,0.5822,20.6,137.0
-1240,8,17,14.7808,-40066,25,A,-0.7576,-31.2,73.5
-1239,2,11,23.2694,-40060,30,A,-0.1445,-25.7,-38.3
-1239,8,7,1.0686,-40054,35,T,0.0136,21.0,-71.2
-1238,2,1,4.3439,-40048,40,A,-0.9016,-81.7,-64.8
-1238,7,27,16.8006,-40042,45,T,0.7314,69.2,59.6
-1238,12,22,9.8711,-40037,12,P,1.4105,64.6,180.0
-1237,6,18,1.2497,-40031,17,P,-1.1075,-64.0,-46.4
-1237,7,17,9.4869,-40030,55,P,1.4588,66.6,-17.7
-1237,12,11,14.6522,-40025,22,A,0.6673,18.6,93.6
-1236,6,6,11.1983,-40019,27,A,-0.3680,0.4,139.7
-1236,11,30,2.4761,-40013,32,T,-0.0448,-22.6,-96.0
-1235,5,26,14.1406,-40007,37,A,0.4107,41.1,78.1
-1235,11,19,17.9531,-40001,42,T,-0.7069,-56.7,2.8
-1234,5,15,14.9508,-39995,47,P,1.1641,61.7,-43.7
-1234,10,10,19.3172,-39990,14,P,1.3892,60.6,97.8
-1234,11,9,8.3856,-39989,52,P,-1.4060,-61.6,58.4
-1233,4,5,11.0733,-39984,19,T,-0.7875,-42.6,170.6
-1233,9,30,0.6578,-39978,24,A,0.7381,42.0,-38.0
-1232,3,25,2.2714,-39972,29,T,-0.0247,-4.2,-87.3
-1232,9,18,0.4242,-39966,34,A,0.0445,8.8,-61.9
-1231,3,14,19.1633,-39960,39,T,0.7022,32.0,-3.7
-1231,9,7,1.7328,-39954,44,A,-0.6621,-26.2,-101.9
-1230,2,2,20.5136,-39949,11,P,-1.2827,-62.7,134.5
-1230,3,4,9.0372,-39948,49,P,1.4798,61.3,102.7
-1230,7,29,0.4194,-39943,16,P,1.3033,63.6,81.2
-1230,8,27,10.1464,-39942,54,P,-1.3375,-61.6,90.5
-1229,1,22,23.4847,-39937,21,A,-0.6069,-57.5,-27.9
-1229,7,18,16.9694,-39931,26,T,0.5689,57.1,60.1
-1228,1,11,22.8178,-39925,31,A,0.0909,-18.4,-37.2
-1228,7,7,9.1594,-39919,36,T,-0.1653,14.5,163.7
-1228,12,31,2.1092,-39913,41,A,0.7810,27.5,-91.7
-1227,6,26,20.4636,-39907,46,A,-0.9665,-52.1,-8.8
-1227,11,21,1.3303,-39902,13,P,-1.2990,-69.4,133.4
-1227,12,20,12.6303,-39901,51,P,1.4155,66.7,112.7
-1226,5,17,9.8931,-39896,18,P,1.0644,69.9,10.4
-1226,11,10,16.9833,-39890,23,T,-0.6465,-53.1,31.0
-1225,5,6,11.4881,-39884,28,A,0.2843,28.7,124.5
-1225,10,31,6.2936,-39878,33,A,0.0274,-9.0,-153.5
-1224,4,24,19.3236,-39872,38,T,-0.4970,-19.9,21.1
-1224,10,19,13.1956,-39866,43,A,0.7557,40.5,120.1
-1223,3,16,2.3889,-39861,10,P,1.3184,71.3,-160.0
-1223,4,14,9.7239,-39860,48,P,-1.2117,-71.5,-127.5
-1223,9,8,19.2389,-39855,15,P,-1.5551,-71.0,-44.3
-1223,10,8,13.5608,-39854,53,P,1.4614,71.7,-177.3
-1222,3,5,18.8161,-39849,20,T,0.6280,27.2,13.5
-1222,8,28,22.3589,-39843,25,A,-0.7961,-37.4,-45.9
-1221,2,23,6.9731,-39837,30,A,-0.1046,-20.0,-155.7
-1221,8,18,8.9072,-39831,35,T,-0.0318,15.6,169.4
-1220,2,12,11.7939,-39825,40,A,-0.8674,-74.4,167.9
-1220,8,7,0.6747,-39819,45,T,0.6800,62.4,-55.7
-1219,1,1,17.8492,-39814,12,P,1.4187,65.7,48.8
-1219,6,28,8.4792,-39808,17,P,-1.1819,-65.0,-166.2
-1219,7,27,17.1253,-39807,55,P,1.4063,67.6,-144.7
-1219,12,21,23.1153,-39802,22,A,0.6690,18.1,-36.8
-1218,6,17,17.8875,-39796,27,A,-0.4513,-3.5,37.8
-1218,12,11,11.2858,-39790,32,T,-0.0436,-24.7,131.6
-1217,6,6,20.4583,-39784,37,A,0.3222,39.1,-14.0
-1217,12,1,2.8381,-39778,42,T,-0.7066,-60.9,-129.8
-1216,5,25,21.3975,-39772,47,P,1.0766,62.3,-150.9
-1216,10,21,3.6928,-39767,14,P,1.4006,60.8,-37.9
-1216,11,19,17.0978,-39766,52,P,-1.4101,-62.2,-82.8
-1215,4,15,18.3753,-39761,19,T,-0.8528,-44.3,61.8
-1215,10,10,8.5222,-39755,24,A,0.7562,39.3,-158.6
-1214,4,5,9.9117,-39749,29,T,-0.0874,-3.0,157.3
-1214,9,29,8.0403,-39743,34,A,0.0692,5.7,-177.5
-1213,3,26,2.8647,-39737,39,T,0.6458,32.0,-120.3
-1213,9,18,9.5083,-39731,44,A,-0.6319,-27.7,139.1
-1212,2,14,4.2153,-39726,11,P,-1.3218,-62.0,8.4
-1212,3,14,16.5631,-39725,49,P,1.4331,61.0,-20.5
-1212,8,8,8.2222,-39720,16,P,1.3489,62.8,-46.7
-1212,9,6,18.1836,-39719,54,P,-1.3014,-61.1,-40.4
-1211,2,2,6.9778,-39714,21,A,-0.6394,-56.2,-136.0
-1211,7,29,0.7378,-39708,26,T,0.6254,58.4,-50.4
-1210,1,22,6.5008,-39702,31,A,0.0678,-18.4,-152.9
-1210,7,18,16.6078,-39696,36,T,-0.1014,17.6,51.1
-1209,1,11,10.2975,-39690,41,A,0.7663,26.1,141.3
-1209,7,8,3.3919,-39684,46,A,-0.8972,-39.9,-118.1
-1209,12,2,10.2089,-39679,13,P,-1.2967,-68.4,-13.4
-1209,12,31,21.2631,-39678,51,P,1.4060,65.6,-28.8
-1208,5,27,16.1769,-39673,18,P,1.1519,69.0,-97.5
-1208,11,21,1.8631,-39667,23,T,-0.6463,-57.1,-101.3
-1207,5,16,18.0519,-39661,28,A,0.3675,37.2,23.1
-1207,11,10,14.8856,-39655,33,A,0.0270,-12.9,76.0
-1206,5,6,2.4075,-39649,38,T,-0.4199,-11.5,-89.9
-1206,10,30,21.3342,-39643,43,A,0.7517,36.5,-6.3
-1205,3,27,10.1447,-39638,10,P,1.3732,71.6,68.3
-1205,4,25,17.1764,-39637,48,P,-1.1418,-71.2,105.6
-1205,10,19,21.3906,-39631,53,P,1.4493,71.5,49.6
-1204,3,16,2.5933,-39626,20,T,0.6804,34.6,-108.5
-1204,9,8,6.1114,-39620,25,A,-0.8269,-43.4,-168.5
-1203,3,5,14.5103,-39614,30,A,-0.0573,-13.5,88.7
-1203,8,28,16.9089,-39608,35,T,-0.0696,10.1,47.2
-1202,2,22,19.0478,-39602,40,A,-0.8240,-66.4,49.4
-1202,8,18,8.6836,-39596,45,T,0.6354,55.8,-175.8
-1201,1,13,1.7161,-39591,12,P,1.4327,66.7,-81.3
-1201,2,11,18.8817,-39590,50,P,-1.5351,-69.5,170.1
-1201,7,9,15.7653,-39585,17,P,-1.2523,-66.0,72.9
-1201,8,8,0.8864,-39584,55,P,1.3603,68.6,85.9
-1200,1,2,7.4897,-39579,22,A,0.6758,18.7,-166.0
-1200,6,28,0.6222,-39573,27,A,-0.5311,-8.1,-65.4
-1200,12,21,20.0542,-39567,32,T,-0.0403,-25.9,0.1
-1199,6,17,2.7875,-39561,37,A,0.2344,36.1,-106.8
-1199,12,11,11.7200,-39555,42,T,-0.7065,-64.6,100.1
-1198,6,6,3.8497,-39549,47,A,0.9885,68.7,114.3
-1198,11,1,12.1419,-39544,14,P,1.4082,61.1,-174.8
-1198,12,1,1.8136,-39543,52,P,-1.4147,-63.0,135.8
-1197,4,27,1.6003,-39538,19,T,-0.9229,-48.5,-44.1
-1197,10,21,16.4967,-39532,24,A,0.7685,36.7,78.3
-1196,4,15,17.4800,-39526,29,T,-0.1542,-2.2,43.0
-1196,10,9,15.7786,-39520,34,A,0.0883,2.1,64.8
-1195,4,5,10.4794,-39514,39,T,0.5854,32.3,124.9
-1195,9,28,17.4261,-39508,44,A,-0.6079,-30.0,18.0
-1194,2,24,11.7586,-39503,11,P,-1.3676,-61.4,-115.2
-1194,3,25,23.9436,-39502,49,P,1.3801,60.8,-141.4
-1194,8,19,16.1561,-39497,16,P,1.3888,62.1,-176.3
-1194,9,18,2.3675,-39496,54,P,-1.2717,-60.8,-173.3
-1193,2,13,14.3114,-39491,21,A,-0.6793,-54.7,117.5
-1193,8,9,8.6306,-39485,26,T,0.6756,58.2,-163.2
-1192,2,2,14.0336,-39479,31,A,0.0364,-18.0,93.7
-1192,7,29,0.1744,-39473,36,T,-0.0440,19.4,-62.7
-1191,1,21,18.3744,-39467,41,A,0.7449,24.8,16.3
-1191,7,18,10.3911,-39461,46,A,-0.8318,-32.3,132.9
-1191,12,12,19.0567,-39456,13,P,-1.2966,-67.4,-159.0
-1190,1,11,5.8053,-39455,51,P,1.3915,64.6,-168.4
-1190,6,7,22.4706,-39450,18,P,1.2388,68.1,155.0
-1190,12,2,10.7242,-39444,23,T,-0.6469,-60.6,128.7
-1189,5,28,0.6181,-39438,28,A,0.4515,45.6,-77.4
-1189,11,21,23.4964,-39432,33,A,0.0280,-16.3,-54.4
-1188,5,16,9.4847,-39426,38,T,-0.3414,-3.5,159.8
-1188,11,10,5.5181,-39420,43,A,0.7504,33.1,-133.3
-1187,4,6,17.8008,-39415,10,P,1.4330,71.5,-62.0
-1187,5,6,0.5886,-39414,48,P,-1.0692,-70.6,-20.4
-1187,10,30,5.3239,-39408,53,P,1.4418,71.0,-84.7
-1186,3,27,10.2183,-39403,20,T,0.7399,43.0,130.6
-1186,9,19,14.0411,-39397,25,A,-0.8498,-49.0,65.9
-1185,3,16,21.8775,-39391,30,A,-0.0023,-6.4,-25.0
-1185,9,9,1.0714,-39385,35,T,-0.1000,4.6,-77.7
-1184,3,5,2.1422,-39379,40,A,-0.7730,-58.0,-64.7
-1184,8,28,16.8347,-39373,45,T,0.5979,49.3,60.5
-1183,1,23,9.5025,-39368,12,P,1.4509,67.8,149.4
-1183,2,22,2.1003,-39367,50,P,-1.4909,-70.3,47.7
-1183,7,19,23.1075,-39362,17,P,-1.3189,-67.0,-49.4
-1183,8,18,8.7389,-39361,55,P,1.3193,69.5,-45.4
-1182,1,12,15.8042,-39356,22,A,0.6863,20.2,65.7
-1182,7,9,7.3994,-39350,27,A,-0.6074,-13.7,-169.9
-1181,1,2,4.7406,-39344,32,T,-0.0323,-25.8,-130.1
-1181,6,28,9.1875,-39338,37,A,0.1501,32.4,158.5
-1181,12,22,20.5261,-39332,42,T,-0.7031,-67.1,-25.7
-1180,6,16,10.3950,-39326,47,A,0.9035,77.9,64.7
-1180,11,11,20.5986,-39321,14,P,1.4146,61.7,48.1
-1180,12,11,10.4622,-39320,52,P,-1.4171,-63.8,-4.8
-1179,5,7,8.8222,-39315,19,T,-0.9938,-59.0,-138.7
-1179,11,1,0.5308,-39309,24,A,0.7772,34.2,-46.0
-1178,4,27,0.9558,-39303,29,T,-0.2259,-2.0,-69.9
-1178,10,20,23.6486,-39297,34,A,0.1010,-1.6,-55.0
-1177,4,16,17.9578,-39291,39,T,0.5187,32.7,12.7
-1177,10,10,1.5092,-39285,44,A,-0.5913,-33.3,-105.5
-1176,3,6,19.0992,-39280,11,P,-1.4222,-61.0,124.5
-1176,4,5,7.1628,-39279,49,P,1.3203,60.7,100.1
-1176,8,30,0.2619,-39274,16,P,1.4210,61.6,51.6
-1176,9,28,10.7217,-39273,54,P,-1.2500,-60.6,51.2
-1175,2,23,21.4775,-39268,21,A,-0.7271,-53.3,13.0
-1175,8,19,16.6328,-39262,26,T,0.7202,56.9,80.9
-1174,2,12,21.4492,-39256,31,A,-0.0013,-17.2,-18.0
-1174,8,9,7.8250,-39250,36,T,0.0084,20.1,-177.7
-1173,2,2,2.3367,-39244,41,A,0.7170,23.7,-106.5
-1173,7,29,17.4736,-39238,46,A,-0.7713,-27.2,23.4
-1173,12,24,3.8633,-39233,13,P,-1.2990,-66.3,56.5
-1172,1,22,14.2550,-39232,51,P,1.3721,63.6,53.7
-1172,6,18,4.8169,-39227,18,P,1.3224,67.1,47.3
-1172,7,17,20.1772,-39226,56,P,-1.5509,-64.4,-30.8
-1172,12,12,19.5517,-39221,23,T,-0.6490,-63.2,1.3
-1171,6,7,7.2494,-39215,28,A,0.5331,53.5,-177.2
-1171,12,2,8.0892,-39209,33,A,0.0291,-19.0,175.9
-1170,5,27,16.5711,-39203,38,T,-0.2624,4.0,50.0
-1170,11,21,13.7106,-39197,43,A,0.7502,30.3,99.6
-1169,4,18,1.3706,-39192,10,P,1.4971,71.3,169.3
-1169,5,17,7.9856,-39191,48,T,-0.9953,-67.1,-150.8
-1169,11,10,13.3008,-39185,53,P,1.4363,70.3,140.9
-1168,4,6,17.7247,-39180,20,T,0.8047,52.2,9.7
-1168,9,29,22.1339,-39174,25,A,-0.8658,-54.3,-62.2
-1167,3,27,5.0831,-39168,30,A,0.0597,1.3,-136.6
-1167,9,19,9.3739,-39162,35,T,-0.1239,-0.9,155.2
-1166,3,16,9.0572,-39156,40,A,-0.7137,-49.2,-175.3
-1166,9,9,1.1250,-39150,45,T,0.5678,43.1,-66.0
-1165,2,3,17.1228,-39145,12,P,1.4773,68.8,22.1
-1165,3,5,9.1256,-39144,50,P,-1.4370,-71.0,-72.2
-1165,7,31,6.5481,-39139,17,P,-1.3793,-68.0,-173.5
-1165,8,29,16.7331,-39138,55,P,1.2862,70.3,-179.4
-1164,1,23,23.9964,-39133,22,A,0.7031,22.9,-61.1
-1164,7,19,14.2525,-39127,27,A,-0.6788,-19.9,83.6
-1163,1,12,13.3397,-39121,32,T,-0.0199,-24.5,100.9
-1163,7,8,15.6597,-39115,37,A,0.0697,27.9,61.9
-1162,1,2,5.2675,-39109,42,T,-0.6968,-67.9,-148.2
-1162,6,27,16.9914,-39103,47,A,0.8199,76.7,9.0
-1162,11,23,5.0869,-39098,14,P,1.4187,62.3,-89.7
-1162,12,22,19.0653,-39097,52,P,-1.4181,-64.8,-145.1
-1161,5,18,16.0231,-39092,19,P,-1.0662,-62.0,111.3
-1161,6,17,0.6606,-39091,57,P,1.5268,64.0,136.6
-1161,11,12,8.6117,-39086,24,A,0.7830,32.1,-171.4
-1160,5,7,8.4056,-39080,29,T,-0.2990,-2.4,177.5
-1160,10,31,7.6133,-39074,34,A,0.1089,-5.4,-176.2
-1159,4,27,1.3667,-39068,39,T,0.4491,33.1,-97.9
-1159,10,20,9.7011,-39062,44,A,-0.5793,-37.0,129.6
-1158,3,18,2.2956,-39057,11,P,-1.4826,-60.7,6.4
-1158,4,16,14.2700,-39056,49,P,1.2557,60.8,-16.6
-1158,9,10,8.5036,-39051,16,P,1.4473,61.2,-82.3
-1158,10,9,19.1936,-39050,54,P,-1.2332,-60.6,-85.9
-1157,3,7,4.4664,-39045,21,A,-0.7833,-52.4,-88.9
-1157,8,31,0.7786,-39039,26,T,0.7576,54.8,-39.1
-1156,2,24,4.7186,-39033,31,A,-0.0471,-16.2,-127.4
-1156,8,19,15.5947,-39027,36,T,0.0541,19.6,65.5
-1155,2,12,10.1725,-39021,41,A,0.6817,22.9,133.1
-1155,8,9,0.6697,-39015,46,A,-0.7169,-24.0,-87.3
-1154,1,3,12.5769,-39010,13,P,-1.3063,-65.3,-86.0
-1154,2,1,22.5656,-39009,51,P,1.3456,62.8,-81.8
-1154,6,29,11.2244,-39004,18,P,1.4029,66.0,-60.8
-1154,7,29,2.8917,-39003,56,P,-1.4854,-63.5,-142.7
-1154,12,24,4.3108,-38998,23,T,-0.6543,-64.7,-123.2
-1153,6,18,13.9489,-38992,28,A,0.6121,60.9,84.5
-1153,12,13,16.6225,-38986,33,A,0.0277,-21.1,47.3
-1152,6,6,23.7089,-38980,38,T,-0.1849,10.8,-59.9
-1152,12,1,21.9056,-38974,43,A,0.7504,28.0,-27.5
-1151,5,27,15.3606,-38968,48,T,-0.9200,-47.4,76.5
-1151,11,20,21.3358,-38962,53,P,1.4332,69.5,6.3
-1150,4,18,1.1044,-38957,20,T,0.8751,62.5,-113.9
-1150,10,11,6.3728,-38951,25,A,-0.8750,-59.2,167.8
-1149,4,7,12.1294,-38945,30,A,0.1285,9.4,113.8
-1149,9,30,17.8267,-38939,35,T,-0.1406,-6.2,25.9
-1148,3,26,15.8386,-38933,40,A,-0.6482,-40.3,76.8
-1148,9,19,9.5264,-38927,45,T,0.5435,37.1,165.3
-1147,2,14,0.6458,-38922,12,P,1.5086,69.7,-104.4
-1147,3,15,16.0567,-38921,50,P,-1.3779,-71.5,168.7
-1147,8,10,14.0806,-38916,17,P,-1.4341,-69.0,60.3
-1147,9,9,0.8336,-38915,55,P,1.2589,71.0,44.4
-1146,2,3,8.0822,-38910,22,H,0.7262,26.8,173.3
-1146,7,30,21.1925,-38904,27,A,-0.7450,-26.8,-25.0
-1145,1,23,21.8228,-38898,32,T,-0.0012,-21.9,-26.7
-1145,7,19,22.2575,-38892,37,A,-0.0047,22.9,-37.5
-1144,1,13,13.8786,-38886,42,T,-0.6845,-66.7,91.4
-1144,7,7,23.7389,-38880,47,A,0.7428,71.7,-70.1
-1144,12,3,13.5386,-38875,14,P,1.4236,63.1,132.9
-1143,1,2,3.5594,-38874,52,P,-1.4149,-65.8,75.9
-1143,5,28,23.2411,-38869,19,P,-1.1384,-62.7,-7.6
-1143,6,27,7.7869,-38868,57,P,1.4501,65.0,18.5
-1143,11,22,16.7028,-38863,24,A,0.7876,30.5,63.0
-1142,5,18,15.8100,-38857,29,T,-0.3742,-3.7,65.4
-1142,11,11,15.6453,-38851,34,A,0.1140,-8.9,61.8
-1141,5,8,8.6781,-38845,39,T,0.3750,33.2,153.4
-1141,10,31,18.0172,-38839,44,A,-0.5727,-41.2,3.2
-1140,3,28,9.3139,-38834,11,P,-1.5505,-60.6,-109.0
-1140,4,26,21.2553,-38833,49,P,1.1859,61.1,-131.6
-1140,9,20,16.8864,-38828,16,P,1.4675,60.9,141.7
-1140,10,20,3.7814,-38827,54,P,-1.2217,-60.8,135.2
-1139,3,17,11.3069,-38822,21,A,-0.8464,-52.5,171.8
-1139,9,10,9.0506,-38816,26,T,0.7886,52.3,-162.9
-1138,3,6,11.8464,-38810,31,A,-0.1004,-15.0,125.2
-1138,8,30,23.4786,-38804,36,H,0.0932,18.0,-53.2
-1137,2,23,17.8900,-38798,41,A,0.6398,22.5,15.0
-1137,8,20,7.9811,-38792,46,A,-0.6690,-22.4,160.5
-1136,1,14,21.2008,-38787,13,P,-1.3183,-64.3,133.2
-1136,2,13,6.7650,-38786,51,P,1.3134,62.1,144.6
-1136,7,9,17.7458,-38781,18,P,1.4776,65.1,-170.2
-1136,8,8,9.7422,-38780,56,P,-1.4262,-62.7,103.8
-1135,1,3,12.9972,-38775,23,T,-0.6630,-64.9,114.2
-1135,6,28,20.7308,-38769,28,A,0.6878,67.3,-10.7
-1135,12,24,1.0911,-38763,33,A,0.0240,-22.4,-80.0
-1134,6,18,6.9042,-38757,38,T,-0.1092,16.7,-169.7
-1134,12,13,6.0278,-38751,43,A,0.7477,26.0,-153.4
-1133,6,7,22.7661,-38745,48,T,-0.8458,-36.5,-42.7
-1133,12,2,5.3528,-38739,53,P,1.4287,68.5,-127.4
-1132,4,28,8.4047,-38734,20,T,0.9484,72.9,106.5
-1132,10,21,14.7128,-38728,25,A,-0.8802,-63.8,36.7
-1131,4,17,19.0536,-38722,30,A,0.2024,17.7,6.1
-1131,10,11,2.3989,-38716,35,T,-0.1518,-11.3,-105.0
-1130,4,6,22.4428,-38710,40,A,-0.5743,-31.2,-28.1
-1130,9,30,18.0683,-38704,45,T,0.5265,31.5,34.3
-1129,2,25,8.0053,-38699,12,P,1.5482,70.4,131.0
-1129,3,26,22.8300,-38698,50,P,-1.3101,-71.8,51.8
-1129,8,21,21.7403,-38693,17,P,-1.4816,-69.9,-68.3
-1129,9,20,9.0711,-38692,55,P,1.2390,71.4,-94.3
-1128,2,14,16.0286,-38687,22,H,0.7569,31.8,49.2
-1128,8,10,4.2586,-38681,27,A,-0.8039,-34.1,-136.5
-1127,2,3,6.1972,-38675,32,T,0.0231,-18.3,-153.3
-1127,7,30,4.9558,-38669,37,A,-0.0740,17.4,-139.2
-1126,1,23,22.3958,-38663,42,T,-0.6681,-63.6,-30.0
-1126,7,19,6.5944,-38657,47,A,0.6701,65.4,-163.2
-1126,12,14,21.9447,-38652,14,P,1.4299,64.0,-4.1
-1125,1,13,11.9378,-38651,52,P,-1.4071,-66.8,-61.9
-1125,6,9,6.4919,-38646,19,P,-1.2093,-63.5,-127.3
-1125,7,8,15.0189,-38645,57,P,1.3775,65.9,-101.6
-1125,12,4,0.7886,-38640,24,A,0.7917,29.4,-62.5
-1124,5,28,23.2250,-38634,29,T,-0.4490,-5.8,-47.1
-1124,11,21,23.7053,-38628,34,A,0.1179,-11.9,-60.4
-1123,5,18,15.9614,-38622,39,T,0.3003,32.9,45.3
-1123,11,11,2.3933,-38616,44,A,-0.5683,-45.4,-123.4
-1122,5,8,4.1447,-38610,49,P,1.1121,61.5,114.7
-1122,10,2,1.4022,-38605,16,P,1.4819,60.8,3.8
-1122,10,31,12.4572,-38604,54,P,-1.2142,-61.1,-5.1
-1121,3,28,17.9989,-38599,21,A,-0.9160,-54.2,77.1
-1121,9,21,17.4517,-38593,26,T,0.8129,49.7,69.8
-1120,3,16,18.8453,-38587,31,A,-0.1607,-13.9,19.8
-1120,9,10,7.4972,-38581,36,H,0.1245,15.6,-174.3
-1119,3,6,1.4800,-38575,41,H,0.5905,22.4,-100.6
-1119,8,30,15.4131,-38569,46,A,-0.6278,-22.1,46.7
-1118,1,25,5.7011,-38564,13,P,-1.3367,-63.4,-5.3
-1118,2,23,14.8197,-38563,51,P,1.2737,61.5,13.4
-1118,7,21,0.3800,-38558,18,P,1.5469,64.1,79.0
-1118,8,19,16.7433,-38557,56,P,-1.3738,-62.0,-11.8
-1117,1,14,21.5450,-38552,23,T,-0.6783,-64.1,-6.7
-1117,7,10,3.6358,-38546,28,A,0.7583,72.1,-101.1
-1116,1,4,9.4522,-38540,33,A,0.0153,-23.0,154.4
-1116,6,28,14.1767,-38534,38,T,-0.0367,21.8,80.1
-1116,12,23,14.0867,-38528,43,A,0.7423,24.4,81.6
-1115,6,18,6.1967,-38522,48,T,-0.7726,-27.8,-159.8
-1115,12,12,13.3633,-38516,53,P,1.4240,67.4,99.6
-1114,5,9,15.5956,-38511,20,P,1.0262,70.4,-75.9
-1114,6,7,23.2767,-38510,58,P,-1.5122,-67.9,-43.0
-1114,11,1,23.1703,-38505,25,A,-0.8802,-68.2,-94.9
-1113,4,29,1.8617,-38499,30,A,0.2810,26.2,-99.7
-1113,10,22,11.0739,-38493,35,T,-0.1583,-16.2,122.9
-1112,4,17,4.9597,-38487,40,A,-0.4964,-22.2,-131.1
-1112,10,11,2.7125,-38481,45,T,0.5147,26.4,-98.3
-1111,4,6,5.5247,-38475,50,P,-1.2378,-71.8,-64.1
-1111,9,1,5.4978,-38470,17,P,-1.5234,-70.6,161.1
-1111,9,30,17.4033,-38469,55,P,1.2245,71.6,125.2
-1110,2,24,23.8700,-38464,22,T,0.7934,37.9,-74.1
-1110,8,21,11.4450,-38458,27,A,-0.8556,-41.7,109.0
-1109,2,14,14.4233,-38452,32,T,0.0548,-13.5,81.6
-1109,8,10,11.8239,-38446,37,A,-0.1346,11.6,115.9
-1108,2,4,6.7633,-38440,42,T,-0.6450,-59.0,-152.4
-1108,7,29,13.6117,-38434,47,A,0.6047,58.8,95.4
-1108,12,25,6.2522,-38429,14,P,1.4400,65.0,-139.9
-1107,1,23,20.1692,-38428,52,P,-1.3934,-67.9,162.1
-1107,6,19,13.8100,-38423,19,P,-1.2772,-64.4,111.9
-1107,7,18,22.3825,-38422,57,P,1.3106,66.9,136.0
-1107,12,14,8.8178,-38417,24,A,0.7982,29.2,172.8
-1106,6,9,6.6306,-38411,29,T,-0.5241,-8.9,-159.9
-1106,12,3,7.7792,-38405,34,A,0.1215,-14.2,177.4
-1105,5,29,23.2019,-38399,39,T,0.2242,31.9,-62.0
-1105,11,22,10.8222,-38393,44,A,-0.5659,-49.4,110.2
-1104,5,18,10.9681,-38387,49,P,1.0360,62.0,2.0
-1104,10,12,10.0500,-38382,16,P,1.4903,60.8,-136.0
-1104,11,10,21.2158,-38381,54,P,-1.2105,-61.7,-146.7
-1103,4,8,0.5561,-38376,21,A,-0.9919,-59.5,-0.9
-1103,10,2,1.9686,-38370,26,T,0.8312,47.2,-60.6
-1102,3,28,1.7361,-38364,31,A,-0.2270,-13.0,-84.0
-1102,9,21,15.6328,-38358,36,H,0.1494,12.5,62.4
-1101,3,17,8.9572,-38352,41,H,0.5345,22.5,145.9
-1101,9,10,22.9772,-38346,46,A,-0.5936,-23.1,-69.0
-1100,2,5,14.0964,-38341,13,P,-1.3608,-62.6,-142.0
-1100,3,5,22.7764,-38340,51,P,1.2287,61.1,-116.3
-1100,8,29,23.8739,-38334,56,P,-1.3272,-61.4,-129.1
-1099,1,25,5.9903,-38329,23,T,-0.6985,-62.4,-127.4
-1099,7,20,10.6725,-38323,28,A,0.8232,74.3,173.6
-1098,1,14,17.6833,-38317,33,A,0.0011,-23.1,30.9
-1098,7,9,21.5503,-38311,38,T,0.0316,25.7,-30.8
-1097,1,3,22.0244,-38305,43,A,0.7314,23.1,-41.4
-1097,6,29,13.7089,-38299,48,T,-0.7034,-21.0,83.1
-1097,12,23,21.2839,-38293,53,P,1.4143,66.3,-31.4
-1096,5,19,22.7594,-38288,20,P,1.1043,69.6,162.6
-1096,6,18,6.6319,-38287,58,P,-1.4461,-67.0,-166.0
-1096,11,12,7.6886,-38282,25,A,-0.8784,-72.5,134.2
-1095,5,9,8.5703,-38276,30,A,0.3635,34.9,156.4
-1095,11,1,19.8353,-38270,35,T,-0.1609,-20.6,-10.1
-1094,4,28,11.3550,-38264,40,A,-0.4123,-13.2,128.0
-1094,10,22,11.4611,-38258,45,T,0.5085,21.8,127.5
-1093,4,17,12.1058,-38252,50,P,-1.1588,-71.6,-178.2
-1093,10,12,1.8603,-38246,55,P,1.2167,71.6,-17.2
-1092,3,7,7.5875,-38241,22,T,0.8367,45.1,163.0
-1092,8,31,18.7572,-38235,27,A,-0.9002,-49.5,-9.0
-1091,2,24,22.5375,-38229,32,T,0.0926,-7.9,-42.4
-1091,8,20,18.8342,-38223,37,A,-0.1883,5.6,8.3
-1090,2,14,14.9894,-38217,42,T,-0.6152,-53.4,84.6
-1090,8,9,20.7825,-38211,47,A,0.5457,52.0,-11.1
-1089,1,5,14.4667,-38206,14,P,1.4539,66.1,85.2
-1089,2,4,4.2556,-38205,52,P,-1.3734,-68.9,27.8
-1089,6,30,21.2078,-38200,19,P,-1.3419,-65.3,-10.5
-1089,7,30,5.8844,-38199,57,P,1.2493,68.0,10.9
-1089,12,25,16.7694,-38194,24,A,0.8081,29.9,49.2
-1088,6,19,14.0917,-38188,29,T,-0.5964,-12.9,85.9
-1088,12,13,15.8361,-38182,34,A,0.1263,-15.7,55.8
-1087,6,9,6.4283,-38176,39,T,0.1481,30.1,-169.3
-1087,12,2,19.2644,-38170,44,A,-0.5634,-52.9,-14.9
-1086,5,29,17.7442,-38164,49,A,0.9583,71.3,-74.5
-1086,10,23,18.7822,-38159,16,P,1.4954,61.1,82.9
-1086,11,22,5.9883,-38158,54,P,-1.2071,-62.3,71.3
-1085,4,19,7.0075,-38153,21,P,-1.0725,-60.7,-95.9
-1085,10,13,10.5925,-38147,26,T,0.8441,44.7,166.4
-1084,4,7,8.5400,-38141,31,A,-0.2985,-12.5,173.5
-1084,10,1,23.8656,-38135,36,A,0.1687,9.0,-62.6
-1083,3,27,16.3339,-38129,41,T,0.4725,23.0,34.4
-1083,9,21,6.6697,-38123,46,A,-0.5664,-25.2,173.4
-1082,2,15,22.3256,-38118,13,P,-1.3931,-62.0,84.0
-1082,3,17,6.5733,-38117,51,P,1.1755,60.8,116.6
-1082,9,10,7.1828,-38111,56,P,-1.2889,-60.9,111.1
-1081,2,5,14.2683,-38106,23,T,-0.7266,-60.4,113.0
-1081,7,31,17.8678,-38100,28,A,0.8810,73.5,86.9
-1080,1,26,1.7611,-38094,33,A,-0.0200,-22.5,-90.4
-1080,7,20,5.0475,-38088,38,T,0.0943,28.3,-142.9
-1079,1,14,5.8597,-38082,43,A,0.7159,22.0,-162.6
-1079,7,9,21.2656,-38076,48,T,-0.6363,-15.6,-33.6
-1078,1,3,5.1575,-38070,53,P,1.4020,65.2,-161.3
-1078,5,31,5.8656,-38065,20,P,1.1844,68.7,42.7
-1078,6,29,13.9986,-38064,58,P,-1.3808,-66.0,71.4
-1078,11,23,16.2547,-38059,25,A,-0.8749,-76.7,6.0
-1077,5,20,15.2192,-38053,30,A,0.4478,43.5,54.1
-1077,11,13,4.6586,-38047,35,T,-0.1610,-24.5,-143.5
-1076,5,8,17.7103,-38041,40,A,-0.3266,-4.6,28.3
-1076,11,1,20.2592,-38035,45,T,0.5050,17.7,-7.3
-1075,4,27,18.6614,-38029,50,P,-1.0776,-71.1,68.5
-1075,10,22,10.3869,-38023,55,P,1.2132,71.3,-160.5
-1074,3,18,15.1881,-38018,22,T,0.8864,53.5,39.4
-1074,9,12,2.2131,-38012,27,A,-0.9368,-57.2,-131.7
-1073,3,8,6.5092,-38006,32,T,0.1377,-1.5,-164.9
-1073,9,1,2.0219,-38000,37,A,-0.2333,-0.4,-102.3
-1072,2,25,23.0597,-37994,42,T,-0.5781,-46.9,-38.1
-1072,8,20,4.1464,-37988,47,A,0.4954,45.3,-122.2
-1071,1,15,22.5392,-37983,14,P,1.4737,67.2,-48.0
-1071,2,14,12.1678,-37982,52,P,-1.3461,-69.8,-104.5
-1071,7,11,4.6892,-37977,19,P,-1.4029,-66.3,-134.5
-1071,8,9,13.5289,-37976,57,P,1.1943,69.0,-116.8
-1070,1,5,0.6194,-37971,24,A,0.8224,31.8,-73.1
-1070,6,30,21.5939,-37965,29,T,-0.6661,-17.8,-29.6
-1070,12,24,23.8269,-37959,34,A,0.1345,-16.1,-64.7
-1069,6,20,13.6686,-37953,39,T,0.0736,27.5,82.8
-1069,12,14,3.7044,-37947,44,A,-0.5605,-55.6,-138.6
-1068,6,9,0.4956,-37941,49,A,0.8802,74.7,-142.1
-1068,11,3,3.5956,-37936,16,P,1.4970,61.5,-59.5
-1068,12,2,14.7856,-37935,54,P,-1.2048,-63.1,-71.3
-1067,4,29,13.3806,-37930,21,P,-1.1563,-61.1,158.4
-1067,10,23,19.3100,-37924,26,T,0.8522,42.3,31.2
-1066,4,18,15.2536,-37918,31,A,-0.3752,-12.6,72.2
-1066,10,13,8.2108,-37912,36,A,0.1816,5.2,170.4
-1065,4,7,23.6369,-37906,41,T,0.4057,23.5,-75.6
-1065,10,2,14.4725,-37900,46,A,-0.5454,-28.0,54.3
-1064,2,27,6.4467,-37895,13,P,-1.4309,-61.5,-48.2
-1064,3,27,14.2972,-37894,51,P,1.1183,60.7,-9.4
-1064,9,20,14.6350,-37888,56,P,-1.2574,-60.6,-10.7
-1063,2,15,22.4208,-37883,23,T,-0.7605,-58.2,-6.0
-1063,8,11,1.2119,-37877,28,A,0.9323,70.8,-6.5
-1062,2,5,9.6867,-37871,33,A,-0.0479,-21.6,150.6
-1062,7,31,12.6842,-37865,38,T,0.1509,29.6,103.2
-1061,1,25,13.5147,-37859,43,A,0.6917,20.9,79.3
-1061,7,21,4.9489,-37853,48,T,-0.5753,-11.6,-151.7
-1060,1,14,12.9044,-37847,53,P,1.3827,64.2,71.3
-1060,6,10,12.9792,-37842,20,P,1.2630,67.7,-76.9
-1060,7,9,21.4400,-37841,58,P,-1.3195,-65.0,-51.9
-1060,12,4,0.8200,-37836,25,A,-0.8723,-80.7,-116.1
-1059,5,30,21.8264,-37830,30,A,0.5334,52.1,-46.4
-1059,11,23,13.5089,-37824,35,T,-0.1600,-27.8,83.3
-1058,5,19,23.9881,-37818,40,A,-0.2370,3.8,-69.6
-1058,11,13,5.1264,-37812,45,T,0.5052,14.3,-143.1
-1057,5,9,1.1639,-37806,50,A,-0.9924,-66.3,-53.3
-1057,11,2,18.9847,-37800,55,P,1.2138,70.7,55.5
-1056,3,28,22.6881,-37795,22,T,0.9420,63.3,-89.5
-1056,9,22,9.8083,-37789,27,A,-0.9661,-64.5,98.8
-1055,3,18,14.3631,-37783,32,T,0.1890,5.5,74.0
-1055,9,11,9.3636,-37777,37,A,-0.2710,-6.5,144.7
-1054,3,8,6.9911,-37771,42,T,-0.5344,-39.8,-160.0
-1054,8,31,11.6772,-37765,47,A,0.4526,38.8,123.2
-1053,1,27,6.4617,-37760,14,P,1.4997,68.2,-179.5
-1053,2,25,19.9119,-37759,52,P,-1.3116,-70.5,125.1
-1053,7,22,12.2925,-37754,19,P,-1.4583,-67.3,99.2
-1053,8,20,21.3364,-37753,57,P,1.1466,69.9,112.5
-1052,1,16,8.3608,-37748,24,A,0.8413,34.7,165.9
-1052,7,11,5.1683,-37742,29,T,-0.7320,-23.6,-146.9
-1051,1,4,7.7528,-37736,34,A,0.1463,-15.4,175.7
-1051,6,30,20.9442,-37730,39,T,0.0020,24.0,-26.1
-1051,12,24,12.0883,-37724,44,A,-0.5537,-57.0,100.1
-1050,6,20,7.2517,-37718,49,A,0.8029,73.7,144.7
-1050,11,14,12.4528,-37713,16,P,1.4971,62.0,157.3
-1050,12,13,23.5461,-37712,54,P,-1.2004,-64.0,146.4
-1049,5,10,19.7114,-37707,21,P,-1.2419,-61.6,53.1
-1049,11,4,4.0742,-37701,26,T,0.8579,40.3,-105.0
-1048,4,28,21.9372,-37695,31,A,-0.4542,-13.4,-28.7
-1048,10,23,16.6342,-37689,36,A,0.1898,1.4,42.2
-1047,4,18,6.8550,-37683,41,T,0.3337,24.0,176.1
-1047,10,12,22.3933,-37677,46,A,-0.5307,-31.6,-66.6
-1046,3,9,14.4108,-37672,13,P,-1.4765,-61.1,-177.9
-1046,4,7,21.8953,-37671,51,P,1.0545,60.7,-133.4
-1046,10,1,22.2533,-37665,56,P,-1.2334,-60.5,-135.0
-1045,2,27,6.3894,-37660,23,T,-0.8033,-56.4,-122.7
-1045,8,22,8.7489,-37654,28,A,0.9753,66.9,-105.6
-1044,2,16,17.4481,-37648,33,A,-0.0834,-20.3,33.9
-1044,8,10,20.4489,-37642,38,T,0.2018,29.8,-12.6
-1043,2,4,21.0414,-37636,43,A,0.6615,20.2,-36.5
-1043,7,31,12.7206,-37630,48,T,-0.5187,-9.0,89.5
-1042,1,24,20.5417,-37624,53,P,1.3578,63.3,-54.2
-1042,6,21,20.0833,-37619,20,P,1.3408,66.7,164.3
-1042,7,21,4.9417,-37618,58,P,-1.2617,-64.1,-175.7
-1042,12,15,9.3806,-37613,25,A,-0.8709,-83.7,137.8
-1041,6,11,4.4311,-37607,30,A,0.6179,60.3,-144.6
-1041,12,4,22.3550,-37601,35,T,-0.1597,-30.5,-49.3
-1040,5,30,6.2889,-37595,40,A,-0.1485,11.5,-167.1
-1040,11,23,14.0050,-37589,45,T,0.5062,11.4,81.0
-1039,5,19,7.6617,-37583,50,A,-0.9059,-46.8,-174.0
-1039,11,13,3.6136,-37577,55,P,1.2166,70.0,-88.4
-1038,4,9,6.1072,-37572,22,T,1.0023,71.6,97.4
-1038,10,3,17.5281,-37566,27,A,-0.9885,-70.6,-43.4
-1037,3,29,22.0958,-37560,32,T,0.2467,12.9,-45.7
-1037,9,22,16.8828,-37554,37,A,-0.3001,-12.3,29.0
-1036,3,18,14.7806,-37548,42,T,-0.4843,-32.4,79.6
-1036,9,10,19.3817,-37542,47,A,0.4175,32.5,5.5
-1035,2,6,14.2169,-37537,14,P,1.5329,69.2,50.9
-1035,3,8,3.4856,-37536,52,P,-1.2696,-71.1,-3.2
-1035,8,1,20.0225,-37531,19,P,-1.5079,-68.2,-29.4
-1035,8,31,5.3097,-37530,57,P,1.1064,70.7,-21.4
-1034,1,26,15.9328,-37525,24,A,0.8683,39.3,46.8
-1034,7,22,12.8331,-37519,29,T,-0.7932,-30.1,93.5
-1033,1,15,15.5692,-37513,34,A,0.1641,-13.5,57.5
-1033,7,12,4.2817,-37507,39,T,-0.0660,19.9,-136.7
-1032,1,4,20.4117,-37501,44,A,-0.5432,-56.8,-19.7
-1032,6,30,14.0439,-37495,49,A,0.7281,70.0,61.5
-1032,11,24,21.3531,-37490,16,P,1.4957,62.7,13.3
-1032,12,24,8.2856,-37489,54,P,-1.1946,-65.0,4.0
-1031,5,21,1.9911,-37484,21,P,-1.3295,-62.2,-51.5
-1031,6,19,16.8697,-37483,59,P,1.5201,64.4,-120.2
-1031,11,14,12.9022,-37478,26,T,0.8602,38.4,117.5
-1030,5,10,4.5878,-37472,31,A,-0.5354,-15.2,-129.4
-1030,11,4,1.1233,-37466,36,A,0.1940,-2.4,-87.0
-1029,4,29,14.0447,-37460,41,T,0.2592,24.2,68.6
-1029,10,24,6.4025,-37454,46,A,-0.5211,-35.5,171.6
-1028,3,19,22.2828,-37449,13,P,-1.5268,-60.9,53.9
-1028,4,18,5.4492,-37448,51,T,0.9880,62.0,119.4
-1028,10,12,5.9808,-37442,56,P,-1.2144,-60.6,99.1
-1027,3,9,14.2356,-37437,23,T,-0.8517,-55.3,122.4
-1027,9,1,16.4531,-37431,28,P,1.0111,61.3,154.1
-1026,2,27,1.0156,-37425,33,A,-0.1278,-18.9,-79.9
-1026,8,22,4.3808,-37419,38,T,0.2451,28.7,-131.2
-1025,2,16,4.3753,-37413,43,A,0.6221,19.7,-148.9
-1025,8,11,20.6333,-37407,48,T,-0.4692,-7.7,-31.1
-1024,2,5,4.0233,-37401,53,P,1.3246,62.5,-177.1
-1024,7,2,3.2425,-37396,20,P,1.4149,65.7,45.0
-1024,7,31,12.5544,-37395,58,P,-1.2098,-63.3,59.1
-1024,12,25,17.8900,-37390,25,A,-0.8728,-84.0,51.1
-1023,6,21,11.0225,-37384,30,A,0.7020,68.2,121.4
-1023,12,15,7.1836,-37378,35,T,-0.1607,-32.3,178.8
-1022,6,10,12.5778,-37372,40,A,-0.0591,18.7,96.5
-1022,12,4,22.8786,-37366,45,T,0.5071,9.2,-54.8
-1021,5,30,14.1753,-37360,50,A,-0.8187,-34.9,79.7
-1021,11,24,12.2731,-37354,55,P,1.2213,69.1,127.9
-1020,4,19,13.4611,-37349,22,P,1.0665,71.3,-28.0
-1020,5,18,22.0975,-37348,60,P,-1.5290,-69.6,-12.6
-1020,10,14,1.3564,-37343,27,A,-1.0050,-71.7,160.5
-1019,4,9,5.7394,-37337,32,T,0.3091,20.8,-164.2
-1019,10,3,0.5539,-37331,37,A,-0.3220,-18.0,-88.8
-1018,3,29,22.4261,-37325,42,T,-0.4276,-24.7,-39.2
-1018,9,22,3.2631,-37319,47,A,0.3903,26.4,-115.2
-1017,3,19,10.9064,-37313,52,P,-1.2212,-71.5,-129.6
-1017,9,11,13.4303,-37307,57,P,1.0730,71.3,-158.1
-1016,2,6,23.3722,-37302,24,A,0.9013,45.3,-71.5
-1016,8,1,20.6078,-37296,29,T,-0.8486,-37.3,-28.8
-1015,1,25,23.2850,-37290,34,A,0.1874,-10.4,-59.6
-1015,7,22,11.6811,-37284,39,T,-0.1298,15.2,111.1
-1014,1,15,4.6456,-37278,44,A,-0.5275,-54.9,-138.8
-1014,7,11,20.8983,-37272,49,A,0.6573,64.9,-30.9
-1014,12,6,6.2242,-37267,16,P,1.4958,63.5,-130.4
-1013,1,4,16.9225,-37266,54,P,-1.1838,-66.1,-137.2
-1013,6,1,8.3017,-37261,21,P,-1.4151,-62.9,-156.7
-1013,6,30,23.3025,-37260,59,P,1.4411,65.3,132.0
-1013,11,25,21.7344,-37255,26,T,0.8617,37.0,-20.1
-1012,5,20,11.2506,-37249,31,A,-0.6168,-18.0,129.4
-1012,11,14,9.6375,-37243,36,A,0.1962,-5.7,143.6
-1011,5,9,21.2014,-37237,41,T,0.1822,24.1,-38.3
-1011,11,3,14.4911,-37231,46,A,-0.5157,-39.7,49.0
-1010,4,29,12.9022,-37225,51,T,0.9161,61.8,30.9
-1010,10,23,13.8533,-37219,56,P,-1.2020,-60.8,-28.9
-1009,3,20,21.9092,-37214,23,T,-0.9081,-55.6,11.6
-1009,9,13,0.3331,-37208,28,P,1.0391,60.9,25.8
-1008,3,9,8.4233,-37202,33,A,-0.1792,-17.4,168.6
-1008,9,1,12.4608,-37196,38,T,0.2814,26.7,107.5
-1007,2,26,11.5564,-37190,43,A,0.5754,19.4,101.4
-1007,8,22,4.6508,-37184,48,T,-0.4251,-7.6,-153.1
-1006,2,15,11.3864,-37178,53,P,1.2850,61.8,62.1
-1006,7,13,10.4442,-37173,20,P,1.4859,64.7,-74.5
-1006,8,11,20.2633,-37172,58,P,-1.1631,-62.5,-67.2
-1005,1,6,2.3314,-37167,25,A,-0.8789,-81.2,-49.1
-1005,7,2,17.6747,-37161,30,A,0.7822,74.9,35.5
-1005,12,26,15.9658,-37155,35,T,-0.1647,-33.4,48.0
-1004,6,20,18.9247,-37149,40,A,0.0276,25.0,0.1
-1004,12,15,7.7136,-37143,45,T,0.5063,7.5,170.1
-1003,6,9,20.7458,-37137,50,A,-0.7329,-25.3,-24.6
-1003,12,4,20.8967,-37131,55,P,1.2251,68.0,-14.6
-1002,4,30,20.7606,-37126,22,P,1.1340,70.8,-152.3
-1002,5,30,5.1322,-37125,60,P,-1.4485,-68.7,-131.5
-1002,10,25,9.2822,-37120,27,A,-1.0163,-71.3,26.2
-1001,4,20,13.3019,-37114,32,T,0.3758,28.9,78.6
-1001,10,14,8.3533,-37108,37,A,-0.3380,-23.4,151.8
-1000,4,9,5.9589,-37102,42,T,-0.3655,-16.8,-156.3
-1000,10,2,11.3097,-37096,47,A,0.3705,20.8,121.5
-999,3,29,18.1472,-37090,52,P,-1.1646,-71.7,106.5
-999,9,21,21.7178,-37084,57,P,1.0470,71.7,62.3
-998,2,17,6.6314,-37079,24,A,0.9430,53.6,170.2
-998,8,13,4.5072,-37073,29,T,-0.8975,-45.0,-154.4
-997,2,6,6.8542,-37067,34,A,0.2187,-6.1,-174.9
-997,8,2,19.1889,-37061,39,T,-0.1874,10.0,-3.3
-996,1,26,12.7947,-37055,44,A,-0.5068,-51.6,102.0
-996,7,22,3.8125,-37049,49,A,0.5900,58.9,-129.3
-996,12,16,15.0922,-37044,16,P,1.4968,64.4,85.5
-995,1,15,1.5042,-37043,54,P,-1.1698,-67.1,82.0
-995,6,11,14.6250,-37038,21,P,-1.4996,-63.8,97.6
-995,7,11,5.7914,-37037,59,P,1.3644,66.3,23.1
-995,12,6,6.5661,-37032,26,T,0.8634,36.2,-157.7
-994,5,31,17.9286,-37026,31,A,-0.6985,-22.1,27.6
-994,11,25,18.1722,-37020,36,A,0.1968,-8.6,14.2
-993,5,21,4.3767,-37014,41,T,0.1049,23.3,-145.4
-993,11,14,22.6000,-37008,46,A,-0.5116,-43.8,-73.1
-992,5,9,20.3489,-37002,51,T,0.8433,61.6,-69.6
-992,11,2,21.7978,-36996,56,P,-1.1926,-61.2,-158.2
-991,3,31,5.4519,-36991,23,T,-0.9705,-58.0,-91.2
-991,9,23,8.3739,-36985,28,P,1.0604,60.7,-104.9
-990,3,20,15.6528,-36979,33,A,-0.2387,-16.2,59.8
-990,9,12,20.7000,-36973,38,T,0.3105,24.0,-16.7
-989,3,9,18.5481,-36967,43,A,0.5194,19.4,-4.8
-989,9,2,12.8269,-36961,48,T,-0.3889,-8.7,82.5
-988,2,26,18.6033,-36955,53,P,1.2372,61.3,-56.4
-988,8,22,4.0864,-36949,58,P,-1.1224,-61.8,165.0
-987,1,16,10.6847,-36944,25,A,-0.8905,-77.4,-163.8
-987,7,13,0.3761,-36938,30,A,0.8592,78.8,-32.3
-986,1,6,0.6614,-36932,35,T,-0.1735,-33.7,-81.4
-986,7,2,1.3308,-36926,40,A,0.1115,30.4,-96.0
-986,12,26,16.4936,-36920,45,T,0.5028,6.4,35.9
-985,6,21,3.3897,-36914,50,A,-0.6495,-17.4,-128.6
-985,12,16,5.4811,-36908,55,P,1.2277,67.0,-155.9
-984,5,11,4.0453,-36903,22,P,1.2030,70.1,84.2
-984,6,9,12.2169,-36902,60,P,-1.3689,-67.7,109.3
-984,11,4,17.2886,-36897,27,A,-1.0234,-70.7,-108.8
-983,4,30,20.7861,-36891,32,T,0.4466,37.2,-37.3
-983,10,24,16.2867,-36885,37,A,-0.3478,-28.4,30.9
-982,4,20,13.3833,-36879,42,T,-0.2985,-8.9,88.2
-982,10,13,19.4972,-36873,47,A,0.3566,15.6,-4.0
-981,4,10,1.2675,-36867,52,P,-1.1028,-71.6,-15.7
-981,10,3,6.1458,-36861,57,P,1.0273,71.8,-79.7
-980,2,28,13.7639,-36856,24,A,0.9904,66.3,41.7
-980,8,23,12.5164,-36850,29,T,-0.9406,-53.4,75.9
-979,2,16,14.3150,-36844,34,A,0.2559,-0.9,70.7
-979,8,13,2.7981,-36838,39,H,-0.2387,4.5,-119.8
-978,2,5,20.8047,-36832,44,A,-0.4783,-46.9,-17.0
-978,8,2,10.8411,-36826,49,A,0.5291,52.6,127.3
-978,12,27,23.8783,-36821,16,P,1.5018,65.4,-57.6
-977,1,26,9.9500,-36820,54,P,-1.1492,-68.2,-57.3
-977,7,22,12.4106,-36814,59,P,1.2935,67.4,-88.3
-977,12,17,15.3317,-36809,26,T,0.8680,36.3,65.8
-976,6,11,0.6761,-36803,31,A,-0.7775,-27.6,-76.0
-976,12,6,2.6778,-36797,36,A,0.1981,-10.7,-114.6
-975,5,31,11.5394,-36791,41,T,0.0261,21.8,107.6
-975,11,25,6.7394,-36785,46,A,-0.5096,-47.5,165.3
-974,5,21,3.7461,-36779,51,T,0.7680,61.3,-171.1
-974,11,14,5.8189,-36773,56,P,-1.1868,-61.8,71.3
-973,4,11,12.8533,-36768,23,P,-1.0390,-60.7,173.4
-973,5,10,20.8406,-36767,61,P,1.5114,61.8,-150.2
-973,10,4,16.5833,-36762,28,P,1.0741,60.7,122.0
-972,3,30,22.7369,-36756,33,A,-0.3046,-15.3,-46.9
-972,9,23,5.0711,-36750,38,T,0.3335,20.7,-143.5
-971,3,20,1.4064,-36744,43,A,0.4570,19.6,-108.6
-971,9,12,21.1231,-36738,48,T,-0.3588,-10.8,-43.7
-970,3,9,1.6808,-36732,53,P,1.1818,60.9,-172.7
-970,9,2,12.0322,-36726,58,P,-1.0884,-61.3,35.5
-969,1,27,18.9406,-36721,25,H,-0.9078,-73.5,77.3
-969,7,24,7.1722,-36715,30,A,0.9306,76.7,-91.5
-968,1,17,9.2653,-36709,35,T,-0.1871,-33.2,150.5
-968,7,12,7.8500,-36703,40,A,0.1901,34.5,167.1
-967,1,6,1.1814,-36697,45,T,0.4952,5.8,-96.8
-967,7,1,10.1217,-36691,50,A,-0.5693,-10.9,127.1
-967,12,26,13.9811,-36685,55,P,1.2267,65.9,64.5
-966,5,22,11.3261,-36680,22,P,1.2729,69.3,-38.7
-966,6,20,19.3797,-36679,60,P,-1.2918,-66.7,-10.5
-966,11,16,1.3217,-36674,27,P,-1.0288,-69.9,116.4
-965,5,12,4.2353,-36668,32,T,0.5194,45.6,-152.1
-965,11,5,0.3103,-36662,37,A,-0.3539,-33.0,-90.6
-964,4,30,20.7169,-36656,42,T,-0.2274,-1.0,-25.7
-964,10,24,3.8097,-36650,47,A,0.3481,10.9,-131.2
-963,4,20,8.2428,-36644,52,P,-1.0344,-71.3,-135.4
-963,10,13,14.7153,-36638,57,P,1.0144,71.7,136.2
-962,3,10,20.6928,-36633,24,P,1.0474,71.4,-90.2
-962,9,3,20.6719,-36627,29,T,-0.9762,-62.4,-61.4
-961,2,27,21.6331,-36621,34,A,0.3008,5.2,-42.0
-961,8,24,10.5192,-36615,39,H,-0.2836,-1.2,121.7
-960,2,17,4.7150,-36609,44,H,-0.4440,-41.2,-136.0
-960,8,12,17.9667,-36603,49,A,0.4738,46.0,20.5
-959,1,7,8.6078,-36598,16,P,1.5101,66.4,159.7
-959,2,5,18.2994,-36597,54,P,-1.1234,-69.2,164.2
-959,8,1,19.1231,-36591,59,P,1.2266,68.4,158.5
-959,12,28,0.0522,-36586,26,T,0.8746,37.1,-70.1
-958,6,22,7.4958,-36580,31,A,-0.8536,-34.6,178.7
-958,12,17,11.1256,-36574,36,A,0.2014,-11.8,117.6
-957,6,11,18.7764,-36568,41,T,-0.0498,19.6,-0.8
-957,12,6,14.8536,-36562,46,A,-0.5070,-50.6,45.4
-956,5,31,11.1611,-36556,51,T,0.6932,60.5,86.4
-956,11,24,13.8600,-36550,56,P,-1.1814,-62.5,-59.6
-955,4,21,20.1578,-36545,23,P,-1.1115,-60.9,53.8
-955,5,21,4.1564,-36544,61,P,1.4428,62.4,89.6
-955,10,15,0.9222,-36539,28,P,1.0828,60.8,-13.1
-954,4,11,5.6589,-36533,33,A,-0.3777,-15.0,-151.2
-954,10,4,13.5900,-36527,38,T,0.3499,17.1,87.0
-953,3,31,8.1106,-36521,43,A,0.3868,19.9,150.4
-953,9,24,5.5492,-36515,48,T,-0.3353,-13.6,-171.8
-952,3,19,8.6344,-36509,53,P,1.1192,60.6,73.0
-952,9,12,20.1094,-36503,58,P,-1.0613,-60.9,-95.8
-951,2,7,3.0669,-36498,25,T,-0.9323,-69.9,-40.5
-951,8,3,14.0622,-36492,30,A,0.9965,64.7,-155.6
-950,1,27,17.7525,-36486,35,T,-0.2071,-32.2,24.0
-950,7,23,14.4883,-36480,40,A,0.2631,37.2,69.2
-949,1,17,9.7572,-36474,45,T,0.4822,5.6,132.3
-949,7,12,16.9900,-36468,50,A,-0.4944,-5.8,21.6
-948,1,6,22.4031,-36462,55,P,1.2226,64.9,-73.3
-948,6,1,18.6172,-36457,22,P,1.3428,68.4,-161.2
-948,7,1,2.6144,-36456,60,P,-1.2170,-65.7,-130.9
-948,11,26,9.3878,-36451,27,P,-1.0323,-68.9,-18.3
-947,5,22,11.6508,-36445,32,T,0.5940,54.0,94.4
-947,11,15,8.4111,-36439,37,A,-0.3565,-37.0,147.5
-946,5,12,3.9750,-36433,42,T,-0.1532,6.7,-138.1
-946,11,4,12.2231,-36427,47,A,0.3438,6.7,100.3
-945,5,1,15.1333,-36421,52,A,-0.9628,-59.3,82.9
-945,10,24,23.3644,-36415,57,P,1.0049,71.3,-8.9
-944,3,21,3.5144,-36410,24,P,1.1093,71.8,152.3
-944,9,14,4.9444,-36404,29,P,-1.0056,-71.4,138.9
-943,3,10,4.8211,-36398,34,A,0.3529,12.0,-153.4
-943,9,3,18.3583,-36392,39,H,-0.3218,-7.0,1.2
-942,2,27,12.4839,-36386,44,H,-0.4016,-34.7,105.6
-942,8,24,1.2339,-36380,49,A,0.4261,39.5,-89.6
-941,1,18,17.2019,-36375,16,P,1.5250,67.5,18.5
-941,2,17,2.4939,-36374,54,P,-1.0898,-70.1,27.5
-941,8,13,2.0142,-36368,59,P,1.1678,69.4,41.9
-940,1,8,8.6650,-36363,26,T,0.8860,39.2,155.4
-940,7,2,14.4094,-36357,31,A,-0.9259,-44.1,70.9
-940,12,27,19.4942,-36351,36,A,0.2080,-11.9,-8.9
-939,6,22,2.0556,-36345,41,T,-0.1240,16.5,-110.3
-939,12,16,22.9194,-36339,46,A,-0.5023,-52.7,-72.5
-938,6,11,18.5753,-36333,51,T,0.6183,58.7,-16.9
-938,12,5,21.9217,-36327,56,P,-1.1767,-63.4,168.9
-937,5,3,3.3594,-36322,23,P,-1.1882,-61.3,-64.4
-937,6,1,11.4411,-36321,61,P,1.3729,63.1,-30.2
-937,10,26,9.3731,-36316,28,P,1.0869,61.1,-149.9
-936,4,21,12.4706,-36310,33,A,-0.4554,-15.5,106.1
-936,10,14,22.2253,-36304,38,T,0.3609,13.4,-44.5
-935,4,10,14.6794,-36298,43,A,0.3100,20.1,51.9
-935,10,4,14.0933,-36292,48,T,-0.3180,-17.1,58.2
-934,3,30,15.4803,-36286,53,P,1.0506,60.5,-39.7
-934,9,24,4.3006,-36280,58,P,-1.0405,-60.7,131.4
-933,2,18,11.0797,-36275,25,T,-0.9632,-66.6,-154.5
-933,8,14,21.0889,-36269,30,P,1.0550,62.1,91.8
-932,2,8,2.1303,-36263,35,T,-0.2330,-30.6,-101.1
-932,8,2,21.2556,-36257,40,A,0.3301,38.7,-30.2
-931,1,27,18.2131,-36251,45,T,0.4636,5.9,3.2
-931,7,22,23.9925,-36245,50,A,-0.4248,-2.1,-85.4
-930,1,17,6.6658,-36239,55,P,1.2115,63.9,151.6
-930,6,13,1.9500,-36234,22,P,1.4113,67.4,76.2
-930,7,12,9.9717,-36233,60,P,-1.1471,-64.7,107.3
-930,12,7,17.4203,-36228,27,P,-1.0375,-67.8,-151.7
-929,6,2,19.0686,-36222,32,T,0.6682,62.4,-17.4
-929,11,26,16.5250,-36216,37,A,-0.3590,-40.5,26.3
-928,5,22,11.1825,-36210,42,T,-0.0771,14.0,110.9
-928,11,14,20.7072,-36204,47,A,0.3422,3.2,-29.2
-927,5,11,21.8964,-36198,52,A,-0.8855,-45.6,-33.9
-927,11,4,8.1219,-36192,57,P,1.0005,70.6,-155.2
-926,4,1,10.1686,-36187,24,P,1.1791,71.8,37.1
-926,9,25,13.3519,-36181,29,P,-1.0283,-71.7,-2.6
-925,3,21,11.8886,-36175,34,A,0.4117,19.6,96.7
-925,9,15,2.3300,-36169,39,A,-0.3526,-12.8,-121.5
-924,3,9,20.1597,-36163,44,T,-0.3537,-27.7,-12.2
-924,9,3,8.6083,-36157,49,A,0.3843,33.0,158.0
-923,2,27,10.5903,-36151,54,P,-1.0511,-70.8,-108.3
-923,8,23,9.0375,-36145,59,P,1.1154,70.2,-77.2
-922,1,18,17.1672,-36140,26,T,0.9024,42.5,22.1
-922,7,13,21.4494,-36134,31,A,-0.9926,-61.1,-40.6
-921,1,8,3.7589,-36128,36,A,0.2185,-10.9,-133.9
-921,7,3,9.4372,-36122,41,T,-0.1939,12.8,138.1
-921,12,28,6.8956,-36116,46,A,-0.4937,-53.3,171.9
-920,6,22,2.0503,-36110,51,T,0.5464,56.1,-122.5
-920,12,16,5.9403,-36104,56,P,-1.1695,-64.3,37.7
-919,5,13,10.4794,-36099,23,P,-1.2677,-61.8,178.5
-919,6,11,18.7183,-36098,61,P,1.3032,63.9,-150.2
-919,11,5,17.9164,-36093,28,P,1.0872,61.5,71.9
-918,5,2,19.1681,-36087,33,A,-0.5374,-17.0,5.0
-918,10,26,6.9539,-36081,38,T,0.3675,9.7,-177.6
-917,4,21,21.1464,-36075,43,A,0.2285,20.1,-44.8
-917,10,15,22.7553,-36069,48,T,-0.3072,-21.0,-73.4
-916,4,9,22.2253,-36063,53,A,0.9759,60.3,-126.6
-916,10,4,12.6094,-36057,58,P,-1.0263,-60.7,-3.3
-915,2,28,18.9611,-36052,25,T,-1.0012,-61.2,110.1
-915,8,25,4.2483,-36046,30,P,1.1062,61.5,-25.9
-914,2,18,10.3533,-36040,35,T,-0.2669,-28.9,135.8
-914,8,14,4.1889,-36034,40,A,0.3892,38.9,-132.3
-913,2,8,2.5317,-36028,45,T,0.4384,6.5,-123.5
-913,8,3,7.1400,-36022,50,A,-0.3615,0.2,166.0
-912,1,28,14.8092,-36016,55,P,1.1954,63.1,18.7
-912,6,23,9.3339,-36011,22,P,1.4777,66.4,-46.7
-912,7,22,17.4364,-36010,60,P,-1.0815,-63.8,-15.8
-912,12,18,1.4239,-36005,27,P,-1.0434,-66.7,75.9
-911,6,13,2.4756,-35999,32,T,0.7427,70.7,-125.6
-911,12,7,0.6631,-35993,37,A,-0.3608,-43.1,-94.3
-910,6,2,18.3644,-35987,42,T,-0.0005,20.9,1.1
-910,11,26,5.2183,-35981,47,A,0.3411,0.3,-158.8
-909,5,23,4.6308,-35975,52,A,-0.8075,-35.0,-143.2
-909,11,15,16.9231,-35969,57,T,0.9976,69.8,58.5
-908,4,11,16.7353,-35964,24,P,1.2526,71.6,-76.7
-908,10,5,21.8578,-35958,29,P,-1.0457,-71.8,-145.8
-907,3,31,18.8597,-35952,34,A,0.4761,27.7,-12.2
-907,9,25,10.4178,-35946,39,A,-0.3764,-18.4,114.3
-906,3,21,3.6956,-35940,44,T,-0.2981,-20.2,-128.5
-906,9,14,16.1381,-35934,49,A,0.3512,26.8,42.8
-905,3,10,18.5431,-35928,54,T,-1.0053,-71.4,117.5
-905,9,3,16.2275,-35922,59,P,1.0707,71.0,160.6
-904,1,30,1.5247,-35917,26,T,0.9253,47.4,-110.0
-904,7,24,4.6261,-35911,31,P,-1.0531,-67.6,-160.1
-903,1,18,11.8803,-35905,36,A,0.2356,-8.7,103.0
-903,7,13,16.8958,-35899,41,T,-0.2605,8.3,24.8
-902,1,7,14.7739,-35893,46,A,-0.4807,-52.4,57.8
-902,7,3,9.5756,-35887,51,T,0.4771,52.4,129.5
-902,12,27,13.9083,-35881,56,P,-1.1594,-65.3,-93.1
-901,5,24,17.5494,-35876,23,P,-1.3484,-62.5,62.0
-901,6,23,2.0192,-35875,61,P,1.2351,64.8,89.2
-901,11,17,2.5347,-35870,28,P,1.0844,62.1,-67.7
-900,5,13,1.7789,-35864,33,A,-0.6227,-19.8,-95.0
-900,11,5,15.7681,-35858,38,T,0.3702,6.3,48.0
-899,5,2,3.5303,-35852,43,A,0.1429,19.7,-140.0
-899,10,26,7.5000,-35846,48,T,-0.3004,-25.1,154.0
-898,4,21,4.8958,-35840,53,A,0.8964,58.2,151.3
-898,10,15,21.0111,-35834,58,P,-1.0172,-60.8,-139.2
-897,3,12,2.7444,-35829,25,P,-1.0451,-60.9,-16.7
-897,9,5,11.5294,-35823,30,P,1.1510,61.0,-145.2
-896,2,29,18.4647,-35817,35,T,-0.3068,-27.0,14.1
-896,8,24,11.2742,-35811,40,A,0.4412,37.9,122.9
-895,2,18,10.6875,-35805,45,T,0.4055,7.3,112.3
-895,8,13,14.4525,-35799,50,A,-0.3054,1.2,55.1
-894,2,7,22.7678,-35793,55,P,1.1711,62.3,-111.2
-894,8,3,1.0572,-35787,60,P,-1.0228,-63.0,-140.8
-894,12,29,9.3167,-35782,27,P,-1.0548,-65.6,-54.3
-893,6,24,9.9408,-35776,32,T,0.8142,78.3,135.1
-893,12,18,8.7675,-35770,37,A,-0.3651,-44.9,146.3
-892,6,13,1.5225,-35764,42,T,0.0765,27.1,-107.5
-892,12,6,13.7528,-35758,47,A,0.3403,-2.0,71.3
-891,6,2,11.2983,-35752,52,A,-0.7266,-25.8,110.7
-891,11,26,1.7647,-35746,57,T,0.9966,67.2,-89.5
-890,4,22,23.1778,-35741,24,P,1.3319,71.2,171.6
-890,5,22,14.1197,-35740,62,P,-1.5229,-69.3,92.7
-890,10,17,6.4822,-35735,29,P,-1.0571,-71.5,69.4
-889,4,12,1.7517,-35729,34,A,0.5451,36.2,-120.2
-889,10,6,18.6050,-35723,39,A,-0.3944,-23.9,-11.2
-888,3,31,11.1631,-35717,44,T,-0.2381,-12.5,115.8
-888,9,24,23.7833,-35711,49,A,0.3243,20.8,-74.4
-887,3,21,2.3797,-35705,54,T,-0.9534,-67.9,-64.6
-887,9,13,23.5731,-35699,59,P,1.0333,71.5,35.4
-886,2,9,9.7461,-35694,26,T,0.9546,54.2,117.8
-886,8,4,11.9619,-35688,31,P,-1.1068,-68.6,77.1
-885,1,29,19.8503,-35682,36,A,0.2593,-5.3,-18.2
-885,7,25,0.4997,-35676,41,T,-0.3204,3.4,-91.4
-884,1,18,22.5269,-35670,46,A,-0.4619,-50.0,-55.3
-884,7,13,17.1756,-35664,51,T,0.4117,47.9,18.5
-883,1,6,21.7878,-35658,56,P,-1.1446,-66.4,137.0
-883,6,4,0.5856,-35653,23,P,-1.4293,-63.3,-54.2
-883,7,3,9.3592,-35652,61,P,1.1699,65.7,-32.3
-883,11,27,11.1700,-35647,28,P,1.0817,62.8,152.4
-882,5,24,8.3286,-35641,33,A,-0.7099,-23.9,165.5
-882,11,17,0.6258,-35635,38,T,0.3709,3.2,-87.0
-881,5,13,9.8581,-35629,43,A,0.0545,18.6,125.6
-881,11,6,16.2981,-35623,48,T,-0.2968,-29.2,21.0
-880,5,1,11.5147,-35617,53,A,0.8132,56.9,61.5
-880,10,26,5.5014,-35611,58,P,-1.0132,-61.1,83.4
-879,3,22,10.3811,-35606,25,P,-1.0967,-60.8,-141.3
-879,4,20,19.4983,-35605,63,P,1.5192,61.0,-121.4
-879,9,15,18.9631,-35600,30,P,1.1875,60.7,93.3
-878,3,12,2.4247,-35594,35,T,-0.3543,-25.2,-105.6
-878,9,4,18.5369,-35588,40,A,0.4845,36.1,14.5
-877,3,1,18.6975,-35582,45,T,0.3660,8.4,-9.4
-877,8,24,21.9425,-35576,50,A,-0.2573,0.9,-58.3
-876,2,19,6.5856,-35570,55,P,1.1408,61.7,121.2
-876,8,13,8.7944,-35564,60,T,-0.9692,-52.1,109.5
-875,1,8,17.1414,-35559,27,P,-1.0690,-64.6,177.0
-875,7,4,17.4425,-35553,32,T,0.8836,83.0,70.1
-875,12,28,16.8189,-35547,37,A,-0.3725,-45.8,28.2
-874,6,24,8.7064,-35541,42,T,0.1513,32.4,144.5
-874,12,17,22.2608,-35535,47,A,0.3373,-3.6,-58.0
-873,6,13,17.9750,-35529,52,A,-0.6470,-17.9,6.0
-873,12,7,10.5856,-35523,57,T,0.9943,63.5,125.3
-872,5,3,5.5839,-35518,24,P,1.4124,70.6,61.0
-872,6,1,20.4331,-35517,62,P,-1.4382,-68.3,-15.1
-872,10,27,15.1731,-35512,29,P,-1.0647,-71.1,-76.2
-871,4,22,8.5611,-35506,34,A,0.6188,45.3,132.7
-871,10,17,2.8911,-35500,39,A,-0.4066,-29.1,-137.7
-870,4,11,18.5308,-35494,44,T,-0.1722,-4.6,1.6
-870,10,6,7.5567,-35488,49,A,0.3044,15.2,166.4
-869,4,1,10.1011,-35482,54,T,-0.8955,-58.0,157.8
-869,9,25,7.0964,-35476,59,A,1.0040,71.8,-92.9
-868,2,20,17.8019,-35471,26,T,0.9914,65.7,-21.5
-868,8,14,19.4489,-35465,31,P,-1.1537,-69.5,-48.5
-867,2,9,3.6567,-35459,36,A,0.2902,-0.8,-137.5
-867,8,4,8.2200,-35453,41,T,-0.3746,-1.8,150.2
-866,1,29,6.1197,-35447,46,A,-0.4358,-46.0,-167.3
-866,7,25,0.8683,-35441,51,T,0.3514,42.7,-95.4
-865,1,18,5.5794,-35435,56,P,-1.1254,-67.5,8.0
-865,6,15,7.6061,-35430,23,P,-1.5097,-64.1,-170.4
-865,7,14,16.7442,-35429,61,P,1.1075,66.7,-154.8
-865,12,8,19.8181,-35424,28,P,1.0789,63.7,12.0
-864,6,3,14.8447,-35418,33,A,-0.7974,-29.9,66.2
-864,11,27,9.5119,-35412,38,T,0.3706,0.7,137.7
-863,5,23,16.1417,-35406,43,A,-0.0362,16.8,31.8
-863,11,17,1.1422,-35400,48,T,-0.2959,-33.1,-112.1
-862,5,12,18.1228,-35394,53,A,0.7284,55.9,-30.1
-862,11,6,14.0275,-35388,58,P,-1.0119,-61.5,-54.6
-861,4,2,17.9500,-35383,25,P,-1.1523,-60.7,95.1
-861,5,2,2.6447,-35382,63,P,1.4433,61.4,121.3
-861,9,27,2.5297,-35377,30,P,1.2168,60.6,-30.1
-860,3,22,10.2769,-35371,35,T,-0.4074,-23.7,136.2
-860,9,15,1.9567,-35365,40,A,0.5206,33.7,-97.1
-859,3,12,2.5514,-35359,45,T,0.3192,9.6,-128.5
-859,9,4,5.6128,-35353,50,A,-0.2170,-0.4,-174.5
-858,3,1,14.1933,-35347,55,P,1.1009,61.2,-3.1
-858,8,24,16.7136,-35341,60,T,-0.9238,-46.2,-8.9
-857,1,20,0.8183,-35336,27,P,-1.0907,-63.6,50.9
-857,7,16,1.0239,-35330,32,T,0.9487,78.3,14.1
-856,1,9,0.7833,-35324,37,A,-0.3849,-45.8,-88.5
-856,7,4,15.9175,-35318,42,T,0.2239,36.8,37.3
-856,12,28,6.7217,-35312,47,A,0.3313,-4.6,173.6
-855,6,24,0.6353,-35306,52,A,-0.5672,-11.0,-97.5
-855,12,17,19.3964,-35300,57,T,0.9913,60.5,-17.2
-854,5,14,11.9297,-35295,24,P,1.4956,69.9,-48.1
-854,6,13,2.7492,-35294,62,P,-1.3532,-67.4,-122.5
-854,11,7,23.9267,-35289,29,P,-1.0690,-70.4,137.9
-853,5,3,15.3453,-35283,34,A,0.6946,54.7,25.5
-853,10,28,11.2650,-35277,39,A,-0.4137,-34.0,95.2
-852,4,22,1.8411,-35271,44,T,-0.1025,3.3,-111.8
-852,10,16,15.4347,-35265,49,A,0.2902,10.1,45.8
-851,4,11,17.7303,-35259,54,T,-0.8327,-48.2,31.5
-851,10,5,14.7572,-35253,59,A,0.9814,68.7,107.9
-850,3,3,1.6981,-35248,26,P,1.0352,71.1,-164.8
-850,8,26,3.1144,-35242,31,P,-1.1926,-70.3,-177.5
-849,2,20,11.2986,-35236,36,A,0.3281,4.6,105.2
-849,8,15,16.0733,-35230,41,T,-0.4226,-7.4,29.4
-848,2,9,13.5611,-35224,46,A,-0.4026,-40.9,81.4
-848,8,4,8.6667,-35218,51,T,0.2968,37.2,147.8
-847,1,28,13.2231,-35212,56,P,-1.0983,-68.6,-119.4
-847,7,25,0.2094,-35206,61,P,1.0497,67.7,81.0
-847,12,19,4.4256,-35201,28,P,1.0788,64.7,-128.1
-846,6,14,21.3639,-35195,33,A,-0.8837,-38.2,-33.7
-846,12,8,18.3700,-35189,38,T,0.3719,-0.9,3.0
-845,6,3,22.4403,-35183,43,A,-0.1262,14.2,-62.5
-845,11,28,10.0017,-35177,48,T,-0.2963,-36.4,115.3
-844,5,23,0.7056,-35171,53,A,0.6413,54.6,-121.9
-844,11,16,22.6064,-35165,58,P,-1.0139,-62.2,166.5
-843,4,13,1.4083,-35160,25,P,-1.2136,-60.9,-26.8
-843,5,12,9.7367,-35159,63,P,1.3638,61.9,4.7
-843,10,7,10.2364,-35154,30,P,1.2390,60.6,-155.6
-842,4,2,17.9939,-35148,35,T,-0.4674,-22.8,19.9
-842,9,26,9.5572,-35142,40,A,0.5482,30.8,147.7
-841,3,23,10.2739,-35136,45,T,0.2662,10.9,114.7
-841,9,15,13.4369,-35130,50,A,-0.1834,-2.7,66.9
-840,3,11,21.6633,-35124,55,P,1.0552,60.9,-125.2
-840,9,4,0.7664,-35118,60,T,-0.8844,-43.8,-131.2
-839,1,30,8.3667,-35113,27,P,-1.1181,-62.7,-72.9
-839,7,26,8.6817,-35107,32,T,1.0095,63.5,-73.2
-838,1,19,8.6553,-35101,37,A,-0.4025,-45.0,155.9
-838,7,15,23.2011,-35095,42,T,0.2919,39.9,-70.2
-837,1,8,15.1000,-35089,47,A,0.3204,-5.0,46.4
-837,7,5,7.3650,-35083,52,A,-0.4915,-5.5,158.9
-837,12,29,4.1428,-35077,57,T,0.9848,56.8,-157.0
-836,6,23,9.1031,-35071,62,P,-1.2694,-66.3,130.1
-836,11,18,8.7103,-35066,29,P,-1.0716,-69.5,-7.9
-835,5,13,22.1028,-35060,34,A,0.7727,64.7,-82.3
-835,11,7,19.6825,-35054,39,A,-0.4178,-38.4,-31.8
-834,5,3,9.0942,-35048,44,T,-0.0291,11.2,136.1
-834,10,27,23.4064,-35042,49,A,0.2810,5.4,-76.1
-833,4,23,1.2767,-35036,54,T,-0.7657,-38.9,-90.1
-833,10,16,22.5492,-35030,59,A,0.9646,63.2,-27.7
-832,3,13,9.4328,-35025,26,P,1.0862,71.5,64.2
-832,4,11,18.1761,-35024,64,P,-1.5028,-71.4,75.5
-832,9,5,10.9458,-35019,31,P,-1.2242,-71.0,50.5
-831,3,2,18.7369,-35013,36,A,0.3752,11.1,-9.7
-831,8,26,0.0747,-35007,41,T,-0.4635,-13.1,-94.0
-830,2,19,20.8331,-35001,46,A,-0.3612,-34.8,-28.8
-830,8,15,16.5850,-34995,51,T,0.2484,31.4,28.3
-829,2,8,20.7536,-34989,56,P,-1.0650,-69.6,114.3
-829,8,5,7.7669,-34983,61,T,0.9972,68.7,-45.2
-829,12,30,13.0058,-34978,28,P,1.0807,65.7,91.8
-828,6,25,3.8819,-34972,33,A,-0.9689,-51.8,-133.5
-828,12,19,3.2181,-34966,38,T,0.3738,-1.8,-131.5
-827,6,14,4.7608,-34960,43,A,-0.2148,10.7,-157.6
-827,12,8,18.8364,-34954,48,T,-0.2960,-39.0,-16.2
-826,6,3,7.3400,-34948,53,A,0.5557,52.8,144.8
-826,11,28,7.1744,-34942,58,P,-1.0166,-62.9,27.5
-825,4,24,8.8319,-34937,25,P,-1.2774,-61.2,-148.2
-825,5,23,16.8600,-34936,63,P,1.2846,62.5,-112.6
-825,10,18,18.0314,-34931,30,P,1.2565,60.7,77.6
-824,4,13,1.6297,-34925,35,T,-0.5315,-22.5,-95.3
-824,10,6,17.3008,-34919,40,A,0.5692,27.8,29.8
-823,4,2,17.8319,-34913,45,T,0.2058,12.0,0.7
-823,9,25,21.4444,-34907,50,A,-0.1582,-5.7,-54.7
-822,3,23,4.9400,-34901,55,A,1.0009,60.7,115.6
-822,9,15,8.9886,-34895,60,T,-0.8531,-43.5,103.1
-821,2,10,15.7389,-34890,27,P,-1.1538,-62.0,166.2
-821,8,6,16.4617,-34884,32,P,1.0639,62.7,159.5
-821,9,5,0.9039,-34883,70,P,-1.5106,-61.3,-171.0
-820,1,30,16.4089,-34878,37,A,-0.4265,-43.6,41.8
-820,7,26,6.5375,-34872,42,H,0.3561,41.8,-177.9
-819,1,18,23.3975,-34866,47,H,0.3047,-4.9,-79.4
-819,7,15,14.1331,-34860,52,A,-0.4183,-1.2,55.4
-818,1,8,12.8128,-34854,57,T,0.9745,53.0,66.0
-818,7,4,15.5225,-34848,62,P,-1.1883,-65.3,22.2
-818,11,29,17.5139,-34843,29,P,-1.0730,-68.5,-153.4
-817,5,25,4.8686,-34837,34,A,0.8508,75.2,165.4
-817,11,19,4.1292,-34831,39,A,-0.4197,-42.2,-158.2
-816,5,13,16.3333,-34825,44,T,0.0458,18.8,24.6
-816,11,7,7.4422,-34819,49,A,0.2757,1.3,161.3
-815,5,3,8.7511,-34813,54,T,-0.6950,-29.9,151.1
-815,10,27,6.4533,-34807,59,A,0.9531,58.6,-157.6
-814,3,24,17.0247,-34802,26,P,1.1434,71.8,-65.0
-814,4,23,1.6353,-34801,64,P,-1.4421,-71.0,-51.3
-814,9,16,18.9372,-34796,31,P,-1.2487,-71.4,-84.3
-813,3,14,2.0225,-34790,36,A,0.4288,18.2,-122.8
-813,9,6,8.2264,-34784,41,T,-0.4973,-18.7,140.3
-812,3,2,3.9414,-34778,46,A,-0.3122,-27.9,-137.6
-812,8,26,0.6208,-34772,51,T,0.2064,25.4,-93.8
-811,2,19,4.1333,-34766,56,P,-1.0238,-70.4,-10.3
-811,8,15,15.4408,-34760,61,T,0.9514,79.2,127.4
-810,1,9,21.4792,-34755,28,P,1.0882,66.8,-47.1
-810,7,6,10.4694,-34749,33,P,-1.0492,-66.0,123.2
-810,12,30,11.9936,-34743,38,T,0.3791,-1.6,95.2
-809,6,25,11.1350,-34737,43,A,-0.3008,6.4,105.8
-809,12,20,3.6311,-34731,48,T,-0.2942,-40.5,-146.4
-808,6,13,14.0114,-34725,53,A,0.4711,50.0,49.9
-808,12,8,15.7308,-34719,58,P,-1.0193,-63.8,-111.5
-807,5,4,16.1711,-34714,25,P,-1.3456,-61.6,91.5
-807,6,2,23.9736,-34713,63,P,1.2038,63.2,130.2
-807,10,29,1.9442,-34708,30,P,1.2678,61.1,-51.0
-806,4,24,9.1731,-34702,35,T,-0.6002,-23.1,150.7
-806,10,18,1.1844,-34696,40,A,0.5837,24.7,-90.8
-805,4,14,1.2903,-34690,45,T,0.1409,13.0,-111.7
-805,10,7,5.6031,-34684,50,A,-0.1398,-9.2,-178.5
-804,4,2,12.0728,-34678,55,A,0.9403,56.4,35.5
-804,9,25,17.3414,-34672,60,T,-0.8278,-44.7,-24.7
-803,2,20,22.9797,-34667,27,P,-1.1957,-61.4,47.4
-803,8,17,0.3467,-34661,32,P,1.1127,62.0,30.8
-803,9,15,9.2194,-34660,70,P,-1.4824,-61.0,54.2
-802,2,10,0.0336,-34655,37,A,-0.4578,-41.9,-71.0
-802,8,6,13.9842,-34649,42,H,0.4140,42.3,72.9
-801,1,30,7.5906,-34643,47,H,0.2827,-4.3,156.3
-801,7,26,20.9864,-34637,52,A,-0.3499,1.9,-48.8
-800,1,19,21.3839,-34631,57,T,0.9588,49.4,-68.2
-800,7,14,22.0381,-34625,62,P,-1.1109,-64.4,-86.7
-800,12,10,2.2761,-34620,29,P,-1.0761,-67.4,62.5
-799,6,4,11.6592,-34614,34,A,0.9286,85.1,5.0
-799,11,29,12.5672,-34608,39,A,-0.4214,-45.4,76.5
-798,5,24,23.5736,-34602,44,T,0.1215,26.1,-86.2
-798,11,18,15.5003,-34596,49,A,0.2717,-2.2,38.6
-797,5,14,16.1911,-34590,54,T,-0.6224,-21.6,34.0
-797,11,7,14.4572,-34584,59,A,0.9458,54.8,73.7
-796,4,4,0.4522,-34579,26,P,1.2078,71.7,168.3
-796,5,3,8.9803,-34578,64,P,-1.3762,-70.5,-175.9
-796,9,27,3.0958,-34573,31,P,-1.2660,-71.7,138.0
-795,3,24,9.1206,-34567,36,A,0.4910,26.1,126.5
-795,9,16,16.5300,-34561,41,T,-0.5238,-24.4,12.2
-794,3,13,10.8797,-34555,46,A,-0.2548,-20.4,115.4
-794,9,6,8.7975,-34549,51,T,0.1718,19.5,141.6
-793,3,2,11.4061,-34543,56,A,-0.9765,-74.5,-172.2
-793,8,26,23.2067,-34537,61,T,0.9110,73.2,-26.9
-792,1,21,5.8903,-34532,28,P,1.0995,67.8,174.4
-792,7,16,17.1108,-34526,33,P,-1.1258,-67.0,11.7
-791,1,9,20.6928,-34520,38,T,0.3888,-0.3,-37.1
-791,7,5,17.5922,-34514,43,A,-0.3830,1.3,7.3
-791,12,30,12.3531,-34508,48,T,-0.2892,-40.7,84.7
-790,6,24,20.7881,-34502,53,A,0.3903,46.5,-47.8
-790,12,20,0.2053,-34496,58,P,-1.0187,-64.8,110.4
-789,5,15,23.5219,-34491,25,P,-1.4139,-62.2,-29.1
-789,6,14,7.1700,-34490,63,P,1.1259,64.1,11.4
-789,11,9,9.9142,-34485,30,P,1.2760,61.6,179.4
-788,5,4,16.6436,-34479,35,T,-0.6724,-24.9,37.6
-788,10,28,9.1836,-34473,40,A,0.5931,21.7,146.5
-787,4,24,8.6161,-34467,45,T,0.0704,13.5,138.3
-787,10,17,13.8994,-34461,50,A,-0.1274,-13.1,55.6
-786,4,13,19.0428,-34455,55,A,0.8723,54.5,-61.4
-786,10,7,1.8475,-34449,60,T,-0.8099,-47.1,-155.1
-785,3,4,6.0528,-34444,27,P,-1.2457,-61.0,-68.8
-785,8,28,8.3464,-34438,32,P,1.1557,61.5,-99.4
-785,9,26,17.6600,-34437,70,P,-1.4605,-60.8,-82.4
-784,2,21,7.5333,-34432,37,A,-0.4961,-40.1,177.6
-784,8,16,21.5233,-34426,42,H,0.4666,41.8,-38.1
-783,2,9,15.6553,-34420,47,H,0.2535,-3.4,34.1
-783,8,6,3.9367,-34414,52,A,-0.2870,3.7,-154.1
-782,1,30,5.8489,-34408,57,T,0.9378,46.2,160.3
-782,7,26,4.6675,-34402,62,P,-1.0388,-63.5,162.9
-782,12,21,10.9942,-34397,29,P,-1.0810,-66.3,-80.4
-781,6,15,18.5192,-34391,34,P,1.0037,67.1,173.0
-781,12,10,20.9914,-34385,39,A,-0.4230,-47.7,-47.5
-780,6,4,6.8211,-34379,44,T,0.1975,32.8,163.9
-780,11,28,23.5819,-34373,49,A,0.2693,-5.0,-84.3
-779,5,24,23.6089,-34367,54,T,-0.5483,-13.9,-81.8
-779,11,17,22.5058,-34361,59,A,0.9403,51.6,-54.6
-778,4,15,7.7683,-34356,26,P,1.2767,71.5,43.4
-778,5,14,16.2847,-34355,64,P,-1.3088,-69.7,60.5
-778,10,8,11.3989,-34350,31,P,-1.2773,-71.6,-2.0
-777,4,4,16.0903,-34344,36,A,0.5584,34.6,17.3
-777,9,28,0.9547,-34338,41,T,-0.5447,-29.9,-117.4
-776,3,23,17.6817,-34332,46,A,-0.1907,-12.6,10.0
-776,9,16,17.1025,-34326,51,T,0.1441,13.7,14.8
-775,3,12,18.5133,-34320,56,A,-0.9204,-66.8,38.9
-775,9,6,7.1175,-34314,61,H,0.8785,66.2,-160.1
-774,1,31,14.1650,-34309,28,P,1.1180,68.8,37.3
-774,7,27,23.8700,-34303,33,P,-1.1957,-68.1,-102.0
-773,1,21,5.2767,-34297,38,T,0.4043,2.1,-167.9
-773,7,17,0.1672,-34291,43,A,-0.4595,-4.4,-93.7
-772,1,10,20.9867,-34285,48,T,-0.2803,-39.6,-42.9
-772,7,5,3.6331,-34279,53,A,0.3119,42.1,-147.9
-772,12,30,8.6225,-34273,58,P,-1.0163,-65.8,-27.2
-771,5,26,6.8400,-34268,25,P,-1.4838,-62.8,-149.4
-771,6,24,14.4108,-34267,63,P,1.0495,65.0,-108.3
-771,11,19,17.9361,-34262,30,P,1.2813,62.3,48.9
-770,5,16,0.0658,-34256,35,T,-0.7469,-28.1,-75.0
-770,11,8,17.2839,-34250,40,A,0.5976,18.9,22.1
-769,5,5,15.8692,-34244,45,T,-0.0033,13.5,29.4
-769,10,28,22.3025,-34238,50,A,-0.1195,-17.0,-71.8
-768,4,24,1.9086,-34232,55,A,0.8001,53.7,-158.8
-768,10,17,10.4606,-34226,60,T,-0.7967,-50.2,73.0
-767,3,14,12.9756,-34221,27,P,-1.3028,-60.8,177.5
-767,9,7,16.4767,-34215,32,P,1.1919,61.0,128.6
-767,10,7,2.2206,-34214,70,P,-1.4446,-60.8,139.3
-766,3,3,14.9119,-34209,37,A,-0.5412,-38.3,67.6
-766,8,28,5.1833,-34203,42,A,0.5121,40.3,-151.7
-765,2,20,23.6064,-34197,47,T,0.2177,-2.2,-86.3
-765,8,17,11.0153,-34191,52,A,-0.2310,4.2,98.8
-764,2,10,14.1822,-34185,57,T,0.9100,43.5,31.8
-764,8,5,11.4286,-34179,62,A,-0.9723,-52.4,65.5
-764,12,31,19.6264,-34174,29,P,-1.0898,-65.3,138.5
-763,6,26,1.4622,-34168,34,P,1.0758,66.1,57.0
-763,12,21,5.3269,-34162,39,A,-0.4284,-49.1,-169.5
-762,6,15,14.1256,-34156,44,T,0.2715,38.9,54.3
-762,12,10,7.6378,-34150,49,A,0.2654,-7.1,153.5
-761,6,5,7.0186,-34144,54,T,-0.4737,-6.8,163.3
-761,11,29,6.6000,-34138,59,A,0.9364,49.0,177.1
-760,4,25,14.9544,-34133,26,P,1.3511,71.0,-79.2
-760,5,24,23.5211,-34132,64,P,-1.2383,-68.9,-61.5
-760,10,18,19.8425,-34127,31,P,-1.2825,-71.3,-143.9
-759,4,14,22.8842,-34121,36,A,0.6336,43.8,-89.9
-759,10,8,9.5289,-34115,41,T,-0.5584,-35.2,111.1
-758,4,4,0.3483,-34109,46,A,-0.1200,-4.4,-93.7
-758,9,28,1.5278,-34103,51,T,0.1228,8.1,-113.9
-757,3,24,1.5336,-34097,56,A,-0.8589,-57.0,-83.4
-757,9,17,15.1381,-34091,61,A,0.8522,59.6,70.9
-756,2,11,22.3475,-34086,28,P,1.1418,69.7,-98.9
-756,3,12,8.8594,-34085,66,P,-1.5417,-71.4,-112.2
-756,8,7,6.7144,-34080,33,P,-1.2607,-69.1,142.4
-755,1,31,13.7586,-34074,38,T,0.4250,5.5,62.5
-755,7,27,6.8703,-34068,43,A,-0.5298,-10.5,162.6
-754,1,21,5.4908,-34062,48,T,-0.2655,-37.2,-169.2
-754,7,16,10.6314,-34056,53,A,0.2401,37.1,108.4
-753,1,10,16.9194,-34050,58,P,-1.0091,-66.9,-163.5
-753,7,5,21.7478,-34044,63,T,0.9769,77.3,138.0
-753,12,1,1.9539,-34039,30,P,1.2865,63.1,-81.8
-752,5,26,7.4633,-34033,35,T,-0.8222,-33.0,172.5
-752,11,19,1.4361,-34027,40,A,0.6005,16.6,-103.1
-751,5,15,23.0289,-34021,45,T,-0.0809,12.6,-78.0
-751,11,8,6.8022,-34015,50,A,-0.1155,-20.8,159.7
-750,5,5,8.6633,-34009,55,A,0.7229,53.2,105.1
-750,10,28,19.1719,-34003,60,T,-0.7881,-54.0,-60.2
-749,3,25,19.7606,-33998,27,P,-1.3664,-60.6,65.8
-749,4,24,11.2914,-33997,65,P,1.5140,61.1,-10.7
-749,9,19,0.7392,-33992,32,P,1.2213,60.8,-5.4
-749,10,18,10.8972,-33991,70,P,-1.4347,-61.0,-0.8
-748,3,13,22.1550,-33986,37,A,-0.5938,-37.0,-40.7
-748,9,7,12.9611,-33980,42,A,0.5509,38.1,92.0
-747,3,3,7.4319,-33974,47,T,0.1749,-0.8,155.3
-747,8,27,18.2261,-33968,52,A,-0.1818,3.6,-10.1
-746,2,20,22.3908,-33962,57,T,0.8758,41.4,-93.9
-746,8,16,18.3522,-33956,62,A,-0.9131,-43.9,-36.9
-745,1,12,4.1803,-33951,29,P,-1.1024,-64.3,-1.0
-745,7,7,8.4964,-33945,34,P,1.1442,65.1,-60.0
-744,1,1,13.6019,-33939,39,A,-0.4362,-49.6,69.8
-744,6,25,21.4889,-33933,44,T,0.3434,44.0,-54.8
-744,12,20,15.6436,-33927,49,A,0.2595,-8.6,32.2
-743,6,15,14.4539,-33921,54,T,-0.4004,-0.7,48.8
-743,12,9,14.6831,-33915,59,A,0.9312,46.6,49.2
-742,5,6,22.0736,-33910,26,P,1.4275,70.4,159.7
-742,6,5,6.7644,-33909,64,P,-1.1686,-68.0,177.0
-742,10,30,4.3728,-33904,31,P,-1.2844,-70.8,73.2
-741,4,26,5.5925,-33898,36,A,0.7120,53.5,163.3
-741,10,19,18.2064,-33892,41,T,-0.5676,-40.3,-21.3
-740,4,14,6.8811,-33886,46,A,-0.0426,4.1,164.6
-740,10,8,10.0722,-33880,51,T,0.1077,2.8,115.7
-739,4,3,8.4236,-33874,56,A,-0.7897,-47.0,162.7
-739,9,27,23.2931,-33868,61,A,0.8331,53.8,-57.9
-738,2,22,6.3756,-33863,28,P,1.1738,70.5,126.6
-738,3,23,16.3311,-33862,66,P,-1.4834,-71.7,120.6
-738,8,18,13.7186,-33857,33,P,-1.3171,-70.0,23.8
-737,2,11,22.1092,-33851,38,T,0.4526,10.0,-65.6
-737,8,7,13.7081,-33845,43,A,-0.5939,-17.0,56.4
-736,2,1,13.8789,-33839,48,T,-0.2453,-33.5,65.4
-736,7,26,17.7503,-33833,53,A,0.1735,31.6,1.7
-735,1,21,1.0869,-33827,58,A,-0.9961,-70.4,60.2
-735,7,16,5.1828,-33821,63,T,0.9082,88.5,-145.4
-735,12,11,9.9714,-33816,30,P,1.2915,64.0,147.3
-734,6,6,14.8589,-33810,35,T,-0.8975,-40.2,59.8
-734,11,30,9.6217,-33804,40,A,0.6024,14.9,131.2
-733,5,27,6.1608,-33798,45,T,-0.1591,11.0,174.9
-733,11,19,15.3686,-33792,50,A,-0.1140,-24.2,30.7
-732,5,15,15.3292,-33786,55,A,0.6419,52.4,10.5
-732,11,8,3.9622,-33780,60,T,-0.7831,-58.2,166.0
-731,4,5,2.4294,-33775,27,P,-1.4353,-60.7,-44.2
-731,5,4,17.6844,-33774,65,P,1.4323,61.5,-116.7
-731,9,29,9.1189,-33769,32,P,1.2448,60.7,-140.9
-731,10,28,19.6478,-33768,70,P,-1.4286,-61.3,-142.1
-730,3,25,5.2981,-33763,37,A,-0.6522,-36.2,-147.6
-730,9,18,20.8700,-33757,42,A,0.5823,35.5,-27.3
-729,3,14,15.1550,-33751,47,T,0.1258,0.6,38.6
-729,9,8,1.5619,-33745,52,A,-0.1394,2.1,-121.1
-728,3,3,6.4694,-33739,57,T,0.8348,39.9,143.1
-728,8,27,1.4392,-33733,62,A,-0.8612,-40.1,-144.2
-727,1,22,12.5789,-33728,29,P,-1.1222,-63.3,-137.8
-727,7,17,15.6675,-33722,34,P,1.2069,64.2,-178.6
-727,8,16,3.8353,-33721,72,P,-1.5437,-62.1,153.6
-726,1,11,21.7411,-33716,39,A,-0.4504,-49.1,-48.9
-726,7,7,4.9442,-33710,44,T,0.4113,47.9,-163.9
-726,12,31,23.5569,-33704,49,A,0.2491,-9.5,-87.6
-725,6,26,21.9258,-33698,54,T,-0.3288,4.6,-65.5
-725,12,20,22.7558,-33692,59,A,0.9249,44.5,-78.1
-724,5,17,5.0761,-33687,26,P,1.5084,69.5,40.9
-724,6,15,13.9633,-33686,64,P,-1.0974,-67.0,56.6
-724,11,9,13.0108,-33681,31,P,-1.2820,-70.1,-70.7
-724,12,9,2.8150,-33680,69,P,1.5521,67.5,-130.3
-723,5,6,12.1714,-33675,36,A,0.7960,64.2,56.1
-723,10,30,2.9814,-33669,41,T,-0.5722,-45.0,-154.2
-722,4,25,13.3308,-33663,46,A,0.0391,12.6,64.3
-722,10,19,18.7217,-33657,51,T,0.0980,-2.1,-16.1
-721,4,14,15.2567,-33651,56,A,-0.7168,-37.4,52.5
-721,10,9,7.5353,-33645,61,A,0.8192,48.5,172.9
-720,3,4,14.3161,-33640,28,P,1.2107,71.1,-7.1
-720,4,2,23.7356,-33639,66,P,-1.4209,-71.7,-5.7
-720,8,28,20.8431,-33634,33,P,-1.3668,-70.7,-97.2
-719,2,22,6.3244,-33628,38,T,0.4868,15.4,167.9
-719,8,17,20.7194,-33622,43,A,-0.6496,-23.7,-53.1
-718,2,11,22.1186,-33616,48,T,-0.2186,-28.8,-58.7
-718,8,7,1.0372,-33610,53,A,0.1142,25.8,-108.4
-717,2,1,9.0978,-33604,58,A,-0.9766,-78.7,-95.2
-717,7,27,12.7533,-33598,63,T,0.8458,78.6,96.3
-717,12,22,17.9272,-33593,30,P,1.2993,65.0,16.9
-716,6,16,22.2567,-33587,35,T,-0.9722,-52.4,-52.2
-716,12,10,17.8075,-33581,40,A,0.6048,13.8,5.5
-715,6,6,13.2556,-33575,45,T,-0.2380,8.5,68.0
-715,11,29,23.9550,-33569,50,A,-0.1130,-27.0,-98.2
-714,5,26,21.9467,-33563,55,A,0.5594,51.1,-83.4
-714,11,19,12.8125,-33557,60,T,-0.7812,-62.6,32.3
-713,4,16,8.9906,-33552,27,P,-1.5091,-60.9,-152.5
-713,5,16,0.0103,-33551,65,P,1.3470,62.1,138.3
-713,10,10,17.6108,-33546,32,P,1.2624,60.7,81.8
-713,11,9,4.4756,-33545,70,P,-1.4268,-61.8,75.4
-712,4,4,12.3408,-33540,37,A,-0.7163,-36.4,106.8
-712,9,29,4.9039,-33534,42,A,0.6068,32.6,-149.3
-711,3,24,22.7525,-33528,47,T,0.0695,2.0,-76.1
-711,9,18,9.0539,-33522,52,A,-0.1051,-0.3,125.5
-710,3,14,14.4325,-33516,57,T,0.7877,39.1,22.4
-710,9,7,8.6842,-33510,62,A,-0.8164,-38.6,105.5
-709,2,2,20.8658,-33505,29,P,-1.1471,-62.5,87.4
-709,3,4,6.9350,-33504,67,P,1.5025,61.3,92.7
-709,7,28,22.9689,-33499,34,P,1.2640,63.4,61.1
-709,8,27,11.2739,-33498,72,P,-1.4930,-61.5,31.9
-708,1,23,5.7628,-33493,39,A,-0.4695,-48.0,-166.2
-708,7,17,12.4808,-33487,44,T,0.4756,50.5,86.9
-707,1,11,7.3742,-33481,49,A,0.2340,-9.8,154.2
-707,7,7,5.4661,-33475,54,T,-0.2608,8.7,179.9
-707,12,31,6.7439,-33469,59,A,0.9136,42.2,156.4
-706,6,26,21.2175,-33463,64,P,-1.0292,-66.0,-64.1
-706,11,20,21.6883,-33458,31,P,-1.2789,-69.2,145.4
-706,12,20,11.2639,-33457,69,P,1.5448,66.4,90.9
-705,5,17,18.6933,-33452,36,A,0.8817,75.6,-59.6
-705,11,10,11.8156,-33446,41,T,-0.5744,-49.4,73.1
-704,5,5,19.7047,-33440,46,A,0.1249,21.1,-34.5
-704,10,30,3.4522,-33434,51,T,0.0929,-6.6,-148.8
-703,4,24,21.9944,-33428,56,A,-0.6379,-28.0,-54.9
-703,10,19,15.8942,-33422,61,A,0.8117,44.1,42.6
-702,3,15,22.1189,-33417,28,P,1.2550,71.5,-139.1
-702,4,14,7.0494,-33416,66,P,-1.3528,-71.5,-130.6
-702,9,9,4.1222,-33411,33,P,-1.4085,-71.3,138.9
-701,3,5,14.4064,-33405,38,T,0.5280,21.7,42.8
-701,8,29,3.8975,-33399,43,A,-0.6975,-30.3,-165.6
-700,2,23,6.2025,-33393,48,T,-0.1843,-23.2,178.5
-700,8,17,8.4758,-33387,53,A,0.0615,19.8,138.5
-699,2,11,16.9547,-33381,58,A,-0.9500,-78.5,95.9
-699,8,6,20.4558,-33375,63,T,0.7890,70.0,-21.4
-698,1,2,1.8119,-33370,30,P,1.3105,66.1,-112.8
-698,6,28,5.7022,-33364,35,P,-1.0443,-65.4,-166.3
-698,7,27,12.8753,-33363,73,P,1.4732,68.0,-123.1
-698,12,22,1.9850,-33358,40,A,0.6081,13.6,-120.0
-697,6,17,20.3442,-33352,45,T,-0.3164,5.1,-39.3
-697,12,11,8.5622,-33346,50,A,-0.1121,-29.0,133.0
-696,6,6,4.5333,-33340,55,A,0.4761,49.0,-177.3
-696,11,29,21.6756,-33334,60,T,-0.7793,-66.8,-99.5
-695,5,26,6.3147,-33328,65,P,1.2598,62.7,33.4
-695,10,21,2.2000,-33323,32,P,1.2752,61.0,-56.9
-695,11,19,13.3347,-33322,70,P,-1.4268,-62.5,-67.8
-694,4,15,19.3278,-33317,37,A,-0.7843,-37.9,2.1
-694,10,10,13.0275,-33311,42,A,0.6263,29.7,86.8
-693,4,5,6.2725,-33305,47,T,0.0082,3.2,170.6
-693,9,29,16.6697,-33299,52,A,-0.0772,-3.3,10.0
-692,3,24,22.2528,-33293,57,T,0.7332,38.8,-95.3
-692,9,17,16.1044,-33287,62,A,-0.7796,-38.9,-7.6
-691,2,13,4.9739,-33282,29,P,-1.1803,-61.9,-44.5
-691,3,14,14.8003,-33281,67,P,1.4595,61.0,-35.3
-691,8,8,6.4361,-33276,34,P,1.3141,62.6,-61.4
-691,9,6,18.9089,-33275,72,P,-1.4507,-61.0,-92.7
-690,2,2,13.6003,-33270,39,A,-0.4972,-46.4,78.7
-690,7,28,20.1528,-33264,44,T,0.5338,51.6,-23.9
-689,1,22,15.0683,-33258,49,A,0.2127,-9.6,37.9
-689,7,18,13.0617,-33252,54,T,-0.1957,11.8,65.0
-688,1,11,14.6789,-33246,59,A,0.8989,40.0,32.1
-688,7,7,4.4850,-33240,64,T,-0.9621,-50.3,-177.1
-688,12,1,6.4064,-33235,31,P,-1.2745,-68.2,1.5
-688,12,30,19.6764,-33234,69,P,1.5350,65.3,-46.8
-687,5,28,1.1472,-33229,36,A,0.9697,80.3,112.4
-687,11,20,20.7067,-33223,41,T,-0.5741,-53.1,-58.9
-686,5,17,2.0528,-33217,46,A,0.2121,29.4,-132.2
-686,11,10,12.2314,-33211,51,T,0.0905,-10.4,78.0
-685,5,6,4.7269,-33205,56,A,-0.5575,-19.1,-161.2
-685,10,31,0.3158,-33199,61,A,0.8080,40.3,-88.4
-684,3,26,5.8214,-33194,28,P,1.3047,71.6,90.2
-684,4,24,14.3039,-33193,66,P,-1.2806,-71.0,105.8
-684,9,19,11.5383,-33188,33,P,-1.4430,-71.7,12.6
-684,10,19,5.4347,-33187,71,P,1.5574,71.3,-114.3
-683,3,15,22.3600,-33182,38,T,0.5758,28.7,-80.7
-683,9,8,11.2547,-33176,43,A,-0.7371,-36.9,78.9
-682,3,5,14.1303,-33170,48,T,-0.1429,-16.8,57.4
-682,8,28,16.1064,-33164,53,A,0.0172,13.7,22.0
-681,2,23,0.6406,-33158,58,A,-0.9160,-72.7,-51.3
-681,8,18,4.2969,-33152,63,T,0.7387,62.1,-141.6
-680,1,13,9.5894,-33147,30,P,1.3265,67.2,118.7
-680,7,8,13.2019,-33141,35,P,-1.1128,-66.4,69.6
-680,8,6,20.7053,-33140,73,P,1.4218,69.0,106.6
-679,1,1,10.0814,-33135,40,A,0.6160,14.4,115.7
-679,6,28,3.4539,-33129,45,T,-0.3926,0.8,-147.5
-679,12,21,17.1319,-33123,50,A,-0.1090,-30.0,5.2
-678,6,17,11.1175,-33117,55,A,0.3932,46.0,87.9
-678,12,11,6.5328,-33111,60,T,-0.7772,-70.5,132.2
-677,6,6,12.6106,-33105,65,P,1.1719,63.5,-71.6
-677,11,1,10.8750,-33100,32,P,1.2834,61.4,163.0
-677,11,30,22.2208,-33099,70,P,-1.4286,-63.3,148.4
-676,4,26,2.2192,-33094,37,A,-0.8577,-41.2,-100.6
-676,10,20,21.2611,-33088,42,A,0.6394,26.8,-39.3
-675,4,15,13.6994,-33082,47,T,-0.0583,4.1,58.7
-675,10,10,0.4144,-33076,52,A,-0.0562,-6.7,-107.4
-674,4,5,5.9800,-33070,57,T,0.6740,39.0,148.9
-674,9,28,23.6853,-33064,62,A,-0.7505,-40.4,-123.3
-673,2,24,12.9533,-33059,29,P,-1.2192,-61.3,-174.3
-673,3,25,22.5533,-33058,67,P,1.4116,60.8,-161.6
-673,8,19,14.0369,-33053,34,P,1.3585,62.0,174.2
-673,9,18,2.6906,-33052,72,P,-1.4144,-60.8,140.7
-672,2,13,21.3025,-33047,39,A,-0.5308,-44.5,-35.1
-672,8,8,3.9419,-33041,44,T,0.5867,51.4,-136.8
-671,2,1,22.6056,-33035,49,A,0.1837,-9.0,-76.0
-671,7,28,20.7686,-33029,54,T,-0.1364,13.6,-51.1
-670,1,21,22.4939,-33023,59,A,0.8774,37.8,-89.5
-670,7,18,11.8319,-33017,64,T,-0.8996,-40.2,69.6
-670,12,12,15.0969,-33012,31,P,-1.2723,-67.1,-141.4
-669,1,11,3.9994,-33011,69,P,1.5201,64.3,177.2
-669,6,8,7.6000,-33006,36,P,1.0569,67.7,-24.4
-669,12,2,5.6014,-33000,41,T,-0.5739,-56.2,170.7
-668,5,27,8.3583,-32994,46,A,0.3016,37.5,131.7
-668,11,20,21.0500,-32988,51,T,0.0904,-13.6,-55.3
-667,5,16,11.4233,-32982,56,A,-0.4740,-10.7,93.9
-667,11,10,8.7933,-32976,61,A,0.8077,37.3,140.0
-666,4,6,13.4158,-32971,28,P,1.3604,71.5,-38.8
-666,5,5,21.5178,-32970,66,P,-1.2052,-70.4,-16.8
-666,9,30,19.1167,-32965,33,P,-1.4695,-71.8,-116.5
-666,10,30,13.4633,-32964,71,P,1.5517,70.8,110.4
-665,3,27,6.1869,-32959,38,T,0.6299,36.4,157.0
-665,9,19,18.7792,-32953,43,A,-0.7690,-43.2,-39.3
-664,3,15,21.9100,-32947,48,T,-0.0946,-10.0,-62.1
-664,9,7,23.9067,-32941,53,A,-0.0191,7.7,-97.3
-663,3,5,8.1436,-32935,58,A,-0.8739,-64.8,179.2
-663,8,28,12.2978,-32929,63,T,0.6960,54.7,95.4
-662,1,23,17.2644,-32924,30,P,1.3470,68.2,-8.9
-662,7,19,20.7700,-32918,35,P,-1.1775,-67.4,-56.0
-662,8,18,4.6428,-32917,73,P,1.3757,69.9,-26.0
-661,1,12,18.1194,-32912,40,A,0.6274,16.1,-7.9
-661,7,9,10.6000,-32906,45,H,-0.4659,-4.3,103.1
-660,1,2,1.6594,-32900,50,H,-0.1028,-29.7,-121.9
-660,6,27,17.7094,-32894,55,A,0.3114,42.0,-8.0
-660,12,21,15.3542,-32888,60,T,-0.7731,-73.1,9.2
-659,6,16,18.9481,-32882,65,P,1.0852,64.4,-177.4
-659,11,11,19.5814,-32877,32,P,1.2898,61.9,22.3
-659,12,11,7.0622,-32876,70,P,-1.4287,-64.2,5.0
-658,5,7,9.1114,-32871,37,A,-0.9318,-47.2,158.0
-658,11,1,5.5597,-32865,42,A,0.6482,24.1,-166.7
-657,4,26,21.0731,-32859,47,T,-0.1284,4.4,-52.3
-657,10,21,8.2600,-32853,52,A,-0.0405,-10.3,133.6
-656,4,15,13.5989,-32847,57,T,0.6092,39.3,35.4
-656,10,9,7.4256,-32841,62,A,-0.7282,-43.0,118.7
-655,3,6,20.7317,-32836,29,P,-1.2674,-61.0,59.0
-655,4,5,6.1411,-32835,67,P,1.3562,60.9,74.6
-655,8,29,21.8333,-32830,34,P,1.3946,61.5,47.1
-655,9,28,10.6694,-32829,72,P,-1.3865,-60.6,11.2
-654,2,24,4.8114,-32824,39,A,-0.5735,-42.7,-146.4
-654,8,19,11.8683,-32818,44,T,0.6332,50.3,107.3
-653,2,13,5.9967,-32812,49,A,0.1475,-8.1,172.4
-653,8,9,4.5703,-32806,54,T,-0.0820,14.2,-168.5
-652,2,2,6.2003,-32800,59,A,0.8498,35.9,151.2
-652,7,28,19.2356,-32794,64,T,-0.8405,-34.1,-44.4
-652,12,22,23.7786,-32789,31,P,-1.2713,-66.1,76.5
-651,1,21,12.2467,-32788,69,P,1.5007,63.4,42.7
-651,6,18,14.0489,-32783,36,P,1.1432,66.7,-133.3
-651,12,12,14.4839,-32777,41,T,-0.5747,-58.2,41.9
-650,6,7,14.7056,-32771,46,A,0.3893,45.0,36.3
-650,12,2,5.8814,-32765,51,T,0.0911,-16.1,171.4
-649,5,27,18.1392,-32759,56,A,-0.3902,-2.9,-10.5
-649,11,21,17.2942,-32753,61,A,0.8092,34.9,8.1
-648,4,16,20.9439,-32748,28,P,1.4199,71.2,-166.6
-648,5,16,4.7208,-32747,66,P,-1.1279,-69.6,-138.6
-648,10,11,2.8172,-32742,33,P,-1.4896,-71.7,112.6
-648,11,9,21.5381,-32741,71,P,1.5487,70.0,-25.0
-647,4,6,13.8964,-32736,38,T,0.6898,44.8,35.8
-647,9,30,2.4794,-32730,43,A,-0.7927,-49.2,-160.1
-646,3,27,5.5444,-32724,48,T,-0.0399,-2.6,-179.8
-646,9,19,7.8650,-32718,53,A,-0.0485,1.9,141.0
-645,3,16,15.4781,-32712,58,A,-0.8244,-56.3,58.2
-645,9,8,20.4456,-32706,63,T,0.6603,47.9,-30.0
-644,2,4,0.7714,-32701,30,P,1.3757,69.2,-134.5
-644,7,30,4.4231,-32695,35,P,-1.2375,-68.4,176.7
-644,8,28,12.7169,-32694,73,P,1.3365,70.6,-161.1
-643,1,23,2.0339,-32689,40,A,0.6456,19.1,-129.9
-643,7,19,17.8133,-32683,45,H,-0.5348,-9.9,-7.9
-642,1,12,10.0900,-32677,50,H,-0.0912,-28.2,112.2
-642,7,9,0.3606,-32671,55,A,0.2331,37.2,-106.1
-641,1,2,0.1269,-32665,60,T,-0.7666,-73.8,-109.0
-641,6,28,1.3097,-32659,65,A,0.9992,65.3,76.1
-641,11,23,4.3364,-32654,32,P,1.2934,62.6,-119.3
-641,12,22,15.8881,-32653,70,P,-1.4287,-65.1,-138.5
-640,5,17,15.9647,-32648,37,P,-1.0082,-62.3,71.5
-640,11,11,13.9194,-32642,42,A,0.6536,21.7,64.8
-639,5,7,4.3925,-32636,47,T,-0.2020,3.9,-162.5
-639,10,31,16.2067,-32630,52,A,-0.0302,-13.9,13.3
-638,4,26,21.1572,-32624,57,T,0.5412,39.7,-76.6
-638,10,20,15.2772,-32618,62,A,-0.7109,-46.3,-0.8
-637,3,18,4.3861,-32613,29,P,-1.3210,-60.7,-65.7
-637,4,16,13.6414,-32612,67,P,1.2970,61.0,-47.8
-637,9,10,5.7717,-32607,34,P,1.4247,61.1,-81.9
-637,10,9,18.7786,-32606,72,P,-1.3641,-60.7,-120.3
-636,3,6,12.1483,-32601,39,A,-0.6238,-41.2,104.5
-636,8,29,19.9308,-32595,44,T,0.6733,48.3,-12.1
-635,2,23,13.2231,-32589,49,A,0.1032,-7.0,63.3
-635,8,19,12.5014,-32583,54,T,-0.0345,13.7,72.2
-634,2,12,13.7631,-32577,59,A,0.8144,34.2,34.9
-634,8,9,2.7581,-32571,64,T,-0.7880,-30.5,-159.8
-633,1,3,8.3892,-32566,31,P,-1.2746,-65.0,-64.1
-633,2,1,20.3783,-32565,69,P,1.4748,62.6,-89.8
-633,6,29,20.5289,-32560,36,P,1.2270,65.7,117.9
-633,12,23,23.3256,-32554,41,T,-0.5777,-59.1,-85.2
-632,6,17,21.0797,-32548,46,A,0.4762,51.9,-57.6
-632,12,12,14.6758,-32542,51,T,0.0904,-17.8,39.0
-631,6,7,0.8817,-32536,56,A,-0.3066,4.1,-114.5
-631,12,2,1.8017,-32530,61,A,0.8116,33.0,-124.0
-630,4,28,4.3994,-32525,28,P,1.4832,70.7,67.0
-630,5,27,11.9219,-32524,66,P,-1.0497,-68.7,100.2
-630,10,22,10.6325,-32519,33,P,-1.5039,-71.3,-19.8
-630,11,21,5.6528,-32518,71,P,1.5478,69.1,-160.3
-629,4,17,21.5033,-32513,38,T,0.7547,53.8,-85.0
-629,10,11,10.3308,-32507,43,A,-0.8096,-54.8,77.1
-628,4,6,13.0200,-32501,48,T,0.0221,5.0,64.7
-628,9,29,15.9928,-32495,53,A,-0.0702,-3.8,16.7
-627,3,26,22.6467,-32489,58,A,-0.7674,-47.5,-57.6
-627,9,19,4.7383,-32483,63,T,0.6314,41.5,-157.7
-626,2,14,8.1514,-32478,30,P,1.4103,70.1,101.1
-626,3,16,1.0986,-32477,68,P,-1.5403,-71.6,-9.7
-626,8,10,12.1833,-32472,35,P,-1.2917,-69.3,47.2
-626,9,8,20.9183,-32471,73,P,1.3038,71.2,61.3
-625,2,3,9.8678,-32466,40,A,0.6684,23.0,108.9
-625,7,31,1.0867,-32460,45,H,-0.5995,-16.1,-120.5
-624,1,23,18.4494,-32454,50,H,-0.0754,-25.5,-13.1
-624,7,19,7.0789,-32448,55,A,0.1591,31.8,153.6
-623,1,12,8.7981,-32442,60,T,-0.7552,-72.1,133.7
-623,7,8,7.7800,-32436,65,A,0.9182,87.9,35.2
-623,12,3,13.0739,-32431,32,P,1.2971,63.5,99.2
-622,1,2,0.6247,-32430,70,P,-1.4255,-66.2,79.0
-622,5,28,22.8600,-32425,37,P,-1.0834,-63.0,-42.4
-622,11,22,22.2778,-32419,42,A,0.6580,19.8,-63.7
-621,5,18,11.7031,-32413,47,T,-0.2765,2.7,87.3
-621,11,12,0.2083,-32407,52,A,-0.0230,-17.3,-107.6
-620,5,7,4.6225,-32401,57,T,0.4686,39.7,173.3
-620,10,30,23.2594,-32395,62,A,-0.6996,-50.0,-121.8
-619,3,28,11.8542,-32390,29,P,-1.3825,-60.7,172.4
-619,4,26,21.0136,-32389,67,P,1.2323,61.4,-168.4
-619,9,20,13.8908,-32384,34,P,1.4468,60.9,146.3
-619,10,20,3.0358,-32383,72,P,-1.3482,-60.9,106.0
-618,3,17,19.3017,-32378,39,A,-0.6821,-40.5,-2.0
-618,9,10,4.1522,-32372,44,T,0.7056,45.9,-135.3
-617,3,6,20.2953,-32366,49,A,0.0513,-5.7,-43.3
-617,8,30,20.5422,-32360,54,T,0.0070,12.3,-48.9
-616,2,23,21.2108,-32354,59,A,0.7725,33.0,-79.0
-616,8,19,10.3778,-32348,64,H,-0.7411,-28.6,83.6
-615,1,13,16.9269,-32343,31,P,-1.2820,-64.1,156.8
-615,2,12,4.3942,-32342,69,P,1.4425,61.9,139.7
-615,7,10,3.0672,-32337,36,P,1.3070,64.7,8.7
-615,8,8,17.7547,-32336,74,P,-1.5409,-62.5,-57.0
-614,1,3,8.1125,-32331,41,T,-0.5839,-58.9,148.7
-614,6,29,3.5236,-32325,46,A,0.5597,57.8,-149.8
-614,12,23,23.4264,-32319,51,T,0.0880,-18.8,-92.5
-613,6,18,7.6894,-32313,56,A,-0.2250,10.3,141.4
-613,12,13,10.2675,-32307,61,A,0.8129,31.7,104.6
-612,6,6,19.1383,-32301,66,T,-0.9713,-54.8,-24.4
-612,11,1,18.5347,-32296,33,P,-1.5137,-70.7,-153.0
-612,12,1,13.7581,-32295,71,P,1.5469,68.1,65.1
-611,4,28,5.0308,-32290,38,T,0.8234,63.6,152.8
-611,10,21,18.3025,-32284,43,A,-0.8210,-60.1,-46.9
-610,4,17,20.3853,-32278,48,T,0.0887,12.9,-49.2
-610,10,11,0.2644,-32272,53,A,-0.0856,-9.1,-109.5
-609,4,7,5.6517,-32266,58,A,-0.7033,-38.6,-169.7
-609,9,30,13.1683,-32260,63,T,0.6092,35.6,72.5
-608,2,25,15.3642,-32255,30,P,1.4526,70.8,-21.3
-608,3,26,7.8878,-32254,68,P,-1.4781,-71.8,-126.7
-608,8,20,20.0628,-32249,35,P,-1.3392,-70.2,-84.6
-608,9,19,5.2619,-32248,73,P,1.2786,71.6,-78.9
-607,2,13,17.5403,-32243,40,A,0.6995,28.1,-10.4
-607,8,10,8.4728,-32237,45,A,-0.6572,-22.6,124.5
-606,2,3,2.6906,-32231,50,T,-0.0533,-21.7,-137.2
-606,7,30,13.8783,-32225,55,A,0.0900,25.9,51.0
-605,1,23,17.3839,-32219,60,T,-0.7396,-68.4,12.9
-605,7,19,14.3319,-32213,65,A,0.8407,79.9,53.6
-605,12,14,21.7961,-32208,32,P,1.3013,64.4,-42.4
-604,1,13,9.2783,-32207,70,P,-1.4187,-67.2,-62.8
-604,6,8,5.7564,-32202,37,P,-1.1592,-63.8,-156.5
-604,7,7,17.0361,-32201,75,P,1.5494,66.4,-172.7
-604,12,3,6.6486,-32196,42,A,0.6612,18.5,167.7
-603,5,28,19.0122,-32190,47,T,-0.3517,0.7,-23.2
-603,11,22,8.2417,-32184,52,A,-0.0176,-20.2,131.4
-602,5,18,12.0736,-32178,57,T,0.3953,39.3,63.8
-602,11,11,7.3203,-32172,62,A,-0.6918,-54.1,116.8
-601,4,8,19.2014,-32167,29,P,-1.4489,-60.8,52.3
-601,5,8,4.3117,-32166,67,P,1.1645,61.8,72.0
-601,10,1,22.1439,-32161,34,P,1.4634,60.8,12.7
-601,10,31,11.3964,-32160,72,P,-1.3365,-61.3,-29.3
-600,3,28,2.3044,-32155,39,A,-0.7469,-40.6,-106.2
-600,9,20,12.5086,-32149,44,T,0.7318,43.3,98.2
-599,3,17,3.2014,-32143,49,A,-0.0090,-4.6,-147.3
-599,9,10,4.7247,-32137,54,T,0.0411,9.9,-172.5
-598,3,6,4.5261,-32131,59,A,0.7228,32.2,169.8
-598,8,30,18.1072,-32125,64,H,-0.7003,-28.2,-34.5
-597,1,25,1.3553,-32120,31,P,-1.2957,-63.2,19.7
-597,2,23,12.2844,-32119,69,P,1.4032,61.4,11.3
-597,7,21,9.6869,-32114,36,P,1.3824,63.8,-101.5
-597,8,20,0.9011,-32113,74,P,-1.4909,-61.9,-174.5
-596,1,14,16.7886,-32108,41,T,-0.5957,-57.7,23.7
-596,7,9,10.0503,-32102,46,A,0.6394,62.4,119.8
-595,1,3,8.0867,-32096,51,T,0.0815,-19.1,137.3
-595,6,28,14.5806,-32090,56,A,-0.1466,15.5,36.8
-595,12,23,18.6619,-32084,61,A,0.8114,30.6,-25.7
-594,6,18,2.4103,-32078,66,T,-0.8947,-40.6,-141.2
-594,11,13,2.5203,-32073,33,P,-1.5195,-69.9,73.1
-594,12,12,21.8558,-32072,71,P,1.5457,67.1,-68.8
-593,5,9,12.4711,-32067,38,T,0.8961,73.9,22.3
-593,11,2,2.4011,-32061,43,A,-0.8268,-65.1,-171.4
-592,4,28,3.6278,-32055,48,T,0.1609,20.8,-160.9
-592,10,21,8.6706,-32049,53,A,-0.0949,-14.0,122.7
-591,4,17,12.5200,-32043,58,A,-0.6331,-29.8,81.3
-591,10,10,21.7319,-32037,63,T,0.5934,30.3,-59.2
-590,3,7,22.4583,-32032,30,P,1.5004,71.4,-142.4
-590,4,6,14.5717,-32031,68,P,-1.4109,-71.7,117.9
-590,9,1,4.0417,-32026,35,P,-1.3812,-70.9,141.4
-590,9,30,13.7042,-32025,73,P,1.2586,71.7,139.2
-589,2,25,1.1239,-32020,40,A,0.7358,34.1,-129.0
-589,8,21,15.9522,-32014,45,A,-0.7092,-29.4,7.6
-588,2,14,10.8106,-32008,50,T,-0.0244,-16.8,99.7
-588,8,9,20.7933,-32002,55,A,0.0271,19.7,-54.0
-587,2,3,1.8375,-31996,60,T,-0.7174,-63.3,-110.7
-587,7,29,21.0339,-31990,65,A,0.7699,70.6,-43.5
-587,12,25,6.4289,-31985,32,P,1.3093,65.4,177.0
-586,1,23,17.7939,-31984,70,P,-1.4060,-68.2,157.0
-586,6,19,12.7528,-31979,37,P,-1.2308,-64.7,87.6
-586,7,18,23.9886,-31978,75,P,1.4763,67.4,71.2
-586,12,14,14.9708,-31973,42,A,0.6658,18.0,39.7
-585,6,9,2.3328,-31967,47,T,-0.4268,-2.4,-134.2
-585,12,3,16.2828,-31961,52,A,-0.0131,-22.3,10.6
-584,5,28,19.4806,-31955,57,T,0.3201,38.2,-45.0
-584,11,21,15.4431,-31949,62,A,-0.6866,-58.0,-4.2
-583,4,19,2.3889,-31944,29,P,-1.5219,-61.0,-65.4
-583,5,18,11.5267,-31943,67,P,1.0933,62.4,-46.5
-583,10,12,6.5617,-31938,34,P,1.4728,61.0,-123.5
-583,11,10,19.8644,-31937,72,P,-1.3298,-61.9,-166.4
-582,4,8,9.1450,-31932,39,A,-0.8188,-42.3,152.5
-582,10,1,20.9900,-31926,44,T,0.7520,40.6,-31.1
-581,3,28,9.9758,-31920,49,A,-0.0757,-3.7,110.8
-581,9,21,13.0242,-31914,54,T,0.0690,7.0,62.0
-580,3,16,11.7050,-31908,59,A,0.6657,31.9,61.3
-580,9,10,1.9564,-31902,64,A,-0.6663,-29.0,-154.4
-579,2,4,9.6825,-31897,31,P,-1.3147,-62.5,-115.7
-579,3,5,20.0611,-31896,69,P,1.3576,61.0,-115.3
-579,7,31,16.4078,-31891,36,P,1.4518,63.0,147.1
-579,8,30,8.1661,-31890,74,P,-1.4471,-61.4,66.5
-578,1,25,1.3697,-31885,41,T,-0.6123,-55.8,-100.9
-578,7,20,16.7047,-31879,46,A,0.7131,65.2,30.4
-577,1,14,16.6619,-31873,51,T,0.0713,-18.6,8.5
-577,7,9,21.5625,-31867,56,A,-0.0717,19.5,-68.4
-576,1,4,2.9725,-31861,61,A,0.8066,29.9,-154.7
-576,6,28,9.7503,-31855,66,T,-0.8206,-31.4,103.9
-576,11,23,10.5231,-31850,33,P,-1.5242,-68.9,-60.4
-576,12,23,5.8664,-31849,71,P,1.5407,66.0,159.3
-575,5,19,19.8792,-31844,38,T,0.9700,79.3,-160.2
-575,6,18,2.4639,-31843,76,P,-1.5192,-66.7,-143.8
-575,11,12,10.5753,-31838,43,A,-0.8298,-69.8,65.1
-574,5,9,10.7931,-31832,48,T,0.2358,28.7,89.0
-574,11,1,17.1647,-31826,53,A,-0.1006,-18.4,-6.1
-573,4,28,19.2667,-31820,58,A,-0.5575,-21.1,-25.2
-573,10,22,6.4056,-31814,63,T,0.5830,25.5,167.6
-572,3,18,5.3678,-31809,30,P,1.5567,71.7,98.9
-572,4,16,21.0919,-31808,68,P,-1.3355,-71.4,5.1
-572,9,11,12.1633,-31803,35,P,-1.4156,-71.4,4.9
-572,10,10,22.2822,-31802,73,P,1.2458,71.6,-4.8
-571,3,7,8.5550,-31797,40,A,0.7802,41.2,113.7
-571,8,31,23.5611,-31791,45,A,-0.7536,-36.1,-111.8
-570,2,24,18.8050,-31785,50,T,0.0115,-11.2,-22.2
-570,8,21,3.8386,-31779,55,A,-0.0286,13.3,-161.7
-569,2,14,10.1781,-31773,60,T,-0.6896,-57.4,124.1
-569,8,10,3.8544,-31767,65,A,0.7045,62.0,-146.5
-568,1,5,15.0064,-31762,32,P,1.3194,66.5,36.8
-568,2,4,2.2019,-31761,70,P,-1.3889,-69.2,17.8
-568,6,29,19.8083,-31756,37,P,-1.2998,-65.7,-29.5
-568,7,29,7.0653,-31755,75,P,1.4081,68.4,-47.4
-568,12,24,23.2289,-31750,42,A,0.6726,18.4,-87.3
-567,6,19,9.7022,-31744,47,T,-0.4997,-6.2,113.5
-567,12,14,0.3083,-31738,52,A,-0.0084,-23.7,-109.7
-566,6,9,2.8969,-31732,57,T,0.2456,36.2,-154.2
-566,12,2,23.5847,-31726,62,A,-0.6819,-61.5,-123.5
-565,5,29,18.7061,-31720,67,P,1.0212,63.1,-164.5
-565,10,23,15.0775,-31715,34,P,1.4784,61.2,98.9
-565,11,22,4.3719,-31714,72,P,-1.3240,-62.6,55.8
-564,4,18,15.8444,-31709,39,A,-0.8967,-46.2,54.7
-564,10,12,5.5931,-31703,44,T,0.7664,37.9,-163.1
-563,4,7,16.6239,-31697,49,A,-0.1488,-3.2,10.9
-563,10,1,21.4372,-31691,54,T,0.0905,3.6,-65.5
-562,3,27,18.7786,-31685,59,A,0.6023,31.8,-45.0
-562,9,21,9.9306,-31679,64,A,-0.6395,-31.0,83.9
-561,2,15,17.8750,-31674,31,P,-1.3409,-61.9,111.2
-561,3,17,3.7072,-31673,69,P,1.3048,60.8,120.1
-561,8,11,23.2467,-31668,36,P,1.5148,62.3,34.2
-561,9,10,15.5669,-31667,74,P,-1.4101,-61.0,-54.5
-560,2,5,9.8147,-31662,41,T,-0.6358,-53.5,135.4
-560,7,30,23.4983,-31656,46,A,0.7805,66.1,-59.8
-559,1,25,1.0864,-31650,51,T,0.0540,-17.7,-118.1
-559,7,20,4.6828,-31644,56,H,-0.0026,22.3,-175.0
-558,1,14,11.1706,-31638,61,A,0.7966,29.2,78.3
-558,7,9,17.1642,-31632,66,T,-0.7494,-24.7,-10.9
-558,12,4,18.5506,-31627,33,P,-1.5277,-67.9,166.4
-557,1,3,13.8150,-31626,71,P,1.5329,65.0,28.7
-557,5,31,3.2417,-31621,38,P,1.0459,68.4,41.6
-557,6,29,9.9347,-31620,76,P,-1.4503,-65.7,92.4
-557,11,23,18.8186,-31615,43,A,-0.8297,-74.0,-55.6
-556,5,19,17.8622,-31609,48,T,0.3145,36.6,-19.0
-556,11,12,1.7567,-31603,53,A,-0.1020,-22.2,-135.7
-555,5,9,1.9247,-31597,58,A,-0.4784,-12.7,-129.6
-555,11,1,15.1578,-31591,63,T,0.5764,21.4,33.3
-554,4,28,3.5556,-31585,68,P,-1.2569,-70.9,-106.5
-554,9,22,20.3975,-31580,35,P,-1.4442,-71.7,-133.8
-554,10,22,6.9478,-31579,73,P,1.2376,71.2,-149.9
-553,3,18,15.8894,-31574,40,A,0.8300,49.2,-3.8
-553,9,12,7.2786,-31568,45,A,-0.7916,-42.8,126.6
-552,3,7,2.6800,-31562,50,T,0.0541,-4.8,-142.8
-552,8,31,11.0253,-31556,55,A,-0.0767,7.0,88.2
-551,2,24,18.3656,-31550,60,T,-0.6543,-50.7,-0.9
-551,8,20,10.8597,-31544,65,A,0.6477,54.0,106.5
-550,1,15,23.4556,-31539,32,P,1.3348,67.6,-102.0
-550,2,14,10.4542,-31538,70,P,-1.3651,-70.1,-119.5
-550,7,11,2.9736,-31533,37,P,-1.3642,-66.7,-148.7
-550,8,9,14.2967,-31532,75,P,1.3463,69.4,-168.8
-549,1,5,7.3825,-31527,42,A,0.6837,19.8,147.2
-549,6,30,17.1264,-31521,47,T,-0.5701,-10.9,-0.3
-549,12,25,8.2636,-31515,52,A,-0.0002,-23.9,131.3
-548,6,19,10.3106,-31509,57,T,0.1712,33.3,96.2
-548,12,13,7.7269,-31503,62,A,-0.6766,-64.2,119.6
-547,6,9,1.8564,-31497,67,T,0.9482,76.4,118.5
-547,11,2,23.6986,-31492,34,P,1.4798,61.7,-40.4
-547,12,2,12.9139,-31491,72,P,-1.3193,-63.4,-82.7
-546,4,29,22.4339,-31486,39,A,-0.9788,-55.2,-34.6
-546,10,23,14.3086,-31480,44,T,0.7755,35.3,62.7
-545,4,18,23.1528,-31474,49,A,-0.2280,-3.3,-87.2
-545,10,13,5.9658,-31468,54,T,0.1060,-0.0,165.2
-544,4,7,1.7542,-31462,59,A,0.5332,32.0,-149.2
-544,10,1,18.0219,-31456,64,A,-0.6190,-33.8,-39.4
-543,2,26,1.9506,-31451,31,P,-1.3735,-61.4,-20.0
-543,3,27,11.2578,-31450,69,P,1.2463,60.7,-3.0
-543,9,20,23.1025,-31444,74,P,-1.3799,-60.7,-177.3
-542,2,15,18.1544,-31439,41,T,-0.6648,-51.0,12.2
-542,8,11,6.4275,-31433,46,A,0.8418,65.6,-152.8
-541,2,5,9.3994,-31427,51,T,0.0317,-16.3,116.8
-541,7,31,11.9358,-31421,56,H,0.0611,23.8,76.7
-540,1,25,19.2164,-31415,61,A,0.7801,28.6,-46.1
-540,7,20,0.6911,-31409,66,T,-0.6831,-19.8,-126.5
-540,12,15,2.5386,-31404,33,P,-1.5331,-66.8,34.4
-539,1,13,21.6289,-31403,71,P,1.5187,64.0,-99.4
-539,6,10,10.6236,-31398,38,P,1.1203,67.4,-81.5
-539,7,9,17.4964,-31397,76,P,-1.3859,-64.8,-32.3
-539,12,4,3.0625,-31392,43,A,-0.8304,-77.6,-170.2
-538,5,31,0.9097,-31386,48,T,0.3934,44.0,-125.4
-538,11,23,10.3931,-31380,53,A,-0.1021,-25.3,94.4
-537,5,20,8.4847,-31374,58,A,-0.3950,-4.7,128.1
-537,11,12,23.9914,-31368,63,T,0.5735,18.0,-102.1
-536,5,8,9.9144,-31362,68,P,-1.1725,-70.2,144.0
-536,10,3,4.7669,-31357,35,P,-1.4657,-71.7,85.3
-536,11,1,15.7061,-31356,73,P,1.2343,70.6,64.1
-535,3,28,23.0889,-31351,40,A,0.8873,58.4,-122.9
-535,9,22,15.1375,-31345,45,A,-0.8218,-49.3,2.6
-534,3,18,10.4428,-31339,50,T,0.1029,2.1,97.8
-534,9,11,18.3367,-31333,55,A,-0.1181,0.6,-24.0
-533,3,8,2.4394,-31327,60,T,-0.6132,-43.5,-125.3
-533,8,31,18.0122,-31321,65,A,0.5977,46.5,-3.4
-532,1,27,7.7811,-31316,32,P,1.3558,68.6,120.5
-532,2,25,18.5550,-31315,70,P,-1.3347,-70.8,104.8
-532,7,21,10.2472,-31310,37,P,-1.4240,-67.7,90.1
-532,8,19,21.6906,-31309,75,P,1.2913,70.2,66.7
-531,1,15,15.4275,-31304,42,A,0.6993,22.3,23.1
-531,7,11,0.6381,-31298,47,T,-0.6366,-16.4,-116.0
-530,1,4,16.1397,-31292,52,A,0.0118,-22.9,13.4
-530,6,30,17.7825,-31286,57,T,0.1000,29.6,-15.0
-530,12,24,15.8394,-31280,62,A,-0.6692,-65.4,5.3
-529,6,20,8.9964,-31274,67,T,0.8754,80.1,59.7
-529,11,14,8.3864,-31269,34,P,1.4787,62.2,179.2
-529,12,13,21.4528,-31268,72,P,-1.3138,-64.4,138.4
-528,5,10,4.9336,-31263,39,P,-1.0641,-61.8,-124.6
-528,11,2,23.0961,-31257,44,T,0.7813,33.0,-72.9
-527,4,29,5.6081,-31251,49,A,-0.3108,-4.1,175.7
-527,10,23,14.5881,-31245,54,T,0.1160,-3.7,34.4
-526,4,18,8.6564,-31239,59,A,0.4593,32.2,108.1
-526,10,13,2.2081,-31233,64,A,-0.6041,-37.3,-164.0
-525,3,9,9.8947,-31228,31,P,-1.4130,-61.1,-149.1
-525,4,7,18.7058,-31227,69,P,1.1819,60.8,-124.5
-525,10,2,6.7744,-31221,74,P,-1.3564,-60.7,57.8
-524,2,27,2.3192,-31216,41,T,-0.7025,-48.9,-108.9
-524,8,21,13.5389,-31210,46,A,0.8945,64.2,109.3
-523,2,15,17.5414,-31204,51,T,0.0013,-14.6,-5.8
-523,8,10,19.3469,-31198,56,H,0.1176,24.1,-34.0
-522,2,5,3.1122,-31192,61,A,0.7570,28.2,-167.8
-522,7,31,8.3347,-31186,66,T,-0.6223,-16.5,116.6
-522,12,26,10.5028,-31181,33,P,-1.5394,-65.7,-96.7
-521,1,25,5.3361,-31180,71,P,1.4997,63.1,134.4
-521,6,21,17.9831,-31175,38,P,1.1951,66.4,156.2
-521,7,21,1.1047,-31174,76,P,-1.3239,-63.9,-157.4
-521,12,15,11.3317,-31169,43,A,-0.8304,-79.7,84.1
-520,6,10,7.9114,-31163,48,T,0.4737,51.0,130.6
-520,12,3,19.0575,-31157,53,H,-0.1014,-27.7,-35.3
-519,5,30,15.0122,-31151,58,A,-0.3107,2.8,27.1
-519,11,23,8.8650,-31145,63,T,0.5724,15.2,122.0
-518,5,19,16.2475,-31139,68,P,-1.0865,-69.3,35.5
-518,10,14,13.2131,-31134,35,P,-1.4830,-71.5,-56.6
-518,11,13,0.5022,-31133,73,P,1.2334,69.8,-81.8
-517,4,9,6.2261,-31128,40,A,0.9484,68.4,108.2
-517,10,3,23.0978,-31122,45,A,-0.8458,-55.4,-123.3
-516,3,28,18.0856,-31116,50,T,0.1583,9.5,-20.1
-516,9,22,1.7997,-31110,55,A,-0.1513,-5.5,-138.5
-515,3,18,10.3758,-31104,60,T,-0.5654,-36.1,111.8
-515,9,11,1.3394,-31098,65,A,0.5559,39.4,-116.1
-514,2,6,15.9467,-31093,32,P,1.3837,69.6,-15.2
-514,3,8,2.5025,-31092,70,P,-1.2977,-71.3,-29.1
-514,8,1,17.6756,-31087,37,P,-1.4768,-68.6,-34.0
-514,8,31,5.2669,-31086,75,P,1.2443,71.0,-61.2
-513,1,26,23.3189,-31081,42,A,0.7217,25.9,-99.1
-513,7,22,8.2353,-31075,47,T,-0.6990,-22.4,126.2
-512,1,15,23.9044,-31069,52,A,0.0290,-20.7,-103.2
-512,7,11,1.3058,-31063,57,T,0.0320,25.2,-127.7
-511,1,3,23.8808,-31057,62,A,-0.6579,-64.9,-107.1
-511,6,30,16.1661,-31051,67,T,0.8051,77.0,-9.2
-511,11,24,17.1386,-31046,34,P,1.4749,63.0,37.6
-511,12,24,5.9811,-31045,72,P,-1.3076,-65.4,-0.6
-510,5,21,11.3600,-31040,39,P,-1.1519,-62.5,128.8
-510,11,14,7.9547,-31034,44,T,0.7837,31.0,150.2
-509,5,10,12.0008,-31028,49,A,-0.3967,-5.8,79.4
-509,11,3,23.2931,-31022,54,T,0.1217,-7.3,-97.6
-508,4,28,15.4922,-31016,59,A,0.3809,32.1,6.9
-508,10,23,10.4953,-31010,64,A,-0.5949,-41.2,70.1
-507,3,19,17.7411,-31005,31,P,-1.4579,-60.9,83.3
-507,4,18,2.1011,-31004,69,P,1.1138,61.0,114.7
-507,10,12,14.5467,-30998,74,P,-1.3381,-60.8,-68.5
-506,3,9,10.3825,-30993,41,T,-0.7454,-47.3,130.9
-506,9,1,20.8172,-30987,46,A,0.9396,62.7,7.5
-505,2,27,1.5389,-30981,51,T,-0.0357,-12.7,-126.3
-505,8,22,2.9150,-30975,56,H,0.1674,23.3,-147.1
-504,2,16,10.8369,-30969,61,A,0.7261,28.0,73.6
-504,8,10,16.1225,-30963,66,T,-0.5679,-14.8,-2.1
-503,1,5,18.3531,-30958,33,P,-1.5515,-64.7,134.4
-503,2,4,12.8608,-30957,71,P,1.4717,62.3,11.2
-503,7,2,1.4086,-30952,38,P,1.2662,65.4,33.3
-503,7,31,8.8408,-30951,76,P,-1.2681,-63.0,76.0
-503,12,25,19.5528,-30946,43,A,-0.8340,-79.6,-16.0
-502,6,21,14.9142,-30940,48,H,0.5529,57.3,28.9
-502,12,15,3.7119,-30934,53,H,-0.1022,-29.2,-164.5
-501,6,10,21.5003,-30928,58,A,-0.2247,9.6,-72.5
-501,12,4,17.7494,-30922,63,T,0.5717,13.1,-14.0
-500,5,29,22.5358,-30916,68,A,-0.9975,-68.4,-71.7
-500,10,24,21.7750,-30911,35,P,-1.4943,-71.0,160.0
-500,11,23,9.3469,-30910,73,P,1.2353,68.8,132.1
-499,4,19,13.2775,-30905,40,P,1.0144,71.2,-65.8
-499,10,14,7.1656,-30899,45,A,-0.8637,-61.2,109.1
-498,4,9,1.6458,-30893,50,T,0.2186,17.1,-136.8
-498,10,3,9.3992,-30887,55,A,-0.1775,-11.4,105.1
-497,3,29,18.1883,-30881,60,T,-0.5113,-28.4,-9.6
-497,9,22,8.8333,-30875,65,A,0.5216,32.9,128.4
-496,2,17,23.9694,-30870,32,P,1.4180,70.4,-149.4
-496,3,18,10.3042,-30869,70,P,-1.2540,-71.6,-161.1
-496,8,12,1.2450,-30864,37,P,-1.5237,-69.5,-160.8
-496,9,10,13.0139,-30863,75,P,1.2046,71.5,167.8
-495,2,6,7.0575,-30858,42,A,0.7509,30.7,140.3
-495,8,1,15.9583,-30852,47,T,-0.7555,-29.0,5.6
-494,1,26,7.5642,-30846,52,A,0.0513,-17.4,141.3
-494,7,22,8.8983,-30840,57,T,-0.0322,20.2,117.6
-493,1,15,7.8531,-30834,62,A,-0.6424,-62.5,140.1
-493,7,11,23.3742,-30828,67,T,0.7375,71.0,-100.9
-493,12,6,1.8889,-30823,34,P,1.4722,63.8,-104.3
-492,1,4,14.4331,-30822,72,P,-1.2968,-66.5,-139.0
-492,5,31,17.7528,-30817,39,P,-1.2404,-63.3,22.4
-492,11,24,16.8383,-30811,44,T,0.7851,29.4,12.7
-491,5,20,18.3831,-30805,49,A,-0.4836,-8.6,-17.2
-491,11,14,8.0272,-30799,54,T,0.1254,-10.5,130.1
-490,5,9,22.3097,-30793,59,A,0.3004,31.6,-94.0
-490,11,3,18.8531,-30787,64,A,-0.5900,-45.4,-56.3
-489,3,31,1.4489,-30782,31,P,-1.5100,-60.9,-42.3
-489,4,29,9.4047,-30781,69,P,1.0402,61.4,-5.0
-489,10,23,22.4442,-30775,74,P,-1.3260,-61.1,163.1
-488,3,19,18.2775,-30770,41,T,-0.7965,-46.6,13.2
-488,9,12,4.2850,-30764,46,A,0.9761,61.6,-97.0
-487,3,9,9.3578,-30758,51,T,-0.0810,-10.9,115.8
-487,9,1,10.6631,-30752,56,H,0.2091,21.5,96.4
-486,2,26,18.4025,-30746,61,A,0.6880,28.0,-42.2
-486,8,22,0.0242,-30740,66,T,-0.5188,-14.2,-122.5
-485,1,17,2.1381,-30735,33,P,-1.5666,-63.7,6.6
-485,2,15,20.2622,-30734,71,P,1.4379,61.7,-110.1
-485,7,13,8.8611,-30729,38,P,1.3356,64.5,-89.8
-485,8,11,16.6614,-30728,76,P,-1.2165,-62.3,-51.9
-484,1,6,3.7253,-30723,43,A,-0.8405,-77.3,-121.4
-484,7,1,21.9283,-30717,48,H,0.6304,62.5,-69.9
-484,12,25,12.3417,-30711,53,H,-0.1049,-29.9,66.6
-483,6,21,4.0122,-30705,58,A,-0.1407,15.6,-171.8
-483,12,15,2.6111,-30699,63,T,0.5698,11.6,-149.8
-482,6,10,4.8658,-30693,68,A,-0.9098,-43.3,177.8
-482,11,5,6.3894,-30688,35,P,-1.5027,-70.4,16.1
-482,12,4,18.1853,-30687,73,P,1.2373,67.8,-13.4
-481,4,30,20.2794,-30682,40,P,1.0836,70.6,174.6
-481,10,25,15.3200,-30676,45,A,-0.8766,-66.7,-19.9
-480,4,19,9.1253,-30670,50,T,0.2839,25.0,107.5
-480,10,13,17.1222,-30664,55,A,-0.1973,-17.0,-13.0
-479,4,9,1.8911,-30658,60,T,-0.4515,-20.6,-129.6
-479,10,2,16.5003,-30652,65,A,0.4951,26.8,10.2
-478,2,28,7.8222,-30647,32,P,1.4597,71.1,78.2
-478,3,29,17.9625,-30646,70,P,-1.2039,-71.7,68.7
-478,9,21,20.9272,-30640,75,P,1.1720,71.8,33.7
-477,2,17,14.6244,-30635,42,A,0.7877,36.7,21.4
-477,8,12,23.8064,-30629,47,T,-0.8059,-35.8,-117.8
-476,2,6,15.0514,-30623,52,A,0.0820,-12.9,27.5
-476,8,1,16.5925,-30617,57,T,-0.0907,14.7,0.6
-475,1,25,15.7178,-30611,62,A,-0.6212,-58.5,26.1
-475,7,22,6.6506,-30605,67,T,0.6740,64.3,156.2
-475,12,16,10.6397,-30600,34,P,1.4701,64.8,113.4
-474,1,14,22.8253,-30599,72,P,-1.2825,-67.5,82.9
-474,6,12,0.1361,-30594,39,P,-1.3282,-64.1,-84.2
-474,7,11,14.1608,-30593,77,P,1.4887,66.8,-142.4
-474,12,6,1.7475,-30588,44,T,0.7855,28.4,-125.2
-473,6,1,0.7319,-30582,49,A,-0.5724,-12.6,-113.8
-473,11,25,16.8119,-30576,54,T,0.1262,-13.2,-2.7
-472,5,20,5.1139,-30570,59,A,0.2182,30.5,165.4
-472,11,14,3.2553,-30564,64,A,-0.5880,-49.5,177.4
-471,5,9,16.6969,-30558,69,T,0.9651,67.3,-92.6
-471,11,3,6.4144,-30552,74,P,-1.3180,-61.5,33.5
-470,3,31,2.0794,-30547,41,T,-0.8523,-47.1,-102.9
-470,9,23,11.9019,-30541,46,A,1.0061,60.6,163.4
-469,3,20,17.0400,-30535,51,T,-0.1325,-9.2,-0.2
-469,9,12,18.5744,-30529,56,H,0.2437,19.1,-23.0
-468,3,9,1.7669,-30523,61,A,0.6406,28.1,-154.3
-468,9,1,8.0931,-30517,66,T,-0.4775,-14.9,114.7
-467,2,26,3.4794,-30511,71,P,1.3949,61.2,131.5
-467,7,23,16.4089,-30506,38,P,1.3997,63.6,146.1
-467,8,22,0.6161,-30505,76,P,-1.1716,-61.7,178.4
-466,1,16,11.7986,-30500,43,A,-0.8528,-74.1,127.4
-466,7,13,4.9978,-30494,48,A,0.7042,66.2,-165.8
-465,1,5,20.9047,-30488,53,H,-0.1117,-29.8,-61.1
-465,7,2,10.5286,-30482,58,A,-0.0573,20.6,89.7
-465,12,26,11.4394,-30476,63,T,0.5660,10.7,75.1
-464,6,20,11.2197,-30470,68,A,-0.8224,-32.0,76.9
-464,11,15,15.0619,-30465,35,P,-1.5080,-69.5,-128.0
-464,12,15,3.0014,-30464,73,P,1.2387,66.7,-158.0
-463,5,11,3.2497,-30459,40,P,1.1553,69.9,56.0
-463,6,9,14.2461,-30458,78,P,-1.5420,-67.4,39.2
-463,11,4,23.5614,-30453,45,A,-0.8847,-71.8,-149.3
-462,4,30,16.5439,-30447,50,T,0.3529,32.9,-6.8
-462,10,25,0.9578,-30441,55,A,-0.2114,-22.1,-132.3
-461,4,20,9.5006,-30435,60,T,-0.3870,-12.8,112.0
-461,10,14,0.3181,-30429,65,A,0.4756,21.3,-110.1
-460,3,10,15.5083,-30424,32,P,1.5085,71.5,-52.1
-460,4,9,1.4825,-30423,70,P,-1.1479,-71.5,-59.3
-460,10,2,5.0100,-30417,75,P,1.1470,71.9,-103.1
-459,2,27,22.0367,-30412,42,A,0.8311,43.8,-96.4
-459,8,23,7.7817,-30406,47,T,-0.8502,-42.8,115.9
-458,2,16,22.4169,-30400,52,A,0.1187,-7.5,-85.0
-458,8,13,0.3914,-30394,57,T,-0.1434,9.0,-118.5
-457,2,5,23.4697,-30388,62,A,-0.5934,-53.3,-88.8
-457,8,2,14.0003,-30382,67,H,0.6149,57.4,47.8
-457,12,27,19.3419,-30377,34,P,1.4710,65.8,-28.5
-456,1,26,7.1069,-30376,72,P,-1.2621,-68.6,-54.1
-456,6,22,6.5467,-30371,39,P,-1.4136,-65.1,168.5
-456,7,21,20.9533,-30370,77,P,1.4221,67.8,103.5
-456,12,16,10.6089,-30365,44,T,0.7883,28.2,97.7
-455,6,11,7.1364,-30359,49,A,-0.6586,-17.7,148.1
-455,12,6,1.5831,-30353,54,T,0.1270,-15.2,-135.1
-454,5,31,11.9272,-30347,59,H,0.1354,28.6,64.5
-454,11,25,11.6781,-30341,64,A,-0.5878,-53.4,52.1
-453,5,20,23.9506,-30335,69,T,0.8874,69.4,-175.5
-453,11,14,14.4567,-30329,74,P,-1.3134,-62.1,-97.3
-452,4,10,9.7289,-30324,41,T,-0.9156,-49.7,145.0
-452,10,3,19.7094,-30318,46,P,1.0275,60.7,36.4
-451,3,31,0.5653,-30312,51,T,-0.1914,-7.9,-113.8
-451,9,23,2.6433,-30306,56,H,0.2713,16.1,-145.2
-450,3,20,8.9850,-30300,61,A,0.5865,28.6,96.5
-450,9,12,16.2964,-30294,66,T,-0.4426,-16.6,-10.0
-449,3,9,10.5453,-30288,71,P,1.3445,60.9,15.5
-449,8,4,0.0208,-30283,38,P,1.4601,62.8,21.2
-449,9,2,8.6833,-30282,76,P,-1.1326,-61.2,47.2
-448,1,27,19.7919,-30277,43,A,-0.8698,-70.6,12.6
-448,7,23,12.1303,-30271,48,A,0.7738,68.0,100.3
-447,1,16,5.3894,-30265,53,T,-0.1232,-29.0,172.2
-447,7,12,17.1308,-30259,58,A,0.0214,24.4,-9.2
-446,1,5,20.2081,-30253,63,T,0.5588,10.2,-59.1
-446,7,1,17.6428,-30247,68,A,-0.7375,-23.7,-23.4
-446,11,26,23.7428,-30242,35,P,-1.5126,-68.5,88.4
-446,12,26,11.7658,-30241,73,P,1.2379,65.7,58.7
-445,5,22,10.2242,-30236,40,P,1.2277,69.0,-62.0
-445,6,20,20.9964,-30235,78,P,-1.4589,-66.4,-74.1
-445,11,16,7.8347,-30230,45,A,-0.8905,-76.8,82.0
-444,5,10,23.9208,-30224,50,T,0.4247,40.9,-120.0
-444,11,4,8.8803,-30218,55,A,-0.2212,-26.7,107.7
-443,4,30,17.0389,-30212,60,T,-0.3188,-5.1,-5.0
-443,10,24,8.2556,-30206,65,A,0.4612,16.4,128.0
-442,4,20,8.8883,-30200,70,P,-1.0866,-71.2,174.6
-442,10,13,13.2461,-30194,75,P,1.1285,71.6,117.9
-441,3,11,5.2400,-30189,42,A,0.8841,52.5,146.4
-441,9,3,15.9036,-30183,47,T,-0.8876,-49.9,-13.8
-440,2,28,5.6031,-30177,52,A,0.1647,-1.2,164.6
-440,8,23,8.3158,-30171,57,T,-0.1895,3.1,120.2
-439,2,16,7.0872,-30165,62,A,-0.5579,-47.1,156.3
-439,8,12,21.4567,-30159,67,H,0.5617,50.4,-64.3
-438,1,7,4.0044,-30154,34,P,1.4745,66.8,-170.3
-438,2,5,15.3050,-30153,72,P,-1.2368,-69.6,169.6
-438,7,3,12.9742,-30148,39,P,-1.4974,-66.1,60.6
-438,8,2,3.8064,-30147,77,P,1.3586,68.8,-12.0
-438,12,27,19.4539,-30142,44,T,0.7922,28.7,-39.2
-437,6,22,13.5697,-30136,49,A,-0.7436,-24.2,48.9
-437,12,17,10.3322,-30130,54,H,0.1286,-16.2,93.1
-436,6,10,18.7842,-30124,59,H,0.0536,25.8,-37.5
-436,12,5,20.0964,-30118,64,A,-0.5881,-56.6,-71.5
-435,5,31,7.2356,-30112,69,T,0.8101,69.3,94.5
-435,11,24,22.5069,-30106,74,P,-1.3093,-62.9,131.5
-434,4,21,17.3139,-30101,41,T,-0.9821,-56.5,40.8
-434,5,21,0.0572,-30100,79,P,1.5128,62.7,112.6
-434,10,15,3.6492,-30095,46,P,1.0434,60.8,-92.6
-433,4,11,7.9453,-30089,51,T,-0.2567,-7.2,134.9
-433,10,4,10.8714,-30083,56,H,0.2920,12.7,89.9
-432,3,30,16.0225,-30077,61,A,0.5243,29.0,-9.4
-432,9,23,0.6517,-30071,66,T,-0.4149,-19.2,-137.0
-431,3,19,17.4417,-30065,71,P,1.2856,60.7,-97.9
-431,8,14,7.7644,-30060,38,P,1.5136,62.1,-105.3
-431,9,12,16.8994,-30059,76,P,-1.1012,-60.9,-86.0
-430,2,7,3.6661,-30054,43,A,-0.8937,-67.4,-102.0
-430,8,3,19.3375,-30048,48,A,0.8388,68.0,5.9
-429,1,27,13.7789,-30042,53,T,-0.1404,-27.6,46.8
-429,7,23,23.7981,-30036,58,A,0.0966,27.1,-108.5
-428,1,17,4.8764,-30030,63,T,0.5466,10.2,168.4
-428,7,12,0.1600,-30024,68,A,-0.6564,-17.3,-124.1
-428,12,7,8.4339,-30019,35,P,-1.5165,-67.5,-54.6
-427,1,5,20.4636,-30018,73,P,1.2343,64.7,-83.0
-427,6,1,17.2153,-30013,40,P,1.2999,68.1,-179.7
-427,7,1,3.8308,-30012,78,P,-1.3784,-65.4,171.8
-427,11,26,16.1306,-30007,45,A,-0.8945,-81.6,-43.6
-426,5,22,7.2819,-30001,50,T,0.4979,48.7,128.2
-426,11,15,16.8797,-29995,55,A,-0.2269,-30.6,-12.7
-425,5,12,0.4956,-29989,60,T,-0.2467,2.4,-120.3
-425,11,4,16.3194,-29983,65,A,0.4525,12.2,4.4
-424,4,30,16.1897,-29977,70,P,-1.0208,-70.6,50.6
-424,10,23,21.6003,-29971,75,P,1.1150,71.2,-22.5
-423,3,21,12.3017,-29966,42,A,0.9433,62.8,24.3
-423,9,14,0.1631,-29960,47,T,-0.9186,-56.7,-147.3
-422,3,10,12.6686,-29954,52,A,0.2165,5.7,55.5
-422,9,3,16.3439,-29948,57,T,-0.2298,-3.0,-3.0
-421,2,27,14.5914,-29942,62,A,-0.5161,-40.3,41.6
-421,8,24,5.0208,-29936,67,A,0.5151,43.6,-179.2
-420,1,18,12.5536,-29931,34,P,1.4838,67.8,49.2
-420,2,16,23.3558,-29930,72,P,-1.2039,-70.4,35.0
-420,8,12,10.7969,-29924,77,P,1.3022,69.7,-130.1
-419,1,7,4.2053,-29919,44,T,0.8004,30.2,-174.7
-419,7,2,20.1042,-29913,49,A,-0.8239,-31.9,-52.8
-419,12,27,19.0061,-29907,54,H,0.1333,-16.2,-37.5
-418,6,22,1.7089,-29901,59,H,-0.0257,22.3,-141.1
-418,12,17,4.4736,-29895,64,A,-0.5871,-58.8,167.3
-417,6,11,14.5147,-29889,69,T,0.7318,67.4,1.2
-417,12,6,6.5800,-29883,74,P,-1.3066,-63.8,-0.1
-416,5,2,0.7861,-29878,41,P,-1.0535,-61.6,-64.2
-416,5,31,7.4736,-29877,79,P,1.4411,63.4,-9.2
-416,10,25,11.7325,-29872,46,P,1.0527,61.2,136.3
-415,4,21,15.2025,-29866,51,T,-0.3272,-7.1,25.5
-415,10,14,19.2486,-29860,56,H,0.3057,9.2,-37.5
-414,4,10,22.9225,-29854,61,A,0.4558,29.5,-112.7
-414,10,4,9.1317,-29848,66,T,-0.3933,-22.4,94.3
-413,3,31,0.2139,-29842,71,P,1.2205,60.6,150.7
-413,9,24,1.2361,-29836,76,P,-1.0760,-60.8,139.0
-412,2,18,11.4225,-29831,43,A,-0.9242,-64.7,145.4
-412,8,14,2.6539,-29825,48,A,0.8974,66.7,-91.5
-411,2,6,22.0678,-29819,53,T,-0.1635,-25.8,-77.3
-411,8,3,6.5739,-29813,58,A,0.1660,28.5,150.9
-410,1,27,13.4486,-29807,63,T,0.5294,10.7,37.4
-410,7,23,6.7972,-29801,68,A,-0.5804,-12.7,134.2
-410,12,18,17.0706,-29796,35,P,-1.5225,-66.4,163.8
-409,1,17,5.0450,-29795,73,P,1.2256,63.7,137.4
-409,6,13,0.2375,-29790,40,P,1.3713,67.1,62.7
-409,7,12,10.7672,-29789,78,P,-1.3014,-64.4,56.6
-409,12,8,0.4064,-29784,45,A,-0.8989,-86.2,-156.3
-408,6,1,14.6483,-29778,50,T,0.5714,56.3,18.0
-408,11,26,0.8886,-29772,55,A,-0.2323,-33.8,-132.5
-407,5,22,7.9231,-29766,60,T,-0.1732,9.4,125.5
-407,11,15,0.4603,-29760,65,A,0.4466,8.7,-120.2
-406,5,11,23.3914,-29754,70,T,-0.9507,-54.1,-88.5
-406,11,4,6.0708,-29748,75,P,1.1064,70.5,-164.2
-405,4,1,19.1808,-29743,42,A,1.0107,71.9,-138.8
-405,9,25,8.5692,-29737,47,T,-0.9423,-62.9,74.7
-404,3,20,19.5544,-29731,52,A,0.2774,13.4,-51.3
-404,9,14,0.5164,-29725,57,T,-0.2623,-8.9,-128.3
-403,3,9,21.9747,-29719,62,A,-0.4674,-33.0,-72.2
-403,9,3,12.6911,-29713,67,A,0.4746,37.0,63.7
-402,1,28,21.0286,-29708,34,P,1.4974,68.8,-90.8
-402,2,27,7.3161,-29707,72,P,-1.1656,-71.1,-98.9
-402,8,23,17.8886,-29701,77,P,1.2510,70.5,109.7
-401,1,18,12.8814,-29696,44,T,0.8128,32.8,50.6
-401,7,14,2.7153,-29690,49,A,-0.9009,-41.7,-157.1
-400,1,8,3.6114,-29684,54,H,0.1409,-15.1,-167.2
-400,7,2,8.7281,-29678,59,H,-0.1015,18.0,113.3
-400,12,27,12.7731,-29672,64,A,-0.5829,-59.4,48.5
-399,6,21,21.8742,-29666,69,T,0.6567,64.1,-97.5
-399,12,16,14.6144,-29660,74,P,-1.3022,-64.7,-131.5
-398,5,13,8.2089,-29655,41,P,-1.1272,-62.1,174.3
-398,6,11,14.9008,-29654,79,P,1.3697,64.3,-131.3
-398,11,5,19.9119,-29649,46,P,1.0582,61.7,3.6
-397,5,2,22.3544,-29643,51,T,-0.4020,-7.9,-82.5
-397,10,26,3.7411,-29637,56,H,0.3148,5.7,-166.7
-396,4,21,5.6758,-29631,61,A,0.3807,29.7,146.8
-396,10,14,17.7469,-29625,66,T,-0.3782,-26.1,-36.3
-395,4,10,6.8567,-29619,71,P,1.1483,60.8,41.2
-395,10,4,9.6903,-29613,76,P,-1.0569,-60.8,2.4
-394,2,28,19.0514,-29608,43,A,-0.9619,-63.0,37.8
-394,8,25,10.0819,-29602,48,A,0.9496,64.9,169.0
-393,2,18,6.2156,-29596,53,T,-0.1944,-23.8,160.4
-393,8,14,13.4625,-29590,58,A,0.2293,28.8,48.6
-392,2,7,21.8906,-29584,63,T,0.5057,11.4,-91.3
-392,8,2,13.5711,-29578,68,A,-0.5104,-9.7,31.0
-392,12,29,1.6444,-29573,35,P,-1.5311,-65.3,23.6
-391,1,27,13.5094,-29572,73,P,1.2119,62.9,-0.2
-391,6,23,7.3319,-29567,40,P,1.4400,66.1,-55.5
-391,7,22,17.8381,-29566,78,P,-1.2296,-63.5,-60.3
-391,12,18,8.6603,-29561,45,A,-0.9039,-87.5,170.1
-390,6,12,22.0167,-29555,50,T,0.6452,63.4,-89.3
-390,12,7,8.9269,-29549,55,A,-0.2361,-36.2,107.9
-389,6,2,15.3189,-29543,60,T,-0.0980,15.9,12.4
-389,11,26,8.6583,-29537,65,A,0.4429,5.9,114.6
-388,5,22,6.5383,-29531,70,T,-0.8785,-41.8,153.6
-388,11,14,14.6175,-29525,75,P,1.1007,69.6,53.7
-387,4,12,1.9500,-29520,42,P,1.0823,71.6,104.5
-387,10,5,17.0786,-29514,47,T,-0.9612,-68.5,-68.6
-386,4,1,2.3467,-29508,52,A,0.3431,21.4,-156.8
-386,9,25,8.8000,-29502,57,T,-0.2886,-14.7,104.7
-385,3,21,5.2258,-29496,62,A,-0.4111,-25.3,175.5
-385,9,14,20.4911,-29490,67,A,0.4414,30.6,-55.8
-384,2,9,5.3631,-29485,34,P,1.5182,69.7,130.8
-384,3,9,15.1325,-29484,72,P,-1.1195,-71.6,129.0
-384,9,3,1.1333,-29478,77,P,1.2073,71.2,-13.4
-383,1,28,21.4178,-29473,44,T,0.8320,36.6,-82.4
-383,7,24,9.4847,-29467,49,A,-0.9706,-55.1,93.1
-382,1,18,12.0994,-29461,54,H,0.1538,-12.9,64.7
-382,7,13,15.8381,-29455,59,H,-0.1735,13.0,5.6
-381,1,7,20.9844,-29449,64,A,-0.5753,-58.5,-69.0
-381,7,3,5.2825,-29443,69,T,0.5837,59.5,159.1
-381,12,27,22.5919,-29437,74,P,-1.2954,-65.8,97.6
-380,5,23,15.5658,-29432,41,P,-1.2034,-62.8,53.6
-380,6,21,22.3464,-29431,79,P,1.2994,65.2,106.0
-380,11,16,4.1928,-29426,46,P,1.0592,62.3,-130.7
-379,5,13,5.4178,-29420,51,H,-0.4803,-9.8,170.7
-379,11,5,12.3331,-29414,56,H,0.3195,2.5,62.6
-378,5,2,12.3286,-29408,61,A,0.3012,29.5,48.2
-378,10,26,2.4656,-29402,66,T,-0.3681,-30.0,-168.1
-377,4,21,13.3753,-29396,71,P,1.0698,61.0,-66.4
-377,10,15,18.2558,-29390,76,P,-1.0438,-60.9,-135.9
-376,3,11,2.5683,-29385,43,P,-1.0057,-60.8,-52.2
-376,9,4,17.6253,-29379,48,A,0.9951,62.2,77.3
-375,2,28,14.2550,-29373,53,T,-0.2312,-21.7,39.6
-375,8,24,20.4917,-29367,58,A,0.2851,28.0,-56.1
-374,2,18,6.2144,-29361,63,T,0.4761,12.4,142.0
-374,8,13,20.4822,-29355,68,A,-0.4465,-8.0,-73.9
-373,1,9,10.1222,-29350,35,P,-1.5438,-64.3,-114.7
-373,2,7,21.8356,-29349,73,P,1.1920,62.2,-135.4
-373,7,4,14.5114,-29344,40,P,1.5055,65.2,-174.6
-373,8,3,1.0550,-29343,78,P,-1.1635,-62.7,-179.1
-373,12,29,16.8119,-29338,45,A,-0.9133,-83.4,81.2
-372,6,23,5.4447,-29332,50,T,0.7165,69.5,167.3
-372,12,17,16.9214,-29326,55,A,-0.2424,-37.7,-10.5
-371,6,12,22.7194,-29320,60,T,-0.0234,21.7,-99.8
-371,12,6,16.8683,-29314,65,A,0.4391,3.7,-10.6
-370,6,2,13.6319,-29308,70,T,-0.8041,-32.1,40.6
-370,11,25,23.2236,-29302,75,P,1.0974,68.6,-88.6
-369,4,23,8.5456,-29297,42,P,1.1614,71.1,-9.2
-369,10,17,1.7264,-29291,47,T,-0.9735,-72.5,142.1
-368,4,11,8.9986,-29285,52,A,0.4160,30.0,99.6
-368,10,5,17.2067,-29279,57,T,-0.3083,-20.3,-23.7
-367,3,31,12.3842,-29273,62,A,-0.3492,-17.4,64.4
-367,9,25,4.4142,-29267,67,A,0.4150,24.6,-177.3
-366,3,20,22.8567,-29261,72,P,-1.0682,-71.8,-2.0
-366,9,14,8.4964,-29255,77,P,1.1697,71.7,-138.7
-365,2,9,5.8586,-29250,44,T,0.8559,41.5,145.4
-365,8,4,16.3825,-29244,49,P,-1.0341,-69.1,-28.1
-364,1,29,20.4594,-29238,54,H,0.1722,-9.5,-61.9
-364,7,23,23.0933,-29232,59,H,-0.2391,7.6,-105.0
-363,1,18,5.0803,-29226,64,A,-0.5631,-55.9,174.0
-363,7,13,12.7886,-29220,69,T,0.5151,54.2,51.0
-362,1,7,6.4753,-29214,74,P,-1.2844,-66.9,-32.3
-362,6,3,22.9125,-29209,41,P,-1.2794,-63.6,-67.1
-362,7,3,5.8428,-29208,79,P,1.2318,66.1,-17.8
-362,11,27,12.5092,-29203,46,P,1.0592,63.1,94.2
-361,5,24,12.3997,-29197,51,H,-0.5616,-12.8,64.9
-361,11,16,20.9956,-29191,56,H,0.3213,-0.4,-69.1
-360,5,12,18.8844,-29185,61,A,0.2177,28.6,-48.7
-360,11,5,11.2547,-29179,66,T,-0.3614,-33.9,59.5
-359,5,1,19.8194,-29173,71,A,0.9871,64.7,-156.3
-359,10,26,2.9206,-29167,76,P,-1.0362,-61.3,84.3
-358,3,22,9.9592,-29162,43,P,-1.0565,-60.7,-172.8
-358,9,16,1.2925,-29156,48,P,1.0334,60.7,-39.7
-357,3,11,22.1583,-29150,53,T,-0.2756,-19.7,-79.3
-357,9,5,3.6694,-29144,58,A,0.3334,26.4,-163.5
-356,2,29,14.3847,-29138,63,T,0.4386,13.6,17.9
-356,8,24,3.5750,-29132,68,A,-0.3907,-7.7,178.6
-355,2,18,6.0278,-29126,73,P,1.1661,61.6,91.7
-355,8,13,8.4128,-29120,78,P,-1.1031,-62.0,60.3
-354,1,9,0.8889,-29115,45,A,-0.9257,-78.9,-35.4
-354,7,4,12.9189,-29109,50,T,0.7859,74.1,71.5
-354,12,29,0.8742,-29103,55,A,-0.2505,-38.3,-127.9
-353,6,24,6.1233,-29097,60,T,0.0505,26.7,148.8
-353,12,18,1.0811,-29091,65,A,0.4347,2.3,-135.7
-352,6,12,20.7186,-29085,70,T,-0.7303,-24.1,-70.5
-352,12,6,7.8314,-29079,75,P,1.0934,67.5,129.7
-351,5,3,15.0789,-29074,42,P,1.2425,70.5,-121.4
-351,10,27,10.4583,-29068,47,T,-0.9819,-74.9,-13.0
-350,4,22,15.5700,-29062,52,A,0.4930,38.8,-2.8
-350,10,17,1.7097,-29056,57,T,-0.3226,-25.6,-153.1
-349,4,11,19.4456,-29050,62,A,-0.2812,-9.3,-45.3
-349,10,6,12.4572,-29044,67,A,0.3955,19.1,59.5
-348,3,31,6.4517,-29038,72,P,-1.0096,-71.8,-131.1
-348,9,24,16.0228,-29032,77,P,1.1402,71.9,93.1
-347,2,19,14.1442,-29027,44,T,0.8873,47.7,14.1
-347,8,14,23.4428,-29021,49,P,-1.0902,-70.0,-147.4
-346,2,9,4.6717,-29015,54,H,0.1973,-5.1,173.2
-346,8,4,6.4761,-29009,59,H,-0.2990,1.9,142.0
-345,1,29,13.0172,-29003,64,A,-0.5436,-51.9,57.5
-345,7,24,20.3786,-28997,69,T,0.4502,48.2,-60.8
-344,1,18,14.2531,-28991,74,P,-1.2682,-68.0,-161.1
-344,6,14,6.2394,-28986,41,P,-1.3557,-64.5,172.1
-344,7,13,13.3958,-28985,79,P,1.1671,67.1,-142.9
-344,12,7,20.8517,-28980,46,P,1.0588,64.0,-41.4
-343,6,3,19.3425,-28974,51,H,-0.6437,-17.1,-40.9
-343,11,27,5.7147,-28968,56,H,0.3210,-2.7,158.6
-342,5,24,1.3614,-28962,61,A,0.1308,26.9,-144.4
-342,11,16,20.1167,-28956,66,T,-0.3583,-37.5,-73.3
-341,5,13,2.2000,-28950,71,A,0.9010,67.4,141.8
-341,11,6,11.6528,-28944,76,P,-1.0323,-61.8,-56.7
-340,4,1,17.2578,-28939,43,P,-1.1126,-60.8,67.9
-340,9,26,9.0839,-28933,48,P,1.0650,60.6,-166.3
-339,3,22,5.9722,-28927,53,T,-0.3252,-17.9,163.0
-339,9,15,10.9733,-28921,58,A,0.3753,24.2,86.7
-338,3,11,22.4400,-28915,63,T,0.3954,15.0,-104.2
-338,9,4,10.8275,-28909,68,A,-0.3420,-8.5,68.8
-337,3,1,14.0397,-28903,73,P,1.1321,61.2,-38.4
-337,8,24,15.9469,-28897,78,P,-1.0503,-61.5,-62.7
-336,1,20,8.8164,-28892,45,A,-0.9449,-74.4,-151.1
-336,7,14,20.4936,-28886,50,T,0.8505,75.8,-17.3
-335,1,8,8.7156,-28880,55,A,-0.2643,-38.1,116.4
-335,7,4,13.5836,-28874,60,T,0.1213,30.6,37.4
-335,12,28,9.2561,-28868,65,A,0.4276,1.5,99.9
-334,6,24,3.7811,-28862,70,T,-0.6560,-17.3,179.8
-334,12,17,16.4553,-28856,75,P,1.0896,66.4,-11.6
-333,5,14,21.4986,-28851,42,P,1.3284,69.6,128.7
-333,6,13,11.3494,-28850,80,P,-1.4808,-67.0,70.1
-333,11,7,19.2825,-28845,47,T,-0.9860,-75.8,-169.1
-332,5,2,22.0558,-28839,52,A,0.5746,48.0,-103.7
-332,10,27,10.3206,-28833,57,T,-0.3312,-30.4,76.5
-331,4,22,2.4489,-28827,62,A,-0.2095,-1.3,-153.9
-331,10,16,20.5933,-28821,67,A,0.3814,14.0,-65.0
-330,4,11,13.9769,-28815,72,T,-0.9468,-60.1,65.0
-330,10,5,23.6661,-28809,77,P,1.1169,71.8,-36.8
-329,3,2,22.2953,-28804,44,T,0.9252,55.3,-117.9
-329,8,26,6.6639,-28798,49,P,-1.1389,-70.7,90.3
-328,2,20,12.7353,-28792,54,H,0.2290,0.1,50.1
-328,8,14,14.0161,-28786,59,H,-0.3519,-4.1,26.2
-327,2,8,20.8014,-28780,64,A,-0.5174,-46.8,-58.6
-327,8,4,4.1022,-28774,69,T,0.3918,41.9,-176.2
-326,1,28,21.8983,-28768,74,P,-1.2458,-69.0,71.5
-326,6,25,13.5781,-28763,41,P,-1.4306,-65.5,51.0
-326,7,24,21.0217,-28762,79,P,1.1063,68.1,90.5
-326,12,19,5.1800,-28757,46,P,1.0595,65.0,-177.2
-325,6,15,2.2619,-28751,51,H,-0.7254,-22.7,-146.9
-325,12,8,14.4297,-28745,56,H,0.3213,-4.3,26.5
-324,6,3,7.8086,-28739,61,A,0.0434,24.3,120.0
-324,11,27,5.0058,-28733,66,T,-0.3570,-40.7,154.4
-323,5,23,8.5478,-28727,71,A,0.8126,66.8,66.3
-323,11,16,20.4331,-28721,76,P,-1.0315,-62.4,161.5
-322,4,13,0.4622,-28716,43,P,-1.1739,-61.0,-50.0
-322,5,12,11.6878,-28715,81,P,1.5329,62.1,-62.2
-322,10,7,16.9986,-28710,48,P,1.0895,60.7,65.3
-321,4,2,13.6414,-28704,53,T,-0.3826,-16.8,47.4
-321,9,26,18.4422,-28698,58,A,0.4086,21.6,-26.2
-320,3,22,6.3514,-28692,63,T,0.3452,16.4,136.3
-320,9,14,18.2550,-28686,68,A,-0.3015,-10.3,-43.6
-319,3,11,21.9147,-28680,73,P,1.0922,60.9,-166.4
-319,9,3,23.6467,-28674,78,P,-1.0048,-61.0,172.0
-318,1,30,16.6275,-28669,45,A,-0.9688,-69.9,96.1
-318,7,26,4.1344,-28663,50,T,0.9118,74.2,-105.6
-317,1,19,16.4789,-28657,55,A,-0.2819,-37.1,1.6
-317,7,15,21.0947,-28651,60,T,0.1890,33.4,-74.0
-316,1,8,17.3642,-28645,65,A,0.4165,1.2,-23.4
-316,7,4,10.8892,-28639,70,H,-0.5847,-12.0,70.4
-316,12,28,1.0347,-28633,75,P,1.0827,65.4,-151.7
-315,5,25,3.8881,-28628,42,P,1.4145,68.7,19.9
-315,6,23,17.9222,-28627,80,P,-1.4037,-66.0,-40.2
-315,11,18,4.1383,-28622,47,T,-0.9887,-75.6,35.5
-314,5,14,4.5097,-28616,52,A,0.6581,57.5,156.4
-314,11,7,18.9850,-28610,57,H,-0.3363,-34.7,-53.9
-313,5,3,9.3747,-28604,62,H,-0.1330,6.6,98.9
-313,10,28,4.8192,-28598,67,A,0.3727,9.5,169.3
-312,4,21,21.4133,-28592,72,T,-0.8788,-48.6,-61.6
-312,10,16,7.4253,-28586,77,P,1.0994,71.5,-168.4
-311,3,13,6.2942,-28581,44,T,0.9704,64.9,103.7
-311,9,5,14.0700,-28575,49,P,-1.1791,-71.3,-35.3
-310,3,2,20.6228,-28569,54,H,0.2687,6.2,-70.9
-310,8,25,21.7028,-28563,59,H,-0.3981,-10.2,-92.1
-309,2,20,4.4111,-28557,64,A,-0.4834,-40.7,-173.7
-309,8,15,11.9469,-28551,69,T,0.3394,35.5,65.4
-308,2,9,5.3911,-28545,74,P,-1.2161,-69.9,-54.2
-308,7,5,20.9522,-28540,41,P,-1.5027,-66.5,-71.1
-308,8,4,4.7489,-28539,79,P,1.0511,69.1,-38.1
-308,12,29,13.4897,-28534,46,P,1.0614,66.1,46.9
-307,6,25,9.1708,-28528,51,A,-0.8063,-29.9,106.4
-307,12,18,23.1497,-28522,56,H,0.3218,-5.0,-105.6
-306,6,14,14.2350,-28516,61,A,-0.0442,20.8,24.2
-306,12,8,13.9053,-28510,66,T,-0.3559,-43.0,22.7
-305,6,3,14.8833,-28504,71,A,0.7228,64.8,-13.5
-305,11,28,5.2358,-28498,76,P,-1.0324,-63.2,19.2
-304,4,23,7.6194,-28493,43,P,-1.2383,-61.3,-167.2
-304,5,22,18.4439,-28492,81,P,1.4496,62.8,-173.7
-304,10,18,0.9956,-28487,48,P,1.1092,60.9,-64.3
-303,4,12,21.2525,-28481,53,T,-0.4435,-16.2,-67.4
-303,10,7,2.0381,-28475,58,A,0.4353,18.8,-141.4
-302,4,2,14.1428,-28469,63,T,0.2890,17.8,19.0
-302,9,26,1.8492,-28463,68,A,-0.2686,-12.9,-158.6
-301,3,23,5.6203,-28457,73,P,1.0448,60.8,68.3
-301,9,15,7.5286,-28451,78,A,-0.9674,-55.7,69.1
-300,2,11,0.2400,-28446,45,A,-1.0021,-61.8,1.0
-300,8,5,11.9183,-28440,50,T,0.9664,69.9,159.6
-299,1,30,0.1028,-28434,55,A,-0.3069,-35.7,-111.3
-299,7,26,4.6767,-28428,60,T,0.2527,35.0,174.0
-298,1,19,1.3892,-28422,65,A,0.4003,1.4,-145.3
-298,7,15,18.0211,-28416,70,H,-0.5152,-7.7,-38.6
-297,1,8,9.5539,-28410,75,P,1.0724,64.3,69.6
-297,6,5,10.2144,-28405,42,P,1.5027,67.7,-87.4
-297,7,5,0.5025,-28404,80,P,-1.3270,-65.0,-150.2
-297,11,29,13.0403,-28399,47,T,-0.9892,-75.1,-117.3
-296,5,24,10.9367,-28393,52,A,0.7430,67.3,57.6
-296,11,18,3.6911,-28387,57,H,-0.3389,-38.3,176.0
-295,5,13,16.2947,-28381,62,H,-0.0550,14.2,-7.6
-295,11,7,13.1147,-28375,67,A,0.3682,5.7,42.8
-294,5,3,4.7908,-28369,72,T,-0.8072,-38.4,178.9
-294,10,27,15.2900,-28363,77,P,1.0873,71.0,58.9
-293,3,24,14.1678,-28358,44,P,1.0217,71.8,-60.9
-293,4,22,21.5322,-28357,82,P,-1.5048,-70.9,-28.3
-293,9,16,21.6447,-28352,49,P,-1.2116,-71.7,-163.8
-292,3,13,4.3542,-28346,54,H,0.3154,13.0,170.0
-292,9,5,5.5661,-28340,59,H,-0.4363,-16.2,146.8
-291,3,2,11.8622,-28334,64,A,-0.4425,-34.0,72.5
-291,8,25,19.9183,-28328,69,T,0.2931,29.1,-55.7
-290,2,19,12.7347,-28322,74,P,-1.1792,-70.8,-178.3
-290,8,15,12.5817,-28316,79,T,1.0017,70.0,-168.9
-289,1,9,21.7092,-28311,46,P,1.0685,67.2,-88.2
-289,7,6,16.1097,-28305,51,A,-0.8846,-39.0,-1.9
-289,12,30,7.8097,-28299,56,T,0.3258,-4.7,123.3
-288,6,24,20.6892,-28293,61,A,-0.1300,16.4,-72.7
-288,12,18,22.7631,-28287,66,T,-0.3529,-44.2,-107.6
-287,6,13,21.2522,-28281,71,A,0.6341,61.4,-97.6
-287,12,8,14.0419,-28275,76,P,-1.0341,-64.1,-123.4
-286,5,4,14.6958,-28270,43,P,-1.3071,-61.8,76.7
-286,6,3,1.1808,-28269,81,P,1.3641,63.6,74.9
-286,10,29,9.1017,-28264,48,P,1.1226,61.3,164.4
-285,4,24,4.7564,-28258,53,T,-0.5100,-16.5,179.3
-285,10,18,9.7767,-28252,58,A,0.4547,15.9,100.9
-284,4,12,21.8150,-28246,63,T,0.2270,18.8,-96.2
-284,10,6,9.6178,-28240,68,A,-0.2438,-16.0,83.8
-283,4,2,13.1969,-28234,73,T,0.9917,61.1,-42.5
-283,9,25,15.5525,-28228,78,A,-0.9361,-54.6,-49.6
-282,2,21,7.7211,-28223,45,P,-1.0409,-61.3,-121.0
-282,8,16,19.7969,-28217,50,P,1.0166,61.9,62.2
-281,2,10,7.5903,-28211,55,A,-0.3386,-33.9,137.4
-281,8,6,12.3458,-28205,60,T,0.3114,35.4,60.7
-280,1,30,9.3128,-28199,65,A,0.3783,2.0,94.4
-280,7,26,1.2306,-28193,70,H,-0.4506,-4.9,-148.3
-279,1,18,17.9817,-28187,75,P,1.0570,63.4,-67.4
-279,7,15,7.1569,-28181,80,P,-1.2541,-64.1,99.1
-279,12,9,21.9244,-28176,47,T,-0.9907,-73.7,91.4
-278,6,4,17.3653,-28170,52,A,0.8282,77.8,-39.4
-278,11,29,12.4114,-28164,57,H,-0.3401,-41.1,46.6
-277,5,24,23.2000,-28158,62,H,0.0249,21.4,-113.1
-277,11,18,21.4389,-28152,67,A,0.3658,2.6,-83.9
-276,5,13,12.1311,-28146,72,T,-0.7328,-29.2,62.4
-276,11,6,23.2425,-28140,77,P,1.0793,70.2,-74.6
-275,4,3,21.9058,-28135,44,P,1.0792,71.7,167.9
-275,5,3,5.0581,-28134,82,P,-1.4392,-70.3,-155.2
-275,9,27,5.3875,-28129,49,P,-1.2366,-71.8,64.9
-274,3,24,11.9186,-28123,54,H,0.3695,20.3,53.2
-274,9,16,13.5897,-28117,59,H,-0.4671,-22.2,23.3
-273,3,13,19.1092,-28111,64,A,-0.3923,-26.7,-39.1
-273,9,6,4.0389,-28105,69,T,0.2543,22.8,-179.4
-272,3,1,19.9244,-28099,74,P,-1.1349,-71.4,59.4
-272,8,25,20.5283,-28093,79,T,0.9583,75.2,3.3
-271,1,20,5.8631,-28088,46,P,1.0794,68.2,137.3
-271,7,16,23.0933,-28082,51,A,-0.9592,-51.7,-113.2
-270,1,9,16.4269,-28076,56,T,0.3324,-3.4,-7.3
-270,7,6,3.1636,-28070,61,A,-0.2141,11.2,-170.6
-270,12,30,7.5919,-28064,66,T,-0.3486,-44.2,122.7
-269,6,25,3.6764,-28058,71,A,0.5476,56.8,173.8
-269,12,19,22.7989,-28052,76,P,-1.0343,-65.1,94.3
-268,5,14,21.7756,-28047,43,P,-1.3763,-62.4,-39.6
-268,6,13,7.9947,-28046,81,P,1.2811,64.5,-37.9
-268,11,8,17.2628,-28041,48,P,1.1322,61.9,32.2
-267,5,4,12.2244,-28035,53,T,-0.5788,-17.8,66.3
-267,10,28,17.6044,-28029,58,A,0.4695,13.1,-18.4
-266,4,24,5.3922,-28023,63,T,0.1606,19.5,150.4
-266,10,17,17.5253,-28017,68,A,-0.2251,-19.5,-35.7
-265,4,13,20.6061,-28011,73,T,0.9310,59.7,-132.9
-265,10,6,23.7486,-28005,78,A,-0.9125,-55.6,-173.7
-264,3,3,14.9994,-28000,45,P,-1.0891,-60.9,120.1
-264,8,27,3.8194,-27994,50,P,1.0597,61.4,-68.0
-263,2,20,14.9200,-27988,55,A,-0.3782,-32.1,28.2
-263,8,16,20.1244,-27982,60,T,0.3639,34.8,-54.5
-262,2,9,17.1142,-27976,65,A,0.3495,3.0,-23.9
-262,8,6,8.5031,-27970,70,A,-0.3900,-3.2,101.5
-261,1,30,2.3181,-27964,75,P,1.0365,62.6,157.3
-261,7,26,13.8806,-27958,80,P,-1.1846,-63.2,-12.3
-261,12,21,6.7869,-27953,47,T,-0.9933,-71.0,-56.5
-260,6,14,23.8344,-27947,52,A,0.9118,89.1,-75.8
-260,12,9,21.1372,-27941,57,H,-0.3409,-43.0,-82.2
-259,6,4,6.1242,-27935,62,H,0.1047,28.1,142.0
-259,11,29,5.7878,-27929,67,A,0.3653,0.2,149.2
-258,5,24,19.4558,-27923,72,T,-0.6568,-20.9,-52.5
-258,11,18,7.2492,-27917,77,P,1.0744,69.3,151.8
-257,4,15,5.5236,-27912,44,P,1.1422,71.4,38.8
-257,5,14,12.5239,-27911,82,P,-1.3708,-69.5,79.2
-257,10,8,13.2914,-27906,49,P,-1.2544,-71.7,-68.8
-256,4,3,19.3481,-27900,54,H,0.4293,28.2,-61.8
-256,9,26,21.7569,-27894,59,H,-0.4915,-27.9,-102.0
-255,3,24,2.2131,-27888,64,A,-0.3357,-19.1,-149.0
-255,9,16,12.2975,-27882,69,T,0.2223,16.7,54.5
-254,3,13,2.9464,-27876,74,P,-1.0821,-71.8,-60.8
-254,9,6,4.6008,-27870,79,T,0.9216,68.8,-146.4
-253,1,31,13.8964,-27865,46,P,1.0968,69.2,4.0
-253,7,28,6.1619,-27859,51,P,-1.0284,-68.5,125.9
-252,1,21,0.9292,-27853,56,T,0.3453,-0.9,-136.3
-252,7,16,9.7303,-27847,61,A,-0.2930,5.4,89.4
-251,1,9,16.3406,-27841,66,T,-0.3405,-42.9,-5.9
-251,7,5,10.1589,-27835,71,A,0.4633,51.3,81.3
-251,12,30,7.5122,-27829,76,P,-1.0329,-66.2,-47.6
-250,5,26,4.8253,-27824,43,P,-1.4474,-63.2,-155.6
-250,6,24,14.8450,-27823,81,P,1.1987,65.4,-151.6
-250,11,20,1.4806,-27818,48,P,1.1388,62.6,-101.1
-249,5,15,19.6189,-27812,53,T,-0.6518,-20.4,-45.8
-249,11,9,1.5383,-27806,58,A,0.4792,10.6,-139.4
-248,5,4,12.8928,-27800,63,T,0.0902,19.6,38.4
-248,10,28,1.5533,-27794,68,A,-0.2115,-23.1,-156.8
-247,4,24,3.9231,-27788,73,T,0.8664,59.4,126.5
-247,10,17,8.0753,-27782,78,A,-0.8945,-57.8,59.4
-246,3,14,22.1236,-27777,45,P,-1.1439,-60.7,3.6
-246,9,7,11.9589,-27771,50,P,1.0974,61.0,160.1
-246,10,6,21.3494,-27770,88,P,-1.5237,-60.9,176.1
-245,3,3,22.1164,-27765,55,A,-0.4246,-30.3,-79.3
-245,8,28,4.0194,-27759,60,T,0.4102,33.2,-172.1
-244,2,21,0.7936,-27753,65,A,0.3135,4.2,-140.2
-244,8,16,15.8964,-27747,70,A,-0.3361,-2.8,-10.4
-243,2,9,10.5469,-27741,75,P,1.0098,61.9,23.8
-243,8,5,20.6972,-27735,80,P,-1.1196,-62.5,-124.7
-243,12,31,15.5881,-27730,47,T,-0.9993,-65.0,162.5
-242,6,26,6.3683,-27724,52,A,0.9929,71.0,-57.1
-242,12,21,5.8019,-27718,57,H,-0.3441,-44.0,150.5
-241,6,15,13.0906,-27712,62,H,0.1836,34.0,37.5
-241,12,10,14.1092,-27706,67,A,0.3639,-1.5,22.9
-240,6,4,2.7922,-27700,72,T,-0.5807,-13.6,-166.5
-240,11,28,15.2728,-27694,77,P,1.0702,68.2,18.7
-239,4,25,13.0403,-27689,44,P,1.2099,70.8,-88.3
-239,5,24,19.9550,-27688,82,P,-1.3006,-68.6,-45.2
-239,10,18,21.3506,-27683,49,P,-1.2656,-71.3,155.4
-238,4,15,2.6061,-27677,54,H,0.4970,36.5,-174.4
-238,10,8,6.0886,-27671,59,H,-0.5085,-33.4,130.6
-237,4,4,9.1364,-27665,64,A,-0.2706,-11.2,103.7
-237,9,27,20.7025,-27659,69,T,0.1973,10.8,-73.8
-236,3,23,9.8250,-27653,74,P,-1.0219,-72.0,-179.0
-236,9,16,12.8064,-27647,79,T,0.8919,62.0,77.2
-235,2,10,21.8486,-27642,46,P,1.1190,70.1,-128.7
-235,8,7,13.2881,-27636,51,P,-1.0935,-69.5,6.2
-234,1,31,9.3608,-27630,56,T,0.3623,2.5,95.3
-234,7,27,16.3658,-27624,61,A,-0.3678,-0.9,-12.4
-233,1,21,0.9936,-27618,66,T,-0.3277,-40.2,-133.9
-233,7,16,16.7539,-27612,71,A,0.3839,45.2,-15.1
-232,1,10,16.1300,-27606,76,P,-1.0278,-67.3,171.4
-232,6,5,11.9231,-27601,43,P,-1.5169,-64.0,87.4
-232,7,4,21.8081,-27600,81,P,1.1203,66.4,92.7
-232,11,30,9.6789,-27595,48,P,1.1455,63.4,125.8
-231,5,26,3.0236,-27589,53,T,-0.7246,-24.2,-158.4
-231,11,19,9.5194,-27583,58,A,0.4864,8.5,98.9
-230,5,15,20.3131,-27577,63,T,0.0162,18.8,-72.4
-230,11,8,9.6914,-27571,68,A,-0.2028,-26.6,80.8
-229,5,5,11.1133,-27565,73,T,0.7965,59.2,26.6
-229,10,28,16.5261,-27559,78,A,-0.8822,-61.0,-70.0
-228,3,25,5.0603,-27554,45,P,-1.2070,-60.6,-110.1
-228,9,17,20.2567,-27548,50,P,1.1272,60.8,26.0
-228,10,17,5.9569,-27547,88,P,-1.5079,-61.1,37.4
-227,3,14,5.1619,-27542,55,A,-0.4788,-28.9,175.3
-227,9,7,12.0256,-27536,60,T,0.4503,31.1,68.0
-226,3,3,8.3517,-27530,65,A,0.2706,5.6,105.5
-226,8,27,23.3894,-27524,70,A,-0.2879,-3.4,-123.6
-225,2,20,18.6450,-27518,75,T,0.9760,54.7,-88.8
-225,8,17,3.6356,-27512,80,P,-1.0606,-61.8,121.2
-224,1,12,0.3247,-27507,47,P,-1.0087,-64.0,20.6
-224,7,6,12.9875,-27501,52,P,1.0700,64.8,-164.2
-224,12,31,14.4131,-27495,57,H,-0.3495,-43.9,24.1
-223,6,25,20.1300,-27489,62,T,0.2598,38.9,-66.8
-223,12,20,22.4031,-27483,67,A,0.3619,-2.5,-102.9
-222,6,15,10.1408,-27477,72,T,-0.5047,-7.1,80.3
-222,12,9,23.3056,-27471,77,P,1.0664,67.1,-114.0
-221,5,6,20.4772,-27466,44,P,1.2811,70.1,146.3
-221,6,5,3.3761,-27465,82,P,-1.2298,-67.7,-168.9
-221,10,30,5.5225,-27460,49,P,-1.2721,-70.7,18.3
-220,4,25,9.7658,-27454,54,H,0.5684,45.2,74.6
-220,10,18,14.5475,-27448,59,H,-0.5201,-38.6,2.0
-219,4,14,15.9314,-27442,64,A,-0.1999,-3.1,-1.7
-219,10,8,5.2206,-27436,69,T,0.1780,5.3,156.4
-218,4,3,16.5686,-27430,74,A,-0.9546,-63.1,26.3
-218,9,27,21.1364,-27424,79,T,0.8691,55.8,-56.1
-217,2,22,5.6422,-27419,46,P,1.1494,70.8,100.4
-217,8,18,20.5425,-27413,51,P,-1.1510,-70.3,-116.1
-216,2,11,17.6561,-27407,56,T,0.3864,6.9,-31.4
-216,8,6,23.1239,-27401,61,A,-0.4360,-7.6,-116.6
-215,1,31,9.5322,-27395,66,T,-0.3093,-36.3,98.9
-215,7,26,23.4681,-27389,71,A,0.3097,38.7,-115.1
-214,1,21,0.6469,-27383,76,P,-1.0182,-68.3,31.4
-214,7,16,4.8533,-27377,81,P,1.0448,67.4,-24.7
-214,12,11,17.8908,-27372,48,P,1.1509,64.4,-7.9
-213,6,6,10.4117,-27366,53,T,-0.7985,-29.5,88.6
-213,11,30,17.5397,-27360,58,A,0.4916,7.0,-23.3
-212,5,26,3.7061,-27354,63,T,-0.0588,17.3,177.2
-212,11,18,17.9175,-27348,68,A,-0.1981,-29.7,-42.4
-211,5,15,18.2314,-27342,73,T,0.7236,58.9,-72.3
-211,11,8,1.0733,-27336,78,A,-0.8739,-64.8,159.3
-210,4,5,11.8708,-27331,45,P,-1.2754,-60.7,138.2
-210,5,5,2.1303,-27330,83,P,1.5500,61.9,80.4
-210,9,29,4.6725,-27325,50,P,1.1518,60.8,-109.9
-210,10,28,14.6581,-27324,88,P,-1.4962,-61.5,-102.9
-209,3,25,12.0736,-27319,55,A,-0.5401,-28.1,71.8
-209,9,18,20.1628,-27313,60,T,0.4835,28.5,-54.5
-208,3,13,15.8028,-27307,65,A,0.2211,7.0,-6.9
-208,9,7,7.0000,-27301,70,A,-0.2462,-4.9,121.3
-207,3,3,2.6331,-27295,75,T,0.9359,50.5,154.2
-207,8,27,10.7064,-27289,80,A,-1.0082,-61.3,5.3
-206,1,22,8.9425,-27284,47,P,-1.0240,-63.2,-119.0
-206,7,17,19.7178,-27278,52,P,1.1423,63.9,84.3
-205,1,11,22.9167,-27272,57,H,-0.3598,-43.0,-100.8
-205,7,7,3.2669,-27266,62,T,0.3323,42.7,-171.5
-204,1,1,6.5925,-27260,67,A,0.3552,-3.0,133.0
-204,6,25,17.5506,-27254,72,T,-0.4309,-1.7,-33.1
-204,12,20,7.3097,-27248,77,P,1.0610,66.0,114.4
-203,5,17,3.8283,-27243,44,P,1.3559,69.3,22.8
-203,6,15,10.7792,-27242,82,P,-1.1581,-66.7,68.1
-203,11,9,13.8119,-27237,49,P,-1.2738,-69.9,-119.9
-202,5,6,16.7894,-27231,54,H,0.6460,54.4,-34.3
-202,10,29,23.1294,-27225,59,H,-0.5261,-43.3,-127.5
-201,4,25,22.5739,-27219,64,A,-0.1221,5.1,-104.6
-201,10,19,13.8692,-27213,69,T,0.1652,0.4,24.7
-200,4,13,23.2100,-27207,74,A,-0.8818,-50.9,-91.4
-200,10,8,5.5675,-27201,79,T,0.8517,50.4,171.0
-199,3,4,13.3514,-27196,46,P,1.1848,71.4,-29.7
-199,8,29,3.8911,-27190,51,P,-1.2029,-71.0,119.6
-198,2,22,1.8444,-27184,56,T,0.4166,12.2,-156.9
-198,8,18,5.9950,-27178,61,A,-0.4984,-14.4,137.0
-197,2,11,17.9514,-27172,66,T,-0.2849,-31.5,-27.6
-197,8,7,6.3378,-27166,71,A,0.2424,32.0,141.4
-196,2,1,9.0214,-27160,76,P,-1.0024,-69.3,-107.1
-196,7,26,12.0572,-27154,81,A,0.9758,79.3,-163.0
-196,12,22,2.0389,-27149,48,P,1.1585,65.4,-140.9
-195,6,16,17.8278,-27143,53,T,-0.8712,-36.7,-25.4
-195,12,11,1.5553,-27137,58,A,0.4971,6.3,-145.5
-194,6,6,11.0681,-27131,63,T,-0.1348,14.9,66.9
-194,11,30,2.1800,-27125,68,A,-0.1943,-32.2,-165.6
-193,5,27,1.2714,-27119,73,T,0.6476,57.8,-170.2
-193,11,19,9.6975,-27113,78,A,-0.8689,-68.9,27.9
-192,4,15,18.5344,-27108,45,P,-1.3502,-61.0,28.6
-192,5,15,8.7394,-27107,83,P,1.4737,62.5,-28.7
-192,10,9,13.2119,-27102,50,P,1.1705,60.9,112.5
-192,11,7,23.4411,-27101,88,P,-1.4885,-62.1,115.5
-191,4,4,18.8672,-27096,55,A,-0.6076,-28.2,-30.0
-191,9,29,4.4250,-27090,60,T,0.5099,25.7,-179.6
-190,3,24,23.1189,-27084,65,A,0.1639,8.3,-117.0
-190,9,18,14.7394,-27078,70,A,-0.2118,-7.3,4.3
-189,3,14,10.4939,-27072,75,T,0.8889,48.3,37.7
-189,9,7,17.9225,-27066,80,A,-0.9629,-54.1,-87.3
-188,2,2,17.4539,-27061,47,P,-1.0444,-62.4,103.1
-188,7,28,2.5864,-27055,52,P,1.2085,63.1,-29.1
-187,1,22,7.3314,-27049,57,H,-0.3741,-41.4,135.2
-187,7,17,10.4883,-27043,62,T,0.4014,45.2,83.4
-186,1,11,14.7106,-27037,67,A,0.3456,-2.8,10.0
-186,7,7,1.0186,-27031,72,T,-0.3594,2.6,-146.7
-186,12,31,15.2444,-27025,77,P,1.0521,65.0,-15.7
-185,5,28,11.1436,-27020,44,P,1.4317,68.4,-99.6
-185,6,26,18.2217,-27019,82,P,-1.0885,-65.7,-55.0
-185,11,20,22.1622,-27014,49,P,-1.2734,-69.0,101.6
-184,5,16,23.7592,-27008,54,H,0.7249,63.9,-141.9
-184,11,9,7.7778,-27002,59,H,-0.5296,-47.6,103.1
-183,5,6,5.1394,-26996,64,A,-0.0411,13.1,154.1
-183,10,29,22.6072,-26990,69,T,0.1566,-4.1,-107.9
-182,4,25,5.7286,-26984,74,A,-0.8023,-39.9,161.0
-182,10,19,14.1172,-26978,79,T,0.8407,45.8,37.3
-181,3,15,20.9139,-26973,46,P,1.2282,71.7,-158.0
-181,4,14,8.8144,-26972,84,P,-1.5134,-71.4,165.8
-181,9,9,11.3883,-26967,51,P,-1.2466,-71.6,-7.4
-180,3,4,9.8897,-26961,56,T,0.4546,18.3,79.3
-180,8,28,13.0333,-26955,61,A,-0.5523,-21.3,27.7
-179,2,22,2.2389,-26949,66,T,-0.2540,-25.8,-153.1
-179,8,17,13.3475,-26943,71,A,0.1813,25.2,34.9
-178,2,11,17.2719,-26937,76,T,-0.9813,-76.5,87.2
-178,8,6,19.3911,-26931,81,A,0.9123,79.2,-1.3
-177,1,2,10.1214,-26926,48,P,1.1687,66.5,86.6
-177,6,28,1.2806,-26920,53,T,-0.9423,-46.9,-141.0
-177,12,22,9.5594,-26914,58,A,0.5030,6.4,92.6
-176,6,16,18.4392,-26908,63,T,-0.2101,11.5,-44.0
-176,12,10,10.4692,-26902,68,A,-0.1911,-33.9,71.3
-175,6,6,8.2864,-26896,73,T,0.5711,55.8,91.8
-175,11,29,18.3686,-26890,78,A,-0.8654,-73.3,-102.5
-174,4,27,1.0783,-26885,45,P,-1.4299,-61.4,-79.3
-174,5,26,15.2747,-26884,83,P,1.3940,63.2,-136.8
-174,10,20,21.8633,-26879,50,P,1.1840,61.2,-26.9
-174,11,19,8.2878,-26878,88,P,-1.4838,-62.8,-27.2
-173,4,16,1.5642,-26873,55,A,-0.6800,-29.3,-130.5
-173,10,10,12.7958,-26867,60,T,0.5303,22.7,53.2
-172,4,4,6.3517,-26861,65,A,0.1016,9.5,134.4
-172,9,28,22.6031,-26855,70,A,-0.1846,-10.3,-114.6
-171,3,24,18.2472,-26849,75,T,0.8357,47.2,-77.2
-171,9,18,1.2711,-26843,80,A,-0.9241,-51.8,164.7
-170,2,13,1.8261,-26838,47,P,-1.0719,-61.8,-32.3
-170,3,14,10.4772,-26837,85,P,1.5120,61.0,-5.4
-170,8,8,9.6072,-26832,52,P,1.2681,62.4,-144.5
-169,2,2,15.5742,-26826,57,H,-0.3964,-39.4,13.2
-169,7,28,17.8553,-26820,62,T,0.4644,46.3,-23.5
-168,1,22,22.6850,-26814,67,A,0.3291,-2.2,-110.7
-168,7,17,8.5725,-26808,72,T,-0.2917,5.7,99.1
-167,1,10,23.0950,-26802,77,P,1.0389,64.0,-144.1
-167,6,7,18.4208,-26797,44,P,1.5089,67.4,139.1
-167,7,7,1.6950,-26796,82,P,-1.0204,-64.8,-178.1
-167,12,1,6.5783,-26791,49,P,-1.2707,-67.9,-37.2
-166,5,28,6.6206,-26785,54,A,0.8082,74.2,112.2
-166,11,20,16.5167,-26779,59,T,-0.5293,-51.1,-26.1
-165,5,17,11.6081,-26773,64,A,0.0443,21.0,54.9
-165,11,10,7.4242,-26767,69,T,0.1519,-7.9,118.6
-164,5,5,12.2008,-26761,74,A,-0.7198,-29.9,57.2
-164,10,29,22.7553,-26755,79,T,0.8343,41.9,-97.1
-163,3,26,4.3978,-26750,46,P,1.2760,71.7,74.9
-163,4,24,15.7467,-26749,84,P,-1.4394,-70.9,47.5
-163,9,19,18.9853,-26744,51,P,-1.2845,-71.9,-136.3
-162,3,15,17.8375,-26738,56,T,0.4980,25.1,-43.3
-162,9,8,20.2106,-26732,61,A,-0.5988,-28.2,-83.9
-161,3,5,10.3844,-26726,66,T,-0.2163,-19.6,82.8
-161,8,28,20.5469,-26720,71,A,0.1290,18.5,-74.9
-160,2,23,1.3681,-26714,76,T,-0.9536,-74.2,-77.5
-160,8,17,2.8844,-26708,81,A,0.8557,70.2,-137.1
-159,1,12,18.0853,-26703,48,P,1.1839,67.6,-44.7
-159,7,8,8.8072,-26697,53,T,-1.0096,-66.8,100.1
-159,8,6,16.2839,-26696,91,P,1.5260,69.4,137.1
-158,1,1,17.4911,-26691,58,A,0.5128,7.4,-28.4
-158,6,28,1.8169,-26685,63,T,-0.2844,7.3,-155.5
-158,12,21,18.7389,-26679,68,A,-0.1862,-34.5,-51.2
-157,6,17,15.2783,-26673,73,H,0.4943,52.7,-7.2
-157,12,11,3.0436,-26667,78,A,-0.8616,-77.4,131.6
-156,5,7,7.5292,-26662,45,P,-1.5131,-62.0,174.2
-156,6,5,21.7794,-26661,83,P,1.3130,64.0,115.3
-156,10,31,6.6203,-26656,50,P,1.1922,61.6,-168.0
-156,11,29,17.1786,-26655,88,P,-1.4815,-63.6,-170.8
-155,4,26,8.1603,-26650,55,A,-0.7577,-32.0,130.6
-155,10,20,21.2731,-26644,60,H,0.5448,19.8,-75.9
-154,4,15,13.4867,-26638,65,H,0.0334,10.2,27.4
-154,10,10,6.5878,-26632,70,A,-0.1637,-13.7,124.7
-153,4,5,1.8881,-26626,75,T,0.7761,46.8,170.1
-153,9,29,8.7761,-26620,80,A,-0.8929,-52.1,51.8
-152,2,24,10.0806,-26615,47,P,-1.1053,-61.3,-165.9
-152,3,24,18.4000,-26614,85,P,1.4645,60.9,-133.9
-152,8,18,16.7728,-26609,52,P,1.3214,61.8,98.1
-151,2,12,23.7033,-26603,57,H,-0.4239,-37.1,-107.6
-151,8,8,1.3461,-26597,62,T,0.5222,46.3,-132.5
-150,2,2,6.5256,-26591,67,A,0.3067,-1.1,130.6
-150,7,28,16.2222,-26585,72,T,-0.2286,7.7,-16.2
-149,1,22,6.8319,-26579,77,A,1.0200,63.1,89.6
-149,7,18,9.2517,-26573,82,T,-0.9567,-49.1,71.0
-149,12,12,14.9797,-26568,49,P,-1.2695,-66.9,-175.2
-148,6,7,13.4822,-26562,54,A,0.8904,85.5,4.6
-148,12,1,1.2786,-26556,59,T,-0.5288,-53.7,-154.3
-147,5,27,18.0236,-26550,64,A,0.1319,28.5,-42.7
-147,11,20,16.2925,-26544,69,T,0.1496,-11.0,-15.4
-146,5,16,18.6094,-26538,74,A,-0.6331,-20.6,-44.1
-146,11,10,7.4639,-26532,79,T,0.8320,38.9,127.7
-145,4,6,11.7517,-26527,46,P,1.3309,71.6,-50.2
-145,5,5,22.6094,-26526,84,P,-1.3604,-70.2,-69.3
-145,10,1,2.7386,-26521,51,P,-1.3139,-71.9,92.3
-144,3,26,1.6606,-26515,56,T,0.5482,32.4,-164.5
-144,9,19,3.5436,-26509,61,A,-0.6376,-34.8,162.2
-143,3,15,18.4006,-26503,66,T,-0.1720,-12.8,-39.9
-143,9,8,3.9139,-26497,71,A,0.0843,11.9,172.5
-142,3,5,9.2958,-26491,76,T,-0.9180,-67.5,138.9
-142,8,28,10.5403,-26485,81,A,0.8060,61.7,99.0
-141,1,24,1.9414,-26480,48,P,1.2040,68.7,-174.8
-141,7,19,16.4103,-26474,53,P,-1.0736,-67.8,-25.8
-141,8,18,0.1242,-26473,91,P,1.4734,70.2,6.2
-140,1,13,1.3483,-26468,58,A,0.5265,9.6,-148.4
-140,7,8,9.2458,-26462,63,T,-0.3557,2.3,91.6
-139,1,1,2.9925,-26456,68,A,-0.1796,-34.0,-173.4
-139,6,27,22.2622,-26450,73,H,0.4178,48.5,-107.6
-139,12,21,11.7231,-26444,78,H,-0.8574,-80.8,15.2
-138,6,17,4.2667,-26438,83,P,1.2315,64.9,7.4
-138,11,11,15.4353,-26433,50,P,1.1981,62.2,50.0
-138,12,11,2.0597,-26432,88,P,-1.4787,-64.5,45.5
-137,5,7,14.7114,-26427,55,A,-0.8381,-36.5,32.4
-137,11,1,5.8311,-26421,60,H,0.5549,17.2,153.6
-136,4,25,20.5808,-26415,65,H,-0.0381,10.3,-78.8
-136,10,20,14.6539,-26409,70,A,-0.1476,-17.2,2.9
-135,4,15,9.4522,-26403,75,T,0.7119,46.8,58.9
-135,10,9,16.4092,-26397,80,A,-0.8680,-53.7,-63.8
-134,3,6,18.1617,-26392,47,P,-1.1471,-61.0,63.2
-134,4,5,2.1719,-26391,85,P,1.4096,61.0,99.9
-134,8,30,0.1258,-26386,52,P,1.3664,61.3,-21.9
-134,9,28,15.9275,-26385,90,P,-1.5411,-60.7,-102.3
-133,2,24,7.6425,-26380,57,H,-0.4601,-34.9,134.0
-133,8,19,9.0056,-26374,62,T,0.5723,45.3,115.1
-132,2,13,14.1878,-26368,67,A,0.2761,0.1,14.8
-132,8,7,23.9986,-26362,72,T,-0.1714,8.4,-133.2
-131,2,1,14.4539,-26356,77,A,0.9951,59.7,-29.0
-131,7,28,16.8611,-26350,82,T,-0.8959,-40.6,-44.3
-131,12,22,23.4022,-26345,49,P,-1.2683,-65.8,47.1
-130,6,18,20.2953,-26339,54,A,0.9739,78.6,91.6
-130,12,12,10.0611,-26333,59,T,-0.5279,-55.3,78.4
-129,6,8,0.4100,-26327,64,A,0.2205,35.5,-138.7
-129,12,2,1.2000,-26321,69,T,0.1490,-13.3,-149.6
-128,5,27,1.0197,-26315,74,A,-0.5459,-12.3,-144.3
-128,11,20,16.2075,-26309,79,T,0.8319,36.5,-7.8
-127,4,16,19.0611,-26304,46,P,1.3888,71.2,-174.4
-127,5,16,5.4736,-26303,84,P,-1.2800,-69.4,174.5
-127,10,11,10.5911,-26298,51,P,-1.3377,-71.7,-40.5
-126,4,6,9.3783,-26292,56,T,0.6041,40.3,75.6
-126,9,30,11.0281,-26286,61,A,-0.6688,-41.3,46.2
-125,3,27,2.2836,-26280,66,T,-0.1213,-5.7,-161.0
-125,9,19,11.4578,-26274,71,A,0.0475,5.6,57.1
-124,3,15,17.0697,-26268,76,T,-0.8757,-59.5,8.0
-124,9,7,18.3711,-26262,81,A,0.7642,54.1,-24.4
-123,2,3,9.6425,-26257,48,P,1.2307,69.7,56.7
-123,7,30,0.1008,-26251,53,P,-1.1331,-68.8,-153.5
-123,8,28,8.0964,-26250,91,P,1.4272,70.9,-127.3
-122,1,23,9.0942,-26245,58,A,0.5456,12.7,93.0
-122,7,19,16.7314,-26239,63,T,-0.4232,-3.2,-22.9
-121,1,12,11.1531,-26233,68,A,-0.1679,-32.1,65.5
-121,7,9,5.2836,-26227,73,H,0.3444,43.5,149.8
-120,1,1,20.3556,-26221,78,H,-0.8509,-81.9,-86.0
-120,6,27,10.7650,-26215,83,P,1.1507,65.8,-100.9
-120,11,22,0.3019,-26210,50,P,1.2013,62.9,-93.0
-120,12,21,10.9286,-26209,88,P,-1.4757,-65.5,-98.4
-119,5,17,21.2189,-26204,55,A,-0.9208,-44.2,-64.3
-119,11,11,14.4628,-26198,60,H,0.5607,14.8,21.8
-118,5,7,3.5967,-26192,65,H,-0.1145,9.7,176.2
-118,10,31,22.8250,-26186,70,A,-0.1375,-20.8,-120.2
-117,4,26,16.9408,-26180,75,T,0.6433,47.0,-50.5
-117,10,21,0.1619,-26174,80,A,-0.8491,-56.4,178.5
-116,3,17,2.1250,-26169,47,P,-1.1943,-60.8,-65.8
-116,4,15,9.8661,-26168,85,P,1.3512,61.2,-25.2
-116,9,9,7.6461,-26163,52,P,1.4039,61.0,-144.3
-116,10,8,23.6553,-26162,90,P,-1.5142,-60.8,132.3
-115,3,6,15.4450,-26157,57,H,-0.5024,-32.9,17.3
-115,8,29,16.7967,-26151,62,T,0.6167,43.6,-0.3
-114,2,23,21.7022,-26145,67,A,0.2386,1.6,-98.7
-114,8,19,7.9000,-26139,72,T,-0.1203,8.0,108.0
-113,2,12,21.9142,-26133,77,A,0.9620,51.6,-135.4
-113,8,9,0.5917,-26127,82,T,-0.8414,-36.0,-162.0
-112,1,3,7.7608,-26122,49,P,-1.2712,-64.8,-89.3
-112,6,29,3.1381,-26116,54,P,1.0548,65.4,-16.0
-112,12,22,18.8089,-26110,59,T,-0.5295,-55.7,-47.7
-111,6,18,6.8019,-26104,64,A,0.3085,41.7,126.6
-111,12,12,10.0928,-26098,69,T,0.1478,-14.8,76.7
-110,6,7,7.4089,-26092,74,A,-0.4568,-4.7,116.8
-110,12,2,0.9753,-26086,79,T,0.8335,34.8,-143.6
-109,4,28,2.2811,-26081,46,P,1.4516,70.6,63.3
-109,5,27,12.3225,-26080,84,P,-1.1974,-68.4,59.1
-109,10,22,18.5575,-26075,51,P,-1.3552,-71.2,-174.7
-108,4,16,16.9978,-26069,56,T,0.6655,48.8,-43.1
-108,10,10,18.6642,-26063,61,A,-0.6925,-47.3,-71.7
-107,4,6,10.0331,-26057,66,T,-0.0640,1.7,79.8
-107,9,29,19.1669,-26051,71,A,0.0183,-0.4,-60.6
-106,3,27,0.6856,-26045,76,T,-0.8261,-51.0,-116.0
-106,9,19,2.3658,-26039,81,H,0.7298,47.1,-149.0
-105,2,14,17.1872,-26034,48,P,1.2643,70.5,-70.0
-105,8,10,7.9061,-26028,53,P,-1.1869,-69.7,76.5
-105,9,8,16.2192,-26027,91,P,1.3881,71.4,96.5
-104,2,3,16.7422,-26022,58,A,0.5696,16.8,-24.5
-104,7,30,0.2822,-26016,63,T,-0.4867,-9.2,-138.9
-103,1,22,19.2564,-26010,68,A,-0.1527,-29.1,-55.3
-103,7,19,12.3469,-26004,73,A,0.2740,37.8,45.0
-102,1,12,4.9239,-25998,78,T,-0.8403,-79.5,170.3
-102,7,8,17.3017,-25992,83,P,1.0718,66.8,149.7
-102,12,3,9.1811,-25987,50,P,1.2041,63.8,123.6
-101,1,1,19.7381,-25986,88,P,-1.4699,-66.5,118.1
-101,5,29,3.7428,-25981,55,A,-1.0032,-63.3,-149.6
-101,11,22,23.1069,-25975,60,H,0.5654,12.9,-110.1
-100,5,17,10.6253,-25969,65,H,-0.1912,8.4,70.9
-100,11,11,7.0478,-25963,70,A,-0.1308,-24.1,116.3
-99,5,7,0.3672,-25957,75,T,0.5708,46.9,-158.3
-99,10,31,8.0214,-25951,80,A,-0.8354,-59.8,59.2
-98,3,28,9.9289,-25946,47,P,-1.2491,-60.8,167.6
-98,4,26,17.4456,-25945,85,P,1.2874,61.6,-148.5
-98,9,20,15.3586,-25940,52,P,1.4331,60.9,90.5
-98,10,20,7.5408,-25939,90,P,-1.4940,-61.1,4.5
-97,3,17,23.0497,-25934,57,H,-0.5539,-31.4,-96.6
-97,9,10,0.7781,-25928,62,T,0.6525,41.3,-119.8
-96,3,6,5.0381,-25922,67,A,0.1928,3.1,150.7
-96,8,29,15.9275,-25916,72,T,-0.0752,6.7,-12.8
-95,2,23,5.2436,-25910,77,A,0.9222,47.7,115.3
-95,8,19,8.4158,-25904,82,T,-0.7919,-33.5,78.9
-94,1,13,16.0708,-25899,49,P,-1.2771,-63.8,135.5
-94,7,10,9.9864,-25893,54,P,1.1341,64.4,-129.5
-93,1,3,3.5267,-25887,59,T,-0.5331,-55.0,-173.5
-93,6,29,13.2211,-25881,64,A,0.3945,46.9,33.2
-93,12,23,18.9586,-25875,69,T,0.1453,-15.5,-56.5
-92,6,17,13.8603,-25869,74,A,-0.3699,1.8,18.0
-92,12,12,9.7353,-25863,79,H,0.8354,33.7,80.7
-91,5,8,9.4658,-25858,46,P,1.5167,69.8,-57.9
-91,6,6,19.1906,-25857,84,P,-1.1144,-67.4,-56.1
-91,11,2,2.5978,-25852,51,P,-1.3683,-70.5,50.5
-90,4,28,0.5481,-25846,56,T,0.7309,57.7,-161.4
-90,10,22,2.4189,-25840,61,A,-0.7103,-53.1,169.6
-89,4,17,17.6756,-25834,66,T,-0.0015,9.3,-37.7
-89,10,11,3.0414,-25828,71,A,-0.0036,-6.0,179.4
-88,4,6,8.1633,-25822,76,T,-0.7707,-42.5,124.2
-88,9,29,10.5064,-25816,81,H,0.7020,40.8,84.7
-87,2,25,0.5622,-25811,48,P,1.3053,71.2,165.3
-87,8,20,15.8328,-25805,53,P,-1.2346,-70.5,-55.9
-87,9,19,0.4856,-25804,91,P,1.3559,71.7,-42.3
-86,2,14,0.2194,-25799,58,A,0.6022,22.1,-140.0
-86,8,10,7.9339,-25793,63,T,-0.5444,-15.6,103.1
-85,2,3,3.2303,-25787,68,A,-0.1302,-25.0,-175.0
-85,7,30,19.4892,-25781,73,A,0.2084,31.7,-62.1
-84,1,23,13.3961,-25775,78,T,-0.8246,-74.8,53.0
-84,7,18,23.9097,-25769,83,A,0.9965,69.9,38.0
-84,12,13,18.0686,-25764,50,P,1.2064,64.8,-20.2
-83,1,12,4.4897,-25763,88,P,-1.4617,-67.6,-24.9
-83,6,8,10.2494,-25758,55,P,-1.0867,-64.2,102.4
-83,12,3,7.7875,-25752,60,A,0.5675,11.6,117.4
-82,5,28,17.6292,-25746,65,T,-0.2698,6.0,-34.3
-82,11,22,15.3175,-25740,70,A,-0.1272,-27.0,-7.5
-81,5,18,7.7625,-25734,75,T,0.4964,46.2,94.6
-81,11,11,15.9700,-25728,80,A,-0.8266,-63.7,-60.8
-80,4,7,17.6303,-25723,47,P,-1.3085,-60.9,42.6
-80,5,7,0.9719,-25722,85,P,1.2210,62.1,88.8
-80,9,30,23.2122,-25717,52,P,1.4562,60.9,-36.8
-80,10,30,15.5331,-25716,90,P,-1.4782,-61.5,-124.9
-79,3,28,6.5258,-25711,57,A,-0.6108,-30.7,151.3
-79,9,20,8.8969,-25705,62,T,0.6823,38.9,117.8
-78,3,17,12.1914,-25699,67,A,0.1385,4.5,43.0
-78,9,10,0.0958,-25693,72,T,-0.0372,4.6,-135.8
-77,3,6,12.4111,-25687,77,A,0.8741,45.2,8.4
-77,8,30,16.3628,-25681,82,T,-0.7491,-32.7,-42.0
-76,1,25,0.2678,-25676,49,P,-1.2891,-63.0,2.4
-76,2,23,14.3417,-25675,87,P,1.5513,61.3,-53.0
-76,7,20,16.9097,-25670,54,P,1.2084,63.5,116.3
-76,8,19,5.0325,-25669,92,P,-1.5314,-61.8,90.1
-75,1,13,12.1603,-25664,59,T,-0.5414,-53.4,61.3
-75,7,9,19.6778,-25658,64,A,0.4782,51.0,-59.2
-74,1,3,3.7653,-25652,69,T,0.1398,-15.5,171.3
-74,6,28,20.3567,-25646,74,A,-0.2842,7.3,-80.8
-74,12,23,18.4400,-25640,79,H,0.8350,32.9,-54.2
-73,6,18,2.1067,-25634,84,P,-1.0323,-66.4,-171.4
-73,11,13,10.7200,-25629,51,P,-1.3771,-69.6,-84.9
-72,5,8,8.0319,-25623,56,T,0.7997,67.2,79.8
-72,11,1,10.2856,-25617,61,A,-0.7225,-58.4,50.6
-71,4,28,1.2142,-25611,66,T,0.0658,16.8,-153.3
-71,10,21,11.0625,-25605,71,A,-0.0186,-11.1,57.5
-70,4,17,15.4836,-25599,76,T,-0.7084,-34.0,8.1
-70,10,10,18.8078,-25593,81,H,0.6815,35.2,-43.5
-69,3,8,7.7786,-25588,48,P,1.3531,71.7,42.5
-69,4,6,23.0253,-25587,86,P,-1.5229,-71.6,-44.3
-69,8,31,23.8797,-25582,53,P,-1.2764,-71.1,169.3
-69,9,30,8.8797,-25581,91,P,1.3300,71.8,176.8
-68,2,25,7.5853,-25576,58,A,0.6405,28.2,105.7
-68,8,20,15.6847,-25570,63,T,-0.5964,-22.1,-16.9
-67,2,13,11.1156,-25564,68,A,-0.1026,-20.0,65.9
-67,8,10,2.7019,-25558,73,A,0.1474,25.3,-171.2
-66,2,2,21.7767,-25552,78,T,-0.8039,-69.1,-71.0
-66,7,30,6.6122,-25546,83,A,0.9262,82.5,-158.4
-66,12,25,2.8950,-25541,50,P,1.2115,65.8,-163.5
-65,1,23,13.1225,-25540,88,P,-1.4482,-68.6,-166.7
-65,6,19,16.8386,-25535,55,P,-1.1662,-65.1,-7.1
-65,12,14,16.4353,-25529,60,A,0.5702,11.0,-14.5
-64,6,8,0.6764,-25523,65,T,-0.3471,2.8,-140.7
-64,12,2,23.5803,-25517,70,A,-0.1241,-29.1,-130.7
-63,5,28,15.1394,-25511,75,T,0.4207,44.8,-12.2
-63,11,21,23.9708,-25505,80,A,-0.8201,-67.8,179.9
-62,4,19,1.1736,-25500,47,P,-1.3750,-61.2,-80.2
-62,5,18,8.4086,-25499,85,P,1.1504,62.7,-32.7
-62,10,12,7.2506,-25494,52,P,1.4713,61.0,-166.8
-62,11,10,23.6456,-25493,90,P,-1.4676,-62.2,103.7
-61,4,8,13.8208,-25488,57,A,-0.6756,-31.0,41.9
-61,10,1,17.1744,-25482,62,T,0.7048,36.3,-8.0
-60,3,27,19.1800,-25476,67,A,0.0768,5.6,-61.9
-60,9,20,8.4019,-25470,72,T,-0.0062,1.8,98.9
-59,3,16,19.4300,-25464,77,A,0.8184,43.7,-96.0
-59,9,10,0.4192,-25458,82,T,-0.7123,-33.3,-164.5
-58,2,4,8.3847,-25453,49,P,-1.3058,-62.3,-129.4
-58,3,5,21.8381,-25452,87,P,1.5057,61.0,-175.0
-58,7,31,23.8928,-25447,54,P,1.2787,62.7,1.4
-58,8,30,12.6075,-25446,92,P,-1.4902,-61.4,-33.2
-57,1,24,20.7086,-25441,59,T,-0.5546,-51.1,-63.7
-57,7,21,2.2247,-25435,64,A,0.5572,53.7,-151.6
-56,1,14,12.5083,-25429,69,T,0.1310,-14.7,39.9
-56,7,9,2.9392,-25423,74,A,-0.2021,11.7,179.9
-55,1,3,3.0897,-25417,79,H,0.8326,32.5,171.8
-55,6,28,9.0928,-25411,84,A,-0.9523,-48.5,79.5
-55,11,23,18.8633,-25406,51,P,-1.3840,-68.6,140.0
-54,5,19,15.4731,-25400,56,T,0.8709,77.4,-44.6
-54,11,12,18.2325,-25394,61,A,-0.7309,-63.2,-67.7
-53,5,9,8.6844,-25388,66,T,0.1361,24.2,92.5
-53,11,1,19.1872,-25382,71,A,-0.0294,-15.7,-65.4
-52,4,27,22.6994,-25376,76,T,-0.6416,-25.7,-105.4
-52,10,21,3.2358,-25370,81,H,0.6666,30.3,-173.4
-51,3,18,14.8069,-25365,48,P,1.4092,71.9,-77.8
-51,4,17,5.8500,-25364,86,P,-1.4574,-71.2,-161.1
-51,9,11,8.0606,-25359,53,P,-1.3117,-71.6,32.0
-51,10,10,17.4100,-25358,91,P,1.3105,71.6,33.9
-50,3,7,14.7828,-25353,58,A,0.6874,35.2,-6.8
-50,8,31,23.5650,-25347,63,T,-0.6410,-28.7,-139.2
-49,2,24,18.8483,-25341,68,A,-0.0666,-14.1,-51.6
-49,8,21,10.0378,-25335,73,A,0.0935,18.8,77.2
-48,2,14,6.0439,-25329,78,T,-0.7773,-62.7,163.1
-48,8,9,13.4050,-25323,83,A,0.8605,73.2,60.8
-47,1,4,11.6853,-25318,50,P,1.2182,66.9,53.3
-47,2,2,21.6694,-25317,88,P,-1.4308,-69.6,52.2
-47,6,29,23.4683,-25312,55,P,-1.2440,-66.1,-117.6
-47,12,25,1.0481,-25306,60,A,0.5744,11.3,-145.9
-46,6,19,7.7422,-25300,65,T,-0.4244,-1.3,112.2
-46,12,14,7.8378,-25294,70,A,-0.1213,-30.4,106.5
-45,6,8,22.5278,-25288,75,T,0.3449,42.5,-119.5
-45,12,3,7.9881,-25282,80,A,-0.8143,-71.7,63.3
-44,4,29,8.6447,-25277,47,P,-1.4445,-61.7,158.1
-44,5,28,15.8317,-25276,85,P,1.0793,63.4,-154.2
-44,10,22,15.4061,-25271,52,P,1.4815,61.4,61.3
-44,11,21,7.8194,-25270,90,P,-1.4592,-62.9,-28.8
-43,4,18,20.9856,-25265,57,A,-0.7460,-32.7,-65.6
-43,10,12,1.5786,-25259,62,T,0.7217,33.8,-136.4
-42,4,8,2.0178,-25253,67,A,0.0083,6.4,-164.3
-42,10,1,16.8369,-25247,72,T,0.0186,-1.4,-28.5
-41,3,28,2.3056,-25241,77,A,0.7551,42.9,162.3
-41,9,21,8.6114,-25235,82,T,-0.6828,-35.0,71.0
-40,2,15,16.3781,-25230,49,P,-1.3294,-61.7,101.0
-40,3,16,5.2125,-25229,87,P,1.4529,60.8,64.9
-40,8,11,6.9669,-25224,54,P,1.3435,62.1,-114.6
-40,9,9,20.2914,-25223,92,P,-1.4549,-61.0,-158.0
-39,2,4,5.1447,-25218,59,T,-0.5739,-48.5,172.1
-39,7,31,8.8675,-25212,64,A,0.6312,55.1,115.1
-38,1,24,21.1242,-25206,69,T,0.1161,-13.5,-89.5
-38,7,20,9.6297,-25200,74,A,-0.1246,14.8,79.6
-37,1,14,11.6342,-25194,79,H,0.8256,32.3,39.6
-37,7,9,16.1722,-25188,84,H,-0.8758,-37.3,-29.6
-37,12,5,3.0153,-25183,51,P,-1.3899,-67.5,5.5
-36,5,29,22.8958,-25177,56,T,0.9432,84.8,122.3
-36,11,23,2.2525,-25171,61,A,-0.7359,-67.2,176.0
-35,5,19,16.0636,-25165,66,T,0.2106,31.4,-19.5
-35,11,12,3.4317,-25159,71,A,-0.0348,-19.4,170.4
-34,5,9,5.7992,-25153,76,H,-0.5697,-17.7,143.6
-34,11,1,11.7794,-25147,81,H,0.6569,26.1,55.2
-33,3,29,21.6917,-25142,48,P,1.4714,71.8,164.1
-33,4,28,12.5672,-25141,86,P,-1.3870,-70.6,84.1
-33,9,22,16.3764,-25136,53,P,-1.3406,-71.8,-107.5
-33,10,22,2.0569,-25135,91,P,1.2967,71.1,-110.4
-32,3,17,21.8803,-25130,58,A,0.7394,43.1,-118.6
-32,9,11,7.5403,-25124,63,T,-0.6801,-35.3,97.0
-31,3,7,2.4897,-25118,68,A,-0.0252,-7.7,-168.3
-31,8,31,17.4753,-25112,73,A,0.0458,12.3,-36.3
-30,2,24,14.1775,-25106,78,T,-0.7435,-55.7,37.6
-30,8,20,20.3358,-25100,83,A,0.8018,64.0,-53.3
-29,1,15,20.3664,-25095,50,P,1.2300,68.0,-88.8
-29,2,14,6.0725,-25094,88,P,-1.4069,-70.4,-87.3
-29,7,11,6.2175,-25089,55,P,-1.3164,-67.1,129.7
-29,8,9,20.4578,-25088,93,P,1.5170,69.7,64.8
-28,1,5,9.5583,-25083,60,A,0.5827,12.6,84.1
-28,6,29,14.8992,-25077,65,T,-0.4978,-6.2,3.0
-28,12,24,16.0303,-25071,70,A,-0.1161,-30.5,-15.1
-27,6,19,5.9192,-25065,75,T,0.2690,39.2,132.4
-27,12,13,16.0050,-25059,80,A,-0.8087,-74.9,-48.1
-26,5,10,15.9992,-25054,47,P,-1.5186,-62.3,37.9
-26,6,8,23.2169,-25053,85,T,1.0068,64.3,84.7
-26,11,2,23.6953,-25048,52,P,1.4859,61.9,-72.7
-26,12,2,16.0389,-25047,90,P,-1.4526,-63.8,-162.3
-25,4,30,4.0094,-25042,57,A,-0.8220,-36.3,-170.7
-25,10,23,10.1267,-25036,62,T,0.7318,31.2,92.5
-24,4,18,8.7131,-25030,67,A,-0.0667,6.6,95.5
-24,10,12,1.3889,-25024,72,T,0.0373,-4.8,-157.7
-23,4,7,9.0625,-25018,77,A,0.6856,42.5,62.9
-23,10,1,16.9194,-25012,82,T,-0.6597,-37.6,-55.1
-22,2,26,0.2506,-25007,49,P,-1.3595,-61.3,-26.7
-22,3,27,12.4633,-25006,87,P,1.3932,60.7,-53.3
-22,8,22,14.1453,-25001,54,P,1.4020,61.5,128.0
-22,9,21,4.1017,-25000,92,P,-1.4264,-60.9,75.3
-21,2,15,13.4756,-24995,59,T,-0.5991,-45.8,48.5
-21,8,11,15.6256,-24989,64,A,0.6990,55.3,19.8
-20,2,5,5.6425,-24983,69,T,0.0964,-11.8,142.4
-20,7,30,16.4539,-24977,74,A,-0.0529,16.6,-22.4
-19,1,24,20.0733,-24971,79,H,0.8142,32.2,-90.7
-19,7,19,23.3492,-24965,84,H,-0.8030,-30.2,-139.5
-19,12,15,11.1408,-24960,51,P,-1.3965,-66.5,-128.0
-18,6,10,6.3264,-24954,56,P,1.0154,67.1,-49.8
-18,7,9,13.2064,-24953,94,P,-1.4930,-64.5,-0.4
-18,12,4,10.2778,-24948,61,A,-0.7407,-70.2,63.3
-17,5,30,23.4247,-24942,66,T,0.2855,38.2,-130.2
-17,11,23,11.7361,-24936,71,A,-0.0384,-22.5,45.7
-16,5,19,12.8192,-24930,76,H,-0.4948,-10.1,34.6
-16,11,11,20.4058,-24924,81,H,0.6508,22.7,-77.2
-15,4,9,4.4192,-24919,48,P,1.5403,71.6,48.5
-15,5,8,19.1614,-24918,86,P,-1.3108,-69.9,-28.4
-15,10,3,0.8247,-24913,53,P,-1.3627,-71.7,110.8
-15,11,1,10.8053,-24912,91,P,1.2881,70.4,104.3
-14,3,29,4.8025,-24907,58,A,0.8002,52.0,130.3
-14,9,22,15.6578,-24901,63,T,-0.7112,-41.6,-29.0
-13,3,18,9.9928,-24895,68,A,0.0238,-0.8,76.6
-13,9,12,1.0319,-24889,73,A,0.0050,5.9,-151.7
-12,3,6,22.1956,-24883,78,T,-0.7036,-48.4,-86.9
-12,8,31,3.3928,-24877,83,A,0.7495,55.6,-165.2
-11,1,26,4.9592,-24872,50,P,1.2460,69.0,129.8
-11,2,24,14.3533,-24871,88,P,-1.3773,-71.0,134.5
-11,7,21,13.0478,-24866,55,P,-1.3853,-68.1,15.3
-11,8,20,3.4322,-24865,93,P,1.4557,70.6,-53.2
-10,1,15,17.9925,-24860,60,A,0.5941,14.9,-44.8
-10,7,10,22.1308,-24854,65,T,-0.5681,-11.8,-108.0
-9,1,5,0.1450,-24848,70,A,-0.1079,-29.4,-135.6
-9,6,30,13.3761,-24842,75,T,0.1963,35.1,22.4
-9,12,24,23.9969,-24836,80,A,-0.8021,-76.6,-152.8
-8,6,19,6.6117,-24830,85,T,0.9352,82.0,10.9
-8,11,13,8.0611,-24825,52,P,1.4874,62.5,152.0
-8,12,13,0.2711,-24824,90,P,-1.4460,-64.7,63.8
-7,5,10,10.9442,-24819,57,A,-0.9012,-42.4,86.1
-7,11,2,18.7628,-24813,62,T,0.7385,29.0,-40.1
-6,4,29,15.2856,-24807,67,A,-0.1473,6.0,-2.7
-6,10,23,10.0511,-24801,72,T,0.0506,-8.3,71.4
-5,4,18,15.7206,-24795,77,A,0.6104,42.3,-34.4
-5,10,13,1.3269,-24789,82,T,-0.6420,-40.9,177.6
-4,3,8,7.9994,-24784,49,P,-1.3963,-61.0,-152.5
-4,4,6,19.6222,-24783,87,P,1.3277,60.9,-170.1
-4,9,1,21.4511,-24778,54,P,1.4533,61.1,8.9
-4,10,1,12.0294,-24777,92,P,-1.4041,-60.9,-53.1
-3,2,25,21.6608,-24772,59,T,-0.6319,-43.4,-73.5
-3,8,21,22.5231,-24766,64,A,0.7597,54.7,-78.7
-2,2,15,14.0100,-24760,69,T,0.0693,-9.8,16.5
-2,8,10,23.4353,-24754,74,A,0.0118,17.3,-126.5
-1,2,5,4.3556,-24748,79,H,0.7956,32.2,141.9
-1,7,31,6.6717,-24742,84,H,-0.7362,-25.6,108.8
-1,12,26,19.2328,-24737,51,P,-1.4044,-65.4,99.5
0,6,20,13.7589,-24731,56,P,1.0876,66.1,-172.7
0,7,19,20.7364,-24730,94,P,-1.4254,-63.6,-123.8
0,12,14,18.3267,-24725,61,A,-0.7446,-71.8,-46.2
1,6,10,6.7378,-24719,66,T,0.3625,44.4,121.2
1,12,3,20.0939,-24713,71,A,-0.0397,-24.7,-79.2
2,5,30,19.7619,-24707,76,H,-0.4168,-3.1,-72.5
2,11,23,5.1042,-24701,81,H,0.6476,20.0,149.5
3,5,20,1.6917,-24695,86,P,-1.2319,-69.0,-139.3
3,10,14,9.3664,-24690,53,P,-1.3804,-71.4,-32.1
3,11,12,19.6081,-24689,91,P,1.2822,69.6,-41.2
4,4,8,11.6539,-24684,58,A,0.8647,61.7,16.8
4,10,2,23.8736,-24678,63,H,-0.7368,-47.8,-156.3
5,3,28,17.3928,-24672,68,H,0.0789,6.6,-37.2
5,9,22,8.7064,-24666,73,A,-0.0291,-0.4,91.0
6,3,18,6.0861,-24660,78,T,-0.6566,-40.8,150.3
6,9,11,10.6058,-24654,83,A,0.7049,48.0,82.0
7,2,6,13.4000,-24649,50,P,1.2693,69.9,-9.8
7,3,7,22.4817,-24648,88,P,-1.3406,-71.5,-1.9
7,8,1,20.0489,-24643,55,P,-1.4464,-69.1,-102.2
7,8,31,10.5989,-24642,93,P,1.4027,71.2,-174.7
8,1,27,2.2897,-24637,60,A,0.6115,18.2,-172.1
8,7,21,5.4686,-24631,65,T,-0.6339,-18.0,138.8
9,1,15,8.1486,-24625,70,A,-0.0949,-27.2,105.2
9,7,10,20.8858,-24619,75,T,0.1261,30.2,-89.4
10,1,4,7.9086,-24613,80,A,-0.7914,-75.7,106.1
10,6,30,14.0194,-24607,85,T,0.8645,83.1,-11.6
10,11,24,16.5125,-24602,52,P,1.4856,63.3,15.3
10,12,24,8.4925,-24601,90,P,-1.4384,-65.8,-70.4
11,5,21,17.7853,-24596,57,A,-0.9838,-55.4,-10.8
11,11,14,3.4833,-24590,62,T,0.7415,27.0,-174.2
12,5,9,21.7661,-24584,67,A,-0.2319,4.5,-99.6
12,11,2,18.8106,-24578,72,T,0.0590,-11.6,-60.7
13,4,28,22.2717,-24572,77,A,0.5293,41.8,-129.6
13,10,23,9.8453,-24566,82,T,-0.6305,-44.7,48.9
14,3,19,15.6400,-24561,49,P,-1.4389,-60.9,83.4
14,4,18,2.6975,-24560,87,P,1.2571,61.2,74.2
14,9,13,4.8828,-24555,54,P,1.4976,60.8,-112.1
14,10,12,20.0694,-24554,92,P,-1.3880,-61.0,176.9
15,3,9,5.7367,-24549,59,T,-0.6707,-41.3,165.7
15,9,2,5.5753,-24543,64,A,0.8127,53.8,179.0
16,2,26,22.2678,-24537,69,T,0.0369,-7.7,-107.9
16,8,21,6.5592,-24531,74,A,0.0703,16.9,127.1
17,2,15,12.5125,-24525,79,H,0.7717,32.4,16.8
17,8,10,14.1289,-24519,84,H,-0.6750,-22.9,-4.6
18,1,6,3.2183,-24514,51,P,-1.4168,-64.4,-30.9
18,2,4,20.3428,-24513,89,P,1.5494,62.2,-132.7
18,7,1,21.2442,-24508,56,P,1.1572,65.1,64.1
18,7,31,4.3875,-24507,94,P,-1.3632,-62.8,111.3
18,12,26,2.3231,-24502,61,A,-0.7515,-71.7,-153.7
19,6,21,14.0717,-24496,66,T,0.4376,49.7,13.9
19,12,15,4.4400,-24490,71,A,-0.0425,-26.0,156.3
20,6,10,2.6764,-24484,76,H,-0.3383,3.2,-178.4
20,12,3,13.8303,-24478,81,H,0.6453,18.0,15.9
21,5,30,8.1311,-24472,86,P,-1.1487,-68.0,111.8
21,10,24,18.0308,-24467,53,P,-1.3922,-70.9,-176.5
21,11,23,4.4783,-24466,91,P,1.2797,68.6,172.9
22,4,19,18.3781,-24461,58,A,0.9361,72.1,-108.8
22,10,14,8.2147,-24455,63,H,-0.7556,-53.6,75.1
23,4,9,0.6858,-24449,68,H,0.1404,14.2,-149.4
23,10,3,16.5172,-24443,73,A,-0.0558,-6.3,-28.2
24,3,28,13.8719,-24437,78,T,-0.6039,-33.0,29.0
24,9,21,17.9519,-24431,83,A,0.6669,40.9,-32.2
25,2,16,21.7336,-24426,50,P,1.2974,70.7,-148.5
25,3,18,6.4942,-24425,88,P,-1.2985,-71.7,-136.8
25,8,12,3.1789,-24420,55,P,-1.5017,-69.9,137.9
25,9,10,17.9261,-24419,93,P,1.3567,71.7,60.9
26,2,6,10.4489,-24414,60,A,0.6348,22.5,62.4
26,8,1,12.9292,-24408,65,T,-0.6941,-24.7,22.9
27,1,26,16.0372,-24402,70,A,-0.0771,-23.8,-13.0
27,7,22,4.4853,-24396,75,T,0.0603,24.8,156.5
28,1,15,15.7419,-24390,80,A,-0.7769,-72.5,0.9
28,7,10,21.4814,-24384,85,T,0.7971,75.9,-95.4
28,12,5,0.9886,-24379,52,P,1.4833,64.1,-122.1
29,1,3,16.6667,-24378,90,P,-1.4276,-66.9,155.7
29,6,1,0.5611,-24373,57,P,-1.0684,-63.7,-111.2
29,11,24,12.2558,-24367,62,T,0.7424,25.5,50.8
30,5,21,4.1825,-24361,67,A,-0.3188,2.0,164.1
30,11,14,3.6239,-24355,72,T,0.0644,-14.6,166.6
31,5,10,4.7808,-24349,77,A,0.4456,41.0,136.1
31,11,3,18.4458,-24343,82,T,-0.6241,-48.8,-80.4
32,3,29,23.1669,-24338,49,P,-1.4877,-61.0,-39.0
32,4,28,9.7028,-24337,87,P,1.1818,61.6,-40.4
32,9,23,12.4428,-24332,54,P,1.5349,60.7,125.2
32,10,23,4.2078,-24331,92,P,-1.3773,-61.4,45.3
33,3,19,13.6711,-24326,59,T,-0.7168,-40.1,46.9
33,9,12,12.7917,-24320,64,A,0.8576,52.8,72.9
34,3,9,6.3456,-24314,69,T,-0.0045,-5.6,130.6
34,9,1,13.8717,-24308,74,A,0.1203,15.5,17.6
35,2,26,20.4983,-24302,79,H,0.7398,32.8,-105.0
35,8,21,21.7306,-24296,84,H,-0.6201,-21.7,-119.8
36,1,17,11.1142,-24291,51,P,-1.4329,-63.4,-159.7
36,2,16,4.0608,-24290,89,P,1.5240,61.7,101.8
36,7,12,4.7756,-24285,56,P,1.2245,64.2,-59.5
36,8,10,12.1403,-24284,94,P,-1.3057,-62.2,-15.0
37,1,5,10.2839,-24279,61,A,-0.7602,-70.1,97.6
37,7,1,21.3900,-24273,66,T,0.5128,54.1,-91.2
37,12,25,12.7931,-24267,71,A,-0.0458,-26.4,31.9
38,6,21,9.5711,-24261,76,H,-0.2595,8.7,76.8
38,12,14,22.5611,-24255,81,H,0.6427,16.7,-117.8
39,6,10,14.5717,-24249,86,P,-1.0656,-67.0,3.3
39,11,5,2.7719,-24244,53,P,-1.4007,-70.2,38.5
39,12,4,13.3703,-24243,91,P,1.2781,67.5,27.3
40,4,30,1.0547,-24238,58,A,1.0100,70.5,70.2
40,10,24,16.6325,-24232,63,A,-0.7699,-59.2,-53.7
41,4,19,7.9128,-24226,68,H,0.2062,22.0,99.5
41,10,14,0.4336,-24220,73,A,-0.0762,-11.8,-148.6
42,4,8,21.5414,-24214,78,T,-0.5449,-25.1,-90.4
42,10,3,1.4575,-24208,83,A,0.6369,34.6,-148.4
43,2,28,5.9075,-24203,50,P,1.3329,71.3,74.7
43,3,29,14.3731,-24202,88,P,-1.2502,-71.7,90.2
43,8,23,10.4806,-24197,55,P,-1.5493,-70.6,14.7
43,9,22,1.4203,-24196,93,P,1.3181,71.9,-66.4
44,2,17,18.4461,-24191,60,A,0.6653,27.9,-61.2
44,8,11,20.5325,-24185,65,T,-0.7477,-31.5,-95.8
45,2,5,23.7581,-24179,70,A,-0.0514,-19.2,-129.3
45,8,1,12.1750,-24173,75,T,-0.0011,18.9,40.2
46,1,25,23.4544,-24167,80,A,-0.7561,-67.6,-109.2
46,7,22,5.0089,-24161,85,T,0.7334,68.1,158.1
46,12,16,9.4786,-24156,52,P,1.4810,65.1,100.0
47,1,15,0.7692,-24155,90,P,-1.4127,-68.0,22.4
47,6,12,7.3061,-24150,57,P,-1.1530,-64.6,137.2
47,7,11,18.3469,-24149,95,P,1.5350,67.2,123.1
47,12,5,21.0761,-24144,62,T,0.7414,24.4,-84.8
48,5,31,10.5353,-24138,67,A,-0.4085,-1.6,68.4
48,11,24,12.5025,-24132,72,T,0.0667,-17.1,33.2
49,5,20,11.2403,-24126,77,A,0.3588,39.4,42.6
49,11,14,3.1158,-24120,82,H,-0.6212,-52.8,150.3
50,5,9,16.6631,-24114,87,P,1.1028,62.1,-154.6
50,11,3,12.4311,-24108,92,P,-1.3712,-61.9,-87.6
51,3,30,21.5186,-24103,59,T,-0.7681,-39.8,-70.7
51,9,23,20.1403,-24097,64,A,0.8962,52.2,-36.3
52,3,19,14.3219,-24091,69,T,-0.0509,-3.7,10.6
52,9,11,21.3433,-24085,74,A,0.1634,13.4,-94.6
53,3,9,4.3222,-24079,79,H,0.7006,33.4,136.3
53,9,1,5.4939,-24073,84,H,-0.5723,-21.8,122.6
54,1,27,18.8661,-24068,51,P,-1.4557,-62.6,74.0
54,2,26,11.5931,-24067,89,P,1.4903,61.2,-20.8
54,7,23,12.4072,-24062,56,P,1.2871,63.4,175.7
54,8,21,20.0422,-24061,94,P,-1.2550,-61.6,-143.2
55,1,16,18.1289,-24056,61,A,-0.7752,-67.7,-12.1
55,7,13,4.7842,-24050,66,T,0.5837,57.0,164.2
56,1,5,21.0914,-24044,71,A,-0.0529,-26.1,-91.7
56,7,1,16.4661,-24038,76,A,-0.1816,13.2,-27.3
56,12,25,7.2758,-24032,81,T,0.6386,15.9,108.9
57,6,20,20.9881,-24026,86,A,-0.9809,-55.8,-101.3
57,11,15,11.5886,-24021,53,P,-1.4055,-69.3,-107.1
57,12,14,22.2592,-24020,91,P,1.2766,66.5,-117.6
58,5,11,7.6544,-24015,58,P,1.0882,69.7,-42.0
58,11,5,1.1519,-24009,63,A,-0.7787,-64.3,177.8
59,4,30,15.0761,-24003,68,T,0.2762,29.8,-10.2
59,10,25,8.4472,-23997,73,A,-0.0913,-16.8,90.0
60,4,19,5.1367,-23991,78,T,-0.4815,-17.3,151.7
60,10,13,9.0975,-23985,83,A,0.6134,28.9,93.7
61,3,10,13.9400,-23980,50,P,1.3751,71.7,-60.3
61,4,8,22.1256,-23979,88,P,-1.1958,-71.5,-40.7
61,10,2,9.0911,-23973,93,P,1.2870,71.9,163.5
62,2,28,2.2908,-23968,60,A,0.7028,34.1,176.9
62,8,23,4.2839,-23962,65,T,-0.7950,-38.5,142.5
63,2,17,7.3306,-23956,70,A,-0.0188,-13.8,115.9
63,8,12,19.9928,-23950,75,T,-0.0563,12.8,-78.6
64,2,6,7.0653,-23944,80,A,-0.7300,-61.7,137.8
64,8,1,12.6036,-23938,85,T,0.6735,60.5,45.5
64,12,26,17.9497,-23933,52,P,1.4805,66.1,-38.1
65,1,25,8.7917,-23932,90,P,-1.3930,-69.0,-110.4
65,6,22,14.0367,-23927,57,P,-1.2369,-65.5,25.5
65,7,22,1.4861,-23926,95,P,1.4729,68.2,4.2
65,12,16,5.8756,-23921,62,T,0.7420,24.1,139.9
66,6,11,16.8853,-23915,67,A,-0.4979,-6.3,-27.9
66,12,5,21.3858,-23909,72,T,0.0684,-18.8,-100.0
67,5,31,17.7061,-23903,77,A,0.2714,37.0,-51.4
67,11,25,11.8011,-23897,82,H,-0.6200,-56.5,22.2
68,5,19,23.6058,-23891,87,P,1.0218,62.8,91.4
68,11,13,20.7153,-23885,92,P,-1.3687,-62.5,138.4
69,4,10,5.2214,-23880,59,T,-0.8268,-41.0,174.1
69,10,4,3.6664,-23874,64,A,0.9260,51.9,-149.6
70,3,30,22.1331,-23868,69,T,-0.1051,-2.1,-106.9
70,9,23,5.0019,-23862,74,A,0.1978,10.8,150.0
71,3,20,11.9800,-23856,79,H,0.6541,34.1,20.8
71,9,12,13.4261,-23850,84,H,-0.5324,-23.1,2.5
72,2,8,2.5014,-23845,51,P,-1.4835,-62.0,-50.2
72,3,8,18.9736,-23844,89,P,1.4497,60.9,-140.9
72,8,2,20.1028,-23839,56,P,1.3464,62.6,50.2
72,9,1,4.0558,-23838,94,P,-1.2096,-61.2,87.0
73,1,27,1.9081,-23833,61,A,-0.7938,-64.7,-123.8
73,7,23,12.2133,-23827,66,T,0.6522,58.6,60.1
74,1,16,5.3286,-23821,71,A,-0.0638,-25.0,145.5
74,7,12,23.3994,-23815,76,A,-0.1064,16.7,-131.3
75,1,5,15.9506,-23809,81,T,0.6317,15.6,-23.7
75,7,2,3.4464,-23803,86,A,-0.8984,-40.1,158.7
75,11,26,20.4236,-23798,53,P,-1.4094,-68.3,107.8
75,12,26,7.1131,-23797,91,P,1.2734,65.4,98.4
76,5,21,14.2633,-23792,58,P,1.1664,68.8,-153.8
76,11,15,9.7122,-23786,63,A,-0.7848,-68.9,51.4
77,5,10,22.1936,-23780,68,T,0.3493,37.5,-118.6
77,11,4,16.5442,-23774,73,A,-0.1015,-21.1,-32.2
78,4,30,12.6586,-23768,78,T,-0.4136,-9.7,35.2
78,10,24,16.8578,-23762,83,A,0.5957,24.0,-25.8
79,3,21,21.8186,-23757,50,P,1.4245,71.8,166.7
79,4,20,5.7772,-23756,88,P,-1.1365,-71.0,-169.8
79,10,13,16.9258,-23750,93,P,1.2629,71.6,31.2
80,3,10,9.9567,-23745,60,A,0.7482,41.4,56.7
80,9,2,12.1839,-23739,65,T,-0.8355,-45.5,17.7
81,2,27,14.7256,-23733,70,A,0.0220,-7.6,3.1
81,8,23,3.9331,-23727,75,T,-0.1052,6.6,160.4
82,2,16,14.5069,-23721,80,A,-0.6954,-55.0,24.7
82,8,12,20.3044,-23715,85,T,0.6196,53.0,-70.7
83,1,7,2.3842,-23710,52,P,1.4820,67.2,-176.0
83,2,5,16.7142,-23709,90,P,-1.3681,-69.9,117.8
83,7,3,20.7750,-23704,57,P,-1.3191,-66.5,-86.7
83,8,2,8.6881,-23703,95,P,1.4145,69.2,-116.2
83,12,27,14.6658,-23698,62,T,0.7435,24.5,4.7
84,6,21,23.2347,-23692,67,A,-0.5867,-12.1,-124.9
84,12,16,6.2767,-23686,72,T,0.0699,-19.7,126.9
85,6,11,0.1664,-23680,77,A,0.1828,33.6,-145.9
85,12,5,20.5156,-23674,82,H,-0.6207,-59.5,-104.5
86,5,31,6.5631,-23668,87,H,0.9401,75.5,24.1
86,11,25,5.0222,-23662,92,P,-1.3680,-63.3,3.8
87,4,21,12.8686,-23657,59,T,-0.8888,-44.1,60.2
87,10,15,11.3244,-23651,64,A,0.9493,52.2,94.1
88,4,10,5.8453,-23645,69,T,-0.1642,-1.0,137.2
88,10,3,12.8128,-23639,74,A,0.2256,7.8,32.0
89,3,30,19.4883,-23633,79,H,0.6008,35.0,-91.8
89,9,22,21.5211,-23627,84,H,-0.4994,-25.2,-119.9
90,2,18,9.9444,-23622,51,P,-1.5202,-61.4,-171.5
90,3,20,2.1553,-23621,89,P,1.3998,60.8,101.9
90,8,14,3.9361,-23616,56,P,1.3992,62.0,-77.1
90,9,12,12.2336,-23615,94,P,-1.1718,-60.9,-45.1
91,2,7,9.5453,-23610,61,A,-0.8201,-61.9,125.2
91,8,3,19.7350,-23604,66,T,0.7154,58.9,-45.5
92,1,27,13.4689,-23598,71,A,-0.0807,-23.4,24.0
92,7,23,6.3867,-23592,76,A,-0.0345,19.0,124.4
93,1,16,0.5422,-23586,81,T,0.6202,15.7,-155.0
93,7,12,9.9378,-23580,86,A,-0.8175,-31.2,58.8
93,12,7,5.2925,-23575,53,P,-1.4120,-67.2,-37.3
94,1,5,15.9172,-23574,91,P,1.2679,64.4,-44.3
94,6,1,20.8589,-23569,58,P,1.2458,67.8,95.1
94,7,1,10.4600,-23568,96,P,-1.5566,-65.1,42.5
94,11,26,18.3111,-23563,63,A,-0.7886,-72.8,-71.4
95,5,22,5.2983,-23557,68,T,0.4242,45.0,134.3
95,11,16,0.7175,-23551,73,A,-0.1075,-24.8,-154.9
96,5,10,20.1172,-23545,78,T,-0.3421,-2.3,-79.8
96,11,4,0.7333,-23539,83,A,0.5836,19.8,-146.7
97,4,1,5.5647,-23534,50,P,1.4800,71.7,35.7
97,4,30,13.3303,-23533,88,P,-1.0723,-70.4,63.1
97,10,24,0.9031,-23527,93,P,1.2450,71.0,-103.0
98,3,21,17.4583,-23522,60,A,0.8008,49.6,-62.4
98,9,13,20.2422,-23516,65,T,-0.8688,-52.3,-110.3
99,3,10,21.9764,-23510,70,A,0.0692,-0.8,-108.0
99,9,3,11.9875,-23504,75,T,-0.1483,0.3,37.3
100,2,27,21.8361,-23498,80,A,-0.6548,-47.8,-88.1
100,8,23,4.1042,-23492,85,T,0.5713,45.8,170.6
101,1,17,10.7358,-23487,52,P,1.4885,68.2,46.7
101,2,16,0.5092,-23486,90,P,-1.3358,-70.7,-12.8
101,7,14,3.5503,-23481,57,P,-1.3982,-67.5,160.1
101,8,12,15.9825,-23480,95,P,1.3610,70.0,121.4
102,1,6,23.3867,-23475,62,T,0.7490,25.9,-129.5
102,7,3,5.6481,-23469,67,A,-0.6720,-18.9,136.3
102,12,27,15.1044,-23463,72,T,0.0743,-19.4,-5.3
103,6,22,6.7025,-23457,77,A,0.0971,29.4,117.6
103,12,17,5.2039,-23451,82,H,-0.6209,-61.5,131.0
104,6,10,13.5289,-23445,87,H,0.8576,77.6,-34.9
104,12,5,13.3483,-23439,92,P,-1.3687,-64.2,-131.3
105,5,1,20.4122,-23434,59,T,-0.9559,-50.7,-49.6
105,10,25,19.1322,-23428,64,A,0.9657,53.0,-25.8
106,4,21,13.4175,-23422,69,T,-0.2300,-0.7,23.5
106,10,14,20.8025,-23416,74,A,0.2454,4.7,-88.9
107,4,11,2.8533,-23410,79,H,0.5410,35.8,158.6
107,10,4,5.7572,-23404,84,H,-0.4727,-28.1,115.6
108,2,29,17.2611,-23399,51,P,-1.5625,-61.1,69.3
108,3,30,9.2025,-23398,89,P,1.3438,60.8,-13.2
108,8,24,11.8697,-23393,56,P,1.4473,61.5,154.2
108,9,22,20.5392,-23392,94,P,-1.1403,-60.8,-179.1
109,2,17,17.0669,-23387,61,A,-0.8523,-59.5,15.2
109,8,14,3.3369,-23381,66,T,0.7739,58.4,-153.2
110,2,6,21.5181,-23375,71,A,-0.1029,-21.4,-96.4
110,8,3,13.4589,-23369,76,A,0.0323,20.1,19.1
111,1,27,9.0508,-23363,81,T,0.6041,16.3,75.2
111,7,23,16.5319,-23357,86,A,-0.7415,-25.2,-42.0
111,12,18,14.1394,-23352,53,P,-1.4157,-66.1,178.5
112,1,17,0.6469,-23351,91,P,1.2589,63.5,174.4
112,6,12,3.4842,-23346,58,P,1.3243,66.8,-15.8
112,7,11,17.0072,-23345,96,P,-1.4751,-64.2,-66.3
112,12,7,2.9092,-23340,63,A,-0.7919,-75.5,171.7
113,6,1,12.4083,-23334,68,T,0.5000,52.1,28.7
113,11,26,8.9078,-23328,73,A,-0.1122,-27.6,82.7
114,5,22,3.5453,-23322,78,T,-0.2684,4.6,166.2
114,11,15,8.6842,-23316,83,A,0.5746,16.3,91.5
115,5,11,20.8150,-23310,88,T,-1.0051,-69.6,-62.5
115,11,4,8.9897,-23304,93,P,1.2315,70.3,121.8
116,4,1,0.7967,-23299,60,A,0.8606,58.9,177.9
116,9,24,4.4578,-23293,65,T,-0.8950,-58.6,118.2
117,3,21,5.0206,-23287,70,A,0.1263,6.6,143.6
117,9,13,20.1922,-23281,75,T,-0.1840,-5.9,-88.0
118,3,10,4.9986,-23275,80,A,-0.6055,-40.1,160.9
118,9,3,12.0303,-23269,85,T,0.5298,38.9,49.5
119,1,28,19.0039,-23264,52,P,1.4998,69.2,-89.9
119,2,27,8.1903,-23263,90,P,-1.2970,-71.4,-142.2
119,7,25,10.3928,-23258,57,P,-1.4729,-68.5,45.4
119,8,23,23.3853,-23257,95,P,1.3133,70.8,-3.2
120,1,18,8.0594,-23252,62,T,0.7574,28.2,96.9
120,7,13,12.0936,-23246,67,A,-0.7554,-26.9,36.0
121,1,6,23.9019,-23240,72,T,0.0802,-18.2,-137.0
121,7,2,13.2933,-23234,77,A,0.0136,24.3,19.4
121,12,27,13.8483,-23228,82,H,-0.6196,-62.0,8.3
122,6,21,20.5631,-23222,87,T,0.7773,74.0,-109.2
122,12,16,21.6497,-23216,92,P,-1.3693,-65.2,93.6
123,5,13,3.9289,-23211,59,P,-1.0248,-62.4,-149.9
123,6,11,10.6703,-23210,97,P,1.4766,64.6,-96.4
123,11,6,3.0222,-23205,64,A,0.9783,54.4,-147.6
124,5,1,20.9192,-23199,69,T,-0.2990,-1.1,-89.2
124,10,25,4.9178,-23193,74,A,0.2599,1.6,148.3
125,4,21,10.0669,-23187,79,H,0.4745,36.3,51.8
125,10,14,14.1481,-23181,84,H,-0.4532,-31.5,-10.9
126,4,10,16.0783,-23175,89,P,1.2800,61.0,-125.8
126,9,4,19.9481,-23170,56,P,1.4882,61.2,23.5
126,10,4,4.9844,-23169,94,P,-1.1156,-60.8,44.8
127,3,1,0.4322,-23164,61,A,-0.8926,-58.1,-92.1
127,8,25,11.0647,-23158,66,T,0.8252,57.2,95.5
128,2,18,5.4447,-23152,71,A,-0.1321,-19.2,144.8
128,8,13,20.6083,-23146,76,A,0.0943,20.3,-87.4
129,2,6,17.4503,-23140,81,T,0.5820,17.1,-52.8
129,8,2,23.2103,-23134,86,A,-0.6694,-21.2,-143.6
129,12,28,22.9444,-23129,53,P,-1.4215,-65.1,35.5
130,1,27,9.2658,-23128,91,P,1.2446,62.7,35.1
130,6,23,10.1586,-23123,58,P,1.4009,65.8,-127.1
130,7,22,23.6703,-23122,96,P,-1.3977,-63.3,-176.5
130,12,18,11.4986,-23117,63,A,-0.7953,-76.2,59.4
131,6,12,19.5367,-23111,68,T,0.5756,58.6,-74.8
131,12,7,17.1136,-23105,73,A,-0.1155,-29.6,-39.4
132,6,1,10.9544,-23099,78,T,-0.1932,10.9,53.3
132,11,25,16.7006,-23093,83,A,0.5691,13.6,-31.1
133,5,22,4.2264,-23087,88,T,-0.9345,-48.9,163.6
133,11,14,17.1861,-23081,93,P,1.2227,69.4,-14.4
134,4,12,7.9956,-23076,60,A,0.9262,69.0,50.7
134,10,5,12.8053,-23070,65,T,-0.9153,-64.5,-16.5
135,4,1,11.9433,-23064,70,A,0.1888,14.3,36.9
135,9,25,4.5225,-23058,75,T,-0.2133,-11.9,144.9
136,3,20,12.0431,-23052,80,A,-0.5499,-32.2,51.3
136,9,13,20.0653,-23046,85,T,0.4944,32.4,-73.4
137,2,8,3.1661,-23041,52,P,1.5167,70.1,134.5
137,3,9,15.7475,-23040,90,P,-1.2511,-71.8,89.9
137,8,4,17.3244,-23035,57,P,-1.5418,-69.5,-71.2
137,9,3,6.9092,-23034,95,P,1.2722,71.4,-130.2
138,1,28,16.6058,-23029,62,T,0.7723,31.7,-35.2
138,7,24,18.6661,-23023,67,A,-0.8320,-35.7,-67.5
139,1,18,8.5967,-23017,72,T,0.0906,-15.8,92.4
139,7,13,19.9892,-23011,77,A,-0.0655,18.7,-81.3
140,1,7,22.4119,-23005,82,A,-0.6151,-60.9,-113.5
140,7,2,3.6614,-22999,87,T,0.6994,68.0,159.3
140,12,27,5.8989,-22993,92,P,-1.3677,-66.2,-41.1
141,5,23,11.3714,-22988,59,P,-1.0973,-63.2,88.5
141,6,21,18.0486,-22987,97,P,1.4015,65.6,142.2
141,11,16,11.0275,-22982,64,A,0.9854,55.9,87.2
142,5,13,4.3242,-22976,69,T,-0.3722,-2.5,159.4
142,11,5,13.1597,-22970,74,A,0.2688,-1.3,23.5
143,5,2,17.1744,-22964,79,H,0.4035,36.4,-52.7
143,10,25,22.6686,-22958,84,H,-0.4397,-35.1,-139.1
144,4,20,22.8186,-22952,89,P,1.2098,61.3,123.6
144,9,15,4.1361,-22947,56,P,1.5239,61.0,-108.8
144,10,14,13.5497,-22946,94,P,-1.0968,-61.1,-93.1
145,3,11,7.6861,-22941,61,A,-0.9387,-57.9,164.2
145,9,4,18.8969,-22935,66,T,0.8709,56.1,-18.7
146,2,28,13.2564,-22929,71,A,-0.1681,-17.0,27.6
146,8,25,3.8783,-22923,76,A,0.1497,19.4,164.1
147,2,18,1.7508,-22917,81,T,0.5541,18.2,-179.0
147,8,14,6.0028,-22911,86,A,-0.6027,-18.8,113.5
148,1,9,7.6794,-22906,53,P,-1.4308,-64.1,-106.1
148,2,7,17.7819,-22905,91,P,1.2255,62.0,-102.4
148,7,3,16.9186,-22900,58,P,1.4741,64.9,120.8
148,8,2,6.4617,-22899,96,P,-1.3252,-62.5,71.7
148,12,28,20.0142,-22894,63,A,-0.8017,-75.1,-52.5
149,6,23,2.7144,-22888,68,T,0.6495,64.1,-175.6
149,12,18,1.2811,-22882,73,A,-0.1204,-30.7,-160.7
150,6,12,18.3842,-22876,78,T,-0.1187,16.5,-59.3
150,12,7,0.7169,-22870,83,A,0.5630,11.6,-153.6
151,6,2,11.6164,-22864,88,T,-0.8630,-37.8,45.5
151,11,26,1.4508,-22858,93,P,1.2161,68.3,-151.0
152,4,22,15.0325,-22853,60,A,0.9989,71.0,-136.2
152,10,15,21.3019,-22847,65,T,-0.9291,-69.7,-154.7
153,4,11,18.6889,-22841,70,A,0.2599,22.5,-67.2
153,10,5,12.9964,-22835,75,T,-0.2355,-17.6,15.9
154,3,31,18.9356,-22829,80,A,-0.4860,-24.0,-56.0
154,9,25,4.2397,-22823,85,T,0.4664,26.2,161.4
155,2,19,11.2328,-22818,52,P,1.5389,70.8,-0.2
155,3,20,23.2050,-22817,90,P,-1.1993,-71.9,-36.8
155,9,14,14.5369,-22811,95,P,1.2368,71.7,100.8
156,2,9,1.0778,-22806,62,T,0.7914,36.0,-166.6
156,8,4,1.3242,-22800,67,A,-0.9040,-46.1,-174.5
157,1,28,17.1975,-22794,72,T,0.1059,-12.4,-37.2
157,7,24,2.7931,-22788,77,A,-0.1401,12.6,175.5
158,1,18,6.8872,-22782,82,A,-0.6069,-58.2,124.6
158,7,13,10.8686,-22776,87,T,0.6255,61.3,57.9
159,1,7,14.0556,-22770,92,P,-1.3623,-67.3,-174.9
159,6,3,18.8281,-22765,59,P,-1.1694,-64.0,-33.6
159,7,3,1.5044,-22764,97,P,1.3295,66.5,19.3
159,11,27,19.0731,-22759,64,A,0.9908,58.0,-39.4
160,5,23,11.6675,-22753,69,T,-0.4481,-5.0,48.6
160,11,15,21.4894,-22747,74,A,0.2741,-3.9,-102.5
161,5,13,0.1700,-22741,79,H,0.3280,35.8,-155.3
161,11,5,7.2872,-22735,84,T,-0.4303,-38.8,91.9
162,5,2,5.4333,-22729,89,P,1.1337,61.8,14.9
162,10,25,22.2311,-22723,94,P,-1.0839,-61.5,127.2
163,3,22,14.8039,-22718,61,A,-0.9922,-60.3,75.0
163,9,16,2.8444,-22712,66,H,0.9101,55.3,-135.8
164,3,10,20.9467,-22706,71,H,-0.2112,-14.9,-88.0
164,9,4,11.2614,-22700,76,A,0.1987,17.8,53.6
165,2,28,9.9025,-22694,81,T,0.5184,19.4,57.5
165,8,24,12.9328,-22688,86,A,-0.5429,-17.9,8.7
166,1,19,16.3258,-22683,53,P,-1.4443,-63.3,114.0
166,2,18,2.1639,-22682,91,P,1.2001,61.5,122.2
166,7,14,23.7783,-22677,58,P,1.5428,64.0,7.4
166,8,13,13.4028,-22676,96,P,-1.2589,-61.9,-42.2
167,1,9,4.4561,-22671,63,A,-0.8110,-72.5,-168.1
167,7,4,9.9644,-22665,68,T,0.7207,68.2,87.0
167,12,29,9.4169,-22659,73,A,-0.1262,-30.8,78.7
168,6,23,1.8147,-22653,78,T,-0.0441,21.3,-171.0
168,12,17,8.7550,-22647,83,A,0.5579,10.3,83.7
169,6,12,18.9819,-22641,88,T,-0.7904,-29.2,-69.8
169,12,6,9.7522,-22635,93,P,1.2106,67.2,72.6
170,5,3,21.9686,-22630,60,P,1.0752,70.2,106.1
170,10,27,5.9081,-22624,65,T,-0.9382,-74.4,63.7
171,4,23,1.3425,-22618,70,A,0.3349,30.9,-169.7
171,10,16,21.5619,-22612,75,T,-0.2529,-22.9,-114.1
172,4,11,1.7414,-22606,80,A,-0.4172,-15.8,-162.0
172,10,5,12.5242,-22600,85,T,0.4449,20.6,34.7
173,3,31,6.5297,-22594,90,P,-1.1400,-71.9,-161.5
173,9,24,22.3039,-22588,95,P,1.2090,71.9,-30.6
174,2,19,9.3997,-22583,62,T,0.8182,41.4,63.4
174,8,15,8.1392,-22577,67,A,-0.9681,-58.7,70.7
175,2,9,1.6572,-22571,72,T,0.1278,-8.0,-165.3
175,8,4,9.7497,-22565,77,A,-0.2079,6.2,69.4
176,1,29,15.2303,-22559,82,A,-0.5930,-54.1,2.3
176,7,23,18.1608,-22553,87,T,0.5550,54.2,-48.8
177,1,17,22.1122,-22547,92,P,-1.3529,-68.4,52.2
177,6,14,2.2578,-22542,59,P,-1.2424,-64.9,-155.6
177,7,13,9.0131,-22541,97,P,1.2600,67.5,-104.9
177,12,8,3.1569,-22536,64,A,0.9944,60.5,-167.5
178,6,3,18.9600,-22530,69,T,-0.5255,-8.6,-61.9
178,11,27,5.8989,-22524,74,A,0.2758,-5.9,130.5
179,5,24,7.0858,-22518,79,H,0.2493,34.4,103.3
179,11,16,15.9886,-22512,84,T,-0.4248,-42.3,-37.6
180,5,12,11.9583,-22506,89,P,1.0536,62.4,-92.7
180,11,5,7.0019,-22500,94,P,-1.0755,-62.0,-14.0
181,4,1,21.7997,-22495,61,P,-1.0519,-60.8,-27.5
181,9,26,10.9119,-22489,66,A,0.9426,55.1,104.4
182,3,22,4.5350,-22483,71,H,-0.2602,-13.1,158.0
182,9,15,18.7622,-22477,76,A,0.2409,15.6,-59.1
183,3,11,17.9528,-22471,81,T,0.4771,20.9,-64.2
183,9,4,20.0089,-22465,86,A,-0.4903,-18.2,-98.2
184,1,31,0.8564,-22460,53,P,-1.4631,-62.5,-23.9
184,2,29,10.4125,-22459,91,P,1.1684,61.1,-11.0
184,8,23,20.4950,-22453,96,P,-1.1989,-61.3,-158.2
185,1,19,12.7817,-22448,63,A,-0.8256,-69.3,73.9
185,7,14,17.3108,-22442,68,T,0.7879,70.2,-7.9
186,1,8,17.4350,-22436,73,A,-0.1376,-30.3,-40.2
186,7,4,9.3150,-22430,78,T,0.0275,25.0,77.0
186,12,28,16.7425,-22424,83,A,0.5496,9.6,-38.1
187,6,24,2.3492,-22418,88,T,-0.7183,-22.2,176.2
187,12,17,18.0653,-22412,93,P,1.2047,66.1,-63.5
188,5,14,4.7858,-22407,60,P,1.1564,69.3,-9.2
188,6,12,15.7611,-22406,98,P,-1.5291,-66.7,-23.7
188,11,6,14.6253,-22401,65,T,-0.9423,-78.4,-80.9
189,5,3,7.8431,-22395,70,A,0.4170,39.5,90.5
189,10,27,6.2578,-22389,75,T,-0.2636,-27.7,114.7
190,4,22,8.4386,-22383,80,A,-0.3424,-7.7,94.0
190,10,16,20.9161,-22377,85,H,0.4293,15.6,-93.5
191,4,11,13.7789,-22371,90,P,-1.0759,-71.5,75.1
191,10,6,6.1828,-22365,95,P,1.1871,71.7,-163.6
192,3,1,17.6189,-22360,62,T,0.8505,47.8,-66.2
192,8,25,15.0683,-22354,67,P,-1.0264,-71.1,-64.5
193,2,19,10.0031,-22348,72,T,0.1552,-2.8,67.9
193,8,14,16.8489,-22342,77,A,-0.2692,-0.4,-39.4
194,2,8,23.4339,-22336,82,A,-0.5730,-49.0,-119.9
194,8,4,1.6022,-22330,87,T,0.4912,47.0,-159.9
195,1,29,6.0436,-22324,92,P,-1.3383,-69.4,-79.3
195,6,25,9.7233,-22319,59,P,-1.3136,-65.9,81.5
195,7,24,16.6111,-22318,97,P,1.1945,68.5,129.1
195,12,19,11.2236,-22313,64,A,0.9991,65.4,64.8
196,6,14,2.2394,-22307,69,T,-0.6028,-13.3,-172.8
196,12,7,14.3272,-22301,74,A,0.2776,-7.2,3.3
197,6,3,13.9364,-22295,79,A,0.1683,31.9,2.7
197,11,27,0.7411,-22289,84,T,-0.4213,-45.2,-167.0
198,5,23,18.4161,-22283,89,A,0.9702,71.7,-172.1
198,11,16,15.8269,-22277,94,P,-1.0699,-62.7,-156.2
199,4,13,4.6944,-22272,61,P,-1.1170,-61.1,-140.3
199,10,7,19.1028,-22266,66,A,0.9683,55.8,-17.8
200,4,1,11.9939,-22260,71,H,-0.3166,-11.8,45.9
200,9,26,2.3961,-22254,76,A,0.2758,13.0,-174.1
201,3,22,1.8614,-22248,81,T,0.4284,22.3,176.7
201,9,15,3.2444,-22242,86,A,-0.4453,-19.6,152.6
202,2,10,9.2519,-22237,53,P,-1.4884,-61.9,-159.6
202,3,11,18.5147,-22236,91,P,1.1299,60.9,-142.0
202,9,4,3.7728,-22230,96,P,-1.1469,-61.0,83.2
203,1,30,20.9994,-22225,63,A,-0.8449,-66.0,-45.4
203,7,26,0.7436,-22219,68,T,0.8516,70.3,-102.6
204,1,20,1.3753,-22213,73,A,-0.1522,-29.0,-158.2
204,7,14,16.8631,-22207,78,T,0.0968,27.6,-35.2
205,1,8,0.6753,-22201,83,A,0.5386,9.4,-159.0
205,7,4,9.7378,-22195,88,T,-0.6478,-16.7,62.7
205,12,28,2.3575,-22189,93,P,1.1971,65.1,161.2
206,5,25,11.5458,-22184,60,P,1.2389,68.4,-123.1
206,6,23,22.7472,-22183,98,P,-1.4594,-65.7,-139.8
206,11,17,23.3886,-22178,65,T,-0.9446,-82.0,128.4
207,5,14,14.2981,-22172,70,A,0.5008,48.1,-7.7
207,11,7,15.0192,-22166,75,T,-0.2711,-31.9,-16.8
208,5,2,15.0536,-22160,80,A,-0.2628,0.4,-8.4
208,10,27,5.3986,-22154,85,H,0.4189,11.2,137.1
209,4,21,20.9314,-22148,90,P,-1.0056,-71.0,-46.4
209,10,16,14.1742,-22142,95,P,1.1714,71.3,61.8
210,3,13,1.6800,-22137,62,T,0.8909,55.5,164.2
210,9,5,22.1844,-22131,67,P,-1.0756,-71.6,174.4
211,3,2,18.1939,-22125,72,T,0.1899,3.1,-57.1
211,8,26,0.1050,-22119,77,A,-0.3234,-7.0,-150.9
212,2,20,7.4811,-22113,82,A,-0.5462,-43.2,118.6
212,8,14,9.1692,-22107,87,T,0.4330,39.9,85.7
213,2,8,13.8069,-22101,92,P,-1.3162,-70.3,151.0
213,7,5,17.2097,-22096,59,P,-1.3835,-66.9,-42.0
213,8,4,0.3069,-22095,97,P,1.1337,69.5,1.1
213,12,29,19.2736,-22090,64,A,1.0047,66.5,-67.0
214,6,25,9.5114,-22084,69,T,-0.6796,-19.2,75.6
214,12,18,22.7678,-22078,74,A,0.2794,-7.6,-124.0
215,6,14,20.7561,-22072,79,A,0.0867,28.5,-98.1
215,12,8,9.5319,-22066,84,T,-0.4194,-47.3,64.0
216,6,3,0.8061,-22060,89,A,0.8836,76.5,137.3
216,11,27,0.7083,-22054,94,P,-1.0674,-63.6,60.6
217,4,23,11.5072,-22049,61,P,-1.1862,-61.5,108.0
217,10,18,3.3894,-22043,66,A,0.9884,57.9,-140.4
218,4,12,19.3783,-22037,71,T,-0.3774,-11.2,-65.2
218,10,7,10.1489,-22031,76,A,0.3038,10.2,68.7
219,4,2,9.6819,-22025,81,T,0.3748,23.7,59.3
219,9,26,10.6150,-22019,86,A,-0.4070,-21.7,41.4
220,2,21,17.5128,-22014,53,P,-1.5199,-61.4,66.9
220,3,22,2.4903,-22013,91,P,1.0855,60.8,88.9
220,9,14,11.2194,-22007,96,P,-1.1022,-60.7,-37.9
221,2,10,5.0350,-22002,63,A,-0.8724,-63.2,-162.7
221,8,5,8.3158,-21996,68,T,0.9089,68.8,159.0
222,1,30,9.1581,-21990,73,A,-0.1743,-27.3,86.0
222,7,26,0.5072,-21984,78,T,0.1612,29.0,-148.5
223,1,19,8.4994,-21978,83,A,0.5218,9.6,81.8
223,7,15,17.1703,-21972,88,T,-0.5800,-12.5,-50.7
224,1,8,10.6033,-21966,93,P,1.1865,64.1,27.0
224,6,4,18.2089,-21961,60,P,1.3248,67.4,125.1
224,7,4,5.7086,-21960,98,P,-1.3891,-64.8,105.0
224,11,28,8.2247,-21955,65,T,-0.9439,-85.1,-35.1
225,5,24,20.6586,-21949,70,A,0.5890,56.8,-103.0
225,11,17,23.8522,-21943,75,T,-0.2749,-35.4,-148.6
226,5,13,21.6186,-21937,80,A,-0.1799,8.1,-109.4
226,11,7,13.9692,-21931,85,H,0.4133,7.5,6.7
227,5,3,4.0372,-21925,90,H,-0.9320,-51.9,172.2
227,10,27,22.2547,-21919,95,P,1.1606,70.7,-73.6
228,3,23,9.6461,-21914,62,T,0.9363,64.0,30.3
228,9,16,5.4408,-21908,67,P,-1.1176,-71.9,50.8
229,3,13,2.2431,-21902,72,T,0.2312,9.6,179.6
229,9,5,7.5356,-21896,77,A,-0.3696,-13.6,94.8
230,3,2,15.3775,-21890,82,A,-0.5130,-36.8,-1.8
230,8,25,16.8881,-21884,87,T,0.3818,32.9,-31.6
231,2,19,21.4194,-21878,92,P,-1.2876,-71.0,23.0
231,7,17,0.7750,-21873,59,P,-1.4492,-67.9,-167.3
231,8,15,8.1250,-21872,97,P,1.0789,70.3,-129.4
232,1,10,3.2497,-21867,64,A,1.0141,67.6,161.8
232,7,5,16.7989,-21861,69,T,-0.7547,-26.1,-37.0
232,12,29,7.1767,-21855,74,A,0.2833,-7.0,109.1
233,6,25,3.5697,-21849,79,A,0.0061,24.1,160.5
233,12,18,18.2983,-21843,84,T,-0.4161,-48.2,-64.0
234,6,14,7.1967,-21837,89,A,0.7974,74.4,76.6
234,12,8,9.6042,-21831,94,P,-1.0662,-64.5,-83.2
235,5,4,18.2486,-21826,61,P,-1.2592,-62.0,-2.8
235,6,3,7.8325,-21825,99,P,1.5417,64.0,-51.6
235,10,29,11.7733,-21820,66,A,1.0029,61.6,98.0
236,4,23,2.6681,-21814,71,T,-0.4436,-11.5,-175.0
236,10,17,18.0306,-21808,76,A,0.3248,7.4,-50.6
237,4,12,17.3656,-21802,81,T,0.3138,24.8,-55.4
237,10,6,18.1561,-21796,86,A,-0.3770,-24.5,-72.3
238,4,2,10.3311,-21790,91,P,1.0347,60.9,-38.1
238,9,25,18.8289,-21784,96,P,-1.0645,-60.7,-161.3
239,2,21,12.9364,-21779,63,A,-0.9056,-61.1,81.9
239,8,16,16.0042,-21773,68,T,0.9611,66.4,58.8
240,2,10,16.8119,-21767,73,A,-0.2021,-25.2,-28.2
240,8,5,8.2208,-21761,78,T,0.2221,29.4,97.2
241,1,29,16.2314,-21755,83,A,0.5002,10.2,-35.8
241,7,26,0.6667,-21749,88,T,-0.5160,-9.7,-164.5
242,1,18,18.7672,-21743,93,P,1.1710,63.2,-105.6
242,6,16,0.8722,-21738,60,P,1.4092,66.4,13.7
242,7,15,12.7303,-21737,98,P,-1.3222,-63.9,-10.9
242,12,9,17.0653,-21732,65,T,-0.9438,-85.7,134.1
243,6,5,3.0039,-21726,70,A,0.6774,65.4,164.8
243,11,29,8.7083,-21720,75,T,-0.2774,-37.9,80.1
244,5,24,4.1597,-21714,80,A,-0.0948,15.4,150.6
244,11,17,22.5825,-21708,85,H,0.4108,4.6,-124.2
245,5,13,11.0844,-21702,90,H,-0.8543,-39.9,56.8
245,11,7,6.4169,-21696,95,P,1.1545,69.9,150.3
246,4,3,17.4772,-21691,62,T,0.9885,72.5,-129.1
246,9,27,12.8617,-21685,67,P,-1.1517,-72.0,-75.5
247,3,24,10.1433,-21679,72,T,0.2796,16.6,58.4
247,9,16,15.1408,-21673,77,A,-0.4079,-20.0,-22.1
248,3,12,23.0836,-21667,82,A,-0.4710,-29.9,-120.1
248,9,5,0.7547,-21661,87,T,0.3372,26.1,-151.6
249,3,2,4.8514,-21655,92,P,-1.2506,-71.5,-102.7
249,7,27,8.4081,-21650,59,P,-1.5113,-68.8,66.0
249,8,25,16.0692,-21649,97,P,1.0303,71.0,97.6
250,1,20,11.1461,-21644,64,P,1.0277,68.7,31.2
250,7,17,0.1319,-21638,69,T,-0.8264,-34.2,-151.5
251,1,9,15.5583,-21632,74,A,0.2892,-5.5,-17.4
251,7,6,10.3786,-21626,79,A,-0.0738,19.0,58.3
251,12,30,3.0622,-21620,84,T,-0.4123,-48.0,168.3
252,6,24,13.5836,-21614,89,A,0.7112,68.9,-0.1
252,12,18,18.4886,-21608,94,P,-1.0645,-65.5,132.8
253,5,15,0.9497,-21603,61,P,-1.3347,-62.7,-113.2
253,6,13,14.2686,-21602,99,P,1.4545,64.9,-158.5
253,11,8,20.2258,-21597,66,P,1.0136,62.2,-38.4
254,5,4,9.9261,-21591,71,T,-0.5125,-12.7,75.5
254,10,29,1.9814,-21585,76,A,0.3418,4.7,-171.1
255,4,24,0.9889,-21579,81,T,0.2494,25.5,-169.0
255,10,18,1.8175,-21573,86,A,-0.3529,-27.7,172.5
256,4,12,18.0361,-21567,91,T,0.9776,62.9,-139.0
256,10,6,2.6058,-21561,96,P,-1.0342,-60.8,72.7
257,3,3,20.6428,-21556,63,A,-0.9476,-60.2,-27.9
257,8,26,23.8522,-21550,68,P,1.0060,61.3,-34.3
258,2,21,0.2736,-21544,73,A,-0.2392,-23.2,-139.8
258,8,16,16.0711,-21538,78,T,0.2761,28.7,-19.4
259,2,9,23.8322,-21532,83,A,0.4715,11.1,-151.2
259,8,6,8.2275,-21526,88,T,-0.4558,-8.0,81.0
260,1,30,2.8511,-21520,93,P,1.1508,62.4,123.3
260,6,26,7.5036,-21515,60,P,1.4942,65.4,-96.7
260,7,25,19.7861,-21514,98,P,-1.2572,-63.1,-126.9
260,12,20,1.9083,-21509,65,T,-0.9438,-83.2,-39.8
261,6,15,9.3233,-21503,70,A,0.7667,73.7,79.7
261,12,9,17.5914,-21497,75,T,-0.2785,-39.5,-51.1
262,6,4,10.7047,-21491,80,A,-0.0093,22.1,51.4
262,11,29,7.2231,-21485,85,A,0.4102,2.5,104.6
263,5,24,18.1333,-21479,90,T,-0.7755,-30.1,-55.0
263,11,18,14.6369,-21473,95,P,1.1518,69.0,14.0
264,4,14,1.2050,-21468,62,P,1.0461,71.3,76.4
264,5,13,8.2883,-21467,100,P,-1.4730,-69.3,115.9
264,10,7,20.4314,-21462,67,P,-1.1786,-71.7,156.1
265,4,3,17.9150,-21456,72,T,0.3341,24.1,-61.0
265,9,26,22.9117,-21450,77,A,-0.4387,-26.2,-141.2
266,3,24,6.6419,-21444,82,A,-0.4226,-22.7,123.4
266,9,16,8.7897,-21438,87,T,0.3004,19.7,85.7
267,3,13,12.1275,-21432,92,P,-1.2067,-71.9,133.4
267,9,6,0.1364,-21426,97,T,0.9878,73.1,-62.9
268,1,31,18.9347,-21421,64,P,1.0468,69.7,-98.5
268,7,27,7.5294,-21415,69,T,-0.8938,-43.5,91.3
269,1,19,23.8375,-21409,74,A,0.3008,-2.9,-142.8
269,7,16,17.2400,-21403,79,A,-0.1498,13.2,-45.5
270,1,9,11.7508,-21397,84,T,-0.4047,-46.3,41.2
270,7,5,20.0128,-21391,89,A,0.6271,62.2,-87.5
270,12,30,3.3253,-21385,94,P,-1.0610,-66.6,-10.9
271,5,26,7.6317,-21380,61,P,-1.4113,-63.5,136.5
271,6,24,20.7422,-21379,99,P,1.3681,65.9,93.6
271,11,20,4.7392,-21374,66,P,1.0204,62.9,-175.9
272,5,14,17.1014,-21368,71,T,-0.5860,-15.2,-33.0
272,11,8,10.0367,-21362,76,A,0.3528,2.2,66.8
273,5,4,8.5144,-21356,81,T,0.1800,25.5,79.3
273,10,28,9.6108,-21350,86,A,-0.3353,-31.0,55.6
274,4,24,1.6400,-21344,91,T,0.9159,63.5,124.8
274,10,17,10.5422,-21338,96,A,-1.0113,-61.1,-55.7
275,3,15,4.2072,-21333,63,A,-0.9957,-61.0,-120.4
275,9,7,7.8194,-21327,68,P,1.0456,61.0,-163.3
276,3,3,7.6031,-21321,73,A,-0.2822,-21.2,110.5
276,8,27,0.0233,-21315,78,T,0.3249,27.3,-137.9
277,2,20,7.2975,-21309,83,A,0.4355,12.3,95.7
277,8,16,15.8928,-21303,88,T,-0.4014,-7.6,-34.9
278,2,9,10.8297,-21297,93,P,1.1243,61.8,-6.1
278,8,6,2.9242,-21291,98,P,-1.1970,-62.3,116.1
278,12,31,10.6978,-21286,65,T,-0.9471,-79.4,170.8
279,6,26,15.6881,-21280,70,A,0.8534,80.3,15.7
279,12,21,2.4408,-21274,75,T,-0.2811,-40.1,178.6
280,6,14,17.2636,-21268,80,A,0.0764,28.0,-47.0
280,12,9,15.8603,-21262,85,A,0.4102,1.1,-26.3
281,6,4,1.1833,-21256,90,T,-0.6954,-21.7,-165.1
281,11,28,22.8703,-21250,95,P,1.1503,67.9,-121.8
282,4,25,8.8350,-21245,62,P,1.1087,70.7,-52.1
282,5,24,15.6925,-21244,100,P,-1.4000,-68.4,-7.7
282,10,19,4.1625,-21239,67,P,-1.1981,-71.3,25.5
283,4,15,1.5483,-21233,72,T,0.3951,31.8,-178.3
283,10,8,6.8500,-21227,77,A,-0.4620,-32.1,97.6
284,4,3,14.0267,-21221,82,A,-0.3662,-15.2,9.3
284,9,26,16.9811,-21215,87,T,0.2710,13.6,-39.4
285,3,23,19.2078,-21209,92,P,-1.1538,-71.9,12.4
285,9,16,8.3506,-21203,97,T,0.9528,67.4,135.4
286,2,11,2.6214,-21198,64,P,1.0709,70.5,132.8
286,8,7,14.9911,-21192,69,T,-0.9570,-55.1,-30.7
287,1,31,8.0514,-21186,74,A,0.3163,0.7,92.6
287,7,28,0.1439,-21180,79,A,-0.2228,6.9,-150.7
288,1,20,20.3792,-21174,84,T,-0.3936,-43.4,-85.8
288,7,16,2.4853,-21168,89,A,0.5451,54.9,179.3
289,1,9,12.1075,-21162,94,P,-1.0551,-67.7,-154.3
289,6,5,14.3344,-21157,61,P,-1.4873,-64.3,25.6
289,7,5,3.3000,-21156,99,P,1.2845,66.9,-16.0
289,11,30,13.2517,-21151,66,P,1.0264,63.8,46.3
290,5,26,0.2994,-21145,71,T,-0.6592,-18.8,-142.4
290,11,19,18.1319,-21139,76,A,0.3609,0.3,-55.8
291,5,15,16.0011,-21133,81,T,0.1081,24.7,-31.8
291,11,8,17.4964,-21127,86,A,-0.3220,-34.2,-62.2
292,5,4,9.1436,-21121,91,T,0.8497,63.9,24.2
292,10,27,18.6136,-21115,96,A,-0.9939,-63.6,-177.0
293,3,25,11.5661,-21110,63,P,-1.0531,-60.7,126.8
293,9,17,15.9639,-21104,68,P,1.0773,60.9,65.1
294,3,14,14.7453,-21098,73,A,-0.3343,-19.5,3.5
294,9,7,8.1081,-21092,78,T,0.3671,25.2,101.0
295,3,3,14.6206,-21086,83,A,0.3920,13.5,-14.9
295,8,27,23.6597,-21080,88,T,-0.3527,-8.2,-152.1
296,2,20,18.6811,-21074,93,P,1.0908,61.3,-133.4
296,8,16,10.1433,-21068,98,P,-1.1412,-61.7,-1.9
297,1,10,19.4453,-21063,65,T,-0.9528,-75.5,30.2
297,7,6,22.0942,-21057,70,A,0.9379,78.8,-15.1
297,12,31,11.2511,-21051,75,T,-0.2855,-39.7,48.9
298,6,25,23.8919,-21045,80,A,0.1595,32.9,-145.4
298,12,21,0.4892,-21039,85,A,0.4101,0.5,-157.1
299,6,15,8.2567,-21033,90,T,-0.6154,-14.6,85.6
299,12,10,7.1211,-21027,95,P,1.1501,66.8,102.7
300,5,5,16.3950,-21022,62,P,1.1751,69.9,-178.9
300,6,3,23.0836,-21021,100,P,-1.3256,-67.4,-130.6
300,10,29,12.0150,-21016,67,P,-1.2118,-70.6,-106.4
301,4,25,9.0708,-21010,72,T,0.4610,39.8,66.3
301,10,18,14.9386,-21004,77,A,-0.4787,-37.5,-25.1
302,4,14,21.2831,-20998,82,A,-0.3045,-7.6,-102.8
302,10,8,1.2992,-20992,87,T,0.2474,7.9,-166.3
303,4,4,2.1500,-20986,92,P,-1.0945,-71.8,-106.5
303,9,27,16.6900,-20980,97,T,0.9240,60.6,-5.2
304,2,22,10.1547,-20975,64,P,1.1031,71.2,5.8
304,8,17,22.5508,-20969,69,P,-1.0145,-70.7,-173.1
305,2,10,16.1331,-20963,74,A,0.3393,5.2,-30.6
305,8,7,7.1489,-20957,79,A,-0.2898,0.2,102.0
306,1,31,4.8878,-20951,84,T,-0.3761,-39.3,147.7
306,7,27,9.0664,-20945,89,A,0.4683,47.5,81.8
307,1,20,20.8056,-20939,94,P,-1.0455,-68.7,63.0
307,7,16,9.9272,-20933,99,P,1.2031,67.9,-127.0
307,12,11,21.7858,-20928,66,P,1.0308,64.8,-92.1
308,6,5,7.4725,-20922,71,T,-0.7341,-23.7,108.1
308,11,30,2.2742,-20916,76,A,0.3664,-1.1,-179.1
309,5,25,23.4356,-20910,81,T,0.0334,23.1,-142.3
309,11,19,1.4783,-20904,86,A,-0.3133,-37.1,179.1
310,5,15,16.5825,-20898,91,T,0.7804,63.9,-76.4
310,11,8,2.7922,-20892,96,A,-0.9810,-67.3,62.6
311,4,5,18.7997,-20887,63,P,-1.1156,-60.9,8.9
311,9,29,0.2353,-20881,68,P,1.1035,60.9,-68.3
312,3,24,21.7325,-20875,73,A,-0.3936,-18.4,-101.3
312,9,17,16.3156,-20869,78,T,0.4032,22.8,-22.5
313,3,13,21.8161,-20863,83,A,0.3416,14.9,-123.3
313,9,7,7.5492,-20857,88,T,-0.3108,-9.8,88.7
314,3,3,2.4192,-20851,93,P,1.0507,60.9,101.1
314,8,27,17.4869,-20845,98,P,-1.0922,-61.3,-121.7
315,1,22,4.1036,-20840,65,T,-0.9636,-71.5,-104.1
315,7,18,4.5786,-20834,70,P,1.0183,63.5,-74.6
316,1,11,19.9900,-20828,75,T,-0.2935,-38.5,-80.1
316,7,6,6.5975,-20822,80,A,0.2400,36.7,115.9
316,12,31,9.0369,-20816,85,A,0.4067,0.4,73.3
317,6,25,15.3869,-20810,90,T,-0.5370,-8.7,-23.8
317,12,20,15.3331,-20804,95,P,1.1482,65.8,-31.7
318,5,16,23.8933,-20799,62,P,1.2444,69.0,55.7
318,6,15,6.4858,-20798,100,P,-1.2512,-66.4,106.9
318,11,9,19.9719,-20793,67,P,-1.2209,-69.7,120.8
319,5,6,16.4856,-20787,72,T,0.5318,48.0,-46.8
319,10,29,23.1683,-20781,77,A,-0.4892,-42.3,-149.0
320,4,25,4.3661,-20775,82,A,-0.2349,0.0,147.9
320,10,18,9.7692,-20769,87,T,0.2308,2.9,64.8
321,4,14,8.9306,-20763,92,P,-1.0274,-71.4,137.3
321,10,8,1.1608,-20757,97,T,0.9018,54.6,-141.7
322,3,4,17.5758,-20752,64,P,1.1412,71.7,-120.0
322,8,29,6.2172,-20746,69,P,-1.0658,-71.3,57.9
323,2,22,0.1331,-20740,74,H,0.3671,10.5,-152.9
323,8,18,14.2228,-20734,79,A,-0.3525,-6.7,-6.8
324,2,11,13.3150,-20728,84,T,-0.3543,-34.3,21.2
324,8,6,15.7472,-20722,89,A,0.3967,39.9,-18.8
325,1,31,5.3903,-20716,94,P,-1.0308,-69.7,-78.6
325,7,26,16.6956,-20710,99,P,1.1276,68.9,119.3
325,12,22,6.2706,-20705,66,P,1.0365,65.9,129.9
326,6,16,14.7003,-20699,71,T,-0.8071,-30.0,-3.0
326,12,11,10.3908,-20693,76,A,0.3724,-1.7,58.0
327,6,6,6.8725,-20687,81,T,-0.0413,20.5,106.9
327,11,30,9.4986,-20681,86,A,-0.3063,-39.3,60.5
328,5,25,23.9417,-20675,91,T,0.7077,63.0,-175.9
328,11,18,11.0692,-20669,96,A,-0.9722,-70.6,-66.0
329,4,16,1.8553,-20664,63,P,-1.1855,-61.2,-106.4
329,5,15,13.2758,-20663,101,P,1.5194,62.9,-122.2
329,10,9,8.6586,-20658,68,P,1.1227,61.0,155.9
330,4,5,4.5575,-20652,73,A,-0.4603,-18.1,156.3
330,9,29,0.6714,-20646,78,T,0.4313,20.0,-148.8
331,3,25,4.8700,-20640,83,A,0.2836,16.1,130.8
331,9,18,15.5525,-20634,88,T,-0.2754,-12.1,-32.1
332,3,13,10.0325,-20628,93,A,1.0036,60.7,-22.5
332,9,7,0.9458,-20622,98,P,-1.0491,-60.9,117.0
333,2,1,12.6647,-20617,65,T,-0.9795,-67.6,127.7
333,7,28,11.1636,-20611,70,P,1.0937,62.8,176.6
334,1,22,4.6533,-20605,75,T,-0.3052,-36.5,151.7
334,7,17,13.3922,-20599,80,A,0.3168,39.4,16.7
335,1,11,17.5250,-20593,85,A,0.4009,1.1,-55.3
335,7,6,22.5831,-20587,90,T,-0.4608,-4.0,-133.3
335,12,31,23.4978,-20581,95,P,1.1448,64.7,-165.0
336,5,27,7.3419,-20576,62,P,1.3160,68.1,-68.3
336,6,25,13.9069,-20575,100,P,-1.1774,-65.4,-15.6
336,11,20,4.0108,-20570,67,P,-1.2263,-68.7,-12.6
337,5,16,23.8344,-20564,72,T,0.6053,56.2,-157.8
337,11,9,7.4881,-20558,77,A,-0.4961,-46.6,87.0
338,5,6,11.3675,-20552,82,A,-0.1621,7.4,40.2
338,10,29,18.3483,-20546,87,T,0.2190,-1.6,-65.5
339,4,25,15.5878,-20540,92,A,-0.9545,-57.0,0.8
339,10,19,9.7450,-20534,97,T,0.8852,49.5,82.6
340,3,15,0.8569,-20529,64,P,1.1866,71.9,116.0
340,9,8,14.0106,-20523,69,P,-1.1098,-71.7,-73.6
341,3,4,7.9786,-20517,74,H,0.4033,16.6,86.7
341,8,28,21.4422,-20511,79,A,-0.4068,-13.5,-118.1
342,2,21,21.6108,-20505,84,T,-0.3256,-28.6,-104.3
342,8,17,22.5539,-20499,89,A,0.3313,32.4,-122.3
343,2,11,13.8636,-20493,94,P,-1.0110,-70.5,140.8
343,8,6,23.5861,-20487,99,P,1.0571,69.8,3.1
344,1,2,14.7108,-20482,66,P,1.0440,67.0,-8.0
344,6,26,21.9472,-20476,71,T,-0.8798,-38.3,-115.5
344,12,21,18.5053,-20470,76,A,0.3783,-1.5,-64.8
345,6,16,14.3133,-20464,81,T,-0.1162,17.0,-4.5
345,12,10,17.5483,-20458,86,A,-0.3003,-40.6,-57.9
346,6,6,7.2886,-20452,91,T,0.6346,60.9,83.5
346,11,29,19.4200,-20446,96,A,-0.9664,-74.1,160.6
347,4,27,8.7944,-20441,63,P,-1.2601,-61.6,139.9
347,5,26,20.2567,-20440,101,P,1.4489,63.6,123.1
347,10,20,17.2022,-20435,68,P,1.1367,61.4,18.3
348,4,15,11.2622,-20429,73,A,-0.5326,-18.8,55.6
348,10,9,9.1439,-20423,78,T,0.4540,17.2,82.8
349,4,4,11.8089,-20417,83,A,0.2189,17.0,27.0
349,9,28,23.6842,-20411,88,H,-0.2467,-15.0,-154.9
350,3,24,17.5511,-20405,93,A,0.9504,57.3,-110.8
350,9,18,8.5142,-20399,98,A,-1.0119,-60.8,-6.0
351,2,12,21.1125,-20394,65,T,-1.0018,-61.7,13.6
351,8,8,17.8725,-20388,70,P,1.1632,62.1,66.2
352,2,2,13.1811,-20382,75,T,-0.3236,-34.2,24.9
352,7,27,20.3158,-20376,80,A,0.3881,40.7,-84.2
353,1,22,1.8842,-20370,85,A,0.3893,2.1,178.0
353,7,17,5.8875,-20364,90,T,-0.3890,-0.6,116.0
354,1,11,7.5528,-20358,95,P,1.1363,63.8,63.8
354,6,7,14.7822,-20353,62,P,1.3882,67.1,168.3
354,7,6,21.3939,-20352,100,P,-1.1062,-64.5,-138.6
354,12,1,12.1183,-20347,67,P,-1.2292,-67.7,-146.5
355,5,28,7.0939,-20341,72,T,0.6827,64.6,94.5
355,11,20,15.9206,-20335,77,A,-0.4984,-49.9,-37.4
356,5,16,18.2408,-20329,82,A,-0.0835,14.7,-65.0
356,11,9,3.0383,-20323,87,T,0.2122,-5.3,162.9
357,5,5,22.1267,-20317,92,A,-0.8758,-43.6,-109.9
357,10,29,18.4450,-20311,97,T,0.8744,45.3,-53.7
358,3,26,8.0436,-20306,64,P,1.2370,71.9,-6.6
358,9,19,21.8994,-20300,69,P,-1.1483,-71.9,153.2
359,3,15,15.7447,-20294,74,H,0.4444,23.2,-32.8
359,9,9,4.7594,-20288,79,A,-0.4555,-20.4,128.9
360,3,4,5.7875,-20282,84,T,-0.2905,-22.4,131.2
360,8,28,5.5039,-20276,89,A,0.2727,25.1,131.5
361,2,21,22.2039,-20270,94,T,-0.9850,-74.3,-26.7
361,8,17,6.6467,-20264,99,A,0.9936,73.8,-128.0
362,1,12,23.0361,-20259,66,P,1.0565,68.0,-144.7
362,7,8,5.2992,-20253,71,T,-0.9480,-49.2,128.7
363,1,2,2.5494,-20247,76,A,0.3870,-0.3,173.3
363,6,27,21.7747,-20241,81,T,-0.1899,12.7,-116.8
363,12,22,1.5881,-20235,86,A,-0.2937,-40.8,-175.9
364,6,16,14.6033,-20229,91,T,0.5608,57.4,-18.6
364,12,10,3.7925,-20223,96,A,-0.9609,-77.7,24.3
365,5,7,15.5950,-20218,63,P,-1.3402,-62.2,28.2
365,6,6,3.1753,-20217,101,P,1.3761,64.4,9.0
365,10,31,1.8711,-20212,68,P,1.1450,61.9,-121.4
366,4,26,17.8383,-20206,73,A,-0.6110,-20.6,-43.3
366,10,20,17.7250,-20200,78,T,0.4710,14.4,-47.5
367,4,15,18.6406,-20194,83,A,0.1482,17.5,-74.9
367,10,10,7.9303,-20188,88,H,-0.2245,-18.3,80.7
368,4,4,0.9381,-20182,93,A,0.8896,55.8,146.6
368,9,28,16.2175,-20176,98,A,-0.9818,-60.2,-110.3
369,2,23,5.4425,-20171,65,P,-1.0301,-61.2,-120.9
369,8,19,0.7206,-20165,70,P,1.2258,61.5,-46.2
370,2,12,21.6006,-20159,75,T,-0.3470,-31.6,-100.7
370,8,8,3.3800,-20153,80,A,0.4533,41.0,172.6
371,2,2,10.1450,-20147,85,A,0.3735,3.7,52.8
371,7,28,13.2797,-20141,90,T,-0.3207,1.6,4.5
372,1,22,15.5228,-20135,95,P,1.1241,62.9,-65.8
372,6,17,22.2236,-20130,62,P,1.4603,66.1,45.3
372,7,17,4.9489,-20129,100,P,-1.0379,-63.6,97.7
372,12,11,20.2333,-20124,67,P,-1.2320,-66.6,80.2
373,6,7,14.3378,-20118,72,T,0.7601,72.7,-8.0
373,12,1,0.3953,-20112,77,A,-0.4996,-52.3,-161.1
374,5,28,1.0675,-20106,82,A,-0.0035,21.4,-168.7
374,11,20,11.7817,-20100,87,T,0.2076,-8.3,30.8
375,5,17,4.5933,-20094,92,A,-0.7934,-32.9,146.0
375,11,10,3.2231,-20088,97,T,0.8677,42.0,169.5
376,4,5,15.0844,-20083,64,P,1.2949,71.6,-126.9
376,5,5,5.1594,-20082,102,P,-1.5322,-69.9,166.1
376,9,30,5.9306,-20077,69,P,-1.1791,-71.9,17.8
377,3,25,23.3731,-20071,74,T,0.4932,30.4,-150.6
377,9,19,12.2300,-20065,79,A,-0.4959,-27.1,13.8
378,3,15,13.8336,-20059,84,T,-0.2483,-15.6,8.1
378,9,8,12.6219,-20053,89,A,0.2222,18.0,22.5
379,3,5,6.4067,-20047,94,T,-0.9524,-69.7,170.8
379,8,28,13.8567,-20041,99,A,0.9364,71.7,55.2
380,1,24,7.2781,-20036,66,P,1.0722,69.1,79.3
380,7,18,12.7208,-20030,71,P,-1.0132,-68.2,4.3
381,1,12,10.5153,-20024,76,A,0.3991,1.9,52.3
381,7,8,5.2858,-20018,81,T,-0.2612,7.6,129.4
382,1,1,9.6092,-20012,86,A,-0.2861,-39.9,66.2
382,6,27,21.9269,-20006,91,T,0.4878,52.9,-123.1
382,12,21,12.1819,-20000,96,A,-0.9555,-81.4,-117.6
383,5,18,22.3192,-19995,63,P,-1.4227,-63.0,-82.6
383,6,17,10.0678,-19994,101,P,1.3025,65.3,-105.0
383,11,11,10.6206,-19989,68,P,1.1502,62.5,97.7
384,5,7,0.3153,-19983,73,A,-0.6941,-24.0,-140.9
384,10,31,2.4047,-19977,78,T,0.4831,11.9,-179.4
385,4,26,1.4036,-19971,83,A,0.0732,17.5,-175.6
385,10,20,16.2714,-19965,88,H,-0.2077,-21.7,-44.9
386,4,15,8.2614,-19959,93,H,0.8246,55.3,42.7
386,10,10,0.0392,-19953,98,A,-0.9583,-60.9,135.8
387,3,6,13.6394,-19948,65,P,-1.0654,-61.0,106.7
387,4,4,21.8711,-19947,103,P,1.5046,61.1,140.0
387,8,30,7.7203,-19942,70,P,1.2812,61.1,-160.7
388,2,24,5.8667,-19936,75,T,-0.3781,-29.0,135.6
388,8,18,10.6136,-19930,80,A,0.5112,40.3,66.3
389,2,12,18.2239,-19924,85,A,0.3491,5.3,-69.6
389,8,7,20.8239,-19918,90,T,-0.2590,2.6,-109.1
390,2,1,23.3494,-19912,95,P,1.1050,62.2,166.9
390,7,28,12.5833,-19906,100,T,-0.9732,-52.8,-12.4
390,12,23,4.3600,-19901,67,P,-1.2349,-65.5,-52.8
391,6,18,21.5394,-19895,72,T,0.8390,80.3,-94.3
391,12,12,8.9189,-19889,77,A,-0.4991,-53.5,75.4
392,6,7,7.8067,-19883,82,A,0.0801,27.7,89.8
392,11,30,20.5964,-19877,87,T,0.2060,-10.4,-102.1
393,5,27,11.0014,-19871,92,A,-0.7081,-23.6,44.9
393,11,20,12.0608,-19865,97,T,0.8640,39.4,32.1
394,4,16,22.0664,-19860,64,P,1.3563,71.1,114.1
394,5,16,11.6994,-19859,102,P,-1.4503,-69.1,55.1
394,10,11,14.0678,-19854,69,P,-1.2040,-71.6,-119.1
395,4,6,6.9189,-19848,74,T,0.5470,38.1,92.8
395,9,30,19.8108,-19842,79,A,-0.5302,-33.6,-102.8
396,3,25,21.7689,-19836,84,T,-0.2001,-8.6,-113.6
396,9,18,19.8944,-19830,89,A,0.1792,11.2,-88.9
397,3,15,14.4644,-19824,94,T,-0.9131,-62.1,30.3
397,9,7,21.2564,-19818,99,A,0.8876,63.2,-76.1
398,2,3,15.3728,-19813,66,P,1.0942,70.0,-55.2
398,7,29,20.2511,-19807,71,P,-1.0735,-69.2,-121.2
399,1,23,18.3617,-19801,76,A,0.4165,5.2,-67.1
399,7,19,12.8614,-19795,81,T,-0.3290,2.0,13.9
400,1,12,17.5436,-19789,86,A,-0.2735,-37.6,-50.8
400,7,8,5.2678,-19783,91,T,0.4163,47.5,129.9
400,12,31,20.5356,-19777,96,A,-0.9475,-85.0,86.8
401,5,29,4.9644,-19772,63,P,-1.5078,-63.8,167.6
401,6,27,16.9567,-19771,101,P,1.2292,66.3,140.7
401,11,21,19.4342,-19766,68,P,1.1528,63.3,-44.5
402,5,18,6.7261,-19760,73,A,-0.7800,-29.1,122.1
402,11,11,11.1756,-19754,78,T,0.4904,9.6,47.2
403,5,7,8.0769,-19748,83,A,-0.0070,16.6,85.2
403,11,1,0.7181,-19742,88,H,-0.1968,-25.1,-171.8
404,4,25,15.4931,-19736,93,T,0.7541,55.1,-59.9
404,10,20,7.9811,-19730,98,A,-0.9410,-63.1,15.7
405,3,16,21.7103,-19725,65,P,-1.1073,-60.9,-23.8
405,4,15,5.5431,-19724,103,P,1.4444,61.3,15.4
405,9,9,14.8922,-19719,70,P,1.3285,60.9,82.3
406,3,6,14.0164,-19713,75,T,-0.4147,-26.6,13.3
406,8,29,17.9856,-19707,80,A,0.5632,39.0,-42.9
407,2,24,2.1836,-19701,85,A,0.3195,7.3,170.0
407,8,19,4.4900,-19695,90,T,-0.2024,2.5,135.6
408,2,13,7.0272,-19689,95,P,1.0792,61.6,42.1
408,8,7,20.3267,-19683,100,T,-0.9138,-44.3,-126.4
409,1,2,12.4372,-19678,67,P,-1.2407,-64.5,175.3
409,6,29,4.7731,-19672,72,T,0.9153,82.0,-135.1
409,12,22,17.4142,-19666,77,A,-0.5009,-53.6,-47.3
410,6,18,14.5553,-19660,82,A,0.1623,33.1,-10.7
410,12,12,5.4175,-19654,87,T,0.2041,-11.7,125.1
411,6,7,17.3608,-19648,92,A,-0.6202,-15.5,-54.1
411,12,1,20.9406,-19642,97,T,0.8625,37.6,-105.7
412,4,27,4.9428,-19637,64,P,1.4234,70.4,-2.9
412,5,26,18.1897,-19636,102,P,-1.3644,-68.1,-54.6
412,10,21,22.3225,-19631,69,P,-1.2225,-71.0,102.6
413,4,16,14.3489,-19625,74,T,0.6075,46.3,-22.2
413,10,11,3.5422,-19619,79,A,-0.5566,-39.7,139.0
414,4,6,5.5861,-19613,84,T,-0.1457,-1.4,126.3
414,9,30,3.3172,-19607,89,A,0.1434,4.9,157.5
415,3,26,22.3889,-19601,94,T,-0.8676,-53.7,-100.5
415,9,19,4.8211,-19595,99,A,0.8460,55.3,160.3
416,2,14,23.3169,-19590,66,P,1.1229,70.8,171.9
416,8,9,3.8942,-19584,71,P,-1.1288,-70.0,111.1
416,9,7,13.4428,-19583,109,P,1.5077,71.6,112.1
417,2,3,2.0911,-19578,76,A,0.4393,9.4,174.8
417,7,29,20.5189,-19572,81,T,-0.3928,-4.1,-103.3
418,1,23,1.4064,-19566,86,A,-0.2570,-34.2,-167.6
418,7,19,12.6631,-19560,91,T,0.3481,41.5,20.4
419,1,12,4.8589,-19554,96,A,-0.9373,-85.8,-108.7
419,7,8,23.8456,-19548,101,P,1.1565,67.3,26.0
419,12,3,4.2939,-19543,68,P,1.1536,64.2,172.4
420,5,28,13.0931,-19537,73,A,-0.8673,-36.7,25.5
420,11,21,19.9878,-19531,78,T,0.4956,7.9,-86.8
421,5,17,14.7339,-19525,83,A,-0.0888,14.9,-14.0
421,11,11,9.2303,-19519,88,A,-0.1901,-28.3,60.7
422,5,6,22.6889,-19513,93,T,0.6806,54.8,-161.7
422,10,31,16.0019,-19507,98,A,-0.9282,-66.1,-107.0
423,3,28,5.6572,-19502,65,P,-1.1556,-60.9,-152.5
423,4,26,13.1306,-19501,103,P,1.3796,61.8,-108.0
423,9,20,22.2308,-19496,70,P,1.3680,60.8,-37.2
424,3,16,21.9825,-19490,75,T,-0.4601,-24.8,-106.4
424,9,9,1.5561,-19484,80,A,0.6062,37.1,-156.0
425,3,6,9.9511,-19478,85,A,0.2811,9.2,52.7
425,8,29,12.3169,-19472,90,T,-0.1534,1.3,17.8
426,2,23,14.5369,-19466,95,P,1.0456,61.1,-80.0
426,8,19,4.1872,-19460,100,T,-0.8601,-40.3,115.3
427,1,13,20.4781,-19455,67,P,-1.2488,-63.6,44.4
427,7,10,11.9914,-19449,72,T,0.9913,69.4,167.3
428,1,3,1.9142,-19443,77,A,-0.5033,-52.5,-170.4
428,6,28,21.2708,-19437,82,A,0.2453,37.6,-109.7
428,12,22,14.2386,-19431,87,T,0.2019,-12.1,-7.5
429,6,17,23.7242,-19425,92,A,-0.5325,-8.6,-152.2
429,12,12,5.8397,-19419,97,T,0.8620,36.4,116.2
430,5,8,11.7892,-19414,64,P,1.4922,69.6,-118.8
430,6,7,0.6928,-19413,102,P,-1.2780,-67.1,-164.0
430,11,2,6.6444,-19408,69,P,-1.2369,-70.3,-36.2
431,4,27,21.7317,-19402,74,T,0.6712,54.7,-136.4
431,10,22,11.3697,-19396,79,A,-0.5773,-45.4,20.1
432,4,16,13.2992,-19390,84,T,-0.0858,5.9,7.9
432,10,10,10.8967,-19384,89,A,0.1154,-1.0,41.8
433,4,6,6.1878,-19378,94,T,-0.8163,-45.3,133.9
433,9,29,12.5522,-19372,99,A,0.8118,48.3,37.5
434,2,25,7.0928,-19367,66,P,1.1588,71.5,41.0
434,8,20,11.6814,-19361,71,P,-1.1776,-70.8,-19.3
434,9,18,21.4483,-19360,109,P,1.4688,71.9,-22.7
435,2,14,9.6594,-19355,76,A,0.4697,14.5,58.7
435,8,10,4.2683,-19349,81,T,-0.4516,-10.6,137.5
436,2,3,9.1475,-19343,86,A,-0.2341,-29.8,76.4
436,7,29,20.1264,-19337,91,T,0.2842,35.1,-91.5
437,1,22,13.0811,-19331,96,A,-0.9216,-81.8,80.8
437,7,19,6.7900,-19325,101,P,1.0873,68.3,-90.1
437,12,13,13.1742,-19320,68,P,1.1533,65.1,28.6
438,6,8,19.4297,-19314,73,A,-0.9558,-48.9,-70.3
438,12,3,4.8439,-19308,78,T,0.4982,6.7,138.5
439,5,28,21.3567,-19302,83,A,-0.1728,12.2,-113.0
439,11,22,17.8044,-19296,88,A,-0.1870,-31.1,-67.3
440,5,17,5.8256,-19290,93,T,0.6030,53.8,97.6
440,11,11,0.1169,-19284,98,A,-0.9205,-69.7,127.6
441,4,7,13.4975,-19279,65,P,-1.2093,-61.1,80.4
441,5,6,20.6617,-19278,103,P,1.3114,62.3,129.2
441,10,1,5.7250,-19273,70,P,1.4003,60.9,-159.0
442,3,28,5.8372,-19267,75,T,-0.5107,-23.5,135.4
442,9,20,9.2806,-19261,80,A,0.6424,35.0,87.6
443,3,17,17.5656,-19255,85,A,0.2358,11.0,-62.0
443,9,9,20.2775,-19249,90,T,-0.1104,-0.5,-102.1
444,3,5,21.8858,-19243,95,A,1.0045,60.8,160.3
444,8,29,12.1753,-19237,100,T,-0.8127,-38.6,-5.5
445,1,24,4.4036,-19232,67,P,-1.2630,-62.7,-84.5
445,7,20,19.2833,-19226,72,P,1.0629,63.3,56.1
446,1,13,10.3403,-19220,77,A,-0.5105,-50.6,66.9
446,7,10,4.0153,-19214,82,A,0.3260,41.1,151.9
447,1,2,23.0150,-19208,87,T,0.1969,-11.8,-139.5
447,6,29,6.0992,-19202,92,A,-0.4449,-2.7,110.4
447,12,23,14.7058,-19196,97,T,0.8603,35.6,-21.3
448,6,17,7.2042,-19190,102,P,-1.1908,-66.1,87.0
448,11,12,15.0522,-19185,69,P,-1.2465,-69.4,-175.6
449,5,8,5.0442,-19179,74,T,0.7391,63.7,110.5
449,11,1,19.2992,-19173,79,A,-0.5925,-50.6,-99.0
450,4,27,20.9244,-19167,84,T,-0.0211,13.2,-109.0
450,10,21,18.6208,-19161,89,A,0.0940,-6.2,-75.7
451,4,17,13.8442,-19155,94,T,-0.7582,-36.8,12.3
451,10,10,20.4506,-19149,99,A,0.7850,42.2,-86.3
452,3,7,14.7056,-19144,66,P,1.2019,71.8,-87.9
452,8,30,19.6031,-19138,71,P,-1.2202,-71.3,-152.3
452,9,29,5.6119,-19137,109,P,1.4369,71.8,-160.1
453,2,24,17.0778,-19132,76,A,0.5070,20.6,-55.6
453,8,20,12.1319,-19126,81,T,-0.5045,-17.2,16.3
454,2,13,16.7983,-19120,86,A,-0.2063,-24.5,-39.0
454,8,10,3.6519,-19114,91,T,0.2243,28.5,154.6
455,2,2,21.2414,-19108,96,A,-0.9020,-76.1,-59.9
455,7,30,13.7836,-19102,101,P,1.0212,69.3,152.6
455,12,24,22.0283,-19097,68,P,1.1551,66.2,-115.2
456,1,23,8.7750,-19096,106,P,-1.5332,-69.0,-126.5
456,6,19,1.7833,-19091,73,P,-1.0431,-65.6,-166.1
456,12,13,13.6911,-19085,78,T,0.5010,6.3,4.0
457,6,8,4.0194,-19079,83,A,-0.2559,8.5,146.9
457,12,3,2.3731,-19073,88,A,-0.1844,-33.0,165.4
458,5,28,12.9750,-19067,93,T,0.5250,52.0,-3.7
458,11,22,8.2744,-19061,98,A,-0.9155,-73.8,1.2
459,4,18,21.2086,-19056,65,P,-1.2694,-61.5,-44.8
459,5,18,4.1189,-19055,103,P,1.2392,63.0,7.4
459,10,12,13.3861,-19050,70,P,1.4248,61.1,76.7
460,4,7,13.5203,-19044,75,T,-0.5691,-23.2,19.7
460,9,30,17.1906,-19038,80,A,0.6702,32.8,-32.4
461,3,28,0.9894,-19032,85,A,0.1820,12.6,-173.6
461,9,20,4.4097,-19026,90,T,-0.0755,-3.1,135.2
462,3,17,5.0672,-19020,95,A,0.9555,56.3,74.2
462,9,9,20.2750,-19014,100,T,-0.7709,-38.5,-128.1
463,2,4,12.2564,-19009,67,P,-1.2813,-62.1,147.9
463,8,1,2.6117,-19003,72,P,1.1318,62.5,-63.8
463,8,30,12.1947,-19002,110,P,-1.4959,-61.4,-51.2
464,1,24,18.7017,-18997,77,A,-0.5215,-48.0,-55.9
464,7,20,10.7914,-18991,82,A,0.4042,43.4,53.7
465,1,13,7.7453,-18985,87,T,0.1892,-10.9,89.1
465,7,9,12.5306,-18979,92,A,-0.3603,1.9,12.9
466,1,2,23.5322,-18973,97,T,0.8569,35.2,-158.1
466,6,28,13.7892,-18967,102,P,-1.1058,-65.1,-22.7
466,11,23,23.4942,-18962,69,P,-1.2537,-68.3,45.2
467,5,19,12.3208,-18956,74,T,0.8094,73.1,-2.2
467,11,13,3.3006,-18950,79,A,-0.6035,-55.1,142.5
468,5,8,4.4828,-18944,84,T,0.0474,20.2,135.7
468,11,1,2.4567,-18938,89,A,0.0780,-10.8,165.5
469,4,27,21.4050,-18932,94,T,-0.6958,-28.7,-106.7
469,10,21,4.5000,-18926,99,A,0.7646,36.9,148.4
470,3,18,22.1456,-18921,66,P,1.2523,72.0,145.7
470,4,17,10.4489,-18920,104,P,-1.4981,-71.0,103.9
470,9,11,3.6608,-18915,71,P,-1.2566,-71.7,72.3
470,10,10,13.9111,-18914,109,P,1.4111,71.5,60.6
471,3,8,0.3278,-18909,76,A,0.5522,27.4,-167.8
471,8,31,20.1197,-18903,81,T,-0.5507,-23.8,-107.1
472,2,25,0.2778,-18897,86,A,-0.1696,-18.4,-152.8
472,8,20,11.2919,-18891,91,T,0.1710,21.8,38.5
473,2,13,5.2711,-18885,96,A,-0.8754,-69.5,168.0
473,8,9,20.8642,-18879,101,A,0.9601,78.2,-19.0
474,1,4,6.8439,-18874,68,P,1.1589,67.3,101.1
474,2,2,17.2669,-18873,106,P,-1.5145,-69.9,93.1
474,6,30,8.1681,-18868,73,P,-1.1285,-66.6,87.0
474,12,24,22.5311,-18862,78,T,0.5039,6.7,-130.4
475,6,19,10.6731,-18856,83,A,-0.3401,3.9,46.3
475,12,14,10.9622,-18850,88,A,-0.1835,-34.1,38.2
476,6,7,20.1136,-18844,93,T,0.4457,49.1,-105.6
476,12,2,16.4592,-18838,98,A,-0.9125,-78.0,-125.5
477,4,29,4.8397,-18833,65,P,-1.3332,-62.0,-169.0
477,5,28,11.5603,-18832,103,P,1.1660,63.8,-114.4
477,10,22,21.1869,-18827,70,P,1.4426,61.5,-49.8
478,4,18,21.1014,-18821,75,T,-0.6320,-23.9,-94.6
478,10,12,1.2294,-18815,80,A,0.6924,30.7,-154.9
479,4,8,8.2783,-18809,85,A,0.1223,13.8,77.2
479,10,1,12.6739,-18803,90,T,-0.0466,-6.0,10.6
480,3,27,12.0722,-18797,95,A,0.8980,54.3,-23.7
480,9,20,4.5175,-18791,100,T,-0.7364,-39.8,107.1
481,2,14,19.9728,-18786,67,P,-1.3068,-61.5,22.6
481,8,11,10.0344,-18780,72,P,1.1949,61.9,175.0
481,9,9,20.1369,-18779,110,P,-1.4589,-61.1,-179.9
482,2,4,2.9506,-18774,77,A,-0.5389,-45.2,-178.0
482,7,31,17.6472,-18768,82,A,0.4775,44.5,-45.5
483,1,24,16.3761,-18762,87,T,0.1763,-9.4,-40.8
483,7,20,19.0186,-18756,92,A,-0.2782,5.3,-84.9
484,1,14,8.2803,-18750,97,T,0.8499,35.0,66.5
484,7,8,20.4444,-18744,102,P,-1.0229,-64.1,-133.0
484,12,4,7.9517,-18739,69,P,-1.2595,-67.2,-93.7
485,5,29,19.5794,-18733,74,T,0.8814,83.4,-118.0
485,11,23,11.3719,-18727,79,A,-0.6109,-58.6,24.9
486,5,19,11.9739,-18721,84,T,0.1193,27.0,22.1
486,11,12,10.4039,-18715,89,A,0.0672,-14.6,45.6
487,5,9,4.8581,-18709,94,T,-0.6283,-20.9,136.9
487,11,1,12.6856,-18703,99,A,0.7505,32.6,21.6
488,3,29,5.4078,-18698,66,P,1.3102,71.9,21.9
488,4,27,17.6125,-18697,104,P,-1.4368,-70.3,-17.3
488,9,21,11.8725,-18692,71,P,-1.2858,-71.8,-65.7
488,10,20,22.3589,-18691,109,P,1.3921,71.0,-80.5
489,3,18,7.4350,-18686,76,A,0.6038,35.0,81.6
489,9,11,4.2172,-18680,81,T,-0.5912,-30.4,127.8
490,3,7,7.6569,-18674,86,A,-0.1274,-11.8,94.5
490,8,31,19.0239,-18668,91,T,0.1232,15.1,-79.5
491,2,24,13.1992,-18662,96,A,-0.8429,-62.3,40.3
491,8,21,4.0281,-18656,101,A,0.9036,71.1,-170.7
492,1,15,15.5900,-18651,68,P,1.1665,68.3,-42.1
492,2,14,1.6456,-18650,106,P,-1.4900,-70.7,-46.2
492,7,10,14.6264,-18645,73,P,-1.2099,-67.6,-21.4
493,1,4,7.2894,-18639,78,T,0.5104,8.1,96.3
493,6,29,17.4258,-18633,83,A,-0.4200,-1.5,-56.5
493,12,24,19.5000,-18627,88,A,-0.1813,-34.1,-88.2
494,6,19,3.2867,-18621,93,T,0.3672,45.2,150.7
494,12,14,0.6314,-18615,98,A,-0.9095,-82.5,110.7
495,5,10,12.3806,-18610,65,P,-1.4013,-62.6,68.0
495,6,8,18.9781,-18609,103,P,1.0914,64.7,124.0
495,11,3,5.1208,-18604,70,P,1.4546,62.0,-178.4
496,4,29,4.5314,-18598,75,T,-0.7019,-26.0,153.3
496,10,22,9.4406,-18592,80,A,0.7070,28.5,79.5
497,4,18,15.4039,-18586,85,A,0.0554,14.3,-29.3
497,10,11,21.0781,-18580,90,T,-0.0243,-9.2,-116.2
498,4,7,18.9311,-18574,95,A,0.8337,53.5,-121.2
498,10,1,12.8850,-18568,100,T,-0.7082,-42.0,-19.5
499,2,26,3.5739,-18563,67,P,-1.3382,-61.2,-100.9
499,3,27,19.0981,-18562,105,P,1.5545,60.9,-177.1
499,8,22,17.5328,-18557,72,P,1.2532,61.4,52.9
499,9,21,4.1958,-18556,110,P,-1.4281,-61.0,49.8
500,2,15,11.1075,-18551,77,H,-0.5616,-42.2,60.6
500,8,11,0.5839,-18545,82,A,0.5458,44.7,-146.1
501,2,4,0.9142,-18539,87,T,0.1585,-7.4,-169.5
501,7,31,1.6211,-18533,92,A,-0.2016,7.4,176.1
502,1,24,16.9547,-18527,97,T,0.8396,35.1,-67.5
502,7,20,3.1933,-18521,102,A,-0.9434,-46.9,132.5
502,12,15,16.3975,-18516,69,P,-1.2652,-66.2,128.2
503,6,10,2.8511,-18510,74,T,0.9535,83.7,-27.9
503,12,4,19.4528,-18504,79,A,-0.6172,-61.1,-90.9
504,5,29,19.4378,-18498,84,T,0.1927,33.3,-90.2
504,11,22,18.4189,-18492,89,A,0.0592,-17.6,-75.0
505,5,19,12.2514,-18486,94,T,-0.5585,-13.7,22.1
505,11,11,20.9617,-18480,99,A,0.7399,29.0,-106.2
506,4,9,12.5139,-18475,66,P,1.3745,71.5,-99.3
506,5,9,0.6697,-18474,104,P,-1.3709,-69.5,-136.5
506,10,2,20.2222,-18469,71,P,-1.3089,-71.7,154.2
506,11,1,6.9181,-18468,109,P,1.3780,70.3,137.2
507,3,29,14.3486,-18463,76,A,0.6647,43.3,-26.8
507,9,22,12.4514,-18457,81,T,-0.6247,-36.8,0.7
508,3,17,14.8700,-18451,86,A,-0.0762,-4.7,-16.3
508,9,11,2.8847,-18445,91,H,0.0826,8.6,160.4
509,3,6,20.9847,-18439,96,A,-0.8024,-54.6,-83.9
509,8,31,11.3147,-18433,101,A,0.8538,62.5,65.1
510,1,26,0.2608,-18428,68,P,1.1778,69.3,175.2
510,2,24,9.9139,-18427,106,P,-1.4600,-71.3,175.6
510,7,21,21.1431,-18422,73,P,-1.2882,-68.6,-131.3
511,1,15,16.0014,-18416,78,T,0.5189,10.3,-36.4
511,7,11,0.2297,-18410,83,A,-0.4979,-7.6,-160.8
512,1,5,3.9842,-18404,88,A,-0.1769,-33.0,146.1
512,6,29,10.5033,-18398,93,T,0.2901,40.4,45.0
512,12,24,8.7825,-18392,98,A,-0.9062,-86.7,2.2
513,5,20,19.8803,-18387,65,P,-1.4713,-63.3,-54.5
513,6,19,2.4181,-18386,103,P,1.0176,65.6,1.6
513,11,13,13.1383,-18381,70,P,1.4630,62.7,51.6
514,5,10,11.8925,-18375,75,T,-0.7744,-29.6,42.0
514,11,2,17.7553,-18369,80,A,0.7173,26.7,-48.1
515,4,29,22.3939,-18363,85,A,-0.0175,14.1,-133.6
515,10,23,5.6036,-18357,90,T,-0.0076,-12.5,115.2
516,4,18,1.6489,-18351,95,A,0.7628,53.1,143.2
516,10,11,21.3731,-18345,100,T,-0.6864,-44.9,-147.7
517,3,8,11.0317,-18340,67,P,-1.3770,-60.9,137.8
517,4,7,1.9847,-18339,105,P,1.4893,61.0,70.1
517,9,2,1.1586,-18334,72,P,1.3044,61.1,-71.0
517,10,1,12.3806,-18333,110,P,-1.4042,-61.0,-82.5
518,2,25,19.1403,-18328,77,H,-0.5912,-39.6,-59.6
518,8,22,7.6206,-18322,82,A,0.6084,44.1,111.0
519,2,15,9.3322,-18316,87,T,0.1343,-5.2,63.6
519,8,11,8.3389,-18310,92,A,-0.1304,8.4,75.5
520,2,5,1.4872,-18304,97,T,0.8227,35.2,161.1
520,7,30,10.0742,-18298,102,A,-0.8693,-38.3,29.5
520,12,26,0.8092,-18293,69,P,-1.2721,-65.1,-9.0
521,6,20,10.1456,-18287,74,P,1.0248,65.8,-143.0
521,12,15,3.5372,-18281,79,A,-0.6230,-62.2,154.8
522,6,10,2.8761,-18275,84,T,0.2675,38.9,159.1
522,12,4,2.4983,-18269,89,A,0.0543,-19.7,163.9
523,5,30,19.5522,-18263,94,T,-0.4847,-6.9,-90.5
523,11,23,5.3414,-18257,99,A,0.7339,26.3,124.6
524,4,19,19.4683,-18252,66,P,1.4451,70.9,142.2
524,5,19,7.6236,-18251,104,P,-1.3006,-68.7,106.5
524,10,13,4.6992,-18246,71,P,-1.3264,-71.3,12.4
524,11,11,15.5694,-18245,109,P,1.3680,69.4,-5.9
525,4,8,21.1458,-18240,76,A,0.7309,52.4,-134.3
525,10,2,20.8036,-18234,81,T,-0.6521,-43.1,-127.7
526,3,28,21.9919,-18228,86,A,-0.0200,2.7,-125.8
526,9,22,10.8386,-18222,91,H,0.0476,2.3,38.9
527,3,18,4.6744,-18216,96,H,-0.7564,-46.8,154.4
527,9,11,18.7161,-18210,101,A,0.8106,54.6,-54.3
528,2,6,8.8058,-18205,68,P,1.1955,70.2,33.8
528,3,6,18.0414,-18204,106,P,-1.4232,-71.7,39.1
528,8,1,3.7950,-18199,73,P,-1.3595,-69.5,116.3
528,8,30,20.0261,-18198,111,P,1.5569,71.4,17.5
529,1,26,0.5922,-18193,78,T,0.5327,13.6,-167.6
529,7,21,7.1617,-18187,83,A,-0.5701,-14.2,92.2
530,1,15,12.3589,-18181,88,A,-0.1682,-30.6,21.6
530,7,10,17.8025,-18175,93,T,0.2166,35.0,-63.4
531,1,4,16.8550,-18169,98,A,-0.8996,-86.9,-25.1
531,6,30,9.8664,-18163,103,T,0.9440,85.2,-106.3
531,11,24,21.2508,-18158,70,P,1.4671,63.5,-80.1
532,5,20,19.1467,-18152,75,T,-0.8510,-35.4,-68.0
532,11,13,2.1844,-18146,80,A,0.7224,25.0,-177.6
533,5,10,5.2647,-18140,85,A,-0.0950,13.0,123.8
533,11,2,14.2544,-18134,90,T,0.0028,-15.6,-15.0
534,4,29,8.2369,-18128,95,A,0.6856,52.6,50.0
534,10,23,5.9736,-18122,100,T,-0.6704,-48.4,82.8
535,3,19,18.3825,-18117,67,P,-1.4213,-60.9,18.1
535,4,18,8.7650,-18116,105,P,1.4182,61.4,-41.1
535,9,13,8.8919,-18111,72,P,1.3493,60.9,163.6
535,10,12,20.6836,-18110,110,P,-1.3865,-61.3,143.5
536,3,8,3.0542,-18105,77,T,-0.6276,-37.4,-178.3
536,9,1,14.7808,-18099,82,A,0.6640,43.0,5.4
537,2,25,17.6447,-18093,87,T,0.1043,-2.9,-61.7
537,8,21,15.1808,-18087,92,A,-0.0653,8.4,-27.0
538,2,15,9.9206,-18081,97,T,0.8012,35.7,31.8
538,8,10,17.0872,-18075,102,A,-0.8005,-33.5,-76.3
539,1,6,9.1458,-18070,69,P,-1.2818,-64.1,-144.5
539,7,1,17.4775,-18064,74,P,1.0948,64.9,96.2
539,7,31,1.9839,-18063,112,P,-1.4924,-62.6,123.1
539,12,26,11.5778,-18058,79,A,-0.6305,-62.0,41.4
540,6,20,10.3328,-18052,84,T,0.3414,43.7,49.4
540,12,14,10.5672,-18046,89,A,0.0482,-20.9,43.2
541,6,10,2.8414,-18040,94,T,-0.4108,-1.0,157.9
541,12,3,13.7647,-18034,99,A,0.7288,24.3,-5.0
542,5,1,2.2828,-18029,66,P,1.5211,70.2,26.4
542,5,30,14.4931,-18028,104,P,-1.2268,-67.7,-8.7
542,10,24,13.2942,-18023,71,P,-1.3386,-70.7,-130.8
542,11,23,0.2936,-18022,109,P,1.3612,68.4,-149.3
543,4,20,3.7914,-18017,76,A,0.8044,62.4,118.1
543,10,14,5.2861,-18011,81,T,-0.6726,-48.9,102.6
544,4,8,4.9625,-18005,86,A,0.0445,10.4,126.9
544,10,2,18.9344,-17999,91,H,0.0206,-3.5,-84.5
545,3,28,12.2444,-17993,96,H,-0.7036,-38.7,35.1
545,9,22,2.2333,-17987,101,A,0.7737,47.4,-173.0
546,2,16,17.2522,-17982,68,P,1.2181,70.9,-106.7
546,3,18,2.0628,-17981,106,P,-1.3808,-71.9,-96.0
546,8,12,10.5581,-17976,73,P,-1.4253,-70.4,1.6
546,9,11,3.1394,-17975,111,P,1.5085,71.8,-103.8
547,2,6,9.0789,-17970,78,T,0.5516,17.7,62.5
547,8,1,14.1914,-17964,83,A,-0.6384,-21.3,-17.0
548,1,26,20.6378,-17958,88,A,-0.1553,-27.2,-102.2
548,7,21,1.1922,-17952,93,T,0.1468,29.0,-174.2
549,1,15,0.8411,-17946,98,A,-0.8891,-82.1,-127.7
549,7,10,17.3867,-17940,103,T,0.8739,83.1,-38.7
549,12,5,5.4092,-17935,70,P,1.4693,64.5,147.2
550,1,4,0.0686,-17934,108,P,-1.5674,-67.3,19.5
550,6,1,2.3511,-17929,75,T,-0.9293,-44.5,-177.2
550,11,24,10.6833,-17923,80,A,0.7249,23.7,51.8
551,5,21,12.0506,-17917,85,A,-0.1757,10.9,22.4
551,11,13,22.9806,-17911,90,T,0.0101,-18.4,-146.1
552,5,9,14.7300,-17905,95,A,0.6037,51.6,-41.6
552,11,2,14.6736,-17899,100,T,-0.6597,-52.2,-47.4
553,3,30,1.6147,-17894,67,P,-1.4721,-61.0,-99.8
553,4,28,15.4683,-17893,105,P,1.3421,61.8,-151.2
553,9,23,16.7383,-17888,72,P,1.3880,60.8,36.5
553,10,23,5.0744,-17887,110,P,-1.3737,-61.6,8.1
554,3,19,10.8467,-17882,77,T,-0.6708,-35.9,64.5
554,9,12,22.0692,-17876,82,A,0.7127,41.8,-103.1
555,3,9,1.7994,-17870,87,T,0.0662,-0.7,175.4
555,9,1,22.1794,-17864,92,A,-0.0076,7.4,-131.9
556,2,26,18.1906,-17858,97,T,0.7721,36.2,-94.4
556,8,21,0.2625,-17852,102,A,-0.7387,-31.0,175.3
557,1,16,17.3783,-17847,69,P,-1.2959,-63.2,81.8
557,2,15,7.3244,-17846,107,P,1.5320,61.6,28.6
557,7,12,0.8864,-17841,74,P,1.1616,64.0,-25.4
557,8,10,9.4778,-17840,112,P,-1.4288,-62.0,0.9
558,1,5,19.5792,-17835,79,A,-0.6398,-60.5,-72.3
558,7,1,17.7869,-17829,84,T,0.4153,47.5,-59.0
558,12,25,18.6558,-17823,89,A,0.0427,-21.2,-77.7
559,6,21,10.0919,-17817,94,T,-0.3354,4.1,47.6
559,12,14,22.2231,-17811,99,A,0.7250,23.0,-135.1
560,6,9,21.3156,-17805,104,P,-1.1512,-66.7,-122.7
560,11,3,21.9964,-17800,71,P,-1.3461,-69.9,85.0
560,12,3,9.0694,-17799,109,P,1.3564,67.3,67.0
561,4,30,10.3606,-17794,76,A,0.8811,73.1,3.9
561,10,24,13.8497,-17788,81,T,-0.6888,-54.5,-27.3
562,4,19,11.8753,-17782,86,A,0.1125,18.2,20.6
562,10,14,3.1239,-17776,91,A,-0.0010,-9.0,150.9
563,4,8,19.7078,-17770,96,T,-0.6445,-30.6,-82.0
563,10,3,9.8808,-17764,101,A,0.7438,41.0,67.4
564,2,28,1.5547,-17759,68,P,1.2481,71.5,114.5
564,3,28,9.9542,-17758,106,P,-1.3317,-71.8,130.8
564,8,22,17.4881,-17753,73,P,-1.4832,-71.0,-116.1
564,9,21,10.4156,-17752,111,P,1.4676,72.0,132.2
565,2,16,17.4103,-17747,78,T,0.5777,22.8,-65.5
565,8,11,21.3942,-17741,83,A,-0.6988,-28.6,-129.5
566,2,6,4.7714,-17735,88,A,-0.1361,-22.8,135.5
566,8,1,8.6836,-17729,93,T,0.0815,22.6,72.6
567,1,26,8.7081,-17723,98,A,-0.8734,-76.4,112.3
567,7,22,0.9664,-17717,103,T,0.8068,73.4,-153.4
567,12,16,13.5897,-17712,70,P,1.4708,65.5,13.9
568,1,15,7.9664,-17711,108,P,-1.5538,-68.4,-110.9
568,6,11,9.5011,-17706,75,P,-1.0092,-65.0,79.7
568,12,4,19.2500,-17700,80,A,0.7245,22.9,-79.9
569,5,31,18.7550,-17694,85,A,-0.2596,7.7,-78.2
569,11,24,7.7789,-17688,90,T,0.0140,-20.6,82.0
570,5,20,21.1425,-17682,95,A,0.5179,49.8,-132.0
570,11,13,23.4572,-17676,100,T,-0.6534,-56.0,-177.8
571,4,10,8.7283,-17671,67,P,-1.5289,-61.3,144.0
571,5,9,22.0789,-17670,105,P,1.2604,62.5,99.9
571,10,5,0.7036,-17665,72,P,1.4200,60.9,-92.3
571,11,3,13.5672,-17664,110,P,-1.3665,-62.2,-128.9
572,3,29,18.5361,-17659,77,T,-0.7198,-35.3,-51.2
572,9,23,5.4814,-17653,82,A,0.7545,40.6,145.5
573,3,19,9.8542,-17647,87,T,0.0228,1.5,54.2
573,9,12,5.3314,-17641,92,A,0.0425,5.7,120.7
574,3,9,2.3453,-17635,97,T,0.7376,37.1,141.8
574,9,1,7.5844,-17629,102,A,-0.6831,-30.1,64.7
575,1,28,1.5003,-17624,69,P,-1.3147,-62.4,-49.9
575,2,26,15.3089,-17623,107,P,1.5067,61.3,-100.7
575,7,23,8.3833,-17618,74,P,1.2247,63.2,-148.1
575,8,21,17.1142,-17617,112,P,-1.3710,-61.5,-123.3
576,1,17,3.4611,-17612,79,A,-0.6547,-58.4,174.5
576,7,12,1.3122,-17606,84,T,0.4856,50.0,-167.5
577,1,5,2.6844,-17600,89,A,0.0334,-20.7,162.3
577,7,1,17.3644,-17594,94,T,-0.2618,8.3,-62.4
577,12,25,6.6642,-17588,99,A,0.7194,22.2,95.2
578,6,21,4.1086,-17582,104,P,-1.0745,-65.7,124.2
578,11,15,6.7811,-17577,71,P,-1.3501,-69.0,-59.8
578,12,14,17.8586,-17576,109,P,1.3521,66.2,-76.2
579,5,11,16.8014,-17571,76,A,0.9638,80.3,-163.3
579,11,4,22.5292,-17565,81,T,-0.6991,-59.4,-157.1
580,4,29,18.6858,-17559,86,A,0.1866,25.9,-83.6
580,10,24,11.4258,-17553,91,A,-0.0163,-13.9,25.2
581,4,19,3.0872,-17547,96,T,-0.5800,-22.6,162.8
581,10,13,17.6564,-17541,101,A,0.7205,35.4,-53.5
582,3,10,9.7453,-17536,68,P,1.2837,71.8,-23.1
582,4,8,17.7433,-17535,106,P,-1.2773,-71.4,-0.6
582,9,3,0.5578,-17530,73,P,-1.5345,-71.5,123.5
582,10,2,17.8389,-17529,111,P,1.4333,71.8,6.0
583,2,28,1.6244,-17524,78,T,0.6092,28.7,167.8
583,8,23,4.7394,-17518,83,A,-0.7529,-36.1,115.2
584,2,17,12.7572,-17512,88,A,-0.1105,-17.5,14.7
584,8,11,16.3097,-17506,93,T,0.0224,16.1,-43.4
585,2,5,16.4611,-17500,98,A,-0.8529,-70.2,-8.9
585,8,1,8.6317,-17494,103,T,0.7441,64.6,89.6
585,12,26,21.7578,-17489,70,P,1.4733,66.5,-119.7
586,1,25,15.7869,-17488,108,P,-1.5361,-69.4,119.2
586,6,22,16.6422,-17483,75,P,-1.0883,-66.0,-38.3
586,7,22,1.1219,-17482,113,P,1.4880,68.6,-15.5
586,12,16,3.8228,-17477,80,A,0.7247,22.7,148.3
587,6,12,1.4081,-17471,85,A,-0.3451,3.4,-178.6
587,12,5,16.6078,-17465,90,T,0.0167,-22.1,-50.1
588,5,31,3.5194,-17459,95,A,0.4303,47.1,137.4
588,11,24,8.2739,-17453,100,T,-0.6490,-59.3,53.1
589,5,20,4.6722,-17447,105,P,1.1766,63.2,-8.9
589,10,15,8.7864,-17442,72,P,1.4453,61.2,137.0
589,11,13,22.1256,-17441,110,P,-1.3634,-62.9,92.9
590,4,10,2.1111,-17436,77,T,-0.7752,-36.0,-165.2
590,10,4,13.0333,-17430,82,A,0.7888,39.5,31.1
591,3,30,17.7639,-17424,87,T,-0.0281,3.2,-64.8
591,9,23,12.6636,-17418,92,A,0.0843,3.4,10.3
592,3,19,10.3239,-17412,97,T,0.6948,38.0,21.5
592,9,11,15.1006,-17406,102,A,-0.6360,-30.6,-48.8
593,2,7,9.4881,-17401,69,P,-1.3396,-61.8,-179.5
593,3,8,23.1317,-17400,107,P,1.4742,61.0,132.5
593,8,2,15.9722,-17395,74,P,1.2839,62.5,88.2
593,9,1,0.8875,-17394,112,P,-1.3190,-61.1,110.6
594,1,27,11.2597,-17389,79,A,-0.6735,-55.7,60.9
594,7,23,8.8794,-17383,84,T,0.5537,51.3,83.9
595,1,16,10.6656,-17377,89,A,0.0214,-19.5,42.9
595,7,13,0.6400,-17371,94,T,-0.1891,11.4,-171.9
596,1,5,15.0919,-17365,99,A,0.7123,22.0,-34.2
596,7,1,10.9092,-17359,104,A,-0.9988,-64.7,11.5
596,11,25,15.6136,-17354,71,P,-1.3524,-68.0,155.2
596,12,25,2.6336,-17353,109,P,1.3467,65.2,141.2
597,5,21,23.2236,-17348,76,P,1.0472,68.5,46.0
597,11,15,7.2700,-17342,81,T,-0.7064,-63.7,74.5
598,5,11,1.4558,-17336,86,A,0.2635,33.6,173.4
598,11,4,19.8044,-17330,91,A,-0.0271,-18.0,-101.3
599,4,30,10.3989,-17324,96,T,-0.5110,-14.8,49.1
599,10,25,1.5433,-17318,101,A,0.7033,30.6,-175.5
600,3,20,17.7836,-17313,68,P,1.3269,71.8,-158.5
600,4,19,1.4247,-17312,106,P,-1.2171,-70.9,-130.0
600,10,13,1.4225,-17306,111,P,1.4062,71.5,-122.5
601,3,10,9.6761,-17301,78,T,0.6483,35.3,43.1
601,9,2,12.2475,-17295,83,A,-0.7997,-43.5,-3.3
602,2,27,20.5778,-17289,88,A,-0.0774,-11.6,-104.3
602,8,23,0.0667,-17283,93,T,-0.0306,9.5,-161.7
603,2,17,0.0342,-17277,98,A,-0.8236,-63.4,-128.4
603,8,12,16.3928,-17271,103,T,0.6860,56.4,-29.3
604,1,7,5.8917,-17266,70,P,1.4780,67.6,106.7
604,2,5,23.4833,-17265,108,P,-1.5118,-70.3,-9.5
604,7,2,23.7828,-17260,75,P,-1.1665,-67.0,-156.6
604,8,1,8.6308,-17259,113,P,1.4301,69.5,-140.7
604,12,26,12.3942,-17254,80,A,0.7257,23.3,16.6
605,6,22,8.0442,-17248,85,A,-0.4305,-1.8,80.6
605,12,16,1.4692,-17242,90,T,0.0181,-22.7,177.6
606,6,11,9.8481,-17236,95,A,0.3401,43.1,46.5
606,12,5,17.1450,-17230,100,T,-0.6476,-62.1,-75.0
607,5,31,11.2372,-17224,105,P,1.0906,64.0,-117.5
607,10,26,16.9725,-17219,72,P,1.4652,61.7,4.7
607,11,25,6.7378,-17218,110,P,-1.3633,-63.7,-46.4
608,4,20,9.6103,-17213,77,T,-0.8352,-38.3,82.0
608,10,14,20.7122,-17207,82,A,0.8163,38.5,-86.0
609,4,10,1.5944,-17201,87,T,-0.0835,4.5,177.6
609,10,3,20.1275,-17195,92,A,0.1201,0.9,-102.1
610,3,30,18.1961,-17189,97,T,0.6469,39.2,-96.4
610,9,22,22.7750,-17183,102,A,-0.5956,-32.2,-164.6
611,2,18,17.3056,-17178,69,P,-1.3719,-61.3,53.8
611,3,20,6.7758,-17177,107,P,1.4339,61.0,8.4
611,8,13,23.6878,-17172,74,P,1.3374,61.9,-37.3
611,9,12,8.8261,-17171,112,P,-1.2744,-60.9,-17.9
612,2,7,18.9039,-17166,79,A,-0.6997,-53.0,-51.4
612,8,2,16.5550,-17160,84,T,0.6163,51.5,-26.5
613,1,26,18.5331,-17154,89,A,0.0030,-17.9,-74.9
613,7,23,7.9908,-17148,94,T,-0.1207,13.4,78.0
614,1,15,23.4564,-17142,99,A,0.7011,22.2,-162.5
614,7,12,17.7150,-17136,104,A,-0.9237,-43.7,-84.8
614,12,7,0.4944,-17131,71,P,-1.3529,-67.0,10.2
615,1,5,11.3822,-17130,109,P,1.3397,64.2,-0.6
615,6,2,5.5833,-17125,76,P,1.1337,67.4,-61.3
615,11,26,16.0731,-17119,81,T,-0.7105,-67.0,-51.7
616,5,21,8.1783,-17113,86,A,0.3438,40.9,72.2
616,11,15,4.2725,-17107,91,A,-0.0331,-21.4,131.5
617,5,10,17.6581,-17101,96,T,-0.4384,-7.4,-63.2
617,11,4,9.5217,-17095,101,A,0.6910,26.6,61.4
618,4,1,1.7158,-17090,68,P,1.3754,71.6,67.9
618,4,30,9.0292,-17089,106,P,-1.1526,-70.2,102.3
618,10,24,9.1408,-17083,111,P,1.3853,70.8,107.5
619,3,21,17.5767,-17078,78,T,0.6944,42.8,-80.0
619,9,13,19.9217,-17072,83,A,-0.8391,-50.7,-125.2
620,3,10,4.2417,-17066,88,A,-0.0373,-5.1,138.5
620,9,2,7.9639,-17060,93,T,-0.0772,2.9,77.6
621,2,27,7.4708,-17054,98,A,-0.7879,-56.1,114.2
621,8,23,0.2733,-17048,103,T,0.6340,48.6,-150.4
622,1,17,13.9706,-17043,70,P,1.4858,68.7,-26.7
622,2,16,7.0728,-17042,108,P,-1.4819,-71.0,-137.1
622,7,14,6.9406,-17037,75,P,-1.2426,-68.0,84.3
622,8,12,16.2119,-17036,113,P,1.3763,70.3,92.4
623,1,6,20.9308,-17031,80,A,0.7292,24.7,-114.7
623,7,3,14.6897,-17025,85,A,-0.5142,-8.0,-21.1
623,12,27,10.2903,-17019,90,T,0.0217,-22.2,45.8
624,6,21,16.2094,-17013,95,A,0.2517,38.3,-46.2
624,12,16,2.0061,-17007,100,T,-0.6465,-63.6,159.0
625,6,10,17.8219,-17001,105,A,1.0042,64.9,133.3
625,11,6,1.2333,-16996,72,P,1.4805,62.3,-128.8
625,12,5,15.3603,-16995,110,P,-1.3647,-64.6,173.9
626,5,1,17.0294,-16990,77,T,-0.8997,-42.9,-29.1
626,10,26,4.5172,-16984,82,A,0.8372,37.8,154.2
627,4,21,9.2811,-16978,87,T,-0.1462,5.0,62.3
627,10,15,3.7750,-16972,92,A,0.1470,-1.9,142.4
628,4,10,1.9117,-16966,97,T,0.5919,40.2,148.8
628,10,3,6.6239,-16960,102,A,-0.5632,-34.6,77.1
629,3,1,0.9692,-16955,69,P,-1.4107,-61.0,-70.6
629,3,30,14.2700,-16954,107,P,1.3872,61.1,-113.4
629,8,24,7.5331,-16949,74,P,1.3849,61.5,-164.6
629,9,22,16.9211,-16948,112,P,-1.2369,-60.8,-148.7
630,2,18,2.4336,-16943,79,A,-0.7313,-50.5,-162.9
630,8,14,0.2981,-16937,84,T,0.6751,50.9,-138.7
631,2,7,2.3261,-16931,89,A,-0.0196,-15.8,168.2
631,8,3,15.3947,-16925,94,T,-0.0557,14.3,-32.8
632,1,27,7.7503,-16919,99,A,0.6856,22.7,70.5
632,7,23,0.5836,-16913,104,A,-0.8522,-35.9,170.9
632,12,17,9.3817,-16908,71,P,-1.3539,-65.9,-134.4
633,1,15,20.0786,-16907,109,P,1.3295,63.3,-141.2
633,6,12,11.9561,-16902,76,P,1.2191,66.4,-168.2
633,12,7,0.8844,-16896,81,T,-0.7139,-68.9,-175.0
634,6,1,14.9103,-16890,86,A,0.4246,47.8,-27.7
634,11,26,12.7669,-16884,91,A,-0.0369,-23.9,4.4
635,5,22,0.8769,-16878,96,T,-0.3629,-0.4,-174.3
635,11,15,17.5736,-16872,101,A,0.6828,23.4,-62.5
636,4,11,9.5219,-16867,68,P,1.4301,71.2,-63.6
636,5,10,16.5714,-16866,106,P,-1.0847,-69.3,-23.9
636,11,3,16.9639,-16860,111,P,1.3690,70.0,-23.5
637,4,1,1.3311,-16855,78,T,0.7473,50.9,158.3
637,9,24,3.7747,-16849,83,A,-0.8707,-57.5,109.4
638,3,21,11.7211,-16843,88,A,0.0112,1.9,23.8
638,9,13,16.0106,-16837,93,T,-0.1169,-3.6,-45.4
639,3,10,14.7261,-16831,98,A,-0.7434,-48.3,-0.3
639,9,3,8.2836,-16825,103,T,0.5887,41.3,86.5
640,1,28,21.9539,-16820,70,P,1.4986,69.6,-159.2
640,2,27,14.5081,-16819,108,P,-1.4439,-71.6,97.0
640,7,24,14.1553,-16814,75,P,-1.3147,-69.0,-36.2
640,8,22,23.9078,-16813,113,P,1.3287,71.0,-36.8
641,1,17,5.4272,-16808,80,A,0.7350,27.0,114.5
641,7,13,21.3492,-16802,85,A,-0.5962,-15.0,-123.9
642,1,6,19.0978,-16796,90,T,0.0263,-20.8,-85.9
642,7,2,22.5853,-16790,95,A,0.1639,32.6,-140.5
642,12,27,10.8575,-16784,100,T,-0.6448,-63.7,34.0
643,6,22,0.4308,-16778,105,A,0.9176,85.5,94.4
643,11,17,9.5703,-16773,72,P,1.4917,63.0,96.3
643,12,16,23.9894,-16772,110,P,-1.3669,-65.6,33.8
644,5,12,0.4186,-16767,77,T,-0.9666,-51.6,-137.6
644,11,5,12.4006,-16761,82,A,0.8539,37.4,32.6
645,5,1,16.9233,-16755,87,T,-0.2115,4.7,-52.4
645,10,25,11.5456,-16749,92,A,0.1682,-4.5,25.2
646,4,21,9.5178,-16743,97,T,0.5316,41.0,36.5
646,10,14,14.6294,-16737,102,A,-0.5375,-37.6,-43.2
647,3,12,8.4564,-16732,69,P,-1.4573,-60.8,167.7
647,4,10,21.6033,-16731,107,P,1.3334,61.3,127.1
647,9,4,15.5281,-16726,74,P,1.4260,61.2,65.9
647,10,4,1.1750,-16725,112,P,-1.2065,-60.9,78.1
648,2,29,9.7733,-16720,79,A,-0.7722,-48.8,88.3
648,8,24,8.1817,-16714,84,T,0.7270,49.8,105.7
649,2,17,9.9867,-16708,89,A,-0.0499,-13.6,53.2
649,8,13,22.8817,-16702,94,T,0.0045,14.2,-144.8
650,2,6,15.9456,-16696,99,A,0.6641,23.5,-54.7
650,8,3,7.5053,-16690,104,A,-0.7836,-30.9,66.0
650,12,28,18.2444,-16685,71,P,-1.3564,-64.9,81.8
651,1,27,4.6778,-16684,109,P,1.3144,62.5,79.9
651,6,23,18.3231,-16679,76,P,1.3048,65.4,85.3
651,7,23,9.4806,-16678,114,P,-1.5588,-63.1,11.9
651,12,18,9.7081,-16673,81,T,-0.7167,-69.2,63.2
652,6,11,21.6528,-16667,86,A,0.5057,54.0,-125.7
652,12,6,21.2808,-16661,91,A,-0.0391,-25.5,-122.6
653,6,1,8.0942,-16655,96,T,-0.2861,5.9,75.5
653,11,26,1.6875,-16649,101,A,0.6779,21.1,172.8
654,4,22,17.2200,-16644,68,P,1.4901,70.6,167.0
654,5,22,0.0486,-16643,106,P,-1.0131,-68.4,-148.6
654,11,15,0.9028,-16637,111,P,1.3578,69.1,-155.6
655,4,12,8.9494,-16632,78,T,0.8065,59.8,36.8
655,10,5,11.7872,-16626,83,A,-0.8953,-63.9,-19.5
656,3,31,19.0469,-16620,88,A,0.0666,9.2,-88.7
656,9,24,0.2069,-16614,93,T,-0.1496,-9.7,-170.5
657,3,20,21.8511,-16608,98,A,-0.6929,-40.4,-112.4
657,9,13,16.4017,-16602,103,T,0.5490,34.4,-38.3
658,2,8,5.8508,-16597,70,P,1.5160,70.4,69.0
658,3,9,21.8325,-16596,108,P,-1.3999,-71.9,-27.5
658,8,4,21.4306,-16591,75,P,-1.3825,-69.9,-158.2
658,9,3,7.7031,-16590,113,P,1.2866,71.5,-167.9
659,1,28,13.8214,-16585,80,H,0.7468,30.3,-15.0
659,7,25,4.0744,-16579,85,A,-0.6740,-22.7,131.5
660,1,18,3.8175,-16573,90,T,0.0354,-18.2,143.3
660,7,13,5.0492,-16567,95,A,0.0801,26.4,122.7
661,1,6,19.6331,-16561,100,T,-0.6398,-62.1,-90.6
661,7,2,7.1228,-16555,105,A,0.8339,79.9,88.8
661,11,27,17.9475,-16550,72,P,1.5001,63.9,-39.4
661,12,27,8.5806,-16549,110,P,-1.3681,-66.7,-106.2
662,5,23,7.7450,-16544,77,P,-1.0371,-63.5,118.9
662,6,21,15.9767,-16543,115,P,1.5377,66.0,148.9
662,11,16,20.3864,-16538,82,A,0.8650,37.2,-91.0
663,5,13,0.4617,-16532,87,T,-0.2818,3.4,-165.7
663,11,5,19.4619,-16526,92,A,0.1826,-7.1,-94.3
664,5,1,16.9986,-16520,97,T,0.4658,41.3,-73.2
664,10,24,22.7961,-16514,102,A,-0.5193,-40.9,-165.6
665,3,22,15.7889,-16509,69,P,-1.5106,-60.8,48.4
665,4,21,4.8003,-16508,107,P,1.2736,61.7,9.7
665,9,14,23.6411,-16503,74,P,1.4618,61.0,-65.2
665,10,14,9.5561,-16502,112,P,-1.1819,-61.2,-57.0
666,3,11,16.9944,-16497,79,A,-0.8187,-47.9,-18.8
666,9,4,16.1594,-16491,84,T,0.7740,48.5,-12.3
667,2,28,17.5267,-16485,89,A,-0.0868,-11.3,-60.1
667,8,25,6.4603,-16479,94,T,0.0594,13.3,101.8
668,2,18,0.0456,-16473,99,A,0.6371,24.5,-178.1
668,8,13,14.5214,-16467,104,A,-0.7202,-28.1,-40.3
669,1,8,3.0550,-16462,71,P,-1.3617,-63.9,-60.8
669,2,6,13.1894,-16461,109,P,1.2949,61.9,-57.5
669,7,4,0.7686,-16456,76,P,1.3865,64.5,-21.9
669,8,2,16.1017,-16455,114,P,-1.4861,-62.4,-97.3
669,12,28,18.4928,-16450,81,T,-0.7212,-68.0,-58.9
670,6,23,4.4350,-16444,86,A,0.5856,59.2,138.4
670,12,18,5.7794,-16438,91,A,-0.0415,-26.1,110.8
671,6,12,15.3275,-16432,96,T,-0.2090,11.4,-34.3
671,12,7,9.8050,-16426,101,A,0.6733,19.4,48.2
672,6,1,7.5128,-16420,106,T,-0.9404,-48.1,85.4
672,11,25,8.9072,-16414,111,P,1.3490,68.0,72.0
673,4,22,16.4381,-16409,78,T,0.8714,69.6,-88.0
673,10,15,19.9497,-16403,83,A,-0.9133,-69.6,-151.9
674,4,12,2.2067,-16397,88,A,0.1295,16.8,161.4
674,10,5,8.5556,-16391,93,T,-0.1750,-15.5,62.4
675,4,1,4.7775,-16385,98,A,-0.6326,-32.1,138.6
675,9,25,0.6697,-16379,103,T,0.5170,28.0,-165.2
676,2,19,13.6286,-16374,70,P,1.5396,71.1,-61.6
676,3,20,5.0122,-16373,108,P,-1.3481,-72.0,-150.1
676,8,15,4.7950,-16368,75,P,-1.4450,-70.7,77.9
676,9,13,15.6200,-16367,113,P,1.2509,71.8,58.7
677,2,7,22.1378,-16362,80,H,0.7632,34.4,-143.7
677,8,4,10.8728,-16356,85,A,-0.7474,-31.0,24.7
678,1,28,12.4761,-16350,90,T,0.0480,-14.8,13.0
678,7,24,11.5686,-16344,95,A,-0.0011,19.6,24.1
679,1,18,4.3611,-16338,100,T,-0.6329,-59.1,143.5
679,7,13,13.8961,-16332,105,A,0.7531,70.6,-2.3
679,12,9,2.3339,-16327,72,P,1.5072,64.9,-175.5
680,1,7,17.1050,-16326,110,P,-1.3669,-67.7,114.3
680,6,2,15.0831,-16321,77,P,-1.1075,-64.4,-1.5
680,7,1,23.1717,-16320,115,P,1.4605,67.0,29.8
680,11,27,4.4147,-16315,82,A,0.8734,37.3,144.4
681,5,23,7.9714,-16309,87,T,-0.3538,1.2,81.2
681,11,16,3.4544,-16303,92,A,0.1936,-9.2,145.3
682,5,13,0.3969,-16297,97,T,0.3964,40.8,178.7
682,11,5,7.0769,-16291,102,A,-0.5056,-44.3,71.0
683,5,2,11.8478,-16285,107,P,1.2071,62.2,-105.7
683,9,26,7.9119,-16280,74,P,1.4907,61.0,161.3
683,10,25,18.0758,-16279,112,P,-1.1635,-61.7,165.7
684,3,22,0.0372,-16274,79,A,-0.8738,-48.6,-122.4
684,9,15,0.2714,-16268,84,T,0.8140,47.2,-133.6
685,3,11,0.9286,-16262,89,A,-0.1313,-9.2,-171.3
685,9,4,14.1569,-16256,94,H,0.1074,11.6,-13.7
686,2,28,8.0136,-16250,99,H,0.6026,25.7,61.0
686,8,24,21.6294,-16244,104,A,-0.6619,-26.8,-147.8
687,1,19,11.8008,-16239,71,P,-1.3707,-63.1,157.9
687,2,17,21.5797,-16238,109,P,1.2691,61.4,167.1
687,7,15,7.2736,-16233,76,P,1.4655,63.7,-129.7
687,8,13,22.8369,-16232,114,P,-1.4180,-61.7,152.0
688,1,9,3.2192,-16227,81,T,-0.7284,-65.6,177.5
688,7,3,11.2881,-16221,86,A,0.6632,63.1,44.4
688,12,28,14.2553,-16215,91,A,-0.0447,-25.8,-15.4
689,6,22,22.5792,-16209,96,T,-0.1319,16.1,-143.6
689,12,17,17.9350,-16203,101,A,0.6698,18.4,-76.4
690,6,12,14.9544,-16197,106,T,-0.8662,-36.8,-31.7
690,12,6,16.9647,-16191,111,P,1.3426,66.9,-60.6
691,5,3,23.8033,-16186,78,T,0.9415,78.9,123.0
691,10,27,4.2547,-16180,83,A,-0.9252,-74.7,72.2
692,4,22,9.2433,-16174,88,A,0.1975,24.5,53.6
692,10,15,17.0153,-16168,93,T,-0.1952,-21.0,-65.9
693,4,11,11.6003,-16162,98,A,-0.5674,-23.9,31.8
693,10,5,9.0531,-16156,103,T,0.4910,22.2,66.3
694,3,31,12.0686,-16150,108,P,-1.2894,-71.8,89.3
694,8,26,12.2511,-16145,75,P,-1.5020,-71.3,-47.9
694,9,24,23.6528,-16144,113,P,1.2216,71.8,-76.6
695,2,19,6.3275,-16139,80,T,0.7865,39.6,88.8
695,8,15,17.7833,-16133,85,A,-0.8142,-39.7,-84.9
696,2,8,20.9994,-16127,90,T,0.0674,-10.3,-115.8
696,8,3,18.2311,-16121,95,A,-0.0754,12.6,-77.4
697,1,28,12.9767,-16115,100,T,-0.6210,-54.9,16.9
697,7,23,20.7669,-16109,105,A,0.6761,61.7,-103.5
697,12,19,10.7053,-16104,72,P,1.5144,65.9,48.1
698,1,18,1.5414,-16103,110,P,-1.3624,-68.7,-24.4
698,6,13,22.4061,-16098,77,P,-1.1789,-65.3,-122.0
698,7,13,6.4231,-16097,115,P,1.3851,68.0,-90.6
698,12,8,12.4792,-16092,82,A,0.8799,37.8,19.0
699,6,3,15.4153,-16086,87,T,-0.4291,-2.2,-31.3
699,11,27,11.5453,-16080,92,A,0.2003,-10.7,23.5
700,5,23,7.7139,-16074,97,T,0.3233,39.4,72.0
700,11,15,15.4592,-16068,102,A,-0.4962,-47.4,-53.0
701,5,12,18.8017,-16062,107,P,1.1366,62.8,140.2
701,10,6,16.3106,-16057,74,P,1.5138,61.2,25.9
701,11,5,2.7064,-16056,112,P,-1.1502,-62.3,26.6
702,4,2,6.9447,-16051,79,A,-0.9353,-51.7,138.2
702,9,26,8.4969,-16045,84,T,0.8481,46.2,102.4
703,3,22,8.2189,-16039,89,A,-0.1819,-7.5,79.2
703,9,15,21.9658,-16033,94,H,0.1492,9.4,-131.1
704,3,10,15.8747,-16027,99,H,0.5619,27.1,-57.8
704,9,4,4.8683,-16021,104,A,-0.6104,-26.8,102.8
705,1,29,20.4611,-16016,71,P,-1.3844,-62.4,18.1
705,2,28,5.8683,-16015,109,P,1.2380,61.1,33.3
705,7,25,13.8769,-16010,76,P,1.5397,62.9,121.2
705,8,24,5.6931,-16009,114,P,-1.3552,-61.3,39.7
706,1,19,11.8633,-16004,81,T,-0.7395,-62.5,52.6
706,7,14,18.2319,-15998,86,A,0.7372,65.4,-48.4
707,1,8,22.6364,-15992,91,A,-0.0520,-24.8,-140.3
707,7,4,5.8956,-15986,96,T,-0.0573,19.8,106.8
707,12,29,2.0094,-15980,101,A,0.6636,17.9,159.8
708,6,22,22.4253,-15974,106,T,-0.7933,-28.8,-147.5
708,12,17,1.0158,-15968,111,P,1.3352,65.8,167.5
709,5,14,7.0764,-15963,78,P,1.0154,69.1,-68.7
709,11,6,12.6856,-15957,83,A,-0.9319,-79.2,-67.4
710,5,3,16.1131,-15951,88,A,0.2731,32.3,-51.2
710,10,27,1.6219,-15945,93,T,-0.2087,-25.7,164.3
711,4,22,18.2578,-15939,98,A,-0.4937,-15.6,-72.2
711,10,16,17.5708,-15933,103,T,0.4719,17.1,-64.0
712,4,10,18.9997,-15927,108,P,-1.2234,-71.4,-29.1
712,10,5,7.8150,-15921,113,P,1.1989,71.6,146.2
713,3,1,14.4264,-15916,80,T,0.8151,45.7,-38.0
713,8,26,0.7750,-15910,85,A,-0.8762,-49.0,162.1
714,2,19,5.4400,-15904,90,T,0.0914,-5.2,116.1
714,8,15,0.9917,-15898,95,A,-0.1449,5.4,179.0
715,2,8,21.4808,-15892,100,T,-0.6040,-49.8,-110.1
715,8,4,3.7669,-15886,105,A,0.6044,53.3,150.8
715,12,30,19.0336,-15881,72,P,1.5228,67.0,-88.0
716,1,29,9.8708,-15880,110,P,-1.3537,-69.7,-162.2
716,6,24,5.7808,-15875,77,P,-1.2484,-66.3,116.4
716,7,23,13.7858,-15874,115,P,1.3140,68.9,146.8
716,12,18,20.5153,-15869,82,A,0.8874,39.0,-106.1
717,6,13,22.8744,-15863,87,T,-0.5035,-6.5,-144.6
717,12,7,19.6650,-15857,92,A,0.2059,-11.6,-98.6
718,6,3,14.9650,-15851,97,T,0.2478,36.9,-34.1
718,11,26,23.9189,-15845,102,A,-0.4900,-50.1,-177.1
719,5,24,1.6533,-15839,107,P,1.0620,63.6,27.5
719,10,18,0.8403,-15834,74,P,1.5311,61.5,-111.5
719,11,16,11.4172,-15833,112,P,-1.1408,-63.0,-113.8
720,4,12,13.7028,-15828,79,A,-1.0037,-61.2,60.5
720,10,6,16.8608,-15822,84,T,0.8749,45.5,-24.8
721,4,1,15.3839,-15816,89,A,-0.2396,-6.3,-28.5
721,9,26,5.8883,-15810,94,A,0.1845,6.8,109.5
722,3,21,23.6108,-15804,99,T,0.5141,28.5,-174.2
722,9,15,12.2292,-15798,104,A,-0.5655,-28.0,-8.2
723,2,10,4.9978,-15793,71,P,-1.4042,-61.8,-119.6
723,3,11,14.0056,-15792,109,P,1.1992,60.9,-98.1
723,9,4,12.7081,-15786,114,P,-1.2996,-60.9,-74.9
724,1,30,20.4094,-15781,81,T,-0.7552,-59.2,-72.8
724,7,25,1.2806,-15775,86,A,0.8066,66.1,-141.6
725,1,19,6.9364,-15769,91,A,-0.0624,-23.1,95.8
725,7,14,13.2783,-15763,96,T,0.0146,22.3,-3.2
726,1,8,10.0408,-15757,101,A,0.6558,18.0,36.8
726,7,4,5.8997,-15751,106,T,-0.7206,-22.6,97.7
726,12,28,9.0728,-15745,111,P,1.3278,64.8,35.9
727,5,25,14.2658,-15740,78,P,1.0925,68.1,171.2
727,6,23,22.5764,-15739,116,P,-1.4763,-65.4,-161.5
727,11,17,21.2000,-15734,83,A,-0.9352,-83.3,146.8
728,5,13,22.9022,-15728,88,A,0.3517,39.9,-153.9
728,11,6,10.3156,-15722,93,T,-0.2182,-29.8,33.8
729,5,3,0.8297,-15716,98,A,-0.4160,-7.7,-174.3
729,10,27,2.1725,-15710,103,T,0.4574,12.6,164.7
730,4,22,1.8431,-15704,108,P,-1.1522,-70.8,-145.8
730,10,16,16.0806,-15698,113,P,1.1824,71.2,7.8
731,3,12,22.3719,-15693,80,T,0.8516,52.7,-164.2
731,9,6,7.9161,-15687,85,A,-0.9299,-58.5,43.3
732,3,1,13.7306,-15681,90,T,0.1226,0.7,-10.2
732,8,25,7.9114,-15675,95,A,-0.2066,-1.8,72.7
733,2,19,5.8425,-15669,100,T,-0.5806,-44.0,123.5
733,8,14,10.9117,-15663,105,A,0.5391,45.2,42.0
734,1,10,3.2839,-15658,72,P,1.5341,68.1,136.5
734,2,8,18.0536,-15657,110,P,-1.3386,-70.5,61.7
734,7,5,13.1719,-15652,77,P,-1.3172,-67.3,-5.9
734,8,3,21.2408,-15651,115,P,1.2467,69.9,22.2
734,12,30,4.5369,-15646,82,A,0.8952,40.9,128.8
735,6,25,6.3192,-15640,87,T,-0.5781,-11.9,101.6
735,12,19,3.8078,-15634,92,A,0.2107,-11.6,139.0
736,6,13,22.1836,-15628,97,T,0.1715,33.5,-140.4
736,12,7,8.4400,-15622,102,A,-0.4866,-51.9,58.8
737,6,3,8.4306,-15616,107,A,0.9844,72.3,-71.2
737,11,26,20.2006,-15610,112,P,-1.1347,-63.9,104.4
738,4,23,20.3594,-15605,79,P,-1.0767,-61.7,-48.8
738,10,18,1.3303,-15599,84,T,0.8964,45.0,-154.4
739,4,12,22.4433,-15593,89,A,-0.3033,-5.9,-134.5
739,10,7,13.9286,-15587,94,A,0.2131,4.1,-11.9
740,4,1,7.2586,-15581,99,T,0.4609,29.8,71.4
740,9,25,19.7067,-15575,104,A,-0.5269,-29.9,-120.9
741,2,20,13.4236,-15570,71,P,-1.4296,-61.4,104.5
741,3,21,22.0436,-15569,109,P,1.1553,60.9,132.0
741,9,14,19.8714,-15563,114,P,-1.2506,-60.8,168.3
742,2,10,4.8158,-15558,81,T,-0.7774,-56.2,162.8
742,8,5,8.4533,-15552,86,A,0.8707,65.6,122.9
743,1,30,15.0986,-15546,91,A,-0.0792,-21.0,-26.3
743,7,25,20.7667,-15540,96,T,0.0819,23.7,-114.5
744,1,19,17.9436,-15534,101,A,0.6418,18.4,-84.1
744,7,14,13.4447,-15528,106,T,-0.6512,-18.0,-17.5
745,1,7,17.0747,-15522,111,P,1.3168,63.8,-94.4
745,6,4,21.3783,-15517,78,P,1.1724,67.1,52.9
745,7,4,5.8883,-15516,116,P,-1.4085,-64.5,78.2
745,11,28,5.7950,-15511,83,A,-0.9354,-86.7,-19.2
746,5,25,5.5706,-15505,88,A,0.4356,47.5,106.5
746,11,17,19.1047,-15499,93,T,-0.2232,-33.1,-97.3
747,5,14,7.2781,-15493,98,A,-0.3320,0.1,86.1
747,11,7,10.8850,-15487,103,T,0.4487,8.9,32.0
748,5,2,8.6092,-15481,108,P,-1.0762,-70.0,99.3
748,10,27,0.4378,-15475,113,P,1.1709,70.5,-131.5
749,3,23,6.2314,-15470,80,T,0.8932,60.6,68.0
749,9,16,15.1703,-15464,85,A,-0.9773,-68.3,-89.2
750,3,12,21.9061,-15458,90,T,0.1600,7.0,-135.1
750,9,5,14.9664,-15452,95,A,-0.2620,-8.9,-35.8
751,3,2,14.0761,-15446,100,T,-0.5512,-37.8,-2.1
751,8,25,18.2139,-15440,105,A,0.4805,37.4,-69.8
752,1,21,11.4236,-15435,72,P,1.5500,69.1,2.1
752,2,20,2.0900,-15434,110,P,-1.3174,-71.2,-72.7
752,7,15,20.6608,-15429,77,P,-1.3816,-68.3,-130.1
752,8,14,4.8436,-15428,115,P,1.1859,70.7,-105.2
753,1,9,12.4867,-15423,82,A,0.9060,43.6,4.4
753,7,5,13.7944,-15417,87,T,-0.6509,-18.1,-13.4
753,12,29,11.9286,-15411,92,A,0.2170,-10.6,16.8
754,6,25,5.3875,-15405,97,T,0.0955,29.1,112.7
754,12,18,16.9614,-15399,102,A,-0.4824,-52.5,-64.5
755,6,14,15.1639,-15393,107,A,0.9053,83.1,-112.7
755,12,8,5.0153,-15387,112,P,-1.1301,-64.8,-38.2
756,5,4,2.9164,-15382,79,P,-1.1544,-62.3,-156.8
756,10,28,9.8964,-15376,84,T,0.9127,44.9,73.6
757,4,23,5.4144,-15370,89,A,-0.3722,-6.3,120.8
757,10,17,22.0875,-15364,94,A,0.2349,1.3,-135.1
758,4,12,14.7719,-15358,99,T,0.4002,30.8,-40.4
758,10,7,3.3264,-15352,104,A,-0.4959,-32.6,124.4
759,3,3,21.7061,-15347,71,P,-1.4620,-61.1,-29.1
759,4,2,5.9381,-15346,109,P,1.1044,61.0,4.2
759,9,26,3.1992,-15340,114,P,-1.2093,-60.8,49.1
760,2,21,13.0875,-15335,81,T,-0.8057,-53.6,39.6
760,8,15,15.7728,-15329,86,A,0.9284,64.5,24.9
761,2,9,23.1478,-15323,91,A,-0.1007,-18.5,-146.9
761,8,5,4.3308,-15317,96,T,0.1459,24.1,133.1
762,1,30,1.7644,-15311,101,A,0.6242,19.2,156.4
762,7,25,21.0394,-15305,106,T,-0.5842,-14.8,-132.8
763,1,19,1.0078,-15299,111,P,1.3022,63.0,136.6
763,6,16,4.4581,-15294,78,P,1.2526,66.1,-64.5
763,7,15,13.2400,-15293,116,P,-1.3432,-63.7,-42.4
763,12,9,14.4233,-15288,83,A,-0.9348,-86.6,127.7
764,6,4,12.2050,-15282,88,A,0.5199,54.5,9.5
764,11,28,3.9214,-15276,93,T,-0.2270,-35.4,131.9
765,5,24,13.6961,-15270,98,A,-0.2465,7.3,-12.3
765,11,17,19.6506,-15264,103,T,0.4430,6.0,-101.2
766,5,13,15.3022,-15258,108,A,-0.9955,-66.1,-17.0
766,11,7,8.8811,-15252,113,P,1.1644,69.6,88.5
767,4,3,13.9533,-15247,80,T,0.9422,69.2,-67.0
767,9,27,22.5772,-15241,85,A,-1.0165,-72.0,112.6
768,3,23,5.9328,-15235,90,T,0.2050,13.9,102.1
768,9,15,22.2103,-15229,95,A,-0.3084,-15.8,-147.1
769,3,12,22.1511,-15223,100,T,-0.5145,-31.1,-126.0
769,9,5,1.6694,-15217,105,A,0.4288,30.0,175.9
770,3,2,9.9614,-15211,110,P,-1.2892,-71.7,154.8
770,7,27,4.2147,-15206,77,P,-1.4428,-69.2,104.3
770,8,25,12.5753,-15205,115,P,1.1309,71.3,125.0
771,1,20,20.3444,-15200,82,A,0.9210,47.5,-119.4
771,7,16,21.3069,-15194,87,T,-0.7214,-25.2,-129.8
772,1,9,20.0217,-15188,92,A,0.2248,-8.7,-105.1
772,7,5,12.5931,-15182,97,T,0.0204,23.9,4.9
772,12,29,1.4864,-15176,102,A,-0.4778,-51.9,172.2
773,6,24,21.8728,-15170,107,A,0.8257,79.1,-148.0
773,12,18,13.8503,-15164,112,P,-1.1264,-65.9,178.5
774,5,15,9.3831,-15159,79,P,-1.2361,-63.0,96.4
774,11,8,18.5528,-15153,84,T,0.9242,45.0,-60.4
775,5,4,12.3203,-15147,89,A,-0.4448,-7.7,16.8
775,10,29,6.3281,-15141,94,A,0.2517,-1.3,100.4
776,4,22,22.2247,-15135,99,T,0.3357,31.4,-150.8
776,10,17,11.0572,-15129,104,A,-0.4712,-35.6,8.5
777,3,14,5.8669,-15124,71,P,-1.5004,-61.0,-160.9
777,4,12,13.7372,-15123,109,P,1.0485,61.3,-122.2
777,10,6,10.6650,-15117,114,P,-1.1742,-60.9,-72.1
778,3,3,21.2067,-15112,81,T,-0.8411,-51.9,-81.3
778,8,26,23.2450,-15106,86,A,0.9795,63.1,-71.8
779,2,21,7.0025,-15100,91,A,-0.1312,-16.1,95.2
779,8,16,12.0406,-15094,96,T,0.2033,23.5,18.3
780,2,10,9.4261,-15088,101,A,0.5986,20.2,39.7
780,8,5,4.7242,-15082,106,T,-0.5220,-13.0,110.9
781,1,29,8.8394,-15076,111,P,1.2820,62.2,9.5
781,6,26,11.5125,-15071,78,P,1.3330,65.1,178.9
781,7,25,20.6314,-15070,116,P,-1.2802,-62.9,-163.3
781,12,19,23.0736,-15065,83,A,-0.9337,-83.2,-37.2
782,6,15,18.7567,-15059,88,A,0.6075,61.0,-83.3
782,12,9,12.7953,-15053,93,T,-0.2283,-36.7,0.7
783,6,4,20.0550,-15047,98,A,-0.1578,13.9,-109.0
783,11,29,4.4692,-15041,103,T,0.4403,3.9,124.9
784,5,23,21.9761,-15035,108,A,-0.9126,-44.6,-132.5
784,11,17,17.3975,-15029,113,P,1.1619,68.7,-52.0
785,4,13,21.5964,-15024,80,T,0.9956,72.8,113.4
785,10,8,6.1017,-15018,85,P,-1.0495,-71.7,-15.0
786,4,3,13.8578,-15012,90,T,0.2552,21.0,-19.3
786,9,27,5.6047,-15006,95,A,-0.3475,-22.4,99.6
787,3,24,6.0836,-15000,100,T,-0.4715,-24.2,111.9
787,9,16,9.3064,-14994,105,A,0.3853,23.1,58.8
788,3,12,17.6833,-14988,110,P,-1.2547,-71.9,24.3
788,8,6,11.8811,-14983,77,P,-1.4989,-70.0,-23.7
788,9,4,20.4497,-14982,115,P,1.0824,71.8,-7.6
789,1,31,4.0856,-14977,82,A,0.9412,52.7,117.2
789,7,27,4.8936,-14971,87,T,-0.7876,-32.9,111.7
790,1,20,4.0300,-14965,92,A,0.2375,-5.8,133.9
790,7,16,19.8236,-14959,97,T,-0.0525,18.0,-104.1
791,1,9,9.9600,-14953,102,A,-0.4700,-49.8,48.9
791,7,6,4.5944,-14947,107,A,0.7473,71.2,127.5
791,12,29,22.6444,-14941,112,P,-1.1206,-67.0,35.4
792,5,25,15.8094,-14936,79,P,-1.3193,-63.8,-10.0
792,6,24,6.7072,-14935,117,P,1.5320,66.4,-80.5
792,11,19,3.2797,-14930,84,T,0.9316,45.2,163.8
793,5,14,19.1575,-14924,89,A,-0.5216,-10.3,-86.4
793,11,8,14.6631,-14918,94,A,0.2631,-3.7,-25.5
794,5,4,5.5831,-14912,99,T,0.2658,31.2,100.6
794,10,28,18.9128,-14906,104,A,-0.4528,-38.8,-108.9
795,4,23,21.4156,-14900,109,T,0.9863,65.2,130.7
795,10,17,18.2986,-14894,114,P,-1.1468,-61.3,164.1
796,3,14,5.1861,-14889,81,T,-0.8830,-51.4,160.4
796,9,6,6.8633,-14883,86,P,1.0242,61.0,-172.4
797,3,3,14.7264,-14877,91,A,-0.1675,-13.7,-20.8
797,8,26,19.8603,-14871,96,T,0.2556,22.2,-98.4
798,2,20,16.9508,-14865,101,A,0.5668,21.3,-74.5
798,8,16,12.4944,-14859,106,T,-0.4642,-12.4,-6.5
799,2,9,16.5686,-14853,111,P,1.2562,61.6,-116.0
799,7,7,18.5856,-14848,78,P,1.4112,64.2,62.4
799,8,6,4.1022,-14847,116,P,-1.2217,-62.2,74.8
799,12,31,7.6889,-14842,83,A,-0.9351,-79.1,-179.4
800,6,26,1.3322,-14836,88,A,0.6928,66.4,-171.9
800,12,19,21.6569,-14830,93,T,-0.2307,-37.0,-130.0
801,6,15,2.4083,-14824,98,A,-0.0686,19.8,155.3
801,12,9,13.3019,-14818,103,T,0.4386,2.7,-9.0
802,6,4,4.6358,-14812,108,A,-0.8275,-33.2,121.9
802,11,29,1.9431,-14806,113,P,1.1616,67.6,167.8
803,4,25,5.1267,-14801,80,P,1.0553,70.5,-21.3
803,5,24,13.5978,-14800,118,P,-1.5325,-68.1,-0.7
803,10,19,13.7742,-14795,85,P,-1.0747,-71.2,-144.4
804,4,13,21.6564,-14789,90,T,0.3118,28.3,-138.5
804,10,7,13.1633,-14783,95,A,-0.3789,-28.6,-15.7
805,4,3,13.8656,-14777,100,T,-0.4214,-17.1,-8.1
805,9,26,17.1100,-14771,105,A,0.3492,16.6,-60.7
806,3,24,1.2031,-14765,110,P,-1.2111,-71.9,-103.2
806,9,16,4.4747,-14759,115,P,1.0409,72.0,-142.7
807,2,11,11.7022,-14754,82,A,0.9674,59.8,-7.8
807,8,7,12.5536,-14748,87,T,-0.8498,-41.4,-9.4
808,1,31,11.9586,-14742,92,A,0.2548,-1.9,13.8
808,7,27,3.1014,-14736,97,T,-0.1222,11.7,145.4
809,1,19,18.3981,-14730,102,A,-0.4598,-46.6,-75.0
809,7,16,11.3158,-14724,107,A,0.6696,62.9,31.3
810,1,9,7.4219,-14718,112,P,-1.1139,-68.0,-108.0
810,6,5,22.2081,-14713,79,P,-1.4034,-64.7,-116.3
810,7,5,13.0978,-14712,117,P,1.4484,67.4,172.4
810,11,30,12.0400,-14707,84,T,0.9373,45.7,27.2
811,5,26,1.9836,-14701,89,A,-0.5998,-14.1,170.1
811,11,19,23.0478,-14695,94,A,0.2710,-5.6,-152.0
812,5,14,12.9211,-14689,99,T,0.1939,30.3,-7.6
812,11,8,2.8331,-14683,104,A,-0.4381,-41.9,133.5
813,5,4,5.0314,-14677,109,T,0.9209,68.6,43.5
813,10,28,2.0539,-14671,114,P,-1.1249,-61.8,38.4
814,3,25,12.9844,-14666,81,T,-0.9332,-52.9,46.7
814,9,17,14.6567,-14660,86,P,1.0612,60.9,61.4
815,3,14,22.2503,-14654,91,A,-0.2128,-11.7,-133.7
815,9,7,3.8383,-14648,96,T,0.3003,20.3,142.1
816,3,3,0.2969,-14642,101,A,0.5262,22.6,174.4
816,8,26,20.3928,-14636,106,T,-0.4132,-12.8,-125.7
817,2,20,0.1722,-14630,111,P,1.2237,61.2,120.6
817,7,18,1.6614,-14625,78,P,1.4880,63.4,-53.8
817,8,16,11.6383,-14624,116,P,-1.1670,-61.7,-47.8
818,1,10,16.2858,-14619,83,A,-0.9382,-75.1,43.4
818,7,7,7.8933,-14613,88,A,0.7782,70.2,105.9
818,12,31,6.5050,-14607,93,T,-0.2339,-36.3,99.3
819,6,26,8.7758,-14601,98,A,0.0201,24.7,60.3
819,12,20,22.1475,-14595,103,T,0.4377,2.2,-143.0
820,6,14,11.3192,-14589,108,A,-0.7426,-24.5,17.9
820,12,9,10.5078,-14583,113,P,1.1629,66.5,27.9
821,5,5,12.6106,-14578,80,P,1.1177,69.7,-146.6
821,6,3,20.7622,-14577,118,P,-1.4545,-67.1,-119.9
821,10,29,21.5550,-14572,85,P,-1.0942,-70.4,85.1
822,4,25,5.3494,-14566,90,T,0.3737,35.8,104.2
822,10,18,20.8731,-14560,95,A,-0.4031,-34.4,-132.5
823,4,14,21.5208,-14554,100,T,-0.3655,-9.9,-126.1
823,10,8,1.0675,-14548,105,A,0.3201,10.7,177.7
824,4,3,8.5842,-14542,110,P,-1.1616,-71.6,131.6
824,9,26,12.6503,-14536,115,P,1.0062,71.9,79.8
825,2,21,19.1756,-14531,82,A,1.0002,71.5,-154.8
825,8,17,20.3011,-14525,87,T,-0.9071,-50.7,-134.1
826,2,10,19.7733,-14519,92,A,0.2780,2.8,-105.1
826,8,7,10.4542,-14513,97,T,-0.1869,5.0,33.1
827,1,31,2.7217,-14507,102,A,-0.4435,-42.3,161.5
827,7,27,18.1139,-14501,107,A,0.5966,54.7,-69.8
828,1,20,16.1175,-14495,112,P,-1.1035,-69.1,109.3
828,6,16,4.6122,-14490,79,P,-1.4870,-65.7,137.0
828,7,15,19.5464,-14489,117,P,1.3671,68.4,64.0
828,12,10,20.8167,-14484,84,T,0.9416,46.6,-110.0
829,6,5,8.7961,-14478,89,A,-0.6791,-19.2,66.2
829,11,30,7.4858,-14472,94,A,0.2757,-6.9,80.8
830,5,25,20.1892,-14466,99,T,0.1178,28.4,-114.9
830,11,19,10.8528,-14460,104,A,-0.4289,-44.7,15.1
831,5,15,12.5678,-14454,109,T,0.8514,69.6,-50.4
831,11,8,9.9297,-14448,114,P,-1.1085,-62.4,-89.2
832,4,4,20.6542,-14443,81,T,-0.9888,-58.4,-56.1
832,9,27,22.6111,-14437,86,P,1.0908,60.9,-67.2
833,3,25,5.6300,-14431,91,A,-0.2645,-10.1,115.4
833,9,17,11.9342,-14425,96,T,0.3394,18.0,20.3
834,3,14,7.5083,-14419,101,A,0.4792,23.9,65.8
834,9,7,4.4039,-14413,106,T,-0.3680,-14.2,113.6
835,3,3,7.6450,-14407,111,P,1.1839,60.9,-0.7
835,8,27,19.2917,-14401,116,P,-1.1186,-61.3,-172.0
836,1,22,0.8097,-14396,83,H,-0.9459,-71.2,-89.1
836,7,17,14.5075,-14390,88,A,0.8599,71.6,29.0
837,1,10,15.2944,-14384,93,T,-0.2405,-34.7,-30.7
837,7,6,15.1964,-14378,98,A,0.1066,28.5,-34.6
837,12,31,6.9414,-14372,103,T,0.4348,2.5,83.7
838,6,25,18.0308,-14366,108,A,-0.6578,-17.4,-85.4
838,12,20,19.0494,-14360,113,P,1.1638,65.5,-111.2
839,5,16,20.0275,-14355,80,P,1.1841,68.7,89.6
839,6,15,3.9400,-14354,118,P,-1.3758,-66.1,121.2
839,11,10,5.4289,-14349,85,P,-1.1088,-69.5,-46.1
840,5,5,12.9517,-14343,90,T,0.4402,43.3,-11.0
840,10,29,4.7319,-14337,95,A,-0.4208,-39.4,109.3
841,4,25,5.0292,-14331,100,T,-0.3029,-2.8,118.4
841,10,18,9.1853,-14325,105,A,0.2980,5.5,53.9
842,4,14,15.7889,-14319,110,P,-1.1039,-71.1,9.3
842,10,7,20.9750,-14313,115,T,0.9787,65.2,-84.3
843,3,5,2.4933,-14308,82,P,1.0404,71.9,80.9
843,8,29,4.1633,-14302,87,T,-0.9582,-60.8,94.1
844,2,22,3.4958,-14296,92,A,0.3065,8.3,137.0
844,8,17,17.8697,-14290,97,H,-0.2475,-1.8,-80.5
845,2,10,10.9819,-14284,102,H,-0.4232,-37.2,37.6
845,8,7,0.9653,-14278,107,A,0.5268,46.6,-173.5
846,1,31,0.7353,-14272,112,P,-1.0889,-70.0,-32.9
846,7,27,2.0722,-14266,117,P,1.2888,69.3,-46.2
846,12,22,5.5808,-14261,84,T,0.9462,48.0,112.8
847,6,16,15.6561,-14255,89,A,-0.7570,-25.5,-39.1
847,12,11,15.9039,-14249,94,A,0.2806,-7.4,-46.0
848,6,5,3.4881,-14243,99,T,0.0424,25.6,137.0
848,11,29,18.9019,-14237,104,A,-0.4215,-46.7,-102.8
849,5,25,20.0567,-14231,109,T,0.7794,69.0,-145.3
849,11,18,17.8992,-14225,114,P,-1.0962,-63.2,141.5
850,4,16,4.1647,-14220,81,P,-1.0515,-61.4,-164.2
850,5,15,12.8247,-14219,119,P,1.5295,63.2,-138.7
850,10,9,6.7319,-14214,86,P,1.1133,61.2,161.7
851,4,5,12.8150,-14208,91,A,-0.3251,-9.3,7.6
851,9,28,20.2025,-14202,96,T,0.3705,15.4,-104.4
852,3,24,14.5522,-14196,101,A,0.4238,25.1,-39.7
852,9,17,12.5381,-14190,106,T,-0.3291,-16.3,-9.0
853,3,13,14.9856,-14184,111,P,1.1368,60.8,-120.0
853,9,7,3.0450,-14178,116,P,-1.0755,-61.0,62.3
854,2,1,9.2508,-14173,83,T,-0.9582,-67.8,142.0
854,7,28,21.1644,-14167,88,A,0.9386,70.2,-43.9
855,1,22,0.0244,-14161,93,T,-0.2502,-32.5,-160.3
855,7,17,21.6836,-14155,98,A,0.1899,31.2,-130.0
856,1,11,15.6842,-14149,103,T,0.4296,3.4,-48.7
856,7,6,0.8222,-14143,108,A,-0.5758,-12.0,171.0
856,12,31,3.5669,-14137,113,P,1.1642,64.5,110.5
857,5,27,3.4097,-14132,80,P,1.2525,67.8,-33.1
857,6,25,11.1397,-14131,118,P,-1.2972,-65.1,2.5
857,11,20,13.3833,-14126,85,P,-1.1192,-68.4,-177.9
858,5,16,20.4875,-14120,90,T,0.5102,50.7,-124.0
858,11,9,12.6997,-14114,95,A,-0.4334,-43.7,-9.3
859,5,6,12.4439,-14108,100,T,-0.2362,4.2,4.7
859,10,29,17.4386,-14102,105,A,0.2818,1.0,-71.5
860,4,24,22.8778,-14096,110,P,-1.0414,-70.5,-110.7
860,10,18,5.4169,-14090,115,T,0.9565,58.5,134.0
861,3,15,9.6678,-14085,82,P,1.0873,72.1,-41.5
861,9,8,12.1403,-14079,87,T,-1.0032,-71.9,-70.3
862,3,4,11.0606,-14073,92,A,0.3434,14.5,21.2
862,8,29,1.4022,-14067,97,H,-0.3013,-8.7,163.9
863,2,21,19.1044,-14061,102,H,-0.3954,-31.3,-85.3
863,8,18,7.9306,-14055,107,A,0.4631,38.8,80.3
864,2,11,9.2342,-14049,112,P,-1.0684,-70.8,-173.9
864,8,6,8.7156,-14043,117,P,1.2155,70.2,-158.6
865,1,1,14.3175,-14038,84,T,0.9518,50.1,-24.4
865,6,26,22.5303,-14032,89,A,-0.8348,-33.5,-145.7
865,12,22,0.3342,-14026,94,A,0.2840,-7.1,-173.0
866,6,16,10.7736,-14020,99,T,-0.0341,21.8,28.4
866,12,11,2.9864,-14014,104,A,-0.4163,-47.9,139.5
867,6,6,3.5164,-14008,109,T,0.7058,66.6,117.5
867,11,30,1.9536,-14002,114,P,-1.0880,-64.1,10.7
868,4,26,11.5678,-13997,81,P,-1.1188,-61.9,75.3
868,5,25,20.1869,-13996,119,P,1.4636,64.0,100.9
868,10,19,14.9856,-13991,86,P,1.1302,61.6,28.6
869,4,15,19.8769,-13985,91,A,-0.3909,-9.3,-98.4
869,10,9,4.5903,-13979,96,T,0.3960,12.8,128.8
870,4,4,21.4442,-13973,101,A,0.3608,26.0,-142.3
870,9,28,20.7972,-13967,106,T,-0.2968,-19.0,-133.4
871,3,24,22.2094,-13961,111,P,1.0832,60.8,122.4
871,9,18,10.9142,-13955,116,P,-1.0389,-60.9,-64.9
872,2,12,17.5850,-13950,83,T,-0.9765,-64.9,18.6
872,8,8,3.9250,-13944,88,A,1.0114,61.9,-108.0
873,2,1,8.6539,-13938,93,T,-0.2652,-29.9,71.2
873,7,28,4.2611,-13932,98,A,0.2692,32.8,133.6
874,1,22,0.3372,-13926,103,T,0.4203,4.8,-179.8
874,7,17,7.7072,-13920,108,A,-0.4970,-8.0,66.7
875,1,11,11.9864,-13914,113,P,1.1603,63.6,-25.9
875,6,7,10.7819,-13909,80,P,1.3221,66.8,-155.1
875,7,6,18.4139,-13908,118,P,-1.2210,-64.2,-117.0
875,12,1,21.3947,-13903,85,P,-1.1270,-67.3,50.1
876,5,27,3.9656,-13897,90,T,0.5830,57.9,125.9
876,11,19,20.7722,-13891,95,A,-0.4415,-47.1,-128.2
877,5,16,19.7489,-13885,100,T,-0.1645,10.9,-106.7
877,11,9,1.8233,-13879,105,A,0.2715,-2.7,161.5
878,5,6,5.8033,-13873,110,A,-0.9715,-57.7,120.3
878,10,29,13.9997,-13867,115,T,0.9411,53.5,-3.7
879,3,26,16.7000,-13862,82,P,1.1411,72.0,-161.7
879,9,19,20.2361,-13856,87,P,-1.0419,-72.0,153.5
880,3,14,18.5325,-13850,92,A,0.3857,21.2,-93.5
880,9,8,9.0342,-13844,97,A,-0.3493,-15.6,46.8
881,3,4,3.1394,-13838,102,H,-0.3624,-25.1,152.4
881,8,28,14.9833,-13832,107,A,0.4042,31.1,-27.7
882,2,21,17.6378,-13826,112,P,-1.0431,-71.4,46.0
882,8,17,15.4897,-13820,117,P,1.1482,71.0,86.3
883,1,12,22.9703,-13815,84,T,0.9609,53.3,-160.9
883,7,8,5.5106,-13809,89,A,-0.9080,-43.3,104.5
884,1,2,8.7008,-13803,94,A,0.2896,-5.8,60.9
884,6,26,18.1119,-13797,99,T,-0.1087,17.2,-81.6
884,12,21,11.0442,-13791,104,A,-0.4102,-47.9,22.5
885,6,16,10.9681,-13785,109,T,0.6320,62.6,16.4
885,12,10,10.0369,-13779,114,P,-1.0804,-65.2,-120.9
886,5,7,18.8206,-13774,81,P,-1.1926,-62.6,-43.1
886,6,6,3.4739,-13773,119,P,1.3944,64.8,-18.7
886,10,30,23.3858,-13768,86,P,1.1408,62.1,-106.8
887,4,27,2.7742,-13762,91,A,-0.4641,-10.4,157.9
887,10,20,13.1111,-13756,96,T,0.4151,10.2,-0.2
888,4,15,4.1972,-13750,101,A,0.2910,26.5,117.7
888,10,9,5.1875,-13744,106,T,-0.2715,-22.1,100.4
889,4,4,5.2958,-13738,111,P,1.0218,61.0,6.9
889,9,28,18.9000,-13732,116,P,-1.0086,-61.0,166.1
890,2,23,1.8164,-13727,83,T,-1.0005,-61.2,-89.1
890,8,19,10.7836,-13721,88,P,1.0789,61.4,139.8
891,2,12,17.1783,-13715,93,T,-0.2857,-27.0,-56.2
891,8,8,10.9653,-13709,98,A,0.3427,33.4,35.3
892,2,2,8.9092,-13703,103,T,0.4071,6.6,50.3
892,7,27,14.6875,-13697,108,A,-0.4218,-5.2,-38.6
893,1,21,20.3386,-13691,113,P,1.1538,62.8,-161.0
893,6,17,18.1633,-13686,80,P,1.3917,65.8,83.2
893,7,17,1.7550,-13685,118,P,-1.1469,-63.4,122.8
893,12,12,5.4275,-13680,85,P,-1.1334,-66.2,-81.6
894,6,7,11.4072,-13674,90,T,0.6575,64.6,19.5
894,12,1,4.9092,-13668,95,A,-0.4470,-49.4,113.1
895,5,28,3.0025,-13662,100,T,-0.0909,17.0,143.3
895,11,20,10.2775,-13656,105,A,0.2637,-5.6,33.8
896,5,16,12.6578,-13650,110,A,-0.8986,-43.7,6.4
896,11,8,22.6758,-13644,115,T,0.9297,49.5,-140.8
897,4,5,23.5831,-13639,82,P,1.2019,71.6,80.6
897,9,30,4.4564,-13633,87,P,-1.0742,-71.9,15.5
898,3,26,1.8611,-13627,92,A,0.4361,28.5,153.7
898,9,19,16.8058,-13621,97,A,-0.3894,-22.2,-72.4
899,3,15,11.0275,-13615,102,T,-0.3212,-18.3,31.7
899,9,8,22.1917,-13609,107,A,0.3536,23.8,-138.2
900,3,4,1.9119,-13603,112,P,-1.0112,-71.8,-92.6
900,8,27,22.3931,-13597,117,P,1.0865,71.6,-31.2
901,1,23,7.5544,-13592,84,T,0.9731,57.8,62.0
901,7,18,12.5572,-13586,89,A,-0.9786,-58.0,-10.5
902,1,12,17.0061,-13580,94,A,0.2978,-3.6,-64.5
902,7,8,1.4803,-13574,99,T,-0.1825,11.7,167.1
903,1,1,19.0828,-13568,104,A,-0.4032,-46.6,-94.4
903,6,27,18.4339,-13562,109,T,0.5585,57.4,-88.8
903,12,21,18.1364,-13556,114,P,-1.0730,-66.2,106.9
904,5,18,2.0058,-13551,81,P,-1.2687,-63.3,-160.7
904,6,16,10.7508,-13550,119,P,1.3251,65.8,-138.4
904,11,10,7.8933,-13545,86,P,1.1471,62.8,116.0
905,5,7,9.5561,-13539,91,A,-0.5422,-12.8,55.8
905,10,30,21.7417,-13533,96,T,0.4293,7.8,-131.0
906,4,26,10.8422,-13527,101,A,0.2158,26.4,19.6
906,10,20,13.6878,-13521,106,T,-0.2518,-25.3,-27.1
907,4,15,12.2931,-13515,111,A,0.9549,63.9,-70.9
907,10,10,3.0103,-13509,116,A,-0.9851,-62.7,54.1
908,3,5,9.9372,-13504,83,P,-1.0310,-61.0,139.9
908,8,29,17.7567,-13498,88,P,1.1402,61.0,25.9
909,2,23,1.5844,-13492,93,T,-0.3127,-24.2,177.8
909,8,18,17.8078,-13486,98,A,0.4100,33.1,-65.4
910,2,12,17.3283,-13480,103,T,0.3867,8.6,-77.1
910,8,7,21.8136,-13474,108,A,-0.3526,-3.8,-145.8
911,2,2,4.5483,-13468,113,P,1.1410,62.1,66.3
911,6,29,1.5817,-13463,80,P,1.4599,64.9,-38.6
911,7,28,9.2064,-13462,118,P,-1.0774,-62.6,1.2
911,12,23,13.4436,-13457,85,P,-1.1406,-65.2,147.4
912,6,17,18.8403,-13451,90,T,0.7322,70.4,-81.2
912,12,11,13.1064,-13445,95,A,-0.4504,-50.4,-5.7
913,6,7,10.1658,-13439,100,T,-0.0134,22.6,35.5
913,11,30,18.8336,-13433,105,A,0.2602,-7.6,-95.2
914,5,27,19.4006,-13427,110,A,-0.8205,-33.2,-100.7
914,11,20,7.4442,-13421,115,T,0.9225,46.5,81.8
915,4,17,6.3503,-13416,82,P,1.2684,71.0,-34.9
915,10,11,12.8069,-13410,87,P,-1.0999,-71.5,-124.3
916,4,5,9.1114,-13404,92,A,0.4911,36.1,42.2
916,9,30,0.6694,-13398,97,A,-0.4242,-28.7,167.5
917,3,25,18.8311,-13392,102,T,-0.2749,-11.4,-87.9
917,9,19,5.5089,-13386,107,A,0.3089,16.9,109.6
918,3,15,10.0575,-13380,112,T,-0.9730,-68.4,94.4
918,9,8,5.4592,-13374,117,P,1.0322,72.0,-151.7
919,2,3,16.0147,-13369,84,T,0.9909,65.2,-78.9
919,7,29,19.7347,-13363,89,P,-1.0437,-69.6,-136.8
920,1,24,1.1872,-13357,94,A,0.3115,-0.3,171.6
920,7,18,8.9453,-13351,99,T,-0.2519,5.8,53.7
921,1,12,3.0406,-13345,104,A,-0.3925,-44.0,149.1
921,7,8,1.9175,-13339,109,T,0.4862,51.4,162.7
922,1,1,2.2156,-13333,114,P,-1.0642,-67.3,-25.5
922,5,29,9.0897,-13328,81,P,-1.3483,-64.2,83.0
922,6,27,18.0075,-13327,119,P,1.2555,66.7,101.8
922,11,21,16.4900,-13322,86,P,1.1496,63.6,-22.7
923,5,18,16.2253,-13316,91,A,-0.6247,-16.6,-44.9
923,11,11,6.4839,-13310,96,T,0.4377,5.8,96.5
924,5,6,17.3781,-13304,101,A,0.1351,25.4,-76.7
924,10,30,22.2922,-13298,106,T,-0.2378,-28.5,-155.9
925,4,25,19.1900,-13292,111,A,0.8822,64.2,-156.5
925,10,20,11.2333,-13286,116,A,-0.9677,-64.9,-67.0
926,3,16,17.9258,-13281,83,P,-1.0686,-60.9,10.8
926,9,10,0.8689,-13275,88,P,1.1941,60.8,-89.9
927,3,6,9.8742,-13269,93,T,-0.3456,-21.6,53.4
927,8,30,0.7925,-13263,98,A,0.4706,32.2,-168.8
928,2,24,1.6406,-13257,103,T,0.3615,10.9,157.3
928,8,18,5.0756,-13251,108,A,-0.2893,-3.5,105.1
929,2,12,12.6444,-13245,113,P,1.1233,61.5,-64.5
929,7,9,9.0342,-13240,80,P,1.5267,64.0,-160.7
929,8,7,16.7522,-13239,118,P,-1.0118,-62.0,-121.6
930,1,2,21.4342,-13234,85,P,-1.1490,-64.2,17.3
930,6,29,2.2886,-13228,90,T,0.8061,74.4,-173.2
930,12,22,21.2933,-13222,95,A,-0.4550,-50.3,-124.2
931,6,18,17.3300,-13216,100,T,0.0633,27.3,-71.4
931,12,12,3.4147,-13210,105,A,0.2568,-8.7,135.7
932,6,7,2.0961,-13204,110,A,-0.7406,-24.7,154.8
932,11,30,16.2594,-13198,115,T,0.9174,44.3,-55.9
933,4,27,13.0069,-13193,82,P,1.3402,70.3,-148.1
933,5,27,4.1781,-13192,120,P,-1.5258,-67.7,132.3
933,10,21,21.2681,-13187,87,P,-1.1197,-70.8,94.8
934,4,16,16.2222,-13181,92,A,0.5538,44.2,-67.2
934,10,11,8.6736,-13175,97,A,-0.4510,-34.6,45.8
935,4,6,2.5083,-13169,102,T,-0.2215,-4.3,154.4
935,9,30,12.9672,-13163,107,A,0.2716,10.5,-4.5
936,3,25,18.0803,-13157,112,T,-0.9284,-59.4,-48.5
936,9,18,12.6833,-13151,117,A,0.9851,70.1,58.4
937,2,14,0.3550,-13146,84,P,1.0142,71.1,132.6
937,8,9,3.0158,-13140,89,P,-1.1044,-70.4,101.0
938,2,3,9.2678,-13134,94,A,0.3294,3.8,48.9
938,7,29,16.4914,-13128,99,T,-0.3177,-0.5,-61.5
939,1,23,10.9119,-13122,104,A,-0.3778,-40.3,32.8
939,7,19,9.4656,-13116,109,T,0.4172,44.9,51.1
940,1,12,10.2697,-13110,114,P,-1.0538,-68.4,-158.0
940,6,8,16.1281,-13105,81,P,-1.4291,-65.1,-32.9
940,7,8,1.2731,-13104,119,P,1.1868,67.7,-18.5
940,12,2,1.1511,-13099,86,P,1.1498,64.5,-162.7
941,5,28,22.8258,-13093,91,A,-0.7096,-21.9,-145.2
941,11,21,15.2906,-13087,96,T,0.4437,4.2,-36.9
942,5,17,23.8419,-13081,101,A,0.0504,23.4,-172.0
942,11,11,6.9797,-13075,106,T,-0.2281,-31.4,74.6
943,5,7,2.0439,-13069,111,A,0.8059,64.0,114.2
943,10,31,19.5356,-13063,116,A,-0.9548,-67.8,166.7
944,3,27,1.8108,-13058,83,P,-1.1120,-61.0,-116.6
944,4,25,10.9369,-13057,121,P,1.5044,62.0,-97.1
944,9,20,8.1217,-13052,88,P,1.2406,60.8,152.2
945,3,16,18.0161,-13046,93,T,-0.3861,-19.4,-69.0
945,9,9,7.9492,-13040,98,A,0.5232,30.8,84.6
946,3,6,9.7828,-13034,103,T,0.3283,13.1,34.4
946,8,29,12.5167,-13028,108,A,-0.2337,-4.3,-6.6
947,2,23,20.5533,-13022,113,P,1.0972,61.2,167.6
947,8,19,0.4481,-13016,118,T,-0.9527,-51.3,139.1
948,1,14,5.3672,-13011,85,P,-1.1604,-63.3,-111.6
948,7,9,9.7436,-13005,90,T,0.8793,75.4,104.3
949,1,2,5.4906,-12999,95,A,-0.4598,-49.1,116.8
949,6,29,0.4478,-12993,100,T,0.1417,31.3,-176.8
949,12,22,12.0250,-12987,105,A,0.2543,-8.9,6.2
950,6,18,8.7281,-12981,110,A,-0.6580,-17.5,52.5
950,12,12,1.1206,-12975,115,T,0.9143,42.9,166.1
951,5,8,19.5917,-12970,82,P,1.4152,69.4,100.4
951,6,7,10.5600,-12969,120,P,-1.4414,-66.7,25.1
951,11,2,5.8125,-12964,87,P,-1.1351,-70.0,-46.8
952,4,26,23.2894,-12958,92,A,0.6195,52.5,-175.4
952,10,21,16.7678,-12952,97,A,-0.4727,-40.2,-76.4
953,4,16,10.0967,-12946,102,T,-0.1628,2.8,38.1
953,10,10,20.5467,-12940,107,A,0.2407,4.6,-120.1
954,4,6,1.9875,-12934,112,T,-0.8778,-50.3,-178.9
954,9,29,20.0725,-12928,117,A,0.9454,61.4,-80.1
955,2,25,8.5369,-12923,84,P,1.0447,71.7,-4.3
955,8,20,10.4656,-12917,89,P,-1.1576,-71.1,-24.3
956,2,14,17.1958,-12911,94,A,0.3540,8.8,-71.8
956,8,9,0.1406,-12905,99,T,-0.3787,-7.2,-178.7
957,2,2,18.6625,-12899,104,A,-0.3573,-35.6,-82.9
957,7,29,17.0764,-12893,109,T,0.3518,38.0,-63.0
958,1,22,18.2256,-12887,114,P,-1.0380,-69.5,70.3
958,6,19,23.1150,-12882,81,P,-1.5110,-66.1,-148.3
958,7,19,8.5717,-12881,119,P,1.1204,68.7,-139.8
958,12,13,9.8478,-12876,86,P,1.1488,65.5,56.4
959,6,9,5.3675,-12870,91,A,-0.7965,-29.1,114.7
959,12,3,0.1458,-12864,96,T,0.4473,3.3,-171.0
960,5,28,6.2558,-12858,101,A,-0.0369,20.3,93.1
960,11,21,15.7450,-12852,106,T,-0.2228,-33.8,-55.6
961,5,17,8.8147,-12846,111,A,0.7245,62.8,25.1
961,11,11,3.9378,-12840,116,A,-0.9475,-71.3,35.8
962,4,7,9.5803,-12835,83,P,-1.1615,-61.3,117.6
962,5,6,18.2564,-12834,121,P,1.4334,62.6,143.6
962,10,1,15.5250,-12829,88,P,1.2793,60.9,32.1
963,3,28,2.0422,-12823,93,T,-0.4324,-17.8,170.3
963,9,20,15.2747,-12817,98,A,0.5678,29.1,-25.3
964,3,16,17.8053,-12811,103,T,0.2895,15.3,-86.3
964,9,8,20.0894,-12805,108,A,-0.1838,-5.8,-120.3
965,3,6,4.3331,-12799,113,P,1.0655,60.9,41.8
965,8,29,8.2642,-12793,118,T,-0.8990,-47.1,24.8
966,1,24,13.1972,-12788,85,P,-1.1766,-62.5,121.3
966,7,20,17.2561,-12782,90,T,0.9492,72.4,23.0
967,1,13,13.6219,-12776,95,A,-0.4687,-47.0,-1.9
967,7,10,7.6022,-12770,100,T,0.2173,34.1,78.0
968,1,2,20.5936,-12764,105,A,0.2490,-8.4,-122.7
968,6,28,15.3694,-12758,110,A,-0.5764,-11.7,-49.0
968,12,22,9.9714,-12752,115,T,0.9105,41.8,28.3
969,5,19,2.0853,-12747,82,P,1.4945,68.4,-9.1
969,6,17,16.9072,-12746,120,P,-1.3547,-65.7,-81.0
969,11,12,14.4483,-12741,87,P,-1.1457,-69.1,170.8
970,5,8,6.2656,-12735,92,A,0.6907,61.3,78.3
970,11,2,0.9714,-12729,97,A,-0.4883,-45.1,161.0
971,4,27,17.5903,-12723,102,T,-0.0983,9.9,-76.5
971,10,22,4.2708,-12717,107,A,0.2171,-0.6,122.4
972,4,16,9.7794,-12711,112,T,-0.8213,-41.4,56.2
972,10,10,3.6139,-12705,117,A,0.9127,54.0,155.2
973,3,7,16.5819,-12700,84,P,1.0813,72.0,-139.5
973,8,30,18.0536,-12694,89,P,-1.2046,-71.6,-152.2
974,2,25,0.9642,-12688,94,A,0.3857,14.6,169.4
974,8,20,7.9106,-12682,99,T,-0.4339,-13.9,61.9
975,2,14,2.2950,-12676,104,A,-0.3314,-30.2,162.2
975,8,10,0.7686,-12670,109,T,0.2907,31.0,-179.2
976,2,3,2.1122,-12664,114,A,-1.0182,-70.4,-61.0
976,7,29,15.9222,-12658,119,P,1.0571,69.6,97.6
976,12,23,18.5547,-12653,86,P,1.1481,66.6,-85.0
977,6,19,11.8700,-12647,91,A,-0.8844,-38.8,14.2
977,12,13,9.0281,-12641,96,T,0.4499,3.0,54.5
978,6,8,12.6567,-12635,101,A,-0.1248,16.3,-2.2
978,12,3,0.5308,-12629,106,T,-0.2191,-35.4,174.5
979,5,28,15.5931,-12623,111,A,0.6424,60.5,-65.9
979,11,22,12.3919,-12617,116,A,-0.9439,-75.0,-98.4
980,4,17,17.2547,-12612,83,P,-1.2162,-61.7,-6.8
980,5,17,1.5342,-12611,121,P,1.3592,63.3,24.8
980,10,11,23.0561,-12606,88,P,1.3115,61.2,-90.0
981,4,7,9.9294,-12600,93,T,-0.4857,-17.1,51.7
981,9,30,22.7750,-12594,98,A,0.6044,27.4,-138.5
982,3,28,1.6367,-12588,103,T,0.2418,17.2,156.3
982,9,20,3.8569,-12582,108,A,-0.1426,-8.0,122.9
983,3,17,11.9217,-12576,113,P,1.0251,60.9,-81.1
983,9,9,16.2214,-12570,118,T,-0.8518,-45.7,-93.8
984,2,4,20.9219,-12565,85,P,-1.1979,-61.8,-3.9
984,7,31,0.8200,-12559,90,P,1.0161,62.4,-58.3
984,8,29,8.5944,-12558,128,P,-1.5263,-61.3,-18.5
985,1,23,21.7044,-12553,95,A,-0.4805,-44.3,-120.8
985,7,20,14.7508,-12547,100,T,0.2923,35.9,-26.6
986,1,13,5.1464,-12541,105,H,0.2422,-7.2,108.7
986,7,9,22.0097,-12535,110,A,-0.4952,-7.0,-149.8
987,1,2,18.8025,-12529,115,T,0.9056,41.2,-108.9
987,6,28,23.2919,-12523,120,P,-1.2690,-64.8,172.8
987,11,23,23.1450,-12518,87,P,-1.1533,-68.0,28.3
988,5,18,13.2189,-12512,92,A,0.7637,70.2,-26.0
988,11,12,9.2378,-12506,97,A,-0.4999,-49.2,38.8
989,5,8,1.0311,-12500,102,T,-0.0304,16.8,170.3
989,11,1,12.0911,-12494,107,A,0.1989,-5.1,3.9
990,4,27,17.4725,-12488,112,T,-0.7599,-33.0,-65.2
990,10,21,11.3114,-12482,117,A,0.8870,47.9,32.3
991,3,19,0.4667,-12477,84,P,1.1249,72.0,87.6
991,4,17,10.0017,-12476,122,P,-1.5013,-70.8,87.9
991,9,11,1.7992,-12471,89,P,-1.2447,-71.8,77.3
991,10,10,14.5225,-12470,127,P,1.5370,71.5,28.4
992,3,7,8.5656,-12465,94,A,0.4248,21.0,52.9
992,8,30,15.8144,-12459,99,T,-0.4826,-20.7,-59.7
993,2,24,9.7578,-12453,104,A,-0.2971,-24.0,49.0
993,8,20,8.5611,-12447,109,T,0.2350,24.0,62.4
994,2,13,9.8661,-12441,114,A,-0.9912,-74.3,151.1
994,8,9,23.3544,-12435,119,T,0.9985,70.5,-26.8
995,1,4,3.2289,-12430,86,P,1.1496,67.7,133.6
995,6,30,18.3786,-12424,91,A,-0.9708,-53.9,-88.3
995,12,24,17.9189,-12418,96,T,0.4518,3.6,-80.1
996,6,18,19.0325,-12412,101,A,-0.2142,11.3,-97.9
996,12,13,9.3536,-12406,106,T,-0.2176,-36.2,44.3
997,6,7,22.3425,-12400,111,A,0.5580,56.8,-158.6
997,12,2,20.8914,-12394,116,A,-0.9429,-78.7,123.3
998,4,29,0.8303,-12389,83,P,-1.2763,-62.2,-129.9
998,5,28,8.7717,-12388,121,P,1.2820,64.2,-93.7
998,10,23,6.7297,-12383,88,P,1.3365,61.6,145.7
999,4,18,17.7233,-12377,93,T,-0.5439,-17.3,-65.7
999,10,12,6.4128,-12371,98,A,0.6349,25.7,105.8
1000,4,7,9.3606,-12365,103,T,0.1892,18.7,40.8
1000,9,30,11.7647,-12359,108,A,-0.1075,-10.6,4.1
1001,3,27,19.3489,-12353,113,A,0.9775,61.1,-178.0
1001,9,20,0.3189,-12347,118,T,-0.8111,-46.1,144.9
1002,2,15,4.5128,-12342,85,P,-1.2256,-61.3,-127.0
1002,8,11,8.4811,-12336,90,P,1.0778,61.8,177.3
1002,9,9,16.6411,-12335,128,P,-1.4840,-61.1,-148.4
1003,2,4,5.6683,-12330,95,A,-0.4990,-41.5,121.4
1003,7,31,21.9856,-12324,100,H,0.3621,36.6,-132.5
1004,1,24,13.6186,-12318,105,H,0.2304,-5.5,-18.9
1004,7,20,4.6833,-12312,110,A,-0.4161,-3.7,109.6
1005,1,13,3.5803,-12306,115,T,0.8978,40.7,115.1
1005,7,9,5.7050,-12300,120,P,-1.1837,-63.9,66.5
1005,12,4,7.8739,-12295,87,P,-1.1589,-67.0,-114.2
1006,5,29,20.1286,-12289,92,A,0.8397,79.8,-124.9
1006,11,23,17.5772,-12283,97,A,-0.5074,-52.3,-83.0
1007,5,19,8.4164,-12277,102,T,0.0409,23.3,58.6
1007,11,12,20.0064,-12271,107,A,0.1855,-8.8,-115.6
1008,5,8,1.0806,-12265,112,T,-0.6940,-25.1,175.9
1008,10,31,19.1467,-12259,117,A,0.8676,43.0,-90.9
1009,3,29,8.1833,-12254,84,P,1.1762,71.8,-42.7
1009,4,27,17.5514,-12253,122,P,-1.4445,-70.1,-38.6
1009,9,21,9.7064,-12248,89,P,-1.2777,-71.9,-55.9
1009,10,20,22.6028,-12247,127,P,1.5123,70.9,-106.7
1010,3,18,16.0000,-12242,94,A,0.4716,28.1,-61.4
1010,9,10,23.8531,-12236,99,T,-0.5251,-27.5,176.7
1011,3,7,17.0811,-12230,104,A,-0.2559,-17.3,-62.7
1011,8,31,16.4642,-12224,109,T,0.1851,17.1,-58.0
1012,2,24,17.5328,-12218,114,A,-0.9593,-71.7,-11.9
1012,8,20,6.8475,-12212,119,T,0.9437,73.0,143.6
1013,1,14,11.8725,-12207,86,P,1.1531,68.7,-7.9
1013,7,11,0.8994,-12201,91,P,-1.0554,-68.1,162.5
1014,1,4,2.7614,-12195,96,T,0.4565,5.0,146.0
1014,6,30,1.4564,-12189,101,A,-0.3013,5.5,165.0
1014,12,24,18.1458,-12183,106,T,-0.2153,-35.9,-85.3
1015,6,19,5.1408,-12177,111,A,0.4748,52.0,105.3
1015,12,14,5.3722,-12171,116,A,-0.9420,-82.5,-19.5
1016,5,9,8.3481,-12166,83,P,-1.3396,-62.9,107.8
1016,6,7,16.0161,-12165,121,P,1.2042,65.1,147.4
1016,11,2,14.5111,-12160,88,P,1.3559,62.3,19.7
1017,4,29,1.3797,-12154,93,T,-0.6087,-18.7,178.9
1017,10,22,14.2228,-12148,98,A,0.6573,24.1,-13.1
1018,4,18,16.9144,-12142,103,T,0.1290,19.5,-71.7
1018,10,11,19.8483,-12136,108,A,-0.0806,-13.5,-117.3
1019,4,8,2.6000,-12130,113,A,0.9222,60.6,87.3
1019,10,1,8.5722,-12124,118,T,-0.7781,-47.8,20.9
1020,2,26,11.9783,-12119,85,P,-1.2592,-61.0,111.9
1020,8,21,16.2106,-12113,90,P,1.1354,61.4,52.1
1020,9,20,0.7969,-12112,128,P,-1.4474,-61.0,80.2
1021,2,14,13.5581,-12107,95,A,-0.5218,-38.5,3.9
1021,8,11,5.2650,-12101,100,H,0.4287,36.6,120.8
1022,2,3,22.0131,-12095,105,H,0.2142,-3.4,-145.2
1022,7,31,11.4167,-12089,110,A,-0.3406,-1.5,8.4
1023,1,24,12.3000,-12083,115,T,0.8869,40.5,-19.7
1023,7,20,12.1914,-12077,120,P,-1.1015,-63.0,-40.6
1023,12,15,16.6036,-12072,87,P,-1.1640,-65.9,103.9
1024,6,9,3.0675,-12066,92,A,0.9150,87.6,-130.3
1024,12,4,1.9375,-12060,97,A,-0.5130,-54.2,156.2
1025,5,29,15.7694,-12054,102,T,0.1145,29.2,-51.8
1025,11,23,3.9878,-12048,107,A,0.1758,-11.5,124.3
1026,5,19,8.6303,-12042,112,T,-0.6251,-17.8,58.9
1026,11,12,3.0853,-12036,117,A,0.8527,39.0,145.2
1027,4,9,15.7519,-12031,84,P,1.2337,71.4,-170.4
1027,5,9,1.0133,-12030,122,P,-1.3840,-69.3,-163.3
1027,10,2,17.7786,-12025,89,P,-1.3036,-71.7,168.6
1027,11,1,6.8161,-12024,127,P,1.4930,70.1,116.7
1028,3,28,23.2569,-12019,94,A,0.5262,35.8,-173.3
1028,9,21,8.0219,-12013,99,T,-0.5611,-34.0,51.3
1029,3,18,0.2350,-12007,104,A,-0.2064,-10.2,-172.3
1029,9,11,0.4911,-12001,109,T,0.1422,10.4,179.6
1030,3,7,1.0317,-11995,114,A,-0.9185,-64.1,-147.6
1030,8,31,14.4586,-11989,119,H,0.8957,64.8,6.5
1031,1,25,20.4378,-11984,86,P,1.1606,69.7,-148.9
1031,7,22,7.4633,-11978,91,P,-1.1369,-69.1,52.1
1032,1,15,11.5606,-11972,96,T,0.4632,7.4,12.5
1032,7,10,7.9189,-11966,101,A,-0.3866,-1.1,66.4
1033,1,4,2.9139,-11960,106,T,-0.2122,-34.5,145.2
1033,6,29,11.9528,-11954,111,A,0.3912,46.2,6.8
1033,12,24,13.8539,-11948,116,A,-0.9418,-85.6,-179.6
1034,5,20,15.8103,-11943,83,P,-1.4058,-63.7,-14.0
1034,6,18,23.2731,-11942,121,P,1.1262,66.0,28.1
1034,11,13,22.3883,-11937,88,P,1.3704,63.0,-107.9
1035,5,10,8.9753,-11931,93,T,-0.6762,-21.4,64.1
1035,11,2,22.1592,-11925,98,A,0.6737,22.7,-134.1
1036,4,29,0.3625,-11919,103,T,0.0642,19.6,177.6
1036,10,22,4.0572,-11913,108,A,-0.0593,-16.4,119.5
1037,4,18,9.7111,-11907,113,A,0.8607,60.7,-9.9
1037,10,11,16.9564,-11901,118,T,-0.7512,-50.3,-104.8
1038,3,8,19.2767,-11896,85,P,-1.3010,-60.9,-6.6
1038,9,2,0.0672,-11890,90,P,1.1865,61.1,-74.9
1038,10,1,9.0922,-11889,128,P,-1.4177,-61.2,-53.4
1039,2,25,21.3153,-11884,95,A,-0.5521,-35.8,-112.0
1039,8,22,12.6400,-11878,100,A,0.4896,35.8,12.1
1040,2,15,6.2967,-11872,105,H,0.1916,-1.0,90.0
1040,8,10,18.2356,-11866,110,A,-0.2696,-0.4,-93.7
1041,2,3,20.9036,-11860,115,T,0.8704,40.4,-152.0
1041,7,30,18.7622,-11854,120,P,-1.0226,-62.3,-148.7
1041,12,26,1.3183,-11849,87,P,-1.1695,-64.8,-37.3
1042,6,20,10.0206,-11843,92,A,0.9903,71.9,-167.8
1042,12,15,10.2986,-11837,97,A,-0.5180,-54.8,36.1
1043,6,9,23.1131,-11831,102,T,0.1893,34.5,-161.0
1043,12,4,12.0300,-11825,107,A,0.1691,-13.4,3.7
1044,5,29,16.1061,-11819,112,T,-0.5525,-11.1,-56.2
1044,11,22,11.1306,-11813,117,A,0.8426,36.0,20.3
1045,4,19,23.1703,-11808,84,P,1.2979,70.7,64.7
1045,5,19,8.3644,-11807,122,P,-1.3184,-68.3,74.3
1045,10,13,1.9992,-11802,89,P,-1.3229,-71.2,31.1
1045,11,11,15.1511,-11801,127,P,1.4792,69.1,-21.0
1046,4,9,6.3497,-11796,94,A,0.5880,44.0,77.2
1046,10,2,16.3319,-11790,99,T,-0.5904,-40.3,-75.8
1047,3,29,7.2672,-11784,104,A,-0.1510,-2.9,79.8
1047,9,22,8.6147,-11778,109,T,0.1046,4.0,55.8
1048,3,17,8.4431,-11772,114,A,-0.8726,-55.6,88.7
1048,9,10,22.1611,-11766,119,A,0.8530,56.8,-119.9
1049,2,5,4.9142,-11761,86,P,1.1733,70.5,70.9
1049,3,6,16.0158,-11760,124,P,-1.5374,-71.9,47.7
1049,8,1,14.0953,-11755,91,P,-1.2142,-70.0,-59.8
1050,1,25,20.2689,-11749,96,T,0.4746,10.6,-119.8
1050,7,21,14.4878,-11743,101,A,-0.4670,-8.2,-34.4
1051,1,15,11.5864,-11737,106,T,-0.2049,-31.9,16.7
1051,7,10,18.8731,-11731,111,A,0.3120,39.9,-95.1
1052,1,4,22.2714,-11725,116,A,-0.9395,-86.3,-14.2
1052,5,30,23.2325,-11720,83,P,-1.4743,-64.5,-135.3
1052,6,29,6.5589,-11719,121,P,1.0488,67.0,-92.1
1052,11,24,6.3408,-11714,88,P,1.3809,63.9,123.1
1053,5,20,16.4753,-11708,93,T,-0.7481,-25.7,-49.6
1053,11,13,6.2219,-11702,98,A,0.6846,21.6,102.7
1054,5,10,7.6736,-11696,103,T,-0.0066,18.8,69.0
1054,11,2,12.4217,-11690,108,A,-0.0451,-19.2,-5.8
1055,4,29,16.6756,-11684,113,A,0.7927,60.8,-105.2
1055,10,23,1.4631,-11678,118,T,-0.7301,-53.4,128.1
1056,3,19,2.4500,-11673,85,P,-1.3488,-60.9,-123.2
1056,9,12,8.0269,-11667,90,P,1.2319,60.9,156.7
1056,10,11,17.5072,-11666,128,P,-1.3942,-61.4,171.3
1057,3,8,4.9550,-11661,95,A,-0.5888,-33.6,133.5
1057,9,1,20.1069,-11655,100,A,0.5448,34.6,-98.6
1058,2,25,14.4786,-11649,105,T,0.1634,1.5,-33.1
1058,8,22,1.1539,-11643,110,A,-0.2043,-0.4,162.7
1059,2,15,5.4139,-11637,115,T,0.8492,40.6,77.7
1059,8,11,1.4583,-11631,120,A,-0.9493,-49.9,125.8
1060,1,6,9.9925,-11626,87,P,-1.1766,-63.9,-177.5
1060,2,4,21.3656,-11625,125,P,1.5334,62.1,167.8
1060,6,30,17.0172,-11620,92,P,1.0642,64.6,82.7
1060,12,25,18.6339,-11614,97,A,-0.5234,-54.2,-83.7
1061,6,20,6.4714,-11608,102,T,0.2641,38.9,90.7
1061,12,14,20.0642,-11602,107,A,0.1623,-14.3,-116.7
1062,6,9,23.5681,-11596,112,T,-0.4793,-5.2,-170.2
1062,12,3,19.2281,-11590,117,A,0.8342,33.8,-105.1
1063,5,1,6.4656,-11585,84,P,1.3668,69.9,-57.8
1063,5,30,15.6594,-11584,122,P,-1.2508,-67.4,-46.7
1063,10,24,10.3433,-11579,89,P,-1.3370,-70.6,-107.7
1063,11,22,23.5608,-11578,127,P,1.4681,68.1,-159.2
1064,4,19,13.2908,-11573,94,A,0.6564,52.8,-30.1
1064,10,13,0.7736,-11567,99,T,-0.6133,-46.2,156.0
1065,4,8,14.1133,-11561,104,A,-0.0864,4.7,-25.3
1065,10,2,16.8819,-11555,109,T,0.0747,-2.0,-69.9
1066,3,28,15.6992,-11549,114,A,-0.8181,-46.7,-28.8
1066,9,22,5.9919,-11543,119,A,0.8173,49.7,115.7
1067,2,16,13.2775,-11538,86,P,1.1920,71.2,-68.2
1067,3,17,23.8494,-11537,124,P,-1.4938,-71.9,-84.3
1067,8,12,20.8278,-11532,91,P,-1.2857,-70.8,-173.9
1068,2,6,4.8978,-11526,96,T,0.4899,14.7,108.8
1068,7,31,21.1264,-11520,101,A,-0.5441,-15.8,-137.0
1069,1,25,20.1986,-11514,106,T,-0.1952,-28.4,-111.7
1069,7,21,1.8619,-11508,111,A,0.2355,33.2,160.5
1070,1,15,6.6175,-11502,116,A,-0.9346,-83.3,174.7
1070,7,10,13.9083,-11496,121,T,0.9739,80.0,133.7
1070,12,5,14.3492,-11491,88,P,1.3881,64.8,-7.0
1071,5,31,23.9439,-11485,93,T,-0.8213,-31.6,-163.5
1071,11,24,14.3600,-11479,98,A,0.6922,20.8,-21.8
1072,5,20,14.9144,-11473,103,T,-0.0801,16.9,-38.6
1072,11,12,20.8786,-11467,108,A,-0.0348,-21.6,-132.2
1073,5,9,23.5097,-11461,113,A,0.7189,60.3,161.7
1073,11,2,10.0869,-11455,118,T,-0.7148,-56.8,0.1
1074,3,30,9.4725,-11450,85,P,-1.4035,-61.0,122.5
1074,4,29,1.3961,-11449,123,P,1.4965,62.2,39.8
1074,9,23,16.1122,-11444,90,P,1.2706,60.9,26.4
1074,10,23,2.0300,-11443,128,P,-1.3765,-61.9,34.2
1075,3,19,12.4625,-11438,95,A,-0.6326,-32.2,20.9
1075,9,13,3.6961,-11432,100,A,0.5929,33.1,148.1
1076,3,7,22.5314,-11426,105,T,0.1281,3.9,-154.1
1076,9,1,8.1808,-11420,110,A,-0.1448,-1.2,57.6
1077,2,25,13.7903,-11414,115,T,0.8214,41.0,-49.7
1077,8,21,8.2864,-11408,120,A,-0.8817,-43.9,27.0
1078,1,16,18.5750,-11403,87,P,-1.1878,-63.0,44.1
1078,2,15,5.7992,-11402,125,P,1.5158,61.6,32.0
1078,7,12,0.0883,-11397,92,P,1.1351,63.7,-33.3
1079,1,6,2.9242,-11391,97,A,-0.5307,-52.5,156.6
1079,7,1,13.8522,-11385,102,T,0.3381,42.3,-16.9
1079,12,26,4.1028,-11379,107,A,0.1559,-14.4,123.0
1080,6,20,7.0036,-11373,112,T,-0.4047,-0.2,76.9
1080,12,14,3.3783,-11367,117,A,0.8281,32.4,129.0
1081,5,11,13.6236,-11362,84,P,1.4413,69.0,-177.6
1081,6,9,22.8767,-11361,122,P,-1.1800,-66.4,-166.1
1081,11,3,18.8258,-11356,89,P,-1.3451,-69.7,112.0
1081,12,3,8.0575,-11355,127,P,1.4607,67.0,62.0
1082,4,30,20.1042,-11350,94,A,0.7301,62.1,-135.6
1082,10,24,9.3261,-11344,99,T,-0.6308,-51.7,27.3
1083,4,19,20.8714,-11338,104,A,-0.0173,12.3,-128.8
1083,10,14,1.2542,-11332,109,T,0.0503,-7.4,163.1
1084,4,7,22.8678,-11326,114,A,-0.7585,-38.1,-142.9
1084,10,2,13.9236,-11320,119,A,0.7874,43.3,-8.6
1085,2,26,21.5369,-11315,86,P,1.2162,71.7,153.8
1085,3,28,7.5783,-11314,124,P,-1.4444,-71.8,145.3
1085,8,23,3.6769,-11309,91,P,-1.3506,-71.4,69.7
1086,2,16,13.3883,-11303,96,T,0.5120,19.7,-20.9
1086,8,12,3.9258,-11297,101,A,-0.6134,-23.5,117.3
1087,2,6,4.6825,-11291,106,T,-0.1801,-24.0,121.1
1087,8,1,8.9775,-11285,111,A,0.1644,26.2,53.1
1088,1,26,14.8489,-11279,116,A,-0.9249,-78.9,29.2
1088,7,20,21.3350,-11273,121,T,0.9023,80.7,-83.3
1088,12,15,22.3731,-11268,88,P,1.3947,65.9,-137.8
1089,6,11,7.3486,-11262,93,T,-0.8972,-40.1,82.9
1089,12,4,22.5814,-11256,98,A,0.6963,20.5,-147.6
1090,5,31,22.0622,-11250,103,T,-0.1573,14.0,-145.2
1090,11,24,5.4306,-11244,108,A,-0.0286,-23.5,100.3
1091,5,21,6.2422,-11238,113,A,0.6408,58.7,69.9
1091,11,13,18.8158,-11232,118,T,-0.7047,-60.3,-128.2
1092,4,9,16.3636,-11227,85,P,-1.4644,-61.4,10.1
1092,5,9,7.9178,-11226,123,P,1.4182,62.8,-67.4
1092,10,4,0.3078,-11221,90,P,1.3034,61.1,-105.6
1092,11,2,10.6603,-11220,128,P,-1.3643,-62.4,-104.5
1093,3,29,19.8639,-11215,95,A,-0.6824,-31.6,-90.2
1093,9,23,11.3975,-11209,100,A,0.6346,31.5,32.4
1094,3,19,6.4706,-11203,105,T,0.0862,6.1,86.7
1094,9,12,15.3414,-11197,110,A,-0.0922,-2.8,-49.7
1095,3,8,22.0658,-11191,115,T,0.7883,41.8,-174.8
1095,9,1,15.2442,-11185,120,A,-0.8197,-41.2,-76.0
1096,1,28,3.0756,-11180,87,P,-1.2026,-62.3,-92.9
1096,2,26,14.1264,-11179,125,P,1.4936,61.3,-102.0
1096,7,22,7.2508,-11174,92,P,1.2025,63.0,-150.4
1096,8,20,18.5931,-11173,130,P,-1.5110,-61.4,-164.7
1097,1,16,11.1183,-11168,97,A,-0.5420,-50.1,37.2
1097,7,11,21.2883,-11162,102,T,0.4099,44.5,-124.6
1098,1,5,12.0803,-11156,107,A,0.1464,-13.8,3.7
1098,7,1,14.4722,-11150,112,T,-0.3320,3.8,-35.8
1098,12,25,11.5072,-11144,117,A,0.8201,31.4,3.5
1099,5,22,20.7017,-11139,84,P,1.5185,68.1,64.4
1099,6,21,6.0875,-11138,122,P,-1.1092,-65.4,75.1
1099,11,15,3.4053,-11133,89,P,-1.3496,-68.8,-29.2
1099,12,14,16.5844,-11132,127,P,1.4537,65.9,-76.8
1100,5,11,2.7764,-11127,94,A,0.8100,72.4,119.9
1100,11,3,17.9947,-11121,99,T,-0.6430,-56.5,-101.5
1101,4,30,3.4872,-11115,104,A,0.0594,20.0,130.3
1101,10,24,9.7544,-11109,109,T,0.0328,-12.3,34.7
1102,4,19,5.9092,-11103,114,A,-0.6913,-29.5,106.2
1102,10,13,21.9903,-11097,119,A,0.7648,37.8,-133.9
1103,3,10,5.6811,-11092,86,P,1.2466,71.9,17.3
1103,4,8,15.2028,-11091,124,P,-1.3890,-71.4,16.9
1103,9,3,10.6389,-11086,91,P,-1.4094,-71.8,-48.8
1103,10,3,3.2972,-11085,129,P,1.5318,71.7,-157.1
1104,2,27,21.7825,-11080,96,T,0.5390,25.3,-149.3
1104,8,22,10.8447,-11074,101,A,-0.6772,-31.5,9.2
1105,2,16,13.0456,-11068,106,T,-0.1592,-18.9,-5.0
1105,8,11,16.2097,-11062,111,H,0.0982,19.0,-56.6
1106,2,5,22.9717,-11056,116,A,-0.9106,-73.6,-106.6
1106,8,1,4.8592,-11050,121,T,0.8348,70.8,142.2
1106,12,27,6.3825,-11045,88,P,1.4019,67.0,91.3
1107,6,22,14.7644,-11039,93,T,-0.9722,-53.6,-32.0
1107,12,16,6.8328,-11033,98,A,0.6995,20.8,86.1
1108,6,11,5.1547,-11027,103,T,-0.2364,10.0,108.5
1108,12,4,14.0378,-11021,108,A,-0.0245,-24.7,-27.7
1109,5,31,12.8964,-11015,113,A,0.5596,55.9,-21.8
1109,11,24,3.6033,-11009,118,T,-0.6974,-63.5,104.6
1110,4,20,23.1361,-11004,85,P,-1.5310,-61.8,-100.7
1110,5,20,14.3742,-11003,123,P,1.3362,63.6,-173.8
1110,10,15,8.6289,-10998,90,P,1.3297,61.4,120.6
1110,11,13,19.3722,-10997,128,P,-1.3568,-63.2,115.3
1111,4,10,3.1603,-10992,95,A,-0.7383,-32.3,160.1
1111,10,4,19.2086,-10986,100,A,0.6701,30.1,-85.5
1112,3,29,14.2919,-10980,105,T,0.0378,8.0,-30.5
1112,9,22,22.6406,-10974,110,A,-0.0469,-4.8,-159.1
1113,3,19,6.1772,-10968,115,T,0.7471,42.7,63.6
1113,9,11,22.3781,-10962,120,A,-0.7658,-40.5,177.7
1114,2,7,11.4458,-10957,87,P,-1.2234,-61.7,132.3
1114,3,8,22.2908,-10956,125,P,1.4643,61.1,126.5
1114,8,2,14.5294,-10951,92,P,1.2648,62.3,91.0
1114,9,1,1.9636,-10950,130,P,-1.4527,-61.1,75.7
1115,1,27,19.2089,-10945,97,A,-0.5578,-47.3,-81.6
1115,7,23,4.7981,-10939,102,T,0.4783,45.6,126.8
1116,1,16,20.0158,-10933,107,A,0.1350,-12.4,-115.2
1116,7,11,21.9392,-10927,112,T,-0.2594,6.8,-148.0
1117,1,4,19.6475,-10921,117,A,0.8121,31.0,-121.9
1117,7,1,13.2742,-10915,122,P,-1.0377,-64.5,-43.0
1117,11,25,12.0700,-10910,89,P,-1.3506,-67.8,-170.9
1117,12,25,1.1269,-10909,127,P,1.4469,64.9,144.7
1118,5,22,9.3728,-10904,94,A,0.8927,83.9,5.6
1118,11,15,2.7536,-10898,99,T,-0.6511,-60.4,130.5
1119,5,11,10.0500,-10892,104,A,0.1386,27.4,30.9
1119,11,4,18.3272,-10886,109,T,0.0194,-16.4,-94.2
1120,4,29,12.8983,-10880,114,A,-0.6205,-21.3,-2.9
1120,10,24,6.1536,-10874,119,A,0.7478,33.2,100.0
1121,3,20,13.6914,-10869,86,P,1.2840,71.8,-117.2
1121,4,18,22.7211,-10868,124,P,-1.3276,-70.7,-109.5
1121,9,13,17.7553,-10863,91,P,-1.4600,-72.0,-170.0
1121,10,13,10.9408,-10862,129,P,1.5060,71.2,74.2
1122,3,10,6.0247,-10857,96,T,0.5736,31.6,84.2
1122,9,2,17.9364,-10851,101,A,-0.7328,-39.3,-102.0
1123,2,27,21.2531,-10845,106,T,-0.1313,-13.1,-129.3
1123,8,22,23.6036,-10839,111,H,0.0391,11.9,-169.3
1124,2,17,6.9353,-10833,116,A,-0.8893,-67.5,123.0
1124,8,11,12.4803,-10827,121,T,0.7716,61.4,20.4
1125,1,6,14.3581,-10822,88,P,1.4106,68.1,-39.7
1125,7,2,22.1681,-10816,93,P,-1.0469,-67.4,-151.5
1125,8,1,5.2525,-10815,131,P,1.4666,69.9,-109.5
1125,12,26,15.0922,-10810,98,A,0.7027,21.8,-40.3
1126,6,22,12.2111,-10804,103,T,-0.3161,5.0,2.1
1126,12,15,22.6967,-10798,108,H,-0.0228,-25.0,-156.4
1127,6,11,19.4828,-10792,113,A,0.4756,51.8,-114.2
1127,12,5,12.4522,-10786,118,T,-0.6930,-65.9,-21.2
1128,5,30,20.7658,-10780,123,P,1.2507,64.5,80.5
1128,10,25,17.0561,-10775,90,P,1.3504,61.9,-15.0
1128,11,24,4.1575,-10774,128,P,-1.3531,-64.0,-26.2
1129,4,20,10.3531,-10769,95,A,-0.8000,-34.5,52.1
1129,10,15,3.1425,-10763,100,A,0.6986,28.7,154.2
1130,4,9,22.0217,-10757,105,T,-0.0160,9.3,-146.1
1130,10,4,6.0617,-10751,110,A,-0.0080,-7.2,89.7
1131,3,30,14.1969,-10745,115,T,0.7012,43.9,-55.8
1131,9,23,5.6650,-10739,120,A,-0.7188,-41.2,68.9
1132,2,18,19.6931,-10734,87,P,-1.2495,-61.3,-0.4
1132,3,19,6.3242,-10733,125,P,1.4291,61.1,-3.1
1132,8,12,21.9231,-10728,92,P,1.3223,61.8,-29.2
1132,9,11,9.4869,-10727,130,P,-1.4007,-60.9,-46.1
1133,2,7,3.1689,-10722,97,A,-0.5794,-44.3,160.7
1133,8,2,12.4072,-10716,102,T,0.5423,45.8,16.5
1134,1,27,3.8225,-10710,107,A,0.1170,-10.6,127.9
1134,7,23,5.4886,-10704,112,T,-0.1910,8.6,99.0
1135,1,16,3.7214,-10698,117,A,0.7997,30.9,114.0
1135,7,12,20.4800,-10692,122,T,-0.9676,-51.5,-147.8
1135,12,6,20.7822,-10687,89,P,-1.3503,-66.7,47.1
1136,1,5,9.6486,-10686,127,P,1.4383,63.9,6.9
1136,6,1,15.8828,-10681,94,A,0.9790,78.0,124.5
1136,11,25,11.5850,-10675,99,T,-0.6557,-63.3,4.0
1137,5,21,16.5064,-10669,104,A,0.2236,34.5,-66.0
1137,11,15,3.0058,-10663,109,T,0.0116,-19.6,135.7
1138,5,10,19.8092,-10657,114,A,-0.5447,-13.5,-110.0
1138,11,4,14.4114,-10651,119,A,0.7362,29.4,-27.2
1139,3,31,21.5950,-10646,86,P,1.3272,71.6,110.0
1139,4,30,6.1672,-10645,124,P,-1.2616,-70.0,125.8
1139,9,25,1.0106,-10640,91,P,-1.5037,-72.0,66.7
1139,10,24,18.7019,-10639,129,P,1.4859,70.6,-55.8
1140,3,20,14.1475,-10634,96,T,0.6143,38.6,-40.8
1140,9,13,1.1733,-10628,101,A,-0.7820,-47.1,144.0
1141,3,10,5.3286,-10622,106,T,-0.0971,-6.9,107.9
1141,9,2,7.1431,-10616,111,H,-0.0136,4.9,75.7
1142,2,27,14.7500,-10610,116,A,-0.8615,-60.8,-2.9
1142,8,22,20.2369,-10604,121,T,0.7147,52.9,-100.7
1143,1,17,22.2806,-10599,88,P,1.4214,69.1,-170.4
1143,7,14,5.6053,-10593,93,P,-1.1194,-68.4,85.4
1143,8,12,12.9600,-10592,131,P,1.4088,70.7,121.9
1144,1,6,23.3325,-10587,98,A,0.7075,23.5,-166.6
1144,7,2,19.2639,-10581,103,H,-0.3949,-0.8,-105.0
1144,12,26,7.3422,-10575,108,H,-0.0195,-24.3,75.1
1145,6,22,2.0456,-10569,113,A,0.3909,46.6,151.7
1145,12,15,21.3128,-10563,118,T,-0.6892,-67.0,-145.0
1146,6,11,3.1542,-10557,123,P,1.1642,65.4,-25.5
1146,11,6,1.5636,-10552,90,P,1.3669,62.6,-151.9
1146,12,5,12.9594,-10551,128,P,-1.3507,-65.0,-168.3
1147,5,1,17.4808,-10546,95,A,-0.8658,-38.7,-54.9
1147,10,26,11.1853,-10540,100,A,0.7210,27.6,31.7
1148,4,20,5.6314,-10534,105,T,-0.0765,9.8,100.3
1148,10,14,13.6350,-10528,110,A,0.0231,-9.7,-23.9
1149,4,9,22.0672,-10522,115,T,0.6479,44.9,-171.9
1149,10,3,13.1364,-10516,120,A,-0.6802,-43.0,-42.7
1150,3,1,3.7731,-10511,87,P,-1.2835,-61.0,-130.6
1150,3,30,14.1928,-10510,125,P,1.3867,61.2,-130.1
1150,8,24,5.4761,-10505,92,P,1.3729,61.4,-151.6
1150,9,22,17.2003,-10504,130,P,-1.3568,-60.9,-170.7
1151,2,18,11.0006,-10499,97,A,-0.6070,-41.6,44.2
1151,8,13,20.1028,-10493,102,T,0.6024,45.2,-95.7
1152,2,7,11.5486,-10487,107,A,0.0950,-8.4,12.0
1152,8,2,13.0831,-10481,112,T,-0.1250,9.5,-14.4
1153,1,26,11.7372,-10475,117,A,0.7839,31.1,-9.0
1153,7,23,3.7106,-10469,122,T,-0.8994,-41.6,105.0
1153,12,17,5.5336,-10464,89,P,-1.3488,-65.7,-94.9
1154,1,15,18.1381,-10463,127,P,1.4274,63.1,-130.1
1154,6,12,22.3647,-10458,94,P,1.0656,66.1,16.7
1154,12,6,20.4433,-10452,99,T,-0.6593,-64.8,-121.0
1155,6,1,22.9622,-10446,104,A,0.3088,41.1,-161.5
1155,11,26,11.7272,-10440,109,T,0.0063,-21.9,5.5
1156,5,21,2.6792,-10434,114,A,-0.4656,-6.3,144.3
1156,11,14,22.7414,-10428,119,A,0.7287,26.5,-155.2
1157,4,11,5.3833,-10423,86,P,1.3767,71.1,-20.7
1157,5,10,13.5483,-10422,124,P,-1.1912,-69.1,2.6
1157,10,5,8.4206,-10417,91,P,-1.5396,-71.7,-58.7
1157,11,4,2.5661,-10416,129,P,1.4710,69.7,173.3
1158,3,31,22.1236,-10411,96,T,0.6623,46.2,-163.9
1158,9,24,8.6025,-10405,101,A,-0.8223,-54.6,26.5
1159,3,21,13.2442,-10399,106,T,-0.0557,-0.3,-12.7
1159,9,13,14.8411,-10393,111,H,-0.0591,-1.9,-41.8
1160,3,9,22.3939,-10387,116,A,-0.8259,-53.5,-124.9
1160,9,2,4.1250,-10381,121,T,0.6640,44.9,137.1
1161,1,28,6.0950,-10376,88,P,1.4375,70.1,59.8
1161,7,24,13.0814,-10370,93,P,-1.1895,-69.4,-38.8
1161,8,22,20.7769,-10369,131,P,1.3564,71.3,-8.8
1162,1,17,7.5300,-10364,98,A,0.7150,26.1,67.7
1162,7,14,2.3272,-10358,103,H,-0.4722,-7.3,147.1
1163,1,6,15.9778,-10352,108,H,-0.0151,-22.6,-53.4
1163,7,3,8.6011,-10346,113,A,0.3064,40.5,55.9
1163,12,27,6.1908,-10340,118,T,-0.6860,-66.6,91.5
1164,6,21,9.5100,-10334,123,P,1.0754,66.4,-131.2
1164,11,16,10.1619,-10329,90,P,1.3785,63.4,69.7
1164,12,15,21.8011,-10328,128,P,-1.3507,-66.0,48.7
1165,5,12,0.5514,-10323,95,A,-0.9349,-46.0,-160.4
1165,11,5,19.3214,-10317,100,A,0.7379,26.7,-92.6
1166,5,1,13.1842,-10311,105,T,-0.1406,9.5,-12.4
1166,10,25,21.3278,-10305,110,A,0.0477,-12.2,-139.2
1167,4,21,5.8611,-10299,115,T,0.5906,45.8,73.9
1167,10,14,20.7447,-10293,120,A,-0.6477,-45.4,-156.0
1168,3,11,11.7192,-10288,87,P,-1.3232,-60.9,101.3
1168,4,9,21.9431,-10287,125,P,1.3390,61.5,104.6
1168,9,3,13.1742,-10282,92,P,1.4174,61.2,83.9
1168,10,3,1.0733,-10281,130,P,-1.3197,-61.1,62.2
1169,2,28,18.6439,-10276,97,A,-0.6431,-39.3,-69.7
1169,8,24,3.9333,-10270,102,T,0.6561,44.1,149.2
1170,2,17,19.1186,-10264,107,A,0.0651,-6.1,-101.5
1170,8,13,20.7806,-10258,112,T,-0.0646,9.3,-129.3
1171,2,6,19.6417,-10252,117,A,0.7618,31.6,-129.7
1171,8,3,11.0050,-10246,122,T,-0.8350,-36.2,-4.6
1171,12,28,14.2778,-10241,89,P,-1.3484,-64.7,123.7
1172,1,27,2.5514,-10240,127,P,1.4121,62.4,94.3
1172,6,23,4.7939,-10235,94,P,1.1539,65.1,-90.0
1172,12,17,5.3350,-10229,99,T,-0.6615,-64.6,114.3
1173,6,12,5.3789,-10223,104,A,0.3966,47.0,105.1
1173,12,6,20.4917,-10217,109,T,0.0034,-23.2,-125.0
1174,6,1,9.5306,-10211,114,A,-0.3843,0.3,39.7
1174,11,26,7.1419,-10205,119,A,0.7250,24.4,76.0
1175,4,22,13.0828,-10200,86,P,1.4309,70.4,-149.4
1175,5,21,20.8836,-10199,124,P,-1.1176,-68.1,-119.3
1175,10,16,15.9628,-10194,91,P,-1.5690,-71.1,174.3
1175,11,15,10.5222,-10193,129,P,1.4605,68.7,41.6
1176,4,11,5.9919,-10188,96,T,0.7156,54.2,74.2
1176,10,4,16.1917,-10182,101,A,-0.8551,-61.7,-94.1
1177,3,31,21.0050,-10176,106,T,-0.0073,6.6,-131.2
1177,9,23,22.7061,-10170,111,H,-0.0971,-8.3,-161.5
1178,3,21,5.8875,-10164,116,A,-0.7838,-46.0,116.4
1178,9,13,12.1436,-10158,121,T,0.6196,37.6,13.3
1179,2,8,13.8136,-10153,88,P,1.4582,70.9,-69.2
1179,3,10,7.6642,-10152,126,P,-1.5356,-72.0,165.4
1179,8,4,20.6322,-10147,93,P,-1.2552,-70.2,-164.7
1179,9,3,4.7039,-10146,131,P,1.3096,71.7,-141.7
1180,1,28,15.6558,-10141,98,A,0.7267,29.5,-57.2
1180,7,24,9.4189,-10135,103,H,-0.5471,-14.4,38.0
1181,1,17,0.5569,-10129,108,H,-0.0073,-19.8,178.5
1181,7,13,15.1939,-10123,113,A,0.2244,33.9,-42.0
1182,1,6,15.0089,-10117,118,T,-0.6802,-64.4,-32.7
1182,7,2,15.9300,-10111,123,A,0.9892,74.6,120.1
1182,11,27,18.8119,-10106,90,P,1.3869,64.3,-69.8
1182,12,27,6.6192,-10105,128,P,-1.3505,-67.1,-94.4
1183,5,23,7.5831,-10100,95,P,-1.0067,-63.9,104.1
1183,11,17,3.5339,-10094,100,A,0.7503,26.2,141.7
1184,5,11,20.6511,-10088,105,T,-0.2094,8.3,-123.9
1184,11,5,5.1533,-10082,110,A,0.0659,-14.4,103.7
1185,5,1,13.5158,-10076,115,T,0.5264,46.0,-37.2
1185,10,25,4.5322,-10070,120,A,-0.6233,-48.4,88.5
1186,3,22,19.4928,-10065,87,P,-1.3708,-61.0,-24.2
1186,4,21,5.5461,-10064,125,P,1.2847,62.0,-18.6
1186,9,14,21.0214,-10059,92,P,1.4555,61.1,-42.7
1186,10,14,9.1003,-10058,130,P,-1.2891,-61.4,-67.1
1187,3,12,2.1447,-10053,97,A,-0.6856,-37.8,178.2
1187,9,4,11.8767,-10047,102,T,0.7044,42.8,31.5
1188,2,29,2.5669,-10041,107,A,0.0292,-3.8,146.9
1188,8,24,4.5494,-10035,112,T,-0.0082,8.4,114.6
1189,2,17,3.4603,-10029,117,A,0.7346,32.3,111.4
1189,8,13,18.3689,-10023,122,H,-0.7744,-33.2,-115.4
1190,1,7,22.9953,-10018,89,P,-1.3501,-63.7,-16.9
1190,2,6,10.8844,-10017,127,P,1.3921,61.8,-39.8
1190,7,4,11.2606,-10012,94,P,1.2397,64.2,163.0
1190,12,28,14.2161,-10006,99,T,-0.6648,-63.1,-11.2
1191,6,23,11.8236,-10000,104,A,0.4833,52.0,13.2
1191,12,18,5.2561,-9994,109,T,0.0008,-23.6,104.7
1192,6,11,16.3956,-9988,114,A,-0.3023,6.0,-64.3
1192,12,6,15.5578,-9982,119,A,0.7228,23.1,-52.9
1193,5,2,20.6850,-9977,86,P,1.4902,69.6,83.8
1193,6,1,4.1936,-9976,124,P,-1.0418,-67.1,119.8
1193,11,25,18.5411,-9970,129,P,1.4531,67.7,-90.3
1194,4,22,13.7417,-9965,96,T,0.7748,62.9,-46.7
1194,10,15,23.9367,-9959,101,A,-0.8811,-68.2,142.0
1195,4,12,4.6222,-9953,106,T,0.0477,13.6,112.7
1195,10,5,6.7369,-9947,111,H,-0.1277,-14.3,76.6
1196,3,31,13.1858,-9941,116,A,-0.7326,-38.1,1.4
1196,9,23,20.3128,-9935,121,T,0.5821,30.9,-112.3
1197,2,18,21.3975,-9930,88,P,1.4855,71.5,163.4
1197,3,20,14.8156,-9929,126,P,-1.4880,-72.0,43.8
1197,8,15,4.2686,-9924,93,P,-1.3161,-71.0,67.6
1197,9,13,12.7650,-9923,131,P,1.2695,71.9,83.1
1198,2,7,23.6886,-9918,98,A,0.7437,33.9,178.9
1198,8,4,16.5794,-9912,103,A,-0.6176,-22.0,-72.8
1199,1,28,9.0908,-9906,108,H,0.0033,-16.2,50.5
1199,7,24,21.8086,-9900,113,A,0.1439,26.8,-141.4
1200,1,17,23.8081,-9894,118,T,-0.6731,-61.0,-159.1
1200,7,12,22.3806,-9888,123,A,0.9039,83.6,-101.5
1200,12,8,3.5008,-9883,90,P,1.3933,65.3,149.9
1201,1,6,15.4083,-9882,128,P,-1.3491,-68.1,122.4
1201,6,2,14.5972,-9877,95,P,-1.0802,-64.8,-11.0
1201,11,27,11.8039,-9871,100,A,0.7592,26.0,15.0
1202,5,23,4.1000,-9865,105,T,-0.2801,6.0,124.6
1202,11,16,13.0406,-9859,110,A,0.0809,-16.2,-14.2
1203,5,12,21.1250,-9853,115,T,0.4596,45.5,-147.2
1203,11,5,12.4317,-9847,120,A,-0.6037,-51.4,-27.9
1204,4,2,3.1072,-9842,87,P,-1.4253,-61.2,-147.4
1204,5,1,13.0272,-9841,125,P,1.2250,62.5,-140.1
1204,9,25,5.0258,-9836,92,P,1.4869,61.1,-171.8
1204,10,24,17.2778,-9835,130,P,-1.2650,-61.9,161.2
1205,3,22,9.4589,-9830,97,A,-0.7365,-37.3,69.0
1205,9,14,19.9689,-9824,102,T,0.7458,41.4,-89.5
1206,3,11,9.8408,-9818,107,A,-0.0156,-1.8,37.9
1206,9,4,12.4572,-9812,112,T,0.0409,6.8,-3.7
1207,2,28,11.1533,-9806,117,A,0.7002,33.2,-5.0
1207,8,25,1.8142,-9800,122,H,-0.7186,-31.9,132.6
1208,1,19,7.6636,-9795,89,P,-1.3551,-62.9,-156.5
1208,2,17,19.1161,-9794,127,P,1.3664,61.3,-172.3
1208,7,14,17.7386,-9789,94,P,1.3243,63.3,56.2
1208,8,13,8.4478,-9788,132,P,-1.5227,-61.7,-8.8
1209,1,7,23.0583,-9783,99,T,-0.6701,-60.6,-137.9
1209,7,3,18.2950,-9777,104,A,0.5692,55.8,-77.1
1209,12,28,14.0150,-9771,109,T,-0.0018,-23.0,-25.5
1210,6,22,23.2881,-9765,114,H,-0.2207,10.8,-168.0
1210,12,17,23.9797,-9759,119,A,0.7215,22.5,178.1
1211,6,12,11.5028,-9753,124,T,-0.9649,-51.7,3.4
1211,12,7,2.6125,-9747,129,P,1.4484,66.6,137.5
1212,5,2,21.3786,-9742,96,T,0.8394,72.4,-168.7
1212,10,26,7.8406,-9736,101,A,-0.9000,-74.2,14.8
1213,4,22,12.1039,-9730,106,T,0.1090,20.7,-1.1
1213,10,15,14.9147,-9724,111,H,-0.1519,-19.8,-47.0
1214,4,11,20.3469,-9718,116,A,-0.6751,-30.2,-110.8
1214,10,5,4.6219,-9712,121,T,0.5513,24.8,120.3
1215,3,2,4.8708,-9707,88,P,1.5180,71.8,37.1
1215,3,31,21.8447,-9706,126,P,-1.4344,-71.7,-75.8
1215,8,26,11.9872,-9701,93,P,-1.3723,-71.5,-61.8
1215,9,24,20.9325,-9700,131,P,1.2351,71.9,-53.7
1216,2,19,7.6239,-9695,98,A,0.7663,39.1,56.0
1216,8,14,23.8097,-9689,103,A,-0.6832,-29.9,174.6
1217,2,7,17.5069,-9683,108,T,0.0204,-11.7,-76.2
1217,8,4,4.5139,-9677,113,A,0.0686,19.4,117.0
1218,1,28,8.5047,-9671,118,T,-0.6613,-56.5,73.1
1218,7,24,4.9264,-9665,123,A,0.8225,72.3,135.3
1218,12,19,12.1697,-9660,90,P,1.4002,66.3,9.4
1219,1,18,0.1131,-9659,128,P,-1.3445,-69.1,-20.1
1219,6,13,21.6217,-9654,95,P,-1.1537,-65.7,-126.7
1219,7,13,8.3947,-9653,133,P,1.5337,68.4,-137.2
1219,12,8,20.1022,-9648,100,A,0.7661,26.3,-112.3
1220,6,2,11.4811,-9642,105,T,-0.3546,2.6,13.7
1220,11,26,21.0253,-9636,110,A,0.0907,-17.4,-133.4
1221,5,23,4.6386,-9630,115,T,0.3885,43.9,104.3
1221,11,15,20.4578,-9624,120,A,-0.5900,-54.2,-145.0
1222,4,13,10.5661,-9619,87,P,-1.4863,-61.5,91.7
1222,5,12,20.4008,-9618,125,P,1.1607,63.2,99.9
1222,10,6,13.1914,-9613,92,P,1.5111,61.4,56.8
1222,11,5,1.5958,-9612,130,P,-1.2474,-62.5,27.2
1223,4,2,16.6297,-9607,97,A,-0.7938,-38.2,-38.0
1223,9,26,4.1747,-9601,102,T,0.7816,40.2,147.0
1224,3,21,16.9986,-9595,107,A,-0.0663,-0.0,-69.1
1224,9,14,20.4636,-9589,112,T,0.0847,4.7,-123.7
1225,3,10,18.7272,-9583,117,A,0.6590,34.3,-118.9
1225,9,4,9.3661,-9577,122,A,-0.6686,-31.9,19.0
1226,1,29,16.2650,-9572,89,P,-1.3640,-62.3,65.2
1226,2,28,3.2514,-9571,127,P,1.3351,61.0,56.8
1226,7,26,0.2906,-9566,94,P,1.4044,62.6,-51.5
1226,8,24,15.4292,-9565,132,P,-1.4633,-61.3,-122.5
1227,1,19,7.8369,-9560,99,T,-0.6788,-57.4,94.3
1227,7,15,0.8514,-9554,104,A,0.6512,58.3,-167.2
1228,1,8,22.7150,-9548,109,H,-0.0068,-21.6,-155.1
1228,7,3,6.2294,-9542,114,H,-0.1404,14.6,88.3
1228,12,28,8.3669,-9536,119,A,0.7190,22.5,49.7
1229,6,22,18.8422,-9530,124,T,-0.8886,-39.0,-109.7
1229,12,17,10.6725,-9524,129,P,1.4431,65.5,6.1
1230,5,14,4.9361,-9519,96,T,0.9078,82.5,52.4
1230,11,6,15.8828,-9513,101,A,-0.9131,-79.6,-116.1
1231,5,3,19.4514,-9507,106,T,0.1763,27.8,-112.3
1231,10,26,23.2408,-9501,111,H,-0.1694,-24.6,-172.2
1232,4,22,3.3378,-9495,116,A,-0.6097,-22.2,140.3
1232,10,15,13.0772,-9489,121,T,0.5277,19.5,-8.9
1233,3,12,12.1719,-9484,88,P,1.5587,72.0,-86.7
1233,4,11,4.6900,-9483,126,P,-1.3717,-71.2,167.7
1233,9,5,19.8250,-9478,93,P,-1.4219,-71.9,166.5
1233,10,5,5.2428,-9477,131,P,1.2080,71.6,167.4
1234,3,1,15.4503,-9472,98,A,0.7947,45.2,-66.0
1234,8,26,7.1219,-9466,103,A,-0.7438,-38.0,60.0
1235,2,19,1.8469,-9460,108,T,0.0419,-6.6,157.8
1235,8,15,11.2897,-9454,113,A,-0.0027,11.9,13.7
1236,2,8,17.1244,-9448,118,T,-0.6454,-51.3,-55.5
1236,8,3,11.5508,-9442,123,A,0.7441,61.9,29.8
1236,12,29,20.8328,-9437,90,P,1.4069,67.4,-131.4
1237,1,28,8.7472,-9436,128,P,-1.3369,-70.0,-162.2
1237,6,24,4.6858,-9431,95,P,-1.2260,-66.7,116.7
1237,7,23,15.3453,-9430,133,P,1.4562,69.4,106.7
1237,12,19,4.3864,-9425,100,A,0.7728,27.3,120.5
1238,6,13,18.8925,-9419,105,T,-0.4280,-1.7,-98.2
1238,12,8,5.0378,-9413,110,A,0.0988,-17.9,107.1
1239,6,3,12.1214,-9407,115,T,0.3157,41.3,-4.2
1239,11,27,4.5597,-9401,120,A,-0.5795,-56.5,98.1
1240,5,23,3.6886,-9395,125,P,1.0929,64.0,-19.0
1240,10,16,21.5014,-9390,92,P,1.5295,61.7,-76.9
1240,11,15,10.0178,-9389,130,P,-1.2339,-63.3,-108.5
1241,4,12,23.6133,-9384,97,A,-0.8597,-41.1,-141.6
1241,10,6,12.5336,-9378,102,T,0.8103,39.2,20.3
1242,4,1,23.9978,-9372,107,A,-0.1253,1.1,-173.6
1242,9,26,4.5942,-9366,112,T,0.1219,2.2,114.3
1243,3,22,2.1739,-9360,117,A,0.6104,35.5,129.9
1243,9,15,17.0292,-9354,122,A,-0.6249,-33.0,-96.0
1244,2,10,0.7603,-9349,89,P,-1.3786,-61.7,-71.4
1244,3,10,11.2453,-9348,127,P,1.2963,60.9,-72.0
1244,8,5,6.9056,-9343,94,P,1.4807,62.0,-160.0
1244,9,3,22.5228,-9342,132,P,-1.4095,-61.0,122.1
1245,1,29,16.5353,-9337,99,T,-0.6916,-54.0,-33.8
1245,7,25,7.4950,-9331,104,A,0.7295,59.6,102.3
1246,1,19,7.3425,-9325,109,H,-0.0150,-19.6,76.3
1246,7,14,13.2553,-9319,114,H,-0.0631,17.2,-16.2
1247,1,8,16.7208,-9313,119,A,0.7154,23.1,-78.1
1247,7,4,2.1964,-9307,124,T,-0.8122,-30.9,137.9
1247,12,28,18.7408,-9301,129,P,1.4383,64.5,-125.1
1248,5,24,12.4131,-9296,96,T,0.9801,78.2,-170.9
1248,6,22,19.1600,-9295,134,P,-1.5159,-65.2,-125.9
1248,11,17,0.0378,-9290,101,A,-0.9210,-84.4,107.9
1249,5,14,2.6872,-9284,106,T,0.2482,34.7,139.0
1249,11,6,7.6864,-9278,111,H,-0.1817,-28.7,61.6
1250,5,3,10.2197,-9272,116,A,-0.5397,-14.6,33.6
1250,10,26,21.6239,-9266,121,T,0.5085,14.9,-139.2
1251,4,22,11.4422,-9260,126,P,-1.3041,-70.5,53.1
1251,9,17,3.7644,-9255,93,P,-1.4660,-72.0,33.1
1251,10,16,13.6556,-9254,131,P,1.1863,71.0,27.4
1252,3,11,23.1433,-9249,98,A,0.8306,52.2,172.8
1252,9,5,14.5383,-9243,103,A,-0.7982,-46.2,-57.0
1253,3,1,10.0489,-9237,108,T,0.0710,-0.8,33.4
1253,8,25,18.1981,-9231,113,A,-0.0671,4.4,-91.8
1254,2,19,1.6050,-9225,118,T,-0.6227,-45.4,176.3
1254,8,14,18.3286,-9219,123,A,0.6726,52.6,-75.8
1255,1,10,5.4322,-9214,90,P,1.4160,68.5,88.1
1255,2,8,17.2619,-9213,128,P,-1.3244,-70.8,57.0
1255,7,5,11.7839,-9208,95,P,-1.2971,-67.7,-0.8
1255,8,3,22.3942,-9207,133,P,1.3823,70.2,-11.5
1255,12,30,12.6525,-9202,100,A,0.7798,28.9,-6.5
1256,6,24,2.2894,-9196,105,T,-0.5023,-7.0,149.4
1256,12,18,13.0772,-9190,110,A,0.1055,-17.5,-12.7
1257,6,13,19.5558,-9184,115,T,0.2409,37.6,-112.8
1257,12,7,12.7433,-9178,120,A,-0.5725,-57.9,-18.9
1258,6,3,10.9053,-9172,125,P,1.0220,64.9,-137.1
1258,11,26,18.5239,-9166,130,P,-1.2239,-64.2,114.3
1259,4,24,6.4800,-9161,97,A,-0.9304,-46.9,117.9
1259,10,17,21.0083,-9155,102,T,0.8334,38.4,-108.8
1260,4,12,6.8664,-9149,107,A,-0.1907,1.5,83.9
1260,10,6,12.8403,-9143,112,T,0.1527,-0.4,-9.6
1261,4,1,9.5156,-9137,117,A,0.5560,36.6,21.0
1261,9,26,0.8086,-9131,122,A,-0.5878,-35.0,147.3
1262,2,20,9.1556,-9126,89,P,-1.3986,-61.4,153.7
1262,3,21,19.1425,-9125,127,P,1.2522,61.0,160.7
1262,8,16,13.6500,-9120,94,P,1.5501,61.5,89.8
1262,9,15,5.7519,-9119,132,P,-1.3624,-60.9,4.9
1263,2,10,1.1358,-9114,99,T,-0.7093,-50.7,-161.5
1263,8,5,14.2453,-9108,104,A,0.8030,60.0,10.2
1264,1,30,15.8739,-9102,109,H,-0.0276,-17.1,-51.2
1264,7,24,20.3789,-9096,114,H,0.0104,18.8,-121.9
1265,1,19,0.9597,-9090,119,A,0.7068,23.9,156.0
1265,7,14,9.6253,-9084,124,T,-0.7388,-25.3,25.1
1266,1,8,2.7414,-9078,129,P,1.4301,63.6,105.2
1266,6,4,19.8422,-9073,96,P,1.0541,66.8,60.4
1266,7,4,2.6417,-9072,134,P,-1.4464,-64.3,111.8
1266,11,28,8.2669,-9067,101,A,-0.9262,-88.5,-67.7
1267,5,25,9.8244,-9061,106,T,0.3243,41.2,32.9
1267,11,17,16.2428,-9055,111,H,-0.1891,-31.8,-65.6
1268,5,13,16.9397,-9049,116,A,-0.4622,-7.2,-69.9
1268,11,6,6.3044,-9043,121,T,0.4959,11.2,88.8
1269,5,2,18.0542,-9037,126,P,-1.2291,-69.7,-58.8
1269,9,27,11.8314,-9032,93,P,-1.5034,-71.8,-102.2
1269,10,26,22.1875,-9031,131,P,1.1708,70.3,-113.8
1270,3,23,6.7258,-9026,98,A,0.8726,60.0,50.7
1270,9,16,22.0739,-9020,103,A,-0.8459,-54.3,-177.2
1271,3,12,18.1594,-9014,108,T,0.1052,5.4,-89.9
1271,9,6,1.2000,-9008,113,A,-0.1263,-3.0,161.0
1272,3,1,9.9922,-9002,118,T,-0.5954,-39.2,48.6
1272,8,25,1.2292,-8996,123,A,0.6067,43.9,177.3
1273,1,20,13.9528,-8991,90,P,1.4282,69.5,-51.8
1273,2,19,1.6511,-8990,128,P,-1.3066,-71.4,-82.5
1273,7,15,18.9708,-8985,95,P,-1.3644,-68.7,-120.2
1273,8,14,5.5906,-8984,133,P,1.3146,71.0,-132.5
1274,1,9,20.8564,-8979,100,A,0.7886,31.3,-132.8
1274,7,5,9.7406,-8973,105,T,-0.5742,-13.0,35.5
1274,12,29,21.0817,-8967,110,A,0.1138,-16.2,-132.2
1275,6,25,2.9989,-8961,115,T,0.1668,33.0,137.5
1275,12,18,20.9428,-8955,120,A,-0.5657,-58.0,-135.5
1276,6,13,18.0611,-8949,125,T,0.9490,82.2,135.2
1276,12,7,3.0911,-8943,130,P,-1.2165,-65.2,-24.2
1277,5,4,13.1992,-8938,97,A,-1.0071,-62.6,34.0
1277,10,28,5.6011,-8932,102,T,0.8506,37.9,119.6
1278,4,23,13.6119,-8926,107,A,-0.2623,1.0,-16.7
1278,10,17,21.2169,-8920,112,T,0.1762,-3.0,-135.4
1279,4,12,16.7347,-8914,117,A,0.4945,37.4,-85.3
1279,10,7,8.7058,-8908,122,A,-0.5573,-37.6,29.1
1280,3,2,17.4275,-8903,89,P,-1.4251,-61.1,20.7
1280,4,1,2.9058,-8902,127,P,1.2008,61.2,35.4
1280,9,25,13.1147,-8896,132,P,-1.3218,-61.0,-114.4
1281,2,20,9.6056,-8891,99,T,-0.7337,-47.8,72.1
1281,8,15,21.1322,-8885,104,A,0.8702,59.9,-84.2
1282,2,10,0.2997,-8879,109,H,-0.0451,-14.3,-177.3
1282,8,5,3.5989,-8873,114,H,0.0799,19.4,131.1
1283,1,30,9.1153,-8867,119,A,0.6948,25.1,31.5
1283,7,25,17.1111,-8861,124,T,-0.6677,-21.4,-88.1
1284,1,19,10.6839,-8855,129,P,1.4194,62.8,-23.3
1284,6,15,3.2186,-8850,96,P,1.1301,65.8,-60.8
1284,7,14,10.1383,-8849,134,P,-1.3779,-63.4,-10.4
1284,12,8,16.5669,-8844,101,A,-0.9284,-86.2,56.2
1285,6,4,16.8994,-8838,106,H,0.4024,47.2,-70.8
1285,11,28,0.8578,-8832,111,H,-0.1943,-33.9,167.0
1286,5,24,23.6042,-8826,116,A,-0.3825,-0.4,-171.9
1286,11,17,15.0561,-8820,121,T,0.4865,8.2,-43.9
1287,5,14,0.5903,-8814,126,P,-1.1500,-68.8,-169.0
1287,10,8,20.0017,-8809,93,P,-1.5351,-71.4,121.2
1287,11,7,6.8042,-8808,131,P,1.1600,69.4,104.2
1288,4,2,14.1911,-8803,98,A,0.9211,68.5,-76.4
1288,9,27,5.7314,-8797,103,A,-0.8863,-62.1,58.9
1289,3,23,2.1181,-8791,108,T,0.1475,12.1,148.9
1289,9,16,8.3672,-8785,113,A,-0.1768,-10.1,51.5
1290,3,12,18.2331,-8779,118,T,-0.5611,-32.7,-77.6
1290,9,5,8.2861,-8773,123,A,0.5480,35.8,68.4
1291,1,31,22.3619,-8768,90,P,1.4452,70.4,169.4
1291,3,2,9.8969,-8767,128,P,-1.2826,-71.8,139.8
1291,7,27,2.2408,-8762,95,P,-1.4280,-69.6,118.6
1291,8,25,12.9253,-8761,133,P,1.2525,71.6,103.8
1292,1,21,4.9714,-8756,100,A,0.8014,34.6,102.0
1292,7,15,17.2189,-8750,105,T,-0.6450,-19.9,-79.6
1293,1,9,5.0589,-8744,110,A,0.1233,-13.9,108.4
1293,7,5,10.4458,-8738,115,T,0.0933,27.5,26.7
1293,12,29,5.1533,-8732,120,A,-0.5588,-56.8,107.6
1294,6,25,1.1981,-8726,125,T,0.8757,84.5,153.7
1294,12,18,11.7039,-8720,130,P,-1.2108,-66.3,-163.8
1295,5,15,19.8094,-8715,97,P,-1.0884,-63.3,-74.5
1295,11,8,14.2958,-8709,102,T,0.8630,37.5,-14.0
1296,5,3,20.2644,-8703,107,A,-0.3385,-0.5,-116.1
1296,10,28,5.6914,-8697,112,T,0.1946,-5.5,97.2
1297,4,22,23.8658,-8691,117,A,0.4275,37.7,170.4
1297,10,17,16.7139,-8685,122,A,-0.5330,-40.6,-90.4
1298,3,14,1.5947,-8680,89,P,-1.4573,-61.1,-110.7
1298,4,12,10.5911,-8679,127,P,1.1445,61.5,-88.9
1298,10,6,20.5878,-8673,132,P,-1.2867,-61.2,124.7
1299,3,3,17.9586,-8668,99,T,-0.7639,-45.5,-53.0
1299,8,27,4.1603,-8662,104,A,0.9311,60.0,180.0
1300,2,21,8.5667,-8656,109,H,-0.0698,-11.5,58.8
1300,8,15,10.9569,-8650,114,H,0.1434,19.0,22.0
1301,2,9,17.1139,-8644,119,A,0.6757,26.4,-90.3
1301,8,5,0.7117,-8638,124,T,-0.6019,-19.1,157.3
1302,1,29,18.4967,-8632,129,P,1.4025,62.1,-149.7
1302,6,26,10.5969,-8627,96,P,1.2055,64.8,178.4
1302,7,25,17.7083,-8626,134,P,-1.3129,-62.7,-133.4
1302,12,20,0.8975,-8621,101,A,-0.9302,-82.1,-85.3
1303,6,15,23.8947,-8615,106,H,0.4836,52.5,-171.4
1303,12,9,9.5481,-8609,111,H,-0.1964,-34.9,39.0
1304,6,4,6.1600,-8603,116,A,-0.2977,5.9,88.6
1304,11,27,23.8903,-8597,121,T,0.4812,6.2,-177.7
1305,5,24,7.0381,-8591,126,P,-1.0658,-67.8,82.8
1305,11,17,15.5156,-8585,131,P,1.1540,68.4,-38.4
1306,4,13,21.5692,-8580,98,A,0.9745,75.5,130.6
1306,10,8,13.4908,-8574,103,A,-0.9208,-69.4,-70.7
1307,4,3,9.9950,-8568,108,T,0.1946,18.9,29.0
1307,9,27,15.6511,-8562,113,A,-0.2211,-16.9,-59.6
1308,3,23,2.3500,-8556,118,T,-0.5205,-25.9,157.8
1308,9,15,15.5006,-8550,123,A,0.4964,28.2,-42.6
1309,2,11,6.6567,-8545,90,P,1.4670,71.1,31.7
1309,3,12,18.0069,-8544,128,P,-1.2527,-71.9,3.9
1309,8,6,9.6372,-8539,95,P,-1.4863,-70.4,-5.0
1309,9,4,20.4239,-8538,133,P,1.1974,72.0,-22.7
1310,1,31,12.9658,-8533,100,A,0.8194,38.9,-21.9
1310,7,27,0.7961,-8527,105,T,-0.7111,-27.2,163.0
1311,1,20,12.9603,-8521,110,A,0.1365,-10.6,-10.1
1311,7,16,17.9178,-8515,115,T,0.0216,21.4,-85.4
1312,1,9,13.3342,-8509,120,A,-0.5500,-54.3,-10.2
1312,7,5,8.3231,-8503,125,T,0.8028,75.4,68.1
1312,12,28,20.2994,-8497,130,P,-1.2038,-67.4,56.4
1313,5,26,2.3244,-8492,97,P,-1.1731,-64.2,178.1
1313,11,18,23.0753,-8486,102,T,0.8712,37.4,-149.3
1314,5,15,2.8356,-8480,107,A,-0.4192,-3.3,145.5
1314,11,8,14.2514,-8474,112,T,0.2080,-7.6,-31.3
1315,5,4,6.9144,-8468,117,A,0.3556,37.3,67.7
1315,10,29,0.8331,-8462,122,A,-0.5150,-43.8,149.1
1316,3,24,9.6131,-8457,89,P,-1.4970,-61.2,120.1
1316,4,22,18.1450,-8456,127,P,1.0812,62.0,148.8
1316,10,17,4.2092,-8450,132,P,-1.2591,-61.6,1.5
1317,3,14,2.1706,-8445,99,T,-0.8008,-44.2,-175.9
1317,9,6,11.3514,-8439,104,A,0.9843,60.9,87.6
1318,3,3,16.7031,-8433,109,H,-0.1003,-8.8,-63.2
1318,8,26,18.4553,-8427,114,H,0.2005,17.9,-89.6
1319,2,21,0.9956,-8421,119,A,0.6516,28.0,150.1
1319,8,16,8.3894,-8415,124,T,-0.5396,-18.0,41.9
1320,2,10,2.2211,-8409,129,P,1.3813,61.5,85.4
1320,7,6,17.9733,-8404,96,P,1.2804,63.9,57.9
1320,8,5,1.3392,-8403,134,P,-1.2510,-62.1,102.9
1320,12,30,9.2250,-8398,101,A,-0.9327,-77.9,141.3
1321,6,26,6.8819,-8392,106,H,0.5641,56.7,90.3
1321,12,19,18.2506,-8386,111,H,-0.1987,-34.9,-89.2
1322,6,15,12.6964,-8380,116,A,-0.2127,11.4,-9.8
1322,12,9,8.7406,-8374,121,T,0.4767,5.0,48.4
1323,6,4,13.4653,-8368,126,A,-0.9799,-56.1,-23.4
1323,11,29,0.2694,-8362,131,P,1.1509,67.3,178.8
1324,4,24,4.8317,-8357,98,P,1.0343,70.3,-31.7
1324,10,18,21.3778,-8351,103,A,-0.9481,-75.4,149.9
1325,4,13,17.7414,-8345,108,T,0.2487,26.0,-88.8
1325,10,7,23.0922,-8339,113,A,-0.2574,-23.2,-172.5
1326,4,3,10.3272,-8333,118,T,-0.4731,-19.0,35.3
1326,9,26,22.8981,-8327,123,A,0.4531,21.3,-156.1
1327,2,22,14.7981,-8322,90,P,1.4956,71.6,-104.3
1327,3,24,1.9478,-8321,128,P,-1.2152,-71.8,-129.5
1327,9,16,4.0747,-8315,133,P,1.1489,72.1,-151.8
1328,2,11,20.8361,-8310,100,A,0.8426,44.1,-144.7
1328,8,6,8.4431,-8304,105,T,-0.7736,-35.1,43.6
1329,1,30,20.7631,-8298,110,A,0.1543,-6.5,-127.7
1329,7,27,1.4378,-8292,115,T,-0.0471,14.9,160.9
1330,1,19,21.4800,-8286,120,A,-0.5391,-50.6,-129.0
1330,7,16,15.4492,-8280,125,T,0.7307,66.5,-35.7
1331,1,9,4.8894,-8274,130,P,-1.1961,-68.4,-83.8
1331,6,6,8.7806,-8269,97,P,-1.2597,-65.1,71.4
1331,7,5,22.7772,-8268,135,P,1.5532,67.8,12.6
1331,11,30,7.9142,-8263,102,T,0.8766,37.6,74.2
1332,5,25,9.3425,-8257,107,A,-0.5032,-7.3,47.6
1332,11,18,22.8861,-8251,112,T,0.2172,-9.2,-160.8
1333,5,14,13.9231,-8245,117,A,0.2806,36.1,-34.2
1333,11,8,9.0197,-8239,122,A,-0.5012,-46.8,28.4
1334,5,4,1.6539,-8233,127,P,1.0149,62.6,27.0
1334,10,28,11.9383,-8227,132,P,-1.2370,-62.1,-123.4
1335,3,25,10.2483,-8222,99,T,-0.8444,-44.2,63.3
1335,9,17,18.6983,-8216,104,P,1.0305,60.9,-12.4
1336,3,14,0.6708,-8210,109,H,-0.1386,-6.4,177.4
1336,9,6,2.1161,-8204,114,H,0.2506,16.2,156.1
1337,3,3,8.6781,-8198,119,A,0.6182,29.5,34.1
1337,8,26,16.2161,-8192,124,T,-0.4842,-18.1,-75.7
1338,2,20,9.7917,-8186,129,P,1.3524,61.2,-37.0
1338,7,18,1.3739,-8181,96,P,1.3535,63.2,-62.6
1338,8,16,9.0531,-8180,134,P,-1.1933,-61.6,-21.9
1339,1,10,17.5281,-8175,101,A,-0.9371,-73.9,10.9
1339,7,7,13.8425,-8169,106,H,0.6451,59.8,-5.5
1339,12,31,2.9600,-8163,111,H,-0.2011,-33.9,142.5
1340,6,25,19.1772,-8157,116,A,-0.1253,16.0,-106.7
1340,12,19,17.6306,-8151,121,T,0.4741,4.7,-86.0
1341,6,14,19.8694,-8145,126,A,-0.8922,-39.6,-123.3
1341,12,9,9.0581,-8139,131,P,1.1500,66.3,36.2
1342,5,5,12.0442,-8134,98,P,1.0972,69.4,-152.3
1342,10,30,5.3706,-8128,103,A,-0.9696,-78.6,-5.8
1343,4,25,1.4044,-8122,108,T,0.3077,33.1,155.2
1343,10,19,6.6569,-8116,113,A,-0.2873,-29.0,73.3
1344,4,13,18.1933,-8110,118,T,-0.4200,-12.0,-85.4
1344,10,7,6.4492,-8104,123,A,0.4170,15.1,88.4
1345,3,4,22.7872,-8099,90,P,1.5306,71.9,121.7
1345,4,3,9.7494,-8098,128,P,-1.1717,-71.5,99.5
1345,9,26,11.8981,-8092,133,P,1.1079,72.0,76.5
1346,2,22,4.5631,-8087,100,A,0.8720,50.4,93.4
1346,8,17,16.1906,-8081,105,T,-0.8312,-43.4,-78.6
1347,2,11,4.4508,-8075,110,A,0.1778,-1.5,116.0
1347,8,7,9.0272,-8069,115,T,-0.1116,8.1,45.7
1348,1,31,5.5261,-8063,120,A,-0.5226,-46.0,111.9
1348,7,26,22.6192,-8057,125,H,0.6616,58.0,-143.3
1349,1,19,13.4117,-8051,130,P,-1.1847,-69.5,136.3
1349,6,16,15.2067,-8046,97,P,-1.3468,-66.1,-35.3
1349,7,16,5.4292,-8045,135,P,1.4782,68.8,-98.7
1349,12,10,16.7742,-8040,102,T,0.8811,38.2,-62.7
1350,6,5,15.8325,-8034,107,A,-0.5883,-12.4,-50.7
1350,11,30,7.5808,-8028,112,H,0.2227,-10.3,68.8
1351,5,25,20.8675,-8022,117,H,0.2015,33.7,-135.5
1351,11,19,17.3011,-8016,122,A,-0.4929,-49.4,-92.7
1352,5,14,9.0733,-8010,127,T,0.9437,73.6,-48.5
1352,11,7,19.7875,-8004,132,P,-1.2209,-62.8,109.7
1353,4,4,18.1850,-7999,99,T,-0.8949,-46.0,-54.7
1353,9,28,2.2311,-7993,104,P,1.0684,61.0,-134.1
1354,3,25,8.5058,-7987,109,H,-0.1829,-4.4,60.0
1354,9,17,9.9111,-7981,114,H,0.2947,14.2,39.3
1355,3,14,16.2319,-7975,119,A,0.5792,31.2,-79.3
1355,9,7,0.1519,-7969,124,T,-0.4340,-19.2,165.3
1356,3,2,17.2217,-7963,129,P,1.3168,60.9,-157.2
1356,7,28,8.8200,-7958,96,P,1.4235,62.5,176.3
1356,8,26,16.8694,-7957,134,P,-1.1410,-61.2,-148.1
1357,1,21,1.7792,-7952,101,A,-0.9448,-70.1,-116.8
1357,7,17,20.8428,-7946,106,A,0.7228,61.5,-100.5
1358,1,10,11.6214,-7940,111,T,-0.2065,-32.0,14.4
1358,7,7,1.6958,-7934,116,A,-0.0404,19.6,156.6
1358,12,31,2.4931,-7928,121,T,0.4701,5.1,140.0
1359,6,26,2.2753,-7922,126,A,-0.8038,-29.9,138.3
1359,12,20,17.8494,-7916,131,P,1.1496,65.2,-106.0
1360,5,15,19.1839,-7911,98,P,1.1647,68.5,88.7
1360,6,14,5.9344,-7910,136,P,-1.5227,-65.8,78.2
1360,11,9,13.4525,-7905,103,A,-0.9858,-76.8,-166.6
1361,5,5,8.9675,-7899,108,T,0.3722,40.2,41.4
1361,10,29,14.3644,-7893,113,A,-0.3101,-34.1,-42.1
1362,4,25,1.9378,-7887,118,T,-0.3611,-5.2,155.9
1362,10,18,14.1575,-7881,123,A,0.3879,9.6,-29.1
1363,4,14,17.3964,-7875,128,P,-1.1212,-70.9,-28.7
1363,10,7,19.8819,-7869,133,P,1.0741,71.6,-57.4
1364,3,4,12.1111,-7864,100,A,0.9095,57.9,-28.8
1364,8,28,0.0503,-7858,105,T,-0.8832,-51.9,155.6
1365,2,21,12.0161,-7852,110,A,0.2074,4.1,1.2
1365,8,17,16.6961,-7846,115,T,-0.1716,1.1,-71.2
1366,2,10,13.4986,-7840,120,A,-0.5016,-40.6,-7.4
1366,8,7,5.8397,-7834,125,H,0.5958,49.7,107.0
1367,1,30,21.8869,-7828,130,P,-1.1704,-70.4,-3.5
1367,6,27,21.6028,-7823,97,P,-1.4343,-67.1,-141.9
1367,7,27,12.0964,-7822,135,P,1.4043,69.7,149.3
1367,12,22,1.6594,-7817,102,T,0.8842,39.2,159.8
1368,6,15,22.3189,-7811,107,A,-0.6736,-18.9,-149.8
1368,12,10,16.2881,-7805,112,H,0.2270,-10.5,-61.6
1369,6,5,3.8253,-7799,117,H,0.1222,30.4,122.5
1369,11,30,1.6161,-7793,122,A,-0.4873,-51.4,146.6
1370,5,25,16.4750,-7787,127,T,0.8708,76.2,-124.0
1370,11,19,3.7022,-7781,132,P,-1.2082,-63.6,-18.4
1371,4,16,2.0036,-7776,99,T,-0.9508,-50.7,-168.9
1371,10,9,9.9236,-7770,104,P,1.0990,61.3,101.7
1372,4,4,16.1506,-7764,109,H,-0.2359,-3.1,-54.4
1372,9,27,17.8875,-7758,114,H,0.3305,11.9,-80.4
1373,3,24,23.5897,-7752,119,A,0.5311,32.7,170.9
1373,9,17,8.2378,-7746,124,T,-0.3912,-21.0,44.0
1374,3,14,0.4856,-7740,129,P,1.2731,60.9,85.1
1374,8,8,16.3356,-7735,96,P,1.4893,61.9,54.5
1374,9,7,0.8019,-7734,134,P,-1.0949,-61.0,84.0
1375,2,1,9.9606,-7729,101,A,-0.9565,-66.8,118.4
1375,7,29,3.8481,-7723,106,A,0.7991,62.3,165.3
1376,1,21,20.2503,-7717,111,T,-0.2141,-29.5,-113.5
1376,7,17,8.2206,-7711,116,A,0.0439,22.2,60.3
1377,1,10,11.3253,-7705,121,T,0.4646,6.1,6.5
1377,7,6,8.7244,-7699,126,A,-0.7168,-22.8,40.2
1377,12,31,2.6361,-7693,131,P,1.1494,64.3,112.2
1378,5,27,2.3025,-7688,98,P,1.2336,67.5,-29.3
1378,6,25,12.7544,-7687,136,P,-1.4392,-64.8,-34.2
1378,11,20,21.6011,-7682,103,A,-0.9981,-68.1,45.5
1379,5,16,16.4831,-7676,108,T,0.4396,47.0,-70.5
1379,11,9,22.1747,-7670,113,A,-0.3275,-38.3,-158.0
1380,5,5,9.5828,-7664,118,T,-0.2973,1.5,39.2
1380,10,28,22.0131,-7658,123,A,0.3656,4.9,-148.4
1381,4,25,0.9294,-7652,128,P,-1.0659,-70.2,-154.8
1381,10,18,4.0056,-7646,133,P,1.0464,71.0,167.1
1382,3,15,19.5069,-7641,100,A,0.9536,66.6,-156.5
1382,9,8,8.0400,-7635,105,T,-0.9290,-60.5,24.3
1383,3,4,19.4331,-7629,110,A,0.2444,10.4,-111.8
1383,8,29,0.4606,-7623,115,T,-0.2262,-5.9,170.2
1384,2,21,21.3458,-7617,120,A,-0.4738,-34.6,-126.0
1384,8,17,13.1517,-7611,125,A,0.5354,41.7,-4.5
1385,2,10,6.2406,-7605,130,P,-1.1498,-71.1,-142.1
1385,7,8,4.0361,-7600,97,P,-1.5189,-68.1,110.4
1385,8,6,18.8611,-7599,135,P,1.3352,70.6,35.3
1386,1,1,10.5242,-7594,102,T,0.8881,40.8,22.6
1386,6,27,4.8214,-7588,107,A,-0.7583,-26.6,110.0
1386,12,22,1.0075,-7582,112,H,0.2300,-10.0,167.7
1387,6,16,10.7731,-7576,117,H,0.0416,26.0,19.8
1387,12,11,9.9750,-7570,122,A,-0.4843,-52.4,26.1
1388,6,4,23.8242,-7564,127,T,0.7944,74.2,156.6
1388,11,29,11.7056,-7558,132,P,-1.1999,-64.6,-148.1
1389,4,26,9.7061,-7553,99,P,-1.0124,-62.2,91.5
1389,5,25,16.8031,-7552,137,P,1.4993,64.4,139.8
1389,10,19,17.7739,-7547,104,P,1.1226,61.7,-25.0
1390,4,15,23.6767,-7541,109,H,-0.2940,-2.7,-167.0
1390,10,9,2.0072,-7535,114,H,0.3598,9.6,157.3
1391,4,5,6.7947,-7529,119,A,0.4761,33.9,64.2
1391,9,28,16.4419,-7523,124,T,-0.3541,-23.4,-78.9
1392,3,24,7.6131,-7517,129,P,1.2226,60.9,-30.5
1392,9,17,8.8508,-7511,134,P,-1.0548,-61.0,-45.5
1393,2,11,18.0406,-7506,101,A,-0.9742,-64.1,-1.4
1393,8,8,10.9383,-7500,106,A,0.8703,62.3,70.1
1394,2,1,4.7969,-7494,111,T,-0.2268,-26.6,119.2
1394,7,28,14.8047,-7488,116,A,0.1249,23.7,-36.5
1395,1,21,20.0900,-7482,121,T,0.4555,7.7,-126.0
1395,7,17,15.2378,-7476,126,A,-0.6318,-17.7,-58.2
1396,1,11,11.3539,-7470,131,P,1.1464,63.4,-28.1
1396,6,6,9.3922,-7465,98,P,1.3046,66.5,-146.5
1396,7,5,19.6278,-7464,136,P,-1.3568,-63.9,-147.2
1396,12,1,5.8008,-7459,103,A,-1.0074,-67.0,-88.6
1397,5,26,23.9475,-7453,108,T,0.5101,53.4,-179.9
1397,11,20,6.0717,-7447,113,A,-0.3407,-41.6,85.7
1398,5,16,17.1447,-7441,118,T,-0.2294,7.7,-75.7
1398,11,9,6.0094,-7435,123,A,0.3493,1.1,90.5
1399,5,6,8.3078,-7429,128,P,-1.0035,-69.3,82.1
1399,10,29,12.2856,-7423,133,P,1.0256,70.2,29.8
1400,3,26,2.7281,-7418,100,A,1.0058,72.0,34.0
1400,9,18,16.1619,-7412,105,T,-0.9684,-68.7,-118.1
1401,3,15,2.7119,-7406,110,A,0.2885,17.2,137.1
1401,9,8,8.3392,-7400,115,T,-0.2746,-12.8,49.9
1402,3,4,5.1108,-7394,120,A,-0.4410,-28.2,115.9
1402,8,28,20.5275,-7388,125,A,0.4790,34.0,-117.4
1403,2,21,14.5283,-7382,130,P,-1.1253,-71.7,79.8
1403,8,18,1.6950,-7376,135,P,1.2697,71.3,-80.4
1404,1,12,19.3461,-7371,102,T,0.8945,43.3,-114.3
1404,7,7,11.3831,-7365,107,A,-0.8407,-35.9,7.5
1405,1,1,9.6936,-7359,112,H,0.2343,-8.6,37.5
1405,6,26,17.7844,-7353,117,H,-0.0370,20.9,-84.7
1405,12,21,18.2994,-7347,122,A,-0.4803,-52.2,-93.7
1406,6,16,7.2003,-7341,127,T,0.7188,69.4,64.4
1406,12,10,19.7317,-7335,132,P,-1.1928,-65.6,81.5
1407,5,7,17.2894,-7330,99,P,-1.0794,-62.9,-31.5
1407,6,6,0.2764,-7329,137,P,1.4296,65.2,17.8
1407,10,31,1.7728,-7324,104,P,1.1398,62.3,-154.0
1408,4,26,7.0361,-7318,109,H,-0.3595,-3.3,82.8
1408,10,19,10.2831,-7312,114,H,0.3820,7.3,32.6
1409,4,15,13.8219,-7306,119,A,0.4130,34.6,-39.1
1409,10,9,0.8025,-7300,124,T,-0.3249,-26.2,156.1
1410,4,4,14.5886,-7294,129,P,1.1642,61.2,-143.9
1410,9,28,17.0133,-7288,134,P,-1.0206,-61.1,-176.7
1411,2,23,2.0267,-7283,101,A,-0.9972,-61.6,-105.7
1411,8,19,18.0889,-7277,106,A,0.9376,62.2,-23.9
1412,2,12,13.2506,-7271,111,T,-0.2446,-23.5,-7.0
1412,8,7,21.4628,-7265,116,A,0.2018,24.4,-134.5
1413,2,1,4.7847,-7259,121,T,0.4429,9.6,102.6
1413,7,27,21.8400,-7253,126,A,-0.5506,-14.1,-157.5
1414,1,21,20.0128,-7247,131,P,1.1411,62.6,-167.3
1414,6,17,16.5119,-7242,98,P,1.3749,65.5,96.4
1414,7,17,2.5842,-7241,136,P,-1.2770,-63.1,99.0
1414,12,12,14.0306,-7236,103,A,-1.0145,-65.9,137.3
1415,6,7,7.3781,-7230,108,T,0.5827,59.2,73.7
1415,12,1,14.0422,-7224,113,A,-0.3503,-43.7,-30.7
1416,5,27,0.6467,-7218,118,T,-0.1584,13.5,171.0
1416,11,19,14.0986,-7212,123,A,0.3370,-1.8,-31.6
1417,5,16,15.6086,-7206,128,T,-0.9378,-48.9,-46.3
1417,11,8,20.6839,-7200,133,P,1.0097,69.2,-108.6
1418,4,6,9.8028,-7195,100,P,1.0643,71.5,-86.1
1418,9,30,0.4031,-7189,105,T,-1.0021,-71.8,63.7
1419,3,26,9.8492,-7183,110,A,0.3399,24.5,28.0
1419,9,19,16.3392,-7177,115,T,-0.3162,-19.5,-72.1
1420,3,14,12.7158,-7171,120,A,-0.3994,-21.4,-0.3
1420,9,8,4.0358,-7165,125,A,0.4301,26.7,127.7
1421,3,3,22.6761,-7159,130,P,-1.0933,-72.0,-56.6
1421,8,28,8.6483,-7153,135,P,1.2101,71.8,161.6
1422,1,23,4.0947,-7148,102,T,0.9044,46.6,109.5
1422,7,18,18.0164,-7142,107,A,-0.9197,-47.2,-98.5
1423,1,12,18.3386,-7136,112,H,0.2400,-6.2,-92.4
1423,7,8,0.8111,-7130,117,H,-0.1158,15.0,169.7
1424,1,2,2.6211,-7124,122,A,-0.4768,-50.7,146.2
1424,6,26,14.5736,-7118,127,T,0.6425,63.1,-36.6
1424,12,21,3.7747,-7112,132,P,-1.1867,-66.7,-49.6
1425,5,18,0.7933,-7107,99,P,-1.1498,-63.7,-153.5
1425,6,16,7.7350,-7106,137,P,1.3592,66.2,-104.4
1425,11,10,9.9078,-7101,104,P,1.1506,63.1,74.8
1426,5,7,14.2922,-7095,109,H,-0.4294,-5.0,-26.0
1426,10,30,18.6772,-7089,114,H,0.3991,5.2,-94.1
1427,4,26,20.7278,-7083,119,A,0.3444,34.7,-140.2
1427,10,20,9.2767,-7077,124,T,-0.3009,-29.1,29.6
1428,4,14,21.4297,-7071,129,P,1.0987,61.6,104.6
1428,10,9,1.3028,-7065,134,T,-0.9930,-63.0,61.0
1429,3,5,9.9022,-7060,101,P,-1.0266,-61.0,129.6
1429,8,30,1.3417,-7054,106,A,0.9988,61.0,-98.8
1430,2,22,21.5972,-7048,111,T,-0.2685,-20.5,-131.9
1430,8,19,4.2311,-7042,116,A,0.2729,24.2,125.7
1431,2,12,13.3639,-7036,121,T,0.4245,11.9,-26.9
1431,8,8,4.5500,-7030,126,A,-0.4737,-12.0,102.0
1432,2,2,4.5617,-7024,131,P,1.1309,62.0,55.4
1432,6,27,23.6619,-7019,98,P,1.4445,64.6,-20.9
1432,7,27,9.6506,-7018,136,P,-1.2011,-62.4,-16.3
1432,12,22,22.2369,-7013,103,P,-1.0224,-64.9,4.1
1433,6,17,14.8117,-7007,108,T,0.6558,64.0,-29.5
1433,12,11,22.0622,-7001,113,A,-0.3579,-44.6,-147.3
1434,6,7,8.0889,-6995,118,T,-0.0847,18.7,59.3
1434,11,30,22.2928,-6989,123,A,0.3290,-3.7,-155.0
1435,5,27,22.7983,-6983,128,T,-0.8670,-37.8,-160.2
1435,11,20,5.2006,-6977,133,A,0.9991,68.2,111.8
1436,4,16,16.7031,-6972,100,P,1.1306,70.8,157.0
1436,10,10,8.7911,-6966,105,P,-1.0286,-71.3,-76.0
1437,4,5,16.8683,-6960,110,A,0.3974,32.1,-79.3
1437,9,30,0.4458,-6954,115,T,-0.3519,-25.9,164.7
1438,3,25,20.2397,-6948,120,A,-0.3529,-14.5,-115.5
1438,9,19,11.6356,-6942,125,A,0.3864,19.8,11.4
1439,3,15,6.7261,-6936,130,P,-1.0559,-72.1,168.3
1439,9,8,15.7056,-6930,135,P,1.1555,72.1,41.6
1440,2,3,12.7633,-6925,102,T,0.9183,50.9,-26.5
1440,7,29,0.7614,-6919,107,A,-0.9938,-66.1,142.4
1441,1,23,2.8806,-6913,112,H,0.2503,-2.9,138.9
1441,7,18,7.9544,-6907,117,T,-0.1896,8.6,61.6
1442,1,12,10.8647,-6901,122,A,-0.4704,-48.0,26.1
1442,7,7,21.9944,-6895,127,T,0.5679,56.2,-143.3
1443,1,1,11.7892,-6889,132,P,-1.1793,-67.8,179.2
1443,5,29,8.2192,-6884,99,P,-1.2234,-64.6,85.3
1443,6,27,15.1861,-6883,137,P,1.2887,67.2,133.2
1443,11,21,18.1464,-6878,104,P,1.1575,63.9,-58.2
1444,5,17,21.4114,-6872,109,H,-0.5052,-8.1,-133.0
1444,11,10,3.2056,-6866,114,H,0.4102,3.5,137.2
1445,5,7,3.4939,-6860,119,A,0.2692,33.8,121.2
1445,10,30,17.8700,-6854,124,T,-0.2828,-32.0,-98.2
1446,4,26,4.1511,-6848,129,P,1.0268,62.1,-5.2
1446,10,20,9.7125,-6842,134,T,-0.9718,-65.8,-56.8
1447,3,16,17.6503,-6837,101,P,-1.0629,-61.0,4.7
1447,9,10,8.6944,-6831,106,P,1.0542,60.8,142.2
1448,3,5,5.8325,-6825,111,T,-0.2984,-17.7,104.7
1448,8,29,11.1181,-6819,116,A,0.3380,23.4,23.8
1449,2,22,21.8358,-6813,121,T,0.4008,14.3,-154.6
1449,8,18,11.4014,-6807,126,A,-0.4030,-11.1,-0.5
1450,2,12,13.0231,-6801,131,P,1.1169,61.5,-80.5
1450,7,9,6.8589,-6796,98,P,1.5125,63.8,-138.5
1450,8,7,16.8136,-6795,136,P,-1.1286,-61.8,-132.8
1451,1,3,6.4278,-6790,103,P,-1.0306,-63.9,-128.6
1451,6,28,22.2578,-6784,108,T,0.7287,67.5,-128.8
1451,12,23,6.0889,-6778,113,A,-0.3651,-44.3,96.0
1452,6,17,15.5117,-6772,118,T,-0.0102,23.0,-51.3
1452,12,11,6.5314,-6766,123,A,0.3224,-4.8,81.1
1453,6,7,5.9456,-6760,128,T,-0.7948,-29.4,88.7
1453,11,30,13.7714,-6754,133,A,0.9903,60.4,-27.7
1454,4,27,23.4858,-6749,100,P,1.2018,70.0,42.5
1454,10,21,17.2919,-6743,105,P,-1.0499,-70.7,143.0
1455,4,16,23.7336,-6737,110,A,0.4628,40.0,176.1
1455,10,11,8.6789,-6731,115,T,-0.3809,-31.8,40.2
1456,4,5,3.6206,-6725,120,A,-0.2980,-7.3,131.5
1456,9,29,19.3739,-6719,125,A,0.3503,13.5,-106.7
1457,3,25,14.6378,-6713,130,P,-1.0107,-71.9,35.4
1457,9,18,22.9164,-6707,135,P,1.1083,72.1,-80.8
1458,2,13,21.3275,-6702,102,T,0.9374,56.3,-162.6
1458,8,9,7.6028,-6696,107,P,-1.0636,-70.8,20.6
1459,2,3,11.3447,-6690,112,H,0.2638,1.1,11.1
1459,7,29,15.1697,-6684,117,T,-0.2605,1.8,-48.2
1460,1,23,19.0311,-6678,122,A,-0.4607,-44.2,-94.0
1460,7,18,5.4647,-6672,127,T,0.4954,48.9,106.4
1461,1,11,19.7725,-6666,132,P,-1.1705,-68.9,47.9
1461,6,8,15.6053,-6661,99,P,-1.2986,-65.5,-35.5
1461,7,7,22.6581,-6660,137,P,1.2191,68.2,10.0
1461,12,2,2.4625,-6655,104,P,1.1614,64.9,167.3
1462,5,29,4.4672,-6649,109,H,-0.5833,-12.4,120.4
1462,11,21,11.8233,-6643,114,H,0.4176,2.2,7.2
1463,5,18,10.1478,-6637,119,A,0.1890,31.9,24.2
1463,11,11,2.5628,-6631,124,T,-0.2696,-34.5,133.0
1464,5,6,10.7828,-6625,129,A,0.9502,71.2,-72.7
1464,10,30,18.2203,-6619,134,T,-0.9560,-68.9,176.0
1465,3,27,1.2908,-6614,101,P,-1.1052,-61.1,-118.7
1465,9,20,16.1786,-6608,106,P,1.1020,60.9,21.2
1466,3,16,13.9536,-6602,111,T,-0.3348,-15.3,-17.1
1466,9,9,18.1317,-6596,116,A,0.3966,22.2,-80.5
1467,3,6,6.1783,-6590,121,T,0.3706,16.7,79.9
1467,8,29,18.4081,-6584,126,A,-0.3391,-11.3,-105.2
1468,2,23,21.3153,-6578,131,P,1.0953,61.2,146.3
1468,8,18,0.1356,-6572,136,P,-1.0627,-61.3,108.4
1469,1,13,14.5456,-6567,103,P,-1.0420,-63.0,100.3
1469,7,9,5.7394,-6561,108,T,0.8000,69.3,134.7
1470,1,2,14.0989,-6555,113,A,-0.3733,-43.1,-20.7
1470,6,28,22.9156,-6549,118,T,0.0650,26.4,-161.0
1470,12,22,14.8181,-6543,123,A,0.3175,-4.9,-43.4
1471,6,18,13.0033,-6537,128,T,-0.7189,-22.3,-19.7
1471,12,11,22.4222,-6531,133,A,0.9849,57.1,-165.0
1472,5,8,6.1328,-6526,100,P,1.2791,69.1,-69.4
1472,6,6,20.3419,-6525,138,P,-1.5448,-66.4,-132.2
1472,11,1,1.9075,-6520,105,P,-1.0657,-69.8,0.9
1473,4,27,6.5158,-6514,110,A,0.5328,48.1,73.3
1473,10,21,17.0244,-6508,115,T,-0.4040,-37.3,-85.1
1474,4,16,10.9300,-6502,120,A,-0.2387,-0.2,19.7
1474,10,11,3.2047,-6496,125,A,0.3195,7.8,134.1
1475,4,5,22.4617,-6490,130,T,-0.9607,-60.5,-123.6
1475,9,30,6.2539,-6484,135,P,1.0676,71.9,154.9
1476,2,25,5.7608,-6479,102,T,0.9627,63.1,58.7
1476,8,19,14.6039,-6473,107,P,-1.1260,-71.4,-97.8
1477,2,13,19.6731,-6467,112,H,0.2833,6.0,-115.0
1477,8,8,22.5158,-6461,117,T,-0.3257,-5.2,-160.5
1478,2,3,3.0694,-6455,122,A,-0.4455,-39.5,146.4
1478,7,29,13.0214,-6449,127,T,0.4269,41.4,-6.8
1479,1,23,3.6625,-6443,132,P,-1.1571,-69.9,-82.6
1479,6,19,22.9353,-6438,99,P,-1.3756,-66.5,-155.9
1479,7,19,6.1544,-6437,137,P,1.1509,69.1,-114.1
1479,12,13,10.8372,-6432,104,P,1.1630,65.9,31.5
1480,6,8,11.4356,-6426,109,H,-0.6644,-18.0,14.4
1480,12,1,20.5106,-6420,114,H,0.4218,1.5,-123.9
1481,5,28,16.7164,-6414,119,A,0.1053,28.8,-71.9
1481,11,21,11.3536,-6408,124,T,-0.2617,-36.6,3.3
1482,5,17,17.3167,-6402,129,A,0.8681,73.4,-137.0
1482,11,11,2.8303,-6396,134,T,-0.9457,-72.5,44.0
1483,4,7,8.8189,-6391,101,P,-1.1536,-61.5,119.5
1483,10,1,23.7875,-6385,106,P,1.1431,61.1,-101.7
1484,3,26,21.9464,-6379,111,T,-0.3782,-13.5,-137.0
1484,9,20,1.2986,-6373,116,A,0.4474,20.8,172.4
1485,3,16,14.4061,-6367,121,T,0.3345,19.1,-43.6
1485,9,9,1.5517,-6361,126,A,-0.2811,-12.4,148.0
1486,3,6,5.5000,-6355,131,P,1.0689,61.0,14.7
1486,8,29,7.5822,-6349,136,P,-1.0018,-61.0,-12.1
1487,1,24,22.5842,-6344,103,P,-1.0566,-62.3,-29.5
1487,7,20,13.2600,-6338,108,T,0.8696,69.3,39.6
1488,1,13,22.0625,-6332,113,A,-0.3840,-41.0,-137.4
1488,7,9,6.3475,-6326,118,T,0.1384,28.9,89.5
1489,1,1,23.0742,-6320,123,A,0.3102,-4.3,-167.5
1489,6,28,20.0733,-6314,128,H,-0.6440,-16.8,-127.5
1489,12,22,7.0825,-6308,133,A,0.9791,54.6,58.8
1490,5,19,12.6847,-6303,100,P,1.3600,68.1,-179.2
1490,6,18,2.9250,-6302,138,P,-1.4661,-65.4,118.7
1490,11,12,10.6125,-6297,105,P,-1.0774,-68.8,-141.9
1491,5,8,13.1925,-6291,110,A,0.6085,56.5,-26.9
1491,11,2,1.4797,-6285,115,T,-0.4209,-42.0,148.9
1492,4,26,18.1194,-6279,120,A,-0.1723,6.8,-90.0
1492,10,21,11.1767,-6273,125,A,0.2964,2.8,13.1
1493,4,16,6.1722,-6267,130,T,-0.9042,-49.5,107.3
1493,10,10,13.7264,-6261,135,P,1.0334,71.4,28.8
1494,3,7,14.0722,-6256,102,T,0.9940,71.3,-99.2
1494,8,30,21.7431,-6250,107,P,-1.1821,-71.8,141.3
1495,2,25,3.8675,-6244,112,H,0.3090,11.5,120.5
1495,8,20,5.9744,-6238,117,T,-0.3862,-12.4,85.1
1496,2,14,10.9919,-6232,122,A,-0.4249,-34.2,27.5
1496,8,8,20.6706,-6226,127,T,0.3626,33.9,-122.4
1497,2,2,11.4639,-6220,132,P,-1.1393,-70.7,147.5
1497,6,30,6.2769,-6215,99,P,-1.4514,-67.5,83.1
1497,7,29,13.7203,-6214,137,P,1.0863,70.0,120.2
1497,12,23,19.2494,-6209,104,P,1.1634,67.0,-105.2
1498,6,19,18.3606,-6203,109,A,-0.7466,-25.1,-91.8
1498,12,13,5.2522,-6197,114,T,0.4242,1.5,104.3
1499,6,8,23.2275,-6191,119,A,0.0195,24.7,-167.8
1499,12,2,20.1922,-6185,124,T,-0.2557,-37.9,-126.7
1500,5,27,23.8086,-6179,129,A,0.7832,71.5,152.4
1500,11,21,11.5086,-6173,134,T,-0.9393,-76.4,-91.4
1501,4,17,16.2644,-6168,101,P,-1.2071,-61.9,-1.1
1501,5,17,3.4622,-6167,139,P,1.5002,63.7,-13.6
1501,10,12,7.5011,-6162,106,P,1.1784,61.4,133.9
1502,4,7,5.8331,-6156,111,T,-0.4276,-12.6,104.7
1502,10,1,8.6047,-6150,116,A,0.4913,19.3,62.8
1503,3,27,22.4722,-6144,121,T,0.2904,21.1,-164.1
1503,9,20,8.8772,-6138,126,A,-0.2314,-14.1,38.5
1504,3,16,13.5025,-6132,131,P,1.0345,61.0,-114.0
1504,9,8,15.2042,-6126,136,A,-0.9486,-55.3,-102.6
1505,2,4,6.4856,-6121,103,P,-1.0775,-61.7,-156.9
1505,7,30,20.8653,-6115,108,T,0.9352,67.9,-55.6
1506,1,24,5.9686,-6109,113,A,-0.3979,-38.3,106.1
1506,7,20,13.7828,-6103,118,T,0.2112,30.4,-19.8
1507,1,13,7.3361,-6097,123,A,0.3024,-3.0,68.3
1507,7,10,3.1092,-6091,128,H,-0.5680,-12.4,126.0
1508,1,2,15.7525,-6085,133,A,0.9732,52.8,-77.0
1508,5,29,19.1506,-6080,100,P,1.4443,67.1,72.8
1508,6,28,9.4789,-6079,138,P,-1.3860,-64.5,10.4
1508,11,22,19.4064,-6074,105,P,-1.0850,-67.8,74.6
1509,5,18,19.8267,-6068,110,A,0.6865,64.9,-124.3
1509,11,12,10.0042,-6062,115,H,-0.4338,-45.8,23.2
1510,5,8,1.2708,-6056,120,H,-0.1030,13.5,161.4
1510,11,1,19.2306,-6050,125,A,0.2781,-1.5,-108.7
1511,4,27,13.7900,-6044,130,T,-0.8425,-40.0,-14.7
1511,10,21,21.3303,-6038,135,A,1.0058,70.7,-98.6
1512,3,17,22.2431,-6033,102,P,1.0322,72.0,110.2
1512,4,16,6.3736,-6032,140,P,-1.5289,-70.6,131.9
1512,9,10,5.0569,-6027,107,P,-1.2305,-72.0,17.4
1513,3,7,11.9008,-6021,112,H,0.3421,17.6,-1.8
1513,8,30,13.5978,-6015,117,T,-0.4392,-19.5,-31.9
1514,2,24,18.7583,-6009,122,A,-0.3974,-28.2,-90.0
1514,8,20,4.4208,-6003,127,T,0.3032,26.5,119.9
1515,2,13,19.1386,-5997,132,P,-1.1153,-71.5,18.9
1515,7,11,13.6144,-5992,99,P,-1.5262,-68.5,-38.2
1515,8,9,21.3569,-5991,137,P,1.0258,70.8,-7.1
1516,1,4,3.6447,-5986,104,P,1.1652,68.1,117.7
1516,6,30,1.2542,-5980,109,A,-0.8291,-33.8,161.3
1516,12,23,14.0142,-5974,114,T,0.4256,2.2,-27.9
1517,6,19,5.6919,-5968,119,A,-0.0683,19.5,96.1
1517,12,13,5.0703,-5962,124,T,-0.2520,-38.2,103.0
1518,6,8,6.2567,-5956,129,A,0.6955,67.0,73.4
1518,12,2,20.2494,-5950,134,T,-0.9365,-80.4,128.7
1519,4,28,23.5953,-5945,101,P,-1.2666,-62.5,-120.2
1519,5,28,10.3358,-5944,139,P,1.4188,64.6,-126.3
1519,10,23,15.3428,-5939,106,P,1.2064,61.9,7.4
1520,4,17,13.6128,-5933,111,T,-0.4825,-12.6,-12.2
1520,10,11,16.0556,-5927,116,A,0.5277,17.8,-49.4
1521,4,7,6.4350,-5921,121,T,0.2414,22.8,77.3
1521,9,30,16.3617,-5915,126,A,-0.1892,-16.2,-73.3
1522,3,27,21.3831,-5909,131,T,0.9946,62.0,127.7
1522,9,19,22.9592,-5903,136,A,-0.9011,-53.9,146.1
1523,2,15,14.2789,-5898,103,P,-1.1030,-61.2,77.4
1523,8,11,4.5544,-5892,108,T,0.9969,62.7,-135.9
1524,2,4,13.7597,-5886,113,A,-0.4176,-35.4,-9.3
1524,7,30,21.2942,-5880,118,T,0.2797,30.8,-130.2
1525,1,23,15.5225,-5874,123,A,0.2897,-1.2,-54.8
1525,7,20,10.1844,-5868,128,H,-0.4947,-9.3,19.4
1526,1,13,0.3753,-5862,133,A,0.9644,51.0,148.8
1526,6,10,1.5758,-5857,100,P,1.5298,66.1,-34.1
1526,7,9,16.0450,-5856,138,P,-1.3063,-63.6,-97.8
1526,12,4,4.2442,-5851,105,P,-1.0905,-66.7,-68.9
1527,5,30,2.3836,-5845,110,A,0.7688,73.4,144.6
1527,11,23,18.6106,-5839,115,H,-0.4422,-48.6,-102.5
1528,5,18,8.3514,-5833,120,H,-0.0290,19.9,54.6
1528,11,12,3.3828,-5827,125,A,0.2653,-4.9,128.4
1529,5,7,21.3306,-5821,130,T,-0.7760,-31.3,-133.1
1529,11,1,5.0697,-5815,135,A,0.9846,61.7,122.8
1530,3,29,6.2769,-5810,102,P,1.0769,71.7,-24.4
1530,4,27,14.1222,-5809,140,P,-1.4726,-69.9,2.9
1530,9,21,12.5269,-5804,107,P,-1.2718,-72.0,-108.9
1531,3,18,19.7892,-5798,112,H,0.3818,24.3,-122.1
1531,9,10,21.3644,-5792,117,T,-0.4857,-26.4,-151.0
1532,3,7,2.3608,-5786,122,A,-0.3625,-21.8,154.3
1532,8,30,12.2958,-5780,127,T,0.2500,19.3,0.0
1533,2,24,2.7028,-5774,132,P,-1.0860,-71.9,-108.5
1533,8,20,5.0669,-5768,137,T,0.9693,73.7,178.3
1534,1,14,12.0219,-5763,104,P,1.1685,69.1,-19.7
1534,7,11,8.1461,-5757,109,A,-0.9104,-44.9,52.5
1535,1,3,22.7636,-5751,114,T,0.4285,3.8,-160.1
1535,6,30,12.1389,-5745,119,A,-0.1565,13.5,-0.6
1535,12,24,13.9492,-5739,124,T,-0.2482,-37.5,-27.4
1536,6,18,12.7225,-5733,129,A,0.6079,61.0,-13.4
1536,12,13,4.9889,-5727,134,T,-0.9343,-84.5,-17.2
1537,5,9,6.8825,-5722,101,P,-1.3289,-63.2,121.2
1537,6,7,17.2347,-5721,139,P,1.3373,65.5,120.2
1537,11,2,23.2836,-5716,106,P,1.2286,62.6,-120.7
1538,4,28,21.2919,-5710,111,T,-0.5432,-13.7,-127.7
1538,10,22,23.6447,-5704,116,A,0.5572,16.6,-164.1
1539,4,18,14.2519,-5698,121,T,0.1853,23.7,-38.7
1539,10,12,0.0292,-5692,126,A,-0.1551,-18.7,172.2
1540,4,7,5.0750,-5686,131,T,0.9462,63.1,34.7
1540,9,30,6.9031,-5680,136,A,-0.8620,-54.6,29.2
1541,2,25,21.9117,-5675,103,P,-1.1360,-61.0,-45.8
1541,8,21,12.3353,-5669,108,P,1.0541,61.3,102.0
1541,9,19,20.5669,-5668,146,P,-1.5140,-61.1,135.3
1542,2,14,21.4564,-5663,113,A,-0.4424,-32.5,-123.8
1542,8,11,4.8517,-5657,118,T,0.3454,30.6,118.6
1543,2,3,23.6478,-5651,123,A,0.2735,1.0,-177.0
1543,7,31,17.2731,-5645,128,H,-0.4229,-7.3,-87.0
1544,1,24,8.9625,-5639,133,H,0.9533,49.7,16.0
1544,7,19,22.6394,-5633,138,P,-1.2281,-62.8,153.9
1544,12,14,13.1078,-5628,105,P,-1.0948,-65.6,147.6
1545,6,9,8.9578,-5622,110,A,0.8506,81.2,72.0
1545,12,4,3.2617,-5616,115,H,-0.4480,-50.1,132.1
1546,5,29,15.4111,-5610,120,H,0.0470,25.7,-51.0
1546,11,23,11.5950,-5604,125,A,0.2561,-7.3,4.9
1547,5,19,4.8161,-5598,130,T,-0.7060,-23.5,110.7
1547,11,12,12.9067,-5592,135,A,0.9683,55.5,-4.7
1548,4,8,14.1689,-5587,102,P,1.1282,71.2,-156.5
1548,5,7,21.7811,-5586,140,P,-1.4121,-69.0,-124.2
1548,10,1,20.1806,-5581,107,P,-1.3049,-71.7,122.3
1549,3,29,3.5153,-5575,112,H,0.4285,31.4,120.1
1549,9,21,5.2733,-5569,117,T,-0.5257,-33.2,88.0
1550,3,18,9.7967,-5563,122,A,-0.3200,-15.1,40.8
1550,9,10,20.2939,-5557,127,T,0.2029,12.4,-121.8
1551,3,7,10.0883,-5551,132,P,-1.0477,-72.2,126.5
1551,8,31,12.8836,-5545,137,T,0.9185,65.7,28.4
1552,1,25,20.3289,-5540,104,P,1.1760,70.0,-156.6
1552,7,21,15.0633,-5534,109,A,-0.9893,-62.9,-64.6
1553,1,14,7.4692,-5528,114,T,0.4340,6.3,68.3
1553,7,10,18.6094,-5522,119,A,-0.2430,6.8,-98.5
1554,1,3,22.8272,-5516,124,T,-0.2447,-35.8,-158.1
1554,6,29,19.1778,-5510,129,A,0.5192,54.0,-104.8
1554,12,24,13.7558,-5504,134,T,-0.9341,-87.5,159.2
1555,5,20,14.1017,-5499,101,P,-1.3947,-64.0,3.3
1555,6,19,0.1211,-5498,139,P,1.2542,66.5,6.6
1555,11,14,7.3242,-5493,106,P,1.2455,63.3,109.4
1556,5,9,4.8933,-5487,111,T,-0.6079,-16.0,117.8
1556,11,2,7.3703,-5481,116,A,0.5798,15.5,78.9
1557,4,28,21.9847,-5475,121,T,0.1251,24.0,-153.1
1557,10,22,7.8244,-5469,126,A,-0.1266,-21.1,56.0
1558,4,18,12.6575,-5463,131,T,0.8930,64.1,-67.8
1558,10,11,14.9819,-5457,136,A,-0.8289,-56.5,-90.3
1559,3,9,5.3836,-5452,103,P,-1.1761,-60.8,-166.6
1559,9,1,20.2331,-5446,108,P,1.1056,61.1,-25.3
1559,10,1,4.7794,-5445,146,P,-1.4772,-61.3,3.4
1560,2,26,5.0122,-5440,113,A,-0.4741,-29.9,123.5
1560,8,21,12.5153,-5434,118,T,0.4050,29.7,5.3
1561,2,14,7.6558,-5428,123,A,0.2507,3.4,62.6
1561,8,11,0.4519,-5422,128,A,-0.3564,-6.5,165.5
1562,2,3,17.4592,-5416,133,T,0.9373,48.6,-114.5
1562,7,31,5.2794,-5410,138,P,-1.1522,-62.2,45.1
1562,12,25,21.9778,-5405,105,P,-1.0990,-64.6,4.6
1563,6,20,15.5153,-5399,110,A,0.9338,81.3,55.3
1563,12,15,11.9303,-5393,115,H,-0.4524,-50.3,6.8
1564,6,8,22.4469,-5387,120,H,0.1253,30.8,-155.4
1564,12,3,19.8683,-5381,125,A,0.2504,-8.8,-119.2
1565,5,29,12.2500,-5375,130,T,-0.6329,-16.5,-3.7
1565,11,22,20.8319,-5369,135,A,0.9564,51.4,-130.5
1566,4,19,21.9336,-5364,102,P,1.1855,70.5,73.9
1566,5,19,5.3500,-5363,140,P,-1.3472,-68.1,110.7
1566,10,13,3.9897,-5358,107,P,-1.3312,-71.1,-8.6
1567,4,9,11.0689,-5352,112,H,0.4830,38.9,4.9
1567,10,2,13.3408,-5346,117,T,-0.5584,-39.7,-34.9
1568,3,28,17.0725,-5340,122,A,-0.2701,-8.1,-70.5
1568,9,21,4.4172,-5334,127,T,0.1619,5.8,114.6
1569,3,17,17.3550,-5328,132,A,-1.0033,-72.1,3.1
1569,9,10,20.8044,-5322,137,T,0.8732,57.4,-103.4
1570,2,5,4.5803,-5317,104,P,1.1866,70.9,66.6
1570,8,1,22.0061,-5311,109,P,-1.0655,-70.4,171.9
1571,1,25,16.1267,-5305,114,T,0.4422,9.5,-62.8
1571,7,22,1.1217,-5299,119,A,-0.3266,-0.5,162.1
1572,1,15,7.6367,-5293,124,T,-0.2380,-33.0,71.6
1572,7,10,1.7117,-5287,129,A,0.4338,46.6,159.7
1573,1,3,22.4764,-5281,134,H,-0.9328,-85.9,-54.1
1573,5,30,21.3067,-5276,101,P,-1.4619,-64.9,-114.6
1573,6,29,7.0600,-5275,139,P,1.1724,67.5,-108.2
1573,11,24,15.4128,-5270,106,P,1.2591,64.3,-21.4
1574,5,20,12.4283,-5264,111,T,-0.6763,-19.7,3.7
1574,11,13,15.2047,-5258,116,A,0.5970,14.8,-40.0
1575,5,10,5.5792,-5252,121,T,0.0583,23.1,94.6
1575,11,2,15.7908,-5246,126,A,-0.1061,-23.5,-62.6
1576,4,28,20.0789,-5240,131,T,0.8328,64.8,-168.0
1576,10,21,23.2183,-5234,136,A,-0.8031,-59.2,147.9
1577,3,19,12.6875,-5229,103,P,-1.2235,-60.9,75.2
1577,9,12,4.2561,-5223,108,P,1.1507,61.0,-154.4
1577,10,11,13.1339,-5222,146,P,-1.4473,-61.6,-130.8
1578,3,8,12.4478,-5217,113,A,-0.5120,-27.7,12.3
1578,9,1,20.2522,-5211,118,T,0.4602,28.4,-109.6
1579,2,25,15.5797,-5205,123,A,0.2229,6.0,-56.4
1579,8,22,7.6922,-5199,128,A,-0.2937,-6.6,57.2
1580,2,15,1.8703,-5193,133,T,0.9164,47.9,117.3
1580,8,10,12.0014,-5187,138,P,-1.0802,-61.6,-64.7
1581,1,5,6.8328,-5182,105,P,-1.1041,-63.7,-137.9
1581,6,30,22.1147,-5176,110,P,1.0152,64.2,-2.2
1581,12,25,20.5889,-5170,115,A,-0.4567,-49.4,-118.5
1582,6,20,5.5075,-5164,120,T,0.2032,35.0,100.8
1582,12,25,4.1442,-5158,125,A,0.2457,-9.4,116.8
1583,6,19,19.6589,-5152,130,T,-0.5581,-10.4,-116.9
1583,12,14,4.8108,-5146,135,A,0.9471,48.5,104.1
1584,5,10,5.5850,-5141,102,P,1.2478,69.7,-53.5
1584,6,8,12.8736,-5140,140,P,-1.2802,-67.1,-13.3
1584,11,2,11.9456,-5135,107,P,-1.3510,-70.4,-141.1
1585,4,29,18.4828,-5129,112,H,0.5436,46.6,-107.7
1585,10,22,21.5569,-5123,117,T,-0.5846,-45.7,-159.2
1586,4,19,0.1692,-5117,122,A,-0.2120,-0.9,-179.1
1586,10,12,12.6756,-5111,127,T,0.1278,-0.3,-10.8
1587,4,8,0.4514,-5105,132,A,-0.9502,-60.5,-151.9
1587,10,2,4.8569,-5099,137,T,0.8352,50.0,128.3
1588,2,26,12.7086,-5094,104,P,1.2038,71.5,-68.8
1588,8,22,5.0297,-5088,109,P,-1.1364,-71.1,53.5
1589,2,15,0.7056,-5082,114,T,0.4545,13.6,167.1
1589,8,11,7.6844,-5076,119,A,-0.4072,-8.2,61.4
1590,2,4,16.4014,-5070,124,T,-0.2293,-29.3,-58.8
1590,7,31,8.2942,-5064,129,A,0.3503,38.8,61.6
1591,1,25,7.1561,-5058,134,H,-0.9298,-81.9,150.6
1591,6,21,4.4786,-5053,101,P,-1.5311,-65.8,127.7
1591,7,20,14.0356,-5052,139,P,1.0911,68.5,136.0
1591,12,15,23.5656,-5047,106,P,1.2690,65.3,-153.5
1592,6,9,19.9303,-5041,111,T,-0.7465,-24.7,-110.3
1592,12,3,23.1211,-5035,116,A,0.6102,14.5,-160.2
1593,5,30,13.1253,-5029,121,T,-0.0106,21.4,-17.0
1593,11,22,23.8683,-5023,126,A,-0.0906,-25.4,177.5
1594,5,20,3.3881,-5017,131,T,0.7678,64.9,94.1
1594,11,12,7.5803,-5011,136,A,-0.7829,-62.4,25.1
1595,4,9,19.8347,-5006,103,P,-1.2777,-61.1,-40.7
1595,10,3,12.4100,-5000,108,P,1.1896,61.1,74.6
1595,11,1,21.6147,-4999,146,P,-1.4233,-62.1,93.1
1596,3,28,19.7219,-4994,113,A,-0.5583,-26.3,-96.5
1596,9,22,4.1175,-4988,118,T,0.5085,26.8,133.0
1597,3,17,23.3775,-4982,123,A,0.1878,8.4,-173.3
1597,9,11,15.0228,-4976,128,A,-0.2363,-7.6,-52.4
1598,3,7,10.1669,-4970,133,T,0.8893,47.7,-8.2
1598,8,31,18.8133,-4964,138,A,-1.0126,-61.2,-175.6
1599,1,26,15.6197,-4959,105,P,-1.1125,-62.9,80.9
1599,7,22,4.7542,-4953,110,P,1.0949,63.4,-111.2
1600,1,16,5.2128,-4947,115,A,-0.4623,-47.4,115.9
1600,7,10,12.5994,-4941,120,T,0.2804,38.2,-2.7
1601,1,4,12.4106,-4935,125,A,0.2410,-9.1,-7.0
1601,6,30,3.0664,-4929,130,T,-0.4826,-5.3,130.7
1601,12,24,12.8419,-4923,135,A,0.9402,46.6,-21.5
1602,5,21,13.1122,-4918,102,P,1.3157,68.8,-178.3
1602,6,19,20.3225,-4917,140,P,-1.2097,-66.1,-135.7
1602,11,13,20.0514,-4912,107,P,-1.3643,-69.5,84.8
1603,5,11,1.7497,-4906,112,A,0.6107,54.7,142.6
1603,11,3,5.9153,-4900,117,T,-0.6041,-51.1,75.6
1604,4,29,7.1225,-4894,122,A,-0.1473,6.3,74.8
1604,10,22,21.0633,-4888,127,T,0.1000,-5.9,-137.8
1605,4,18,7.4456,-4882,132,A,-0.8918,-49.8,89.9
1605,10,12,12.9994,-4876,137,T,0.8022,43.4,0.6
1606,3,8,20.7608,-4871,104,P,1.2253,71.9,156.4
1606,9,2,12.1231,-4865,109,P,-1.2026,-71.7,-66.5
1607,2,26,9.1772,-4859,114,T,0.4727,18.4,38.2
1607,8,22,14.3467,-4853,119,A,-0.4824,-16.1,-41.4
1608,2,16,1.0578,-4847,124,T,-0.2154,-24.8,171.7
1608,8,10,15.0017,-4841,129,A,0.2722,31.0,-39.6
1609,2,4,15.7286,-4835,134,H,-0.9224,-77.3,7.2
1609,7,30,21.1189,-4829,139,P,1.0140,69.5,17.9
1609,12,26,7.7261,-4824,106,P,1.2776,66.3,73.9
1610,6,21,3.3833,-4818,111,T,-0.8193,-31.5,135.5
1610,12,15,7.1133,-4812,116,A,0.6195,14.7,78.2
1611,6,10,20.5739,-4806,121,T,-0.0836,18.4,-127.6
1611,12,4,8.0619,-4800,126,A,-0.0803,-26.9,56.0
1612,5,30,10.5747,-4794,131,T,0.6976,63.6,-1.9
1612,11,22,16.0764,-4788,136,H,-0.7691,-65.7,-98.4
1613,4,20,2.8247,-4783,103,P,-1.3389,-61.5,-154.4
1613,5,19,17.7267,-4782,141,P,1.5171,63.3,137.6
1613,10,13,20.6733,-4777,108,P,1.2232,61.3,-58.2
1613,11,12,6.2042,-4776,146,P,-1.4048,-62.7,-44.9
1614,4,9,2.8828,-4771,113,A,-0.6103,-25.7,156.2
1614,10,3,12.0808,-4765,118,T,0.5511,25.2,13.5
1615,3,29,7.0567,-4759,123,A,0.1461,10.7,71.7
1615,9,22,22.4558,-4753,128,A,-0.1849,-9.1,-163.5
1616,3,17,18.3625,-4747,133,T,0.8568,48.0,-131.4
1616,9,11,1.7350,-4741,138,A,-0.9505,-54.1,102.3
1617,2,6,0.3397,-4736,105,P,-1.1241,-62.2,-59.0
1617,3,7,10.0933,-4735,143,P,1.5110,61.2,-48.6
1617,8,1,11.4956,-4730,110,P,1.1702,62.7,138.3
1618,1,26,13.7789,-4724,115,A,-0.4700,-44.7,-9.7
1618,7,21,19.7417,-4718,120,T,0.3558,40.4,-106.3
1619,1,15,20.6353,-4712,125,A,0.2349,-8.1,-130.4
1619,7,11,10.4997,-4706,130,T,-0.4077,-1.3,18.6
1620,1,4,20.8514,-4700,135,A,0.9321,45.0,-146.5
1620,5,31,20.5625,-4695,102,P,1.3868,67.8,58.5
1620,6,30,3.7736,-4694,140,P,-1.1393,-65.1,102.3
1620,11,24,4.2764,-4689,107,P,-1.3729,-68.5,-50.6
1621,5,21,8.8956,-4683,112,A,0.6828,63.1,36.1
1621,11,13,14.3869,-4677,117,T,-0.6187,-55.8,-49.7
1622,5,10,13.9264,-4671,122,A,-0.0757,13.5,-28.8
1622,11,3,5.5800,-4665,127,T,0.0789,-10.7,93.7
1623,4,29,14.2667,-4659,132,A,-0.8244,-39.8,-20.4
1623,10,23,21.2861,-4653,137,T,0.7770,37.8,-128.0
1624,3,19,4.6767,-4648,104,P,1.2540,72.0,23.5
1624,4,17,17.2717,-4647,142,P,-1.5208,-71.2,-23.1
1624,9,12,19.3239,-4642,109,P,-1.2625,-72.0,171.5
1624,10,12,8.8986,-4641,147,P,1.5466,71.5,109.9
1625,3,8,17.5442,-4636,114,T,0.4965,23.9,-89.4
1625,9,1,21.1158,-4630,119,A,-0.5520,-24.2,-146.4
1626,2,26,9.6242,-4624,124,T,-0.1971,-19.7,42.7
1626,8,21,21.7950,-4618,129,A,0.1975,23.1,-142.9
1627,2,16,0.2253,-4612,134,H,-0.9119,-72.3,-130.9
1627,8,11,4.2872,-4606,139,H,0.9401,77.7,-173.3
1628,1,6,15.8811,-4601,106,P,1.2858,67.4,-59.2
1628,7,1,10.8442,-4595,111,T,-0.8917,-40.3,20.0
1628,12,25,15.1464,-4589,116,A,0.6265,15.4,-44.0
1629,6,21,3.9900,-4583,121,T,-0.1580,14.5,121.6
1629,12,14,16.3186,-4577,126,A,-0.0725,-27.6,-66.2
1630,6,10,17.6853,-4571,131,H,0.6244,60.9,-98.3
1630,12,4,0.6497,-4565,136,H,-0.7585,-68.7,139.6
1631,5,1,9.6564,-4560,103,P,-1.4070,-62.0,94.2
1631,5,31,0.4269,-4559,141,P,1.4433,64.1,27.6
1631,10,25,5.0708,-4554,108,P,1.2502,61.7,167.0
1631,11,23,14.8956,-4553,146,P,-1.3912,-63.5,175.4
1632,4,19,9.9083,-4548,113,A,-0.6694,-26.4,50.8
1632,10,13,20.1608,-4542,118,T,0.5873,23.7,-108.2
1633,4,8,14.6183,-4536,123,A,0.0976,12.4,-41.2
1633,10,3,6.0103,-4530,128,A,-0.1405,-11.2,83.4
1634,3,29,2.4197,-4524,133,T,0.8169,48.7,108.6
1634,9,22,8.7844,-4518,138,A,-0.8947,-51.5,2.3
1635,2,17,8.9567,-4513,105,P,-1.1407,-61.6,162.7
1635,3,18,18.4147,-4512,143,P,1.4813,61.1,177.7
1635,8,12,18.3361,-4507,110,P,1.2412,62.1,26.6
1636,2,6,22.2425,-4501,115,A,-0.4825,-41.6,-134.7
1636,8,1,2.9708,-4495,120,T,0.4279,41.5,148.9
1637,1,26,4.8089,-4489,125,A,0.2265,-6.4,107.0
1637,7,21,17.9522,-4483,130,T,-0.3335,1.8,-93.4
1638,1,15,4.8647,-4477,135,A,0.9242,44.0,88.9
1638,6,12,3.9289,-4472,102,P,1.4614,66.8,-62.9
1638,7,11,11.1978,-4471,140,P,-1.0676,-64.2,-19.0
1638,12,5,12.6097,-4466,107,P,-1.3768,-67.5,173.0
1639,1,4,4.9386,-4465,145,P,1.5650,64.6,80.0
1639,6,1,15.9211,-4460,112,A,0.7597,71.7,-65.3
1639,11,24,22.9819,-4454,117,T,-0.6278,-59.6,-174.7
1640,5,20,20.6311,-4448,122,A,0.0002,20.4,-130.2
1640,11,13,14.1886,-4442,127,T,0.0623,-14.8,-35.8
1641,5,9,21.0219,-4436,132,A,-0.7532,-30.8,-127.3
1641,11,3,5.6692,-4430,137,T,0.7570,33.0,102.5
1642,3,30,12.4914,-4425,104,P,1.2884,71.9,-108.0
1642,4,29,0.4953,-4424,142,P,-1.4585,-70.6,-144.7
1642,9,24,2.6269,-4419,109,P,-1.3163,-72.1,47.6
1642,10,23,16.8100,-4418,147,P,1.5221,71.0,-22.5
1643,3,20,1.7886,-4413,114,T,0.5271,30.0,144.6
1643,9,13,4.0225,-4407,119,A,-0.6145,-32.3,106.3
1644,3,8,18.0453,-4401,124,T,-0.1717,-14.0,-84.7
1644,9,1,4.7578,-4395,129,A,0.1307,15.4,110.9
1645,2,26,8.5850,-4389,134,H,-0.8956,-66.7,94.3
1645,8,21,11.5717,-4383,139,H,0.8710,68.2,43.7
1646,1,16,23.9881,-4378,106,P,1.2957,68.5,167.8
1646,7,12,18.3053,-4372,111,T,-0.9641,-53.2,-98.0
1647,1,5,23.1831,-4366,116,A,0.6336,16.9,-166.5
1647,7,2,11.3558,-4360,121,T,-0.2344,9.6,11.0
1647,12,26,0.6431,-4354,126,A,-0.0675,-27.4,170.6
1648,6,21,0.7228,-4348,131,H,0.5483,56.7,164.0
1648,12,14,9.2986,-4342,136,H,-0.7510,-70.9,19.6
1649,5,11,16.3678,-4337,103,P,-1.4801,-62.7,-15.7
1649,6,10,7.0436,-4336,141,P,1.3657,65.0,-81.5
1649,11,4,13.5856,-4331,108,P,1.2716,62.2,30.2
1649,12,3,23.6769,-4330,146,P,-1.3820,-64.4,34.1
1650,4,30,16.8136,-4325,113,A,-0.7347,-28.5,-52.9
1650,10,25,4.3569,-4319,118,T,0.6170,22.3,127.9
1651,4,19,22.0769,-4313,123,A,0.0433,13.7,-152.4
1651,10,14,13.6822,-4307,128,A,-0.1025,-13.5,-31.3
1652,4,8,10.3744,-4301,133,T,0.7713,49.6,-8.9
1652,10,2,15.9750,-4295,138,A,-0.8458,-51.2,-102.7
1653,2,27,17.4806,-4290,105,P,-1.1619,-61.3,26.0
1653,3,29,2.6350,-4289,143,P,1.4469,61.2,45.6
1653,8,23,1.2906,-4284,110,P,1.3072,61.6,-86.7
1653,9,21,15.9289,-4283,148,P,-1.5450,-61.0,-149.7
1654,2,17,6.6106,-4278,115,A,-0.4991,-38.3,100.9
1654,8,12,10.2953,-4272,120,T,0.4962,41.7,42.5
1655,2,6,12.8650,-4266,125,A,0.2129,-4.3,-14.0
1655,8,2,1.4767,-4260,130,T,-0.2625,3.7,154.0
1656,1,26,12.8028,-4254,135,A,0.9122,43.2,-34.1
1656,7,21,18.6633,-4248,140,T,-0.9983,-63.4,-140.7
1656,12,15,20.9978,-4243,107,P,-1.3790,-66.4,36.3
1657,1,14,13.1364,-4242,145,P,1.5547,63.7,-52.7
1657,6,11,22.8692,-4237,112,A,0.8395,80.5,-153.7
1657,12,5,7.6600,-4231,117,T,-0.6335,-62.1,61.3
1658,6,1,3.1939,-4225,122,A,0.0828,27.0,131.3
1658,11,24,22.9117,-4219,127,T,0.0513,-18.0,-166.4
1659,5,21,3.6481,-4213,132,A,-0.6747,-22.2,129.2
1659,11,14,14.1689,-4207,137,T,0.7432,29.2,-28.2
1660,4,9,20.1697,-4202,104,P,1.3301,71.5,122.9
1660,5,9,7.6125,-4201,142,P,-1.3897,-69.7,95.9
1660,10,4,10.0619,-4196,109,P,-1.3629,-72.0,-78.2
1660,11,3,0.8442,-4195,147,P,1.5038,70.3,-156.2
1661,3,30,9.9233,-4190,114,T,0.5634,36.7,20.2
1661,9,23,11.0428,-4184,119,A,-0.6711,-40.3,-3.0
1662,3,20,2.3636,-4178,124,T,-0.1414,-7.9,149.1
1662,9,12,11.8458,-4172,129,A,0.0694,7.9,2.6
1663,3,9,16.8114,-4166,134,H,-0.8735,-60.5,-37.1
1663,9,1,18.9856,-4160,139,H,0.8073,58.6,-78.9
1664,1,28,8.0419,-4155,106,P,1.3074,69.6,35.0
1664,7,23,1.8128,-4149,111,P,-1.0343,-68.8,134.7
1664,8,21,8.9731,-4148,149,P,1.4870,71.0,173.8
1665,1,16,7.1975,-4143,116,A,0.6420,19.1,71.2
1665,7,12,18.7350,-4137,121,T,-0.3095,3.9,-100.6
1666,1,5,8.9808,-4131,126,A,-0.0624,-26.3,47.1
1666,7,2,7.7083,-4125,131,H,0.4704,51.4,64.4
1666,12,25,17.9878,-4119,136,H,-0.7452,-71.6,-98.3
1667,5,22,22.9667,-4114,103,P,-1.5574,-63.5,-124.0
1667,6,21,13.6019,-4113,141,P,1.2858,65.9,170.1
1667,11,15,22.2017,-4108,108,P,1.2880,62.9,-108.2
1667,12,15,8.4997,-4107,146,P,-1.3752,-65.3,-108.2
1668,5,10,23.6233,-4102,113,A,-0.8049,-32.3,-155.4
1668,11,4,12.6681,-4096,118,H,0.6401,21.1,1.8
1669,4,30,5.4353,-4090,123,H,-0.0171,14.1,98.2
1669,10,24,21.4681,-4084,128,A,-0.0710,-15.9,-147.7
1670,4,19,18.2056,-4078,133,T,0.7191,50.6,-123.3
1670,10,13,23.3167,-4072,138,A,-0.8043,-52.4,149.1
1671,3,11,1.8494,-4067,105,P,-1.1906,-61.0,-108.3
1671,4,9,10.6903,-4066,143,P,1.4047,61.4,-84.1
1671,9,3,8.3992,-4061,110,P,1.3664,61.3,157.8
1671,10,2,23.2228,-4060,148,P,-1.4952,-61.0,92.1
1672,2,28,14.8453,-4055,115,A,-0.5218,-35.2,-22.0
1672,8,22,17.7350,-4049,120,T,0.5594,41.2,-66.2
1673,2,16,20.8217,-4043,125,A,0.1950,-1.8,-133.5
1673,8,12,9.0681,-4037,130,T,-0.1946,4.6,40.6
1674,2,5,20.6931,-4031,135,A,0.8979,42.8,-155.7
1674,8,2,2.1325,-4025,140,T,-0.9295,-45.9,120.8
1674,12,27,5.4589,-4020,107,P,-1.3784,-65.4,-100.9
1675,1,25,21.3300,-4019,145,P,1.5434,62.9,175.1
1675,6,23,5.7442,-4014,112,A,0.9219,84.1,-166.1
1675,12,16,16.4008,-4008,117,T,-0.6367,-63.1,-62.0
1676,6,11,9.7103,-4002,122,A,0.1673,33.0,34.6
1676,12,5,7.7022,-3996,127,T,0.0435,-20.2,62.5
1677,5,31,10.2314,-3990,132,A,-0.5935,-14.4,27.5
1677,11,24,22.7342,-3984,137,T,0.7332,26.3,-159.6
1678,4,21,3.7639,-3979,104,P,1.3765,71.0,-4.5
1678,5,20,14.6783,-3978,142,P,-1.3172,-68.8,-22.1
1678,10,15,17.6161,-3973,109,P,-1.4027,-71.6,154.5
1678,11,14,8.9706,-3972,147,P,1.4908,69.4,69.4
1679,4,10,17.9203,-3967,114,T,0.6070,43.8,-102.2
1679,10,4,18.2322,-3961,119,A,-0.7191,-48.0,-114.9
1680,3,30,10.5336,-3955,124,T,-0.1039,-1.5,24.9
1680,9,22,19.1064,-3949,129,A,0.0160,0.7,-108.2
1681,3,20,0.8831,-3943,134,H,-0.8445,-53.8,-165.3
1681,9,12,2.5533,-3937,139,H,0.7504,49.8,161.1
1682,2,7,15.9892,-3932,106,P,1.3238,70.5,-96.8
1682,8,3,9.3531,-3926,111,P,-1.1028,-69.7,9.5
1682,9,1,16.7067,-3925,149,P,1.4279,71.5,44.3
1683,1,27,15.1692,-3920,116,A,0.6526,22.1,-50.6
1683,7,24,2.1167,-3914,121,T,-0.3838,-2.5,147.1
1684,1,16,17.3147,-3908,126,A,-0.0565,-24.2,-76.7
1684,7,12,14.6764,-3902,131,H,0.3926,45.2,-37.1
1685,1,5,2.7139,-3896,136,H,-0.7409,-70.7,143.1
1685,7,1,20.1019,-3890,141,P,1.2030,66.9,62.2
1685,11,26,6.9119,-3885,108,P,1.3000,63.7,111.8
1685,12,25,17.3764,-3884,146,P,-1.3710,-66.4,108.3
1686,5,22,6.3556,-3879,113,A,-0.8791,-38.6,103.3
1686,11,15,21.0833,-3873,118,H,0.6578,20.2,-126.0
1687,5,11,12.7078,-3867,123,H,-0.0828,13.6,-9.9
1687,11,5,5.3733,-3861,128,A,-0.0460,-18.3,94.3
1688,4,30,1.9594,-3855,133,T,0.6621,51.4,124.4
1688,10,24,6.7781,-3849,138,A,-0.7686,-54.4,39.2
1689,3,21,10.1117,-3844,105,P,-1.2245,-61.0,119.0
1689,4,19,18.6564,-3843,143,P,1.3581,61.7,147.5
1689,9,13,15.6561,-3838,110,P,1.4191,61.1,40.2
1689,10,13,6.6672,-3837,148,P,-1.4517,-61.2,-28.3
1690,3,10,22.9333,-3832,115,A,-0.5512,-32.5,-143.0
1690,9,3,1.2964,-3826,120,T,0.6173,40.3,-177.4
1691,2,28,4.6281,-3820,125,A,0.1701,0.8,109.3
1691,8,23,16.7658,-3814,130,T,-0.1317,4.5,-74.3
1692,2,17,4.4489,-3808,135,A,0.8765,42.4,85.6
1692,8,12,9.6850,-3802,140,T,-0.8649,-39.8,8.6
1693,1,6,13.9258,-3797,107,P,-1.3788,-64.4,122.2
1693,2,5,5.4525,-3796,145,P,1.5276,62.2,44.2
1693,7,3,12.5644,-3791,112,P,1.0058,64.8,146.3
1693,12,27,1.1806,-3785,117,T,-0.6387,-62.6,174.3
1694,6,22,16.1458,-3779,122,A,0.2556,38.4,-59.7
1694,12,16,16.5531,-3773,127,T,0.0388,-21.3,-69.2
1695,6,11,16.7400,-3767,132,A,-0.5077,-7.4,-72.2
1695,12,6,7.3883,-3761,137,T,0.7280,24.3,67.9
1696,5,1,11.2553,-3756,104,P,1.4286,70.2,-129.8
1696,5,30,21.6897,-3755,142,P,-1.2406,-67.8,-138.7
1696,10,26,1.2853,-3750,109,P,-1.4361,-70.9,25.9
1696,11,24,17.1781,-3749,147,P,1.4822,68.4,-65.6
1697,4,21,1.8228,-3744,114,T,0.6559,51.4,136.9
1697,10,15,1.5614,-3738,119,A,-0.7603,-55.5,131.2
1698,4,10,18.5739,-3732,124,T,-0.0599,5.1,-97.3
1698,10,4,2.5236,-3726,129,A,-0.0305,-6.2,138.8
1699,3,31,8.8125,-3720,134,H,-0.8089,-46.8,69.7
1699,9,23,10.2700,-3714,139,H,0.6999,41.8,40.7
1700,2,18,23.8264,-3709,106,P,1.3451,71.2,132.4
1700,8,14,16.9850,-3703,111,P,-1.1668,-70.6,-117.5
1700,9,13,0.5717,-3702,149,P,1.3749,71.9,-87.6
1701,2,7,23.0814,-3697,116,A,0.6663,25.9,-171.7
1701,8,4,9.5289,-3691,121,T,-0.4559,-9.4,33.7
1702,1,28,1.6194,-3685,126,A,-0.0484,-21.2,159.6
1702,7,24,21.6475,-3679,131,H,0.3160,38.4,-140.4
1703,1,17,11.4069,-3673,136,H,-0.7345,-67.9,22.2
1703,7,14,2.6094,-3667,141,P,1.1206,67.9,-46.3
1703,12,8,15.6917,-3662,108,P,1.3086,64.6,-29.5
1704,1,7,2.2475,-3661,146,P,-1.3669,-67.4,-35.5
1704,6,2,13.0433,-3656,113,A,-0.9561,-49.1,3.4
1704,11,27,5.5647,-3650,118,A,0.6716,19.7,104.9
1705,5,22,19.9183,-3644,123,H,-0.1525,12.2,-117.0
1705,11,16,13.3850,-3638,128,A,-0.0271,-20.4,-25.0
1706,5,12,9.5858,-3632,133,T,0.5984,51.5,15.2
1706,11,5,14.3992,-3626,138,A,-0.7407,-57.0,-72.6
1707,4,2,18.2069,-3621,105,P,-1.2661,-61.1,-11.1
1707,5,2,2.4714,-3620,143,P,1.3047,62.2,21.4
1707,9,25,23.0847,-3615,110,P,1.4641,61.1,-80.0
1707,10,25,14.2894,-3614,148,P,-1.4161,-61.6,-151.3
1708,3,22,6.8603,-3609,115,A,-0.5879,-30.4,98.3
1708,9,14,9.0061,-3603,120,T,0.6685,39.2,68.3
1709,3,11,12.3097,-3597,125,A,0.1394,3.4,-5.9
1709,9,4,0.5406,-3591,130,T,-0.0725,3.7,169.7
1710,2,28,12.1247,-3585,135,A,0.8509,42.5,-31.2
1710,8,24,17.2878,-3579,140,T,-0.8031,-36.5,-105.1
1711,1,18,22.3939,-3574,107,P,-1.3796,-63.5,-14.4
1711,2,17,13.5042,-3573,145,P,1.5077,61.6,-85.4
1711,7,15,19.3697,-3568,112,P,1.0894,63.9,34.6
1712,1,8,9.9775,-3562,117,T,-0.6406,-60.6,49.2
1712,7,3,22.5825,-3556,122,A,0.3434,42.8,-152.7
1712,12,28,1.4150,-3550,127,T,0.0346,-21.5,159.0
1713,6,22,23.2608,-3544,132,A,-0.4216,-1.3,-171.2
1713,12,17,16.0722,-3538,137,H,0.7249,23.1,-64.8
1714,5,13,18.6597,-3533,104,P,1.4856,69.4,106.9
1714,6,12,4.6669,-3532,142,P,-1.1610,-66.8,105.8
1714,11,7,9.0761,-3527,109,P,-1.4630,-70.1,-103.9
1714,12,7,1.4525,-3526,147,P,1.4772,67.4,159.0
1715,5,3,9.6083,-3521,114,T,0.7112,59.4,17.9
1715,10,27,9.0467,-3515,119,A,-0.7939,-62.5,15.5
1716,4,22,2.4758,-3509,124,T,-0.0091,11.8,142.6
1716,10,15,10.1275,-3503,129,A,-0.0687,-12.5,23.5
1717,4,11,16.5778,-3497,134,H,-0.7660,-39.5,-52.1
1717,10,4,18.1408,-3491,139,H,0.6563,34.6,-81.1
1718,3,2,7.5269,-3486,106,P,1.3723,71.8,3.2
1718,8,26,0.6958,-3480,111,P,-1.2267,-71.2,113.7
1718,9,24,8.5722,-3479,149,P,1.3282,72.0,138.3
1719,2,19,6.8825,-3474,116,A,0.6856,30.5,68.6
1719,8,15,16.9975,-3468,121,T,-0.5243,-16.8,-81.1
1720,2,8,9.8753,-3462,126,A,-0.0375,-17.4,36.1
1720,8,4,4.6375,-3456,131,A,0.2409,31.1,114.8
1721,1,27,20.0864,-3450,136,T,-0.7269,-64.0,-102.4
1721,7,24,9.1153,-3444,141,P,1.0382,68.9,-155.2
1721,12,19,0.5308,-3439,108,P,1.3144,65.7,-172.0
1722,1,17,11.1194,-3438,146,P,-1.3629,-68.5,-179.9
1722,6,13,19.6719,-3433,113,P,-1.0364,-65.2,-93.5
1722,12,8,14.1264,-3427,118,A,0.6808,19.5,-25.4
1723,6,3,3.0869,-3421,123,T,-0.2251,9.6,136.1
1723,11,27,21.4711,-3415,128,A,-0.0125,-22.0,-145.2
1724,5,22,17.1692,-3409,133,T,0.5318,50.8,-92.9
1724,11,15,22.1272,-3403,138,A,-0.7183,-59.9,175.0
1725,4,13,2.1897,-3398,105,P,-1.3132,-61.4,-139.6
1725,5,12,10.2053,-3397,143,P,1.2472,62.8,-103.7
1725,10,6,6.6617,-3392,110,P,1.5029,61.2,157.7
1725,11,4,22.0478,-3391,148,P,-1.3861,-62.1,83.5
1726,4,2,14.6378,-3386,115,A,-0.6313,-29.2,-18.3
1726,9,25,16.8625,-3380,120,T,0.7134,38.0,-49.0
1727,3,22,19.7986,-3374,125,A,0.0996,5.7,-118.0
1727,9,15,8.4586,-3368,130,T,-0.0202,2.2,51.4
1728,3,10,19.6489,-3362,135,A,0.8172,42.8,-144.6
1728,9,4,0.9894,-3356,140,T,-0.7466,-35.0,139.6
1729,1,29,6.8119,-3351,107,P,-1.3838,-62.8,-149.9
1729,2,27,21.4506,-3350,145,P,1.4817,61.2,146.6
1729,7,26,2.1778,-3345,112,P,1.1718,63.1,-76.9
1729,8,24,13.8086,-3344,150,P,-1.5430,-61.7,-95.2
1730,1,18,18.7542,-3339,117,T,-0.6440,-57.8,-77.4
1730,7,15,4.9858,-3333,122,A,0.4325,46.3,115.9
1731,1,8,10.2956,-3327,127,T,0.0313,-20.7,27.0
1731,7,4,5.7736,-3321,132,A,-0.3341,3.8,90.8
1731,12,29,0.7814,-3315,137,H,0.7234,22.7,162.2
1732,6,22,11.6467,-3309,142,P,-1.0800,-65.8,-9.3
1732,11,17,16.9808,-3304,109,P,-1.4841,-69.2,125.3
1732,12,17,9.7825,-3303,147,P,1.4751,66.3,23.4
1733,5,13,17.3081,-3298,114,T,0.7712,67.9,-99.5
1733,11,6,16.6708,-3292,119,A,-0.8208,-69.0,-101.2
1734,5,3,10.2656,-3286,124,T,0.0472,18.4,24.6
1734,10,26,17.8911,-3280,129,A,-0.0996,-18.2,-93.8
1735,4,23,0.1933,-3274,134,H,-0.7164,-32.2,-171.0
1735,10,16,2.1761,-3268,139,H,0.6202,28.3,155.2
1736,3,12,15.0986,-3263,106,P,1.4049,72.1,-124.5
1736,4,11,7.3019,-3262,144,P,-1.5166,-71.5,134.3
1736,9,5,8.5072,-3257,111,P,-1.2817,-71.7,-17.1
1736,10,4,16.6928,-3256,149,P,1.2874,71.9,2.4
1737,3,1,14.5881,-3251,116,A,0.7099,36.0,-50.1
1737,8,26,0.5356,-3245,121,T,-0.5886,-24.4,162.5
1738,2,18,18.0419,-3239,126,A,-0.0211,-12.8,-86.7
1738,8,15,11.6700,-3233,131,A,0.1688,23.7,8.4
1739,2,8,4.6869,-3227,136,T,-0.7149,-59.2,131.0
1739,8,4,15.6822,-3221,141,A,0.9588,79.9,42.9
1739,12,30,9.3675,-3216,108,P,1.3203,66.7,45.1
1740,1,28,19.9164,-3215,146,P,-1.3555,-69.5,36.2
1740,6,24,2.3150,-3210,113,P,-1.1163,-66.2,156.7
1740,12,18,22.7214,-3204,118,A,0.6876,19.9,-156.4
1741,6,13,10.2133,-3198,123,T,-0.3007,6.0,29.4
1741,12,8,5.6333,-3192,128,A,-0.0024,-23.0,93.6
1742,6,3,0.6658,-3186,133,T,0.4607,49.0,160.2
1742,11,27,5.9831,-3180,138,A,-0.7019,-62.6,62.2
1743,4,24,10.0028,-3175,105,P,-1.3682,-61.8,94.4
1743,5,23,17.8153,-3174,143,P,1.1838,63.5,132.9
1743,10,17,14.4283,-3169,110,P,1.5334,61.5,32.5
1743,11,16,5.9736,-3168,148,P,-1.3634,-62.8,-44.4
1744,4,12,22.2567,-3163,115,A,-0.6819,-29.1,-132.6
1744,10,6,0.8567,-3157,120,T,0.7521,37.0,-169.1
1745,4,2,3.1550,-3151,125,A,0.0536,7.7,132.2
1745,9,25,16.4822,-3145,130,T,0.0269,0.3,-68.6
1746,3,22,3.0469,-3139,135,A,0.7771,43.5,104.7
1746,9,15,8.7769,-3133,140,T,-0.6948,-34.9,23.0
1747,2,9,15.1883,-3128,107,P,-1.3908,-62.1,75.5
1747,3,11,5.3022,-3127,145,P,1.4504,61.0,20.2
1747,8,6,9.0225,-3122,112,P,1.2512,62.4,171.3
1747,9,4,21.1325,-3121,150,P,-1.4880,-61.4,146.1
1748,1,30,3.4869,-3116,117,T,-0.6501,-54.4,154.8
1748,7,25,11.4506,-3110,122,A,0.5183,48.7,24.5
1749,1,18,19.1489,-3104,127,T,0.0264,-19.1,-104.9
1749,7,14,12.3222,-3098,132,A,-0.2476,7.8,-7.2
1750,1,8,9.4786,-3092,137,H,0.7217,23.0,29.3
1750,7,3,18.6478,-3086,142,P,-0.9985,-64.8,-124.3
1750,11,29,0.9706,-3081,109,P,-1.5004,-68.2,-6.2
1750,12,28,18.1142,-3080,147,P,1.4737,65.3,-111.8
1751,5,25,0.9211,-3075,114,T,0.8359,77.0,144.7
1751,11,18,0.4333,-3069,119,A,-0.8411,-74.9,142.8
1752,5,13,17.9414,-3063,124,T,0.1090,24.9,-91.1
1752,11,6,1.8039,-3057,129,A,-0.1239,-23.2,147.4
1753,5,3,7.6611,-3051,134,H,-0.6601,-24.9,73.0
1753,10,26,10.3669,-3045,139,H,0.5910,22.7,29.7
1754,3,23,22.4831,-3040,106,P,1.4463,72.1,110.6
1754,4,22,14.4325,-3039,144,P,-1.4631,-71.0,14.0
1754,9,16,16.4281,-3034,111,P,-1.3314,-71.9,-149.9
1754,10,16,0.9628,-3033,149,P,1.2535,71.5,-135.5
1755,3,12,22.1589,-3028,116,A,0.7413,42.2,-167.4
1755,9,6,8.1628,-3022,121,T,-0.6478,-32.1,44.3
1756,3,1,2.1192,-3016,126,A,0.0006,-7.5,151.4
1756,8,25,18.7714,-3010,131,A,0.1009,16.1,-99.5
1757,2,18,13.2367,-3004,136,T,-0.6999,-53.8,2.9
1757,8,14,22.2792,-2998,141,A,0.8807,71.6,-113.5
1758,1,9,18.2283,-2993,108,P,1.3251,67.8,-98.7
1758,2,8,4.6811,-2992,146,P,-1.3468,-70.4,-107.8
1758,7,5,8.9622,-2987,113,P,-1.1961,-67.2,46.4
1758,12,30,7.3367,-2981,118,A,0.6929,20.8,72.2
1759,6,24,17.3497,-2975,123,T,-0.3768,1.4,-78.1
1759,12,19,13.8347,-2969,128,A,0.0051,-23.3,-28.0
1760,6,13,8.1542,-2963,133,T,0.3883,46.0,52.7
1760,12,7,13.8956,-2957,138,A,-0.6881,-64.7,-49.4
1761,5,4,17.7197,-2952,105,P,-1.4274,-62.4,-30.3
1761,6,3,1.3772,-2951,143,P,1.1182,64.4,9.9
1761,11,26,14.0075,-2945,148,P,-1.3451,-63.7,-174.2
1762,4,24,5.7028,-2940,115,A,-0.7402,-30.3,115.6
1762,10,17,9.0094,-2934,120,T,0.7836,36.2,67.6
1763,4,13,10.3253,-2928,125,A,-0.0010,9.0,25.3
1763,10,7,0.6511,-2922,130,T,0.0666,-2.0,169.1
1764,4,1,10.2875,-2916,135,A,0.7288,44.2,-2.5
1764,9,25,16.6953,-2910,140,T,-0.6502,-36.0,-95.5
1765,2,19,23.4772,-2905,107,P,-1.4028,-61.6,-57.7
1765,3,21,13.0292,-2904,145,P,1.4120,61.0,-104.3
1765,8,16,15.9006,-2899,112,P,1.3279,61.8,59.2
1765,9,15,4.5428,-2898,150,P,-1.4378,-61.1,26.2
1766,2,9,12.1622,-2893,117,T,-0.6598,-50.7,26.6
1766,8,5,17.9494,-2887,122,A,0.6023,50.2,-67.0
1767,1,30,3.9486,-2881,127,T,0.0190,-16.8,123.9
1767,7,25,18.9300,-2875,132,A,-0.1630,10.8,-105.5
1768,1,19,18.1581,-2869,137,H,0.7195,23.9,-103.2
1768,7,14,1.6825,-2863,142,H,-0.9176,-43.0,137.4
1768,12,9,9.0275,-2858,109,P,-1.5129,-67.1,-138.1
1769,1,8,2.4450,-2857,147,P,1.4728,64.3,113.5
1769,6,4,8.4761,-2852,114,T,0.9037,87.3,26.2
1769,11,28,8.3111,-2846,119,A,-0.8559,-80.0,32.0
1770,5,25,1.5033,-2840,124,T,0.1760,31.2,155.6
1770,11,17,9.8647,-2834,129,A,-0.1416,-27.3,27.1
1771,5,14,15.0006,-2828,134,H,-0.5980,-17.8,-40.4
1771,11,6,18.6839,-2822,139,H,0.5676,17.9,-97.3
1772,4,3,5.7314,-2817,106,P,1.4935,71.9,-12.3
1772,5,2,21.4447,-2816,144,P,-1.4043,-70.2,-104.1
1772,9,27,0.4719,-2811,111,P,-1.3751,-72.0,75.4
1772,10,26,9.3550,-2810,149,P,1.2255,70.9,85.1
1773,3,23,5.6161,-2805,116,A,0.7785,49.3,76.2
1773,9,16,15.8731,-2799,121,T,-0.7020,-39.9,-75.5
1774,3,12,10.0872,-2793,126,A,0.0284,-1.7,30.8
1774,9,6,1.9611,-2787,131,A,0.0385,8.7,150.9
1775,3,1,21.6556,-2781,136,T,-0.6783,-47.9,-124.8
1775,8,26,4.9944,-2775,141,A,0.8088,61.3,132.0
1776,1,21,3.0408,-2770,108,P,1.3318,68.8,117.6
1776,2,19,13.3364,-2769,146,P,-1.3334,-71.1,109.2
1776,7,15,15.6581,-2764,113,P,-1.2739,-68.2,-65.1
1776,8,14,5.3822,-2763,151,P,1.5357,70.6,-123.5
1777,1,9,15.9264,-2758,118,A,0.6988,22.4,-58.9
1777,7,5,0.4914,-2752,123,T,-0.4531,-4.2,173.7
1777,12,29,22.0578,-2746,128,A,0.0110,-22.7,-150.0
1778,6,24,15.5822,-2740,133,T,0.3127,41.8,-55.0
1778,12,18,21.8983,-2734,138,A,-0.6788,-65.8,-160.6
1779,5,16,1.2942,-2729,105,P,-1.4928,-63.0,-153.1
1779,6,14,8.8578,-2728,143,P,1.0489,65.3,-112.1
1779,12,7,22.1489,-2722,148,P,-1.3315,-64.6,54.2
1780,5,4,13.0117,-2717,115,A,-0.8043,-33.3,5.9
1780,10,27,17.3075,-2711,120,T,0.8083,35.6,-58.6
1781,4,23,17.3572,-2705,125,A,-0.0620,9.7,-79.2
1781,10,17,8.9331,-2699,130,T,0.1007,-4.3,45.1
1782,4,12,17.4131,-2693,135,A,0.6745,45.1,-107.1
1782,10,7,0.7219,-2687,140,T,-0.6113,-37.9,144.6
1783,3,3,7.6750,-2682,107,P,-1.4200,-61.3,170.5
1783,4,1,20.6442,-2681,145,P,1.3671,61.0,132.8
1783,8,27,22.8683,-2676,112,P,1.3991,61.4,-54.1
1783,9,26,12.0714,-2675,150,P,-1.3935,-61.1,-95.4
1784,2,20,20.7606,-2670,117,T,-0.6739,-47.2,-101.5
1784,8,16,0.5314,-2664,122,A,0.6819,50.9,-159.8
1785,2,9,12.6781,-2658,127,T,0.0080,-14.1,-6.6
1785,8,5,1.6228,-2652,132,A,-0.0817,12.7,155.3
1786,1,30,2.7572,-2646,137,H,0.7140,25.1,125.5
1786,7,25,8.7758,-2640,142,T,-0.8384,-34.6,30.8
1786,12,20,17.1233,-2635,109,P,-1.5232,-66.0,89.9
1787,1,19,10.7203,-2634,147,P,1.4697,63.4,-20.1
1787,6,15,15.9903,-2629,114,T,0.9739,78.7,104.8
1787,12,9,16.2606,-2623,119,A,-0.8675,-83.4,-62.7
1788,6,4,8.9919,-2617,124,T,0.2465,37.0,44.4
1788,11,27,18.0483,-2611,129,A,-0.1542,-30.4,-94.3
1789,5,24,22.1994,-2605,134,H,-0.5297,-11.0,-151.0
1789,11,17,3.1431,-2599,139,H,0.5504,14.1,133.9
1790,4,14,12.8042,-2594,106,P,1.5487,71.4,-132.1
1790,5,14,4.2892,-2593,144,P,-1.3374,-69.4,140.9
1790,10,8,8.6478,-2588,111,P,-1.4122,-71.7,-61.3
1790,11,6,17.8864,-2587,149,P,1.2044,70.1,-55.8
1791,4,3,12.9203,-2582,116,A,0.8236,57.1,-39.5
1791,9,27,23.7083,-2576,121,T,-0.7492,-47.6,162.4
1792,3,22,17.9594,-2570,126,A,0.0618,4.5,-88.7
1792,9,16,9.2311,-2564,131,A,-0.0191,1.3,39.9
1793,3,12,6.0019,-2558,136,T,-0.6524,-41.7,107.8
1793,9,5,11.7900,-2552,141,A,0.7407,51.7,23.0
1794,1,31,11.8125,-2547,108,P,1.3407,69.8,-26.0
1794,3,1,21.9000,-2546,146,P,-1.3155,-71.6,-32.9
1794,7,26,22.4075,-2541,113,P,-1.3496,-69.1,-178.0
1794,8,25,12.1489,-2540,151,P,1.4616,71.3,121.9
1795,1,21,0.4869,-2535,118,A,0.7055,24.8,170.3
1795,7,16,7.6933,-2529,123,T,-0.5274,-10.4,63.8
1796,1,10,6.2478,-2523,128,A,0.0179,-21.1,88.3
1796,7,4,23.0483,-2517,133,T,0.2385,36.8,-164.6
1796,12,29,5.9161,-2511,138,A,-0.6703,-65.5,88.6
1797,6,24,16.3036,-2505,143,T,0.9780,77.2,133.9
1797,12,18,6.3642,-2499,148,P,-1.3208,-65.6,-79.0
1798,5,15,20.1756,-2494,115,A,-0.8744,-38.6,-101.6
1798,11,8,1.7442,-2488,120,T,0.8270,35.1,172.5
1799,5,5,0.2189,-2482,125,A,-0.1310,9.3,178.9
1799,10,28,17.3628,-2476,130,T,0.1274,-6.7,-81.3
1800,4,24,0.4000,-2470,135,A,0.6125,45.7,151.3
1800,10,18,8.8647,-2464,140,T,-0.5787,-40.3,23.2
1801,3,14,15.7597,-2459,107,P,-1.4434,-61.2,40.6
1801,4,13,4.1350,-2458,145,P,1.3152,61.3,11.7
1801,9,8,5.9111,-2453,112,P,1.4657,61.1,-168.5
1801,10,7,19.7094,-2452,150,P,-1.3552,-61.2,141.3
1802,3,4,5.2414,-2447,117,T,-0.6943,-44.0,131.5
1802,8,28,7.2000,-2441,122,A,0.7569,51.3,105.7
1803,2,21,21.3128,-2435,127,T,-0.0075,-11.1,-135.9
1803,8,17,8.4175,-2429,132,A,-0.0048,13.6,54.7
1804,2,11,11.2758,-2423,137,H,0.7053,26.7,-4.5
1804,8,5,15.9536,-2417,142,T,-0.7622,-29.3,-77.1
1805,1,1,1.2492,-2412,109,P,-1.5315,-65.0,-42.1
1805,1,30,18.9503,-2411,147,P,1.4651,62.7,-152.8
1805,6,26,23.4611,-2406,114,P,1.0462,65.5,-9.9
1805,7,26,6.2386,-2405,152,P,-1.4571,-63.2,42.8
1805,12,21,0.2939,-2400,119,A,-0.8751,-83.1,-143.8
1806,6,16,16.4075,-2394,124,T,0.3204,42.2,-64.6
1806,12,10,2.3278,-2388,129,A,-0.1627,-32.4,143.4
1807,6,6,5.3086,-2382,134,H,-0.4577,-4.7,100.4
1807,11,29,11.7025,-2376,139,H,0.5377,11.1,3.9
1808,5,25,11.0431,-2370,144,P,-1.2665,-68.4,27.8
1808,10,19,16.9250,-2365,111,P,-1.4443,-71.3,160.8
1808,11,18,2.5008,-2364,149,P,1.1874,69.2,162.6
1809,4,14,20.1197,-2359,116,A,0.8742,65.8,-157.3
1809,10,9,7.6450,-2353,121,T,-0.7905,-55.1,38.4
1810,4,4,1.6886,-2347,126,A,0.1031,11.1,153.8
1810,9,28,16.6236,-2341,131,A,-0.0696,-5.8,-72.8
1811,3,24,14.2036,-2335,136,T,-0.6190,-35.2,-18.0
1811,9,17,18.7292,-2329,141,A,0.6798,43.0,-85.9
1812,2,12,20.4778,-2324,108,P,1.3545,70.7,-168.8
1812,3,13,6.3250,-2323,146,P,-1.2913,-71.9,-173.3
1812,8,7,5.2639,-2318,113,P,-1.4205,-70.0,67.0
1812,9,5,19.0694,-2317,151,P,1.3939,71.8,4.5
1813,2,1,8.9742,-2312,118,A,0.7152,27.9,40.4
1813,7,27,14.9264,-2306,123,T,-0.6006,-17.4,-47.4
1814,1,21,14.4131,-2300,128,A,0.0253,-18.6,-33.4
1814,7,17,6.5081,-2294,133,T,0.1641,30.9,84.7
1815,1,10,13.9517,-2288,138,A,-0.6626,-63.7,-23.6
1815,7,6,23.7186,-2282,143,T,0.9062,88.1,-162.7
1815,12,30,14.6442,-2276,148,P,-1.3129,-66.7,146.4
1816,5,27,3.2233,-2271,115,A,-0.9492,-48.0,153.5
1816,11,19,10.2897,-2265,120,T,0.8408,35.0,41.5
1817,5,16,6.9706,-2259,125,A,-0.2049,7.9,78.5
1817,11,9,1.8981,-2253,130,T,0.1487,-8.9,150.9
1818,5,5,7.2636,-2247,135,A,0.5440,45.8,52.5
1818,10,29,17.1194,-2241,140,T,-0.5524,-43.1,-99.4
1819,3,25,23.7417,-2236,107,P,-1.4722,-61.2,-87.9
1819,4,24,11.5331,-2235,145,P,1.2579,61.7,-108.0
1819,9,19,13.0631,-2230,112,P,1.5258,61.0,75.6
1819,10,19,3.4547,-2229,150,P,-1.3226,-61.5,16.4
1820,3,14,13.6208,-2224,117,T,-0.7199,-41.5,5.7
1820,9,7,13.9994,-2218,122,A,0.8251,51.6,8.7
1821,3,4,5.8369,-2212,127,T,-0.0284,-8.0,96.3
1821,8,27,15.3283,-2206,132,A,0.0671,13.6,-47.8
1822,2,21,19.6778,-2200,137,A,0.6914,28.6,-132.3
1822,8,16,23.2428,-2194,142,T,-0.6904,-26.1,173.5
1823,1,12,9.3367,-2189,109,P,-1.5413,-64.0,-173.0
1823,2,11,3.0506,-2188,147,P,1.4546,62.0,76.7
1823,7,8,6.9411,-2183,114,P,1.1182,64.6,-132.0
1823,8,6,13.7617,-2182,152,P,-1.3871,-62.5,-79.3
1824,1,1,8.3525,-2177,119,A,-0.8821,-79.9,116.2
1824,6,26,23.7758,-2171,124,T,0.3960,46.6,-171.4
1824,12,20,10.6767,-2165,129,A,-0.1685,-33.3,20.4
1825,6,16,12.3175,-2159,134,H,-0.3812,1.0,-6.0
1825,12,9,20.3625,-2153,139,H,0.5296,9.2,-127.4
1826,6,5,17.6514,-2147,144,P,-1.1887,-67.4,-82.5
1826,10,31,1.3439,-2142,111,P,-1.4696,-70.6,21.2
1826,11,29,11.2356,-2141,149,P,1.1764,68.2,19.9
1827,4,26,3.1872,-2136,116,A,0.9316,74.8,73.4
1827,10,20,15.7014,-2130,121,H,-0.8251,-62.3,-87.6
1828,4,14,9.3272,-2124,126,H,0.1498,17.9,37.7
1828,10,9,0.1297,-2118,131,A,-0.1139,-12.5,173.0
1829,4,3,22.3100,-2112,136,T,-0.5803,-28.5,-142.6
1829,9,28,1.7814,-2106,141,A,0.6243,34.9,164.3
1830,2,23,5.0703,-2101,108,P,1.3716,71.3,49.0
1830,3,24,14.6453,-2100,146,P,-1.2622,-72.0,47.7
1830,8,18,12.2264,-2095,113,P,-1.4866,-70.7,-50.2
1830,9,17,2.1367,-2094,151,P,1.3325,72.1,-115.6
1831,2,12,17.3625,-2089,118,A,0.7288,31.9,-88.3
1831,8,7,22.2664,-2083,123,T,-0.6691,-24.9,-160.9
1832,2,1,22.5039,-2077,128,A,0.0355,-15.3,-154.4
1832,7,27,14.0183,-2071,133,T,0.0919,24.5,-27.9
1833,1,20,21.9486,-2065,138,A,-0.6530,-60.6,-137.4
1833,7,17,7.1339,-2059,143,T,0.8348,77.5,92.5
1834,1,9,22.9253,-2053,148,P,-1.3043,-67.8,11.3
1834,6,7,10.1439,-2048,115,P,-1.0291,-64.6,55.4
1834,11,30,18.9431,-2042,120,T,0.8498,34.9,-91.6
1835,5,27,13.5950,-2036,125,A,-0.2846,5.3,-20.2
1835,11,20,10.5328,-2030,130,T,0.1649,-10.7,21.6
1836,5,15,14.0275,-2024,135,A,0.4700,45.1,-44.4
1836,11,9,1.4906,-2018,140,T,-0.5327,-46.1,136.8
1837,4,5,7.5917,-2013,107,P,-1.5081,-61.3,145.6
1837,5,4,18.8078,-2012,145,P,1.1934,62.3,133.9
1837,10,29,11.3233,-2006,150,P,-1.2967,-61.9,-110.5
1838,3,25,21.8711,-2001,117,T,-0.7525,-39.7,-118.3
1838,9,18,20.9322,-1995,122,A,0.8868,52.4,-90.6
1839,3,15,14.2283,-1989,127,T,-0.0558,-5.1,-29.5
1839,9,7,22.3906,-1983,132,A,0.1325,12.8,-152.7
1840,3,4,3.9728,-1977,137,A,0.6728,30.6,101.7
1840,8,27,6.6256,-1971,142,T,-0.6223,-24.3,62.9
1841,1,22,17.4042,-1966,109,P,-1.5516,-63.1,56.6
1841,2,21,11.0656,-1965,147,P,1.4406,61.5,-52.4
1841,7,18,14.4206,-1960,114,P,1.1903,63.7,106.2
1841,8,16,21.3400,-1959,152,P,-1.3193,-61.9,158.0
1842,1,11,16.4281,-1954,119,A,-0.8882,-75.8,1.4
1842,7,8,7.1075,-1948,124,T,0.4727,50.1,83.6
1842,12,31,19.0733,-1942,129,A,-0.1727,-33.1,-103.2
1843,6,27,19.2842,-1936,134,H,-0.3037,5.9,-111.0
1843,12,21,5.0572,-1930,139,T,0.5227,8.0,101.0
1844,6,16,0.2228,-1924,144,P,-1.1092,-66.4,168.3
1844,11,10,9.8625,-1919,111,P,-1.4902,-69.8,-119.3
1844,12,9,20.0275,-1918,149,P,1.1682,67.1,-123.0
1845,5,6,10.1500,-1913,116,A,0.9945,73.4,-110.6
1845,10,30,23.8661,-1907,121,H,-0.8538,-69.1,144.5
1846,4,25,16.8417,-1901,126,H,0.2038,24.8,-76.2
1846,10,20,7.7700,-1895,131,A,-0.1506,-18.7,57.3
1847,4,15,6.2703,-1889,136,T,-0.5339,-21.6,95.0
1847,10,9,9.0064,-1883,141,A,0.5774,27.7,52.8
1848,3,5,13.5264,-1878,108,P,1.3950,71.8,-91.7
1848,4,3,22.8186,-1877,146,P,-1.2264,-71.8,-89.0
1848,8,28,19.3061,-1872,113,P,-1.5475,-71.3,-169.6
1848,9,27,9.3553,-1871,151,P,1.2774,72.2,121.9
1849,2,23,1.6358,-1866,118,A,0.7475,36.7,144.3
1849,8,18,5.6803,-1860,123,T,-0.7343,-32.9,83.5
1850,2,12,6.4936,-1854,128,A,0.0503,-11.0,85.6
1850,8,7,21.5650,-1848,133,T,0.0215,17.7,-141.8
1851,2,1,5.9075,-1842,138,A,-0.6413,-56.4,106.9
1851,7,28,14.5617,-1836,143,T,0.7644,68.0,-19.6
1852,1,21,7.2044,-1830,148,P,-1.2948,-68.9,-124.3
1852,6,17,16.9972,-1825,115,P,-1.1111,-65.6,-57.3
1852,12,11,3.6789,-1819,120,T,0.8551,35.2,133.9
1853,6,6,20.1225,-1813,125,A,-0.3686,1.5,-117.9
1853,11,30,19.2608,-1807,130,T,0.1763,-12.0,-109.0
1854,5,26,20.7147,-1801,135,A,0.3918,43.3,-140.1
1854,11,20,9.9494,-1795,140,H,-0.5179,-48.9,12.7
1855,5,16,2.0200,-1789,145,P,1.1249,62.9,16.6
1855,11,9,19.2975,-1783,150,P,-1.2767,-62.5,121.0
1856,4,5,6.0169,-1778,117,T,-0.7906,-39.1,119.2
1856,9,29,3.9956,-1772,122,A,0.9420,54.3,169.1
1857,3,25,22.4939,-1766,127,T,-0.0892,-2.4,-153.4
1857,9,18,5.6014,-1760,132,A,0.1912,11.6,100.0
1858,3,15,12.0911,-1754,137,A,0.6461,32.7,-20.9
1858,9,7,14.1581,-1748,142,T,-0.5609,-23.9,-49.8
1859,2,3,1.3783,-1743,109,P,-1.5659,-62.4,-72.1
1859,3,4,18.9136,-1742,147,P,1.4192,61.2,-178.8
1859,7,29,21.9492,-1737,114,P,1.2598,63.0,-16.0
1859,8,28,5.0333,-1736,152,P,-1.2569,-61.5,33.7
1860,1,23,0.4586,-1731,119,A,-0.8969,-71.8,-117.2
1860,7,18,14.4400,-1725,124,T,0.5487,52.5,-20.3
1861,1,11,3.4897,-1719,129,A,-0.1766,-31.8,132.7
1861,7,8,2.1739,-1713,134,A,-0.2231,10.0,145.8
1861,12,31,13.8183,-1707,139,T,0.5187,7.8,-31.6
1862,6,27,6.7058,-1701,144,P,-1.0252,-65.4,60.8
1862,11,21,18.4967,-1696,111,P,-1.5052,-68.8,99.1
1862,12,21,4.8842,-1695,149,P,1.1633,66.0,93.6
1863,5,17,17.0125,-1690,116,P,1.0627,69.2,126.8
1863,11,11,8.1508,-1684,121,A,-0.8760,-75.4,15.1
1864,5,6,0.2800,-1678,126,H,0.2622,31.6,171.5
1864,10,30,15.5086,-1672,131,A,-0.1816,-24.3,-59.3
1865,4,25,14.1428,-1666,136,T,-0.4826,-14.8,-25.8
1865,10,19,16.3539,-1660,141,A,0.5366,21.3,-60.2
1866,3,16,21.8569,-1655,108,P,1.4241,72.0,129.2
1866,4,15,6.8611,-1654,146,P,-1.1846,-71.4,136.6
1866,10,8,16.7394,-1648,151,P,1.2296,71.9,-3.0
1867,3,6,9.7800,-1643,118,A,0.7716,42.3,18.4
1867,8,29,13.2186,-1637,123,T,-0.7940,-41.1,-34.9
1868,2,23,14.3586,-1631,128,A,0.0706,-6.1,-33.0
1868,8,18,5.2028,-1625,133,T,-0.0443,10.6,102.2
1869,2,11,13.7775,-1619,138,A,-0.6251,-51.3,-9.7
1869,8,7,22.0181,-1613,143,T,0.6960,59.1,-133.2
1870,1,31,15.4403,-1607,148,P,-1.2829,-69.9,100.0
1870,6,28,23.7786,-1602,115,P,-1.1949,-66.6,-169.4
1870,7,28,11.0419,-1601,153,P,1.5044,69.2,170.9
1870,12,22,12.4592,-1596,120,T,0.8585,35.7,-1.5
1871,6,18,2.5839,-1590,125,A,-0.4550,-3.5,144.7
1871,12,12,4.0606,-1584,130,T,0.1836,-12.7,119.4
1872,6,6,3.3342,-1578,135,A,0.3095,40.5,124.8
1872,11,30,18.4925,-1572,140,H,-0.5081,-51.2,-111.8
1873,5,26,9.1489,-1566,145,P,1.0513,63.7,-99.6
1873,11,20,3.3811,-1560,150,P,-1.2625,-63.2,-9.5
1874,4,16,14.0147,-1555,117,T,-0.8364,-39.9,-0.9
1874,10,10,11.2258,-1549,122,A,0.9889,58.6,72.0
1875,4,6,6.6239,-1543,127,T,-0.1292,-0.2,84.8
1875,9,29,12.9692,-1537,132,A,0.2427,10.0,-10.1
1876,3,25,20.0850,-1531,137,A,0.6142,34.8,-141.1
1876,9,17,21.8208,-1525,142,T,-0.5054,-24.6,-164.5
1877,3,15,2.6358,-1519,147,P,1.3924,61.0,56.7
1877,8,9,5.5067,-1514,114,P,1.3277,62.3,-138.6
1877,9,7,12.8117,-1513,152,P,-1.1985,-61.2,-91.8
1878,2,2,8.4644,-1508,119,A,-0.9071,-67.9,122.4
1878,7,29,21.7883,-1502,124,T,0.6232,53.8,-124.0
1879,1,22,11.8856,-1496,129,A,-0.1824,-29.8,8.5
1879,7,19,9.0756,-1490,134,A,-0.1439,13.0,42.9
1880,1,11,22.5736,-1484,139,T,0.5136,8.3,-164.1
1880,7,7,13.1744,-1478,144,A,-0.9406,-46.4,-33.4
1880,12,2,3.1925,-1473,111,P,-1.5172,-67.8,-42.9
1880,12,31,13.7503,-1472,149,P,1.1591,65.0,-49.5
1881,5,27,23.8114,-1467,116,P,1.1345,68.2,13.3
1881,11,21,16.5194,-1461,121,A,-0.8931,-81.2,-114.5
1882,5,17,7.6075,-1455,126,T,0.3269,38.4,61.6
1882,11,10,23.3725,-1449,131,A,-0.2056,-29.2,-177.0
1883,5,6,21.8969,-1443,136,T,-0.4250,-8.1,-144.6
1883,10,30,23.8483,-1437,141,A,0.5030,15.6,-174.9
1884,3,27,6.0364,-1432,108,P,1.4602,72.0,-7.7
1884,4,25,14.7714,-1431,146,P,-1.1365,-70.7,4.6
1884,10,19,0.2950,-1425,151,P,1.1892,71.5,-130.2
1885,3,16,17.7619,-1420,118,A,0.8030,48.9,-106.1
1885,9,8,20.8644,-1414,123,T,-0.8489,-49.6,-156.5
1886,3,5,22.0906,-1408,128,A,0.0970,-0.5,-150.1
1886,8,29,12.9231,-1402,133,T,-0.1059,3.5,-15.3
1887,2,22,21.5511,-1396,138,A,-0.6040,-45.7,-126.5
1887,8,19,5.5347,-1390,143,T,0.6312,50.6,111.9
1888,2,11,23.6375,-1384,148,P,-1.2684,-70.7,-35.7
1888,7,9,6.5144,-1379,115,P,-1.2797,-67.6,78.8
1888,8,7,18.0961,-1378,153,P,1.4369,70.1,53.0
1889,1,1,21.2806,-1373,120,T,0.8603,36.7,-137.6
1889,6,28,9.0000,-1367,125,A,-0.5431,-9.6,47.3
1889,12,22,12.9042,-1361,130,T,0.1888,-12.7,-12.8
1890,6,17,9.9181,-1355,135,A,0.2246,36.5,29.3
1890,12,12,3.0911,-1349,140,H,-0.5016,-52.8,123.9
1891,6,6,16.2600,-1343,145,A,0.9754,74.5,163.8
1891,12,1,11.5189,-1337,150,P,-1.2515,-64.1,-140.9
1892,4,26,21.9222,-1332,117,T,-0.8870,-42.5,-119.4
1892,10,20,18.6017,-1326,122,P,1.0286,61.4,-33.3
1893,4,16,14.6031,-1320,127,T,-0.1764,1.3,-34.6
1893,10,9,20.5061,-1314,132,A,0.2866,8.1,-123.0
1894,4,6,3.8947,-1308,137,H,0.5740,36.7,102.4
1894,9,29,5.6506,-1302,142,T,-0.4573,-26.1,78.5
1895,3,26,10.1592,-1296,147,P,1.3565,61.0,-64.8
1895,8,20,13.1544,-1291,114,P,1.3911,61.8,97.7
1895,9,18,20.7336,-1290,152,P,-1.1469,-61.0,140.7
1896,2,13,16.3869,-1285,119,A,-0.9220,-64.6,3.5
1896,8,9,5.1500,-1279,124,T,0.6964,54.4,132.2
1897,2,1,20.2542,-1273,129,A,-0.1903,-27.1,-115.7
1897,7,29,15.9494,-1267,134,A,-0.0640,15.3,-59.0
1898,1,22,7.3200,-1261,139,T,0.5079,9.5,63.6
1898,7,18,19.6150,-1255,144,A,-0.8546,-35.7,-130.1
1898,12,13,11.9703,-1250,111,P,-1.5253,-66.8,174.5
1899,1,11,22.6339,-1249,149,P,1.1558,64.0,167.5
1899,6,8,6.5619,-1244,116,P,1.2089,67.2,-98.9
1899,12,3,0.9578,-1238,121,A,-0.9061,-86.6,121.5
1900,5,28,14.8989,-1232,126,T,0.3943,44.8,-46.5
1900,11,22,7.3286,-1226,131,A,-0.2245,-33.1,64.8
1901,5,18,5.5633,-1220,136,T,-0.3626,-1.7,98.4
1901,11,11,7.4725,-1214,141,A,0.4758,10.8,68.9
1902,4,8,14.0850,-1209,108,P,1.5024,71.7,-142.4
1902,5,7,22.5711,-1208,146,P,-1.0831,-70.0,-125.1
1902,10,31,8.0050,-1202,151,P,1.1556,70.8,100.8
1903,3,29,1.5897,-1197,118,A,0.8413,56.2,130.3
1903,9,21,4.6644,-1191,123,T,-0.8967,-58.0,77.2
1904,3,17,5.6789,-1185,128,A,0.1299,5.6,94.7
1904,9,9,20.7392,-1179,133,T,-0.1625,-3.7,-134.5
1905,3,6,5.2072,-1173,138,A,-0.5768,-39.5,117.4
1905,8,30,13.1239,-1167,143,T,0.5708,42.5,-4.3
1906,2,23,7.7222,-1161,148,P,-1.2479,-71.4,-170.3
1906,7,21,13.2386,-1156,115,P,-1.3637,-68.6,-33.3
1906,8,20,1.2139,-1155,153,P,1.3731,70.8,-66.4
1907,1,14,6.0953,-1150,120,T,0.8628,38.3,86.4
1907,7,10,15.4089,-1144,125,A,-0.6313,-16.9,-50.9
1908,1,3,21.7561,-1138,130,T,0.1934,-11.8,-145.1
1908,6,28,16.4975,-1132,135,A,0.1389,31.4,-67.2
1908,12,23,11.7411,-1126,140,H,-0.4985,-53.4,-0.5
1909,6,17,23.3106,-1120,145,H,0.8957,82.9,123.6
1909,12,12,19.7467,-1114,150,P,-1.2456,-65.0,86.0
1910,5,9,5.7036,-1109,117,T,-0.9437,-48.2,125.2
1910,11,2,2.1422,-1103,122,P,1.0603,61.9,-155.1
1911,4,28,22.4561,-1097,127,T,-0.2294,1.9,-151.9
1911,10,22,4.2172,-1091,132,A,0.3224,6.3,121.4
1912,4,17,11.5728,-1085,137,H,0.5280,38.4,-11.3
1912,10,10,13.6039,-1079,142,T,-0.4149,-28.1,-40.1
1913,4,6,17.5519,-1073,147,P,1.3147,61.2,175.7
1913,8,31,20.8700,-1068,114,P,1.4512,61.5,-26.8
1913,9,30,4.7636,-1067,152,P,-1.1005,-61.0,11.6
1914,2,25,0.2169,-1062,119,A,-0.9416,-62.1,-113.3
1914,8,21,12.5742,-1056,124,T,0.7655,54.5,27.1
1915,2,14,4.5556,-1050,129,A,-0.2024,-24.0,120.7
1915,8,10,22.8736,-1044,134,A,0.0124,16.4,-161.4
1916,2,3,16.0058,-1038,139,T,0.4987,11.1,-67.7
1916,7,30,2.1028,-1032,144,A,-0.7709,-29.0,132.4
1916,12,24,20.7728,-1027,111,P,-1.5321,-65.7,32.1
1917,1,23,7.4753,-1026,149,P,1.1508,63.2,25.6
1917,6,19,13.2725,-1021,116,P,1.2857,66.2,150.1
1917,7,19,2.7117,-1020,154,P,-1.5101,-63.7,101.8
1917,12,14,9.4556,-1015,121,A,-0.9157,-88.0,124.7
1918,6,8,22.1286,-1009,126,T,0.4658,50.9,-152.0
1918,12,3,15.3672,-1003,131,A,-0.2387,-36.1,-53.7
1919,5,29,13.1486,-997,136,T,-0.2955,4.4,-16.7
1919,11,22,15.2367,-991,141,A,0.4549,6.9,-48.9
1920,5,18,6.2486,-985,146,P,-1.0239,-69.1,107.7
1920,11,10,15.8708,-979,151,P,1.1287,69.9,-29.8
1921,4,8,9.2503,-974,118,A,0.8869,64.5,5.6
1921,10,1,12.5994,-968,123,T,-0.9383,-66.1,-56.1
1922,3,28,13.0906,-962,128,A,0.1711,12.3,-18.0
1922,9,21,4.6753,-956,133,T,-0.2130,-10.7,104.5
1923,3,17,12.7494,-950,138,A,-0.5438,-33.0,2.4
1923,9,10,20.7914,-944,143,T,0.5149,34.7,-121.8
1924,3,5,15.7389,-938,148,P,-1.2232,-71.9,55.6
1924,7,31,19.9722,-933,115,P,-1.4459,-69.6,-146.0
1924,8,30,8.3833,-932,153,P,1.3123,71.5,172.9
1925,1,24,14.9008,-927,120,T,0.8661,40.5,-49.6
1925,7,20,21.8117,-921,125,A,-0.7193,-25.3,-150.0
1926,1,14,6.6161,-915,130,T,0.1973,-10.1,82.3
1926,7,9,23.1006,-909,135,A,0.0538,25.6,-165.1
1927,1,3,20.3814,-903,140,A,-0.4956,-52.8,-124.8
1927,6,29,6.3908,-897,145,T,0.8163,78.1,73.8
1927,12,24,3.9947,-891,150,P,-1.2416,-66.1,-47.7
1928,5,19,13.4056,-886,117,T,-1.0048,-63.3,22.5
1928,6,17,20.4578,-885,155,P,1.5107,65.6,70.6
1928,11,12,9.8067,-880,122,P,1.0861,62.6,81.1
1929,5,9,6.1761,-874,127,T,-0.2887,1.6,92.7
1929,11,1,12.0861,-868,132,A,0.3514,4.5,3.1
1930,4,28,19.0594,-862,137,H,0.4730,39.4,-121.2
1930,10,21,21.7314,-856,142,T,-0.3804,-30.5,-161.1
1931,4,18,0.7597,-850,147,P,1.2643,61.5,58.9
1931,9,12,4.6903,-845,114,P,1.5060,61.2,-152.8
1931,10,11,12.9278,-844,152,P,-1.0607,-61.2,-119.5
1932,3,7,7.9306,-839,119,A,-0.9673,-60.7,134.4
1932,8,31,20.0614,-833,124,T,0.8307,54.5,-79.5
1933,2,24,12.7775,-827,129,A,-0.2191,-20.8,-2.1
1933,8,21,5.8197,-821,134,A,0.0869,16.9,95.9
1934,2,14,0.6447,-815,139,T,0.4868,13.2,161.7
1934,8,10,8.6300,-809,144,A,-0.6890,-24.5,34.6
1935,1,5,5.5961,-804,111,P,-1.5381,-64.7,-110.2
1935,2,3,16.2722,-803,149,P,1.1438,62.5,-115.4
1935,6,30,19.9961,-798,116,P,1.3623,65.2,39.1
1935,7,30,9.2744,-797,154,P,-1.4259,-62.9,-5.9
1935,12,25,17.9978,-792,121,A,-0.9228,-83.5,9.4
1936,6,19,5.3419,-786,126,T,0.5389,56.1,104.7
1936,12,13,23.4700,-780,131,A,-0.2493,-37.8,-172.6
1937,6,8,20.6839,-774,136,T,-0.2253,9.9,-130.5
1937,12,2,23.0958,-768,141,A,0.4389,4.0,-167.8
1938,5,29,13.8386,-762,146,T,-0.9607,-52.7,-22.0
1938,11,21,23.8736,-756,151,P,1.1077,68.9,-162.0
1939,4,19,16.7647,-751,118,A,0.9388,73.1,-129.1
1939,10,12,20.6731,-745,123,T,-0.9737,-72.8,155.1
1940,4,7,20.3558,-739,128,A,0.2190,19.2,-128.5
1940,10,1,12.7350,-733,133,T,-0.2573,-17.5,-18.2
1941,3,27,20.1356,-727,138,A,-0.5025,-26.2,-110.9
1941,9,21,4.5675,-721,143,T,0.4649,27.3,119.1
1942,3,16,23.6186,-715,148,P,-1.1908,-72.2,-76.8
1942,8,12,2.7533,-710,115,P,-1.5244,-70.4,99.9
1942,9,10,15.6589,-709,153,P,1.2571,71.9,50.0
1943,2,4,23.6361,-704,120,T,0.8734,43.6,175.1
1943,8,1,4.2703,-698,125,A,-0.8041,-34.8,108.6
1944,1,25,15.4450,-692,130,T,0.2025,-7.6,-50.2
1944,7,20,5.7203,-686,135,A,-0.0314,19.0,95.7
1945,1,14,5.0286,-680,140,A,-0.4937,-51.1,110.3
1945,7,9,13.4625,-674,145,T,0.7356,70.0,-17.2
1946,1,3,12.2697,-668,150,P,-1.2392,-67.1,177.6
1946,5,30,21.0067,-663,117,P,-1.0711,-64.1,-101.0
1946,6,29,3.8661,-662,155,P,1.4361,66.6,-50.8
1946,11,23,17.6200,-657,122,P,1.1050,63.4,-45.3
1947,5,20,13.7964,-651,127,T,-0.3528,0.2,-21.4
1947,11,12,20.0936,-645,132,A,0.3743,3.0,-117.4
1948,5,9,2.4344,-639,137,A,0.4133,39.8,131.2
1948,11,1,5.9883,-633,142,T,-0.3517,-33.1,76.2
1949,4,28,7.8147,-627,147,P,1.2068,61.9,-55.7
1949,10,21,21.2169,-621,152,P,-1.0270,-61.5,107.5
1950,3,18,15.5336,-616,119,A,-0.9988,-60.9,40.9
1950,9,12,3.6464,-610,124,T,0.8903,54.8,172.3
1951,3,7,20.8944,-604,129,A,-0.2420,-17.7,-123.5
1951,9,1,12.8642,-598,134,A,0.1557,16.5,-8.5
1952,2,25,9.1931,-592,139,T,0.4697,15.6,32.7
1952,8,20,15.2264,-586,144,A,-0.6102,-21.7,-64.1
1953,2,14,0.9917,-580,149,P,1.1331,61.9,104.9
1953,7,11,2.7372,-575,116,P,1.4388,64.3,-71.7
1953,8,9,15.9175,-574,154,P,-1.3440,-62.2,-114.7
1954,1,5,2.5336,-569,121,A,-0.9296,-79.1,-120.8
1954,6,30,12.5439,-563,126,T,0.6135,60.5,4.2
1954,12,25,7.6117,-557,131,A,-0.2576,-38.4,68.2
1955,6,20,4.1783,-551,136,T,-0.1528,14.8,117.0
1955,12,14,7.0403,-545,141,A,0.4266,2.1,72.2
1956,6,8,21.3442,-539,146,T,-0.8934,-40.8,-140.7
1956,12,2,8.0097,-533,151,P,1.0923,67.9,64.6
1957,4,30,0.0911,-528,118,A,0.9992,70.6,40.3
1957,10,23,4.9006,-522,123,T,-1.0022,-71.2,-23.1
1958,4,19,3.4547,-516,128,A,0.2750,26.5,123.6
1958,10,12,20.9244,-510,133,T,-0.2951,-24.0,-142.4
1959,4,8,3.4022,-504,138,A,-0.4546,-19.1,137.6
1959,10,2,12.4500,-498,143,T,0.4207,20.4,-1.4
1960,3,27,7.4186,-492,148,P,-1.1537,-72.1,151.9
1960,9,20,22.9989,-486,153,P,1.2057,72.1,-74.1
1961,2,15,8.3300,-481,120,T,0.8830,47.4,40.0
1961,8,11,10.7797,-475,125,A,-0.8859,-45.8,4.0
1962,2,5,0.2106,-469,130,T,0.2107,-4.2,178.1
1962,7,31,12.4258,-463,135,A,-0.1130,12.0,-5.7
1963,1,25,13.6200,-457,140,A,-0.4898,-48.2,-15.0
1963,7,20,20.6036,-451,145,T,0.6571,61.7,-119.6
1964,1,14,20.5022,-445,150,P,-1.2354,-68.2,43.1
1964,6,10,4.5686,-440,117,P,-1.1393,-65.0,135.9
1964,7,9,11.2981,-439,155,P,1.3623,67.6,-172.9
1964,12,4,1.5317,-434,122,P,1.1193,64.3,-173.3
1965,5,30,21.2919,-428,127,T,-0.4225,-2.5,-133.8
1965,11,23,4.2475,-422,132,A,0.3906,1.7,119.8
1966,5,20,9.6506,-416,137,A,0.3467,39.2,26.4
1966,11,12,14.3911,-410,142,T,-0.3300,-35.6,-48.2
1967,5,9,14.7133,-404,147,P,1.1422,62.5,-168.1
1967,11,2,5.6489,-398,152,T,-1.0007,-62.0,-27.8
1968,3,28,23.0083,-393,119,P,-1.0370,-61.0,-79.8
1968,9,22,11.3128,-387,124,T,0.9451,56.2,64.0
1969,3,18,4.9158,-381,129,A,-0.2704,-14.8,116.3
1969,9,11,19.9831,-375,134,A,0.2201,15.6,-114.1
1970,3,7,17.6417,-369,139,T,0.4473,18.2,-94.7
1970,8,31,21.9250,-363,144,A,-0.5364,-20.3,-164.0
1971,2,25,9.6353,-357,149,P,1.1188,61.4,-33.5
1971,7,22,9.5319,-352,116,P,1.5130,63.5,177.0
1971,8,20,22.6586,-351,154,P,-1.2659,-61.7,135.4
1972,1,16,11.0561,-346,121,A,-0.9365,-74.9,107.7
1972,7,10,19.7772,-340,126,T,0.6872,63.5,-94.2
1973,1,4,15.7725,-334,131,A,-0.2644,-37.9,-51.2
1973,6,30,11.6447,-328,136,T,-0.0785,18.8,5.6
1973,12,24,15.0456,-322,141,A,0.4171,1.1,-48.5
1974,6,20,4.8011,-316,146,T,-0.8239,-32.1,103.7
1974,12,13,16.2203,-310,151,P,1.0797,66.8,-69.4
1975,5,11,7.2925,-305,118,P,1.0647,69.7,-80.2
1975,11,3,13.2650,-299,123,P,-1.0248,-70.4,-161.7
1976,4,29,10.4050,-293,128,A,0.3378,34.0,18.3
1976,10,23,5.2292,-287,133,T,-0.3270,-30.0,92.3
1977,4,18,10.5250,-281,138,A,-0.3990,-11.9,28.3
1977,10,12,20.4575,-275,143,T,0.3836,14.1,-123.6
1978,4,7,15.0631,-269,148,P,-1.1081,-71.9,23.3
1978,10,2,6.4786,-263,153,P,1.1616,72.0,159.6
1979,2,26,16.9183,-258,120,T,0.8981,52.1,-94.5
1979,8,22,17.3772,-252,125,A,-0.9632,-59.6,-108.5
1980,2,16,8.9003,-246,130,T,0.2224,-0.1,47.1
1980,8,10,19.2058,-240,135,A,-0.1915,4.6,-108.9
1981,2,4,22.1567,-234,140,A,-0.4838,-44.4,-140.8
1981,7,31,3.7769,-228,145,T,0.5792,53.3,134.1
1982,1,25,4.7147,-222,150,P,-1.2311,-69.3,-91.7
1982,6,21,12.0758,-217,117,P,-1.2102,-65.9,13.2
1982,7,20,18.7456,-216,155,P,1.2886,68.6,64.2
1982,12,15,9.5358,-211,122,P,1.1293,65.3,56.9
1983,6,11,4.7258,-205,127,T,-0.4947,-6.2,114.2
1983,12,4,12.5208,-199,132,A,0.4015,0.9,-4.7
1984,5,30,16.7614,-193,137,A,0.2755,37.5,-76.7
1984,11,22,22.9047,-187,142,T,-0.3132,-37.8,-173.6
1985,5,19,21.4939,-181,147,P,1.0720,63.2,81.1
1985,11,12,14.1908,-175,152,T,-0.9795,-68.6,-142.6
1986,4,9,6.3561,-170,119,P,-1.0822,-61.2,161.4
1986,10,3,19.1042,-164,124,H,0.9931,59.9,-37.1
1987,3,29,12.8297,-158,129,H,-0.3053,-12.3,-2.3
1987,9,23,3.2061,-152,134,A,0.2787,14.3,138.4
1988,3,18,1.9822,-146,139,T,0.4188,20.7,140.0
1988,9,11,4.7414,-140,144,A,-0.4681,-20.0,94.4
1989,3,7,18.1447,-134,149,P,1.0981,61.2,-169.8
1989,8,31,5.5297,-128,154,P,-1.1928,-61.3,23.6
1990,1,26,19.5233,-123,121,A,-0.9457,-71.0,-22.2
1990,7,22,3.0519,-117,126,T,0.7597,65.2,168.9
1991,1,15,23.8975,-111,131,A,-0.2727,-36.4,-170.4
1991,7,11,19.1169,-105,136,T,-0.0041,22.0,-105.2
1992,1,4,23.0936,-99,141,A,0.4091,1.0,-169.7
1992,6,30,12.1894,-93,146,T,-0.7512,-25.2,-9.5
1992,12,24,0.5281,-87,151,P,1.0711,65.7,155.7
1993,5,21,14.3375,-82,118,P,1.1372,68.8,162.3
1993,11,13,21.7642,-76,123,P,-1.0411,-69.6,58.3
1994,5,10,17.2072,-70,128,A,0.4077,41.5,-84.1
1994,11,3,13.6683,-64,133,T,-0.3522,-35.4,-34.2
1995,4,29,17.5558,-58,138,A,-0.3382,-4.8,-79.4
1995,10,24,4.5583,-52,143,T,0.3518,8.4,113.2
1996,4,17,22.6367,-46,148,P,-1.0580,-71.3,-104.0
1996,10,12,14.0511,-40,153,P,1.1227,71.7,32.1
1997,3,9,1.4142,-35,120,T,0.9183,57.8,130.7
1997,9,2,0.0800,-29,125,P,-1.0352,-71.8,114.3
1998,2,26,17.4908,-23,130,T,0.2391,4.7,-82.7
1998,8,22,2.1197,-17,135,A,-0.2644,-3.0,145.4
1999,2,16,6.5772,-11,140,A,-0.4726,-39.8,93.9
1999,8,11,11.0692,-5,145,T,0.5062,45.1,24.3
2000,2,5,12.8408,1,150,P,-1.2233,-70.2,134.1
2000,7,1,19.5594,6,117,P,-1.2821,-66.9,-109.5
2000,7,31,2.2356,7,155,P,1.2166,69.5,-59.9
2000,12,25,17.5992,12,122,P,1.1367,66.3,-74.1
2001,6,21,12.0794,18,127,T,-0.5701,-11.3,2.7
2001,12,14,20.8836,24,132,A,0.4089,0.6,-130.7
2002,6,10,23.7561,30,137,A,0.1993,34.5,-178.6
2002,12,4,7.5378,36,142,T,-0.3020,-39.5,59.6
2003,5,31,4.1561,42,147,A,0.9960,66.6,-24.5
2003,11,23,22.8394,48,152,T,-0.9638,-72.7,88.4
2004,4,19,13.5847,53,119,P,-1.1335,-61.6,44.3
2004,10,14,3.0064,59,124,P,1.0348,61.2,-153.7
2005,4,8,20.6142,65,129,H,-0.3473,-10.6,-119.0
2005,10,3,10.5464,71,134,A,0.3306,12.9,28.7
2006,3,29,10.2064,77,139,T,0.3843,23.2,16.7
2006,9,22,11.6878,83,144,A,-0.4062,-20.6,-9.1
2007,3,19,2.5492,89,149,P,1.0728,61.0,55.5
2007,9,11,12.5400,95,154,P,-1.1255,-61.0,-90.2
2008,2,7,3.9361,100,121,A,-0.9570,-67.6,-150.5
2008,8,1,10.3700,106,126,T,0.8307,65.7,72.3
2009,1,26,7.9958,112,131,A,-0.2820,-34.1,70.2
2009,7,22,2.6069,118,136,T,0.0698,24.2,144.1
2010,1,15,7.1275,124,141,A,0.4002,1.6,69.3
2010,7,11,19.5772,130,146,T,-0.6788,-19.7,-121.9
2011,1,4,8.8617,136,151,P,1.0627,64.7,20.8
2011,6,1,21.2883,141,118,P,1.2130,67.8,46.8
2011,7,1,8.6583,142,156,P,-1.4917,-65.2,28.6
2011,11,25,6.3567,147,123,P,-1.0536,-68.6,-82.4
2012,5,20,23.8983,153,128,A,0.4828,49.1,176.3
2012,11,13,22.2153,159,133,T,-0.3719,-40.0,-161.3
2013,5,10,0.4389,165,138,A,-0.2694,2.2,175.5
2013,11,3,12.7933,171,143,H,0.3272,3.5,-11.7
2014,4,29,6.0758,177,148,A,-1.0000,-70.6,131.3
2014,10,23,21.7608,183,153,P,1.0908,71.2,-97.2
2015,3,20,9.7797,188,120,T,0.9454,64.4,-6.6
2015,9,13,6.9219,194,125,P,-1.1004,-72.1,-2.3
2016,3,9,1.9719,200,130,T,0.2609,10.1,148.8
2016,9,1,9.1339,206,135,A,-0.3330,-10.7,37.8
2017,2,26,14.9092,212,140,A,-0.4578,-34.7,-31.2
2017,8,21,18.4444,218,145,T,0.4367,37.0,-87.7
2018,2,15,20.8758,224,150,P,-1.2116,-71.0,0.6
2018,7,13,3.0378,229,117,P,-1.3542,-67.9,127.4
2018,8,11,9.7911,230,155,P,1.1476,70.4,174.5
2019,1,6,1.7106,235,122,P,1.1417,67.4,153.6
2019,7,2,19.4019,241,127,T,-0.6466,-17.4,-109.0
2019,12,26,5.3147,247,132,A,0.4135,1.0,102.3
2020,6,21,6.6875,253,137,A,0.1209,30.5,79.7
2020,12,14,16.2442,259,142,T,-0.2939,-40.3,-67.9
2021,6,10,10.7186,265,147,A,0.9152,80.8,-66.8
2021,12,4,7.5772,271,152,T,-0.9526,-76.8,-46.2
2022,4,30,20.7100,276,119,P,-1.1901,-62.1,-71.5
2022,10,25,11.0222,282,124,P,1.0701,61.6,77.4
2023,4,20,4.2989,288,129,H,-0.3952,-9.6,125.8
2023,10,14,18.0114,294,134,A,0.3753,11.4,-83.1
2024,4,8,18.3081,300,139,T,0.3431,25.3,-104.1
2024,10,2,18.7703,306,144,A,-0.3509,-22.0,-114.5
2025,3,29,10.8100,312,149,P,1.0405,61.1,-77.1
2025,9,21,19.7178,318,154,P,-1.0651,-60.9,153.5
2026,2,17,12.2183,323,121,A,-0.9743,-64.7,86.8
2026,8,12,17.7850,329,126,T,0.8977,65.2,-25.2
2027,2,6,16.0133,335,131,A,-0.2952,-31.3,-48.5
2027,8,2,10.1306,341,136,T,0.1421,25.5,33.2
2028,1,26,15.1497,347,141,A,0.3901,3.0,-51.5
2028,7,22,2.9444,353,146,T,-0.6056,-15.6,126.7
2029,1,14,17.2300,359,151,P,1.0553,63.7,-114.2
2029,6,12,4.1036,364,118,P,1.2943,66.8,-66.2
2029,7,11,15.6219,365,156,P,-1.4191,-64.3,-85.6
2029,12,5,15.0661,370,123,P,-1.0609,-67.5,135.7
2030,6,1,6.4869,376,128,A,0.5626,56.5,80.1
2030,11,25,6.8603,382,133,T,-0.3867,-43.6,71.2
2031,5,21,7.2678,388,138,A,-0.1970,8.9,71.7
2031,11,14,21.1253,394,143,H,0.3078,-0.6,-137.6
2032,5,9,13.4450,400,148,A,-0.9375,-51.3,-7.1
2032,11,3,5.5703,406,153,P,1.0643,70.4,132.6
2033,3,30,18.0433,411,120,T,0.9778,71.3,-155.8
2033,9,23,13.9086,417,125,P,-1.1583,-72.2,-121.2
2034,3,20,10.3125,423,130,T,0.2894,16.1,22.2
2034,9,12,16.3244,429,135,A,-0.3936,-18.2,-72.6
2035,3,9,23.0983,435,140,A,-0.4368,-29.0,-154.9
2035,9,2,1.9461,441,145,T,0.3727,29.1,158.0
2036,2,27,4.7803,447,150,P,-1.1942,-71.6,-131.4
2036,7,23,10.5350,452,117,P,-1.4250,-68.9,3.6
2036,8,21,17.4292,453,155,P,1.0825,71.1,47.0
2037,1,16,9.8153,458,122,P,1.1477,68.5,20.8
2037,7,13,2.6767,464,127,T,-0.7246,-24.8,139.1
2038,1,5,13.7864,470,132,A,0.4169,2.1,-25.4
2038,7,2,13.5486,476,137,A,0.0398,25.4,-21.9
2038,12,26,1.0028,482,142,T,-0.2881,-40.3,164.0
2039,6,21,17.2150,488,147,A,0.8312,78.9,-102.1
2039,12,15,16.3961,494,152,T,-0.9458,-80.9,172.8
2040,5,11,3.7172,499,119,P,-1.2529,-62.8,174.4
2040,11,4,19.1506,505,124,P,1.0993,62.2,-53.4
2041,4,30,11.8725,511,129,T,-0.4492,-9.6,12.2
2041,10,25,1.6061,517,134,A,0.4133,9.9,162.9
2042,4,20,2.2917,523,139,T,0.2956,27.0,137.3
2042,10,14,2.0117,529,144,A,-0.3030,-23.7,137.8
2043,4,9,18.9636,535,149,T,1.0031,61.3,152.0
2043,10,3,3.0303,541,154,A,-1.0102,-61.0,35.3
2044,2,28,20.4108,546,121,A,-0.9954,-62.2,-25.6
2044,8,23,1.2839,552,126,T,0.9613,64.3,-120.4
2045,2,16,23.9353,558,131,A,-0.3125,-28.3,-166.2
2045,8,12,17.7108,564,136,T,0.2116,25.9,-78.5
2046,2,5,23.1072,570,141,A,0.3765,4.8,-171.4
2046,8,2,10.3536,576,146,T,-0.5350,-12.7,15.2
2047,1,26,1.5550,582,151,P,1.0450,62.9,111.7
2047,6,23,10.8753,587,118,P,1.3766,65.8,-178.0
2047,7,22,22.6047,588,156,P,-1.3477,-63.4,160.2
2047,12,16,23.8367,593,123,P,-1.0661,-66.4,-6.6
2048,6,11,12.9814,599,128,A,0.6468,63.7,-11.5
2048,12,5,15.5908,605,133,T,-0.3973,-46.1,-56.4
2049,5,31,13.9997,611,138,A,-0.1187,15.3,-29.9
2049,11,25,5.5633,617,143,H,0.2943,-3.8,95.2
2050,5,20,20.7139,623,148,H,-0.8688,-40.1,-123.7
2050,11,14,13.5147,629,153,P,1.0447,69.5,1.0
2051,4,11,2.1775,634,120,P,1.0169,71.6,32.2
2051,10,4,21.0372,640,125,P,-1.2094,-72.0,117.7
2052,3,30,18.5314,646,130,T,0.3238,22.4,-102.5
2052,9,22,23.6528,652,135,A,-0.4480,-25.7,175.0
2053,3,20,7.1386,658,140,A,-0.4089,-23.0,83.0
2053,9,12,9.5692,664,145,T,0.3140,21.5,41.7
2054,3,9,12.5611,670,150,P,-1.1711,-72.0,97.9
2054,8,3,18.0672,675,117,P,-1.4941,-69.8,-121.3
2054,9,2,1.1594,676,155,P,1.0215,71.7,-82.3
2055,1,27,17.9014,681,122,P,1.1550,69.5,-112.2
2055,7,24,9.9639,687,127,T,-0.8012,-33.3,25.8
2056,1,16,22.2792,693,132,A,0.4199,3.9,-153.5
2056,7,12,20.3664,699,137,A,-0.0426,19.4,-123.7
2057,1,5,9.7978,705,142,T,-0.2837,-39.2,35.2
2057,7,1,23.6708,711,147,A,0.7455,71.5,-176.2
2057,12,26,1.2431,717,152,T,-0.9405,-84.9,21.8
2058,5,22,10.6569,722,119,P,-1.3194,-63.5,61.1
2058,6,21,0.3264,723,157,P,1.4869,65.9,9.9
2058,11,16,3.3853,728,124,P,1.1224,62.9,174.2
2059,5,11,19.3711,734,129,T,-0.5080,-10.7,-100.4
2059,11,5,9.3042,740,134,A,0.4454,8.7,47.1
2060,4,30,10.1667,746,139,T,0.2422,28.0,20.9
2060,10,24,9.4028,752,144,A,-0.2625,-25.8,28.1
2061,4,20,2.9469,758,149,T,0.9578,64.5,59.2
2061,10,13,10.5361,764,154,A,-0.9639,-62.1,-54.4
2062,3,11,4.4378,769,121,P,-1.0238,-61.0,-147.1
2062,9,3,8.9075,775,126,P,1.0191,61.3,150.3
2063,2,28,7.7250,781,131,A,-0.3360,-25.2,77.7
2063,8,24,1.3697,787,136,T,0.2771,25.6,168.4
2064,2,17,7.0064,793,141,A,0.3597,7.0,69.7
2064,8,12,17.7683,799,146,T,-0.4652,-10.9,-96.0
2065,2,5,9.8739,805,151,P,1.0336,62.2,-21.9
2065,7,3,17.5644,810,118,P,1.4619,64.8,71.9
2065,8,2,5.5714,811,156,P,-1.2759,-62.7,46.5
2065,12,27,8.6656,816,123,P,-1.0688,-65.4,-149.2
2066,6,22,19.4300,822,128,A,0.7330,70.1,-96.4
2066,12,17,0.3944,828,133,T,-0.4043,-47.4,175.8
2067,6,11,20.7072,834,138,A,-0.0387,21.0,-130.2
2067,12,6,14.0619,840,143,H,0.2845,-6.0,-32.4
2068,5,31,3.9442,846,148,T,-0.7970,-31.0,123.2
2068,11,24,21.5417,852,153,P,1.0299,68.5,-131.1
2069,4,21,10.1858,857,120,P,1.0624,71.0,-101.3
2069,5,20,17.8883,858,158,P,-1.4852,-68.8,-69.9
2069,10,15,4.3322,863,125,P,-1.2524,-71.6,-5.5
2070,4,11,2.6025,869,130,T,0.3652,29.1,135.1
2070,10,4,7.1492,875,135,A,-0.4950,-32.8,60.4
2071,3,31,15.0183,881,140,A,-0.3739,-16.7,-37.0
2071,9,23,17.3411,887,145,T,0.2620,14.2,-76.7
2072,3,19,20.1753,893,150,P,-1.1405,-72.2,-30.4
2072,9,12,8.9889,899,155,T,0.9655,69.8,102.0
2073,2,7,1.9331,904,122,P,1.1651,70.5,114.9
2073,8,3,17.2564,910,127,T,-0.8763,-43.2,-89.4
2074,1,27,6.7375,916,132,A,0.4251,6.6,78.8
2074,7,24,3.1756,922,137,A,-0.1242,12.8,133.7
2075,1,16,18.6011,928,142,T,-0.2799,-37.2,-94.1
2075,7,13,6.0956,934,147,A,0.6583,63.1,95.2
2076,1,6,10.1242,940,152,T,-0.9373,-87.2,-173.7
2076,6,1,17.5228,945,119,P,-1.3897,-64.4,-51.2
2076,7,1,6.8453,946,157,P,1.4005,67.0,-98.1
2076,11,26,11.7169,951,124,P,1.1401,63.7,40.1
2077,5,22,2.7681,957,129,T,-0.5725,-13.1,148.3
2077,11,15,17.1322,963,134,A,0.4705,7.8,-70.8
2078,5,11,17.9486,969,139,T,0.1838,28.1,-93.7
2078,11,4,16.9289,975,144,A,-0.2285,-27.8,-83.3
2079,5,1,10.8369,981,149,T,0.9081,66.2,-46.3
2079,10,24,18.1892,987,154,A,-0.9243,-63.4,-160.6
2080,3,21,12.3375,992,121,P,-1.0578,-60.9,85.9
2080,9,13,16.6358,998,126,P,1.0723,61.1,25.8
2081,3,10,15.3919,1004,131,A,-0.3653,-22.4,-36.7
2081,9,3,9.1253,1010,136,T,0.3378,24.6,53.6
2082,2,27,14.7833,1016,141,A,0.3361,9.4,-47.1
2082,8,24,1.2725,1022,146,T,-0.4004,-10.3,151.8
2083,2,16,18.1100,1028,151,P,1.0170,61.6,-154.1
2083,7,15,0.2397,1033,118,P,1.5465,64.0,-37.7
2083,8,13,12.5781,1034,156,P,-1.2064,-62.1,-67.5
2084,1,7,17.5067,1039,123,P,-1.0715,-64.4,68.5
2084,7,3,1.8406,1045,128,A,0.8208,75.0,-169.1
2084,12,27,9.2300,1051,133,T,-0.4094,-47.3,47.7
2085,6,22,3.3544,1057,138,A,0.0452,26.2,131.3
2085,12,16,22.6300,1063,143,A,0.2786,-7.3,-160.8
2086,6,11,11.1206,1069,148,T,-0.7215,-23.2,12.5
2086,12,6,5.6486,1075,153,P,1.0194,67.4,96.2
2087,5,2,18.0783,1080,120,P,1.1139,70.3,127.6
2087,6,1,1.4539,1081,158,P,-1.4186,-67.8,165.4
2087,10,26,11.7825,1086,125,P,-1.2882,-71.0,-130.5
2088,4,21,10.5303,1092,130,T,0.4135,36.0,15.1
2088,10,14,14.8014,1098,135,A,-0.5349,-39.7,-56.0
2089,4,10,22.7450,1104,140,A,-0.3319,-10.2,-154.8
2089,10,4,1.2564,1110,145,T,0.2167,7.4,162.8
2090,3,31,3.6356,1116,150,P,-1.1028,-72.1,-156.3
2090,9,23,16.9433,1122,155,T,0.9157,60.7,-40.5
2091,2,18,9.9111,1127,122,P,1.1779,71.2,-17.8
2091,8,15,0.5786,1133,127,T,-0.9490,-55.6,150.5
2092,2,7,15.1722,1139,132,A,0.4322,9.9,-48.7
2092,8,3,9.9925,1145,137,A,-0.2044,5.6,30.3
2093,1,27,3.3711,1151,142,T,-0.2737,-34.1,136.4
2093,7,23,12.5344,1157,147,A,0.5717,54.6,1.3
2094,1,16,18.9842,1163,152,T,-0.9333,-84.8,-10.6
2094,6,13,0.3697,1168,119,P,-1.4613,-65.3,-163.6
2094,7,12,13.4097,1169,157,P,1.3150,68.0,152.8
2094,12,7,20.0989,1174,124,P,1.1547,64.7,-95.0
2095,6,2,10.1278,1180,129,T,-0.6396,-16.7,37.2
2095,11,27,1.0492,1186,134,A,0.4903,7.2,169.8
2096,5,22,1.6206,1192,139,T,0.1196,27.3,153.4
2096,11,15,0.6042,1198,144,A,-0.2018,-29.7,163.3
2097,5,11,18.5753,1204,149,T,0.8516,67.4,-149.5
2097,11,4,2.0236,1210,154,A,-0.8926,-65.8,86.8
2098,4,1,20.0419,1215,121,P,-1.1005,-61.0,-38.1
2098,9,25,0.5211,1221,126,P,1.1184,61.1,-101.0
2098,10,24,10.6031,1222,164,P,-1.5407,-61.8,-95.5
2099,3,21,22.9089,1227,131,A,-0.4016,-20.0,-149.0
2099,9,14,16.9647,1233,136,T,0.3942,23.4,-62.8
2100,3,10,22.4697,1239,141,A,0.3077,12.0,-162.4
2100,9,4,8.8222,1245,146,T,-0.3384,-10.5,39.0
2101,2,28,2.2739,1251,151,A,0.9964,60.5,80.0
2101,8,24,19.6175,1257,156,P,-1.1392,-61.6,178.2
2102,1,19,2.3583,1262,123,P,-1.0741,-63.5,-73.6
2102,7,15,8.2539,1268,128,A,0.9080,75.9,134.2
2103,1,8,18.0725,1274,133,T,-0.4140,-46.1,-80.8
2103,7,4,10.0300,1280,138,A,0.1285,30.3,33.2
2103,12,29,7.2217,1286,143,A,0.2747,-7.5,70.5
2104,6,22,18.2725,1292,148,T,-0.6438,-16.6,-96.8
2104,12,17,13.8075,1298,153,A,1.0120,66.4,-36.6
2105,5,14,1.8683,1303,120,P,1.1708,69.4,-1.4
2105,6,12,8.9697,1304,158,P,-1.3489,-66.8,41.9
2105,11,6,19.3839,1309,125,P,-1.3168,-70.2,102.7
2106,5,3,18.3222,1315,130,T,0.4681,43.1,-102.3
2106,10,26,22.6278,1321,135,A,-0.5671,-45.9,-174.1
2107,4,23,6.3114,1327,140,A,-0.2829,-3.6,89.9
2107,10,16,9.3075,1333,145,T,0.1778,1.1,40.6
2108,4,11,10.9269,1339,150,P,-1.0573,-71.7,80.5
2108,10,5,1.0222,1345,155,T,0.8722,52.5,-172.0
2109,3,1,17.7647,1350,122,P,1.1972,71.8,-149.1
2109,8,26,7.9572,1356,127,P,-1.0178,-71.4,5.1
2110,2,18,23.5264,1362,132,A,0.4438,14.1,-175.3
2110,8,15,16.8458,1368,137,A,-0.2819,-2.0,-74.3
2111,2,8,12.0925,1374,142,T,-0.2650,-30.2,6.8
2111,8,4,19.0061,1380,147,A,0.4867,46.0,-95.3
2112,1,29,3.8311,1386,152,T,-0.9292,-80.6,-163.8
2112,6,24,7.1647,1391,119,P,-1.5356,-66.3,84.4
2112,7,23,19.9756,1392,157,P,1.2284,69.0,43.1
2112,12,19,4.5544,1397,124,P,1.1648,65.7,128.4
2113,6,13,17.4333,1403,129,T,-0.7097,-21.7,-73.8
2113,12,8,9.0575,1409,134,A,0.5049,7.1,48.9
2114,6,3,9.2358,1415,139,T,0.0525,25.4,41.3
2114,11,27,8.4042,1421,144,A,-0.1815,-31.3,48.4
2115,5,24,2.2322,1427,149,T,0.7912,67.8,109.4
2115,11,16,9.9819,1433,154,A,-0.8664,-68.7,-27.8
2116,4,13,3.6153,1438,121,P,-1.1487,-61.3,-160.2
2116,10,6,8.5308,1444,126,P,1.1589,61.2,130.4
2116,11,4,18.8358,1445,164,P,-1.5103,-62.3,132.3
2117,4,2,6.2556,1450,131,A,-0.4459,-18.4,101.1
2117,9,26,0.9283,1456,136,T,0.4442,21.9,178.4
2118,3,22,6.0153,1462,141,A,0.2719,14.3,84.7
2118,9,15,16.4739,1468,146,T,-0.2823,-11.5,-75.2
2119,3,11,10.3219,1474,151,A,0.9693,56.7,-29.2
2119,9,5,2.7408,1480,156,P,-1.0766,-61.2,62.8
2120,1,30,11.1656,1485,123,P,-1.0792,-62.7,145.3
2120,7,25,14.6672,1491,128,A,0.9948,66.0,90.4
2121,1,19,2.9042,1497,133,T,-0.4190,-43.9,150.1
2121,7,14,16.7108,1503,138,A,0.2125,33.6,-64.3
2122,1,8,15.8142,1509,143,A,0.2713,-6.9,-58.2
2122,7,4,1.4253,1515,148,T,-0.5649,-11.0,154.7
2122,12,28,22.0156,1521,153,A,1.0072,65.3,-169.8
2123,5,25,9.5575,1526,120,P,1.2325,68.5,-128.2
2123,6,23,16.4367,1527,158,P,-1.2763,-65.8,-80.3
2123,11,18,3.1239,1532,125,P,-1.3389,-69.3,-25.5
2124,5,14,1.9861,1538,130,T,0.5286,50.3,143.2
2124,11,6,6.6094,1544,135,A,-0.5921,-51.6,66.8
2125,5,3,13.7092,1550,140,A,-0.2263,3.0,-22.6
2125,10,26,17.5136,1556,145,T,0.1461,-4.5,-83.6
2126,4,22,18.0728,1562,150,A,-1.0051,-71.1,-40.0
2126,10,16,9.2142,1568,155,T,0.8345,45.3,58.6
2127,3,13,1.5342,1573,122,P,1.2208,72.1,80.4
2127,9,6,15.4047,1579,127,P,-1.0822,-71.9,-120.1
2128,3,1,7.8089,1585,132,A,0.4596,18.9,59.1
2128,8,25,23.7428,1591,137,A,-0.3562,-9.8,180.0
2129,2,18,20.7436,1597,142,T,-0.2526,-25.6,-122.5
2129,8,15,1.5514,1603,147,A,0.4055,37.4,165.8
2130,2,8,12.5897,1609,152,T,-0.9212,-75.9,51.8
2130,8,4,2.6456,1615,157,P,1.1461,69.9,-68.7
2130,12,30,13.0261,1620,124,P,1.1730,66.8,-8.8
2131,6,25,0.7211,1626,129,T,-0.7813,-28.1,174.7
2131,12,19,17.1142,1632,134,A,0.5165,7.6,-72.8
2132,6,13,16.7733,1638,139,T,-0.0186,22.3,-70.1
2132,12,7,16.3119,1644,144,A,-0.1661,-32.2,-67.9
2133,6,3,9.7544,1650,149,T,0.7247,66.6,10.7
2133,11,26,18.0986,1656,154,A,-0.8473,-72.0,-143.5
2134,4,24,10.9997,1661,121,P,-1.2052,-61.8,80.5
2134,5,23,23.0217,1662,159,P,1.5285,63.7,55.3
2134,10,17,16.6783,1667,126,P,1.1931,61.5,-0.4
2134,11,16,3.2022,1668,164,P,-1.4857,-63.0,-2.1
2135,4,13,13.4514,1673,131,A,-0.4973,-17.6,-6.5
2135,10,7,9.0008,1679,136,T,0.4884,20.3,57.6
2136,4,1,13.4386,1685,141,A,0.2295,16.5,-26.0
2136,9,26,0.2039,1691,146,T,-0.2309,-13.0,169.4
2137,3,21,18.2772,1697,151,A,0.9369,55.6,-144.8
2137,9,15,9.9428,1703,156,P,-1.0184,-61.0,-53.8
2138,2,9,19.9231,1708,123,P,-1.0872,-62.1,5.1
2138,8,5,21.1492,1714,128,P,1.0781,62.4,-9.2
2139,1,30,11.7069,1720,133,T,-0.4255,-41.0,20.7
2139,7,25,23.4425,1726,138,A,0.2946,35.8,-161.9
2140,1,20,0.3864,1732,143,A,0.2676,-5.5,173.4
2140,7,14,8.6031,1738,148,T,-0.4861,-6.7,46.5
2141,1,8,6.2106,1744,153,A,1.0024,64.3,57.7
2141,6,4,17.1664,1749,120,P,1.2981,67.5,106.7
2141,7,3,23.8939,1750,158,P,-1.2029,-64.9,158.0
2141,11,28,10.9925,1755,125,P,-1.3552,-68.2,-155.0
2142,5,25,9.5436,1761,130,T,0.5937,57.4,31.9
2142,11,17,14.7189,1767,135,A,-0.6117,-56.4,-52.4
2143,5,14,20.9706,1773,140,A,-0.1638,9.4,-132.7
2143,11,7,1.8544,1779,145,T,0.1206,-9.4,150.8
2144,5,3,1.0350,1785,150,A,-0.9441,-53.6,-175.9
2144,10,26,17.5444,1791,155,T,0.8037,39.2,-71.2
2145,3,23,9.1606,1796,122,P,1.2519,72.1,-48.0
2145,9,16,22.9528,1802,127,P,-1.1406,-72.1,112.8
2145,10,16,9.1911,1803,165,P,1.5190,71.4,101.7
2146,3,12,15.9708,1808,132,A,0.4821,24.4,-65.0
2146,9,6,6.7333,1814,137,A,-0.4249,-17.8,72.6
2147,3,2,5.3150,1820,142,T,-0.2360,-20.5,108.8
2147,8,26,8.1542,1826,147,A,0.3271,29.0,65.2
2148,2,19,21.3000,1832,152,T,-0.9111,-70.9,-88.3
2148,8,14,9.3725,1838,157,P,1.0655,70.7,178.0
2149,1,9,21.5106,1843,124,P,1.1802,67.9,-146.7
2149,7,5,7.9928,1849,129,T,-0.8544,-36.3,62.4
2149,12,30,1.2178,1855,134,A,0.5253,8.6,164.7
2150,6,25,0.2903,1861,139,T,-0.0910,18.3,178.1
2150,12,19,0.2839,1867,144,A,-0.1535,-32.3,175.0
2151,6,14,17.2292,1873,149,T,0.6561,63.7,-89.4
2151,12,8,2.3086,1879,154,A,-0.8320,-75.1,103.1
2152,5,4,18.2339,1884,121,P,-1.2679,-62.3,-36.8
2152,6,3,6.1886,1885,159,P,1.4645,64.5,-61.5
2152,10,28,0.9594,1890,126,P,1.2213,61.9,-133.3
2152,11,26,11.6856,1891,164,P,-1.4665,-63.8,-138.4
2153,4,23,20.4900,1896,131,A,-0.5557,-17.9,-111.8
2153,10,17,17.2050,1902,136,T,0.5259,18.8,-65.7
2154,4,12,20.7169,1908,141,A,0.1794,18.2,-134.2
2154,10,7,8.0639,1914,146,T,-0.1867,-15.1,52.1
2155,4,2,2.1094,1920,151,A,0.8975,55.6,101.3
2155,9,26,17.2408,1926,156,A,-0.9654,-58.6,-143.0
2156,2,21,4.6006,1931,123,P,-1.0995,-61.6,-133.7
2156,8,16,3.6911,1937,128,P,1.1584,61.9,-116.1
2157,2,9,20.4267,1943,133,T,-0.4358,-37.7,-108.4
2157,8,5,6.2386,1949,138,A,0.3743,37.1,99.6
2158,1,30,8.9103,1955,143,A,0.2620,-3.4,45.5
2158,7,25,15.8214,1961,148,T,-0.4087,-3.4,-61.8
2159,1,19,14.3906,1967,153,A,0.9974,63.4,-74.2
2159,6,16,0.7122,1972,120,P,1.3668,66.5,-17.0
2159,7,15,7.3472,1973,158,P,-1.1288,-64.0,36.7
2159,12,9,18.9758,1978,125,P,-1.3663,-67.2,74.4
2160,6,4,16.9767,1984,130,T,0.6645,64.5,-74.9
2160,11,27,22.9756,1990,135,A,-0.6247,-60.1,-171.6
2161,5,25,4.0953,1996,140,A,-0.0950,15.7,119.8
2161,11,17,10.3250,2002,145,T,0.1012,-13.4,23.6
2162,5,14,7.8794,2008,150,A,-0.8775,-42.3,72.8
2162,11,7,1.9944,2014,155,T,0.7788,34.1,158.3
2163,4,3,16.6975,2019,122,P,1.2876,71.9,-175.0
2163,9,28,6.5761,2025,127,P,-1.1943,-72.1,-15.6
2163,10,27,17.3478,2026,165,P,1.4919,70.8,-33.9
2164,3,23,0.0464,2031,132,H,0.5095,30.4,172.1
2164,9,16,13.8056,2037,137,A,-0.4885,-25.7,-36.3
2165,3,12,13.7639,2043,142,T,-0.2130,-14.9,-18.8
2165,9,5,14.8792,2049,147,A,0.2549,20.7,-37.5
2166,3,2,5.8892,2055,152,T,-0.8958,-65.4,134.4
2166,8,25,16.2264,2061,157,A,0.9901,74.4,41.5
2167,1,21,5.9403,2066,124,P,1.1892,68.9,75.5
2167,7,16,15.2967,2072,129,T,-0.9262,-46.8,-52.4
2168,1,10,9.3175,2078,134,A,0.5337,10.3,42.1
2168,7,5,7.7564,2084,139,T,-0.1660,13.2,66.4
2168,12,29,8.3258,2090,144,A,-0.1444,-31.6,56.7
2169,6,25,0.6192,2096,149,T,0.5841,59.2,168.6
2169,12,18,10.6186,2102,154,A,-0.8213,-77.3,-6.1
2170,5,16,1.3092,2107,121,P,-1.3371,-63.0,-151.9
2170,6,14,13.2528,2108,159,P,1.3963,65.4,-177.1
2170,11,8,9.3853,2113,126,P,1.2426,62.5,91.6
2170,12,7,20.2856,2114,164,P,-1.4530,-64.7,83.1
2171,5,5,3.3875,2119,131,A,-0.6209,-19.4,144.8
2171,10,29,1.5175,2125,136,T,0.5577,17.6,169.1
2172,4,23,3.8875,2131,141,A,0.1234,19.2,119.6
2172,10,17,16.0267,2137,146,H,-0.1484,-17.3,-66.6
2173,4,12,9.8278,2143,151,A,0.8515,56.2,-10.3
2173,10,7,0.6539,2149,156,A,-0.9187,-57.8,114.0
2174,3,3,13.1983,2154,123,P,-1.1162,-61.3,88.7
2174,4,1,22.6525,2155,161,P,1.5107,61.2,103.8
2174,8,27,10.3319,2160,128,P,1.2336,61.4,135.6
2175,2,21,5.0733,2166,133,T,-0.4495,-34.2,122.9
2175,8,16,13.1381,2172,138,A,0.4497,37.6,-0.5
2176,2,10,17.3558,2178,143,A,0.2532,-0.9,-81.3
2176,8,4,23.0986,2184,148,T,-0.3333,-1.3,-170.5
2177,1,29,22.5083,2190,153,A,0.9897,57.6,165.1
2177,6,26,8.2244,2195,120,P,1.4371,65.5,-139.8
2177,7,25,14.8425,2196,158,P,-1.0564,-63.2,-85.0
2177,12,20,3.0264,2201,125,P,-1.3747,-66.1,-56.8
2178,6,16,0.3450,2207,130,T,0.7378,71.0,-175.3
2178,12,9,7.3339,2213,135,A,-0.6338,-62.4,69.9
2179,6,5,11.0933,2219,140,A,-0.0209,21.5,15.0
2179,11,28,18.9050,2225,145,T,0.0867,-16.5,-104.6
2180,5,24,14.5744,2231,150,A,-0.8035,-32.6,-32.9
2180,11,17,10.5672,2237,155,T,0.7605,30.1,26.5
2181,4,14,0.0681,2242,122,P,1.3318,71.5,60.8
2181,5,13,14.9286,2243,160,P,-1.5323,-69.4,-16.9
2181,10,8,14.3267,2248,127,P,-1.2408,-71.9,-145.8
2181,11,7,1.6397,2249,165,P,1.4718,70.0,-170.9
2182,4,3,7.9953,2254,132,H,0.5439,36.9,51.0
2182,9,27,20.9792,2260,137,A,-0.5461,-33.5,-146.7
2183,3,23,22.1136,2266,142,T,-0.1848,-8.9,-145.2
2183,9,16,21.7103,2272,147,A,0.1877,12.8,-141.9
2184,3,12,14.3756,2278,152,T,-0.8755,-59.4,-0.2
2184,9,4,23.1833,2284,157,A,0.9185,67.1,-123.3
2185,1,31,14.3389,2289,124,P,1.1991,69.9,-62.4
2185,7,26,22.6378,2295,129,T,-0.9967,-67.9,-178.5
2186,1,20,17.3956,2301,134,A,0.5426,12.8,-80.3
2186,7,16,15.2483,2307,139,T,-0.2396,7.4,-46.5
2187,1,9,16.3947,2313,144,A,-0.1365,-30.0,-62.1
2187,7,6,7.9753,2319,149,T,0.5109,53.6,63.8
2187,12,29,18.9842,2325,154,A,-0.8126,-77.7,-111.2
2188,5,26,8.2647,2330,121,P,-1.4109,-63.8,94.6
2188,6,24,20.2442,2331,159,P,1.3252,66.4,68.0
2188,11,18,17.9236,2336,126,P,1.2591,63.2,-45.5
2188,12,18,4.9497,2337,164,P,-1.4420,-65.7,-56.6
2189,5,15,10.1428,2342,131,A,-0.6928,-22.6,43.3
2189,11,8,9.9578,2348,136,T,0.5830,16.5,41.6
2190,5,4,10.9417,2354,141,A,0.0608,19.4,15.4
2190,10,29,0.0972,2360,146,H,-0.1161,-19.6,173.2
2191,4,23,17.4350,2366,151,A,0.7991,57.0,-119.2
2191,10,18,8.1867,2372,156,A,-0.8783,-58.7,5.2
2192,3,13,21.6667,2377,123,P,-1.1395,-61.1,-46.8
2192,4,12,6.6989,2378,161,P,1.4678,61.5,-25.4
2192,9,6,17.0856,2383,128,P,1.3032,61.2,25.8
2193,3,3,13.6022,2389,133,T,-0.4689,-30.9,-4.4
2193,8,26,20.1556,2395,138,A,0.5200,37.4,-102.9
2194,2,21,1.6919,2401,143,A,0.2396,1.9,153.5
2194,8,16,6.4689,2407,148,T,-0.2616,-0.2,79.6
2195,2,10,6.5742,2413,153,A,0.9797,55.2,41.6
2195,7,7,15.6892,2418,120,P,1.5095,64.6,98.5
2195,8,5,22.3508,2419,158,T,-0.9843,-56.1,166.4
2195,12,31,11.1561,2424,125,P,-1.3797,-65.1,171.4
2196,6,26,7.6278,2430,130,T,0.8149,76.3,97.0
2196,12,19,15.7858,2436,135,A,-0.6387,-63.1,-48.6
2197,6,15,17.9925,2442,140,A,0.0574,26.8,-87.6
2197,12,9,3.5853,2448,145,T,0.0769,-18.5,126.0
2198,6,4,21.1931,2454,150,A,-0.7260,-24.2,-135.7
2198,11,28,19.2128,2460,155,T,0.7459,26.9,-106.0
2199,4,25,7.3642,2465,122,P,1.3799,70.8,-61.7
2199,5,24,21.7019,2466,160,P,-1.4596,-68.5,-130.1
2199,10,19,22.1739,2471,127,P,-1.2817,-71.4,82.9
2199,11,18,10.0169,2472,165,P,1.4564,69.1,51.4
2200,4,14,15.8325,2477,132,T,0.5847,43.8,-68.3
2200,10,9,4.2725,2483,137,A,-0.5972,-41.1,101.3
2201,4,4,6.3325,2489,142,T,-0.1495,-2.7,90.2
2201,9,28,4.6975,2495,147,A,0.1281,5.2,111.4
2202,3,24,22.7161,2501,152,T,-0.8484,-52.9,-131.9
2202,9,17,6.3147,2507,157,A,0.8546,57.1,114.2
2203,2,12,22.6431,2512,124,P,1.2128,70.8,160.4
2203,8,8,6.0322,2518,129,P,-1.0650,-70.1,57.0
2203,9,6,14.8397,2519,167,P,1.5374,71.8,69.4
2204,2,2,1.4239,2524,134,A,0.5535,16.0,157.8
2204,7,27,22.7422,2530,139,T,-0.3129,1.0,-160.1
2205,1,21,0.4589,2536,144,A,-0.1281,-27.5,178.6
2205,7,17,15.3000,2542,149,T,0.4367,47.2,-43.0
2206,1,10,3.4022,2548,154,A,-0.8060,-75.9,140.5
2206,6,7,15.0997,2553,121,P,-1.4894,-64.7,-17.3
2206,7,7,3.1739,2554,159,P,1.2516,67.4,-46.3
2206,12,1,2.5653,2559,126,P,1.2711,64.1,175.7
2206,12,30,13.6750,2560,164,P,-1.4337,-66.8,162.3
2207,5,27,16.7964,2565,131,A,-0.7692,-27.5,-57.0
2207,11,20,18.5072,2571,136,T,0.6027,15.8,-87.8
2208,5,15,17.8850,2577,141,A,-0.0080,18.7,-87.0
2208,11,9,8.2867,2583,146,H,-0.0905,-21.8,51.4
2209,5,5,0.9481,2589,151,H,0.7413,57.7,134.4
2209,10,29,15.8389,2595,156,A,-0.8445,-60.7,-106.3
2210,3,26,6.0325,2600,123,P,-1.1680,-61.1,179.2
2210,4,24,14.6553,2601,161,P,1.4202,61.9,-153.4
2210,9,18,23.9858,2606,128,P,1.3657,61.0,-86.2
2211,3,15,22.0278,2612,133,T,-0.4931,-27.8,-130.6
2211,9,8,3.2883,2618,138,A,0.5854,36.9,152.5
2212,3,4,9.9167,2624,143,A,0.2211,4.9,30.1
2212,8,27,13.9381,2630,148,T,-0.1940,-0.1,-31.7
2213,2,21,14.5039,2636,153,A,0.9635,53.4,-78.6
2213,8,17,5.9422,2642,158,T,-0.9161,-46.0,60.3
2214,1,11,19.2978,2647,125,P,-1.3848,-64.1,39.7
2214,7,8,14.8792,2653,130,T,0.8925,78.1,28.3
2215,1,1,0.2767,2659,135,A,-0.6427,-62.3,-168.0
2215,6,28,0.8125,2665,140,A,0.1388,31.4,172.0
2215,12,21,12.3356,2671,145,T,0.0701,-19.5,-4.1
2216,6,16,3.6844,2677,150,A,-0.6420,-16.7,124.6
2216,12,10,3.9644,2683,155,T,0.7367,24.8,120.2
2217,5,6,14.5208,2688,122,P,1.4355,70.0,178.5
2217,6,5,4.3722,2689,160,P,-1.3807,-67.5,118.9
2217,10,31,6.1483,2694,127,P,-1.3157,-70.7,-49.8
2217,11,29,18.4975,2695,165,P,1.4464,68.1,-87.3
2218,4,25,23.5539,2700,132,T,0.6321,51.1,174.3
2218,10,20,11.6989,2706,137,A,-0.6411,-48.4,-12.1
2219,4,15,14.4425,2712,142,T,-0.1086,3.7,-32.8
2219,10,9,11.8097,2718,147,A,0.0744,-2.0,3.0
2220,4,4,6.9450,2724,152,T,-0.8162,-46.2,99.0
2220,9,27,13.5853,2730,157,A,0.7966,48.0,-2.8
2221,2,23,6.8467,2735,124,P,1.2305,71.5,24.2
2221,8,18,13.5108,2741,129,P,-1.1295,-70.9,-67.8
2221,9,16,22.4206,2742,167,P,1.4775,72.1,-58.1
2222,2,12,9.3883,2747,134,A,0.5669,20.0,36.7
2222,8,8,6.2847,2753,139,T,-0.3837,-6.0,84.9
2223,2,1,8.4953,2759,144,A,-0.1180,-24.1,59.2
2223,7,28,22.6342,2765,149,T,0.3636,40.2,-151.7
2224,1,21,11.8147,2771,154,A,-0.7984,-72.4,25.2
2224,7,17,10.0661,2777,159,P,1.1767,68.4,-160.6
2224,12,11,11.2975,2782,126,P,1.2791,65.0,35.2
2225,1,9,22.4233,2783,164,P,-1.4263,-67.8,20.4
2225,6,6,23.3586,2788,131,A,-0.8496,-34.6,-156.5
2225,12,1,3.1433,2794,136,T,0.6178,15.4,141.4
2226,5,27,0.7531,2800,141,A,-0.0810,16.8,171.5
2226,11,20,16.5822,2806,146,H,-0.0711,-23.7,-71.7
2227,5,16,8.3586,2812,151,T,0.6774,57.7,30.8
2227,11,9,23.6117,2818,156,A,-0.8171,-63.3,140.7
2228,4,5,14.2600,2823,123,P,-1.2036,-61.3,47.3
2228,5,4,22.4789,2824,161,P,1.3659,62.4,80.4
2228,9,29,7.0356,2829,128,P,1.4212,61.1,159.6
2228,10,29,0.2619,2830,166,P,-1.5410,-61.9,57.7
2229,3,26,6.2931,2835,133,T,-0.5251,-25.5,105.5
2229,9,18,10.5808,2841,138,A,0.6439,36.2,44.8
2230,3,15,18.0072,2847,143,A,0.1964,7.9,-91.3
2230,9,7,21.5108,2853,148,T,-0.1309,-0.7,-144.5
2231,3,4,22.3400,2859,153,A,0.9430,52.4,163.0
2231,8,28,13.5919,2865,158,T,-0.8506,-41.4,-52.2
2232,1,23,3.4608,2870,125,P,-1.3891,-63.3,-91.9
2232,7,18,22.0822,2876,130,T,0.9717,72.4,-33.4
2233,1,11,8.8214,2882,135,A,-0.6447,-60.0,70.4
2233,7,8,7.5900,2888,140,A,0.2215,35.1,73.1
2233,12,31,21.1269,2894,145,T,0.0649,-19.5,-134.7
2234,6,27,10.1594,2900,150,A,-0.5572,-10.3,26.1
2234,12,21,12.7672,2906,155,T,0.7299,23.5,-14.1
2235,5,17,21.6114,2911,122,P,1.4946,69.1,60.3
2235,6,16,11.0100,2912,160,P,-1.2990,-66.5,8.8
2235,11,11,14.2189,2917,127,P,-1.3444,-69.9,176.6
2235,12,11,3.0428,2918,165,P,1.4400,67.1,133.6
2236,5,6,7.1842,2923,132,T,0.6848,58.7,58.9
2236,10,30,19.2542,2929,137,A,-0.6779,-55.2,-126.4
2237,4,25,22.4178,2935,142,T,-0.0606,10.1,-153.7
2237,10,19,19.1011,2941,147,A,0.0295,-8.6,-107.6
2238,4,15,15.0292,2947,152,T,-0.7772,-39.3,-27.3
2238,10,8,21.0217,2953,157,A,0.7459,40.1,-119.7
2239,3,6,14.9161,2958,124,P,1.2541,72.0,-110.6
2239,8,29,21.0875,2964,129,P,-1.1897,-71.5,165.5
2239,9,28,6.1506,2965,167,P,1.4239,72.1,172.0
2240,2,23,17.2364,2970,134,A,0.5859,24.7,-83.0
2240,8,18,13.8736,2976,139,T,-0.4522,-13.3,-31.3
2241,2,11,16.4775,2982,144,A,-0.1046,-19.9,-60.0
2241,8,8,5.9892,2988,149,T,0.2920,32.9,98.0
2242,1,31,20.2161,2994,154,A,-0.7894,-67.9,-95.8
2242,7,28,16.9533,3000,159,P,1.1020,69.3,84.8
2242,12,22,20.1111,3005,126,P,1.2836,66.0,-106.9
2243,1,21,7.1958,3006,164,P,-1.4198,-68.9,-122.5
2243,6,18,5.8322,3011,131,A,-0.9342,-45.6,104.7
2243,12,12,11.8706,3017,136,T,0.6284,15.5,9.0
2244,6,6,7.5533,3023,141,A,-0.1581,13.8,70.7
2244,12,1,0.9714,3029,146,A,-0.0568,-25.1,164.0
2245,5,26,15.7011,3035,151,T,0.6089,56.7,-71.4
2245,11,20,7.4933,3041,156,A,-0.7955,-66.3,27.1
2246,4,16,22.3900,3046,123,P,-1.2445,-61.6,-83.2
2246,5,16,6.2361,3047,161,P,1.3077,63.1,-44.9
2246,10,10,14.2217,3052,128,P,1.4705,61.3,43.4
2246,11,9,7.7842,3053,166,P,-1.5082,-62.5,-63.8
2247,4,6,14.4475,3058,133,T,-0.5624,-23.8,-16.9
2247,9,29,18.0181,3064,138,A,0.6961,35.6,-65.9
2248,3,26,1.9336,3070,143,A,0.1643,10.6,150.1
2248,9,18,5.2186,3076,148,T,-0.0738,-2.0,100.6
2249,3,15,6.0125,3082,153,A,0.9149,52.0,48.4
2249,9,7,21.3581,3088,158,T,-0.7907,-39.4,-167.4
2250,2,2,11.5686,3093,125,P,-1.3969,-62.5,137.6
2250,7,30,5.3069,3099,130,P,1.0490,62.9,-124.7
2250,8,28,13.8550,3100,168,P,-1.5278,-61.7,-96.6
2251,1,22,17.3614,3105,135,A,-0.6480,-56.9,-53.2
2251,7,19,14.3128,3111,140,A,0.3062,38.0,-24.2
2252,1,12,5.9514,3117,145,T,0.0608,-18.5,94.0
2252,7,7,16.5700,3123,150,A,-0.4686,-4.9,-70.6
2252,12,31,21.6183,3129,155,T,0.7258,23.1,-149.1
2253,6,26,17.6031,3135,160,P,-1.2139,-65.5,-100.1
2253,11,21,22.4106,3140,127,P,-1.3666,-68.9,41.9
2253,12,21,11.6608,3141,165,P,1.4374,66.1,-6.0
2254,5,17,14.7275,3146,132,T,0.7426,66.7,-54.1
2254,11,11,2.9211,3152,137,A,-0.7086,-61.4,119.3
2255,5,7,6.3017,3158,142,T,-0.0076,16.4,87.2
2255,10,31,2.5344,3164,147,A,-0.0088,-14.5,140.2
2256,4,25,22.9764,3170,152,T,-0.7317,-32.3,-150.9
2256,10,19,4.6253,3176,157,A,0.7025,33.1,122.3
2257,3,16,22.8581,3181,124,P,1.2833,72.2,116.2
2257,4,15,12.0875,3182,162,P,-1.5121,-71.3,60.1
2257,9,9,4.7789,3187,129,P,-1.2448,-71.9,36.6
2257,10,8,14.0256,3188,167,P,1.3765,71.9,40.0
2258,3,6,0.9731,3193,134,A,0.6101,30.2,158.8
2258,8,29,21.5514,3199,139,T,-0.5161,-20.9,-149.2
2259,2,23,0.3947,3205,144,A,-0.0875,-15.0,-178.8
2259,8,19,13.3714,3211,149,T,0.2226,25.3,-13.6
2260,2,12,4.5733,3217,154,A,-0.7776,-62.7,140.2
2260,8,7,23.8536,3223,159,P,1.0287,70.2,-30.7
2261,1,2,4.9483,3228,126,P,1.2873,67.1,110.2
2261,1,31,15.9167,3229,164,P,-1.4107,-69.9,94.8
2261,6,28,12.2744,3234,131,P,-1.0198,-66.6,6.0
2261,12,22,20.6472,3240,136,T,0.6360,16.1,-124.2
2262,6,17,14.3208,3246,141,A,-0.2377,9.8,-30.2
2262,12,12,9.4172,3252,146,A,-0.0461,-25.8,39.0
2263,6,6,22.9825,3258,151,T,0.5366,54.4,-173.1
2263,12,1,15.4792,3264,156,A,-0.7794,-69.2,-85.8
2264,4,27,6.3614,3269,123,P,-1.2931,-62.1,148.5
2264,5,26,13.8686,3270,161,P,1.2430,63.9,-168.5
2264,10,20,21.5897,3275,128,P,1.5111,61.6,-75.7
2264,11,19,15.4703,3276,166,P,-1.4830,-63.2,172.0
2265,4,16,22.4386,3281,133,T,-0.6073,-23.1,-136.8
2265,10,10,1.6261,3287,138,A,0.7404,35.1,-179.8
2266,4,6,9.7103,3293,143,A,0.1255,12.9,34.0
2266,9,29,13.0658,3299,148,T,-0.0233,-3.7,-16.4
2267,3,26,13.5625,3305,153,A,0.8810,52.3,-63.7
2267,9,19,5.2039,3311,158,T,-0.7348,-38.8,75.9
2268,2,13,19.6589,3316,125,P,-1.4059,-61.9,7.5
2268,8,9,12.5347,3322,130,P,1.1254,62.2,118.0
2268,9,7,21.4644,3323,168,P,-1.4722,-61.4,140.6
2269,2,2,1.8850,3328,135,A,-0.6529,-53.2,-178.2
2269,7,29,21.0511,3334,140,A,0.3893,39.9,-121.3
2270,1,22,14.7747,3340,145,T,0.0560,-16.7,-37.3
2270,7,18,22.9983,3346,150,A,-0.3811,-0.7,-166.9
2271,1,12,6.4689,3352,155,T,0.7217,23.3,76.0
2271,7,8,0.2172,3358,160,P,-1.1284,-64.5,151.1
2271,12,3,6.6797,3363,127,P,-1.3843,-67.8,-93.4
2272,1,1,20.2975,3364,165,P,1.4365,65.1,-145.4
2272,5,27,22.1867,3369,132,T,0.8053,75.0,-163.2
2272,11,21,10.7144,3375,137,A,-0.7327,-66.8,5.9
2273,5,17,14.0753,3381,142,T,0.0515,22.5,-29.7
2273,11,10,10.1214,3387,147,A,-0.0398,-19.6,26.3
2274,5,7,6.7936,3393,152,T,-0.6799,-25.5,88.2
2274,10,30,12.4050,3399,157,A,0.6667,27.0,2.4
2275,3,28,6.6306,3404,124,P,1.3199,72.2,-14.4
2275,4,26,19.6947,3405,162,P,-1.4684,-70.7,-67.0
2275,9,20,12.5817,3410,129,P,-1.2949,-72.0,-94.3
2275,10,19,22.0533,3411,167,P,1.3358,71.4,-93.9
2276,3,16,8.5675,3416,134,A,0.6411,36.4,42.3
2276,9,9,5.3131,3422,139,T,-0.5755,-28.5,91.2
2277,3,5,8.1986,3428,144,A,-0.0645,-9.5,63.6
2277,8,29,20.8197,3434,149,T,0.1573,17.8,-126.7
2278,2,22,12.8800,3440,154,A,-0.7628,-57.1,14.8
2278,8,19,6.7731,3446,159,A,0.9569,75.8,155.8
2279,1,13,13.8183,3451,126,P,1.2899,68.2,-33.7
2279,2,12,0.6183,3452,164,P,-1.4003,-70.7,-48.3
2279,7,9,18.6869,3457,131,P,-1.1065,-67.7,-100.7
2280,1,3,5.4697,3463,136,T,0.6414,17.2,101.9
2280,6,27,21.0558,3469,141,A,-0.3197,4.6,-131.2
2280,12,22,17.9289,3475,146,A,-0.0392,-25.8,-86.8
2281,6,17,6.2447,3481,151,T,0.4621,50.8,84.2
2281,12,11,23.5233,3487,156,A,-0.7667,-71.4,163.7
2282,5,8,14.2544,3492,123,P,-1.3458,-62.7,21.3
2282,6,6,21.4719,3493,161,P,1.1764,64.8,68.1
2282,11,1,5.1067,3498,128,P,1.5448,62.1,163.0
2282,11,30,23.2564,3499,166,P,-1.4625,-64.1,46.1
2283,4,28,6.3058,3504,133,T,-0.6581,-23.6,105.0
2283,10,21,9.3864,3510,138,A,0.7783,34.9,63.2
2284,4,16,17.3228,3516,143,A,0.0792,14.6,-79.2
2284,10,9,21.0633,3522,148,T,0.0205,-5.7,-135.8
2285,4,5,20.9231,3528,153,A,0.8379,52.9,-171.4
2285,9,29,13.1939,3534,158,T,-0.6859,-39.6,-42.9
2286,2,24,3.6564,3539,125,P,-1.4203,-61.5,-121.0
2286,3,25,20.6300,3540,163,P,1.5392,61.0,141.1
2286,8,20,19.8061,3545,130,P,1.1987,61.7,0.2
2286,9,19,5.1678,3546,168,P,-1.4214,-61.2,16.5
2287,2,13,10.3569,3551,135,A,-0.6613,-49.4,56.3
2287,8,10,3.7950,3557,140,A,0.4714,41.0,141.8
2288,2,2,23.5631,3563,145,T,0.0492,-14.2,-168.4
2288,7,29,5.4231,3569,150,A,-0.2930,2.5,97.4
2289,1,22,15.3236,3575,155,T,0.7181,24.3,-58.9
2289,7,18,6.8494,3581,160,P,-1.0426,-63.6,42.3
2289,12,13,15.0217,3586,127,P,-1.3979,-66.8,130.8
2290,1,12,4.9425,3587,165,P,1.4365,64.1,75.4
2290,6,8,5.5969,3592,132,T,0.8713,83.8,100.9
2290,12,2,18.6114,3598,137,A,-0.7515,-70.9,-104.7
2291,5,28,21.7578,3604,142,T,0.1153,28.3,-144.5
2291,11,21,17.8481,3610,147,A,-0.0644,-23.7,-88.9
2292,5,17,14.4925,3616,152,T,-0.6224,-18.8,-30.3
2292,11,9,20.3353,3622,157,A,0.6376,22.0,-119.1
2293,4,7,14.2486,3627,124,P,1.3632,71.8,-142.5
2293,5,7,3.1631,3628,162,P,-1.4186,-69.9,168.5
2293,9,30,20.5244,3633,129,P,-1.3386,-72.0,132.7
2293,10,30,6.2292,3634,167,P,1.3017,70.7,130.3
2294,3,27,16.0397,3639,134,A,0.6776,43.2,-72.6
2294,9,20,13.1661,3645,139,T,-0.6300,-36.2,-29.9
2295,3,16,15.9094,3651,144,A,-0.0362,-3.6,-53.0
2295,9,10,4.3386,3657,149,T,0.0963,10.3,118.9
2296,3,4,21.0794,3663,154,A,-0.7418,-51.1,-110.3
2296,8,29,13.7611,3669,159,A,0.8888,66.6,15.0
2297,1,23,22.6631,3674,126,P,1.2940,69.2,-177.8
2297,2,22,9.2253,3675,164,P,-1.3851,-71.4,169.4
2297,7,20,1.1297,3680,131,P,-1.1915,-68.7,151.6
2298,1,13,14.2742,3686,136,T,0.6474,19.0,-31.9
2298,7,9,3.8172,3692,141,A,-0.4012,-1.4,126.5
2299,1,3,2.4619,3698,146,A,-0.0341,-24.9,146.9
2299,6,28,13.4619,3704,151,T,0.3846,46.0,-19.5
2299,12,23,7.6450,3710,156,A,-0.7584,-72.5,54.8
2300,5,19,22.0108,3715,123,P,-1.4049,-63.4,-104.1
2300,6,18,4.9914,3716,161,P,1.1056,65.7,-54.5
2300,12,12,7.1619,3722,166,P,-1.4473,-65.0,-81.9
2301,5,9,14.0164,3727,133,T,-0.7161,-25.5,-11.0
2301,11,1,17.3258,3733,138,A,0.8080,34.8,-57.2
2302,4,29,0.7886,3739,143,A,0.0263,15.6,170.0
2302,10,22,5.1878,3745,148,T,0.0584,-7.8,102.9
2303,4,18,4.1572,3751,153,A,0.7889,53.8,83.7
2303,10,11,21.2903,3757,158,T,-0.6424,-41.1,-163.2
2304,3,7,11.5733,3762,125,P,-1.4389,-61.2,111.8
2304,4,6,4.0058,3763,163,P,1.4957,61.2,22.1
2304,9,1,3.1278,3768,130,P,1.2684,61.4,-118.2
2304,9,30,12.9714,3769,168,P,-1.3760,-61.2,-109.0
2305,2,24,18.7692,3774,135,A,-0.6732,-45.7,-69.3
2305,8,21,10.5956,3780,140,A,0.5497,41.5,43.7
2306,2,14,8.2969,3786,145,T,0.0394,-11.3,61.0
2306,8,10,11.9194,3792,150,A,-0.2083,4.6,1.0
2307,2,4,0.1336,3798,155,T,0.7125,25.7,166.9
2307,7,30,13.5211,3804,160,A,-0.9574,-50.0,-48.7
2307,12,25,23.4064,3809,127,P,-1.4089,-65.7,-5.1
2308,1,24,13.5611,3810,165,P,1.4358,63.3,-63.0
2308,6,19,12.9647,3815,132,T,0.9402,84.1,120.6
2308,12,14,2.5811,3821,137,A,-0.7662,-73.4,148.6
2309,6,9,5.3653,3827,142,T,0.1833,33.6,102.7
2309,12,3,1.7014,3833,147,A,-0.0832,-26.9,154.6
2310,5,29,22.0806,3839,152,T,-0.5599,-12.5,-146.5
2310,11,22,4.4053,3845,157,A,0.6145,17.9,117.8
2311,4,19,21.6969,3850,124,P,1.4139,71.3,92.3
2311,5,19,10.4794,3851,162,P,-1.3621,-69.0,46.9
2311,10,13,4.6025,3856,129,P,-1.3762,-71.6,-2.1
2311,11,11,14.5553,3857,167,P,1.2745,69.9,-7.1
2312,4,7,23.3256,3862,134,A,0.7231,50.8,174.7
2312,10,1,21.1406,3868,139,T,-0.6783,-43.8,-152.9
2313,3,27,23.4919,3874,144,A,-0.0011,2.6,-167.9
2313,9,21,11.9500,3880,149,T,0.0405,3.0,3.0
2314,3,17,5.1983,3886,154,A,-0.7160,-44.9,125.1
2314,9,10,20.8197,3892,159,A,0.8247,56.8,-103.3
2315,2,5,7.4969,3897,126,P,1.2991,70.1,37.6
2315,3,6,17.7722,3898,164,P,-1.3668,-71.9,27.6
2315,8,1,7.5756,3903,131,P,-1.2761,-69.6,43.3
2316,1,25,23.0881,3909,136,T,0.6526,21.4,-166.0
2316,7,20,10.6050,3915,141,A,-0.4819,-8.1,23.1
2317,1,14,10.9939,3921,146,A,-0.0298,-23.2,20.5
2317,7,9,20.7111,3927,151,T,0.3078,40.4,-125.3
2318,1,3,15.7872,3933,156,A,-0.7519,-71.9,-53.7
2318,5,31,5.7092,3938,123,P,-1.4670,-64.2,131.2
2318,6,29,12.5061,3939,161,P,1.0340,66.7,-177.3
2318,12,23,15.1239,3945,166,P,-1.4346,-66.1,148.9
2319,5,20,21.6231,3950,133,T,-0.7786,-29.0,-125.8
2319,11,13,1.4108,3956,138,A,0.8314,35.0,179.6
2320,5,9,8.0758,3962,143,A,-0.0347,15.6,62.1
2320,11,1,13.4719,3968,148,T,0.0888,-9.8,-20.8
2321,4,28,11.2164,3974,153,A,0.7315,54.5,-17.0
2321,10,22,5.5217,3980,158,T,-0.6059,-43.3,74.8
2322,3,18,19.3642,3985,125,P,-1.4640,-61.1,-13.5
2322,4,17,11.2397,3986,163,P,1.4446,61.5,-94.9
2322,9,12,10.5350,3991,130,P,1.3328,61.1,122.2
2322,10,11,20.8939,3992,168,P,-1.3371,-61.4,123.6
2323,3,8,3.0861,3997,135,H,-0.6906,-42.4,166.1
2323,9,1,17.4358,4003,140,A,0.6253,41.7,-55.3
2324,2,25,16.9589,4009,145,T,0.0257,-8.1,-68.6
2324,8,20,18.4728,4015,150,A,-0.1261,5.7,-96.0
2325,2,14,8.8767,4021,155,T,0.7038,27.5,33.9
2325,8,9,20.2733,4027,160,A,-0.8749,-40.3,-146.1
2326,1,5,7.8286,4032,127,P,-1.4177,-64.7,-141.2
2326,2,3,22.1469,4033,165,P,1.4340,62.6,159.3
2326,6,30,20.3100,4038,132,P,1.0107,65.2,37.3
2326,12,25,10.6147,4044,137,A,-0.7774,-73.6,43.3
2327,6,20,12.9169,4050,142,T,0.2542,38.3,-8.3
2327,12,14,9.6631,4056,147,A,-0.0969,-28.8,37.0
2328,6,9,5.5647,4062,152,T,-0.4928,-6.7,99.5
2328,12,2,12.6103,4068,157,A,0.5974,14.8,-6.9
2329,4,30,4.9994,4073,124,P,1.4705,70.6,-30.1
2329,5,29,17.6858,4074,162,P,-1.3009,-68.1,-72.5
2329,10,23,12.8064,4079,129,P,-1.4082,-71.1,-138.5
2329,11,21,22.9889,4080,167,P,1.2521,68.9,-145.4
2330,4,19,6.4903,4085,134,A,0.7742,59.0,62.9
2330,10,13,5.2281,4091,139,T,-0.7208,-51.2,82.5
2331,4,8,6.9525,4097,144,A,0.0408,9.2,79.0
2331,10,2,19.6544,4103,149,T,-0.0097,-4.0,-114.2
2332,3,27,13.1928,4109,154,A,-0.6831,-38.3,2.0
2332,9,21,3.9861,4115,159,A,0.7666,47.9,142.3
2333,2,15,16.2389,4120,126,P,1.3087,70.9,-106.2
2333,3,17,2.1814,4121,164,P,-1.3417,-72.1,-112.5
2333,8,11,14.1133,4126,131,P,-1.3558,-70.5,-66.9
2333,9,10,5.7000,4127,169,P,1.5299,72.0,-157.1
2334,2,5,7.8414,4132,136,T,0.6603,24.6,60.8
2334,7,31,17.4425,4138,141,A,-0.5608,-15.6,-81.8
2335,1,25,19.4953,4144,146,A,-0.0247,-20.6,-105.9
2335,7,21,3.9636,4150,151,T,0.2306,34.0,127.4
2336,1,14,23.9450,4156,156,A,-0.7463,-69.6,-164.9
2336,7,9,19.9728,4162,161,T,0.9598,83.2,49.4
2337,1,2,23.1622,4168,166,P,-1.4252,-67.2,18.0
2337,5,31,5.0989,4173,133,T,-0.8470,-34.6,121.2
2337,11,23,9.6319,4179,138,A,0.8488,35.5,53.8
2338,5,20,15.2389,4185,143,A,-0.1011,14.5,-44.0
2338,11,12,21.8817,4191,148,T,0.1131,-11.7,-146.4
2339,5,9,18.1344,4197,153,A,0.6672,54.7,-114.5
2339,11,2,13.8639,4203,158,T,-0.5751,-45.8,-48.3
2340,3,29,3.0603,4208,125,P,-1.4941,-61.2,-137.3
2340,4,27,18.3589,4209,163,P,1.3873,62.0,149.8
2340,9,22,18.0261,4214,130,P,1.3925,61.1,1.4
2340,10,22,4.9244,4215,168,P,-1.3037,-61.7,-5.3
2341,3,18,11.3056,4220,135,H,-0.7137,-39.8,42.6
2341,9,12,0.3797,4226,140,A,0.6950,41.7,-156.4
2342,3,8,1.5372,4232,145,T,0.0072,-4.9,162.9
2342,9,1,1.1153,4238,150,A,-0.0480,6.1,165.7
2343,2,25,17.5383,4244,155,T,0.6913,29.6,-97.7
2343,8,21,3.1181,4250,160,A,-0.7957,-35.1,112.8
2344,1,16,16.2281,4255,127,P,-1.4270,-63.8,83.5
2344,2,15,6.6328,4256,165,P,1.4280,62.0,23.3
2344,7,11,3.6542,4261,132,P,1.0818,64.3,-82.3
2344,8,9,11.9847,4262,170,P,-1.4974,-62.3,-52.2
2345,1,4,18.6731,4267,137,A,-0.7872,-71.9,-64.6
2345,6,30,20.4381,4273,142,T,0.3267,42.1,-117.7
2345,12,24,17.6844,4279,147,A,-0.1081,-29.7,-81.1
2346,6,20,12.9789,4285,152,T,-0.4224,-1.5,-12.7
2346,12,13,20.9267,4291,157,A,0.5848,12.8,-133.1
2347,5,11,12.1189,4296,124,P,1.5351,69.7,-149.1
2347,6,10,0.7450,4297,162,P,-1.2329,-67.1,170.8
2347,11,3,21.1553,4302,129,P,-1.4337,-70.4,83.4
2347,12,3,7.5592,4303,167,P,1.2358,67.9,74.8
2348,4,29,13.4833,4308,134,A,0.8338,68.1,-48.8
2348,10,23,13.4489,4314,139,T,-0.7564,-58.2,-43.6
2349,4,18,14.2811,4320,144,A,0.0899,16.0,-32.1
2349,10,13,3.4817,4326,149,H,-0.0532,-10.6,127.2
2350,4,7,21.1008,4332,154,H,-0.6452,-31.7,-119.7
2350,10,2,11.2353,4338,159,A,0.7131,39.8,28.7
2351,2,27,0.9367,4343,126,P,1.3209,71.5,110.1
2351,3,28,10.5158,4344,164,P,-1.3126,-72.1,108.5
2351,8,22,20.7131,4349,131,P,-1.4322,-71.2,-178.6
2351,9,21,12.5575,4350,169,P,1.4664,72.2,86.2
2352,2,16,16.5350,4355,136,T,0.6709,28.5,-71.8
2352,8,11,0.3597,4361,141,A,-0.6366,-23.6,171.2
2353,2,5,3.9486,4367,146,A,-0.0179,-17.1,128.0
2353,7,31,11.2850,4373,151,T,0.1559,27.2,17.8
2354,1,25,8.0556,4379,156,A,-0.7388,-66.0,80.6
2354,7,21,3.4728,4385,161,T,0.8870,81.4,171.7
2355,1,14,7.2056,4391,166,P,-1.4158,-68.2,-113.4
2355,6,11,12.4717,4396,133,T,-0.9196,-43.3,9.2
2355,12,4,17.9769,4402,138,A,0.8609,36.0,-74.4
2356,5,30,22.2550,4408,143,A,-0.1735,12.2,-148.0
2356,11,23,6.4153,4414,148,T,0.1317,-13.2,86.3
2357,5,20,0.9064,4420,153,A,0.5961,53.9,151.0
2357,11,12,22.3397,4426,158,T,-0.5514,-48.4,-172.7
2358,4,9,10.6275,4431,125,P,-1.5309,-61.4,100.7
2358,5,9,1.3539,4432,163,P,1.3231,62.6,36.2
2358,10,4,1.6108,4437,130,P,1.4464,61.1,-120.7
2358,11,2,13.0667,4438,168,P,-1.2765,-62.2,-136.1
2359,3,29,19.4128,4443,135,T,-0.7429,-37.9,-79.3
2359,9,23,7.4117,4449,140,A,0.7595,41.9,100.6
2360,3,18,9.9894,4455,145,T,-0.0177,-1.8,36.4
2360,9,11,7.8736,4461,150,A,0.0244,5.7,65.6
2361,3,8,2.0989,4467,155,T,0.6743,31.9,132.7
2361,8,31,10.0750,4473,160,A,-0.7211,-32.2,9.7
2362,1,27,0.6000,4478,127,P,-1.4368,-62.9,-51.1
2362,2,25,15.0342,4479,165,P,1.4190,61.6,-111.3
2362,7,22,11.0206,4484,132,P,1.1522,63.5,157.9
2362,8,20,19.3028,4485,170,P,-1.4239,-61.8,-170.7
2363,1,16,2.7519,4490,137,A,-0.7955,-68.8,-177.6
2363,7,12,3.9175,4496,142,T,0.4012,45.0,134.5
2364,1,5,1.7800,4502,147,A,-0.1161,-29.4,159.7
2364,6,30,20.3297,4508,152,T,-0.3494,2.9,-123.3
2364,12,24,5.3164,4514,157,A,0.5752,11.6,99.8
2365,6,20,7.7369,4520,162,P,-1.1623,-66.1,55.7
2365,11,14,5.6258,4525,129,P,-1.4540,-69.5,-55.9
2365,12,13,16.2117,4526,167,P,1.2230,66.8,-65.6
2366,5,10,20.3689,4531,134,A,0.8981,77.9,-169.5
2366,11,3,21.7678,4537,139,T,-0.7868,-64.8,-170.2
2367,4,29,21.5008,4543,144,A,0.1451,22.8,-141.2
2367,10,24,11.4178,4549,149,H,-0.0902,-16.7,7.3
2368,4,18,4.8606,4555,154,H,-0.5992,-24.8,120.8
2368,10,12,18.6222,4561,159,A,0.6672,32.5,-85.8
2369,3,9,9.5067,4566,126,P,1.3392,71.9,-32.2
2369,4,7,18.7031,4567,164,P,-1.2763,-71.8,-28.1
2369,9,2,3.4322,4572,131,P,-1.5027,-71.7,67.4
2369,10,1,19.5586,4573,169,P,1.4094,72.1,-32.7
2370,2,27,1.1172,4578,136,T,0.6865,33.2,157.0
2370,8,22,7.3725,4584,141,A,-0.7082,-32.0,62.0
2371,2,16,12.3136,4590,146,A,-0.0075,-12.9,2.7
2371,8,11,18.6344,4596,151,T,0.0821,19.9,-93.0
2372,2,5,16.1300,4602,156,A,-0.7301,-61.5,-36.9
2372,7,31,10.9750,4608,161,T,0.8144,71.0,45.5
2373,1,24,15.2497,4614,166,P,-1.4062,-69.3,114.5
2373,6,21,19.7581,4619,133,T,-0.9954,-62.7,-100.1
2373,12,15,2.4319,4625,138,A,0.8678,36.7,155.4
2374,6,11,5.1656,4631,143,A,-0.2504,8.8,109.1
2374,12,4,15.0489,4637,148,T,0.1455,-14.1,-42.4
2375,5,31,7.5758,4643,153,A,0.5200,52.0,57.9
2375,11,24,6.9150,4649,158,T,-0.5328,-50.7,62.3
2376,5,19,8.2456,4655,163,P,1.2528,63.3,-76.1
2376,10,14,9.3078,4660,130,P,1.4941,61.4,115.4
2376,11,12,21.3183,4661,168,P,-1.2551,-62.8,91.4
2377,4,9,3.4194,4666,135,T,-0.7779,-37.1,160.2
2377,10,3,14.5547,4672,140,A,0.8178,42.6,-4.7
2378,3,29,18.3397,4678,145,T,-0.0480,1.1,-88.6
2378,9,22,14.7633,4684,150,A,0.0904,4.8,-36.6
2379,3,19,10.5297,4690,155,T,0.6512,34.3,5.6
2379,9,11,17.1589,4696,160,A,-0.6518,-30.9,-95.4
2380,2,7,8.9003,4701,127,P,-1.4496,-62.2,175.7
2380,3,7,23.2978,4702,165,P,1.4039,61.3,116.3
2380,8,1,18.4381,4707,132,P,1.2207,62.8,37.7
2380,8,31,2.7442,4708,170,P,-1.3553,-61.4,69.2
2381,1,26,10.7772,4713,137,A,-0.8064,-65.3,66.8
2381,7,22,11.4172,4719,142,T,0.4748,46.9,26.9
2382,1,15,9.8894,4725,147,A,-0.1241,-28.1,40.1
2382,7,12,3.6308,4731,152,T,-0.2744,6.5,127.5
2383,1,4,13.7739,4737,157,A,0.5682,11.4,-28.1
2383,7,1,14.6283,4743,162,P,-1.0870,-65.1,-57.5
2383,11,25,14.2256,4748,129,P,-1.4683,-68.6,163.5
2383,12,25,0.9511,4749,167,P,1.2144,65.8,153.2
2384,5,21,3.0906,4754,134,A,0.9701,80.8,-0.8
2384,11,14,6.2222,4760,139,T,-0.8102,-70.9,63.5
2385,5,10,4.6136,4766,144,A,0.2063,29.5,111.9
2385,11,3,19.4583,4772,149,H,-0.1212,-22.1,-113.5
2386,4,29,12.5403,4778,154,H,-0.5483,-18.1,2.9
2386,10,24,2.1119,4784,159,A,0.6268,26.1,158.8
2387,3,20,17.9856,4789,126,P,1.3624,72.1,-173.3
2387,4,19,2.7850,4790,164,P,-1.2345,-71.3,-162.7
2387,10,13,2.6844,4796,169,P,1.3579,71.8,-153.3
2388,3,9,9.6058,4801,136,T,0.7064,38.5,27.0
2388,9,1,14.5069,4807,141,A,-0.7744,-40.7,-50.1
2389,2,26,20.5644,4813,146,A,0.0078,-8.1,-121.3
2389,8,22,2.0981,4819,151,T,0.0133,12.5,153.9
2390,2,16,0.1161,4825,156,A,-0.7177,-56.4,-155.6
2390,8,11,18.5242,4831,161,T,0.7441,61.3,-72.5
2391,2,4,23.2517,4837,166,P,-1.3944,-70.3,-17.6
2391,7,3,2.9814,4842,133,P,-1.0732,-67.1,143.0
2391,8,1,11.2422,4843,171,P,1.4925,69.6,167.9
2391,12,26,10.9542,4848,138,A,0.8723,37.6,24.0
2392,6,21,11.9661,4854,143,A,-0.3319,4.1,7.3
2392,12,14,23.7739,4860,148,T,0.1550,-14.5,-172.4
2393,6,10,14.1447,4866,153,A,0.4389,48.8,-34.4
2393,12,4,15.5764,4872,158,T,-0.5188,-52.6,-63.0
2394,5,30,15.0508,4878,163,P,1.1775,64.1,172.7
2394,10,25,17.1203,4883,130,P,1.5351,61.8,-10.3
2394,11,24,5.6767,4884,168,P,-1.2398,-63.6,-43.0
2395,4,20,11.2875,4889,135,T,-0.8203,-37.7,41.9
2395,10,14,21.8211,4895,140,A,0.8691,44.0,-112.4
2396,4,9,2.5547,4901,145,T,-0.0851,3.4,148.7
2396,10,2,21.8019,4907,150,A,0.1493,3.5,-141.2
2397,3,29,18.8311,4913,155,T,0.6221,36.7,-118.9
2397,9,22,0.3986,4919,160,A,-0.5892,-30.9,157.2
2398,2,17,17.1372,4924,127,P,-1.4648,-61.7,43.5
2398,3,19,7.4522,4925,165,P,1.3844,61.2,-14.4
2398,8,13,1.8936,4930,132,P,1.2877,62.2,-82.9
2398,9,11,10.2761,4931,170,P,-1.2902,-61.2,-52.3
2399,2,6,18.7789,4936,137,A,-0.8180,-61.6,-51.0
2399,8,2,18.9206,4942,142,T,0.5482,48.0,-80.4
2400,1,26,18.0028,4948,147,A,-0.1322,-26.0,-79.9
2400,7,22,10.9133,4954,152,T,-0.1992,9.1,19.0
2401,1,14,22.2556,4960,157,A,0.5617,11.9,-156.4
2401,7,11,21.4889,4966,162,P,-1.0111,-64.2,-169.9
2401,12,5,22.8936,4971,129,P,-1.4797,-67.5,22.4
2402,1,4,9.7078,4972,167,P,1.2064,64.7,12.2
2402,6,1,9.7439,4977,134,P,1.0452,67.8,-135.9
2402,11,25,14.7614,4983,139,T,-0.8291,-76.2,-59.6
2403,5,21,11.6153,4989,144,A,0.2737,36.1,7.4
2403,11,15,3.6069,4995,149,A,-0.1461,-26.8,124.9
2404,5,9,20.0958,5001,154,T,-0.4902,-11.4,-112.8
2404,11,3,9.7353,5007,159,A,0.5935,20.5,42.0
2405,3,31,2.3144,5012,126,P,1.3928,71.9,47.9
2405,4,29,10.7319,5013,164,P,-1.1858,-70.6,65.3
2405,10,23,9.9819,5019,169,P,1.3142,71.3,83.8
2406,3,20,17.9564,5024,136,T,0.7327,44.5,-101.3
2406,9,12,21.7564,5030,141,A,-0.8356,-49.6,-165.5
2407,3,10,4.6944,5036,146,A,0.0283,-2.7,116.1
2407,9,2,9.6403,5042,151,T,-0.0517,5.1,39.2
2408,2,27,7.9944,5048,156,A,-0.7004,-50.8,85.5
2408,8,22,2.1275,5054,161,T,0.6766,52.3,170.0
2409,2,15,7.2083,5060,166,P,-1.3802,-71.1,-149.6
2409,7,13,10.1592,5065,133,P,-1.1523,-68.1,24.6
2409,8,11,18.6419,5066,171,P,1.4271,70.4,44.8
2410,1,5,19.5275,5071,138,A,0.8749,38.8,-108.2
2410,7,2,18.7083,5077,143,A,-0.4152,-1.6,-94.4
2410,12,26,8.5661,5083,148,T,0.1613,-14.1,56.6
2411,6,21,20.6286,5089,153,A,0.3537,44.2,-126.9
2411,12,16,0.3186,5095,158,T,-0.5093,-53.6,171.2
2412,6,9,21.8011,5101,163,P,1.0988,65.0,62.1
2412,12,4,14.1086,5107,168,P,-1.2288,-64.5,-178.7
2413,4,30,19.0658,5112,135,T,-0.8677,-40.0,-75.0
2413,10,25,5.2222,5118,140,A,0.9129,46.2,137.3
2414,4,20,10.6608,5124,145,T,-0.1279,5.0,27.7
2414,10,14,4.9806,5130,150,A,0.2015,2.2,111.8
2415,4,10,2.9931,5136,155,T,0.5866,38.9,119.6
2415,10,3,7.7967,5142,160,A,-0.5335,-31.8,47.4
2416,2,29,1.2253,5147,127,P,-1.4865,-61.3,-86.2
2416,3,29,15.4150,5148,165,P,1.3563,61.2,-142.2
2416,8,23,9.4439,5153,132,P,1.3505,61.8,155.2
2416,9,21,17.9642,5154,170,P,-1.2321,-61.1,-176.0
2417,2,17,2.6783,5159,137,A,-0.8345,-58.3,-168.3
2417,8,13,2.4683,5165,142,T,0.6189,48.3,171.4
2418,2,6,2.0678,5171,147,A,-0.1431,-23.3,160.5
2418,8,2,18.1861,5177,152,T,-0.1242,10.9,-89.0
2419,1,26,6.7436,5183,157,A,0.5550,13.2,75.2
2419,7,23,4.2792,5189,162,A,-0.9322,-45.6,98.2
2419,12,17,7.6686,5194,129,P,-1.4865,-66.5,-119.7
2420,1,15,18.5108,5195,167,P,1.2004,63.8,-129.2
2420,6,11,16.2839,5200,134,P,1.1256,66.8,115.6
2420,12,5,23.3978,5206,139,T,-0.8431,-80.2,-174.0
2421,5,31,18.5497,5212,144,A,0.3451,42.4,-95.0
2421,11,25,11.8614,5218,149,A,-0.1652,-30.4,2.4
2422,5,21,3.5808,5224,154,T,-0.4278,-5.0,133.1
2422,11,14,17.4611,5230,159,A,0.5657,15.9,-75.8
2423,4,11,10.5447,5235,126,P,1.4282,71.6,-89.1
2423,5,10,18.5881,5236,164,P,-1.1323,-69.7,-64.8
2423,11,3,17.4142,5242,169,P,1.2769,70.5,-40.5
2424,3,31,2.1694,5247,136,T,0.7652,51.3,131.9
2424,9,23,5.1628,5253,141,A,-0.8896,-58.6,74.1
2425,3,20,12.6867,5259,146,A,0.0546,3.1,-4.7
2425,9,12,17.3019,5265,151,T,-0.1113,-2.3,-77.5
2426,3,9,15.7458,5271,156,A,-0.6774,-44.7,-32.5
2426,9,2,9.8131,5277,161,T,0.6133,43.8,51.6
2427,2,26,15.0625,5283,166,P,-1.3607,-71.7,79.3
2427,7,24,17.3028,5288,133,P,-1.2318,-69.1,-93.7
2427,8,23,2.0808,5289,171,P,1.3642,71.1,-79.4
2428,1,17,4.1222,5294,138,A,0.8770,40.5,119.1
2428,7,13,1.3986,5300,143,A,-0.4998,-8.3,163.9
2429,1,5,17.3822,5306,148,T,0.1666,-13.0,-74.9
2429,7,2,3.0750,5312,153,A,0.2668,38.6,139.6
2429,12,26,9.1222,5318,158,T,-0.5035,-53.7,44.9
2430,6,21,4.4906,5324,163,P,1.0160,66.0,-48.0
2430,12,15,22.6247,5330,168,P,-1.2227,-65.5,44.0
2431,5,12,2.7250,5335,135,T,-0.9214,-44.8,170.4
2431,11,5,12.7611,5341,140,A,0.9496,49.5,24.5
2432,4,30,18.6253,5347,145,T,-0.1780,5.8,-91.0
2432,10,24,12.3328,5353,150,A,0.2455,0.8,2.1
2433,4,20,11.0256,5359,155,T,0.5450,40.8,0.9
2433,10,13,15.3378,5365,160,A,-0.4840,-33.4,-64.2
2434,3,11,9.2131,5370,127,P,-1.5121,-61.1,145.6
2434,4,9,23.2567,5371,165,P,1.3232,61.4,91.7
2434,9,3,17.0689,5376,132,P,1.4099,61.5,32.2
2434,10,3,1.7675,5377,170,P,-1.1789,-61.1,58.6
2435,2,28,10.4958,5382,137,A,-0.8546,-55.4,75.0
2435,8,24,10.0533,5388,142,T,0.6875,48.2,62.2
2436,2,17,10.0900,5394,147,A,-0.1567,-20.2,41.1
2436,8,13,1.4922,5400,152,T,-0.0517,11.8,162.8
2437,2,5,15.1903,5406,157,A,0.5453,14.9,-52.5
2437,8,2,11.1003,5412,162,A,-0.8553,-37.4,-2.8
2437,12,27,16.4853,5417,129,P,-1.4920,-65.5,98.1
2438,1,26,3.2936,5418,167,P,1.1929,63.0,90.1
2438,6,22,22.7797,5423,134,P,1.2079,65.8,8.2
2438,12,17,8.0944,5429,139,T,-0.8539,-81.7,84.3
2439,6,12,1.4228,5435,144,A,0.4206,48.2,165.1
2439,12,6,20.1964,5441,149,A,-0.1794,-33.0,-120.5
2440,5,31,10.9708,5447,154,T,-0.3598,1.0,21.0
2440,11,25,1.3108,5453,159,A,0.5445,12.2,164.9
2441,4,21,18.6303,5458,126,P,1.4706,71.0,136.4
2441,5,21,2.3364,5459,164,P,-1.0733,-68.8,167.3
2441,11,14,0.9881,5465,169,P,1.2459,69.6,-166.3
2442,4,11,10.2344,5470,136,T,0.8046,58.7,6.2
2442,10,4,12.7167,5476,141,A,-0.9371,-67.2,-54.7
2443,3,31,20.5069,5482,146,A,0.0889,9.3,-123.1
2443,9,24,1.0797,5488,151,T,-0.1656,-9.6,164.1
2444,3,19,23.3606,5494,156,A,-0.6476,-38.3,-149.1
2444,9,12,17.5931,5500,161,T,0.5548,35.7,-67.9
2445,3,8,22.8261,5506,166,P,-1.3361,-72.1,-50.9
2445,8,4,0.4561,5511,133,P,-1.3097,-70.0,147.3
2445,9,2,9.5869,5512,171,P,1.3049,71.7,154.9
2446,1,27,12.7308,5517,138,A,0.8789,42.7,-13.9
2446,7,24,8.0531,5523,143,A,-0.5854,-16.0,61.9
2447,1,17,2.2342,5529,148,T,0.1703,-11.1,152.9
2447,7,13,9.4931,5535,153,A,0.1786,32.2,45.1
2448,1,6,17.9519,5541,158,T,-0.4991,-52.6,-82.0
2448,7,1,11.1711,5547,163,A,0.9316,87.6,-135.3
2448,12,26,7.1781,5553,168,P,-1.2190,-66.5,-94.2
2449,5,22,10.3208,5558,135,T,-0.9790,-54.4,59.1
2449,11,15,20.3989,5564,140,A,0.9810,54.9,-89.1
2450,5,12,2.4956,5570,145,T,-0.2330,5.6,151.7
2450,11,4,19.8253,5576,150,A,0.2828,-0.5,-109.9
2451,5,1,18.8936,5582,155,T,0.4958,42.1,-114.3
2451,10,24,23.0525,5588,160,A,-0.4424,-35.3,-178.3
2452,3,21,17.0253,5593,127,P,-1.5455,-61.1,20.1
2452,4,20,6.9075,5594,165,P,1.2819,61.8,-31.5
2452,9,14,0.8214,5599,132,P,1.4635,61.3,-92.5
2452,10,13,9.7347,5600,170,P,-1.1334,-61.3,-69.3
2453,3,10,18.1617,5605,137,A,-0.8820,-53.6,-39.1
2453,9,3,17.7300,5611,142,T,0.7513,48.0,-49.1
2454,2,27,18.0297,5617,147,A,-0.1750,-17.0,-77.3
2454,8,24,8.8131,5623,152,T,0.0194,11.9,54.3
2455,2,16,23.6075,5629,157,A,0.5335,17.1,-179.6
2455,8,13,17.9103,5635,162,A,-0.7781,-32.3,-104.2
2456,1,8,1.3511,5640,129,P,-1.4954,-64.5,-44.5
2456,2,6,12.0542,5641,167,P,1.1843,62.3,-50.1
2456,7,3,5.2211,5646,134,P,1.2925,64.9,-98.1
2456,12,27,16.8569,5652,139,T,-0.8614,-79.8,-22.0
2457,6,22,8.2703,5658,144,A,0.4979,53.2,67.4
2457,12,17,4.5908,5664,149,A,-0.1900,-34.4,116.2
2458,6,11,18.3278,5670,154,T,-0.2891,6.3,-90.0
2458,12,6,9.2461,5676,159,A,0.5280,9.5,44.7
2459,5,3,2.5983,5681,126,P,1.5188,70.3,4.3
2459,6,1,9.9972,5682,164,T,-1.0097,-67.8,41.3
2459,11,25,8.6947,5688,169,P,1.2211,68.6,66.5
2460,4,21,18.1636,5693,136,T,0.8503,66.8,-119.8
2460,10,14,20.4325,5699,141,A,-0.9775,-73.9,156.1
2461,4,11,4.1767,5705,146,A,0.1300,15.8,120.8
2461,10,4,9.0061,5711,151,T,-0.2131,-16.5,43.7
2462,3,31,6.8289,5717,156,A,-0.6111,-31.7,96.3
2462,9,24,1.4689,5723,161,T,0.5014,28.1,171.4
2463,3,20,6.4650,5729,166,P,-1.3051,-72.3,-179.5
2463,8,15,7.6264,5734,133,P,-1.3853,-70.8,27.4
2463,9,13,17.1744,5735,171,P,1.2504,72.0,27.6
2464,2,7,21.2878,5740,138,A,0.8840,45.7,-146.4
2464,8,3,14.7167,5746,143,A,-0.6692,-24.5,-41.3
2465,1,27,11.0636,5752,148,T,0.1751,-8.3,20.8
2465,7,23,15.9133,5758,153,A,0.0904,25.0,-50.6
2466,1,17,2.7836,5764,158,T,-0.4953,-50.4,150.3
2466,7,12,17.8475,5770,163,A,0.8461,79.5,-65.8
2467,1,6,15.7692,5776,168,P,-1.2180,-67.6,126.4
2467,6,2,17.8067,5781,135,P,-1.0425,-64.5,-50.8
2467,11,27,4.1725,5787,140,A,1.0051,63.7,158.3
2468,5,22,10.2531,5793,145,T,-0.2936,4.2,36.0
2468,11,15,3.4731,5799,150,A,0.3126,-1.5,135.7
2469,5,12,2.6519,5805,155,T,0.4417,42.6,132.9
2469,11,4,6.9269,5811,160,A,-0.4081,-37.5,65.7
2470,5,1,14.4278,5817,165,P,1.2347,62.3,-152.9
2470,9,25,8.6658,5822,132,P,1.5130,61.3,141.4
2470,10,24,17.8247,5823,170,P,-1.0933,-61.7,160.9
2471,3,22,1.7269,5828,137,A,-0.9141,-52.9,-151.3
2471,9,15,1.4864,5834,142,T,0.8109,48.0,-162.2
2472,3,10,1.8697,5840,147,A,-0.1989,-13.9,165.6
2472,9,3,16.2150,5846,152,T,0.0857,11.3,-55.4
2473,2,27,7.9475,5852,157,A,0.5168,19.6,54.6
2473,8,24,0.7756,5858,162,A,-0.7043,-29.3,153.6
2474,1,18,10.2031,5863,129,P,-1.5000,-63.6,173.5
2474,2,16,20.7478,5864,167,P,1.1720,61.7,171.0
2474,7,14,11.6750,5869,134,P,1.3764,64.0,155.9
2474,8,13,2.7322,5870,172,P,-1.4827,-62.1,85.2
2475,1,8,1.6311,5875,139,T,-0.8679,-76.2,-141.8
2475,7,3,15.0894,5881,144,A,0.5775,57.3,-27.7
2475,12,28,13.0317,5887,149,A,-0.1977,-34.7,-7.6
2476,6,22,1.6414,5893,154,T,-0.2153,11.1,160.4
2476,12,16,17.2550,5899,159,A,0.5154,7.7,-76.3
2477,6,11,17.5914,5905,164,T,-0.9423,-47.8,-80.8
2477,12,5,16.5347,5911,169,P,1.2019,67.5,-62.0
2478,5,3,1.9331,5916,136,T,0.9034,75.7,107.7
2478,10,26,4.3061,5922,141,P,-1.0109,-71.0,-13.3
2479,4,22,11.6750,5928,146,A,0.1790,22.5,7.5
2479,10,15,17.0697,5934,151,T,-0.2538,-23.0,-78.3
2480,4,10,14.1294,5940,156,A,-0.5664,-24.8,-16.0
2480,10,4,9.4661,5946,161,T,0.4543,21.1,49.2
2481,3,30,14.0019,5952,166,P,-1.2685,-72.1,53.5
2481,8,25,14.8236,5957,133,P,-1.4585,-71.4,-93.5
2481,9,24,0.8308,5958,171,P,1.1997,72.1,-101.0
2482,2,18,5.8144,5963,138,A,0.8912,49.3,81.2
2482,8,14,21.3933,5969,143,A,-0.7515,-33.7,-145.8
2483,2,7,19.8656,5975,148,T,0.1817,-4.8,-111.2
2483,8,3,22.3550,5981,153,A,0.0030,17.4,-147.7
2484,1,28,11.5981,5987,158,T,-0.4910,-47.2,21.5
2484,7,23,0.5764,5993,163,A,0.7619,68.9,-166.0
2485,1,17,0.3314,5999,168,P,-1.2162,-68.6,-13.0
2485,6,13,1.2717,6004,135,P,-1.1075,-65.4,-172.3
2485,7,12,9.5839,6005,173,P,1.4713,68.0,-145.3
2485,12,7,12.0333,6010,140,A,1.0242,64.7,31.2
2486,6,2,17.9244,6016,145,T,-0.3587,1.8,-78.7
2486,11,26,11.2522,6022,150,A,0.3363,-2.1,19.2
2487,5,23,10.2708,6028,155,T,0.3811,42.1,22.6
2487,11,15,14.9597,6034,160,A,-0.3807,-39.5,-52.3
2488,5,11,21.7656,6040,165,P,1.1793,62.9,88.3
2488,11,4,2.0822,6046,170,P,-1.0609,-62.3,28.4
2489,4,1,9.1319,6051,137,A,-0.9541,-54.4,101.3
2489,9,25,9.3394,6057,142,T,0.8654,48.6,82.9
2490,3,21,9.6031,6063,147,A,-0.2288,-11.1,50.0
2490,9,14,23.6772,6069,152,T,0.1483,10.3,-166.2
2491,3,10,16.1992,6075,157,A,0.4952,22.2,-69.6
2491,9,4,7.6875,6081,162,A,-0.6332,-27.7,50.9
2492,1,29,19.0619,6086,129,P,-1.5046,-62.9,31.6
2492,2,28,5.3814,6087,167,P,1.1568,61.4,33.1
2492,7,24,18.1422,6092,134,P,1.4594,63.2,49.8
2492,8,23,9.2969,6093,172,P,-1.4043,-61.6,-21.8
2493,1,18,10.4083,6098,139,T,-0.8742,-72.2,90.8
2493,7,13,21.9433,6104,144,A,0.6562,60.3,-121.4
2494,1,7,21.5058,6110,149,A,-0.2034,-33.7,-132.0
2494,7,3,8.9378,6116,154,T,-0.1397,15.0,51.7
2494,12,28,1.3244,6122,159,A,0.5061,6.9,161.8
2495,6,23,1.1350,6128,164,T,-0.8718,-37.2,162.6
2495,12,17,0.4608,6134,169,P,1.1867,66.4,168.8
2496,5,13,9.5736,6139,136,T,0.9622,81.0,-70.4
2496,11,5,12.3397,6145,141,P,-1.0373,-70.2,-146.4
2497,5,2,19.0311,6151,146,A,0.2341,29.2,-103.2
2497,10,26,1.2564,6157,151,T,-0.2889,-29.1,158.5
2498,4,21,21.2867,6163,156,A,-0.5148,-17.9,-125.9
2498,10,15,17.5789,6169,161,T,0.4131,14.6,-74.5
2499,4,10,21.3775,6175,166,P,-1.2233,-71.8,-70.8
2499,9,5,22.0886,6180,133,P,-1.5273,-71.9,144.2
2499,10,5,8.6064,6181,171,P,1.1554,71.9,128.6
2500,3,1,14.2464,6186,138,H,0.9038,53.9,-50.7
2500,8,26,4.1378,6192,143,A,-0.8296,-43.8,106.9
2501,2,19,4.5892,6198,148,T,0.1925,-0.6,117.7
2501,8,15,4.8689,6204,153,A,-0.0810,9.5,113.4
2502,2,8,20.3747,6210,158,T,-0.4851,-43.3,-107.9
2502,8,4,7.3314,6216,163,A,0.6779,58.9,91.6
2503,1,29,8.8925,6222,168,P,-1.2151,-69.6,-153.0
2503,6,25,8.6728,6227,135,P,-1.1759,-66.4,66.7
2503,7,24,16.7769,6228,173,P,1.3926,69.0,95.8
2503,12,19,19.9892,6233,140,P,1.0385,65.7,-97.7
2504,6,14,1.5175,6239,145,T,-0.4278,-1.9,167.3
2504,12,7,19.1692,6245,150,A,0.3535,-2.3,-99.5
2505,6,3,17.8006,6251,155,T,0.3165,40.5,-86.3
2505,11,26,23.1178,6257,160,A,-0.3588,-41.2,-171.6
2506,5,24,4.9931,6263,165,P,1.1192,63.7,-29.1
2506,11,16,10.4606,6269,170,P,-1.0340,-63.0,-106.0
2507,4,13,16.3953,6274,137,A,-1.0006,-61.3,13.5
2507,10,7,17.3050,6280,142,T,0.9141,50.0,-34.0
2508,4,1,17.2228,6286,147,A,-0.2648,-8.7,-63.9
2508,9,26,7.2475,6292,152,H,0.2046,9.0,81.2
2509,3,22,0.3464,6298,157,H,0.4676,24.8,168.2
2509,9,15,14.7042,6304,162,A,-0.5679,-27.3,-53.4
2510,2,10,3.8656,6309,129,P,-1.5123,-62.2,-109.1
2510,3,11,13.9125,6310,167,P,1.1362,61.1,-103.2
2510,8,6,0.6489,6315,134,P,1.5405,62.6,-56.5
2510,9,4,15.9469,6316,172,P,-1.3292,-61.2,-130.0
2511,1,30,19.1592,6321,139,T,-0.8816,-68.1,-39.5
2511,7,26,4.8239,6327,144,A,0.7346,62.1,146.2
2512,1,20,5.9556,6333,149,A,-0.2096,-31.9,103.6
2512,7,14,16.2364,6339,154,T,-0.0634,18.1,-56.5
2513,1,8,9.4231,6345,159,A,0.4982,7.0,39.7
2513,7,4,8.6378,6351,164,T,-0.7992,-29.6,48.0
2513,12,28,8.4681,6357,169,P,1.1748,65.4,38.8
2514,5,25,17.0756,6362,136,P,1.0272,68.5,123.2
2514,11,17,20.5228,6368,141,P,-1.0572,-69.3,78.9
2515,5,15,2.2031,6374,146,A,0.2976,36.0,149.4
2515,11,7,9.5928,6380,151,T,-0.3169,-34.4,33.9
2516,5,3,4.2964,6386,156,A,-0.4559,-10.9,126.7
2516,10,27,1.8128,6392,161,T,0.3782,8.8,160.5
2517,4,22,4.6578,6398,166,P,-1.1726,-71.2,166.8
2517,10,16,16.4831,6404,171,P,1.1165,71.6,-3.1
2518,3,12,22.6172,6409,138,T,0.9200,59.1,176.7
2518,9,6,10.9281,6415,143,A,-0.9046,-54.9,-4.8
2519,3,2,13.2567,6421,148,T,0.2062,4.2,-12.9
2519,8,26,11.4636,6427,153,A,-0.1610,1.4,12.7
2520,2,20,5.0683,6433,158,T,-0.4758,-38.7,122.7
2520,8,14,14.1947,6439,163,A,0.5984,49.7,-12.9
2521,2,8,17.3817,6445,168,P,-1.2116,-70.5,67.4
2521,7,5,16.0814,6450,135,P,-1.2445,-67.4,-54.7
2521,8,4,0.0383,6451,173,P,1.3160,69.9,-24.8
2521,12,30,3.9806,6456,140,P,1.0507,66.8,132.5
2522,6,25,9.0625,6462,145,T,-0.4991,-6.6,53.5
2522,12,19,3.1778,6468,150,A,0.3668,-2.0,140.4
2523,6,15,1.2083,6474,155,T,0.2464,37.5,166.2
2523,12,8,7.4150,6480,160,A,-0.3431,-42.4,67.5
2524,6,3,12.0778,6486,165,P,1.0528,64.5,-144.5
2524,11,26,18.9692,6492,170,P,-1.0134,-63.8,117.4
2525,4,23,23.5042,6497,137,P,-1.0544,-61.8,-101.6
2525,10,18,1.3986,6503,142,T,0.9558,52.7,-152.5
2526,4,13,0.7172,6509,147,A,-0.3077,-7.1,-175.8
2526,10,7,14.9058,6515,152,H,0.2557,7.5,-33.0
2527,4,2,8.3906,6521,157,H,0.4341,27.3,48.1
2527,9,26,21.8125,6527,162,A,-0.5074,-27.9,-158.9
2528,2,21,12.6125,6532,129,P,-1.5232,-61.8,111.1
2528,3,21,22.3414,6533,167,P,1.1103,61.1,122.0
2528,9,14,22.7150,6539,172,P,-1.2592,-61.0,120.2
2529,2,10,3.8753,6544,139,T,-0.8908,-64.3,-170.7
2529,8,5,11.7600,6550,144,A,0.8109,62.9,53.9
2530,1,30,14.3861,6556,149,A,-0.2163,-29.3,-21.0
2530,7,25,23.5636,6562,154,T,0.0124,20.2,-164.6
2531,1,19,17.5219,6568,159,A,0.4908,7.9,-82.4
2531,7,15,16.1258,6574,164,T,-0.7256,-23.8,-65.5
2532,1,8,16.5181,6580,169,P,1.1645,64.4,-91.4
2532,6,5,0.4828,6585,136,P,1.0962,67.5,1.3
2532,7,4,8.9161,6586,174,P,-1.4782,-64.9,27.8
2532,11,28,4.8239,6591,141,P,-1.0722,-68.3,-57.0
2533,5,25,9.2639,6597,146,A,0.3660,42.6,44.8
2533,11,17,18.0528,6603,151,T,-0.3394,-38.9,-91.5
2534,5,14,11.1581,6609,156,A,-0.3896,-4.1,21.9
2534,11,7,10.1686,6615,161,T,0.3495,3.9,34.0
2535,5,3,11.7936,6621,166,P,-1.1138,-70.4,47.1
2535,10,28,0.4928,6627,171,P,1.0847,70.9,-136.3
2536,3,23,6.8517,6632,138,T,0.9435,65.3,42.0
2536,9,16,17.8383,6638,143,A,-0.9727,-67.2,-131.1
2537,3,12,21.8186,6644,148,T,0.2254,9.5,-142.2
2537,9,5,18.1497,6650,153,A,-0.2368,-6.7,-89.6
2538,3,2,13.6861,6656,158,T,-0.4629,-33.6,-6.5
2538,8,25,21.1372,6662,163,A,0.5217,40.7,-119.1
2539,2,20,1.8014,6668,168,P,-1.2050,-71.3,-71.7
2539,7,16,23.4636,6673,135,P,-1.3148,-68.3,-176.3
2539,8,15,7.3503,6674,173,P,1.2408,70.8,-146.7
2540,1,10,12.0264,6679,140,P,1.0600,67.9,1.3
2540,7,5,16.5739,6685,145,T,-0.5722,-12.4,-60.6
2540,12,29,11.2664,6691,150,A,0.3765,-1.0,19.0
2541,6,25,8.5658,6697,155,T,0.1743,33.5,58.6
2541,12,18,15.8153,6703,160,A,-0.3319,-42.8,-54.7
2542,6,14,19.0525,6709,165,A,0.9815,74.8,113.4
2542,12,8,3.5836,6715,170,T,-0.9975,-64.7,-21.0
2543,5,5,6.4886,6720,137,P,-1.1140,-62.3,145.1
2543,10,29,9.6083,6726,142,T,0.9919,58.7,91.9
2544,4,23,8.0928,6732,147,A,-0.3575,-6.3,74.0
2544,10,17,22.6872,6738,152,H,0.3001,5.9,-149.2
2545,4,12,16.3294,6744,157,H,0.3942,29.4,-69.8
2545,10,7,5.0208,6750,162,A,-0.4523,-29.1,94.4
2546,4,2,6.6561,6756,167,P,1.0785,61.2,-11.0
2546,9,26,5.6078,6762,172,P,-1.1945,-61.0,8.5
2547,2,21,12.4917,6767,139,T,-0.9046,-61.1,59.6
2547,8,16,18.7767,6773,144,A,0.8841,63.0,-38.6
2548,2,10,22.7403,6779,149,A,-0.2262,-26.3,-144.9
2548,8,5,6.9433,6785,154,T,0.0862,21.4,86.6
2549,1,30,1.5808,6791,159,A,0.4815,9.4,156.1
2549,7,25,23.6239,6797,164,T,-0.6522,-19.5,-178.5
2550,1,19,0.6069,6803,169,P,1.1554,63.5,138.2
2550,6,16,7.7597,6808,136,P,1.1708,66.4,-118.1
2550,7,15,16.2494,6809,174,P,-1.4089,-64.0,-91.6
2550,12,9,13.2614,6814,141,P,-1.0815,-67.2,165.7
2551,6,5,16.1778,6820,146,A,0.4411,49.0,-56.1
2551,11,29,2.6386,6826,151,T,-0.3559,-42.3,142.3
2552,5,24,17.9025,6832,156,A,-0.3174,2.5,-80.5
2552,11,17,18.6458,6838,161,T,0.3269,-0.3,-93.9
2553,5,13,18.8558,6844,166,P,-1.0504,-69.5,-70.8
2553,11,7,8.5894,6850,171,P,1.0577,70.2,89.7
2554,4,3,15.0142,6855,138,T,0.9713,71.5,-102.2
2554,9,28,0.8372,6861,143,P,-1.0357,-72.3,76.0
2555,3,24,6.2731,6867,148,T,0.2502,15.2,90.0
2555,9,17,0.9717,6873,153,A,-0.3061,-14.8,165.9
2556,3,12,22.1892,6879,158,T,-0.4447,-28.1,-134.7
2556,9,5,4.2239,6885,163,A,0.4511,32.2,132.5
2557,3,2,10.0969,6891,168,P,-1.1932,-71.8,150.5
2557,7,27,6.9022,6896,135,P,-1.3827,-69.3,60.9
2557,8,25,14.7775,6897,173,P,1.1703,71.4,89.1
2558,1,20,20.0647,6902,140,P,1.0693,69.0,-130.4
2558,7,17,0.0539,6908,145,T,-0.6466,-19.2,-175.0
2559,1,9,19.4081,6914,150,A,0.3841,0.6,-103.4
2559,7,6,15.8436,6920,155,T,0.0992,28.4,-48.9
2559,12,30,0.2886,6926,160,A,-0.3237,-42.2,-177.9
2560,6,25,1.9306,6932,165,A,0.9063,86.4,91.3
2560,12,18,12.2983,6938,170,T,-0.9868,-73.6,-153.6
2561,5,15,13.3378,6943,137,P,-1.1801,-63.1,33.6
2561,11,8,17.9278,6949,142,P,1.0221,62.5,-31.3
2562,5,4,15.3581,6955,147,A,-0.4133,-6.5,-34.5
2562,10,29,6.5778,6961,152,A,0.3382,4.6,92.7
2563,4,24,0.1419,6967,157,T,0.3474,31.1,174.8
2563,10,18,12.3608,6973,162,A,-0.4042,-30.7,-14.2
2564,4,12,14.8617,6979,167,P,1.0412,61.5,-142.5
2564,10,6,12.6372,6985,172,P,-1.1361,-61.1,-105.2
2565,3,3,21.0275,6990,139,T,-0.9220,-58.7,-68.8
2565,8,27,1.8989,6996,144,A,0.9527,63.0,-129.3
2566,2,21,7.0289,7002,149,A,-0.2388,-22.9,91.8
2566,8,16,14.3736,7008,154,T,0.1581,21.8,-22.8
2567,2,10,9.5975,7014,159,A,0.4703,11.4,35.2
2567,8,6,7.1525,7020,164,T,-0.5802,-16.5,68.5
2568,1,30,8.6631,7026,169,P,1.1442,62.7,8.6
2568,6,26,14.9819,7031,136,P,1.2472,65.5,123.7
2568,7,25,23.6003,7032,174,P,-1.3408,-63.3,149.0
2568,12,19,21.7836,7037,141,P,-1.0877,-66.2,27.6
2569,6,15,23.0022,7043,146,A,0.5197,54.8,-153.7
2569,12,9,11.3089,7049,151,T,-0.3687,-44.7,15.8
2570,6,5,0.5381,7055,156,A,-0.2395,8.7,179.4
2570,11,29,3.2289,7061,161,T,0.3100,-3.4,137.1
2571,5,25,1.7833,7067,166,A,-0.9794,-57.9,169.4
2571,11,18,16.8206,7073,171,P,1.0379,69.2,-45.7
2572,4,13,23.0356,7078,138,P,1.0068,71.5,81.8
2572,10,8,7.9722,7084,143,P,-1.0915,-72.0,-44.8
2573,4,3,14.6044,7090,148,T,0.2815,21.4,-35.9
2573,9,27,7.9306,7096,153,A,-0.3690,-22.7,59.4
2574,3,24,6.5725,7102,158,T,-0.4208,-22.3,98.3
2574,9,16,11.4169,7108,163,A,0.3848,24.0,22.4
2575,3,13,18.2889,7114,168,P,-1.1771,-72.1,13.8
2575,8,7,14.3606,7119,135,P,-1.4499,-70.1,-62.9
2575,9,5,22.2947,7120,173,P,1.1036,71.9,-37.0
2576,2,1,4.0831,7125,140,P,1.0793,70.0,97.6
2576,7,27,7.5419,7131,145,T,-0.7203,-26.9,69.5
2577,1,20,3.5833,7137,150,A,0.3901,2.8,133.7
2577,7,16,23.0897,7143,155,T,0.0230,22.5,-156.8
2578,1,9,8.8167,7149,160,A,-0.3176,-40.7,57.7
2578,7,6,8.7456,7155,165,A,0.8285,78.8,61.1
2578,12,29,21.0678,7161,170,T,-0.9781,-77.9,61.6
2579,5,26,20.0744,7166,137,P,-1.2516,-63.9,-76.4
2579,11,20,2.3617,7172,142,P,1.0466,63.3,-166.5
2580,5,14,22.5367,7178,147,A,-0.4743,-7.9,-141.9
2580,11,8,14.5719,7184,152,A,0.3704,3.4,-27.1
2581,5,4,7.8639,7190,157,T,0.2951,32.0,61.3
2581,10,28,19.8231,7196,162,A,-0.3627,-32.6,-124.3
2582,4,23,22.9322,7202,167,T,0.9969,62.8,91.1
2582,10,17,19.8197,7208,172,P,-1.0846,-61.4,138.8
2583,3,15,5.4311,7213,139,T,-0.9456,-57.4,166.2
2583,9,7,9.1503,7219,144,P,1.0160,61.3,150.8
2584,3,3,15.1753,7225,149,A,-0.2580,-19.6,-29.8
2584,8,26,21.9050,7231,154,T,0.2258,21.4,-134.0
2585,2,20,17.5322,7237,159,A,0.4550,13.8,-84.3
2585,8,16,14.7092,7243,164,T,-0.5094,-14.7,-44.5
2586,2,9,16.7100,7249,169,P,1.1318,62.0,-120.6
2586,7,7,22.1186,7254,136,P,1.3270,64.5,7.2
2586,8,6,6.9300,7255,174,P,-1.2718,-62.6,30.2
2586,12,31,6.3906,7260,141,P,-1.0903,-65.1,-111.3
2587,6,27,5.7161,7266,146,A,0.6029,59.9,113.1
2587,12,20,20.0803,7272,151,T,-0.3767,-45.6,-111.5
2588,6,15,7.1056,7278,156,A,-0.1582,14.3,81.1
2588,12,9,11.8911,7284,161,T,0.2973,-5.6,7.2
2589,6,4,8.6731,7290,166,A,-0.9054,-42.8,58.6
2589,11,29,1.1361,7296,171,P,1.0227,68.2,178.3
2590,4,25,6.9628,7301,138,P,1.0476,70.9,-50.1
2590,10,19,15.2217,7307,143,P,-1.1411,-71.5,-167.0
2591,4,14,22.8186,7313,148,T,0.3189,27.7,-160.0
2591,10,8,15.0469,7319,153,A,-0.4245,-30.2,-49.1
2592,4,3,14.8089,7325,158,T,-0.3902,-16.3,-26.7
2592,9,26,18.7836,7331,163,A,0.3261,16.4,-90.2
2593,3,24,2.3308,7337,168,P,-1.1544,-72.1,-120.7
2593,8,17,21.8844,7342,135,P,-1.5141,-70.8,171.9
2593,9,16,5.9272,7343,173,P,1.0418,72.2,-165.1
2594,2,11,12.0381,7348,140,P,1.0921,70.9,-34.1
2594,8,7,15.0450,7354,145,T,-0.7928,-35.6,-47.4
2595,1,31,11.7342,7360,150,A,0.3981,5.9,10.9
2595,7,28,6.3050,7366,155,T,-0.0539,15.8,94.8
2596,1,20,17.3669,7372,160,A,-0.3119,-38.3,-67.6
2596,7,16,15.5136,7378,165,A,0.7487,69.4,-32.6
2597,1,9,5.8761,7384,170,T,-0.9713,-80.8,-94.3
2597,6,6,2.7186,7389,137,P,-1.3272,-64.8,174.7
2597,7,5,17.8878,7390,175,P,1.5370,67.4,99.2
2597,11,30,10.9022,7395,142,P,1.0654,64.1,56.4
2598,5,26,5.6025,7401,147,A,-0.5415,-10.6,112.1
2598,11,19,22.6842,7407,152,A,0.3959,2.6,-148.8
2599,5,15,15.4789,7413,157,T,0.2370,32.0,-50.2
2599,11,9,3.4183,7419,162,A,-0.3282,-34.5,123.9
2600,5,5,6.8983,7425,167,T,0.9474,68.5,2.2
2600,10,29,3.1594,7431,172,P,-1.0403,-61.8,20.3
2601,3,26,13.7319,7436,139,T,-0.9740,-58.0,45.6
2601,9,18,16.5106,7442,144,P,1.0746,61.1,32.1
2602,3,15,23.2236,7448,149,A,-0.2814,-16.4,-150.0
2602,9,8,5.5256,7454,154,T,0.2895,20.6,113.3
2603,3,5,1.3544,7460,159,A,0.4345,16.3,158.1
2603,8,28,22.3406,7466,164,T,-0.4425,-13.9,-158.4
2604,2,22,0.6764,7472,169,P,1.1150,61.5,111.5
2604,7,19,5.2419,7477,136,P,1.4062,63.7,-108.8
2604,8,17,14.3106,7478,174,P,-1.2058,-62.0,-89.1
2605,1,11,15.0183,7483,141,P,-1.0928,-64.2,110.0
2605,7,8,12.3892,7489,146,A,0.6873,64.0,24.0
2606,1,1,4.8989,7495,151,T,-0.3828,-45.3,120.5
2606,6,27,13.5775,7501,156,A,-0.0720,19.3,-15.0
2606,12,21,20.6322,7507,161,T,0.2888,-6.7,-123.7
2607,6,16,15.4764,7513,166,A,-0.8258,-32.6,-47.0
2607,12,11,9.5444,7519,171,P,1.0127,67.1,41.5
2608,5,6,14.7589,7524,138,P,1.0954,70.1,-179.4
2608,6,4,23.9264,7525,176,P,-1.5249,-67.5,-168.1
2608,10,30,22.6236,7530,143,P,-1.1828,-70.8,69.0
2609,4,26,6.9072,7536,148,T,0.3627,34.2,78.2
2609,10,19,22.3014,7542,153,A,-0.4734,-37.4,-159.2
2610,4,15,22.9189,7548,158,T,-0.3537,-10.2,-150.0
2610,10,9,2.2908,7554,163,A,0.2737,9.2,155.4
2611,4,5,10.2181,7560,168,P,-1.1251,-71.9,107.3
2611,9,28,13.6903,7566,173,T,0.9859,69.6,39.6
2612,2,23,19.9306,7571,140,P,1.1076,71.6,-165.6
2612,8,18,22.5908,7577,145,T,-0.8629,-45.2,-166.8
2613,2,11,19.8622,7583,150,A,0.4076,9.6,-111.8
2613,8,8,13.5347,7589,155,T,-0.1292,8.7,-14.5
2614,2,1,1.9211,7595,160,A,-0.3058,-35.0,166.3
2614,7,28,22.2469,7601,165,A,0.6680,60.2,-132.0
2615,1,21,14.7006,7607,170,T,-0.9651,-81.6,99.5
2615,6,18,9.2989,7612,137,P,-1.4053,-65.7,66.4
2615,7,18,0.3328,7613,175,P,1.4533,68.4,-8.1
2615,12,12,19.5150,7618,142,P,1.0802,65.1,-82.1
2616,6,6,12.6217,7624,147,A,-0.6115,-14.5,6.3
2616,12,1,6.8886,7630,152,A,0.4156,2.1,88.0
2617,5,26,23.0178,7636,157,T,0.1741,31.0,-160.5
2617,11,20,11.1203,7642,162,A,-0.2995,-36.2,11.0
2618,5,16,14.7464,7648,167,T,0.8919,70.9,-97.2
2618,11,9,10.6589,7654,172,A,-1.0033,-62.4,-100.7
2619,4,6,21.8506,7659,139,P,-1.0108,-61.2,-60.7
2619,9,30,0.0411,7665,144,P,1.1256,61.2,-89.2
2620,3,26,7.1031,7671,149,A,-0.3125,-13.7,92.2
2620,9,18,13.2631,7677,154,T,0.3476,19.4,-1.6
2621,3,15,9.0522,7683,159,A,0.4080,18.9,42.7
2621,9,8,6.0386,7689,164,T,-0.3793,-14.1,86.8
2622,3,4,8.5786,7695,169,P,1.0946,61.2,-15.3
2622,7,30,12.3025,7700,136,P,1.4872,63.0,136.4
2622,8,28,21.6997,7701,174,P,-1.1408,-61.6,151.5
2623,1,22,23.6900,7706,141,P,-1.0937,-63.3,-29.1
2623,7,19,19.0017,7712,146,A,0.7738,66.8,-60.2
2624,1,12,13.7525,7718,151,T,-0.3874,-43.8,-8.4
2624,7,7,20.0361,7724,156,A,0.0150,23.4,-110.2
2625,1,1,5.4242,7730,161,T,0.2829,-6.8,104.8
2625,6,26,22.2622,7736,166,A,-0.7444,-24.6,-150.9
2625,12,21,18.0033,7742,171,P,1.0058,66.1,-95.5
2626,5,17,22.4778,7747,138,P,1.1476,69.1,53.1
2626,6,16,7.2239,7748,176,P,-1.4523,-66.5,72.1
2626,11,11,6.1458,7753,143,P,-1.2180,-70.0,-56.1
2627,5,7,14.8678,7759,148,T,0.4129,40.8,-41.0
2627,10,31,5.7308,7765,153,A,-0.5140,-44.0,89.1
2628,4,26,6.8825,7771,158,T,-0.3105,-4.0,89.1
2628,10,19,9.9567,7777,163,A,0.2284,2.7,39.0
2629,4,15,17.9439,7783,168,P,-1.0887,-71.5,-22.1
2629,10,8,21.5914,7789,173,T,0.9363,59.0,-106.3
2630,3,6,3.7025,7794,140,P,1.1288,72.1,64.3
2630,8,30,6.1811,7800,145,T,-0.9302,-56.1,68.9
2631,2,23,3.9197,7806,150,A,0.4211,14.0,126.3
2631,8,19,20.7842,7812,155,T,-0.2025,1.2,-124.7
2632,2,12,10.4269,7818,160,A,-0.2969,-30.9,40.1
2632,8,8,4.9908,7824,165,A,0.5886,51.2,126.5
2633,1,31,23.5236,7830,170,T,-0.9592,-79.9,-64.6
2633,6,28,15.8114,7835,137,P,-1.4864,-66.7,-41.2
2633,7,28,6.7539,7836,175,P,1.3679,69.4,-115.6
2633,12,23,4.2042,7841,142,P,1.0909,66.1,137.9
2634,6,17,19.5728,7847,147,A,-0.6854,-19.8,-99.1
2634,12,12,15.1869,7853,152,A,0.4303,2.2,-36.7
2635,6,7,6.4728,7859,157,T,0.1063,28.8,90.3
2635,12,1,18.9486,7865,162,A,-0.2774,-37.4,-103.5
2636,5,26,22.5147,7871,167,T,0.8322,71.8,165.5
2636,11,19,18.2831,7877,172,A,-0.9719,-70.9,163.3
2637,4,17,5.8592,7882,139,P,-1.0525,-61.6,170.8
2637,10,10,7.7031,7888,144,P,1.1709,61.4,147.6
2638,4,6,14.8381,7894,149,A,-0.3500,-11.6,-23.4
2638,9,29,21.1103,7900,154,T,0.4007,18.1,-118.4
2639,3,26,16.6108,7906,159,A,0.3749,21.4,-70.2
2639,9,19,13.8400,7912,164,T,-0.3212,-15.0,-29.4
2640,3,14,16.3525,7918,169,P,1.0672,61.0,-140.1
2640,9,8,5.1800,7924,174,P,-1.0807,-61.3,30.9
2641,2,2,8.3344,7929,141,P,-1.0971,-62.6,-167.5
2641,7,30,1.5989,7935,146,A,0.8602,68.1,-140.0
2642,1,22,22.6092,7941,151,T,-0.3923,-41.4,-138.1
2642,7,19,2.4650,7947,156,A,0.1040,26.6,155.8
2643,1,12,14.2350,7953,161,T,0.2784,-6.0,-27.0
2643,7,8,5.0158,7959,166,A,-0.6602,-18.2,106.7
2644,1,2,2.5186,7965,171,A,1.0021,65.0,127.1
2644,5,28,6.0994,7970,138,P,1.2051,68.2,-72.3
2644,6,26,14.4836,7971,176,P,-1.3767,-65.5,-46.7
2644,11,21,13.7914,7976,143,P,-1.2468,-69.0,177.5
2645,5,17,22.7217,7982,148,T,0.4686,47.4,-157.7
2645,11,10,13.3100,7988,153,A,-0.5477,-49.9,-23.6
2646,5,7,14.6961,7994,158,T,-0.2602,2.1,-29.4
2646,10,30,17.7831,8000,163,A,0.1902,-3.2,-79.4
2647,4,27,1.5136,8006,168,P,-1.0450,-70.8,-148.5
2647,10,20,5.6342,8012,173,T,0.8932,50.5,122.8
2648,3,16,11.3650,8017,140,P,1.1552,72.3,-64.5
2648,9,9,13.8564,8023,145,T,-0.9929,-70.1,-79.1
2649,3,5,11.9225,8029,150,A,0.4378,19.0,5.2
2649,8,30,4.0653,8035,155,T,-0.2732,-6.5,124.2
2650,2,22,18.8997,8041,160,A,-0.2856,-26.2,-86.4
2650,8,19,11.7564,8047,165,A,0.5110,42.4,23.7
2651,2,12,8.2911,8053,170,T,-0.9502,-76.6,139.9
2651,8,8,13.2242,8059,175,P,1.2844,70.3,135.6
2652,1,3,12.9283,8064,142,P,1.0995,67.2,-3.1
2652,6,28,2.5200,8070,147,A,-0.7603,-26.5,154.7
2652,12,22,23.5214,8076,152,A,0.4424,2.8,-162.0
2653,6,17,13.8847,8082,157,T,0.0356,25.5,-18.8
2653,12,12,2.8592,8088,162,A,-0.2599,-38.0,141.1
2654,6,7,6.1639,8094,167,T,0.7665,70.6,70.1
2654,12,1,2.0581,8100,172,A,-0.9477,-75.8,53.4
2655,4,28,13.6822,8105,139,P,-1.1024,-62.0,45.1
2655,5,27,22.8639,8106,177,P,1.5050,64.1,62.4
2655,10,21,15.5369,8111,144,P,1.2084,61.7,21.7
2656,4,16,22.3867,8117,149,A,-0.3957,-10.5,-136.2
2656,10,10,5.1003,8123,154,T,0.4468,16.7,122.2
2657,4,6,0.0294,8129,159,A,0.3350,23.6,179.4
2657,9,29,21.7186,8135,164,T,-0.2675,-16.4,-146.6
2658,3,26,0.0397,8141,169,P,1.0350,61.0,96.4
2658,9,19,12.7144,8147,174,P,-1.0239,-61.1,-90.4
2659,2,13,16.9542,8152,141,P,-1.1020,-62.0,54.6
2659,8,10,8.1975,8158,146,A,0.9454,67.6,146.8
2660,2,3,7.4586,8164,151,T,-0.3977,-38.2,91.5
2660,7,29,8.9225,8170,156,A,0.1914,28.9,61.8
2661,1,22,23.0397,8176,161,T,0.2740,-4.4,-158.8
2661,7,18,11.8022,8182,166,A,-0.5766,-13.2,4.5
2662,1,12,11.0406,8188,171,A,0.9996,64.1,-10.0
2662,6,8,13.6453,8193,138,P,1.2666,67.2,163.9
2662,7,7,21.7231,8194,176,P,-1.2992,-64.6,-164.8
2662,12,2,21.5483,8199,143,P,-1.2698,-67.9,50.2
2663,5,29,6.4725,8205,148,T,0.5295,53.7,88.7
2663,11,21,21.0336,8211,153,A,-0.5747,-54.9,-136.6
2664,5,17,22.3803,8217,158,T,-0.2040,7.9,-145.4
2664,11,10,1.7694,8223,163,A,0.1591,-8.2,160.4
2665,5,7,8.9192,8229,168,A,-0.9943,-66.3,82.4
2665,10,30,13.8083,8235,173,T,0.8563,43.6,-6.1
2666,3,27,18.8853,8240,140,P,1.1881,72.2,168.8
2666,9,20,21.6189,8246,145,P,-1.0506,-72.2,136.0
2666,10,20,5.9411,8247,183,P,1.5196,71.3,154.0
2667,3,16,19.7944,8252,150,A,0.4613,24.6,-114.3
2667,9,10,11.4181,8258,155,H,-0.3393,-14.2,11.7
2668,3,5,3.2856,8264,160,H,-0.2697,-21.0,147.7
2668,8,29,18.5633,8270,165,A,0.4360,33.7,-80.2
2669,2,22,17.0106,8276,170,T,-0.9390,-72.2,-7.0
2669,8,18,19.7281,8282,175,P,1.2020,71.1,25.7
2670,1,13,21.6856,8287,142,P,1.1061,68.3,-145.2
2670,7,9,9.4219,8293,147,A,-0.8379,-35.0,48.0
2671,1,3,7.9169,8299,152,A,0.4505,4.0,71.7
2671,6,28,21.2583,8305,157,T,-0.0374,21.1,-128.0
2671,12,23,10.8422,8311,162,A,-0.2466,-37.8,24.7
2672,6,17,13.7711,8317,167,T,0.6987,67.3,-28.6
2672,12,11,9.9392,8323,172,A,-0.9286,-80.5,-59.4
2673,5,8,21.3897,8328,139,P,-1.1574,-62.7,-79.1
2673,6,7,6.4294,8329,177,P,1.4460,64.9,-60.3
2673,10,31,23.4986,8334,144,P,1.2404,62.2,-106.2
2674,4,28,5.7964,8340,149,A,-0.4477,-10.2,113.0
2674,10,21,13.2181,8346,154,T,0.4869,15.4,0.5
2675,4,17,7.2800,8352,159,A,0.2868,25.3,72.2
2675,10,11,5.7297,8358,164,T,-0.2206,-18.3,94.2
2676,4,5,7.5908,8364,169,A,0.9952,61.9,-17.3
2676,9,29,20.3478,8370,174,T,-0.9725,-60.1,173.0
2677,2,24,1.4986,8375,141,P,-1.1113,-61.6,-81.9
2677,8,20,14.8383,8381,146,P,1.0277,61.7,81.5
2678,2,13,16.2497,8387,151,T,-0.4062,-34.8,-38.7
2678,8,9,15.3989,8393,156,A,0.2782,30.4,-32.2
2679,2,3,7.8167,8399,161,T,0.2685,-2.1,69.7
2679,7,29,18.6183,8405,166,A,-0.4933,-9.5,-97.5
2680,1,23,19.5489,8411,171,A,0.9970,62.1,-144.2
2680,6,18,21.1356,8416,138,P,1.3315,66.2,41.5
2680,7,18,4.9781,8417,176,P,-1.2212,-63.7,77.3
2680,12,13,5.4175,8422,143,P,-1.2874,-66.8,-78.3
2681,6,8,14.1253,8428,148,T,0.5953,59.7,-21.1
2681,12,2,4.8986,8434,153,A,-0.5952,-58.6,110.4
2682,5,29,5.9369,8440,158,T,-0.1419,13.5,100.9
2682,11,21,9.9086,8446,163,A,0.1351,-12.2,38.4
2683,5,18,16.1689,8452,168,A,-0.9366,-49.7,-42.7
2683,11,10,22.1319,8458,173,T,0.8266,37.9,-135.4
2684,4,7,2.2881,8463,140,P,1.2265,71.9,44.0
2684,10,1,5.4675,8469,145,P,-1.1036,-72.1,4.5
2684,10,30,14.1894,8470,183,P,1.4864,70.6,17.5
2685,3,27,3.5858,8475,150,A,0.4895,30.7,127.5
2685,9,20,18.8367,8481,155,H,-0.4011,-22.0,-101.7
2686,3,16,11.5828,8487,160,H,-0.2486,-15.4,22.6
2686,9,10,1.4328,8493,165,A,0.3646,25.3,174.7
2687,3,6,1.6369,8499,170,T,-0.9230,-66.9,-148.6
2687,8,30,2.3294,8505,175,P,1.1238,71.7,-86.2
2688,1,25,6.4050,8510,142,P,1.1141,69.3,72.8
2688,7,19,16.3753,8516,147,A,-0.9136,-45.6,-61.4
2689,1,13,16.3114,8522,152,A,0.4578,5.9,-54.7
2689,7,9,4.6086,8528,157,T,-0.1123,15.8,122.4
2690,1,2,18.8736,8534,162,A,-0.2360,-36.6,-92.6
2690,6,28,21.3019,8540,167,T,0.6272,62.2,-131.3
2690,12,22,17.9250,8546,172,A,-0.9140,-85.1,-166.7
2691,5,20,4.9192,8551,139,P,-1.2203,-63.4,159.1
2691,6,18,13.8756,8552,177,P,1.3818,65.9,178.4
2691,11,12,7.6372,8557,144,P,1.2646,62.8,123.2
2691,12,11,21.0981,8558,182,P,-1.5501,-65.1,76.1
2692,5,8,13.0342,8563,149,A,-0.5074,-11.2,4.8
2692,10,31,21.4611,8569,154,T,0.5212,14.4,-123.3
2693,4,27,14.3958,8575,159,A,0.2320,26.4,-32.5
2693,10,21,13.8433,8581,164,T,-0.1793,-20.3,-26.3
2694,4,16,15.0194,8587,169,A,0.9489,63.2,-105.8
2694,10,11,4.0722,8593,174,H,-0.9263,-59.5,67.4
2695,3,7,9.9822,8598,141,P,-1.1242,-61.3,142.5
2695,8,31,21.5339,8604,146,P,1.1064,61.3,-27.3
2696,2,25,0.9800,8610,151,T,-0.4179,-31.1,-168.7
2696,8,19,21.9656,8616,156,A,0.3608,31.1,-127.6
2697,2,13,16.5511,8622,161,T,0.2612,0.7,-61.3
2697,8,9,1.4894,8628,166,A,-0.4116,-6.9,160.1
2698,2,3,4.0219,8634,171,A,0.9933,59.1,85.7
2698,6,30,4.5953,8639,138,P,1.3983,65.3,-80.1
2698,7,29,12.2653,8640,176,P,-1.1437,-63.0,-40.9
2698,12,24,13.3522,8645,143,P,-1.3014,-65.8,152.7
2699,6,19,21.7089,8651,148,T,0.6645,64.9,-126.6
2699,12,13,12.8806,8657,153,A,-0.6106,-60.9,-2.3
2700,6,9,13.3889,8663,158,T,-0.0753,18.7,-10.5
2700,12,2,18.1603,8669,163,A,0.1159,-15.3,-84.8
2701,5,29,23.2794,8675,168,A,-0.8726,-39.4,-155.4
2701,11,22,6.5786,8681,173,T,0.8026,33.3,94.4
2702,4,19,9.5094,8686,140,P,1.2736,71.4,-77.6
2702,10,13,13.4311,8692,145,P,-1.1504,-71.8,-128.5
2702,11,11,22.5750,8693,183,P,1.4601,69.8,-120.6
2703,4,8,11.2331,8698,150,A,0.5256,37.2,11.4
2703,10,3,2.3569,8704,155,H,-0.4570,-29.6,143.4
2704,3,27,19.7656,8710,160,H,-0.2211,-9.5,-101.1
2704,9,21,8.3978,8716,165,A,0.2985,17.3,68.2
2705,3,17,10.1825,8722,170,T,-0.9031,-61.0,74.0
2705,9,10,8.9983,8728,175,P,1.0484,72.2,160.4
2706,2,5,15.1203,8733,142,P,1.1218,70.3,-69.9
2706,7,31,23.3439,8739,147,A,-0.9889,-63.0,-178.8
2707,1,26,0.7014,8745,152,A,0.4646,8.5,178.7
2707,7,21,11.9694,8751,157,T,-0.1871,9.8,11.7
2708,1,15,2.9381,8757,162,A,-0.2277,-34.6,149.2
2708,7,10,4.8211,8763,167,T,0.5551,56.1,121.9
2709,1,3,1.9639,8769,172,A,-0.9017,-87.5,147.9
2709,5,31,12.3547,8774,139,P,-1.2869,-64.2,38.6
2709,6,29,21.2731,8775,177,P,1.3157,66.8,57.5
2709,11,23,15.8947,8780,144,P,1.2837,63.6,-9.5
2709,12,23,5.4292,8781,182,P,-1.5350,-66.1,-58.5
2710,5,20,20.1175,8786,149,A,-0.5738,-13.6,-101.3
2710,11,13,5.8383,8792,154,T,0.5489,13.6,110.5
2711,5,9,21.3614,8798,159,A,0.1701,26.5,-134.7
2711,11,2,22.0839,8804,164,T,-0.1448,-22.3,-148.6
2712,4,27,22.3189,8810,169,A,0.8956,64.2,156.8
2712,10,22,11.9211,8816,174,H,-0.8873,-60.7,-45.3
2713,3,18,18.3589,8821,141,P,-1.1428,-61.2,8.6
2713,9,12,4.3033,8827,146,P,1.1807,61.1,-137.1
2714,3,8,9.6203,8833,151,T,-0.4342,-27.6,62.3
2714,9,1,4.6139,8839,156,A,0.4397,31.3,135.5
2715,2,26,1.1886,8845,161,T,0.2495,3.7,169.2
2715,8,21,8.4481,8851,166,A,-0.3333,-5.4,56.7
2716,2,15,12.4406,8857,171,A,0.9874,57.4,-43.8
2716,7,11,12.0286,8862,138,P,1.4666,64.4,159.1
2716,8,9,19.5917,8863,176,P,-1.0674,-62.3,-159.5
2717,1,4,21.3481,8868,143,P,-1.3123,-64.7,23.3
2717,7,1,5.2250,8874,148,T,0.7368,69.2,133.9
2717,12,24,20.9683,8880,153,A,-0.6210,-61.5,-115.6
2718,6,20,20.7208,8886,158,T,-0.0034,23.3,-119.4
2718,12,14,2.5461,8892,163,A,0.1027,-17.3,150.5
2719,6,10,6.2694,8898,168,A,-0.8032,-30.8,96.0
2719,12,3,15.1333,8904,173,T,0.7837,29.9,-36.8
2720,4,29,16.6214,8909,140,P,1.3257,70.7,163.1
2720,10,23,21.5036,8915,145,P,-1.1917,-71.2,97.2
2720,11,22,7.0631,8916,183,P,1.4388,68.9,100.5
2721,4,18,18.7906,8921,150,A,0.5665,44.1,-103.1
2721,10,13,9.9606,8927,155,A,-0.5077,-37.0,27.6
2722,4,8,3.8508,8933,160,T,-0.1881,-3.5,136.6
2722,10,2,15.4683,8939,165,A,0.2384,9.7,-39.7
2723,3,28,18.5950,8945,170,T,-0.8766,-54.6,-59.8
2723,9,21,15.8153,8951,175,A,0.9799,70.0,12.0
2724,2,16,23.7569,8956,142,P,1.1327,71.1,148.0
2724,8,11,6.3906,8962,147,P,-1.0610,-70.5,56.2
2725,2,5,9.0336,8968,152,A,0.4734,11.8,52.9
2725,7,31,19.3536,8974,157,T,-0.2611,3.1,-100.0
2726,1,25,10.9900,8980,162,A,-0.2189,-31.7,30.7
2726,7,21,12.2967,8986,167,T,0.4807,49.1,12.9
2727,1,14,10.0642,8992,172,A,-0.8920,-83.8,75.5
2727,6,11,19.6503,8997,139,P,-1.3590,-65.2,-80.2
2727,7,11,4.6014,8998,177,P,1.2468,67.8,-62.7
2727,12,5,0.2892,9003,144,P,1.2968,64.4,-144.5
2728,1,3,13.8422,9004,182,P,-1.5233,-67.2,165.2
2728,5,31,3.0650,9009,149,A,-0.6458,-17.4,154.2
2728,11,23,14.3461,9015,154,T,0.5701,13.1,-17.8
2729,5,20,4.1975,9021,159,A,0.1017,25.6,125.3
2729,11,13,6.4361,9027,164,T,-0.1162,-24.1,87.7
2730,5,9,5.5144,9033,169,A,0.8363,65.0,60.6
2730,11,2,19.8825,9039,174,A,-0.8541,-62.8,-160.6
2731,3,30,2.6372,9044,141,P,-1.1669,-61.2,-123.8
2731,4,28,13.1903,9045,179,P,1.5160,62.1,-125.4
2731,9,23,11.1794,9050,146,P,1.2491,61.0,111.6
2732,3,18,18.1764,9056,151,T,-0.4552,-24.4,-65.8
2732,9,11,11.3650,9062,156,A,0.5138,31.1,36.6
2733,3,8,9.7472,9068,161,T,0.2343,7.0,40.8
2733,8,31,15.5047,9074,166,A,-0.2587,-4.9,-48.1
2734,2,25,20.7572,9080,171,A,0.9774,56.2,-170.5
2734,8,21,2.9869,9086,176,T,-0.9937,-59.4,89.8
2735,1,16,5.3600,9091,143,P,-1.3223,-63.8,-106.0
2735,7,12,12.7197,9097,148,T,0.8101,71.7,40.5
2736,1,5,5.1033,9103,153,A,-0.6300,-60.6,130.0
2736,7,1,3.9958,9109,158,T,0.0707,27.1,133.3
2736,12,24,11.0158,9115,163,A,0.0927,-18.2,24.7
2737,6,20,13.1333,9121,168,A,-0.7282,-23.4,-9.4
2737,12,13,23.7953,9127,173,T,0.7697,27.4,-169.3
2738,5,10,23.5753,9132,140,P,1.3856,69.8,46.7
2738,6,9,15.3839,9133,178,P,-1.5105,-67.1,-41.3
2738,11,4,5.7075,9138,145,P,-1.2259,-70.5,-38.5
2738,12,3,15.6703,9139,183,P,1.4237,67.9,-39.6
2739,4,30,2.1989,9144,150,A,0.6157,51.4,145.0
2739,10,24,17.6964,9150,155,A,-0.5510,-43.9,-89.4
2740,4,18,11.8231,9156,160,T,-0.1487,2.7,15.9
2740,10,12,22.6400,9162,165,A,0.1837,2.5,-148.8
2741,4,8,2.9139,9168,170,T,-0.8453,-47.9,169.2
2741,10,1,22.7450,9174,175,A,0.9163,58.5,-120.9
2742,2,27,8.3244,9179,142,P,1.1468,71.7,6.3
2742,8,22,13.4986,9185,147,P,-1.1308,-71.2,-63.0
2743,2,16,17.3147,9191,152,A,0.4842,15.8,-72.4
2743,8,12,2.7944,9197,157,T,-0.3329,-4.0,146.9
2744,2,5,19.0083,9203,162,A,-0.2086,-28.0,-88.1
2744,7,31,19.8069,9209,167,T,0.4082,41.8,-98.6
2745,1,24,18.1772,9215,172,A,-0.8825,-78.8,-40.0
2745,6,22,2.8583,9220,139,P,-1.4345,-66.1,162.0
2745,7,21,11.8961,9221,177,P,1.1767,68.8,177.0
2745,12,15,8.7856,9226,144,P,1.3057,65.4,78.7
2746,1,13,22.3031,9227,182,P,-1.5133,-68.3,27.6
2746,6,11,9.8956,9232,149,A,-0.7226,-22.8,50.8
2746,12,4,22.9608,9238,154,T,0.5864,13.0,-147.9
2747,5,31,10.9100,9244,159,A,0.0271,23.5,27.0
2747,11,24,14.9081,9250,164,T,-0.0940,-25.7,-37.6
2748,5,19,12.6067,9256,169,A,0.7709,65.1,-33.2
2748,11,13,3.9436,9262,174,A,-0.8266,-65.5,83.1
2749,4,9,10.7964,9267,141,P,-1.1976,-61.5,105.6
2749,5,8,20.8286,9268,179,P,1.4607,62.7,111.5
2749,10,3,18.1644,9273,146,P,1.3115,61.1,-1.4
2750,3,30,2.5903,9279,151,T,-0.4832,-21.8,168.1
2750,9,22,18.2458,9285,156,A,0.5817,30.9,-64.7
2751,3,19,18.1764,9291,161,T,0.2131,10.2,-85.4
2751,9,11,22.6847,9297,166,A,-0.1895,-5.2,-154.6
2752,3,8,4.9650,9303,171,A,0.9627,55.6,65.5
2752,8,31,10.4717,9309,176,T,-0.9236,-49.4,-6.1
2753,1,26,13.3942,9314,143,P,-1.3311,-63.0,124.7
2753,7,22,20.1672,9320,148,T,0.8853,72.2,-46.7
2754,1,15,13.3122,9326,153,A,-0.6358,-58.3,13.1
2754,7,12,11.1989,9332,158,T,0.1479,30.2,27.8
2755,1,4,19.5631,9338,163,A,0.0860,-17.9,-102.2
2755,7,1,19.9267,9344,168,A,-0.6502,-17.2,-112.6
2755,12,25,8.5386,9350,173,T,0.7595,26.0,57.3
2756,5,21,6.4472,9355,140,P,1.4490,68.8,-67.7
2756,6,19,21.9519,9356,178,P,-1.4326,-66.1,-149.9
2756,11,14,13.9975,9361,145,P,-1.2556,-69.6,-174.9
2756,12,14,0.3414,9362,183,P,1.4120,66.8,179.8
2757,5,10,9.5364,9367,150,A,0.6690,58.9,35.1
2757,11,4,1.5306,9373,155,A,-0.5886,-50.4,153.2
2758,4,29,19.6753,9379,160,T,-0.1026,8.9,-102.7
2758,10,24,5.9494,9385,165,A,0.1364,-4.0,100.4
2759,4,19,11.0972,9391,170,T,-0.8071,-41.0,41.2
2759,10,13,5.8378,9397,175,A,0.8601,49.0,122.5
2760,3,9,16.7650,9402,142,P,1.1667,72.1,-133.9
2760,4,8,3.3686,9403,180,P,-1.5099,-71.7,-151.0
2760,9,1,20.7386,9408,147,P,-1.1947,-71.7,175.4
2760,10,1,8.6036,9409,185,P,1.5442,72.1,139.6
2761,2,27,1.4942,9414,152,A,0.4993,20.4,163.7
2761,8,22,10.2861,9420,157,T,-0.4025,-11.5,32.4
2762,2,16,2.9714,9426,162,A,-0.1959,-23.6,153.3
2762,8,12,3.3281,9432,167,T,0.3366,34.2,148.5
2763,2,5,2.2797,9438,172,A,-0.8721,-73.6,-162.2
2763,7,3,9.9731,9443,139,P,-1.5132,-67.1,45.2
2763,8,1,19.1758,9444,177,P,1.1066,69.7,56.5
2763,12,26,17.3894,9449,144,P,1.3098,66.4,-60.1
2764,1,25,6.8036,9450,182,P,-1.5049,-69.3,-111.1
2764,6,21,16.6175,9455,149,A,-0.8039,-30.2,-51.7
2764,12,15,7.6672,9461,154,T,0.5984,13.3,80.4
2765,6,10,17.5331,9467,159,A,-0.0520,20.2,-70.4
2765,12,4,23.4794,9473,164,T,-0.0771,-26.7,-164.2
2766,5,30,19.6006,9479,169,A,0.6996,63.8,-125.4
2766,11,24,12.1186,9485,174,A,-0.8054,-68.4,-33.6
2767,4,20,18.8556,9490,141,P,-1.2335,-61.8,-23.6
2767,5,20,4.3886,9491,179,P,1.4007,63.4,-10.7
2767,10,15,1.2728,9496,146,P,1.3673,61.4,-116.2
2768,4,9,10.9075,9502,151,T,-0.5162,-19.9,43.4
2768,10,3,1.2744,9508,156,A,0.6427,30.7,-168.8
2769,3,30,2.4922,9514,161,T,0.1866,13.2,150.3
2769,9,22,5.9897,9520,166,A,-0.1254,-6.1,96.9
2770,3,19,13.0422,9526,171,A,0.9422,55.6,-55.5
2770,9,11,18.0694,9532,176,T,-0.8583,-45.8,-115.7
2771,2,6,21.3700,9537,143,P,-1.3429,-62.3,-3.5
2771,8,3,3.6428,9543,148,T,0.9590,69.6,-129.5
2772,1,26,21.5217,9549,153,A,-0.6426,-55.2,-105.7
2772,7,22,18.3708,9555,158,T,0.2259,32.4,-76.7
2773,1,15,4.1425,9561,163,A,0.0801,-16.8,130.4
2773,7,12,2.6422,9567,168,A,-0.5687,-12.0,146.0
2774,1,4,17.3419,9573,173,T,0.7521,25.4,-76.9
2774,6,1,13.1694,9578,140,P,1.5196,67.8,-179.3
2774,7,1,4.4150,9579,178,P,-1.3490,-65.1,103.6
2774,11,25,22.4208,9584,145,P,-1.2785,-68.6,47.4
2774,12,25,9.1064,9585,183,P,1.4050,65.8,38.4
2775,5,21,16.7556,9590,150,A,0.7292,66.7,-71.6
2775,11,15,9.4839,9596,155,A,-0.6195,-56.1,35.8
2776,5,10,3.4306,9602,160,T,-0.0507,14.9,140.5
2776,11,3,13.3886,9608,165,A,0.0956,-9.9,-11.8
2777,4,29,19.1692,9614,170,T,-0.7632,-34.1,-84.2
2777,10,23,13.0719,9620,175,A,0.8102,40.9,7.9
2778,3,21,1.1103,9625,142,P,1.1908,72.3,87.0
2778,4,19,11.4981,9626,180,P,-1.4770,-71.2,74.0
2778,9,13,4.0842,9631,147,P,-1.2541,-72.0,51.8
2778,10,12,16.0575,9632,185,P,1.4902,71.8,14.2
2779,3,10,9.5603,9637,152,A,0.5193,25.7,41.3
2779,9,2,17.8736,9643,157,T,-0.4676,-19.2,-83.8
2780,2,27,10.8650,9649,162,A,-0.1801,-18.6,35.1
2780,8,22,10.8928,9655,167,T,0.2672,26.5,34.2
2781,2,15,10.3472,9661,172,A,-0.8595,-68.1,74.0
2781,8,12,2.4606,9667,177,P,1.0373,70.6,-64.8
2782,1,6,2.0381,9672,144,P,1.3126,67.5,159.9
2782,2,4,15.2786,9673,182,P,-1.4944,-70.2,109.9
2782,7,2,23.2550,9678,149,A,-0.8886,-40.2,-154.2
2782,12,26,16.4464,9684,154,T,0.6070,14.1,-52.4
2783,6,22,0.0886,9690,159,A,-0.1347,15.7,-167.4
2783,12,16,8.1189,9696,164,T,-0.0640,-27.0,68.3
2784,6,10,2.5378,9702,169,A,0.6245,60.9,141.7
2784,12,4,20.3883,9708,174,A,-0.7896,-71.2,-149.1
2785,5,1,2.7844,9713,141,P,-1.2764,-62.3,-151.0
2785,5,30,11.8431,9714,179,P,1.3346,64.2,-131.5
2785,10,25,8.5206,9719,146,P,1.4158,61.8,126.8
2785,11,24,1.7406,9720,184,P,-1.5497,-63.6,24.0
2786,4,20,19.0794,9725,151,T,-0.5565,-18.9,-79.1
2786,10,14,8.4683,9731,156,A,0.6961,30.8,84.0
2787,4,10,10.6492,9737,161,T,0.1525,15.7,28.7
2787,10,3,13.4581,9743,166,A,-0.0685,-7.5,-14.0
2788,3,29,20.9906,9749,171,A,0.9159,56.3,-173.5
2788,9,22,1.7642,9755,176,T,-0.7971,-44.4,131.7
2789,2,17,5.3217,9760,143,P,-1.3557,-61.7,-131.1
2789,8,13,11.1178,9766,148,P,1.0325,62.1,146.1
2789,9,11,18.3139,9767,186,P,-1.4846,-61.4,-165.2
2790,2,6,5.7375,9772,153,A,-0.6495,-51.5,133.7
2790,8,3,1.5158,9778,158,T,0.3044,33.9,179.4
2791,1,26,12.7544,9784,163,A,0.0751,-14.8,2.3
2791,7,23,9.3425,9790,168,A,-0.4869,-8.0,45.6
2792,1,16,2.1658,9796,173,T,0.7454,25.6,148.8
2792,7,11,10.8839,9802,178,P,-1.2650,-64.2,-2.8
2792,12,6,6.9269,9807,145,P,-1.2973,-67.6,-91.0
2793,1,4,17.9092,9808,183,P,1.4001,64.8,-103.1
2793,5,31,23.9083,9813,150,A,0.7933,74.7,-173.3
2793,11,25,17.5403,9819,155,A,-0.6447,-60.9,-80.9
2794,5,21,11.0883,9825,160,T,0.0070,20.7,25.6
2794,11,14,20.9650,9831,165,A,0.0620,-14.8,-125.4
2795,5,11,3.1128,9837,170,T,-0.7126,-27.2,153.0
2795,11,3,20.4844,9843,175,A,0.7683,34.2,-107.5
2796,3,31,9.3061,9848,142,P,1.2216,72.1,-49.7
2796,4,29,19.4828,9849,180,P,-1.4377,-70.5,-58.4
2796,9,23,11.5619,9854,147,P,-1.3078,-72.1,-74.0
2796,10,22,23.6689,9855,185,P,1.4426,71.3,-113.1
2797,3,20,17.4889,9860,152,A,0.5454,31.6,-79.2
2797,9,13,1.5517,9866,157,T,-0.5286,-26.9,158.4
2798,3,9,18.6317,9872,162,A,-0.1580,-13.1,-81.7
2798,9,2,18.5142,9878,167,T,0.2008,18.8,-81.4
2799,2,26,18.3542,9884,172,A,-0.8432,-62.3,-49.8
2799,8,23,9.7756,9890,177,T,0.9698,75.2,127.2
2800,1,17,10.7325,9895,144,P,1.3141,68.6,18.7
2800,2,15,23.7350,9896,182,P,-1.4823,-71.1,-29.5
2800,7,13,5.8428,9901,149,A,-0.9747,-56.1,101.0
2801,1,6,1.2917,9907,154,T,0.6127,15.5,173.7
2801,7,2,6.5739,9913,159,A,-0.2210,10.2,95.8
2801,12,26,16.8436,9919,164,T,-0.0555,-26.6,-60.4
2802,6,21,9.4250,9925,169,A,0.5461,56.5,46.9
2802,12,16,4.7403,9931,174,A,-0.7785,-73.1,97.6
2803,5,12,10.6222,9936,141,P,-1.3244,-63.0,82.7
2803,6,10,19.2531,9937,179,P,1.2654,65.1,108.1
2803,11,5,15.9094,9942,146,P,1.4572,62.3,7.6
2803,12,5,9.6094,9943,184,P,-1.5312,-64.5,-103.0
2804,5,1,3.1567,9948,151,T,-0.6018,-19.0,159.6
2804,10,24,15.8006,9954,156,A,0.7433,31.2,-26.0
2805,4,20,18.6858,9960,161,T,0.1129,17.7,-90.7
2805,10,13,21.0747,9966,166,A,-0.0181,-9.1,-127.2
2806,4,10,4.7586,9972,171,A,0.8815,57.3,72.8
2806,10,3,9.6033,9978,176,T,-0.7426,-44.5,16.3
2807,2,28,13.1689,9983,143,P,-1.3736,-61.4,102.9
2807,8,24,18.6578,9989,148,P,1.1023,61.7,24.5
2807,9,23,2.1361,9990,186,P,-1.4296,-61.3,69.2
2808,2,17,13.8936,9995,153,A,-0.6601,-47.8,12.9
2808,8,13,8.6819,10001,158,T,0.3810,34.5,75.3
2809,2,5,21.3494,10007,163,H,0.0684,-12.1,-125.8
2809,8,2,15.9953,10013,168,A,-0.4032,-4.9,-53.6
2810,1,26,11.0150,10019,173,T,0.7398,26.5,14.1
2810,7,22,17.3103,10025,178,P,-1.1780,-63.4,-108.1
2810,12,17,15.5292,10030,145,P,-1.3111,-66.5,129.7
2811,1,16,2.7447,10031,183,P,1.3971,63.9,115.2
2811,6,12,6.9794,10036,150,A,0.8623,82.8,102.4
2811,12,7,1.7053,10042,155,A,-0.6641,-64.3,163.6
2812,5,31,18.6661,10048,160,T,0.0694,26.2,-87.3
2812,11,25,4.6506,10054,165,A,0.0341,-18.9,120.0
2813,5,21,10.9606,10060,170,T,-0.6571,-20.7,32.4
2813,11,14,4.0397,10066,175,A,0.7331,28.6,136.0
2814,4,11,17.3600,10071,142,P,1.2589,71.7,176.0
2814,5,11,3.3283,10072,180,P,-1.3923,-69.7,171.9
2814,10,4,19.1786,10077,147,P,-1.3554,-71.9,158.2
2814,11,3,7.4444,10078,185,P,1.4021,70.6,117.6
2815,4,1,1.2853,10083,152,A,0.5774,38.0,162.2
2815,9,24,9.3408,10089,157,T,-0.5844,-34.6,38.7
2816,3,20,2.2928,10095,162,A,-0.1307,-7.2,162.7
2816,9,13,2.2206,10101,167,T,0.1390,11.1,161.5
2817,3,9,2.2817,10107,172,A,-0.8224,-56.2,-172.9
2817,9,2,17.1269,10113,177,T,0.9047,66.5,-23.1
2818,1,27,19.4328,10118,144,P,1.3157,69.6,-123.1
2818,2,26,8.1289,10119,182,P,-1.4667,-71.7,-168.5
2818,7,24,12.4056,10124,149,P,-1.0608,-69.2,-11.7
2819,1,17,10.1436,10130,154,T,0.6180,17.4,39.6
2819,7,13,13.0544,10136,159,A,-0.3075,3.8,-1.7
2820,1,7,1.6031,10142,164,T,-0.0495,-25.4,170.2
2820,7,1,16.2842,10148,169,A,0.4652,50.8,-50.3
2820,12,26,13.1483,10154,174,A,-0.7709,-73.7,-13.7
2821,5,22,18.3503,10159,141,P,-1.3779,-63.8,-42.0
2821,6,21,2.5972,10160,179,P,1.1922,66.1,-11.6
2821,11,15,23.4453,10165,146,P,1.4912,63.0,-114.0
2821,12,15,17.5817,10166,184,P,-1.5177,-65.5,128.0
2822,5,12,11.0761,10171,151,T,-0.6549,-20.4,40.6
2822,11,4,23.3200,10177,156,A,0.7817,31.9,-139.4
2823,5,2,2.5681,10183,161,T,0.0662,18.9,152.6
2823,10,25,4.8494,10189,166,A,0.0252,-10.8,117.2
2824,4,20,12.3892,10195,171,A,0.8410,58.7,-37.5
2824,10,13,17.5714,10201,176,T,-0.6942,-45.7,-101.0
2825,3,10,20.9456,10206,143,P,-1.3948,-61.1,-21.8
2825,9,4,2.2281,10212,148,P,1.1700,61.3,-97.3
2825,10,3,10.0447,10213,186,P,-1.3789,-61.3,-57.7
2826,2,27,22.0167,10218,153,A,-0.6729,-44.2,-108.3
2826,8,24,15.8708,10224,158,H,0.4557,34.6,-29.4
2827,2,17,5.9122,10230,163,H,0.0594,-9.0,106.3
2827,8,13,22.6861,10236,168,A,-0.3219,-3.0,-152.9
2828,2,6,19.8456,10242,173,T,0.7327,28.0,-120.3
2828,8,1,23.7600,10248,178,P,-1.0917,-62.6,146.4
2828,12,28,0.1722,10253,145,P,-1.3228,-65.4,-9.7
2829,1,26,11.5700,10254,183,P,1.3939,63.1,-26.0
2829,6,22,14.0236,10259,150,A,0.9335,83.4,97.9
2829,12,17,9.9386,10265,155,A,-0.6793,-66.1,49.5
2830,6,12,2.1653,10271,160,T,0.1365,31.1,161.8
2830,12,6,12.4550,10277,165,A,0.0124,-21.8,4.1
2831,6,1,18.7094,10283,170,T,-0.5964,-14.6,-86.0
2831,11,25,11.7350,10289,175,A,0.7040,24.1,18.1
2832,4,22,1.2586,10294,142,P,1.3031,71.1,44.5
2832,5,21,11.0497,10295,180,P,-1.3411,-68.7,44.7
2832,10,15,2.9561,10300,147,P,-1.3962,-71.6,28.3
2832,11,13,15.3844,10301,185,P,1.3684,69.7,-13.5
2833,4,11,8.9033,10306,152,A,0.6177,45.0,46.3
2833,10,4,17.2489,10312,157,T,-0.6347,-42.2,-82.6
2834,3,31,9.8044,10318,162,A,-0.0959,-1.0,49.1
2834,9,24,10.0228,10324,167,T,0.0823,3.8,42.9
2835,3,20,10.1017,10330,172,A,-0.7955,-49.7,65.6
2835,9,14,0.5550,10336,177,T,0.8441,56.9,-147.8
2836,2,8,4.1392,10341,144,P,1.3175,70.5,94.2
2836,3,8,16.4722,10342,182,P,-1.4480,-72.1,52.8
2836,8,3,18.9428,10347,149,P,-1.1473,-70.1,-121.4
2837,1,27,19.0214,10353,154,T,0.6223,20.0,-95.0
2837,7,23,19.5200,10359,159,A,-0.3949,-3.5,-99.8
2838,1,17,10.3933,10365,164,T,-0.0450,-23.3,40.1
2838,7,12,23.1378,10371,169,A,0.3828,44.3,-149.7
2839,1,6,21.6014,10377,174,A,-0.7660,-72.6,-126.1
2839,6,3,2.0214,10382,141,P,-1.4350,-64.6,-166.2
2839,7,2,9.9417,10383,179,P,1.1177,67.1,-131.8
2839,11,27,7.0875,10388,146,P,1.5198,63.8,122.6
2839,12,27,1.5992,10389,184,P,-1.5066,-66.5,-1.9
2840,5,22,18.9228,10394,151,T,-0.7118,-23.1,-77.7
2840,11,15,6.9833,10400,156,A,0.8135,32.9,104.4
2841,5,12,10.3097,10406,161,T,0.0129,19.1,38.2
2841,11,4,12.7836,10412,166,A,0.0615,-12.4,-0.7
2842,5,1,19.8433,10418,171,A,0.7926,59.9,-143.2
2842,10,25,1.6900,10424,176,T,-0.6527,-47.5,139.8
2843,3,22,4.5700,10429,143,P,-1.4236,-61.1,-144.3
2843,4,20,22.1564,10430,181,P,1.5548,61.8,108.5
2843,9,15,9.9000,10435,148,P,1.2325,61.2,139.4
2843,10,14,18.0917,10436,186,P,-1.3350,-61.6,173.3
2844,3,10,6.0472,10441,153,A,-0.6913,-41.0,131.5
2844,9,3,23.0939,10447,158,H,0.5278,34.5,-135.0
2845,2,27,14.4175,10453,163,H,0.0467,-5.7,-20.8
2845,8,24,5.3847,10459,168,A,-0.2411,-1.8,107.9
2846,2,17,4.6272,10465,173,T,0.7233,29.8,106.3
2846,8,13,6.2344,10471,178,A,-1.0057,-62.0,40.8
2847,1,8,8.8733,10476,145,P,-1.3314,-64.5,-149.6
2847,2,6,20.3806,10477,183,P,1.3904,62.4,-166.7
2847,7,3,21.0411,10482,150,P,1.0066,64.9,33.4
2847,12,28,18.2283,10488,155,A,-0.6911,-66.1,-64.7
2848,6,22,9.6269,10494,160,T,0.2062,35.3,52.3
2848,12,16,20.3556,10500,165,A,-0.0045,-23.7,-112.7
2849,6,12,2.3656,10506,170,T,-0.5310,-9.0,157.7
2849,12,5,19.5722,10512,175,A,0.6814,20.7,-101.4
2850,5,3,9.0172,10517,142,P,1.3537,70.3,-84.3
2850,6,1,18.6567,10518,180,P,-1.2846,-67.8,-80.3
2850,10,26,10.8803,10523,147,P,-1.4306,-71.0,-103.5
2850,11,24,23.4653,10524,185,P,1.3407,68.7,-146.1
2851,4,22,16.3756,10529,152,A,0.6644,52.4,-67.3
2851,10,16,1.2908,10535,157,T,-0.6786,-49.5,154.4
2852,4,10,17.2003,10541,162,A,-0.0555,5.4,-62.8
2852,10,4,17.9122,10547,167,T,0.0305,-3.3,-76.9
2853,3,30,17.8225,10553,172,A,-0.7631,-43.1,-54.2
2853,9,24,8.0592,10559,177,H,0.7880,48.1,92.4
2854,2,18,12.7789,10564,144,P,1.3232,71.2,-48.0
2854,3,20,0.6933,10565,182,P,-1.4228,-72.2,-84.3
2854,8,15,1.5172,10570,149,P,-1.2310,-70.9,127.9
2855,2,8,3.8561,10576,154,T,0.6288,23.2,131.0
2855,8,4,2.0339,10582,159,A,-0.4802,-11.3,160.5
2856,1,28,19.1525,10588,164,T,-0.0395,-20.4,-89.9
2856,7,23,6.0194,10594,169,A,0.3009,37.2,108.7
2857,1,17,6.0681,10600,174,A,-0.7626,-70.0,117.8
2857,6,13,9.5847,10605,141,P,-1.4973,-65.5,70.9
2857,7,12,17.2397,10606,179,P,1.0403,68.1,108.3
2857,12,7,14.8728,10611,146,P,1.5412,64.8,-3.2
2858,1,6,9.6897,10612,184,P,-1.4993,-67.6,-133.5
2858,6,3,2.6328,10617,151,T,-0.7750,-27.6,165.7
2858,11,26,14.8092,10623,156,A,0.8377,34.1,-14.9
2859,5,23,17.9097,10629,161,T,-0.0467,18.2,-74.0
2859,11,15,20.8778,10635,166,A,0.0901,-13.8,-121.1
2860,5,12,3.1561,10641,171,A,0.7377,60.7,114.9
2860,11,4,9.9244,10647,176,T,-0.6168,-49.6,19.3
2861,4,1,12.1011,10652,143,P,-1.4566,-61.2,94.6
2861,5,1,5.2881,10653,181,P,1.5031,62.3,-6.9
2861,9,25,17.6372,10658,148,P,1.2912,61.2,15.1
2861,10,25,2.2419,10659,186,P,-1.2964,-61.9,42.7
2862,3,21,13.9856,10664,153,A,-0.7148,-38.5,12.4
2862,9,15,6.3856,10670,158,A,0.5956,34.2,117.9
2863,3,10,22.8522,10676,163,H,0.0299,-2.3,-146.9
2863,9,4,12.1539,10682,168,A,-0.1646,-1.6,7.7
2864,2,28,13.3433,10688,173,T,0.7105,32.0,-25.8
2864,8,23,12.7883,10694,178,A,-0.9231,-48.1,-34.4
2865,1,18,17.5725,10699,145,P,-1.3398,-63.6,70.9
2865,2,17,5.1286,10700,183,P,1.3843,61.9,53.7
2865,7,14,4.0508,10705,150,P,1.0808,64.0,-80.8
2866,1,8,2.5519,10711,155,A,-0.7007,-64.5,179.3
2866,7,3,17.0544,10717,160,T,0.2785,38.7,-55.8
2866,12,28,4.3164,10723,165,A,-0.0184,-24.4,129.9
2867,6,23,9.9597,10729,170,T,-0.4622,-4.1,43.0
2867,12,17,3.5247,10735,175,A,0.6635,18.4,137.7
2868,5,13,16.6186,10740,142,P,1.4111,69.4,149.9
2868,6,12,2.1486,10741,180,P,-1.2230,-66.8,157.0
2868,11,5,18.9525,10746,147,P,-1.4586,-70.2,123.1
2868,12,5,7.6819,10747,185,P,1.3188,67.6,79.9
2869,5,2,23.6731,10752,152,A,0.7192,60.4,-178.2
2869,10,26,9.4686,10758,157,T,-0.7160,-56.5,30.1
2870,4,22,0.4156,10764,162,A,-0.0061,12.0,-171.8
2870,10,16,1.9281,10770,167,T,-0.0147,-9.9,161.9
2871,4,11,1.4269,10776,172,A,-0.7242,-36.3,-172.1
2871,10,5,15.6528,10782,177,H,0.7370,40.2,-26.4
2872,2,29,21.3789,10787,144,P,1.3315,71.7,169.8
2872,3,30,8.8414,10788,182,P,-1.3933,-72.1,139.8
2872,8,25,8.1239,10793,149,P,-1.3122,-71.5,16.1
2872,9,23,22.8339,10794,187,P,1.5378,72.1,-62.5
2873,2,18,12.6639,10799,154,T,0.6369,27.1,-2.8
2873,8,14,8.5708,10805,159,A,-0.5646,-19.8,59.8
2874,2,8,3.9033,10811,164,T,-0.0340,-16.9,139.7
2874,8,3,12.9481,10817,169,A,0.2203,29.7,5.1
2875,1,28,14.5094,10823,174,A,-0.7588,-66.3,-2.2
2875,7,24,0.5806,10829,179,T,0.9640,81.5,-47.8
2875,12,18,22.7392,10834,146,P,1.5581,65.8,-130.6
2876,1,17,17.7836,10835,184,P,-1.4928,-68.7,94.3
2876,6,13,10.2792,10840,151,T,-0.8414,-33.8,49.4
2876,12,6,22.7483,10846,156,A,0.8570,35.5,-136.5
2877,6,3,1.3928,10852,161,T,-0.1114,16.2,175.3
2877,11,26,5.1081,10858,166,A,0.1130,-14.8,116.6
2878,5,23,10.2953,10864,171,A,0.6749,60.3,17.1
2878,11,15,18.3078,10870,176,T,-0.5879,-51.7,-102.6
2879,4,12,19.4747,10875,143,P,-1.4973,-61.5,-24.2
2879,5,12,12.2617,10876,181,P,1.4435,62.9,-120.0
2879,10,7,1.4844,10881,148,P,1.3441,61.3,-110.8
2879,11,5,10.5139,10882,186,P,-1.2640,-62.5,-89.8
2880,3,31,21.8081,10887,153,A,-0.7447,-36.8,-105.1
2880,9,25,13.7586,10893,158,A,0.6583,34.0,9.1
2881,3,21,7.1800,10899,163,T,0.0071,0.9,88.6
2881,9,14,18.9819,10905,168,A,-0.0914,-1.9,-93.3
2882,3,10,21.9756,10911,173,T,0.6934,34.4,-156.2
2882,9,3,19.4275,10917,178,A,-0.8438,-42.7,-129.0
2883,1,30,2.2617,10922,145,P,-1.3484,-62.8,-68.1
2883,2,28,13.8008,10923,183,P,1.3751,61.5,-84.7
2883,7,25,11.0894,10928,150,P,1.1544,63.3,164.7
2883,8,23,22.3219,10929,188,P,-1.5524,-61.7,152.0
2884,1,19,10.8981,10934,155,A,-0.7088,-61.7,60.4
2884,7,14,0.4608,10940,160,T,0.3523,41.3,-162.8
2885,1,7,12.3400,10946,165,A,-0.0289,-23.9,11.5
2885,7,3,17.4986,10952,170,T,-0.3905,0.1,-70.2
2885,12,27,11.5731,10958,175,A,0.6500,17.1,15.6
2886,5,25,0.0817,10963,142,P,1.4742,68.5,26.8
2886,6,23,9.5533,10964,180,P,-1.1577,-65.8,36.1
2886,11,17,3.1733,10969,147,P,-1.4801,-69.3,-12.0
2886,12,16,16.0147,10970,185,P,1.3018,66.5,-55.3
2887,5,14,6.8408,10975,152,A,0.7793,69.0,73.3
2887,11,6,17.7594,10981,157,T,-0.7479,-63.0,-94.6
2888,5,2,7.5194,10987,162,A,0.0488,18.6,81.1
2888,10,26,10.0525,10993,167,T,-0.0541,-16.0,39.5
2889,4,21,8.8989,10999,172,A,-0.6779,-29.3,72.4
2889,10,15,23.3522,11005,177,H,0.6918,33.1,-145.6
2890,3,12,5.8739,11010,144,P,1.3454,72.0,28.9
2890,4,10,16.8508,11011,182,P,-1.3561,-71.7,6.2
2890,9,5,14.8167,11016,149,P,-1.3883,-72.0,-97.5
2890,10,5,5.9906,11017,187,P,1.4844,72.0,176.6
2891,3,1,21.3681,11022,154,T,0.6501,31.7,-135.2
2891,8,25,15.2108,11028,159,A,-0.6441,-28.6,-43.3
2892,2,19,12.5808,11034,164,T,-0.0255,-12.6,9.9
2892,8,13,19.9194,11040,169,A,0.1410,21.9,-100.0
2893,2,7,22.9153,11046,174,A,-0.7539,-61.9,-125.1
2893,8,3,7.9236,11052,179,T,0.8874,76.0,120.7
2893,12,29,6.7008,11057,146,P,1.5706,66.8,100.1
2894,1,28,1.8789,11058,184,P,-1.4865,-69.7,-38.5
2894,6,24,17.8206,11063,151,T,-0.9127,-42.9,-66.3
2894,12,18,6.8247,11069,156,A,0.8700,37.0,99.4
2895,6,14,8.7642,11075,161,T,-0.1811,12.9,65.9
2895,12,7,13.4564,11081,166,A,0.1306,-15.3,-7.4
2896,6,2,17.3208,11087,171,A,0.6071,58.5,-79.0
2896,11,26,2.8053,11093,176,T,-0.5647,-53.6,134.7
2897,4,23,2.7214,11098,143,P,-1.5438,-61.9,-141.2
2897,5,22,19.0992,11099,181,P,1.3773,63.7,128.7
2897,10,17,9.4253,11104,148,P,1.3918,61.6,121.9
2897,11,15,18.9000,11105,186,P,-1.2375,-63.1,135.9
2898,4,12,5.5283,11110,153,A,-0.7801,-36.2,138.9
2898,10,6,21.2281,11116,158,A,0.7154,34.1,-101.8
2899,4,1,15.4094,11122,163,T,-0.0212,3.8,-34.3
2899,9,26,1.9239,11128,168,A,-0.0243,-2.7,163.9
2900,3,22,6.5144,11134,173,T,0.6716,36.9,75.3
2900,9,15,2.1619,11140,178,A,-0.7686,-40.1,133.1
2901,2,10,10.9047,11145,145,P,-1.3590,-62.1,153.8
2901,3,11,22.3767,11146,183,P,1.3617,61.3,138.5
2901,8,5,18.1719,11151,150,P,1.2266,62.6,49.9
2901,9,4,5.3281,11152,188,P,-1.4766,-61.3,38.7
2902,1,30,19.2044,11157,155,A,-0.7182,-58.3,-60.1
2902,7,26,7.8800,11163,160,T,0.4260,42.9,90.4
2903,1,19,20.3719,11169,165,A,-0.0391,-22.6,-107.2
2903,7,16,1.0125,11175,170,T,-0.3177,3.4,177.5
2904,1,8,19.6753,11181,175,A,0.6386,16.7,-107.2
2904,6,5,7.4136,11186,142,P,1.5428,67.5,-93.8
2904,7,4,16.8828,11187,180,P,-1.0890,-64.8,-83.3
2904,11,28,11.5350,11192,147,P,-1.4959,-68.3,-148.6
2904,12,28,0.4489,11193,185,P,1.2891,65.5,168.5
2905,5,25,13.8183,11198,152,A,0.8482,78.6,-32.5
2905,11,18,2.1933,11204,157,T,-0.7731,-68.9,141.3
2906,5,14,14.4622,11210,162,A,0.1121,25.2,-23.0
2906,11,7,18.3008,11216,167,T,-0.0869,-21.3,-84.1
2907,5,3,16.2581,11222,172,A,-0.6251,-22.4,-40.9
2907,10,28,7.1631,11228,177,A,0.6527,26.8,94.3
2908,3,23,14.3006,11233,144,P,1.3632,72.1,-111.2
2908,4,22,0.7758,11234,182,P,-1.3143,-71.1,-125.7
2908,9,16,21.5617,11239,149,P,-1.4611,-72.2,147.8
2908,10,16,13.2292,11240,187,P,1.4352,71.6,54.7
2909,3,13,6.0161,11245,154,T,0.6663,36.8,93.1
2909,9,5,21.9278,11251,159,A,-0.7198,-37.7,-148.5
2910,3,2,21.1792,11257,164,T,-0.0136,-7.9,-119.0
2910,8,26,2.9925,11263,169,H,0.0660,14.0,152.8
2911,2,20,7.2511,11269,174,A,-0.7465,-57.0,110.7
2911,8,15,15.3392,11275,179,T,0.8136,65.5,-5.9
2912,2,9,9.9189,11281,184,P,-1.4779,-70.6,-171.1
2912,7,6,1.3353,11286,151,T,-0.9849,-58.5,176.0
2912,8,4,8.0792,11287,189,P,1.5114,70.0,-137.2
2912,12,29,14.9769,11292,156,A,0.8798,38.8,-26.2
2913,6,25,16.0272,11298,161,T,-0.2551,8.5,-42.4
2913,12,18,21.9183,11304,166,A,0.1430,-15.2,-133.1
2914,6,15,0.2111,11310,171,A,0.5337,55.2,-174.3
2914,12,8,11.4117,11316,176,T,-0.5469,-55.0,11.2
2915,6,4,1.8144,11322,181,P,1.3051,64.6,19.1
2915,10,29,17.4981,11327,148,P,1.4323,62.1,-7.5
2915,11,28,3.4061,11328,186,P,-1.2177,-63.9,-0.5
2916,4,23,13.1228,11333,153,A,-0.8223,-37.1,24.8
2916,10,18,4.7936,11339,158,A,0.7665,34.6,145.3
2917,4,12,23.5208,11345,163,T,-0.0560,6.2,-155.2
2917,10,7,8.9708,11351,168,A,0.0371,-3.8,59.5
2918,4,2,14.9228,11357,173,T,0.6433,39.3,-50.4
2918,9,26,9.0367,11363,178,A,-0.6997,-39.2,32.5
2919,2,21,19.4961,11368,145,P,-1.3716,-61.7,16.6
2919,3,23,6.8494,11369,183,P,1.3440,61.3,3.2
2919,8,17,1.3139,11374,150,P,1.2963,62.1,-65.7
2919,9,15,12.4469,11375,188,P,-1.4052,-61.2,-76.3
2920,2,11,3.4767,11380,155,A,-0.7285,-54.6,178.1
2920,8,5,15.3194,11386,160,T,0.4991,43.8,-16.6
2921,1,30,4.4161,11392,165,A,-0.0482,-20.3,133.7
2921,7,26,8.4914,11398,170,T,-0.2434,5.8,66.2
2922,1,19,3.8344,11404,175,A,0.6295,17.2,129.3
2922,7,16,0.1625,11410,180,P,-1.0185,-64.0,158.3
2922,12,9,19.9983,11415,147,P,-1.5074,-67.3,73.9
2923,1,8,8.9308,11416,185,P,1.2780,64.5,32.0
2923,6,5,20.6961,11421,152,A,0.9210,89.5,149.9
2923,11,29,10.7314,11427,157,T,-0.7936,-73.8,20.2
2924,5,24,21.2983,11433,162,A,0.1805,31.5,-124.7
2924,11,18,2.6456,11439,167,T,-0.1143,-25.8,151.6
2925,5,13,23.5033,11445,172,A,-0.5657,-15.6,-152.0
2925,11,7,15.0872,11451,177,A,0.6202,21.4,-26.9
2926,4,3,22.5819,11456,144,P,1.3882,71.9,111.0
2926,5,3,8.5550,11457,182,P,-1.2647,-70.4,105.2
2926,9,28,4.4428,11462,149,P,-1.5263,-72.2,31.0
2926,10,27,20.6158,11463,187,P,1.3936,71.0,-69.0
2927,3,24,14.5342,11468,154,T,0.6886,42.6,-36.8
2927,9,17,4.7681,11474,159,A,-0.7897,-47.1,103.2
2928,3,13,5.6650,11480,164,T,0.0034,-2.6,113.3
2928,9,5,10.1564,11486,169,H,-0.0052,6.1,43.8
2929,3,2,15.4878,11492,174,A,-0.7349,-51.7,-13.5
2929,8,25,22.7953,11498,179,T,0.7413,55.6,-124.4
2930,2,19,17.9111,11504,184,P,-1.4671,-71.3,56.3
2930,7,17,8.7922,11509,151,P,-1.0593,-68.5,53.0
2930,8,15,15.6144,11510,189,P,1.4430,70.8,97.7
2931,1,9,23.2014,11515,156,A,0.8864,40.7,-153.2
2931,7,6,23.2233,11521,161,T,-0.3316,3.1,-150.5
2931,12,30,6.4733,11527,166,A,0.1511,-14.5,99.7
2932,6,25,7.0003,11533,171,A,0.4557,50.5,90.0
2932,12,18,20.1122,11539,176,T,-0.5336,-55.4,-113.0
2933,6,14,8.4375,11545,181,P,1.2282,65.5,-89.5
2933,11,9,1.6753,11550,148,P,1.4676,62.6,-138.6
2933,12,8,12.0056,11551,186,P,-1.2025,-64.9,-138.6
2934,5,4,20.6103,11556,153,A,-0.8706,-39.7,-87.5
2934,10,29,12.4786,11562,158,A,0.8111,35.6,29.9
2935,4,24,7.5372,11568,163,T,-0.0964,7.9,85.5
2935,10,18,16.1308,11574,168,A,0.0925,-5.0,-46.7
2936,4,12,23.2269,11580,173,T,0.6097,41.6,-173.6
2936,10,6,16.0442,11586,178,A,-0.6368,-39.4,-70.1
2937,3,4,3.9761,11591,145,P,-1.3893,-61.3,-118.8
2937,4,2,15.1719,11592,183,P,1.3195,61.4,-129.7
2937,8,27,8.5361,11597,150,P,1.3627,61.7,177.6
2937,9,25,19.7053,11598,188,P,-1.3394,-61.1,166.7
2938,2,21,11.6586,11603,155,A,-0.7427,-51.1,56.6
2938,8,16,22.8175,11609,160,T,0.5697,43.9,-124.7
2939,2,10,12.3939,11615,165,A,-0.0607,-17.6,15.2
2939,8,6,15.9908,11621,170,T,-0.1702,7.3,-45.1
2940,1,30,11.9992,11627,175,A,0.6198,18.3,5.8
2940,7,26,7.3850,11633,180,T,-0.9456,-48.0,60.3
2940,12,20,4.5772,11638,147,P,-1.5142,-66.2,-64.9
2941,1,18,17.4739,11639,185,P,1.2692,63.6,-105.1
2941,6,16,3.4272,11644,152,A,1.0004,66.4,-43.9
2941,12,9,19.3872,11650,157,T,-0.8082,-77.0,-95.1
2942,6,5,4.0033,11656,162,A,0.2556,37.5,136.5
2942,11,29,11.1133,11662,167,T,-0.1353,-29.3,26.2
2943,5,25,6.6664,11668,172,A,-0.5014,-9.2,98.8
2943,11,18,23.1050,11674,177,A,0.5931,17.0,-148.9
2944,4,14,6.7844,11679,144,P,1.4176,71.4,-25.3
2944,5,13,16.2636,11680,182,P,-1.2108,-69.5,-22.3
2944,11,7,4.1061,11686,187,P,1.3571,70.2,166.4
2945,4,3,22.9472,11691,154,T,0.7164,49.0,-165.4
2945,9,27,11.7308,11697,159,A,-0.8539,-56.6,-9.2
2946,3,24,14.0400,11703,164,T,0.0255,3.0,-12.9
2946,9,16,17.4558,11709,169,H,-0.0706,-1.6,-67.3
2947,3,13,23.6003,11715,174,A,-0.7178,-46.1,-137.0
2947,9,6,6.3650,11721,179,T,0.6740,46.5,117.8
2948,3,2,1.8067,11727,184,P,-1.4521,-71.9,-75.3
2948,7,27,16.2356,11732,151,P,-1.1339,-69.5,-69.8
2948,8,25,23.1953,11733,189,P,1.3768,71.4,-28.5
2949,1,20,7.4603,11738,156,A,0.8919,43.0,79.2
2949,7,17,6.3575,11744,161,T,-0.4099,-3.2,101.6
2950,1,9,15.0778,11750,166,H,0.1574,-13.0,-28.4
2950,7,6,13.7039,11756,171,A,0.3743,44.7,-6.5
2950,12,30,4.8892,11762,176,T,-0.5243,-54.9,121.7
2951,6,25,14.9797,11768,181,P,1.1468,66.5,162.7
2951,11,20,9.9614,11773,148,P,1.4970,63.4,88.5
2951,12,19,20.6831,11774,186,P,-1.1917,-65.9,81.8
2952,5,15,3.9864,11779,153,A,-0.9249,-44.9,162.2
2952,11,8,20.2778,11785,158,A,0.8489,37.2,-87.8
2953,5,4,15.4097,11791,163,T,-0.1443,8.6,-31.5
2953,10,28,23.4278,11797,168,A,0.1405,-6.1,-155.1
2954,4,24,7.3942,11803,173,T,0.5696,43.6,66.2
2954,10,17,23.2042,11809,178,A,-0.5810,-40.4,-175.0
2955,3,15,12.3542,11814,145,P,-1.4112,-61.2,107.5
2955,4,13,23.3711,11815,183,P,1.2899,61.6,99.1
2955,9,7,15.8611,11820,150,P,1.4246,61.4,59.5
2955,10,7,3.1086,11821,188,P,-1.2798,-61.2,47.5
2956,3,3,19.7681,11826,155,A,-0.7598,-47.8,-64.6
2956,8,27,6.3492,11832,160,T,0.6387,43.8,126.2
2957,2,20,20.3419,11838,165,A,-0.0746,-14.5,-103.0
2957,8,16,23.5031,11844,170,T,-0.0978,8.0,-156.4
2958,2,9,20.1472,11850,175,A,0.6088,20.0,-117.4
2958,8,6,14.6111,11856,180,T,-0.8736,-40.0,-45.9
2958,12,31,13.2236,11861,147,P,-1.5186,-65.2,155.8
2959,1,30,2.0206,11862,185,P,1.2599,62.8,118.1
2959,6,27,10.0950,11867,152,P,1.0817,65.4,-153.5
2959,12,21,4.1017,11873,157,T,-0.8202,-77.9,155.0
2960,6,15,10.6458,11879,162,A,0.3340,42.9,40.0
2960,12,9,19.6608,11885,167,T,-0.1517,-31.7,-99.8
2961,6,4,13.7219,11891,172,A,-0.4308,-3.1,-8.2
2961,11,29,7.2350,11897,177,A,0.5722,13.5,87.7
2962,4,25,14.8422,11902,144,P,1.4546,70.8,-158.9
2962,5,24,23.8553,11903,182,P,-1.1502,-68.5,-147.3
2962,11,18,11.7278,11909,187,P,1.3271,69.3,40.3
2963,4,15,7.2161,11914,154,T,0.7513,55.9,68.0
2963,10,8,18.8594,11920,159,A,-0.9105,-66.0,-129.0
2964,4,3,22.2719,11926,164,T,0.0540,8.9,-137.0
2964,9,27,0.8689,11932,169,H,-0.1310,-9.2,179.9
2965,3,24,7.5853,11938,174,A,-0.6953,-40.2,100.9
2965,9,16,14.0233,11944,179,T,0.6110,37.9,-0.5
2966,3,13,9.5914,11950,184,P,-1.4320,-72.2,154.3
2966,8,7,23.6756,11955,151,P,-1.2079,-70.3,166.9
2966,9,6,6.8444,11956,189,P,1.3142,71.9,-156.3
2967,1,31,15.7469,11961,156,A,0.8961,45.6,-49.1
2967,7,28,13.4561,11967,161,H,-0.4892,-10.4,-6.5
2968,1,20,23.7272,11973,166,H,0.1618,-10.8,-157.3
2968,7,16,20.3547,11979,171,A,0.2909,37.9,-104.0
2969,1,9,13.7194,11985,176,T,-0.5176,-53.3,-4.9
2969,7,5,21.4547,11991,181,P,1.0617,67.5,55.6
2969,11,30,18.3483,11996,148,P,1.5210,64.2,-46.2
2969,12,30,5.4261,11997,186,P,-1.1847,-66.9,-59.2
2970,5,26,11.2850,12002,153,A,-0.9834,-55.7,55.7
2970,11,20,4.1753,12008,158,A,0.8810,39.2,152.3
2971,5,15,23.2031,12014,163,T,-0.1967,8.4,-147.3
2971,11,9,6.8522,12020,168,A,0.1815,-7.1,94.6
2972,5,4,15.4450,12026,173,T,0.5235,45.0,-51.1
2972,10,28,6.5097,12032,178,A,-0.5318,-41.9,78.3
2973,3,25,20.5956,12037,145,P,-1.4393,-61.2,-24.2
2973,4,24,7.4178,12038,183,P,1.2534,62.1,-29.9
2973,9,17,23.3128,12043,150,P,1.4812,61.3,-60.5
2973,10,17,10.6783,12044,188,P,-1.2272,-61.5,-74.1
2974,3,15,3.7200,12049,155,A,-0.7841,-45.4,176.4
2974,9,7,13.9892,12055,160,T,0.7028,43.5,14.9
2975,3,4,4.1839,12061,165,A,-0.0939,-11.3,140.1
2975,8,28,7.0589,12067,170,T,-0.0279,8.0,91.8
2976,2,21,4.2519,12073,175,A,0.5951,22.1,120.2
2976,8,16,21.8286,12079,180,T,-0.8016,-35.2,-152.8
2977,1,10,21.9389,12084,147,P,-1.5202,-64.3,15.9
2977,2,9,10.5628,12085,185,P,1.2500,62.1,-18.4
2977,7,7,16.6472,12090,152,P,1.1677,64.5,99.0
2977,12,31,12.9092,12096,157,T,-0.8278,-76.1,40.7
2978,6,26,17.2100,12102,162,A,0.4165,47.7,-53.9
2978,12,21,4.2889,12108,167,T,-0.1638,-32.9,133.5
2979,6,15,20.7358,12114,172,A,-0.3570,2.4,-113.9
2979,12,10,15.4569,12120,177,A,0.5563,11.1,-36.6
2980,5,5,22.8094,12125,144,P,1.4963,70.0,69.5
2980,6,4,7.3783,12126,182,P,-1.0854,-67.5,89.2
2980,11,28,19.4578,12132,187,P,1.3026,68.3,-86.7
2981,4,25,15.3775,12137,154,T,0.7917,63.3,-57.6
2981,10,19,2.1381,12143,159,A,-0.9600,-74.1,93.7
2982,4,15,6.3611,12149,164,T,0.0890,14.9,101.1
2982,10,8,8.4494,12155,169,H,-0.1838,-16.4,65.0
2983,4,4,15.4281,12161,174,A,-0.6666,-34.1,-19.3
2983,9,27,21.7947,12167,179,T,0.5531,30.0,-120.0
2984,3,23,17.2456,12173,184,P,-1.4059,-72.3,25.8
2984,8,18,7.1403,12178,151,P,-1.2800,-71.1,42.6
2984,9,16,14.5722,12179,189,P,1.2556,72.1,74.3
2985,2,11,0.0006,12184,156,A,0.9028,48.9,-177.3
2985,8,7,20.5306,12190,161,H,-0.5686,-18.3,-115.0
2986,1,31,8.3769,12196,166,H,0.1669,-7.8,73.5
2986,7,28,2.9725,12202,171,A,0.2064,30.6,157.6
2987,1,20,22.5567,12208,176,T,-0.5111,-50.6,-132.7
2987,7,17,3.9100,12214,181,A,0.9751,80.0,-66.4
2987,12,12,2.8344,12219,148,P,1.5396,65.2,177.4
2988,1,10,14.2161,12220,186,P,-1.1806,-68.0,158.6
2988,6,5,18.4814,12225,153,P,-1.0476,-64.8,-51.6
2988,11,30,12.1861,12231,158,A,0.9066,41.7,29.8
2989,5,26,6.8789,12237,163,T,-0.2555,7.0,98.6
2989,11,19,14.4178,12243,168,A,0.2155,-7.8,-18.0
2990,5,15,23.3675,12249,173,T,0.4710,45.4,-165.7
2990,11,8,13.9886,12255,178,A,-0.4905,-43.5,-30.7
2991,4,6,4.7175,12260,145,P,-1.4726,-61.4,-154.2
2991,5,5,15.3450,12261,183,P,1.2116,62.6,-157.2
2991,9,29,6.8719,12266,150,P,1.5333,61.4,178.0
2991,10,28,18.3833,12267,188,P,-1.1802,-61.9,162.1
2992,3,25,11.5711,12272,155,A,-0.8128,-43.8,58.8
2992,9,17,21.7022,12278,160,T,0.7636,43.5,-98.1
2993,3,14,11.9331,12284,165,A,-0.1176,-8.1,24.5
2993,9,7,14.6697,12290,170,T,0.0387,7.4,-21.0
2994,3,3,12.2967,12296,175,A,0.5777,24.5,-1.0
2994,8,28,5.0939,12302,180,T,-0.7327,-32.5,99.3
2995,1,22,6.6567,12307,147,P,-1.5225,-63.5,-123.8
2995,2,20,19.0494,12308,185,P,1.2366,61.6,-153.9
2995,7,18,23.1944,12313,152,P,1.2531,63.7,-8.1
2995,8,17,13.0531,12314,190,P,-1.5542,-62.0,-60.2
2996,1,11,21.7439,12319,157,T,-0.8345,-72.9,-81.5
2996,7,6,23.7342,12325,162,A,0.5013,51.6,-145.6
2996,12,31,12.9714,12331,167,T,-0.1729,-32.9,6.2
2997,6,26,3.6956,12337,172,A,-0.2793,7.2,141.9
2997,12,20,23.7542,12343,177,A,0.5449,9.6,-161.9
2998,6,15,14.8242,12349,182,P,-1.0158,-66.5,-32.5
2998,12,10,3.3086,12355,187,P,1.2838,67.2,145.0
2999,5,6,23.3992,12360,154,T,0.8388,71.5,177.3
2999,10,30,9.5758,12366,159,A,-1.0023,-70.9,-84.7
3000,4,26,14.3017,12372,164,T,0.1310,21.1,-18.4
3000,10,19,16.1711,12378,169,H,-0.2303,-23.1,-51.6
