name,method,year,facility,per,per_calc,a,rade,rade_err,mass,msini,st_rad,st_mass,st_teff
11 Com b,rv,2007,other,323.21,0,1.178,,,4915,1,13.8,2.09,4874
11 UMi b,rv,2009,other,516.22,0,1.53,,,4685,1,29.8,2.78,4213
14 And b,rv,2008,other,186.76,0,0.775,,,1131,1,11.6,1.78,4888
14 Her b,rv,2002,other,1766.41,0,2.839,,,2829,0,0.93,0.97,5338
16 Cyg B b,rv,1996,other,798.5,0,1.66,,,565.7,1,1.13,1.08,5750
17 Sco b,rv,2020,other,578.38,0,1.45,,,1373,1,25.9,1.22,4157
18 Del b,rv,2008,other,982.85,0,2.476,,,2926,1,8.8,2.1,4980
1RXS J160929.1-210524 b,im,2008,other,2.37493e+06,1,330,18.65,,3000,0,1.31,0.85,4060
24 Boo b,rv,2018,other,30.33,0,0.194,,,280.6,1,12.2,1.05,4816
24 Sex b,rv,2010,other,452.8,0,1.333,,,632.5,1,4.9,1.54,5098
24 Sex c,rv,2010,other,883,0,2.08,,,273.3,1,4.9,1.54,5098
2M0437 b,im,2021,other,1.1355e+06,1,118,,,1271,0,0.84,0.17,3100
2MASS J01033563-5515561 AB b,im,2013,other,645108,1,84,,,4132,0,,0.19,
2MASS J01225093-2439505 b,im,2013,other,216554,1,52,11.21,,7786,0,0.366,0.4,3530
2MASS J02192210-3925225 b,im,2015,other,2.16554e+06,1,156,16.14,0.021,4418,0,0.281,0.108,3064
2MASS J0249-0557 c,im,2018,other,1.46644e+08,1,1950,17.37,0.019,3617,0,0.316,0.046,2859
2MASS J03590986+2009361 b,im,2024,other,9.70654e+06,1,572,,,5721,0,0.29,0.265,2943
2MASS J04414489+2301513 b,im,2010,other,153940,1,15,,,2384,0,0.232,0.019,2936
2MASS J11550485-7919108 b,im,2024,other,6.77156e+06,1,587,,,6357,0,0.6,0.588,3021
2MASS J12073346-3932539 b,im,2004,other,262813,1,46,15.69,0.025,1653,0,0.219,0.188,2825
2MASS J19383260+4603591 b,ot,2015,Kepler,406,0,0.92,,,603.9,0,0.203,0.48,2.956e+04
2MASS J21252752-8138278 b,im,2024,other,2.95215e+08,1,7493,,,3814,0,0.673,0.644,3592
2MASS J22362452+4751425 b,im,2016,other,1.64477e+06,1,230,,,3973,0,0.641,0.6,4045
2MASS J22501512+2325342 b,im,2018,other,6.54266e+06,1,518,,,9535,0,0.438,0.433,3352
4 UMa b,rv,2006,other,270.27,0,0.877,,,2511,1,18.1,1.23,4415
47 UMa b,rv,1996,other,1078,0,2.1,,,804.1,1,1.21,1.06,5872
47 UMa c,rv,2001,other,2391,0,3.6,,,171.6,1,1.21,1.06,5872
47 UMa d,rv,2009,other,14002,0,11.6,,,521.2,1,1.21,1.06,5872
51 Eri b,im,2015,other,9100,0,10.4,,,3464,0,1.45,1.75,7422
51 Peg b,rv,1995,other,4.2308,0,0.052,,,193.9,0,1.19,1.07,5761
55 Cnc B b,rv,2025,other,6.7994,0,0.044,,,3.5,1,0.274,0.26,3286
55 Cnc B c,rv,2025,other,33.747,0,0.13,,,5.3,1,0.274,0.26,3286
55 Cnc b,rv,1996,other,14.6516,0,0.118,,,264,0,0.98,1.01,5198
55 Cnc c,rv,2004,other,44.3936,0,0.247,,,54.47,0,0.98,1.01,5198
55 Cnc d,rv,2002,other,4799,0,5.6,,,1232,0,0.98,1.01,5198
55 Cnc e,rv,2004,other,0.736547,0,0.01544,1.875,0.015,7.99,0,0.943,0.905,5172
55 Cnc f,rv,2007,other,260.58,0,0.802,,,44.81,0,0.98,1.01,5198
6 Lyn b,rv,2008,other,919.86,0,2.028,,,597.8,1,4.94,1.32,4941
61 Vir b,rv,2009,other,4.215,0,0.0502,,,5.1,1,0.963,0.942,5577
61 Vir c,rv,2009,other,38.021,0,0.2175,,,18.2,1,0.963,0.942,5577
61 Vir d,rv,2009,other,123.01,0,0.476,,,22.9,1,0.963,0.942,5577
70 Vir b,rv,1996,other,116.688,0,0.481,,,2380,0,1.89,1.09,5495
75 Cet b,rv,2012,other,696.62,0,1.912,,,787.9,1,10.4,1.92,4809
75 Cet c,rv,2023,other,2051.62,0,3.929,,,289.9,1,10.4,1.92,4809
8 UMi b,rv,2015,other,93.31,0,0.462,,,524.4,1,10.7,1.51,4847
81 Cet b,rv,2008,other,1005.57,0,2.104,,,1051,1,11.2,1.23,4734
91 Aqr b,rv,2013,other,181.4,0,0.7,,,1017,1,11,1.4,4665
AB Aur b,im,2022,other,214528,1,93.9,,,2860,0,2.96,2.4,9770
AB Pic b,im,2005,other,1.61409e+06,1,260,,,4290,0,0.999,0.9,5285
AF Lep b,im,2023,other,8905,0,8.996,,,1147,0,1.25,1.22,6140
AT2021ueyL b,ml,2025,other,4168.69,0,4.01,,,425.9,0,,0.49,3680
AU Mic b,tr,2020,TESS,8.46345,0,0.07,4.79,0.061,8.99,0,0.862,0.635,3540
AU Mic c,tr,2021,TESS,18.859,0,0.119,2.79,0.063,14.46,0,0.862,0.635,3540
AU Mic d,ot,2023,other,12.736,0,,,,1.053,0,0.744,0.51,3678
AU Mic e,rv,2025,other,33.11,0,,,,21.1,0,0.82,0.6,3665
BD+03 2562 b,rv,2017,other,481.9,0,1.3,,,2034,1,32.4,1.14,4095
BD+05 4868 A b,tr,2025,TESS,1.27187,0,0.0208,,,6.2,0,0.69,0.7,4596
BD+14 4559 b,rv,2009,other,268.94,0,0.78,,,330.5,1,0.86,0.49,4864
BD+15 2375 b,rv,2016,other,153.22,0,0.576,,,337.2,1,8.95,1.08,4649
BD+15 2940 b,rv,2013,other,137.48,0,0.539,,,352.8,1,14.7,1.1,4796
BD+20 2457 b,rv,2009,other,379.63,0,1.45,,,6808,1,49,2.8,4137
BD+20 2457 c,rv,2009,other,621.99,0,2.01,,,3963,1,49,2.8,4137
BD+20 274 b,rv,2012,other,578.2,0,1.3,,,1335,1,17.3,0.8,4296
BD+20 594 b,tr,2016,K2,41.6855,0,0.241,2.578,0.043,22.25,0,1.08,1.67,5766
BD+37 3172 b,rv,2023,other,1887.76,0,4.65,,,3369,1,50.2,3.75,4500
BD+42 2315 b,rv,2023,other,123.05,0,0.54,,,174.8,1,17.9,1.38,4500
BD+45 564 b,rv,2021,other,307.88,0,0.83,,,432.2,1,0.813,0.81,5004
BD+48 738 b,rv,2011,other,392.6,0,1,,,289.2,1,11,0.74,4414
BD+48 740 b,rv,2018,other,733,0,1.7,,,540.3,1,10.3,1.09,4534
BD+49 828 b,rv,2015,other,2590,0,4.2,,,508.5,1,7.6,1.52,4943
BD+55 362 b,rv,2021,other,265.59,0,0.78,,,228.8,1,0.896,0.909,5012
BD+60 1417 b,im,2021,other,2.47478e+07,1,1662,14.68,0.046,4767,0,0.797,1,4993
BD+63 1405 b,rv,2021,other,1198.48,0,2.06,,,3305,0,0.805,0.816,5000
BD-06 1339 b,rv,2013,other,3.8728,0,0.0428,,,1523,0,0.686,0.7,4324
BD-06 1339 c,rv,2013,other,125.94,0,0.435,,,53,1,0.686,0.7,4324
BD-08 2823 b,rv,2009,other,5.6,0,0.06,,,2948,0,0.71,0.5,4816
BD-08 2823 c,rv,2009,other,237.6,0,0.68,,,104,1,0.71,0.74,4746
BD-10 3166 b,rv,2000,other,3.48777,0,0.04,,,187.5,1,0.91,1.47,5393
BD-11 4672 b,rv,2014,other,1634,0,2.36,,,206.6,1,0.639,0.651,4550
BD-11 4672 c,rv,2020,other,74.2,0,0.3,,,15.37,1,0.639,0.651,4550
BD-13 2130 b,rv,2007,other,714.3,0,1.66,,,3108,1,19.2,2.12,4545
BD-14 3065 b,tr,2024,TESS,4.28897,0,0.0656,21.59,0.049,3932,0,2.35,1.41,6935
BD-17 63 b,rv,2008,other,655.57,0,1.34,,,1640,0,0.74,0.741,4714
BD-210397 b,rv,2023,other,1891,0,2.63,,,214,1,0.747,0.679,4051
BD-210397 c,rv,2023,other,6240,0,5.9,,,1526,0,0.747,0.69,4051
BEBOP-3 b,rv,2025,other,547,0,1.444,,,177.3,1,1.41,1.08,6033
BEBOP-4 AB b,rv,2025,other,1823.5,0,3.634,,,8359,0,2.76,1.51,5701
Barnard b,rv,2024,other,3.1542,0,0.0229,,,0.299,1,0.185,0.162,3195
Barnard c,rv,2025,other,4.1244,0,0.0274,,,0.335,1,0.185,0.162,3195
Barnard d,rv,2025,other,2.3402,0,0.0188,,,0.263,1,0.185,0.162,3195
Barnard e,rv,2025,other,6.7392,0,0.0381,,,0.193,1,0.185,0.162,3195
CD Cet b,rv,2020,other,2.2907,0,0.0185,,,3.95,1,0.175,0.161,3130
CD-35 2722 B b,rv,2026,other,171.11,0,0.2,,,292.4,1,0.159,0.035,1800
CFBDSIR J145829+101343 b,im,2011,other,10037.5,0,2.6,,,3337,0,,0.021,580.5
CFHTWIR-Oph 98 b,im,2020,other,8.04e+06,0,200,20.85,0.027,2479,0,0.245,0.0147,2320
CHXR 73 b,im,2006,other,1.87882e+06,1,210,,,3994,0,,0.35,3099
CI Tau c,rv,2024,other,25.2,0,0.17,,,1144,1,1.88,0.9,3807
COCONUTS-2 b,im,2021,other,4.02e+08,0,7506,12.58,0.004,2384,0,0.366,0.4,3552
CWISEP J193518.59-154620.3 b,im,2025,other,9207.93,1,2.48,,,4926,0,,0.024,
CoRoT-1 b,tr,2008,other,1.50896,0,0.02752,16.7,0.054,327.4,0,1.11,0.95,5950
CoRoT-10 b,tr,2010,other,13.2406,0,0.1055,10.87,0.072,874,0,0.79,0.89,5075
CoRoT-11 b,tr,2010,other,2.99433,0,0.0436,16.03,0.021,740.5,0,1.37,1.27,6440
CoRoT-12 b,tr,2010,other,2.82804,0,0.04016,16.14,0.090,291.4,0,1.12,1.08,5675
CoRoT-13 b,tr,2010,other,4.03519,0,0.051,9.92,0.016,415.7,0,1.01,1.09,5945
CoRoT-14 b,tr,2010,other,1.51214,0,0.027,12.22,0.064,2415,0,1.21,1.13,6035
CoRoT-16 b,tr,2011,other,5.35227,0,0.0618,13.11,0.128,170,0,1.19,1.1,5650
CoRoT-17 b,tr,2011,other,3.7681,0,0.0461,11.43,0.068,772.3,0,1.59,1.04,5740
CoRoT-18 b,tr,2011,other,1.90007,0,0.0295,14.68,0.138,1103,0,1,0.95,5440
CoRoT-19 b,tr,2011,other,3.89713,0,0.0518,14.46,0.024,352.8,0,1.65,1.21,6090
CoRoT-2 b,tr,2008,other,1.74299,0,0.02798,16.43,0.029,1103,0,0.906,0.96,5625
CoRoT-20 b,tr,2011,other,9.24285,0,0.09,9.416,0.048,1367,0,1.02,1.14,5880
CoRoT-20 c,rv,2018,other,1675,0,2.9,,,5403,1,1.02,1.14,5880
CoRoT-21 b,tr,2012,other,2.72474,0,0.0417,14.57,0.108,718.3,0,1.95,1.29,6200
CoRoT-22 b,tr,2014,other,9.75598,0,0.092,4.88,0.057,12.2,0,1.14,1.1,5939
CoRoT-23 b,tr,2011,other,3.6313,0,0.048,11.77,0.124,889.9,0,1.61,1.14,5900
CoRoT-24 b,tr,2014,other,5.1134,0,0.056,3.7,0.108,5.7,0,0.86,0.91,4950
CoRoT-24 c,tr,2014,other,11.759,0,0.098,5,0.100,28,0,0.86,0.91,4950
CoRoT-25 b,tr,2013,other,4.86069,0,0.0578,12.11,0.187,85.81,0,1.19,1.09,6040
CoRoT-26 b,tr,2013,other,4.20474,0,0.0526,14.12,0.079,165.3,0,1.79,1.09,5590
CoRoT-27 b,tr,2014,other,3.57532,0,0.0476,11.29,0.044,3302,0,1.08,1.05,5900
CoRoT-28 b,tr,2015,other,5.20851,0,0.0603,10.7,0.069,153.8,0,1.78,1.01,5150
CoRoT-29 b,tr,2015,other,2.85057,0,0.0386,10.09,0.178,270.2,0,0.9,0.97,5260
CoRoT-3 b,tr,2008,other,4.2568,0,0.05783,11.32,0.069,6884,0,1.56,1.37,6740
CoRoT-30 b,tr,2020,other,9.06005,0,0.0844,11.31,0.075,921.7,0,0.91,0.98,5650
CoRoT-31 b,tr,2020,other,4.62941,0,0.0586,16.37,0.205,267,0,2.15,1.25,5700
CoRoT-32 b,tr,2018,other,6.71837,0,0.071,6.389,0.096,47.67,0,0.79,1.08,5970
CoRoT-35 b,tr,2022,other,3.22748,0,0.0429,18.83,0.065,349.6,0,1.65,1.01,6390
CoRoT-36 b,tr,2022,other,5.61653,0,0.066,15.8,0.099,216.1,0,1.52,1.32,6730
CoRoT-4 b,tr,2008,other,9.20205,0,0.09,13.34,0.046,228.8,0,1.17,1.16,6190
CoRoT-5 b,tr,2009,other,4.0379,0,0.04947,15.56,0.034,148.4,0,1.19,1,6100
CoRoT-6 b,tr,2009,other,8.88659,0,0.0855,13.07,0.030,940.7,0,1.02,1.05,6090
CoRoT-7 b,tr,2009,other,0.853592,0,0.01702,1.681,0.067,4.077,0,0.83,0.82,5275
CoRoT-7 c,rv,2009,other,3.698,0,0.046,,,8.4,0,0.864,0.899,5256
CoRoT-7 d,rv,2022,other,8.966,0,,,,17.14,0,0.839,0.915,5250
CoRoT-8 b,tr,2010,other,6.21229,0,0.063,6.39,0.034,69.92,0,0.77,0.88,5080
CoRoT-9 b,tr,2009,other,95.2727,0,0.4021,11.95,0.065,267,0,0.96,0.96,5625
DENIS-P J082303.1-491201 b,ot,2013,other,246.36,0,0.36,,,9058,0,,0.075,
DH Tau b,im,2004,other,3.81157e+06,1,330,30.26,0.296,3496,0,0.27,0.33,4371
DMPP-1 b,rv,2019,other,17.812,0,0.1423,,,16.8,1,1.26,1.21,6196
DMPP-1 c,rv,2019,other,10.03,0,0.0973,,,10.94,1,1.26,1.21,6196
DMPP-1 d,rv,2019,other,3.1417,0,0.04467,,,4.72,1,1.26,1.21,6196
DMPP-1 e,rv,2019,other,5.516,0,0.0651,,,4.13,1,1.26,1.21,6196
DMPP-2 b,rv,2019,other,5.203,0,0.06638,,,171.5,1,1.78,1.41,6500
DMPP-2 c,rv,2026,other,3.168,0,0.04789,,,51.79,1,1.78,1.41,6500
DMPP-2 d,rv,2026,other,16.491,0,0.1432,,,91.79,1,1.78,1.41,6500
DMPP-3 A b,rv,2019,other,5.59,0,0.05958,,,2.67,1,0.91,0.9,5138
DMPP-4 b,rv,2023,other,3.4982,0,0.04853,,,12.2,1,1.38,1.25,6400
DMPP-6 b,rv,2026,other,7.6027,0,0.0779,,,5.8,1,1.27,1.08,6182
DMPP-6 c,rv,2026,other,36.441,0,0.2206,,,13.47,1,1.27,1.08,6182
DMPP-7 b,rv,2026,other,4.92666,0,0.0607,,,68.96,1,1.49,1.23,6096
DMPP-8 b,rv,2026,other,62.915,0,0.3098,,,81.09,1,1.24,0.99,6009
DMPP-9 b,rv,2026,other,12.733,0,0.1097,,,14.43,1,1.26,1.1,6092
DP Leo b,ot,2009,other,10220,0,8.19,,,1996,0,0.0115,0.69,1.35e+04
DS Tuc A b,tr,2019,TESS,8.13827,0,,5.7,0.030,413.2,0,0.964,1.01,5428
EPIC 201170410.02,tr,2020,K2,6.7987,0,0.0349,1.047,0.255,,0,0.282,0.287,3648
EPIC 201238110 b,tr,2019,K2,28.1656,0,,1.87,0.174,,0,0.374,0.41,3587
EPIC 201427007 b,tr,2021,K2,0.72091,0,,1.5,0.133,,0,0.94,0.93,5633
EPIC 201497682 b,tr,2019,K2,2.13174,0,,0.692,0.077,,0,0.554,0.78,4991
EPIC 201595106 b,tr,2021,K2,0.87724,0,0.0177,1.565,0.050,7.67,0,0.98,0.958,5679
EPIC 201615463 c,tr,2019,K2,3.80464,0,,1.22,0.156,,0,1.61,1.07,5960
EPIC 201754305 d,tr,2019,K2,2.71578,0,,1.03,0.083,,0,0.544,0.67,4761
EPIC 201757695.02,tr,2020,K2,2.0478,0,0.0296,0.9082,0.068,,0,0.655,0.727,4520
EPIC 201833600 c,tr,2019,K2,3.96151,0,,1,0.115,,0,0.634,0.611,4326
EPIC 201841433 b,tr,2019,K2,4.1698,0,0.035,1.04,0.033,,0,0.628,0.802,5053
EPIC 205950854 c,tr,2019,K2,8.05072,0,,1.31,0.079,,0,0.83,0.877,5503
EPIC 206024342 b,tr,2019,K2,4.50756,0,,1.7,0.265,,0,0.823,0.928,5724
EPIC 206024342 c,tr,2021,K2,0.911724,0,,1.4,0.357,,0,1.1,0.928,5724
EPIC 206024342 d,tr,2021,K2,14.6475,0,,2.6,0.346,,0,1.1,0.928,5724
EPIC 206032309 b,tr,2019,K2,2.87814,0,,1.01,0.183,,0,0.373,0.221,3489
EPIC 206042996 b,tr,2019,K2,5.2986,0,,1.7,0.118,,0,0.5,0.565,4114
EPIC 206042996 c,tr,2021,K2,0.354884,0,,1.2,0.125,,0,0.5,0.565,4114
EPIC 206215704 b,tr,2019,K2,2.25544,0,,1,0.095,,0,0.25,0.407,3297
EPIC 206317286 b,tr,2019,K2,1.58252,0,,0.96,0.135,,0,0.669,0.711,4752
EPIC 206317286 c,tr,2022,K2,17.5155,0,,2.094,0.080,,0,0.758,0.832,4752
EPIC 211822797 b,tr,2016,K2,21.1702,0,0.1195,1.92,0.049,,0,0.58,0.62,4057
EPIC 211945201 b,tr,2018,K2,19.4922,0,0.1493,5.76,0.052,11,0,1.39,1.17,6069
EPIC 212297394 b,tr,2019,K2,2.28936,0,,1.48,0.081,,0,0.8,0.83,5171
EPIC 212297394 c,tr,2021,K2,5.21396,0,,2.27,0.073,,0,0.8,0.83,5171
EPIC 212424622 b,tr,2019,K2,18.0983,0,,2.17,0.251,,0,1.22,1.11,5782
EPIC 212499991 b,tr,2019,K2,34.885,0,,1.6,0.091,,0,0.758,0.912,4983
EPIC 212587672 b,tr,2019,K2,15.2808,0,,1.26,0.079,,0,0.98,0.99,6004
EPIC 212587672 c,tr,2021,K2,23.2286,0,,2.32,0.067,,0,0.98,0.99,6004
EPIC 212624936 b,tr,2021,K2,0.578657,0,,1.2,0.250,,0,0.93,1,5765
EPIC 212624936 c,tr,2021,K2,11.8114,0,,2.3,0.217,,0,0.93,1,5765
EPIC 212737443 b,tr,2019,K2,13.603,0,0.098,2.586,0.049,,0,0.673,0.69,4684
EPIC 212737443 c,tr,2019,K2,65.55,0,0.28,2.69,0.054,,0,0.673,0.69,4684
EPIC 220492298 b,tr,2021,K2,0.762406,0,,0.99,0.101,,0,0.89,0.95,5620
EPIC 220554210 c,tr,2019,K2,0.70531,0,,1.6,0.062,,0,1,0.94,5499
EPIC 220674823 b,tr,2016,K2,0.571308,0,0.0132,1.606,0.021,7.54,0,0.99,0.913,5578
EPIC 220674823 c,tr,2016,K2,13.3406,0,0.1078,2.712,0.026,7.9,0,0.99,0.913,5578
EPIC 228836835 b,tr,2021,K2,0.728113,0,,1.1,0.227,,0,0.32,0.418,3782
EPIC 229004835 b,tr,2023,K2,16.1411,0,0.1237,2.332,0.037,10.4,0,0.999,0.97,5868
EPIC 246851721 b,tr,2018,K2,6.18023,0,0.07229,11.78,0.042,953.5,0,1.59,1.32,6202
EPIC 248847494 b,tr,2018,K2,3650,0,4.5,12.44,0.063,4132,0,2.7,0.9,4898
EPIC 249893012 b,tr,2020,K2,3.5951,0,0.047,1.95,0.044,8.75,0,1.71,1.05,5430
EPIC 249893012 c,tr,2020,K2,15.624,0,0.13,3.67,0.042,14.67,0,1.71,1.05,5430
EPIC 249893012 d,tr,2020,K2,35.747,0,0.22,3.94,0.032,10.18,0,1.71,1.05,5430
FU Tau b,im,2008,other,3.69607e+07,1,800,,,5085,0,,0.05,2838
G 192-15 b,rv,2025,other,2.27476,0,0.01723,,,1.03,1,0.171,0.132,2999
G 192-15 c,rv,2025,other,1219,0,1.137,,,14.3,1,0.171,0.132,2999
G 196-3 b,im,2024,other,3.31728e+06,1,350,,,8264,0,0.522,0.52,3517
G 261-6 b,rv,2025,other,5.4536,0,0.02971,,,1.37,1,0.153,0.118,2907
G 264-012 b,rv,2021,other,2.30538,0,0.02279,,,2.5,1,0.305,0.297,3326
G 264-012 c,rv,2021,other,8.0518,0,0.0525,,,3.75,1,0.305,0.297,3326
G 268-110 b,rv,2025,other,1.43263,0,0.01283,,,1.52,1,0.177,0.137,
G 9-40 b,tr,2019,K2,5.746,0,0.0418,1.9,0.034,4,0,0.303,0.295,3395
GJ 1002 b,rv,2022,other,10.3465,0,0.0457,,,1.08,1,0.137,0.12,3024
GJ 1002 c,rv,2022,other,21.202,0,0.0738,,,1.36,1,0.137,0.12,3024
GJ 1061 b,rv,2020,other,3.2073,0,0.021,,,1.11,0,0.156,0.12,2953
GJ 1061 c,rv,2020,other,6.6821,0,0.0342,,,1.81,0,0.156,0.12,2953
GJ 1061 d,rv,2020,other,13.066,0,0.054,,,1.67,0,0.156,0.12,2953
GJ 1132 b,tr,2015,other,1.62893,0,0.0157,1.192,0.035,1.837,0,0.221,0.195,3229
GJ 1132 c,rv,2018,other,8.929,0,0.0476,,,2.91,1,0.226,0.198,3090
GJ 1137 c,rv,2026,other,9.6412,0,0.0835,,,5.12,1,0.837,0.836,5034
GJ 1148 b,rv,2010,other,41.38,0,0.166,,,96.7,1,0.359,0.344,3287
GJ 1148 c,rv,2017,other,532.58,0,0.912,,,68.06,1,0.359,0.344,3287
GJ 1151 c,rv,2023,other,389.7,0,0.5714,,,10.62,1,0.178,0.164,3280
GJ 1214 b,tr,2009,other,1.5804,0,0.01505,2.733,0.012,8.41,0,0.216,0.182,3101
GJ 1252 b,tr,2020,TESS,0.518233,0,0.00915,1.193,0.062,1.32,0,0.391,0.381,3458
GJ 1265 b,rv,2018,other,3.6511,0,0.026,,,7.4,1,0.192,0.178,3236
GJ 1289 b,rv,2024,other,111.74,0,0.27,,,6.27,1,0.245,0.21,3296
GJ 143 b,tr,2019,TESS,35.6125,0,0.1915,2.61,0.063,22.7,0,0.695,0.73,4640
GJ 15 A b,rv,2014,other,11.4407,0,0.072,,,3.03,1,0.38,0.38,3607
GJ 15 A c,rv,2018,other,7600,0,5.4,,,36,1,0.38,0.38,3607
GJ 160.2 b,rv,2014,other,5.2354,0,0.053,,,10.2,1,0.655,0.69,4347
GJ 163 b,rv,2013,other,8.63182,0,0.0607,,,10.6,1,0.41,0.4,3500
GJ 163 c,rv,2013,other,25.6306,0,0.1254,,,6.8,1,0.41,0.4,3500
GJ 163 d,rv,2013,other,603.951,0,1.03,,,29.4,1,0.41,0.4,3500
GJ 179 b,rv,2009,other,2288,0,2.41,,,301.9,0,0.38,0.357,3370
GJ 180 b,rv,2014,other,17.133,0,0.092,,,6.49,1,0.413,0.43,3371
GJ 180 c,rv,2014,other,24.329,0,0.129,,,6.4,1,0.413,0.43,3371
GJ 180 d,rv,2020,other,106.3,0,0.309,,,7.56,1,0.413,0.43,3371
GJ 2030 b,rv,2022,other,2.38129,0,0.034,,,4.767,1,2.24,0.96,5485
GJ 2030 c,rv,2022,other,25533.1,0,16.76,,,4069,0,2.24,0.96,5485
GJ 2056 b,rv,2020,other,69.971,0,0.283,,,16.2,1,0.709,0.62,4070
GJ 2126 b,rv,2025,other,272.7,0,0.71,,,413.2,1,0.728,0.65,4159
GJ 229 A c,rv,2020,other,121.933,0,0.384,,,8.581,1,0.46,0.509,3564
GJ 229 b,rv,2014,other,579.475,0,1.086,,,14.94,1,0.46,0.509,3564
GJ 238 b,tr,2024,TESS,1.7447,0,0.02123,0.566,0.025,,0,0.431,0.419,3485
GJ 251 b,rv,2020,other,14.237,0,0.0808,,,3.85,1,0.36,0.35,3342
GJ 251 c,rv,2025,other,53.647,0,0.196,,,3.88,1,0.36,0.35,3342
GJ 27.1 b,rv,2014,other,15.819,0,0.101,,,13,1,0.519,0.53,3542
GJ 273 b,rv,2017,other,18.6498,0,0.0911,,,2.89,1,0.293,0.29,3382
GJ 273 c,rv,2017,other,4.7234,0,0.03647,,,1.18,1,0.293,0.29,3382
GJ 3021 b,rv,2000,other,133.71,0,0.49,,,1071,1,0.9,0.9,5540
GJ 3082 b,rv,2020,other,11.949,0,0.079,,,8.2,1,0.465,0.47,3910
GJ 3090 b,tr,2022,TESS,2.8531,0,0.0316,2.18,0.028,4.52,0,0.516,0.519,3707
GJ 3090 c,rv,2026,other,15.9407,0,0.0997,,,10,1,0.516,0.519,3707
GJ 3138 b,rv,2017,other,1.22003,0,0.0197,,,1.78,1,0.5,0.681,3717
GJ 3138 c,rv,2017,other,5.974,0,0.057,,,4.18,1,0.5,0.681,3717
GJ 3138 d,rv,2017,other,257.8,0,0.698,,,10.5,1,0.5,0.681,3717
GJ 317 b,rv,2007,other,695.69,0,1.138,,,794.5,0,0.403,0.402,3496
GJ 317 c,rv,2016,other,6500,0,5.04,,,454.5,1,0.403,0.402,3496
GJ 3222 b,rv,2022,other,10.6667,0,0.091,,,11.44,1,0.931,0.89,5257
GJ 328 b,rv,2013,other,3771,0,4.11,,,797.7,1,0.63,0.65,3897
GJ 328 c,rv,2023,other,241.8,0,0.657,,,21.4,1,0.63,0.65,3897
GJ 3293 b,rv,2015,other,30.5987,0,0.1434,,,23.54,1,0.404,0.42,3466
GJ 3293 c,rv,2015,other,122.62,0,0.3618,,,21.09,1,0.404,0.42,3466
GJ 3293 d,rv,2017,other,48.1345,0,0.1939,,,7.6,1,0.404,0.42,3466
GJ 3293 e,rv,2017,other,13.2543,0,0.08208,,,3.28,1,0.404,0.42,3466
GJ 3323 b,rv,2017,other,5.3636,0,0.03282,,,2.02,1,0.119,0.164,3159
GJ 3323 c,rv,2017,other,40.54,0,0.1264,,,2.31,1,0.119,0.164,3159
GJ 3341 b,rv,2015,other,14.207,0,0.089,,,6.6,1,0.439,0.47,3526
GJ 3378 b,rv,2026,other,21.45,0,0.09673,,,2.3,1,0.275,0.262,3340
GJ 338 B b,rv,2020,other,24.422,0,0.142,,,10.6,1,0.58,0.64,4014
GJ 341 b,tr,2025,TESS,7.57686,0,,0.88,0.057,4,0,0.507,0.48,3770
GJ 3470 b,rv,2012,other,3.33665,0,0.0355,4.57,0.039,13.9,0,0.547,0.539,3600
GJ 3473 b,tr,2020,TESS,1.198,0,0.01589,1.264,0.039,1.86,0,0.364,0.36,3347
GJ 3473 c,rv,2020,other,15.509,0,0.0876,,,7.41,1,0.364,0.36,3347
GJ 3512 b,rv,2019,other,203.109,0,0.3376,,,146.5,1,0.139,0.123,3141
GJ 3512 c,rv,2020,other,2354,0,1.731,,,144,1,0.139,0.123,3141
GJ 357 b,tr,2019,TESS,3.9306,0,0.036,1.2,0.050,1.83,0,0.337,0.342,3505
GJ 357 c,rv,2019,other,9.1247,0,0.061,,,3.4,1,0.337,0.342,3505
GJ 357 d,rv,2019,other,55.661,0,0.204,,,6.1,1,0.337,0.342,3505
GJ 3634 b,rv,2010,other,2.64561,0,0.0287,,,8.4,0,0.43,0.45,3517
GJ 367 b,tr,2021,TESS,0.321923,0,0.0071,0.736,0.048,0.503,0,0.457,0.451,3535
GJ 367 c,rv,2023,other,11.5301,0,,,,4.13,1,0.458,0.455,3522
GJ 367 d,rv,2023,other,34.369,0,,,,6.03,1,0.458,0.455,3522
GJ 3779 b,rv,2018,other,3.0232,0,0.026,,,8,1,0.281,0.27,3324
GJ 3929 b,tr,2022,TESS,2.61624,0,0.0252,1.09,0.037,1.75,0,0.32,0.313,3384
GJ 3929 c,rv,2022,other,15.04,0,0.081,,,5.71,1,0.32,0.313,3384
GJ 393 b,rv,2021,other,7.02679,0,0.05402,,,1.71,1,0.426,0.426,3579
GJ 3942 b,rv,2017,other,6.905,0,0.0608,,,7.14,1,0.61,0.63,3867
GJ 3988 b,rv,2023,other,6.9442,0,0.0405,,,3.69,1,0.197,0.184,3273
GJ 3998 b,rv,2016,other,2.65033,0,0.03,,,2.5,1,0.5,0.52,3726
GJ 3998 c,rv,2016,other,13.727,0,0.09,,,6.82,1,0.5,0.52,3726
GJ 3998 d,rv,2025,other,41.78,0,0.189,,,6.07,1,0.5,0.52,3726
GJ 411 b,rv,2019,other,12.9394,0,0.07879,,,2.69,1,0.368,0.39,3719
GJ 414 A b,rv,2021,other,50.8,0,0.2324,2.63,0.394,7.6,1,0.68,0.65,4120
GJ 414 A c,rv,2021,other,749.83,0,1.4,8.4,0.363,53.83,1,0.68,0.65,4120
GJ 422 b,rv,2014,other,20.129,0,0.111,,,11.07,1,0.37,0.35,3323
GJ 4274 b,rv,2026,other,1.6339,0,0.0153,,,2.97,1,0.19,0.18,3228
GJ 4274 c,rv,2026,other,69.57,0,0.186,,,8.39,1,0.19,0.18,3228
GJ 4276 b,rv,2019,other,13.352,0,0.082,,,16.57,1,0.407,0.406,3387
GJ 433 b,rv,2013,other,7.3705,0,0.062,,,6.043,1,0.5,0.48,3461
GJ 433 c,rv,2014,other,5094.1,0,4.819,,,32.42,1,0.5,0.48,3461
GJ 433 d,rv,2020,other,36.059,0,0.178,,,5.223,1,0.5,0.48,3461
GJ 436 b,rv,2004,other,2.64388,0,0.0291,4.17,0.040,22.1,0,0.455,0.47,3586
GJ 463 b,rv,2022,other,3459,0,3.53,,,1081,0,0.483,0.486,3563
GJ 480 b,rv,2020,other,9.5536,0,0.068,,,8.8,1,0.449,0.45,3509
GJ 486 b,rv,2021,other,1.46712,0,0.01714,1.289,0.013,2.77,0,0.324,0.312,3317
GJ 504 b,im,2013,other,94873.3,1,43.5,12.11,0.032,1271,0,1.26,1.22,6234
GJ 508.2 b,rv,2025,other,5300,0,4.85,,,588,1,0.53,0.54,3720
GJ 514 b,rv,2022,other,140.43,0,0.422,,,5.2,1,0.5,0.51,3728
GJ 536 b,rv,2016,other,8.70874,0,0.0668,,,6.37,1,0.529,0.528,3641
GJ 536 c,rv,2025,other,32.761,0,0.1617,,,5.89,1,0.529,0.528,3641
GJ 581 b,rv,2005,other,5.3686,0,0.0399,,,20.5,0,0.302,0.295,3500
GJ 581 c,rv,2007,other,12.9211,0,0.0718,,,6.81,0,0.302,0.295,3500
GJ 581 e,rv,2009,other,3.1481,0,0.02799,,,2.48,0,0.302,0.295,3500
GJ 625 b,rv,2017,other,14.628,0,0.07836,,,2.82,1,0.31,0.3,3499
GJ 649 b,rv,2009,other,600.1,0,1.112,,,82,1,0.5,0.51,3734
GJ 667 C b,rv,2012,other,7.203,0,0.05043,,,5.68,1,,0.33,3350
GJ 667 C c,rv,2013,other,28.14,0,0.125,,,3.8,1,,0.33,3350
GJ 667 C e,rv,2013,other,62.24,0,0.213,,,2.7,1,,0.33,3350
GJ 667 C f,rv,2013,other,39.026,0,0.156,,,2.7,1,,0.33,3350
GJ 667 C g,rv,2013,other,256.2,0,0.549,,,4.6,1,,0.33,3350
GJ 674 b,rv,2007,other,4.6938,0,0.039,,,11.09,1,0.365,0.35,3600
GJ 676 A b,rv,2010,other,1051.45,0,1.735,,,1841,0,0.69,0.626,3734
GJ 676 A c,rv,2016,other,13921.4,0,9.726,,,4288,0,0.69,0.626,3734
GJ 676 A d,rv,2012,other,3.60076,0,0.039,,,3.814,1,0.69,0.626,3734
GJ 676 A e,rv,2012,other,35.4736,0,0.181,,,6.674,1,0.69,0.626,3734
GJ 680 b,rv,2022,other,17281.7,0,10.14,,,7977,0,0.459,0.456,3563
GJ 682 b,rv,2014,other,17.478,0,0.08,,,4.4,1,0.298,0.27,3028
GJ 682 c,rv,2014,other,57.32,0,0.176,,,8.7,1,0.298,0.27,3028
GJ 685 b,rv,2019,other,24.16,0,0.1344,,,9,1,0.54,0.55,3816
GJ 687 b,rv,2014,other,38.142,0,0.163,,,17.2,1,0.418,0.4,3413
GJ 687 c,rv,2020,other,727.562,0,1.165,,,16,1,0.418,0.4,3413
GJ 720 A b,rv,2021,other,19.466,0,0.119,,,13.64,1,0.56,0.57,3837
GJ 724 b,rv,2023,other,5.10128,0,0.04685,,,10.75,1,0.522,0.527,3799
GJ 740 b,rv,2021,other,2.37756,0,0.029,,,2.96,1,0.56,0.58,3913
GJ 806 b,tr,2023,TESS,0.926324,0,0.01406,1.331,0.017,1.9,0,0.414,0.413,3600
GJ 806 c,rv,2023,other,6.64064,0,0.0523,,,5.8,1,0.414,0.413,3600
GJ 832 b,rv,2008,other,3853,0,3.7,,,314.7,0,0.442,0.45,3472
GJ 849 b,rv,2006,other,1925.31,0,2.32,,,283.8,1,0.45,0.45,3467
GJ 849 c,rv,2014,other,5990,0,4.95,,,314.7,1,0.45,0.45,3467
GJ 86 b,rv,1999,other,15.7649,0,0.11,,,1405,1,0.77,0.93,5182
GJ 876 b,rv,1998,other,61.1166,0,0.2083,,,723.2,0,0.3,0.32,3294
GJ 876 c,rv,2000,other,30.0881,0,0.1296,,,227,0,0.3,0.32,3294
GJ 876 d,rv,2005,other,1.93778,0,0.02081,,,6.83,0,0.3,0.32,3294
GJ 876 e,rv,2010,other,124.26,0,0.3343,,,14.6,0,0.3,0.32,3294
GJ 887 b,rv,2020,other,9.2619,0,0.0683,,,3.9,1,0.468,0.495,3688
GJ 887 c,rv,2020,other,21.784,0,0.121,,,6.5,1,0.468,0.495,3688
GJ 887 d,rv,2026,other,50.77,0,0.212,,,6.1,1,0.468,0.495,3688
GJ 887 e,rv,2026,other,4.4249,0,0.0417,,,1.46,1,0.468,0.495,3688
GJ 896 A b,ot,2022,other,284.39,0,0.6397,,,718.3,0,0.395,0.436,3345
GJ 900 b,im,2024,other,4.62009e+08,1,1.2e+04,,,3496,0,0.716,1.08,3976
GJ 9066 c,rv,2020,other,771.36,0,0.88,,,66.74,1,0.164,0.15,3154
GJ 9404 b,rv,2023,other,13.4586,0,0.0943,,,11.9,1,0.626,0.62,3811
GJ 96 b,rv,2018,other,73.94,0,0.291,,,19.66,1,0.581,0.6,3785
GJ 9689 b,rv,2020,other,18.27,0,0.1139,,,9.65,1,0.57,0.59,3836
GJ 9714 b,rv,2022,other,19240.8,0,12.32,,,2989,0,0.663,0.67,4263
GJ 9773 b,rv,2025,other,2965,0,2.921,,,172.6,1,0.362,0.358,3528
GJ 9827 b,tr,2017,K2,1.20897,0,0.0189,1.44,0.056,4.28,0,0.58,0.62,4236
GJ 9827 c,tr,2017,K2,3.6481,0,0.0395,1.13,0.053,1.86,0,0.58,0.62,4236
GJ 9827 d,tr,2017,K2,6.20183,0,0.053,1.98,0.053,3.02,0,0.58,0.62,4236
GPX-1 b,tr,2021,other,1.74458,0,0.0338,16.48,0.068,6261,0,1.56,1.68,7000
GQ Lup b,im,2004,other,436557,1,100,33.6,0.167,6356,0,1.94,0.7,4360
GSC 06214-00210 b,im,2010,other,2.20391e+06,1,320,20.18,0.278,5000,0,0.905,0.9,4200
GU Psc b,im,2014,other,5.73051e+07,1,2000,14.18,0.091,3591,0,0.45,0.325,4032
Gaia-1 b,tr,2022,other,3.05252,0,0.04047,13.78,0.017,534,0,0.952,0.949,5470
Gaia-2 b,tr,2022,other,3.69152,0,0.0467,14.82,0.010,259.7,0,1.06,1,5720
Gaia-4 b,ot,2025,other,571.3,0,,,,3750,0,0.624,0.644,4034
Gaia-5 b,ot,2025,other,358.62,0,,,,6633,0,0.345,0.339,3447
Gaia22dkvL b,ml,2024,other,565.431,1,1.4,,,187.8,0,,1.15,
Gaia23braL b,ml,2026,other,4430.26,1,4.847,,,518.1,0,1.36,0.774,5055
Gl 378 b,rv,2019,other,3.822,0,0.03943,,,13.02,1,0.56,0.56,3879
Gl 410 b,rv,2025,other,6.02,0,0.0531,,,8.4,1,0.543,0.55,3842
Gl 49 b,rv,2019,other,13.8508,0,0.0905,,,5.63,1,0.511,0.515,3805
Gl 686 b,rv,2018,other,15.53,0,0.091,,,6.624,1,0.427,0.426,3656
Gl 725 A b,rv,2025,other,11.2201,0,0.068,,,2.78,1,0.351,0.33,3433
Gl 725 B c,rv,2026,other,37.9,0,0.139,,,3.4,1,0.28,0.25,3379
Gliese 12 b,tr,2024,TESS,12.7614,0,0.067,0.93,0.065,0.95,0,0.265,0.255,3328
Gliese 48 b,rv,2026,other,39.6299,0,0.1752,,,8.11,1,0.463,0.47,3450
HAT-P-1 b,tr,2006,other,4.4653,0,0.05561,14.78,0.014,166.9,0,1.17,1.15,5980
HAT-P-11 b,tr,2010,other,4.888,0,0.05258,4.36,0.014,25,0,0.683,0.811,4653
HAT-P-11 c,rv,2018,other,3361,0,4.1,,,851.8,0,0.683,0.811,4653
HAT-P-12 b,tr,2009,other,3.21306,0,0.0384,10.75,0.026,67.06,0,0.701,0.733,4650
HAT-P-13 b,tr,2009,other,2.91625,0,0.04383,14.26,0.051,270.5,0,1.76,1.32,5653
HAT-P-13 c,rv,2009,other,446.27,0,1.258,,,4538,1,1.76,1.32,5653
HAT-P-14 b,tr,2010,other,4.62767,0,0.0596,15.92,0.085,1093,0,1.82,2.65,6600
HAT-P-15 b,tr,2010,other,10.8635,0,0.0965,11.88,0.066,616.6,0,1.07,1,5568
HAT-P-16 b,tr,2010,other,2.77597,0,0.0413,14.68,0.046,1342,0,1.16,1.22,6140
HAT-P-17 b,tr,2012,other,10.3385,0,0.0892,11.77,0.038,184.3,0,0.87,0.99,5246
HAT-P-17 c,rv,2012,other,5584,0,5.6,,,1081,1,0.839,0.92,5337
HAT-P-18 b,tr,2010,other,5.50803,0,0.0559,10.7,0.032,55.52,0,0.717,0.77,4870
HAT-P-19 b,tr,2010,other,4.00878,0,0.04599,11.3,0.013,88.04,0,0.773,0.807,4962
HAT-P-2 b,tr,2007,other,5.63352,0,0.06814,10.66,0.048,2867,0,1.39,1.33,6380
HAT-P-2 c,rv,2023,other,8500,0,,,,3401,0,1.42,1.33,6412
HAT-P-20 b,tr,2010,other,2.87532,0,0.0361,9.718,0.038,2303,0,0.694,0.756,4595
HAT-P-21 b,tr,2010,other,4.12448,0,0.05037,12.44,0.144,1548,0,1.21,1.24,5588
HAT-P-22 b,tr,2010,other,3.21222,0,0.0414,12.89,0.165,785,0,1.11,1.13,5302
HAT-P-23 b,tr,2010,other,1.21288,0,0.0232,15.33,0.066,664.2,0,1.2,1.13,5905
HAT-P-24 b,tr,2010,other,3.35524,0,0.04651,14.57,0.162,238.4,0,1.38,1.37,6373
HAT-P-25 b,tr,2012,other,3.65282,0,0.0466,12.72,0.042,180.8,0,0.919,1.01,5519
HAT-P-26 b,tr,2010,other,4.23452,0,0.04748,7.062,0.063,22.25,0,0.87,1.12,5079
HAT-P-27 b,tr,2011,other,3.03958,0,0.04,11.43,0.063,197.1,0,0.865,0.916,5316
HAT-P-28 b,tr,2011,other,3.25721,0,0.0434,13.59,0.080,199,0,1.1,1.02,5680
HAT-P-29 b,tr,2011,other,5.72319,0,0.0667,13.11,0.111,279.7,0,1.3,1.45,6087
HAT-P-3 b,tr,2007,other,2.8997,0,0.03866,10.54,0.074,206.6,0,0.87,1.06,5185
HAT-P-30 b,tr,2011,other,2.8106,0,0.0419,16.14,0.104,263.8,0,1.31,1.55,6304
HAT-P-31 b,tr,2011,other,5.00542,0,0.061,12.22,0.138,721.5,0,1.39,1.31,6065
HAT-P-32 b,tr,2011,other,2.15001,0,0.03397,22.19,0.023,216.1,0,1.37,1.13,6001
HAT-P-33 b,tr,2011,other,3.47447,0,0.04995,20.74,0.265,292.4,0,1.79,1.82,6446
HAT-P-34 b,tr,2011,other,5.45265,0,0.06774,13.42,0.093,1058,0,1.53,1.39,6442
HAT-P-35 b,tr,2011,other,3.64671,0,0.04978,14.93,0.074,335.6,0,1.44,1.24,6096
HAT-P-36 b,tr,2011,other,1.32735,0,0.0241,14.31,0.016,587.4,0,1.04,1.03,5620
HAT-P-37 b,tr,2011,other,2.79744,0,0.0379,13.2,0.065,371.5,0,0.877,0.929,5500
HAT-P-38 b,tr,2012,other,4.64038,0,0.0523,9.247,0.094,84.86,0,0.923,0.886,5330
HAT-P-39 b,tr,2012,other,3.54387,0,0.0509,17.61,0.060,190.4,0,1.62,1.4,6430
HAT-P-4 b,tr,2007,other,3.05654,0,0.04438,14.28,0.043,213.3,0,1.6,1.25,5860
HAT-P-40 b,tr,2012,other,4.45724,0,0.0608,17.04,0.112,152.6,0,1.94,1.03,6080
HAT-P-41 b,tr,2012,other,2.69405,0,0.04258,22.98,0.244,378.2,0,2.05,2.56,6390
HAT-P-42 b,tr,2012,other,4.64188,0,0.0575,14.35,0.120,331.8,0,1.53,1.18,5743
HAT-P-43 b,tr,2012,other,3.33264,0,0.0444,13.63,0.047,210.4,0,1.08,1.03,5693
HAT-P-44 b,tr,2014,other,4.30122,0,0.0507,13.92,0.063,111.9,0,0.949,0.942,5295
HAT-P-44 c,rv,2014,other,872.2,0,1.752,,,1271,1,0.949,0.942,5295
HAT-P-45 b,tr,2014,other,3.12899,0,0.0452,15.98,0.092,283.5,0,1.32,1.26,6330
HAT-P-46 b,tr,2014,other,4.46313,0,0.0577,14.39,0.157,156.7,0,1.4,1.28,6120
HAT-P-47 b,tr,2026,TESS,4.73217,0,,14.72,0.034,65.47,0,1.51,1.39,6703
HAT-P-49 b,tr,2014,other,2.69155,0,0.04378,17.82,0.113,699.2,0,2.06,2.22,6820
HAT-P-5 b,tr,2007,other,2.78849,0,0.04073,13.56,0.083,311.5,0,1.12,1.04,5960
HAT-P-50 b,tr,2015,other,3.12201,0,0.0453,14.44,0.050,429.1,0,1.7,1.27,6280
HAT-P-51 b,tr,2015,other,4.21802,0,0.05042,13.51,0.014,97.57,0,0.995,0.961,5453
HAT-P-52 b,tr,2015,other,2.7536,0,0.03694,11.31,0.071,260,0,0.893,0.887,5131
HAT-P-53 b,tr,2015,other,1.96162,0,0.03159,14.77,0.069,471.7,0,1.21,1.09,5956
HAT-P-54 b,tr,2015,other,3.79985,0,0.04117,10.58,0.030,241.6,0,0.617,0.645,4390
HAT-P-55 b,tr,2015,other,3.58523,0,0.04628,14.84,0.017,189.4,0,1.1,1.03,5804
HAT-P-56 b,tr,2015,other,2.79083,0,0.0423,16.93,0.073,734.2,0,1.47,1.42,6566
HAT-P-57 b,tr,2015,other,2.4653,0,0.0406,19.5,0.207,448.1,0,1.85,2.77,6330
HAT-P-58 b,tr,2021,other,4.01384,0,0.04994,14.93,0.032,118.2,0,1.53,1.03,6078
HAT-P-59 b,tr,2021,other,4.14198,0,0.05064,12.59,0.012,489.5,0,1.1,1.01,5678
HAT-P-6 b,tr,2007,other,3.85298,0,0.05239,16.59,0.101,419.5,0,1.62,1.79,6570
HAT-P-60 b,tr,2021,other,4.79478,0,0.06277,18.28,0.015,182.4,0,2.2,1.44,6212
HAT-P-61 b,tr,2021,other,1.90231,0,0.0301,10.08,0.030,335.9,0,0.938,1,5587
HAT-P-62 b,tr,2021,other,2.64532,0,0.03772,12.03,0.027,241.9,0,1.17,1.02,5629
HAT-P-63 b,tr,2021,other,3.37773,0,0.04294,12.54,0.029,195.1,0,0.966,0.925,5400
HAT-P-64 b,tr,2021,other,4.00723,0,0.05387,19.09,0.041,184.3,0,1.74,1.3,6457
HAT-P-65 b,tr,2016,other,2.60545,0,0.04042,18.06,0.015,176.1,0,1.67,1.3,5872
HAT-P-66 b,tr,2016,other,2.97209,0,0.04363,17.82,0.082,248.9,0,1.88,1.25,6002
HAT-P-67 b,tr,2017,other,4.81011,0,0.06505,23.99,0.012,143,0,2.62,1.73,6640
HAT-P-68 b,tr,2020,other,2.29841,0,0.02996,12.02,0.011,230.1,0,0.67,0.678,4508
HAT-P-69 b,tr,2019,other,4.78695,0,0.06555,18.79,0.025,1138,0,1.93,1.65,7394
HAT-P-7 b,tr,2008,other,2.20474,0,0.03809,16.93,0.139,584.8,0,2,1.56,6389
HAT-P-70 b,tr,2019,other,2.74432,0,0.04739,20.96,0.067,2155,0,1.86,1.89,8450
HAT-P-8 b,tr,2008,other,3.07634,0,0.04496,15.69,0.093,406.8,0,1.57,1.27,6200
HAT-P-9 b,tr,2008,other,3.92281,0,0.05287,15.61,0.047,238.1,0,1.34,1.28,6350
HATS-1 b,tr,2012,other,3.44646,0,0.0444,14.59,0.100,589.5,0,1.04,0.986,5870
HATS-10 b,tr,2015,other,3.31285,0,0.04491,10.86,0.055,167.2,0,1.1,1.1,5880
HATS-11 b,tr,2016,other,3.61919,0,0.0507,18.03,0.040,263.8,0,1.54,1.33,6563
HATS-12 b,tr,2016,other,3.1427,0,0.0441,7.76,0.061,759.6,0,1.17,1.16,6357
HATS-13 b,tr,2015,other,3.04405,0,0.04057,13.59,0.029,172.6,0,0.887,0.962,5523
HATS-14 b,tr,2015,other,2.76676,0,0.03815,11.65,0.026,340.4,0,0.933,0.967,5346
HATS-15 b,tr,2016,other,1.74749,0,0.02712,12.39,0.036,689.7,0,0.922,0.871,5311
HATS-16 b,tr,2016,other,2.6865,0,0.03744,14.57,0.115,1039,0,1.24,0.97,5738
HATS-17 b,tr,2016,other,16.2546,0,0.1308,8.709,0.072,425.3,0,1.09,1.13,5846
HATS-18 b,tr,2016,other,0.83784,0,0.0174,14.9,0.056,629.1,0,1.02,1.04,5600
HATS-2 b,tr,2013,other,1.35413,0,0.02317,12.58,0.021,435.4,0,0.876,0.904,5227
HATS-22 b,tr,2017,other,4.72281,0,0.05025,10.68,0.040,870.9,0,0.689,0.759,4803
HATS-23 b,tr,2017,other,2.16052,0,0.03397,20.85,0.188,467.2,0,1.2,1.12,5780
HATS-24 b,tr,2017,other,1.3485,0,0.0238,15.64,0.041,718.3,0,1.12,1.07,6125
HATS-25 b,tr,2016,other,4.29864,0,0.05163,14.12,0.079,194.8,0,1.11,0.994,5715
HATS-26 b,tr,2016,other,3.30239,0,0.04735,19.62,0.120,206.6,0,2.04,1.3,6071
HATS-27 b,tr,2016,other,4.63704,0,0.0611,16.81,0.103,168.4,0,1.74,1.42,6438
HATS-28 b,tr,2016,other,3.18108,0,0.04131,13.38,0.059,213.6,0,0.922,0.929,5498
HATS-29 b,tr,2016,other,4.60587,0,0.05475,14.02,0.049,207.5,0,1.07,1.03,5670
HATS-3 b,tr,2013,other,3.54785,0,0.0485,15.48,0.025,340.4,0,1.4,1.21,6351
HATS-30 b,tr,2016,other,3.17435,0,0.04354,13.17,0.044,224.4,0,1.06,1.09,5943
HATS-31 b,tr,2016,other,3.37796,0,0.0478,18.38,0.134,279.7,0,1.87,1.27,6050
HATS-32 b,tr,2016,other,2.81265,0,0.04024,14,0.096,292.4,0,1.1,1.1,5700
HATS-33 b,tr,2016,other,2.54956,0,0.03727,13.79,0.078,378.9,0,1.02,1.06,5659
HATS-34 b,tr,2016,other,2.10616,0,0.03165,14.37,0.050,302.3,0,0.938,0.952,5456
HATS-35 b,tr,2016,other,1.821,0,0.03199,16.41,0.039,388.4,0,1.43,1.32,6300
HATS-36 b,tr,2018,other,4.17519,0,0.0523,12.92,0.029,1022,0,1.1,1.1,5950
HATS-37 A b,tr,2020,other,4.33154,0,0.04913,6.793,0.026,31.47,0,0.877,0.843,5326
HATS-38 b,tr,2020,other,4.37502,0,0.05036,6.882,0.028,23.52,0,1.1,0.89,5732
HATS-39 b,tr,2018,other,4.57763,0,0.06007,17.6,0.076,200.2,0,1.62,1.38,6572
HATS-4 b,tr,2014,other,2.51673,0,0.0362,11.43,0.036,420.5,0,0.925,1,5403
HATS-40 b,tr,2018,other,3.26427,0,0.04997,17.71,0.089,505.3,0,2.26,1.56,6460
HATS-41 b,tr,2018,other,4.19365,0,0.0583,14.91,0.184,3083,0,1.71,1.5,6424
HATS-42 b,tr,2018,other,2.2921,0,0.03689,15.69,0.139,597.5,0,1.48,1.27,6060
HATS-43 b,tr,2018,other,4.38885,0,0.04944,13.23,0.042,82.95,0,0.812,0.837,5099
HATS-44 b,tr,2018,other,2.7439,0,0.03649,11.96,0.092,178,0,0.847,0.86,5080
HATS-45 b,tr,2018,other,4.18762,0,0.05511,14.41,0.072,222.5,0,1.31,1.27,6450
HATS-46 b,tr,2018,other,4.74237,0,0.05272,10.66,0.030,50.22,0,0.894,0.869,5451
HATS-47 b,tr,2020,other,3.9228,0,0.04269,12.52,0.013,117.3,0,0.656,0.674,4512
HATS-48 A b,tr,2020,other,3.13167,0,0.03769,8.967,0.019,77.23,0,0.715,0.728,4546
HATS-49 b,tr,2020,other,4.14805,0,0.04515,8.575,0.017,112.2,0,0.698,0.713,4405
HATS-5 b,tr,2014,other,4.76339,0,0.0542,10.22,0.027,75.32,0,0.871,0.936,5304
HATS-50 b,tr,2017,other,3.8297,0,0.05046,12.67,0.066,124,0,1.12,1.17,5990
HATS-51 b,tr,2017,other,3.34887,0,0.04639,15.8,0.135,244.1,0,1.44,1.19,5758
HATS-52 b,tr,2017,other,1.36665,0,0.02498,15.49,0.062,711.9,0,1.05,1.11,6010
HATS-53 b,tr,2017,other,3.85378,0,0.04753,15.02,0.042,189.1,0,1.1,0.964,5644
HATS-54 b,tr,2019,other,2.54418,0,0.037,11.38,0.024,239.3,0,1.23,1.05,5621
HATS-55 b,tr,2019,other,4.2042,0,0.05412,14.02,0.021,292.7,0,1.13,1.2,6214
HATS-56 b,tr,2019,other,4.3248,0,0.06043,18.92,0.028,191.3,0,2.2,1.57,6536
HATS-57 b,tr,2019,other,2.35062,0,0.03493,12.77,0.025,1000,0,0.96,1.03,5587
HATS-58 A b,tr,2019,other,4.21809,0,0.05798,12.27,0.057,327.4,0,1.43,1.46,7175
HATS-59 b,tr,2018,other,5.41608,0,0.06112,12.62,0.068,256.2,0,1.04,1.04,5670
HATS-59 c,rv,2018,other,1422,0,2.504,,,4036,1,1.04,1.04,5670
HATS-6 b,tr,2015,other,3.32527,0,0.03623,11.19,0.019,101.4,0,0.57,0.574,3724
HATS-60 b,tr,2018,other,3.56083,0,0.04708,12.92,0.046,210.4,0,1.46,1.1,5688
HATS-61 b,tr,2018,other,7.81795,0,0.07908,13.39,0.056,1081,0,1.66,1.08,5542
HATS-62 b,tr,2018,other,3.27688,0,0.04163,11.83,0.024,56.89,0,0.933,0.896,5416
HATS-63 b,tr,2018,other,3.05665,0,0.04026,13.53,0.032,305.1,0,1.07,0.931,5627
HATS-64 b,tr,2018,other,4.9089,0,0.06562,18.82,0.048,305.1,0,2.11,1.56,6554
HATS-65 b,tr,2018,other,3.10516,0,0.04497,16.82,0.033,260.9,0,1.31,1.26,6277
HATS-66 b,tr,2018,other,3.14144,0,0.04714,15.82,0.060,1694,0,1.84,1.41,6626
HATS-67 b,tr,2018,other,1.60918,0,0.03032,18.89,0.028,460.9,0,1.44,1.44,6594
HATS-68 b,tr,2018,other,3.58622,0,0.05071,13.81,0.028,410,0,1.75,1.35,6147
HATS-69 b,tr,2018,other,2.22526,0,0.03211,10.59,0.023,183.4,0,0.878,0.892,5137
HATS-7 b,tr,2015,other,3.18532,0,0.04012,6.311,0.071,38.14,0,0.815,0.849,4985
HATS-70 b,tr,2019,other,1.88824,0,0.03632,15.51,0.055,4100,0,1.88,1.78,7930
HATS-71 b,tr,2020,other,3.79552,0,0.03745,11.48,0.018,117.6,0,0.478,0.486,3405
HATS-72 b,tr,2020,other,7.32795,0,0.06652,8.097,0.004,39.86,0,0.721,0.731,4656
HATS-74 A b,tr,2021,other,1.73186,0,0.02384,11.57,0.020,464,0,0.576,0.601,3777
HATS-75 b,tr,2021,other,2.78866,0,0.03274,9.909,0.015,156.1,0,0.585,0.602,3790
HATS-76 b,tr,2021,other,1.94164,0,0.02658,12.09,0.029,835.6,0,0.626,0.662,4016
HATS-77 b,tr,2021,other,3.08763,0,0.03607,13.06,0.018,436.7,0,0.643,0.655,4071
HATS-8 b,tr,2015,other,3.58389,0,0.04667,9.785,0.113,43.86,0,1.09,1.06,5679
HATS-9 b,tr,2015,other,1.91529,0,0.0312,13.85,0.025,266,0,1.56,1.1,5599
HD 100508 b,rv,2026,other,5681,0,6.11,,,381.4,0,1.02,0.94,5419
HD 100546 b,im,2014,other,90970,1,53,77.34,0.406,2702,0,1.85,2.4,1.05e+04
HD 100655 b,rv,2011,other,157.57,0,0.68,,,511.7,1,10.1,2.28,4891
HD 100777 b,rv,2007,other,383,0,1.06,,,390.9,0,1.04,1.08,5533
HD 101581 b,tr,2025,TESS,4.46569,0,0.046,0.956,0.065,,0,0.63,0.653,4675
HD 101581 c,tr,2025,TESS,6.20401,0,0.0573,0.99,0.071,,0,0.63,0.653,4675
HD 10180 c,rv,2010,other,5.75969,0,0.06412,,,2742,0,1.11,1.06,5911
HD 10180 d,rv,2010,other,16.357,0,0.1286,,,3296,0,1.11,1.06,5911
HD 10180 g,rv,2010,other,604.67,0,1.427,,,3375,0,1.11,1.06,5911
HD 101930 b,rv,2005,other,70.46,0,0.3,,,79.46,1,0.86,0.57,5108
HD 102117 b,rv,2005,other,20.8133,0,0.15,,,54.03,1,1.23,1.06,5655
HD 102195 b,rv,2006,other,4.11377,0,0.05,,,130.3,1,0.82,0.76,5301
HD 102272 b,rv,2008,other,127.58,0,0.51,,,1570,1,10.3,1.45,4790
HD 102329 b,rv,2011,other,778.1,0,1.81,,,2593,1,9.82,3.21,4745
HD 102329 c,rv,2016,other,1123,0,,,,483.1,1,6.3,1.3,4830
HD 102843 b,rv,2019,other,3090.94,0,4.074,,,113.9,1,0.961,0.95,5436
HD 102888 b,rv,2025,other,252.06,0,1.05,,,1808,1,8.6,2.42,4990
HD 102956 b,rv,2010,other,6.4947,0,0.0807,,,305.1,1,4.55,1.66,4985
HD 103197 b,rv,2011,other,47.84,0,0.25,,,28.6,1,0.88,0.8,5250
HD 103720 b,rv,2014,other,4.5557,0,0.0498,,,197,1,0.73,0.794,5017
HD 103774 b,rv,2013,other,5.8881,0,0.07,,,116,1,1.58,1.33,6489
HD 103891 b,rv,2022,other,1919,0,3.27,,,918.5,0,2.22,1.28,6072
HD 103949 b,rv,2019,other,120.878,0,0.439,,,11.2,1,0.753,0.77,4792
HD 104067 b,rv,2011,other,55.851,0,0.2674,,,62.1,1,0.78,0.82,4952
HD 104067 c,rv,2024,other,13.8992,0,0.1058,,,13.2,1,0.78,0.82,4952
HD 10442 b,rv,2014,other,1032.3,0,2.01,,,472.6,1,1.97,1.01,4912
HD 104985 b,rv,2003,other,199.68,0,0.715,,,1767,1,11.1,1.22,4738
HD 105618 b,rv,2022,other,10.0224,0,0.091,,,25.43,1,1.27,1.01,5671
HD 105618 c,rv,2022,other,77114.1,0,35.73,,,8420,0,1.27,1.01,5671
HD 105779 b,rv,2022,other,2412,0,3.38,,,203.4,1,0.94,0.89,5792
HD 106252 b,rv,2002,other,1535,0,2.655,,,3178,0,1.05,1.05,5874
HD 106270 b,rv,2011,other,1888,0,3.34,,,3623,0,2.66,1.39,5509
HD 106315 b,tr,2017,K2,9.55237,0,0.0907,2.44,0.070,12.6,0,1.3,1.09,6327
HD 106315 c,tr,2017,K2,21.057,0,0.1536,4.35,0.053,15.2,0,1.3,1.09,6327
HD 10647 b,rv,2006,other,989.2,0,2.015,,,298.8,1,1.1,1.11,6218
HD 106515 A b,rv,2012,other,3626,0,4.48,,,6007,0,0.91,0.89,5362
HD 106906 b,im,2013,other,4.94214e+06,1,650,,,3496,0,2.12,1.5,6516
HD 10697 b,rv,1999,other,1075.38,0,2.051,,,1825,0,1.86,0.99,5641
HD 107148 b,rv,2005,other,48.056,0,0.269,,,66.74,1,1.17,1.12,5797
HD 107148 c,rv,2021,other,18.3267,0,0.1407,,,19.9,1,1.17,1.11,5753
HD 108147 b,rv,2002,other,10.8985,0,0.102,,,82.95,1,1.21,1.22,6256
HD 108202 b,rv,2023,other,2990,0,3.7,,,953.5,0,0.664,0.74,4556
HD 108236 b,tr,2020,TESS,3.79596,0,0.04527,1.615,0.032,,0,0.877,0.869,5660
HD 108236 c,tr,2020,TESS,6.20345,0,0.062,2.071,0.025,,0,0.877,0.869,5660
HD 108236 e,tr,2020,TESS,19.59,0,0.1367,3.083,0.017,,0,0.877,0.869,5660
HD 108236 f,tr,2021,other,29.5411,0,0.1758,2.017,0.027,,0,0.877,0.869,5660
HD 108341 b,rv,2014,other,1129,0,2,,,715.1,0,0.79,0.843,5122
HD 108863 b,rv,2011,other,437.7,0,1.32,,,767.2,1,5.74,1.59,4878
HD 108874 b,rv,2002,other,394.481,0,1.04,,,451.3,1,1.05,1.1,5600
HD 108874 c,rv,2005,other,1624,0,2.659,,,314.6,1,1.05,0.95,5551
HD 109246 b,rv,2010,other,68.27,0,0.33,,,273.3,1,1.07,1.2,5844
HD 109271 b,rv,2013,other,7.8543,0,0.079,,,17.16,1,1.29,1.05,5783
HD 109271 c,rv,2013,other,30.93,0,0.196,,,24.15,1,1.29,1.05,5783
HD 109286 b,rv,2021,other,520.1,0,1.259,,,950.3,1,1.09,0.98,5694
HD 109749 b,rv,2005,other,5.23989,0,0.0615,,,85.81,1,1.22,1.13,5824
HD 10975 b,rv,2021,other,283.8,0,0.95,,,143,1,11.2,1.41,4840
HD 109833 b,tr,2022,TESS,9.18853,0,,2.888,0.048,,0,1,1.08,5881
HD 109833 c,tr,2022,TESS,13.9001,0,,2.59,0.072,,0,1,1.08,5881
HD 109988 b,rv,2022,other,17132.2,0,12.52,,,6935,0,0.87,0.88,5186
HD 110014 b,rv,2009,other,835.477,0,2.14,,,3525,1,20.9,2.17,4445
HD 110067 b,tr,2023,other,9.11368,0,0.0793,2.2,0.014,5.69,0,0.788,0.798,5266
HD 110067 c,tr,2023,other,13.6737,0,0.1039,2.388,0.015,6.3,0,0.788,0.798,5266
HD 110067 d,tr,2023,other,20.5196,0,0.1362,2.852,0.014,8.52,0,0.788,0.798,5266
HD 110067 e,tr,2023,other,30.7931,0,0.1785,1.94,0.021,3.9,0,0.788,0.798,5266
HD 110067 f,tr,2023,other,41.0585,0,0.2163,2.601,0.016,5.04,0,0.788,0.798,5266
HD 110067 g,tr,2023,other,54.7699,0,0.2621,2.607,0.020,8.4,0,0.788,0.798,5266
HD 110082 b,tr,2021,TESS,10.1827,0,0.113,3.2,0.031,,0,1.19,1.21,6200
HD 110113 b,tr,2021,TESS,2.541,0,0.035,2.05,0.059,4.55,0,0.968,0.997,5732
HD 110113 c,rv,2021,other,6.744,0,0.068,2.114,2.197,10.5,1,0.968,0.997,5732
HD 110537 b,rv,2022,other,24469.7,0,16.71,,,8613,0,1.17,1.02,5718
HD 11112 b,rv,2022,other,17244.9,0,13.38,,,2599,0,1.47,1.07,5906
HD 111232 b,rv,2003,other,1169.13,0,2.148,,,2532,0,0.9,0.96,5512
HD 111232 c,rv,2022,other,26472.4,0,17.25,,,5741,0,0.9,0.96,5512
HD 111591 b,rv,2017,other,1056.4,0,2.5,,,1398,1,8.03,1.94,4884
HD 111998 b,rv,2016,other,810,0,1.91,,,1526,0,1.45,1.4,6557
HD 112300 b,rv,2023,other,466.63,0,1.33,,,5031,1,65.8,1.4,3657
HD 112570 b,rv,2023,other,2615,0,3.9,,,1087,0,9.85,1.15,4750
HD 112640 b,rv,2020,other,613.2,0,1.7,,,1589,1,39,1.8,4155
HD 113337 b,rv,2013,other,317.586,0,1.022,,,1036,1,1.5,1.41,6774
HD 113337 c,rv,2020,other,5429.93,0,6.805,,,6300,0,1.5,1.41,6774
HD 11343 c,rv,2022,other,228.537,0,0.923,,,255.5,1,6.84,2.01,4672
HD 113538 b,rv,2010,other,663.2,0,1.24,,,114.4,1,0.53,0.585,4462
HD 113538 c,rv,2010,other,1818,0,2.44,,,295.6,1,0.53,0.585,4462
HD 113996 b,rv,2017,other,610.2,0,1.6,,,2002,1,25.1,1.49,4181
HD 114082 b,tr,2022,TESS,225.55,0,0.791,11.72,0.013,508.5,0,1.48,1.28,6610
HD 114386 b,rv,2003,other,937.7,0,1.73,,,464,0,0.76,0.6,4836
HD 114386 c,rv,2026,other,444,0,1.05,,,117.6,1,0.76,0.8,4895
HD 114729 b,rv,2002,other,1121.79,0,2.067,,,262.2,1,1.47,0.936,5844
HD 114783 b,rv,2001,other,493.7,0,1.16,,,349.6,1,0.841,0.853,5135
HD 114783 c,rv,2016,other,4352,0,5,,,603.9,0,0.841,0.9,5135
HD 11505 b,rv,2022,other,32669.2,0,20.25,,,2511,0,1.2,1.03,5757
HD 11506 b,rv,2007,other,1617.7,0,2.885,,,1551,0,1.24,1.22,6123
HD 11506 c,rv,2008,other,223.92,0,0.771,,,127.1,1,1.24,1.22,6123
HD 11506 d,rv,2022,other,26500,0,18.2,,,4068,0,1.24,1.22,6123
HD 115404 A b,rv,2022,other,10.4949,0,0.088,,,30.83,1,0.727,0.83,5019
HD 115404 A c,rv,2022,other,15319.2,0,11.36,,,3280,0,0.727,0.83,5019
HD 115954 b,rv,2021,other,3700,0,5,,,2686,0,1.21,1.18,5957
HD 116029 b,rv,2011,other,670,0,1.65,,,445,1,4.89,0.83,4819
HD 116029 c,rv,2016,other,907,0,,,,403.6,1,4.6,1.33,4951
HD 117207 b,rv,2004,other,2621.75,0,3.787,,,669.3,0,1.07,1.05,5732
HD 11755 b,rv,2015,other,433.7,0,1.09,,,1789,1,20.6,0.72,4312
HD 117618 b,rv,2004,other,25.8,0,0.18,,,55.3,1,1.2,1.08,5990
HD 118203 b,rv,2005,other,6.13498,0,0.0713,12.78,0.025,680.2,0,2.04,1.27,5742
HD 118203 c,rv,2024,other,5103,0,6.28,,,3747,0,2.04,1.27,5742
HD 11964 b,rv,2005,other,1945,0,3.16,,,198,1,2.01,0.91,5303
HD 11964 c,rv,2008,other,37.91,0,0.229,,,25,1,2.01,0.91,5303
HD 11977 b,rv,2005,other,711,0,1.93,,,2080,1,10.1,1.91,4970
HD 120084 b,rv,2013,other,2142,0,4.21,,,2034,0,10.4,2.16,4879
HD 121504 b,rv,2003,other,63.33,0,0.33,,,479.9,1,1.07,1.62,6027
HD 12235 b,rv,2022,other,4.36305,0,0.054,,,10.49,1,1.8,1.1,5986
HD 12235 c,rv,2022,other,36336.7,0,22.21,,,3136,0,1.8,1.1,5986
HD 122562 c,rv,2022,other,84.9628,0,0.406,,,73.1,1,2.17,1.24,4956
HD 124330 b,rv,2021,other,270.66,0,0.86,,,238.4,1,1.3,1.15,5873
HD 12484 b,rv,2016,other,58.83,0,0.297,,,947.1,1,1,1.01,5920
HD 125136 b,rv,2026,other,849.77,0,,,,718.3,1,5.39,1.55,4959
HD 125271 b,rv,2022,other,14902,0,10.82,,,3466,0,0.751,0.75,4704
HD 125390 b,rv,2019,other,1757.39,0,3.496,,,8646,0,6.47,1.82,4882
HD 125595 b,rv,2011,other,9.6737,0,0.08,,,3531,0,0.74,0.29,4691
HD 125612 b,rv,2007,other,557.7,0,1.349,,,945.2,1,1.07,1.05,5900
HD 125612 c,rv,2009,other,4.15466,0,0.051,,,15.57,1,1.07,1.05,5900
HD 125612 d,rv,2009,other,2822.73,0,3.982,,,2281,0,1.07,1.05,5900
HD 126105 b,rv,2026,other,524,0,1.36,,,530.8,1,4.21,1.2,4875
HD 12648 b,rv,2015,other,133.6,0,0.54,,,622.9,1,11,0.67,4835
HD 126525 b,rv,2018,other,960.41,0,1.837,,,75.33,1,0.979,0.897,5638
HD 12661 b,rv,2000,other,262.709,0,0.84,,,772.3,1,1.2,1.2,5645
HD 12661 c,rv,2002,other,1708,0,2.814,,,899.5,0,1.11,1.02,5748
HD 126614 b,rv,2009,other,1257.25,0,2.249,,,107.7,0,1.37,0.96,5568
HD 127195 b,rv,2026,other,534.5,0,,,,212.9,1,4.16,1.34,4981
HD 127195 c,rv,2026,other,836.99,0,,,,206.6,1,4.16,1.34,4981
HD 127506 b,rv,2022,other,65.784,0,0.287,,,27.33,1,0.736,0.73,4595
HD 128311 b,rv,2002,other,453.019,0,1.084,,,562.2,1,0.76,0.828,4965
HD 128311 c,rv,2005,other,921.538,0,1.74,,,1204,0,0.76,0.828,4965
HD 128356 b,rv,2016,other,298.2,0,0.87,,,282.9,1,0.85,0.65,4875
HD 128717 b,ot,2025,other,3420,0,4.85,,,6293,0,1.25,1.21,6210
HD 129445 b,rv,2009,other,1840,0,2.9,,,797.7,0,1.18,0.99,5646
HD 130322 b,rv,1999,other,10.7087,0,0.0925,,,365.5,1,0.85,0.92,5387
HD 131496 b,rv,2011,other,896,0,2.01,,,572.1,1,4.44,1.34,4846
HD 13167 b,rv,2018,other,2613,0,4.1,,,1052,1,2.39,1.35,5671
HD 13189 b,rv,2005,other,471.6,0,1.25,,,3480,1,38.4,2.24,4175
HD 132406 b,rv,2007,other,908,0,1.98,,,1888,0,1.34,0.973,5766
HD 132563 b,rv,2011,other,1544,0,2.62,,,473.5,1,1.3,1.23,6289
HD 133131 A b,rv,2016,other,649,0,1.44,,,451.3,1,0.955,0.95,5799
HD 133131 A c,rv,2016,other,3568,0,4.49,,,133.5,1,0.955,0.95,5799
HD 133131 B b,rv,2016,other,5769,0,6.15,,,794.6,1,0.99,0.93,5805
HD 134060 b,rv,2019,other,3.2696,0,0.0444,,,10.1,1,1.16,1.09,5966
HD 134060 c,rv,2019,other,1291.56,0,2.393,,,29.29,1,1.16,1.09,5966
HD 134606 b,rv,2024,other,12.089,0,0.1046,,,9.09,1,1.16,1.05,5576
HD 134606 c,rv,2024,other,58.883,0,0.3007,,,11.31,1,1.16,1.05,5576
HD 134606 d,rv,2024,other,966.5,0,1.941,,,44.8,1,1.16,1.05,5576
HD 134606 e,rv,2024,other,4.3203,0,0.0527,,,2.34,1,1.16,1.05,5576
HD 134606 f,rv,2024,other,26.915,0,0.1784,,,5.63,1,1.16,1.05,5576
HD 134987 b,rv,1999,other,258.18,0,0.81,,,511.7,1,1.22,1.1,5736
HD 134987 c,rv,2009,other,5000,0,5.8,,,260,1,1.25,1.1,5585
HD 135344 A b,im,2025,other,16072.1,1,16.5,16.25,0.031,3178,0,1.5,2.32,9540
HD 135625 b,rv,2023,other,4055,0,5.4,,,731,0,1.36,1.28,6041
HD 135694 b,tr,2023,TESS,15.9235,0,0.1247,2.857,0.076,6.1,0,1.08,1.02,5712
HD 135872 b,rv,2022,other,2422.33,0,4.172,,,1745,0,3.93,1.65,4992
HD 136118 b,rv,2022,other,1187.6,0,2.327,,,4164,0,1.68,1.18,6097
HD 136352 b,rv,2019,other,11.578,0,0.0964,1.664,0.026,4.72,0,1.06,0.87,5664
HD 136352 c,rv,2019,other,27.5922,0,0.1721,2.916,0.025,11.24,0,1.06,0.87,5664
HD 136352 d,rv,2019,other,107.245,0,0.425,2.562,0.033,8.82,0,1.06,0.87,5664
HD 136418 b,rv,2009,other,464.3,0,1.29,,,680.2,1,3.78,1.48,4989
HD 136925 b,rv,2021,other,4540,0,5.13,,,267,1,1.19,0.875,5773
HD 13724 c,rv,2022,other,142.229,0,0.534,,,50.85,1,1.04,1,5835
HD 137388 b,rv,2011,other,330,0,0.89,,,63.57,1,0.88,0.68,5181
HD 137496 b,tr,2021,K2,1.62116,0,0.02732,1.31,0.042,4.04,0,1.59,1.04,5799
HD 137496 c,rv,2021,other,479.9,0,1.216,,,2435,1,1.59,1.04,5799
HD 13808 b,rv,2021,other,14.1815,0,0.1052,,,11.2,1,0.781,0.771,5035
HD 13808 c,rv,2021,other,53.753,0,0.2554,,,9.96,1,0.781,0.771,5035
HD 13908 b,rv,2013,other,19.382,0,0.154,,,274.9,1,1.67,1.29,6255
HD 13908 c,rv,2013,other,931,0,2.03,,,1630,1,1.67,1.29,6255
HD 13931 b,rv,2009,other,4218,0,5.15,,,889.9,0,1.25,1.3,5867
HD 139357 b,rv,2008,other,1124.79,0,2.949,,,6316,0,11.5,2.69,4700
HD 1397 b,tr,2018,TESS,11.5353,0,0.1097,11.5,0.025,131.9,0,2.34,1.32,5521
HD 14067 b,rv,2014,other,2744,0,5.15,,,4863,0,12.4,2.4,4815
HD 140901 b,rv,2022,other,9.02378,0,0.085,,,15.57,1,0.95,0.99,5610
HD 140901 c,rv,2022,other,14386,0,11.8,,,572.1,0,0.95,1.06,5610
HD 141004 b,rv,2021,other,15.5083,0,0.1238,,,13.63,1,1.39,1.05,5885
HD 141399 b,rv,2014,other,94.44,0,0.415,,,143.3,1,1.39,1.07,5600
HD 141399 c,rv,2014,other,201.99,0,0.689,,,422.7,1,1.39,1.07,5600
HD 141399 d,rv,2014,other,1069.8,0,2.09,,,375,1,1.39,1.07,5600
HD 141399 e,rv,2014,other,5000,0,5,,,209.8,1,1.39,1.07,5600
HD 141937 b,rv,2002,other,662.37,0,1.54,,,3591,0,1.03,1.09,5870
HD 142 A d,rv,2022,other,108.453,0,0.474,,,82.64,1,1.47,1.21,6245
HD 142 b,rv,2001,other,351.434,0,1.039,,,2257,0,1.47,1.21,6245
HD 142 c,rv,2012,other,10159.6,0,9.811,,,3465,0,1.47,1.21,6245
HD 142022 A b,rv,2005,other,1928,0,2.93,,,1433,0,1.04,0.9,5421
HD 142245 b,rv,2011,other,1299,0,2.78,,,975.7,1,4.63,3.5,4922
HD 142415 b,rv,2003,other,386.3,0,1.06,,,530.8,1,1.04,1.07,5940
HD 143105 b,rv,2016,other,2.1974,0,0.0379,,,384.6,1,1.65,1.51,6380
HD 143361 b,rv,2008,other,1039.15,0,1.988,,,1383,0,0.916,0.968,5507
HD 143811 AB b,im,2025,other,117000,0,63,15.69,0.071,1939,0,1.68,1.32,6791
HD 144899 b,rv,2022,other,40.4391,0,0.242,,,20.34,1,1.65,1.16,6126
HD 145377 b,rv,2008,other,103.95,0,0.45,,,1913,1,1.05,1.2,6014
HD 145457 b,rv,2010,other,176.13,0,0.762,,,888,1,9.9,1.9,4757
HD 145675 c,rv,2021,other,15732.5,0,20,,,2511,0,0.93,0.97,5338
HD 145934 b,rv,2015,other,2751.53,0,4.89,,,658.5,0,6.93,2.06,4824
HD 1461 b,rv,2010,other,5.77152,0,0.0634,,,6.44,1,1.15,1.02,5765
HD 1461 c,rv,2015,other,13.5052,0,0.1117,,,5.59,1,1.15,1.02,5765
HD 147018 b,rv,2009,other,44.236,0,0.2388,,,674,1,0.938,0.927,5441
HD 147018 c,rv,2009,other,1008,0,1.922,,,2080,1,0.938,0.927,5441
HD 147379 b,rv,2017,other,86.58,0,0.3193,,,21.6,1,0.628,0.58,4090
HD 147513 b,rv,2003,other,528.4,0,1.32,,,385,1,0.98,1.11,5883
HD 14787 b,rv,2018,other,676.6,0,1.7,,,356.3,1,5.01,1.43,4946
HD 147873 b,rv,2016,other,116.596,0,0.522,,,1634,1,2.29,1.38,5972
HD 147873 c,rv,2016,other,491.54,0,1.36,,,731,1,2.29,1.38,5972
HD 148156 b,rv,2009,other,1027,0,2.45,,,270.1,1,1.21,1.22,6308
HD 148164 b,rv,2018,other,328.55,0,0.993,,,390.9,1,1.34,1.21,6032
HD 148164 c,rv,2018,other,5062,0,6.15,,,1640,1,1.34,1.21,6032
HD 148427 b,rv,2009,other,331.9,0,1.11,,,381.4,0,3.86,1.64,5025
HD 149026 b,rv,2005,other,2.87589,0,0.04364,8.295,0.027,120.8,0,1.41,1.42,6179
HD 149143 b,rv,2005,other,4.07182,0,0.053,,,422.7,1,1.44,1.2,5856
HD 149806 b,rv,2022,other,16521.5,0,12.4,,,4004,0,0.89,0.93,5352
HD 150010 b,rv,2022,other,562,0,1.4,,,762.8,1,16.2,1.3,4153
HD 1502 b,rv,2011,other,428.5,0,1.262,,,874,1,4.67,1.46,4947
HD 150706 b,rv,2012,other,5894,0,6.7,,,772.3,0,0.96,1.17,5961
HD 151450 b,rv,2022,other,21.8929,0,0.16,,,38.46,1,1.17,1.14,6092
HD 151450 c,rv,2022,other,18144.8,0,14.13,,,1636,0,1.17,1.14,6092
HD 152079 b,rv,2009,other,2918.92,0,4.187,,,845.7,1,1.13,1.15,5907
HD 152581 b,rv,2011,other,686.5,0,1.66,,,594,1,5.14,1.3,5027
HD 152843 b,tr,2021,TESS,11.6207,0,0.1049,3.05,0.036,9.82,0,1.43,1.15,6310
HD 152843 c,tr,2021,TESS,19.5021,0,0.1482,5.94,0.029,9.67,0,1.43,1.15,6310
HD 15337 b,tr,2019,TESS,4.75598,0,0.05245,1.77,0.018,6.519,0,0.855,0.829,5131
HD 15337 c,tr,2019,TESS,17.1805,0,0.1235,2.526,0.032,6.792,0,0.855,0.829,5131
HD 153557 b,rv,2022,other,7.29903,0,0.068,,,20.34,1,0.745,0.79,4837
HD 153557 c,rv,2022,other,15.2702,0,0.111,,,17.48,1,0.745,0.79,4837
HD 153557 d,rv,2022,other,40654.6,0,21.45,,,8726,0,0.745,0.79,4837
HD 153950 b,rv,2008,other,499.4,0,1.28,,,937.6,1,1.28,1.25,6124
HD 154088 b,rv,2021,other,18.56,0,0.134,,,6.6,1,0.95,0.91,5374
HD 154345 b,rv,2006,other,3280,0,4.158,,,376.9,0,0.85,0.89,5468
HD 154391 b,rv,2023,other,5163,0,7.46,,,2892,0,8.56,2.07,4909
HD 154672 b,rv,2008,other,163.94,0,0.6,,,1707,1,1.32,1.18,5743
HD 154857 b,rv,2004,other,408.6,0,1.29,,,778.7,1,2.3,1.96,5589
HD 154857 c,rv,2014,other,3452,0,5.36,,,820,1,1.76,1.72,5605
HD 155193 b,rv,2021,other,352.65,0,1.04,,,238.4,1,1.76,1.22,6239
HD 155358 b,rv,2007,other,194.3,0,0.63,,,314.7,1,1.38,1.15,5905
HD 155358 c,rv,2007,other,391.9,0,1.02,,,261,1,1.38,0.92,5900
HD 155918 b,rv,2022,other,1.87567,0,0.03,,,7.628,1,1.02,1.03,5772
HD 155918 c,rv,2022,other,17202.2,0,13.18,,,1878,0,1.02,1.03,5772
HD 156098 b,rv,2022,other,21.8585,0,0.167,,,15.89,1,2.76,1.29,6419
HD 156098 c,rv,2022,other,7841.58,0,8.415,,,1662,0,2.76,1.29,6419
HD 156279 b,rv,2011,other,133.404,0,0.502,,,2998,1,0.95,0.94,5453
HD 156279 c,rv,2016,other,4818.25,0,5.486,,,3099,0,0.95,0.94,5453
HD 156411 b,rv,2009,other,842.2,0,1.88,,,235.2,1,2.16,1.25,5900
HD 156668 b,rv,2010,other,4.6455,0,0.05,,,4.15,1,0.72,0.772,4850
HD 156668 c,rv,2021,other,811.3,0,1.57,,,31.5,1,0.775,0.785,4904
HD 156846 b,rv,2007,other,359.51,0,1.12,,,3391,1,1.9,1.38,6090
HD 158038 b,rv,2011,other,521,0,1.5,,,486.3,1,4.5,1.3,4860
HD 158259 b,rv,2020,other,2.178,0,,1.282,0.052,2.22,1,1.21,1.08,5802
HD 158259 c,rv,2020,other,3.432,0,,,,5.6,1,1.21,1.08,5802
HD 158259 d,rv,2020,other,5.19808,0,,,,5.41,1,1.21,1.08,5802
HD 158259 e,rv,2020,other,7.951,0,,,,6.08,1,1.21,1.08,5802
HD 158259 f,rv,2020,other,12.028,0,,,,6.14,1,1.21,1.08,5802
HD 158996 b,rv,2018,other,820.2,0,2.1,,,4450,1,50.3,1.8,4069
HD 15906 b,tr,2023,TESS,10.9247,0,0.09,2.24,0.036,,0,0.762,0.79,4757
HD 15906 c,tr,2023,TESS,21.5833,0,0.141,2.93,0.022,,0,0.762,0.79,4757
HD 159243 b,rv,2013,other,12.62,0,0.11,,,359.1,1,1.12,1.12,6123
HD 159243 c,rv,2013,other,248.4,0,0.8,,,603.9,1,1.12,1.12,6123
HD 159868 b,rv,2006,other,1184.1,0,2.32,,,704.9,1,2.13,1.19,5534
HD 159868 c,rv,2012,other,351,0,1.032,,,244.1,1,2.13,1.19,5534
HD 1605 b,rv,2015,other,577.2,0,1.492,,,296.9,1,3.49,1.33,4915
HD 1605 c,rv,2015,other,2149,0,3.584,,,1151,1,3.49,1.33,4915
HD 160691 b,rv,2000,other,645,0,1.5,,,1367,0,1.33,1.13,5773
HD 160691 c,rv,2004,other,3947,0,4.17,,,1398,0,1.33,1.13,5773
HD 160691 d,rv,2004,other,9.6392,0,0.0952,,,10.49,1,1.33,1.13,5773
HD 160691 e,rv,2006,other,307.9,0,0.96,,,2225,0,1.33,1.13,5773
HD 161178 b,rv,2021,other,279.3,0,0.85,,,181.2,1,10.9,1.06,4786
HD 16141 b,rv,2000,other,75.523,0,0.36,,,82.64,1,1.48,1.11,5757
HD 16175 b,rv,2009,other,990,0,2.12,,,1875,0,1.72,1.63,5981
HD 162020 b,rv,2002,other,8.4282,0,0.08,,,3127,1,0.75,0.42,4723
HD 163607 b,rv,2012,other,75.2203,0,0.362,,,249.1,1,1.76,1.12,5522
HD 163607 c,rv,2012,other,1272,0,2.39,,,699.5,1,1.76,1.12,5522
HD 16417 b,rv,2008,other,17.24,0,0.14,,,22.1,1,1.64,1.2,5841
HD 164509 b,rv,2012,other,280.17,0,0.87,,,140.8,1,1.11,1.12,5859
HD 164595 b,rv,2015,other,40,0,0.23,,,16.14,1,1.02,0.99,5790
HD 164604 b,rv,2009,other,653.9,0,1.362,,,4195,0,0.78,0.77,4663
HD 164604 c,rv,2026,other,5387,0,5.556,,,3019,0,0.78,0.77,4663
HD 164922 b,rv,2005,other,1207,0,2.16,,,116,1,0.946,0.926,5390
HD 164922 c,rv,2016,other,75.74,0,0.341,,,13,1,0.946,0.926,5390
HD 164922 d,rv,2020,other,12.458,0,0.103,,,4,1,0.946,0.926,5390
HD 164922 e,rv,2021,other,41.763,0,0.2292,,,10.52,1,1,0.921,5393
HD 165131 b,rv,2023,other,2342.6,0,3.54,,,5943,0,1.06,1.06,5870
HD 165155 b,rv,2016,other,434.5,0,1.13,,,918.5,1,0.95,1.02,5426
HD 1666 b,rv,2015,other,270,0,0.94,,,2040,1,1.93,1.5,6317
HD 166724 b,rv,2012,other,5144,0,5.42,,,1208,0,0.797,0.81,5127
HD 167042 b,rv,2007,other,417.67,0,1.22,,,444,1,4.63,1.39,4919
HD 16760 b,rv,2009,other,466.08,0,1.156,,,6833,0,0.835,0.93,5518
HD 167677 b,rv,2023,other,1820,0,2.877,,,905.8,0,0.953,0.96,5474
HD 167768 b,rv,2022,other,20.6532,0,0.1512,,,270.2,1,9.7,1.08,4851
HD 168009 b,rv,2021,other,15.1479,0,0.1192,,,9.535,1,1.21,0.986,5778
HD 168443 b,rv,1998,other,58.1119,0,0.292,,,2424,1,1.71,0.98,5491
HD 168443 c,rv,2000,other,1753.11,0,2.842,,,5500,0,1.71,0.98,5491
HD 168746 b,rv,2002,other,6.404,0,0.07,,,85.81,1,1.09,1.07,5570
HD 168863 b,rv,2022,other,14773.9,0,10.96,,,2155,0,0.778,0.8,4905
HD 1690 b,rv,2010,other,533,0,1.36,,,2794,1,21.7,1.86,4374
HD 16905 b,rv,2022,other,10256,0,8.8,,,3591,0,0.775,0.85,4866
HD 169142 b,im,2023,other,60928.3,1,37.2,,,953.5,0,1.54,1.85,7246
HD 169830 b,rv,2000,other,225.674,0,0.765,,,804.4,1,1.94,1.17,6300
HD 169830 c,rv,2003,other,1818.82,0,3.075,,,2437,0,1.94,1.17,6300
HD 170469 b,rv,2007,other,1145,0,2.24,,,209.8,1,1.24,1.1,5842
HD 17092 b,rv,2007,other,359.9,0,1.31,,,3220,1,13.6,6.73,4326
HD 171028 b,rv,2007,other,550,0,1.32,,,832.7,1,2.47,1.53,5671
HD 171238 b,rv,2009,other,1515,0,2.518,,,2797,0,1.01,0.92,5467
HD 17156 b,rv,2007,other,21.2164,0,0.1632,12.26,0.028,1036,0,1.52,1.28,6046
HD 173416 b,rv,2008,other,322.03,0,1.158,,,585.1,1,13.5,2,4683
HD 174205 b,rv,2022,other,582,0,1.7,,,1335,1,26.6,1.8,4308
HD 175167 b,rv,2009,other,1175,0,2.4,,,4704,0,1.75,1.09,5635
HD 175541 b,rv,2007,other,298.43,0,0.975,,,190.1,1,4.19,1.39,5013
HD 175607 b,rv,2015,other,29.01,0,,,,2456,0,0.7,0.71,5392
HD 17674 b,rv,2017,other,623.8,0,1.42,,,276.5,1,1.18,0.98,5904
HD 176986 b,rv,2017,other,6.49164,0,0.06296,,,1488,0,0.782,0.789,4931
HD 176986 c,rv,2017,other,16.8124,0,0.1187,,,2098,0,0.782,0.789,4931
HD 176986 d,rv,2026,other,61.376,0,0.2815,,,6.76,1,0.782,0.789,4931
HD 177565 b,rv,2017,other,44.505,0,0.246,,,15.1,1,0.971,1,5627
HD 177830 b,rv,1999,other,410.1,0,1.14,,,537.1,1,3.26,1.7,4901
HD 177830 c,rv,2010,other,110.9,0,0.5137,,,47.67,1,2.62,1.47,4949
HD 178911 B b,rv,2001,other,71.484,0,0.34,,,2552,1,1.08,1.24,5588
HD 179079 b,rv,2008,other,14.479,0,0.1214,,,4195,0,1.63,1.14,5646
HD 179949 b,rv,2000,other,3.09251,0,0.0443,,,291.1,1,1.27,1.21,6168
HD 180053 b,rv,2018,other,213.72,0,0.843,,,697.3,1,4.06,1.75,5131
HD 18015 b,rv,2018,other,2278,0,3.87,,,1049,0,3.13,1.49,5603
HD 180314 b,rv,2010,other,394.73,0,1.448,,,7217,1,9.2,2.6,4917
HD 180617 b,rv,2018,other,105.911,0,0.343,,,12.21,1,0.481,0.484,3534
HD 180902 b,rv,2009,other,510.9,0,1.4,,,535.5,1,4.16,1.41,4961
HD 181234 b,rv,2019,other,7593.41,0,7.427,,,2981,0,1.06,0.94,5386
HD 181342 b,rv,2009,other,564.1,0,1.592,,,807.3,1,4.71,1.69,4945
HD 18143 b,rv,2022,other,10.2851,0,0.088,,,10.81,1,0.87,0.85,5078
HD 18143 c,rv,2022,other,28982.4,0,17.53,,,3178,0,0.87,0.85,5078
HD 181433 b,rv,2008,other,9.3745,0,0.0828,,,1709,0,0.79,0.86,4918
HD 181433 c,rv,2008,other,1018.5,0,1.885,,,2207,0,0.79,0.86,4918
HD 181433 d,rv,2008,other,6896.1,0,6.74,,,858.1,0,0.79,0.86,4918
HD 181720 b,rv,2009,other,956,0,1.85,,,127.1,1,1.5,1.03,5736
HD 183263 b,rv,2004,other,624.874,0,1.46,,,1103,1,1.23,1.06,5948
HD 183263 c,rv,2008,other,4667.98,0,5.585,,,2959,0,1.23,1.06,5948
HD 183579 b,tr,2021,TESS,17.4713,0,0.1322,3.49,0.019,20.4,0,0.96,0.996,5784
HD 184010 b,rv,2022,other,286.6,0,0.94,,,98.53,1,4.86,1.35,4971
HD 184010 c,rv,2022,other,484.3,0,1.334,,,95.35,1,4.86,1.35,4971
HD 184010 d,rv,2022,other,836.4,0,1.92,,,143,1,4.86,1.35,4971
HD 18438 b,rv,2023,other,803,0,2.1,,,6674,1,88.5,1.84,3860
HD 185269 b,rv,2006,other,6.83776,0,0.077,,,321,1,2,1.3,5923
HD 185283 b,rv,2023,other,4060,0,4.6,,,413.2,0,0.743,0.8,4848
HD 18599 b,tr,2022,TESS,4.13744,0,0.048,2.6,0.054,24.1,0,0.767,0.863,5145
HD 187085 b,rv,2006,other,1019.74,0,2.1,,,265.7,1,1.27,1.19,6117
HD 187123 b,rv,1998,other,3.09658,0,0.0426,,,166.2,1,1.15,1.04,5790
HD 187123 c,rv,2008,other,3810,0,4.89,,,912.2,0,1.15,1.04,5790
HD 18742 b,rv,2011,other,766,0,1.82,,,1081,1,5.13,1.36,4940
HD 188015 b,rv,2004,other,461.2,0,1.203,,,476.7,1,1.13,1.09,5746
HD 188641 b,rv,2022,other,14583.8,0,12.03,,,9333,0,1.94,1.07,5897
HD 189567 b,rv,2021,other,14.288,0,0.111,,,8.5,1,1.04,0.83,5726
HD 189567 c,rv,2021,other,33.688,0,0.197,,,7,1,1.04,0.83,5726
HD 189733 b,rv,2005,other,2.21858,0,0.03126,12.67,0.009,359.1,0,0.75,0.79,5052
HD 190007 b,rv,2020,other,11.7241,0,0.092,,,15.5,1,0.79,0.77,4610
HD 190228 b,rv,2022,other,1143.6,0,2.406,,,1599,0,2.59,1.42,5360
HD 190360 b,rv,2003,other,2887.5,0,3.965,,,537,0,1.14,0.996,5560
HD 190360 c,rv,2005,other,17.1163,0,0.1298,,,26.2,0,1.14,0.996,5560
HD 190360 d,rv,2026,other,88.69,0,0.3886,,,11.9,0,1.14,0.996,5560
HD 190647 b,rv,2007,other,1176.45,0,2.231,,,630.9,1,1.38,1.07,5656
HD 190984 b,rv,2009,other,4885,0,5.5,,,1138,0,1.53,0.91,5988
HD 191806 b,rv,2016,other,1603.39,0,2.749,,,2967,0,1.4,1.07,6010
HD 191939 b,tr,2020,TESS,8.88033,0,0.0804,3.41,0.022,10,0,0.94,0.81,5348
HD 191939 c,tr,2020,TESS,28.5797,0,0.1752,3.195,0.023,8,0,0.94,0.81,5348
HD 191939 d,tr,2020,TESS,38.353,0,0.2132,2.995,0.023,2.8,0,0.94,0.81,5348
HD 191939 e,rv,2022,other,101.12,0,0.407,,,112.2,1,0.94,0.81,5348
HD 191939 f,rv,2022,other,2898,0,3.71,,,915.3,1,0.94,0.81,5348
HD 191939 g,rv,2022,other,284,0,0.812,,,13.5,1,0.94,0.81,5348
HD 192263 b,rv,1999,other,24.3556,0,0.15,,,178,1,0.74,0.66,4976
HD 192699 b,rv,2007,other,340.94,0,1.063,,,666.2,1,4.41,1.38,5041
HD 194490 b,rv,2022,other,13092.2,0,11.12,,,3562,0,1.15,1.06,5861
HD 195019 b,rv,1998,other,18.2013,0,0.14,,,1265,1,1.48,1.21,5751
HD 196050 b,rv,2002,other,1392,0,2.65,,,1494,0,1.42,1.27,5879
HD 196067 b,rv,2012,other,3413.7,0,4.71,,,3623,0,1.71,1.16,6072
HD 196067 c,rv,2025,other,4.60109,0,,,,10.4,1,1.71,1.16,6072
HD 19615 b,rv,2022,other,402,0,1.1,,,2702,1,32.3,1.1,4263
HD 196885 A b,rv,2007,other,1333,0,2.37,,,820,1,1.31,1.28,6254
HD 197037 b,rv,2012,other,1035.7,0,2.07,,,251,1,1.1,1.11,6150
HD 199509 b,rv,2022,other,99.6217,0,0.426,,,43.22,1,0.92,1.04,5796
HD 19994 b,rv,2003,other,466.2,0,1.305,,,435.4,1,1.8,1.36,6188
HD 20003 b,rv,2019,other,11.8482,0,0.0974,,,11.66,1,0.922,0.875,5494
HD 20003 c,rv,2019,other,33.9239,0,0.1964,,,14.44,1,0.922,0.875,5494
HD 200964 b,rv,2010,other,606.3,0,1.565,,,508.2,1,4.92,1.39,4982
HD 200964 c,rv,2010,other,852.5,0,1.96,,,385.8,1,4.92,1.39,4982
HD 202206 b,rv,2026,other,256.26,0,0.81,,,6849,0,1.04,1.06,5764
HD 202206 c,rv,2004,other,1299.22,0,2.39,,,982.1,0,1.04,1.06,5764
HD 202696 b,rv,2019,other,517.8,0,1.566,,,634.4,0,6.43,1.91,5040
HD 202696 c,rv,2019,other,946.6,0,2.342,,,592.4,0,6.43,1.91,5040
HD 202772 A b,tr,2019,TESS,3.30888,0,0.05208,18.24,0.041,323.5,0,2.55,1.72,6442
HD 203030 b,im,2006,other,4.04999e+06,1,487.1,14.46,0.039,3496,0,0.856,0.94,5603
HD 20329 b,tr,2022,TESS,0.926118,0,0.018,1.72,0.041,7.42,0,1.13,0.9,5596
HD 203387 b,rv,2022,other,512.535,0,1.771,,,1106,1,10.6,2.82,5174
HD 203387 c,rv,2022,other,2481.07,0,5.067,,,2379,0,10.6,2.82,5174
HD 2039 b,rv,2002,other,1120,0,2.2,,,1999,1,1.19,1.23,5945
HD 204313 b,rv,2010,other,2041.12,0,3.185,,,1467,0,1.1,1.03,5767
HD 204313 c,rv,2015,other,34.9588,0,0.211,,,17.16,1,1.1,1.03,5767
HD 204313 e,rv,2022,other,7325.65,0,7.457,,,4868,0,1.1,1.03,5767
HD 204941 b,rv,2011,other,1733,0,2.55,,,73.1,1,0.78,0.58,5026
HD 205158 b,rv,2022,other,25.338,0,0.177,,,124.6,1,1.88,1.16,6134
HD 205739 b,rv,2008,other,279.8,0,0.896,,,435.4,1,1.33,1.22,6176
HD 206255 b,rv,2019,other,96.045,0,0.461,,,34.2,1,2.22,1.42,5635
HD 206610 b,rv,2009,other,673.2,0,1.74,,,647.1,1,6.12,1.55,4842
HD 206893 b,im,2021,other,11100,0,10.75,14.01,0.016,6198,0,1.31,1.31,6500
HD 206893 c,im,2022,other,2290,0,3.74,16.37,0.082,3528,0,1.31,1.31,6500
HD 207496 b,tr,2023,TESS,6.44101,0,0.0629,2.25,0.049,6.1,0,0.769,0.8,4819
HD 20781 b,rv,2019,other,5.3135,0,0.0529,,,1.93,1,0.834,0.7,5256
HD 20781 c,rv,2019,other,13.8905,0,0.1004,,,5.33,1,0.834,0.7,5256
HD 20781 d,rv,2019,other,29.158,0,0.1647,,,10.61,1,0.834,0.7,5256
HD 20781 e,rv,2019,other,85.5073,0,0.3374,,,14.03,1,0.834,0.7,5256
HD 20782 b,rv,2006,other,597.064,0,1.365,,,472.8,1,1.13,1.04,5782
HD 207832 b,rv,2012,other,160.07,0,0.586,,,178,1,0.89,1.05,5726
HD 207832 c,rv,2012,other,1155.7,0,2.112,,,232,1,0.901,0.94,5710
HD 207897 b,tr,2021,TESS,16.2017,0,0.117,2.343,0.046,14.8,0,0.783,0.821,5106
HD 20794 e,rv,2017,other,147.02,0,0.509,,,4.77,1,0.93,0.813,5401
HD 20794 f,rv,2025,other,647.6,0,1.354,,,5.82,1,0.93,0.79,5368
HD 208487 b,rv,2004,other,129.36,0,0.53,,,146.2,1,1.16,1.15,6134
HD 208527 b,rv,2012,other,875.5,0,2.1,,,3146,1,51.1,1.6,4035
HD 20868 b,rv,2008,other,380.85,0,0.95,,,397.3,1,0.76,0.39,4802
HD 208897 b,rv,2017,other,358.27,0,1.063,,,379.5,1,4.98,1.25,4860
HD 209458 b,rv,1999,other,3.52475,0,0.04707,15.58,0.014,232,0,1.19,1.23,6091
HD 210193 b,rv,2019,other,649.918,0,1.487,,,153.1,1,1.06,1.04,5790
HD 210277 b,rv,1998,other,442.19,0,1.13,,,410,1,1.07,1.01,5538
HD 210702 b,rv,2007,other,355.5,0,1.079,,,481.5,1,4.54,1.33,4912
HD 211403 b,rv,2021,other,223.8,0,0.768,,,1761,1,1.21,1.2,6273
HD 211810 b,rv,2018,other,1558,0,2.656,,,212.9,1,1.13,1.03,5652
HD 211970 b,rv,2019,other,25.201,0,0.143,,,13,1,0.574,0.61,4127
HD 212301 b,rv,2005,other,2.24571,0,0.03,,,162.1,1,1.16,1.55,6239
HD 212771 b,rv,2009,other,380.7,0,1.19,,,759.6,1,5.27,1.56,5003
HD 213240 b,rv,2001,other,882.7,0,1.89,,,1656,0,1.51,1.57,5979
HD 213472 b,rv,2021,other,17000,0,13,,,1112,1,1.43,1.05,5730
HD 213519 b,rv,2022,other,11.1221,0,0.099,,,9.217,1,1.08,1.05,5840
HD 213885 b,tr,2019,TESS,1.00804,0,0.02012,1.745,0.030,8.83,0,1.1,1.07,5978
HD 213885 c,rv,2019,other,4.78503,0,0.0568,,,19.95,1,1.1,1.07,5978
HD 21411 b,rv,2019,other,84.288,0,0.362,,,65.9,1,0.826,0.89,5605
HD 214823 b,rv,2016,other,1854.84,0,3.08,,,5915,0,2.04,1.11,6215
HD 215152 b,rv,2018,other,5.75999,0,0.05764,,,565.4,0,0.73,0.77,4935
HD 215152 c,rv,2018,other,7.28243,0,0.06739,,,468.8,0,0.73,0.77,4935
HD 215152 d,rv,2018,other,10.865,0,0.08799,,,770.4,0,0.73,0.77,4935
HD 215152 e,rv,2018,other,25.1967,0,0.1542,,,975.4,0,0.73,0.77,4935
HD 21520 b,tr,2024,TESS,25.1292,0,0.1726,2.697,0.033,17.7,0,1.04,1.09,5871
HD 215497 b,rv,2009,other,3.93404,0,0.05,,,1589,0,0.85,0.67,5110
HD 215497 c,rv,2009,other,566,0,1.31,,,111.2,0,0.85,0.92,5113
HD 216435 b,rv,2002,other,1311,0,2.56,,,400.4,1,1.8,1.3,5999
HD 216437 b,rv,2002,other,1359,0,2.57,,,1335,0,1.39,1.22,5909
HD 216520 b,rv,2020,other,35.45,0,0.198,,,10.26,1,0.76,0.82,5103
HD 216520 c,rv,2020,other,154.43,0,0.528,,,9.44,1,0.76,0.82,5103
HD 216536 b,rv,2015,other,148.6,0,0.61,,,333.7,1,9.83,0.81,4639
HD 216770 b,rv,2003,other,118.45,0,0.46,,,181.2,1,0.93,0.74,5399
HD 21693 b,rv,2019,other,22.6786,0,0.1455,,,8.23,1,0.914,0.8,5430
HD 21693 c,rv,2019,other,53.7357,0,0.2586,,,17.37,1,0.914,0.8,5430
HD 217107 b,rv,1998,other,7.12702,0,0.07359,,,459.6,0,1.22,1.04,5622
HD 217107 c,rv,2005,other,5138.7,0,5.922,,,1389,0,1.22,1.04,5622
HD 21749 c,tr,2019,TESS,7.78993,0,0.0695,0.892,0.068,3.7,0,0.695,0.73,4640
HD 217786 b,rv,2011,other,1301.36,0,2.446,,,4403,0,1.27,1.14,5966
HD 217786 c,rv,2022,other,2.52221,0,0.038,,,7.31,1,1.27,1.14,5966
HD 217958 b,rv,2022,other,2560.2,0,3.758,,,166.5,0,1.33,1.08,5931
HD 218566 b,rv,2010,other,225.7,0,0.69,,,63.57,1,0.85,0.76,4730
HD 219077 b,rv,2012,other,5478.69,0,5.935,,,3058,0,1.91,0.92,5362
HD 219134 b,rv,2015,other,3.09293,0,0.03876,1.602,0.034,4.74,0,0.778,0.81,4699
HD 219134 c,rv,2015,other,6.76458,0,0.0653,1.511,0.031,4.36,0,0.778,0.81,4699
HD 219134 d,rv,2015,other,46.859,0,0.237,1.61,0.012,16.17,0,0.778,0.81,4699
HD 219134 f,rv,2015,other,22.717,0,0.1463,1.31,0.015,7.3,0,0.778,0.81,4699
HD 219134 g,rv,2015,other,94.2,0,0.3753,,,10.81,1,0.77,0.794,4913
HD 219134 h,rv,2015,other,2247,0,3.11,,,108.1,1,0.77,0.794,4913
HD 219139 b,rv,2021,other,275.5,0,0.94,,,247.9,1,11.2,1.46,4831
HD 219415 b,rv,2012,other,2093.3,0,3.2,,,317.8,1,2.9,1,4820
HD 219666 b,tr,2018,TESS,6.03447,0,0.06356,4.898,0.012,17.6,0,1.06,1.02,5540
HD 219828 b,rv,2007,other,3.83483,0,0.049,,,19.07,1,1.56,1.04,5891
HD 219828 c,rv,2016,other,4789.87,0,5.657,,,5102,0,1.56,1.04,5891
HD 220074 b,rv,2012,other,672.1,0,1.6,,,5289,1,54.9,2.2,3787
HD 220197 b,rv,2018,other,1728,0,2.729,,,63.57,1,0.98,0.91,5683
HD 220689 b,rv,2012,other,2266.4,0,3.396,,,381.4,0,1.07,1.02,5921
HD 220773 b,rv,2011,other,3724.7,0,4.94,,,460.8,1,1.68,1.16,5940
HD 220842 b,rv,2016,other,218.47,0,0.74,,,1011,1,1.42,1.13,5960
HD 221287 b,rv,2007,other,456.1,0,1.25,,,982,1,1.14,1.25,6304
HD 221416 b,tr,2019,TESS,14.2767,0,0.1228,9.17,0.035,60.5,0,2.94,1.21,5080
HD 221420 b,rv,2019,other,10090,0,10.15,,,7278,0,1.95,1.35,5847
HD 221585 b,rv,2016,other,1173,0,2.306,,,511.7,1,1.85,1.19,5620
HD 222076 b,rv,2016,other,871,0,1.83,,,495.8,1,4.1,1.07,4806
HD 222155 b,rv,2011,other,3999,0,5.14,,,581.6,0,1.85,1.21,5701
HD 222237 b,rv,2024,other,14892,0,10.8,,,1650,0,0.71,0.76,4751
HD 222582 b,rv,1999,other,572.38,0,1.34,,,2660,1,1.13,1.12,5790
HD 224018 b,rv,2025,other,10.6413,0,0.0952,0.91,0.665,4.1,0,1.15,1.01,5784
HD 224018 c,tr,2025,K2,36.5767,0,0.217,2.42,0.031,10.4,0,1.15,1.01,5784
HD 224018 d,tr,2025,K2,138.073,0,0.53,2.4,0.042,4.2,0,1.15,1.01,5784
HD 224538 b,rv,2016,other,1202.05,0,2.375,,,2076,0,1.54,1.23,6097
HD 224693 b,rv,2006,other,26.6904,0,0.191,,,222.5,1,1.93,1.31,5894
HD 22496 b,rv,2021,other,5.09071,0,0.051,,,5.57,1,0.674,0.684,4385
HD 22532 b,rv,2022,other,872.6,0,1.9,,,673.8,1,5.69,1.57,5038
HD 22781 b,rv,2011,other,528.07,0,1.167,,,4338,1,0.743,0.75,5027
HD 22946 d,tr,2023,TESS,47.4249,0,0.2958,2.607,0.023,26.57,0,1.12,1.1,6169
HD 23079 b,rv,2001,other,735.74,0,1.6,,,845.4,1,1.08,1.16,5994
HD 23079 c,rv,2025,other,5.74891,0,,,,8.26,1,1.08,1.16,5994
HD 23127 b,rv,2006,other,1211.17,0,2.37,,,485.3,1,1.49,1.21,5843
HD 231701 b,rv,2007,other,141.63,0,0.567,,,359.1,1,1.53,1.21,6101
HD 233604 b,rv,2013,other,192,0,0.747,,,2090,1,10.9,1.5,4791
HD 233832 b,rv,2018,other,2058,0,2.827,,,565.7,1,0.68,0.71,4981
HD 23472 b,tr,2019,TESS,17.6671,0,0.1162,2,0.053,8.32,0,0.71,0.67,4684
HD 23472 c,tr,2019,TESS,29.7975,0,0.1646,1.87,0.061,3.41,0,0.71,0.67,4684
HD 23472 d,tr,2022,TESS,3.97664,0,0.04298,0.75,0.083,0.55,0,0.71,0.67,4684
HD 23472 e,tr,2022,TESS,7.90754,0,0.068,0.818,0.089,0.72,0,0.71,0.67,4684
HD 23472 f,tr,2022,TESS,12.1622,0,0.0906,1.137,0.071,0.77,0,0.71,0.67,4684
HD 235088 b,tr,2023,TESS,7.43413,0,0.0706,1.982,0.036,4.15,0,0.772,0.849,5075
HD 23596 b,rv,2003,other,1535.12,0,2.694,,,3787,0,1.53,1.1,6040
HD 238090 b,rv,2020,other,13.671,0,0.0932,,,6.89,1,0.57,0.578,3933
HD 238914 b,rv,2018,other,4100,0,5.7,,,1907,1,12.7,1.47,4769
HD 240210 b,rv,2009,other,501.75,0,1.16,,,1656,1,25.5,0.82,4297
HD 240237 b,rv,2011,other,745.7,0,1.92,,,5050,1,71.2,8.76,3926
HD 24040 b,rv,2006,other,3668,0,4.92,,,1589,0,1.3,1.11,5802
HD 24040 c,rv,2021,other,515.4,0,1.3,,,63.88,1,1.39,1.1,5776
HD 24064 b,rv,2015,other,535.6,0,1.29,,,4097,1,40,1.61,4052
HD 24085 b,rv,2019,other,2.0455,0,0.034,,,11.8,1,1.41,1.22,6034
HD 25015 b,rv,2019,other,6134.43,0,6.248,,,2885,0,0.83,0.86,5160
HD 25171 b,rv,2010,other,1802.29,0,2.971,,,290.8,1,1.23,1.08,6125
HD 25463 b,tr,2023,TESS,7.04914,0,0.076,2.545,0.038,8.7,0,1.42,1.25,6353
HD 25463 c,tr,2023,TESS,3.04405,0,0.0443,1.364,0.083,4.3,0,1.42,1.25,6353
HD 25723 b,rv,2020,other,457.01,0,1.49,,,794.6,1,13.8,2.12,4766
HD 25912 b,rv,2022,other,41.8316,0,0.242,,,38.14,1,0.996,1.08,5921
HD 25912 c,rv,2022,other,26308.7,0,17.85,,,5253,0,0.996,1.08,5921
HD 260655 b,tr,2022,TESS,2.76953,0,0.02933,1.24,0.019,2.14,0,0.439,0.439,3803
HD 260655 c,tr,2022,TESS,5.70588,0,0.04749,1.533,0.032,3.09,0,0.439,0.439,3803
HD 26161 b,rv,2021,other,10942.3,0,10.09,,,9045,0,1.46,1.12,6058
HD 2638 b,rv,2005,other,3.4442,0,0.04,,,133.5,1,0.94,0.77,5186
HD 2685 b,tr,2019,TESS,4.12688,0,0.0568,16.14,0.035,371.9,0,1.56,1.43,6801
HD 27442 b,rv,2000,other,428.1,0,1.271,,,495.8,1,3.18,1.23,4846
HD 27631 b,rv,2012,other,2198.14,0,3.242,,,495.8,0,0.923,0.944,5737
HD 278555 b,tr,2026,TESS,28.8424,0,0.1985,11.03,0.036,267,0,1.62,1.25,6047
HD 27894 b,rv,2005,other,18.0194,0,0.125,,,196.7,1,0.892,0.81,4875
HD 27894 c,rv,2017,other,36.07,0,0.198,,,51.49,1,0.892,0.8,4875
HD 27894 d,rv,2017,other,5019.54,0,5.362,,,2064,0,0.892,0.81,4875
HD 27969 b,rv,2021,other,654.5,0,1.552,,,1526,1,1.27,1.16,5966
HD 28109 b,tr,2022,TESS,22.8911,0,0.1357,2.69,0.086,6.2,0,1.43,1.23,6189
HD 28109 c,tr,2022,TESS,55.9971,0,0.308,4.13,0.036,9.2,0,1.43,1.23,6189
HD 28109 d,tr,2022,TESS,84.2899,0,0.411,3.11,0.048,5.8,0,1.43,1.23,6189
HD 28185 b,rv,2001,other,385.92,0,1.034,,,1859,1,1.05,0.974,5602
HD 28185 c,rv,2022,other,9090,0,8.5,,,1907,0,1.05,0.974,5602
HD 28192 b,rv,2022,other,14.2328,0,0.118,,,99.8,1,1.07,1.08,5920
HD 28254 b,rv,2010,other,1333,0,2.45,,,1208,0,1.48,1.1,5664
HD 284149 AB b,im,2017,other,3.07616e+06,1,431.2,,,8353,0,1.36,1.13,6035
HD 28471 b,rv,2025,other,3.1649,0,0.042,,,3.72,1,1.08,0.98,5766
HD 28471 c,rv,2025,other,6.1245,0,0.065,,,5.72,1,1.08,0.98,5766
HD 28471 d,rv,2025,other,11.681,0,0.1,,,4.91,1,1.08,0.98,5766
HD 285507 b,rv,2013,other,6.0881,0,0.06,,,311.5,1,0.69,0.82,4503
HD 285968 b,rv,2008,other,8.7836,0,0.066,,,8.4,1,0.478,0.5,3703
HD 28678 b,rv,2011,other,380.2,0,1.18,,,490.1,1,6.48,1.53,4972
HD 29021 b,rv,2017,other,1365,0,2.294,,,1421,0,0.85,0.86,5560
HD 290327 b,rv,2009,other,2443,0,3.43,,,772.3,1,0.95,0.84,5505
HD 29399 b,rv,2022,other,892.7,0,1.913,,,499,1,4.5,1.17,4845
HD 2952 b,rv,2013,other,312.08,0,1.117,,,284.8,1,10.9,1.91,4853
HD 29985 b,rv,2022,other,20608.1,0,13.39,,,1739,0,0.575,0.75,4678
HD 30177 b,rv,2002,other,2539,0,3.49,,,2622,0,1.02,0.98,5680
HD 30177 c,rv,2016,other,11320,0,9.9,,,1484,0,1.02,0.98,5680
HD 30562 b,rv,2009,other,1157,0,2.34,,,467.2,0,1.61,1.12,5882
HD 30669 b,rv,2014,other,1684,0,2.69,,,149.4,1,0.91,0.92,5400
HD 30856 b,rv,2011,other,847,0,1.85,,,491.7,1,4.4,1.17,4895
HD 31253 b,rv,2010,other,466,0,1.26,,,197.1,1,1.75,1.7,6130
HD 31527 b,rv,2019,other,16.5535,0,0.1254,,,10.47,1,1.07,0.96,5898
HD 31527 c,rv,2019,other,51.2053,0,0.2663,,,14.16,1,1.07,0.96,5898
HD 31527 d,rv,2019,other,271.674,0,0.8098,,,11.82,1,1.07,0.96,5898
HD 3167 b,tr,2016,K2,0.959655,0,0.01814,1.601,0.026,4.844,0,0.871,0.864,5338
HD 3167 c,tr,2016,K2,29.8465,0,0.1794,2.983,0.025,11.41,0,0.871,0.864,5338
HD 3167 d,rv,2017,other,8.3967,0,0.077,,,7.3,0,0.871,0.864,5338
HD 3167 e,rv,2022,other,91.9,0,0.3797,,,14.9,0,0.871,0.864,5338
HD 32518 b,rv,2009,other,157.35,0,0.594,,,905.5,1,10.2,1.13,4580
HD 32963 b,rv,2015,other,2372,0,3.41,,,657.9,0,1.11,0.94,5727
HD 330075 b,rv,2004,other,3.38773,0,0.04,,,152.6,1,0.84,0.47,5000
HD 331093 b,rv,2021,other,621.62,0,1.44,,,476.7,1,1.11,1.03,5544
HD 33142 b,rv,2011,other,330,0,1.074,,,400.5,1,4.17,1.52,5025
HD 33142 c,rv,2016,other,810.2,0,1.955,,,282.9,1,4.17,1.52,5025
HD 33142 d,rv,2022,other,89.9,0,0.452,,,63.57,1,4.17,1.52,5025
HD 332231 b,tr,2020,TESS,18.712,0,0.145,9.073,0.020,74.1,0,1.27,1.16,6128
HD 33283 b,rv,2006,other,18.1991,0,0.1508,,,104.6,1,1.97,1.38,5935
HD 33564 b,rv,2005,other,388,0,1.1,,,2892,1,1.44,1.25,6250
HD 33844 b,rv,2015,other,551.4,0,1.6,,,638.8,1,5.39,1.84,4861
HD 33844 c,rv,2015,other,916,0,2.24,,,556.2,1,5.29,1.78,4861
HD 34445 b,rv,2009,other,1049,0,2.07,,,260.6,1,1.38,1.14,5879
HD 34445 c,rv,2017,other,214.67,0,0.7181,,,53.5,1,1.38,1.07,5836
HD 34445 d,rv,2017,other,117.87,0,0.4817,,,30.7,1,1.38,1.07,5836
HD 34445 e,rv,2017,other,49.175,0,0.2687,,,16.8,1,1.38,1.07,5836
HD 34445 f,rv,2017,other,676.8,0,1.543,,,37.9,1,1.38,1.07,5836
HD 34445 g,rv,2017,other,5700,0,6.36,,,120.6,1,1.38,1.07,5836
HD 35759 b,rv,2016,other,82.467,0,0.389,,,1195,1,1.76,1.15,6060
HD 35843 b,rv,2025,other,9.8991,0,0.088,,,5.84,1,0.897,0.94,5666
HD 35843 c,tr,2025,TESS,46.9622,0,0.25,2.54,0.030,11.32,0,0.897,0.94,5666
HD 360 b,rv,2021,other,273.1,0,0.98,,,238.4,1,10.9,1.69,4770
HD 36384 b,rv,2023,other,490,0,1.3,,,2098,1,38.4,1.14,3940
HD 3651 b,rv,2003,other,62.25,0,0.295,,,72.47,1,0.872,0.799,5221
HD 37124 b,rv,2002,other,154.378,0,0.5336,,,214.5,1,0.949,0.85,5699
HD 37124 c,rv,2002,other,885.5,0,1.71,,,207.2,1,0.949,0.85,5699
HD 37124 d,rv,2005,other,1862,0,2.807,,,221.2,1,0.949,0.85,5699
HD 37605 b,rv,2004,other,55.0129,0,0.277,,,855,1,0.91,0.94,5329
HD 37605 c,rv,2012,other,2720,0,3.74,,,1014,1,0.91,0.94,5329
HD 3765 b,rv,2021,other,1211,0,2.108,,,54.98,1,0.831,0.852,5050
HD 38283 b,rv,2010,other,363.2,0,1.02,,,127.1,1,1.49,1.37,5981
HD 38529 b,rv,2000,other,14.3099,0,0.115,,,206.6,1,2.86,0.98,5697
HD 38529 c,rv,2000,other,2127.61,0,3.226,,,3299,0,2.86,0.98,5697
HD 38801 b,rv,2009,other,685.25,0,1.623,,,3082,1,2.03,1.21,5338
HD 39091 b,rv,2001,other,2088.8,0,3.28,,,4481,0,1.17,1.07,5998
HD 39194 b,rv,2021,other,5.63692,0,0.05895,,,4.62,1,0.784,0.86,5205
HD 39194 c,rv,2021,other,14.0309,0,0.1083,,,7.49,1,0.784,0.86,5205
HD 39194 d,rv,2021,other,33.874,0,0.1949,,,5.16,1,0.784,0.86,5205
HD 39855 b,rv,2019,other,3.2498,0,0.041,,,8.5,1,0.745,0.87,5576
HD 40307 b,rv,2009,other,4.3123,0,0.0468,,,1189,0,0.717,0.77,4956
HD 40307 c,rv,2009,other,9.6184,0,0.0799,,,1869,0,0.717,0.77,4956
HD 40307 d,rv,2009,other,20.432,0,0.1321,,,1775,0,0.717,0.77,4956
HD 40307 f,rv,2013,other,51.76,0,0.247,,,5.2,1,0.717,0.77,4956
HD 40307 g,rv,2013,other,197.8,0,0.6,,,7.1,1,0.717,0.77,4956
HD 40956 b,rv,2017,other,578.6,0,1.4,,,858.1,1,8.56,2,4869
HD 40979 b,rv,2002,other,264.15,0,0.85,,,1484,1,1.21,1.45,6165
HD 41004 A b,rv,2004,other,963,0,,,,807.2,1,0.85,0.95,5310
HD 41004 B b,rv,2003,other,1.3283,0,,,,5838,1,1.04,0.4,5036
HD 4113 b,rv,2007,other,526.524,0,1.28,,,541.3,1,1.08,1.01,5688
HD 42012 b,rv,2017,other,857.5,0,1.67,,,508.5,1,0.82,0.83,5405
HD 4203 b,rv,2001,other,431.88,0,1.17,,,708.8,1,1.42,1.25,5596
HD 4203 c,rv,2014,other,6700,0,6.95,,,689.7,1,1.5,0.99,5582
HD 4208 b,rv,2001,other,832.97,0,1.662,,,257.4,1,0.846,0.883,5717
HD 42618 b,rv,2016,other,149.61,0,0.554,,,14.4,1,0.999,1.01,5727
HD 4308 b,rv,2005,other,15.56,0,0.12,,,15.89,1,1.02,0.93,5686
HD 4313 b,rv,2009,other,356.21,0,1.157,,,612.5,1,5.14,1.63,4943
HD 43197 b,rv,2010,other,308.921,0,0.882,,,175.8,1,1,0.96,5508
HD 43197 c,rv,2022,other,9295.97,0,8.54,,,2501,0,1,0.96,5508
HD 43691 b,rv,2007,other,36.9987,0,0.238,,,810.5,1,1.6,1.32,6093
HD 44219 b,rv,2010,other,472,0,1.26,,,184.3,0,1.32,1.2,5752
HD 45184 b,rv,2019,other,5.8854,0,0.0644,,,12.19,1,1.08,1.03,5869
HD 45184 c,rv,2019,other,13.1354,0,0.11,,,8.81,1,1.08,1.03,5869
HD 45350 b,rv,2004,other,963.6,0,1.92,,,568.9,1,1.26,0.98,5566
HD 45364 b,rv,2008,other,225.79,0,0.6793,,,60.16,1,0.89,0.82,5466
HD 45364 c,rv,2008,other,345.43,0,0.902,,,174.5,1,0.89,0.82,5466
HD 45652 b,rv,2008,other,44.073,0,0.237,,,137.6,1,0.94,0.92,5294
HD 457 b,rv,2022,other,20324.6,0,15.37,,,8445,0,1.28,1.15,6114
HD 46375 b,rv,2000,other,3.02357,0,0.0398,,,71.8,1,0.914,0.92,5285
HD 47186 b,rv,2008,other,4.0845,0,0.05,,,22.25,1,1.08,0.96,5657
HD 47186 c,rv,2008,other,1353.6,0,2.395,,,111.4,1,1.08,0.96,5657
HD 4732 b,rv,2012,other,371.74,0,1.129,,,631.2,1,5.03,1.39,4898
HD 4732 c,rv,2012,other,3184.2,0,4.725,,,1069,1,5.03,1.39,4898
HD 47366 b,rv,2016,other,360.08,0,1.207,,,661.7,1,7.3,1.81,4866
HD 47366 c,rv,2016,other,677.53,0,1.84,,,483.7,1,7.3,1.81,4866
HD 47536 b,rv,2002,other,712.13,0,1.93,,,2330,1,23.5,2.1,4380
HD 4760 b,rv,2021,other,434,0,1.14,,,4418,1,42.4,1.05,4076
HD 48265 b,rv,2008,other,778.51,0,1.814,,,2352,0,1.9,1.31,5733
HD 48265 c,rv,2026,other,10418,0,10.4,,,1414,0,2.05,1.38,5805
HD 48948 b,rv,2024,other,7.34013,0,0.0652,,,4.88,1,0.679,0.686,4593
HD 48948 c,rv,2024,other,38.06,0,0.1951,,,7.27,1,0.679,0.686,4593
HD 48948 d,rv,2024,other,151.92,0,0.4894,,,10.59,1,0.679,0.686,4593
HD 4917 b,rv,2018,other,400.5,0,1.167,,,513.3,1,5.01,1.32,4802
HD 49674 b,rv,2002,other,4.94737,0,0.06,,,31.78,1,1.02,1.03,5602
HD 50499 b,rv,2005,other,2447.1,0,3.833,,,520,1,1.35,1.25,6102
HD 50499 c,rv,2019,other,8619.9,0,9.02,,,931.2,1,1.42,1.31,6099
HD 50554 b,rv,2002,other,1240,0,2.339,,,1859,0,1.02,1.1,6050
HD 50554 c,tr,2026,TESS,5.96936,0,0.0652,1.31,0.046,5.3,0,1.15,1.04,5968
HD 50554 d,tr,2026,TESS,28.0694,0,0.1831,1.41,0.082,10.4,0,1.15,1.04,5968
HD 51608 b,rv,2019,other,14.0726,0,0.1059,,,12.77,1,0.916,0.8,5358
HD 51608 c,rv,2019,other,95.9446,0,0.3809,,,14.31,1,0.916,0.8,5358
HD 52265 b,rv,2000,other,119.27,0,0.52,,,384.6,1,1.32,1.2,6136
HD 5278 b,tr,2021,TESS,14.3392,0,0.1202,2.45,0.020,7.8,0,1.19,1.13,6203
HD 5278 c,rv,2021,other,40.87,0,0.2416,,,18.4,1,1.19,1.13,6203
HD 5319 b,rv,2007,other,637.1,0,1.57,,,494.5,1,4.06,1.27,4871
HD 5319 c,rv,2014,other,872.2,0,1.93,,,334.7,1,4.06,1.27,4871
HD 5388 b,rv,2010,other,772.5,0,1.757,,,1017,0,1.91,1.21,6297
HD 55696 b,rv,2018,other,1827,0,3.18,,,1357,0,1.52,1.29,6012
HD 5583 b,rv,2016,other,139.35,0,0.53,,,1837,1,9.09,1.01,4830
HD 5608 b,rv,2012,other,768.7,0,1.79,,,371.2,1,5.43,1.29,4807
HD 564 b,rv,2014,other,492.3,0,1.2,,,104.9,1,1.01,0.961,5902
HD 56414 b,tr,2022,TESS,29.0499,0,0.229,3.71,0.054,,0,1.75,1.89,8500
HD 56957 b,rv,2022,other,5859.09,0,6.426,,,1881,0,1.78,1.03,5743
HD 5891 b,rv,2011,other,177.11,0,0.64,,,2425,1,10.6,1.93,4673
HD 59686 A b,rv,2016,other,299.36,0,1.086,,,2199,1,13.2,1.9,4658
HD 60292 b,rv,2020,other,495.4,0,1.5,,,2066,1,27,1.7,4348
HD 60532 b,rv,2008,other,201.9,0,0.77,,,336.9,1,2.57,1.5,6245
HD 60532 c,rv,2008,other,600.1,0,1.6,,,797.8,1,2.57,1.5,6245
HD 6061 b,tr,2023,TESS,5.2549,0,0.06,2.428,0.035,10,0,1.01,1.03,5934
HD 60779 b,tr,2026,TESS,29.9862,0,0.1922,3.246,0.030,14.19,0,1.13,1.05,6081
HD 60779 c,rv,2026,other,104.79,0,,,,28.3,1,1.13,1.05,6081
HD 62364 b,rv,2022,other,5138,0,6.15,,,5966,0,1.4,1.16,6255
HD 62364 c,rv,2022,other,74839.9,0,36.98,,,7923,0,1.4,1.19,6255
HD 62509 b,rv,2006,other,589.64,0,1.64,,,731,1,8.9,2,4893
HD 62549 b,rv,2022,other,14306.9,0,11.84,,,2708,0,1.23,1.08,5930
HD 63433 b,tr,2020,TESS,7.10795,0,0.072,2.14,0.036,21.75,0,0.934,0.956,5553
HD 63433 c,tr,2020,TESS,20.5438,0,0.146,2.692,0.036,15.54,0,0.934,0.956,5553
HD 63433 d,tr,2023,TESS,4.20908,0,0.0503,1.073,0.042,,0,0.912,0.99,5688
HD 63454 b,rv,2005,other,2.81805,0,0.04,12.31,,79.46,1,0.77,0.42,4812
HD 63765 b,rv,2011,other,358,0,0.94,,,168.4,1,0.83,0.65,5449
HD 63935 b,tr,2021,TESS,9.05881,0,0.083,2.916,0.029,10.5,0,0.96,0.941,5513
HD 63935 c,rv,2021,other,21.4027,0,0.148,3.065,0.027,11.1,0,0.96,0.941,5513
HD 64114 b,rv,2019,other,45.791,0,0.246,,,17.8,1,0.883,0.95,5676
HD 64121 b,rv,2022,other,623,0,1.51,,,813.6,1,5.44,1.64,5078
HD 6434 b,rv,2003,other,21.998,0,0.14,,,155.7,1,1.12,1.1,5769
HD 65216 b,rv,2003,other,577.6,0,1.301,,,411.6,1,0.88,0.874,5612
HD 65216 c,rv,2013,other,5370,0,5.75,,,645.2,1,0.88,0.874,5612
HD 66141 b,rv,2012,other,480.5,0,1.2,,,1907,1,21.4,1.1,4323
HD 66428 b,rv,2005,other,2269.82,0,3.395,,,3479,0,1.13,1.01,5716
HD 66428 c,rv,2021,other,10478.8,0,9.408,,,560.6,0,1.13,1.01,5716
HD 67087 b,rv,2015,other,352.2,0,1.08,,,973,1,1.55,1.36,6330
HD 67087 c,rv,2015,other,2374,0,3.86,,,1540,1,1.55,1.36,6330
HD 6718 b,rv,2009,other,2476,0,3.53,,,762.8,0,1.02,0.96,5746
HD 68402 b,rv,2016,other,1103,0,2.18,,,2511,0,1.02,1.12,5950
HD 68475 b,rv,2026,other,7832,0,7.27,,,1640,0,0.791,0.83,5022
HD 6860 b,rv,2023,other,663.87,0,2.03,,,8982,1,86.4,2.49,3802
HD 68988 b,rv,2001,other,6.27711,0,0.07,,,626.1,1,1.19,1.28,5932
HD 68988 c,rv,2021,other,16000,0,13.2,,,4777,0,1.26,1.17,5883
HD 69123 b,rv,2022,other,1193.3,0,2.482,,,982.1,0,7.72,1.68,4842
HD 69830 b,rv,2006,other,8.667,0,0.0785,,,10.2,1,0.887,0.86,5385
HD 69830 c,rv,2006,other,31.56,0,0.186,,,11.8,1,0.887,0.86,5385
HD 69830 d,rv,2006,other,197,0,0.63,,,18.1,1,0.887,0.86,5385
HD 70573 b,rv,2007,other,851.8,0,1.76,,,1900,1,0.977,1,5737
HD 70642 b,rv,2003,other,2124.54,0,3.318,,,1240,0,0.984,1.08,5732
HD 715 b,tr,2026,TESS,56.4,0,0.336,11.99,0.037,201.8,0,2.5,1.6,6070
HD 7199 b,rv,2011,other,615,0,1.36,,,3639,0,0.97,0.77,5371
HD 72490 b,rv,2018,other,858,0,1.88,,,561.9,1,4.96,1.21,4934
HD 72659 b,rv,2002,other,3549,0,4.607,,,949.7,0,1.36,1.03,5929
HD 72659 c,rv,2022,other,35500,0,21.5,,,6166,0,1.36,1.03,5929
HD 72892 b,rv,2016,other,39.446,0,0.228,,,1738,1,1.22,1.01,5688
HD 73256 c,rv,2023,other,2690,0,3.8,,,5085,0,0.945,1,5570
HD 73267 b,rv,2008,other,1257.99,0,2.229,,,1322,0,0.909,0.93,5387
HD 73267 c,rv,2022,other,17071.8,0,12.69,,,1631,0,0.909,0.93,5387
HD 73344 b,tr,2024,K2,15.611,0,0.131,2.884,0.027,10.48,0,1.22,1.2,6253
HD 73344 c,rv,2025,other,65.94,0,0.3388,,,118.5,1,1.22,1.19,6148
HD 73344 d,rv,2025,other,5823,0,6.7,,,810.5,0,1.22,1.19,6148
HD 73526 b,rv,2002,other,188.3,0,0.65,,,978.9,1,1.53,1.14,5601
HD 73526 c,rv,2005,other,379.1,0,1.03,,,715.1,1,1.53,1.01,5601
HD 73534 b,rv,2008,other,1750,0,2.99,,,353.4,1,2.58,1.16,4917
HD 73583 b,tr,2022,TESS,6.39804,0,0.0604,2.79,0.036,10.2,0,0.65,0.73,4511
HD 73583 c,tr,2022,TESS,18.8797,0,0.1242,2.39,0.040,9.7,0,0.65,0.73,4511
HD 74156 b,rv,2003,other,51.6356,0,0.28,,,532.4,1,1.51,1.1,6068
HD 74156 c,rv,2003,other,2448.49,0,3.678,,,2754,0,1.51,1.1,6068
HD 7449 b,rv,2011,other,1270.55,0,2.438,,,2598,0,0.97,1.2,6024
HD 74698 b,rv,2023,other,15.017,0,0.121,,,23,1,1.33,1.04,5783
HD 74698 c,rv,2023,other,3449,0,4.5,,,126,1,1.33,1.04,5783
HD 75289 b,rv,1999,other,3.50927,0,0.05,,,155.7,1,1.23,1.29,6117
HD 75302 b,rv,2023,other,4356,0,5.3,,,1716,0,0.941,1.06,5697
HD 75784 b,rv,2014,other,341.2,0,1.032,,,317.8,1,3.4,1.26,4867
HD 75784 c,rv,2018,other,7900,0,8.4,,,1793,1,3.4,1.26,4867
HD 75898 b,rv,2007,other,422.82,0,1.202,,,810.5,1,1.55,1.29,6122
HD 75898 c,rv,2024,other,6717,0,7.39,,,2698,0,1.55,1.29,6122
HD 76700 b,rv,2002,other,3.97097,0,0.05,,,66.74,1,1.37,0.99,5644
HD 76920 b,rv,2017,other,415.891,0,1.091,,,994.8,1,8.33,1,4664
HD 77338 b,rv,2012,other,5.7361,0,0.06,,,15.9,0,0.97,1.37,5341
HD 77946 b,tr,2024,TESS,6.52736,0,0.073,2.896,0.057,10.9,0,1.32,1.2,6007
HD 79181 b,rv,2021,other,273.1,0,0.9,,,203.4,1,11.1,1.28,4862
HD 7924 b,rv,2008,other,5.39792,0,0.06,,,2058,0,0.78,0.65,5131
HD 7924 c,rv,2015,other,15.299,0,0.1134,,,1763,0,0.782,0.832,5075
HD 7924 d,rv,2015,other,24.451,0,0.1551,,,1568,0,0.782,0.832,5075
HD 79498 b,rv,2011,other,1807,0,2.98,,,425.9,1,1.05,1.08,5748
HD 80606 b,rv,2001,other,111.437,0,0.4603,11.57,0.015,1323,0,1.05,1.05,5565
HD 80653 b,tr,2020,K2,0.719579,0,0.01657,1.621,0.034,5.61,0,1.2,1.15,5959
HD 80869 b,rv,2021,other,1752.92,0,2.905,,,1610,0,1.06,1.06,5837
HD 80883 b,rv,2022,other,6383.78,0,6.462,,,1748,0,0.815,0.88,5178
HD 80913 b,rv,2022,other,10839.8,0,9.95,,,7505,0,1.65,1.11,6013
HD 81040 b,rv,2005,other,1002.7,0,1.946,,,2301,0,0.91,0.99,5755
HD 81688 b,rv,2007,other,183.93,0,0.648,,,525.7,1,11.1,1.07,4797
HD 81817 b,rv,2020,other,1021.2,0,3.233,,,7669,0,83.8,4.3,4140
HD 81817 c,rv,2022,other,622.978,0,2.325,,,7186,1,83.8,4.3,4140
HD 82886 b,rv,2011,other,705,0,1.58,,,740.5,1,5.26,2.53,4953
HD 82943 b,rv,2003,other,441.47,0,1.183,,,534.2,0,1.18,1.08,5935
HD 82943 c,rv,2003,other,220.078,0,0.7435,,,622.6,0,1.18,1.08,5935
HD 8326 b,rv,2019,other,158.991,0,0.533,,,66.6,1,0.783,0.8,4914
HD 83443 b,rv,2002,other,2.98563,0,0.0406,,,127.8,1,0.94,1,5442
HD 83443 c,rv,2022,other,8241,0,8,,,476.7,0,0.94,1,5442
HD 8535 b,rv,2010,other,1313,0,2.45,,,216.1,1,1.19,1.13,6136
HD 85390 b,rv,2011,other,799.52,0,1.373,,,31.47,1,0.8,0.758,5186
HD 85426 c,rv,2026,other,35.73,0,,,,10.3,1,1.13,0.991,5746
HD 8574 b,rv,2002,other,227,0,0.76,,,645.2,1,1.38,1.34,6064
HD 86065 b,rv,2022,other,25775.8,0,15.95,,,2877,0,0.78,0.81,4928
HD 86081 b,rv,2006,other,2.13784,0,0.0346,,,470.4,1,1.46,1.21,5939
HD 86226 b,rv,2009,other,1628,0,2.73,,,143,0,1.05,1.02,5863
HD 86226 c,tr,2020,TESS,3.98442,0,0.049,2.16,0.037,7.25,0,1.05,1.02,5863
HD 86264 b,rv,2009,other,1488.79,0,2.763,,,3117,0,1.88,1.26,6210
HD 86728 b,rv,2025,other,31.1515,0,0.1916,,,9.43,1,1.24,0.967,5610
HD 8673 b,rv,2009,other,1644.69,0,2.97,,,4211,0,1.5,1.28,6389
HD 86950 b,rv,2016,other,1270,0,2.72,,,1144,1,8.8,1.66,4805
HD 87646 b,rv,2016,other,13.481,0,0.117,,,3941,1,1.55,1.12,5770
HD 87816 b,rv,2025,other,484.17,0,1.618,,,2142,1,9,2.41,4989
HD 87816 c,rv,2025,other,7596,0,10.14,,,3878,1,9,2.41,4989
HD 87883 b,rv,2009,other,3006,0,3.77,,,2005,0,0.799,0.8,4980
HD 88072 b,rv,2022,other,18538.8,0,13.89,,,2512,0,1.03,1.04,5785
HD 88133 b,rv,2004,other,3.41488,0,0.0479,,,324.2,0,2.2,1.26,5392
HD 88986 b,rv,2023,other,146.05,0,0.58,2.49,0.072,17.2,0,1.54,1.25,5861
HD 89307 b,rv,2009,other,2166,0,3.27,,,642,0,1.1,1.27,5955
HD 89345 b,tr,2018,K2,11.8143,0,0.1066,7.398,0.044,34.96,0,1.75,1.16,5576
HD 89744 b,rv,1999,other,256.78,0,0.917,,,2654,1,2.13,1.86,6291
HD 89839 b,rv,2023,other,3391.2,0,4.713,,,1748,0,1.29,1.21,6314
HD 90156 b,rv,2011,other,49.77,0,0.25,,,17.98,1,0.92,0.84,5599
HD 9174 b,rv,2016,other,1179,0,2.2,,,352.8,1,1.67,1.03,5577
HD 92788 b,rv,2000,other,325.803,0,0.97,,,1195,1,1.14,1.15,5744
HD 92788 c,rv,2019,other,11611.3,0,10.5,,,1166,1,1.14,1.15,5744
HD 93083 b,rv,2005,other,144.72,0,0.508,,,143.3,1,0.837,0.836,5034
HD 93351 b,rv,2022,other,2.45946,0,0.035,,,3.496,1,0.911,0.94,5408
HD 93351 c,rv,2022,other,14010.3,0,11.15,,,4154,0,0.911,0.94,5408
HD 93385 b,rv,2021,other,7.3426,0,0.0756,,,4.2,1,1.18,1.04,5977
HD 93385 c,rv,2021,other,13.18,0,0.112,,,7.1,1,1.18,1.04,5977
HD 93385 d,rv,2021,other,45.85,0,0.2565,,,8.7,1,1.18,1.04,5977
HD 93963 A b,tr,2022,TESS,1.03761,0,0.02061,1.47,0.047,2.8,0,1.03,1.08,5908
HD 93963 A c,tr,2022,TESS,3.64514,0,0.04726,3.12,0.038,18.4,0,1.03,1.08,5908
HD 9446 b,rv,2009,other,30.052,0,0.189,,,222.5,1,1,1,5793
HD 9446 c,rv,2009,other,192.9,0,0.654,,,578.4,1,1,1,5793
HD 94771 b,rv,2023,other,2164,0,3.48,,,169,1,1.9,1.2,5631
HD 94834 b,rv,2018,other,1576,0,2.74,,,400.5,1,4.2,1.11,4798
HD 94890 b,rv,2025,other,824.61,0,2.07,,,677,1,10.7,1.74,4867
HD 94890 c,rv,2025,other,2492.19,0,4.33,,,2832,1,10.7,1.74,4867
HD 95086 b,im,2013,other,120036,1,55.7,,,1589,0,1.49,1.6,7595
HD 95089 b,rv,2009,other,464.4,0,1.36,,,400.5,1,5.08,1.54,4918
HD 95089 c,rv,2016,other,1785,0,3.33,,,1097,1,5.08,1.54,4918
HD 95127 b,rv,2015,other,482,0,1.28,,,3379,1,41,3.7,4218
HD 95338 b,rv,2020,other,55.0827,0,0.262,4.272,0.009,42.9,0,0.868,0.848,5097
HD 95544 b,rv,2021,other,2041.54,0,3.166,,,1914,0,1.09,1.01,5722
HD 95735 c,rv,2021,other,2946,0,2.94,,,13.6,1,0.368,0.39,3719
HD 95872 b,rv,2015,other,4375,0,5.15,,,1189,1,0.84,0.7,5312
HD 96063 b,rv,2011,other,362.5,0,1.11,,,403.6,1,4.75,1.37,5020
HD 96127 b,rv,2011,other,638.9,0,1.41,,,1208,0,35,0.91,3943
HD 96167 b,rv,2009,other,498.04,0,1.332,,,227.9,1,1.94,1.27,5733
HD 96700 b,rv,2021,other,8.1245,0,0.0777,,,8.9,1,1.16,0.89,5845
HD 96700 c,rv,2021,other,19.88,0,0.141,,,3.5,1,1.16,0.89,5845
HD 96700 d,rv,2021,other,103.5,0,0.424,,,12.7,1,1.16,0.89,5845
HD 96992 b,rv,2021,other,514,0,1.24,,,362.3,1,7.43,0.96,4725
HD 97037 b,rv,2022,other,6449.08,0,6.925,,,6708,0,1.26,1.06,5874
HD 97048 b,ot,2019,other,349462,1,130,,,794.6,0,2.25,2.4,1e+04
HD 97658 b,rv,2010,other,9.48971,0,0.0805,2.12,0.028,8.3,0,0.728,0.85,5212
HD 98219 b,rv,2011,other,433.8,0,1.26,,,624.2,1,4.6,1.41,4925
HD 98649 b,rv,2012,other,5384,0,5.97,,,3083,0,1.01,0.97,5759
HD 98736 b,rv,2018,other,968.8,0,1.864,,,740.5,1,0.93,0.92,5271
HD 99109 b,rv,2005,other,439.3,0,1.11,,,139.8,1,0.98,0.76,5282
HD 99283 b,rv,2021,other,310.4,0,1.08,,,308.3,1,11.2,1.76,4886
HD 99492 b,rv,2004,other,17.0503,0,0.12,,,25.5,1,0.823,0.85,4929
HD 99492 c,rv,2023,other,95.233,0,,,,17.9,1,0.823,0.85,4929
HD 99706 b,rv,2011,other,841,0,1.98,,,390.9,1,5.52,1.46,4862
HD 99706 c,rv,2016,other,1278,0,,,,1808,1,5.4,1.72,4891
HIP 10090 b,rv,2026,other,2960,0,3.87,,,1230,0,1.38,0.94,5661
HIP 10090 c,rv,2026,other,321.82,0,0.9,,,270.2,0,1.38,0.94,5661
HIP 105854 b,rv,2014,other,184.2,0,0.81,,,2606,1,10.3,2.1,4780
HIP 107772 b,rv,2020,other,55.199,0,0.243,,,12.9,1,0.514,0.63,4006
HIP 107773 b,rv,2015,other,144.3,0,0.72,,,629.3,1,11.6,2.42,4945
HIP 109384 b,rv,2016,other,499.48,0,1.134,,,495.8,1,0.831,0.78,5180
HIP 109600 b,rv,2016,other,232.08,0,0.706,,,851.8,1,0.972,0.87,5530
HIP 111909 b,rv,2025,other,487.08,0,1.32,,,384.6,1,4.53,1.28,4891
HIP 111909 c,rv,2025,other,893.63,0,1.97,,,257.4,1,4.53,1.28,4891
HIP 113103 b,tr,2023,TESS,7.6103,0,0.06899,1.829,0.045,,0,0.742,0.761,4930
HIP 113103 c,tr,2023,TESS,14.2456,0,0.1048,2.4,0.037,,0,0.742,0.761,4930
HIP 114933 b,rv,2021,other,1481.6,0,2.84,,,616.6,1,5.27,1.39,4823
HIP 116454 b,tr,2014,K2,9.10042,0,0.0792,2.469,0.039,9.7,0,0.758,0.8,5048
HIP 12961 b,rv,2010,other,57.435,0,0.25,,,114.4,1,0.65,0.69,3901
HIP 14810 b,rv,2005,other,6.67389,0,0.0696,,,1240,1,1.07,1.01,5544
HIP 14810 c,rv,2006,other,147.747,0,0.549,,,416.4,1,1.07,1.01,5544
HIP 14810 d,rv,2009,other,981.8,0,1.94,,,187.5,1,1.07,1.01,5544
HIP 18606 b,rv,2025,other,674.94,0,1.61,,,244.7,1,4.83,1.21,4860
HIP 19976 b,rv,2022,other,50.6591,0,0.234,,,21.61,1,0.772,0.67,4316
HIP 21152 b,im,2022,other,22000,0,17,,,7628,0,1.59,1.4,6655
HIP 29442 c,rv,2023,other,3.53796,0,0.04518,1.551,0.029,4.5,0,0.98,0.901,5289
HIP 29442 d,rv,2023,other,6.42957,0,0.0673,1.538,0.032,5.14,0,0.98,0.901,5289
HIP 34222 b,rv,2021,other,159.986,0,0.492,,,263.8,1,0.619,0.62,4050
HIP 35173 b,rv,2019,other,41.516,0,0.217,,,12.7,1,0.773,0.79,4881
HIP 35965 b,rv,2022,other,26125.6,0,15.9,,,2590,0,0.698,0.78,4836
HIP 38594 b,rv,2020,other,60.722,0,0.256,,,8.1,1,0.627,0.61,4086
HIP 38594 c,rv,2020,other,3477.77,0,3.805,,,48.4,1,0.627,0.61,4086
HIP 39017 b,im,2024,other,31000,0,22.1,,,7501,0,1.52,1.52,7201
HIP 39330 b,rv,2026,other,4650,0,5.05,,,530.8,0,1.03,0.96,5748
HIP 41378 b,tr,2016,K2,15.5721,0,0.1303,2.64,0.009,6.9,0,1.3,1.22,6290
HIP 41378 c,tr,2016,K2,31.7059,0,0.2093,2.74,0.017,5.97,0,1.3,1.22,6290
HIP 41378 d,tr,2016,K2,278.362,0,1.17,3.65,0.008,6.53,0,1.3,1.22,6290
HIP 41378 e,tr,2016,K2,393,0,0.68,5.19,0.008,7.62,0,1.3,1.22,6290
HIP 41378 f,tr,2016,K2,542.08,0,1.394,9.47,0.007,25,0,1.3,1.22,6290
HIP 41378 g,rv,2025,other,63.19,0,,,,6.81,0,1.3,1.22,6290
HIP 4845 b,rv,2020,other,34.15,0,0.176,,,14.4,1,0.604,0.62,4010
HIP 48714 b,rv,2020,other,17.818,0,0.112,,,22.9,1,0.595,0.58,4016
HIP 5158 b,rv,2009,other,345.72,0,0.89,,,451,1,0.75,0.78,4962
HIP 5158 c,rv,2011,other,9017.76,0,7.7,,,4780,1,0.754,0.78,4813
HIP 54373 b,rv,2019,other,7.76,0,0.063,,,8.62,1,0.565,0.57,4021
HIP 54373 c,rv,2019,other,15.144,0,0.099,,,12.44,1,0.565,0.57,4021
HIP 54515 b,im,2026,other,33000,0,24.8,,,5626,0,1.65,1.9,8100
HIP 54597 b,rv,2023,other,3274,0,4,,,762.8,0,0.66,0.8,4799
HIP 55507 b,rv,2022,other,5138.44,0,5.062,,,2586,0,0.724,0.65,4171
HIP 56640 b,rv,2021,other,2675.58,0,4.55,,,2152,0,4.93,1.75,4769
HIP 57274 b,rv,2011,other,8.1352,0,0.07,,,3359,0,0.78,0.29,4510
HIP 57274 c,rv,2011,other,32.03,0,0.178,,,130,1,0.68,0.73,4640
HIP 57274 d,rv,2011,other,431.7,0,1.01,,,167.4,1,0.68,0.73,4640
HIP 5763 b,rv,2021,other,30.014,0,0.17,,,162.1,1,0.75,0.72,4352
HIP 63242 b,rv,2013,other,124.6,0,0.565,,,2918,1,10.3,1.54,4830
HIP 65 A b,tr,2020,TESS,0.980973,0,0.01782,22.75,0.271,1021,0,0.724,0.781,4590
HIP 65407 b,rv,2016,other,28.125,0,0.177,,,136,1,0.952,0.93,5460
HIP 65407 c,rv,2016,other,67.3,0,0.316,,,249.2,1,0.952,0.93,5460
HIP 65426 b,im,2017,other,230220,1,92,16.81,0.067,2860,0,1.77,1.96,8840
HIP 65891 b,rv,2015,other,1089.6,0,2.82,,,1939,0,8.93,2.5,5000
HIP 66074 b,ot,2023,other,310.9,0,0.799,,,1589,0,0.69,0.705,4300
HIP 67522 b,tr,2020,TESS,6.95947,0,0.0748,9.987,0.023,,0,1.38,1.22,5675
HIP 67522 c,tr,2024,TESS,14.3349,0,0.1228,7.936,0.044,,0,1.38,1.22,5675
HIP 67537 b,rv,2017,other,2523.65,0,4.807,,,4309,0,8.69,2.32,4985
HIP 67851 b,rv,2015,other,89.23,0,0.42,,,365.5,1,5.45,1.28,4840
HIP 67851 c,rv,2015,other,3128.41,0,4.55,,,2205,0,5.45,1.28,4840
HIP 70849 b,rv,2011,other,3649,0,3.99,,,1430,0,0.633,0.65,4105
HIP 71135 b,rv,2019,other,87.19,0,0.335,,,18.8,1,0.681,0.66,4146
HIP 74890 b,rv,2016,other,822.3,0,2.1,,,762.8,1,5.77,1.74,4850
HIP 75092 b,rv,2021,other,926.4,0,2.02,,,568.9,1,4.53,1.28,4891
HIP 78530 b,im,2010,other,4.65016e+06,1,740,,,7300,0,2.11,2.5,1.05e+04
HIP 79098 AB b,im,2019,other,1.20866e+06,1,345,,,6516,0,,3.75,9194
HIP 79431 b,rv,2009,other,111.7,0,0.36,,,667.4,1,0.479,0.49,3191
HIP 81208 C b,im,2023,other,104100,0,23.04,,,4704,0,,0.135,
HIP 8152 b,tr,2023,TESS,10.751,0,0.093,2.536,0.058,8.9,0,0.96,0.937,5618
HIP 8152 c,tr,2023,TESS,19.6056,0,0.139,2.524,0.058,10.7,0,0.96,0.937,5618
HIP 81991 b,rv,2026,other,5860,0,6.4,,,3019,0,2.82,1.09,5100
HIP 8541 b,rv,2016,other,1852.14,0,3.729,,,2452,0,6.84,2.01,4672
HIP 86221 b,rv,2021,other,2.224,0,0.031,,,225.7,1,,0.79,
HIP 8923 b,rv,2026,other,5160,0,5.9,,,3172,0,1.32,1.01,5980
HIP 90988 b,rv,2021,other,455.738,0,1.36,,,668.1,1,3.94,1.61,4883
HIP 91258 b,rv,2013,other,5.0505,0,0.06,,,346.4,1,0.89,0.97,5519
HIP 94235 b,tr,2022,TESS,7.71306,0,0.0787,3,0.100,379,0,1.08,1.09,5991
HIP 948 b,rv,2022,other,24955.5,0,15.04,,,6547,0,0.688,0.71,4497
HIP 9618 b,tr,2023,TESS,20.7729,0,0.145,3.828,0.025,8.3,0,0.959,0.942,5649
HIP 9618 c,tr,2023,TESS,52.5636,0,0.269,3.429,0.027,7,0,0.959,0.942,5649
HIP 97166 b,tr,2021,TESS,10.2889,0,0.091,2.48,0.025,19.1,0,0.842,0.934,5216
HIP 97166 c,rv,2021,other,16.432,0,0.124,,,8,1,0.842,0.934,5216
HIP 97233 b,rv,2014,other,1062.27,0,2.491,,,6098,0,5.34,1.81,5020
HIP 98599 b,rv,2026,other,2656,0,3.96,,,2177,0,1.39,1.19,5978
HIP 99770 b,im,2023,other,18600,0,15.8,,,5403,0,1.94,1.9,8000
HN Lib b,rv,2023,other,36.116,0,0.1417,,,5.46,1,0.299,0.291,3347
HN Peg b,im,2006,other,7.55349e+06,1,773,11.78,0.093,6992,0,1.01,1.08,6186
HR 2562 b,im,2016,other,33508,1,22.2,12.44,0.099,6992,0,1.33,1.3,6597
HR 5183 b,rv,2019,other,27000,0,18,,,1052,0,1.53,1.07,5794
HR 810 b,rv,1999,other,302.8,0,0.92,,,1971,0,1.13,1.34,6167
HR 858 b,tr,2019,TESS,3.58529,0,0.04888,2.004,0.023,3.55,0,1.26,1.2,6354
HR 858 c,tr,2019,TESS,5.97386,0,0.0687,1.979,0.027,3.8,0,1.26,1.2,6354
HR 858 d,tr,2019,TESS,11.2305,0,0.1046,2.001,0.032,7.1,0,1.26,1.2,6354
HR 8799 b,im,2008,other,170000,0,68,13,0.077,2000,0,1.49,1.5,7205
HR 8799 c,im,2008,other,69000,0,38,13,0.038,3000,0,1.49,1.5,7205
HR 8799 d,im,2008,other,37000,0,24,13,0.038,3000,0,1.49,1.5,7205
HR 8799 e,im,2010,other,20815.6,0,16.4,13.11,0.103,3178,0,1.49,1.51,7400
HS Psc b,rv,2024,other,3.986,0,0.0435,,,464,1,0.65,0.69,4203
IC 4651 9122 b,rv,2018,other,734,0,2.038,,,2002,1,10.3,2.1,4740
IRAS 04125+2902 b,tr,2024,TESS,8.83498,0,0.077,10.74,0.079,,0,1.45,0.7,4080
K2-10 b,tr,2015,K2,19.3055,0,0.137,3.773,0.018,25.2,0,0.956,0.88,5533
K2-100 b,tr,2016,K2,1.6739,0,0.0301,3.88,0.041,21.8,0,1.24,1.15,5945
K2-101 b,tr,2016,K2,14.6762,0,0.1124,2,0.053,,0,0.76,0.82,4927
K2-102 b,tr,2016,K2,9.91562,0,,1.3,0.077,,0,0.71,0.77,4695
K2-104 b,tr,2016,K2,1.9742,0,0.0242,1.79,0.045,,0,0.48,0.51,3712
K2-105 b,tr,2017,K2,8.26726,0,0.0796,3.4,0.025,15.4,0,0.905,0.94,5373
K2-107 b,tr,2017,K2,3.31396,0,0.0475,15.98,0.034,267,0,1.81,1.3,6061
K2-108 b,tr,2017,K2,4.734,0,0.0581,5.33,0.039,59.4,0,1.76,1.17,5599
K2-11 b,tr,2015,K2,39.9377,0,0.2257,7.55,1.236,,0,5.15,1.35,5433
K2-110 b,tr,2017,K2,13.8637,0,0.1021,2.592,0.038,15.9,0,0.713,0.738,5010
K2-111 b,tr,2017,K2,5.3519,0,0.0565,1.837,0.040,5.35,0,1.25,0.84,5775
K2-111 c,rv,2020,other,15.6748,0,0.1157,,,11.1,1,1.25,0.84,5775
K2-113 b,tr,2017,K2,5.81768,0,0.0642,12.14,0.029,410,0,1.24,1.04,5660
K2-114 b,tr,2017,K2,11.3909,0,0.0944,10.59,0.030,638.8,0,0.832,0.863,4899
K2-115 b,tr,2017,K2,20.273,0,0.1415,11.8,0.028,321,0,0.855,0.918,5870
K2-116 b,tr,2017,K2,4.65541,0,0.048,0.69,0.058,,0,0.669,0.695,4348
K2-117 b,tr,2017,K2,1.2916,0,0.0189,2.03,0.049,,0,0.51,0.54,3778
K2-117 c,tr,2017,K2,5.44402,0,0.0492,2.06,0.058,,0,0.51,0.54,3778
K2-118 b,tr,2017,K2,50.9209,0,0.245,2.54,0.085,,0,0.735,0.756,4726
K2-119 b,tr,2017,K2,7.72728,0,0.0698,2.53,0.079,,0,0.71,0.76,4740
K2-12 b,tr,2015,K2,8.28246,0,0.0792,2.44,0.090,5.2,0,1.12,0.965,5672
K2-121 b,tr,2017,K2,5.18574,0,0.0525,7.16,0.013,51,0,0.675,0.71,4526
K2-122 b,tr,2017,K2,2.2193,0,0.0373,1.16,0.065,,0,0.59,0.63,4009
K2-123 b,tr,2017,K2,30.9515,0,0.1649,2.76,0.058,,0,0.59,0.62,4035
K2-124 b,tr,2017,K2,6.41365,0,0.049,2.9,0.034,,0,0.388,0.39,3570
K2-125 b,tr,2017,K2,21.7503,0,0.121,2.18,0.085,,0,0.402,0.495,3654
K2-126 b,tr,2017,K2,7.38565,0,0.0656,1.97,0.061,,0,0.65,0.69,4339
K2-127 b,tr,2017,K2,3.58816,0,0.0411,8.37,0.039,,0,0.66,0.72,4575
K2-128 b,tr,2017,K2,5.67582,0,0.056,1.42,0.102,,0,0.778,0.711,4470
K2-129 b,tr,2017,K2,8.23949,0,0.057,1.04,0.091,,0,0.36,0.36,3459
K2-13 b,tr,2015,K2,39.9149,0,0.2114,1.89,0.503,,0,0.78,0.8,5698
K2-130 b,tr,2017,K2,2.49412,0,0.032,1.25,0.136,,0,0.744,0.696,4356
K2-131 b,tr,2017,K2,0.369304,0,0.00936,1.69,0.042,7.9,0,0.759,0.803,5120
K2-132 b,tr,2017,K2,9.1751,0,0.0916,14.57,0.054,155.7,0,3.85,1.08,4840
K2-133 b,tr,2017,K2,3.07133,0,0.03194,1.34,0.057,,0,0.455,0.461,3655
K2-133 c,tr,2017,K2,4.86784,0,0.04341,1.603,0.056,,0,0.455,0.461,3655
K2-133 d,tr,2017,K2,11.0245,0,0.07487,2.003,0.053,,0,0.455,0.461,3655
K2-133 e,tr,2019,K2,26.5841,0,0.1346,1.73,0.078,,0,0.455,0.461,3655
K2-136 b,tr,2017,K2,7.97525,0,0.0707,1.014,0.049,4.3,0,0.677,0.742,4500
K2-136 c,tr,2017,K2,17.3072,0,0.1185,3,0.043,18.1,0,0.677,0.742,4500
K2-136 d,tr,2017,K2,25.575,0,0.1538,1.565,0.049,3,0,0.677,0.742,4500
K2-137 b,tr,2017,K2,0.179719,0,0.0058,0.64,0.156,158.9,0,0.29,0.463,3697
K2-138 b,tr,2017,K2,2.35309,0,0.03385,1.51,0.064,3.1,0,0.863,0.935,5356
K2-138 c,tr,2017,K2,3.56004,0,0.04461,2.299,0.045,6.31,0,0.863,0.935,5356
K2-138 d,tr,2017,K2,5.40479,0,0.05893,2.39,0.039,7.92,0,0.863,0.935,5356
K2-138 e,tr,2017,K2,8.26146,0,0.0782,3.39,0.039,12.97,0,0.863,0.935,5356
K2-138 f,tr,2017,K2,12.7576,0,0.1045,2.904,0.047,1.63,0,0.863,0.935,5356
K2-138 g,tr,2021,K2,41.968,0,0.2311,3.013,0.092,4.32,0,0.863,0.935,5356
K2-139 b,tr,2017,K2,28.3806,0,0.1796,9.11,0.019,123,0,0.88,0.96,5370
K2-14 b,tr,2015,K2,8.36802,0,0.0627,4.81,0.087,,0,0.45,0.47,3789
K2-140 b,tr,2017,K2,6.56919,0,0.068,13.56,0.074,295.6,0,1.06,0.96,5585
K2-141 b,tr,2018,K2,0.280324,0,0.00747,1.51,0.033,4.97,0,0.681,0.708,4570
K2-141 c,tr,2018,K2,7.7485,0,0.0683,7,0.529,8,0,0.681,0.708,4570
K2-146 b,tr,2018,K2,2.6446,0,0.0248,2.05,0.029,5.77,0,0.33,0.331,3385
K2-146 c,tr,2019,K2,4.00498,0,0.0327,2.19,0.032,7.49,0,0.33,0.331,3385
K2-147 b,tr,2018,K2,0.961939,0,0.01575,1.473,0.071,,0,0.578,0.563,3690
K2-148 b,tr,2018,K2,4.38395,0,0.0454,1.33,0.139,,0,0.632,0.65,4079
K2-148 c,tr,2018,K2,6.9226,0,0.0616,1.73,0.130,,0,0.632,0.65,4079
K2-148 d,tr,2018,K2,9.7579,0,0.0774,1.64,0.137,,0,0.632,0.65,4079
K2-149 b,tr,2018,K2,11.332,0,0.083,1.64,0.116,,0,0.568,0.595,3745
K2-15 b,tr,2015,K2,11.8104,0,0.091,2.48,0.121,,0,0.68,0.72,5131
K2-150 b,tr,2018,K2,10.5936,0,0.0727,2,0.120,,0,0.436,0.457,3499
K2-151 b,tr,2018,K2,3.83548,0,0.0373,1.49,0.054,,0,0.45,0.47,3695
K2-152 b,tr,2018,K2,32.6479,0,0.1716,2.29,0.107,,0,0.61,0.63,4044
K2-153 b,tr,2018,K2,7.51574,0,0.0614,2,0.098,,0,0.53,0.55,3845
K2-154 b,tr,2018,K2,3.67626,0,0.0405,1.99,0.080,,0,0.63,0.65,4097
K2-154 c,tr,2018,K2,7.95486,0,0.0677,2.07,0.075,,0,0.63,0.65,4097
K2-155 b,tr,2018,K2,6.342,0,0.0562,1.8,0.083,,0,0.58,0.65,4258
K2-155 c,tr,2018,K2,13.85,0,0.0946,2.6,0.173,,0,0.58,0.65,4258
K2-155 d,tr,2018,K2,40.718,0,0.1937,1.9,0.237,,0,0.58,0.65,4258
K2-156 b,tr,2018,K2,0.813143,0,0.0149,1.1,0.068,,0,0.62,0.66,4460
K2-157 b,tr,2018,K2,0.365258,0,0.00962,0.935,0.096,1.14,0,0.86,0.89,5334
K2-157 c,rv,2025,other,25.942,0,0.165,,,30.8,1,0.86,0.89,5334
K2-157 d,rv,2025,other,66.5,0,0.309,,,23.3,1,0.86,0.89,5334
K2-158 b,tr,2018,K2,10.0605,0,0.0887,2.64,0.049,,0,0.95,0.92,5503
K2-158 c,tr,2018,K2,5.90279,0,0.0622,1.28,0.090,,0,0.95,0.92,5503
K2-159 b,tr,2018,K2,12.4221,0,0.1013,2.26,0.062,,0,0.83,0.9,5425
K2-16 b,tr,2015,K2,7.6188,0,0.0667,2.02,0.119,,0,0.66,0.68,4742
K2-16 c,tr,2015,K2,19.0786,0,0.1229,2.54,0.313,,0,0.66,0.68,4742
K2-160 b,tr,2018,K2,3.70587,0,,3.178,0.057,,0,0.914,0.983,5649
K2-161 b,tr,2018,K2,9.28319,0,,6.117,0.197,,0,2.57,0.987,4972
K2-162 b,tr,2018,K2,9.45889,0,0.0795,1.44,0.062,,0,0.69,0.75,4842
K2-163 b,tr,2018,K2,6.67312,0,,2.466,0.077,,0,0.762,0.826,4937
K2-164 b,tr,2018,K2,17.3551,0,,3.249,0.143,,0,2.2,1.18,5791
K2-165 b,tr,2018,K2,2.35499,0,,1.274,0.095,,0,0.804,0.835,5185
K2-165 c,tr,2018,K2,4.38274,0,,1.554,0.103,,0,0.804,0.835,5185
K2-165 d,tr,2018,K2,14.1014,0,,2.648,0.076,,0,0.804,0.835,5185
K2-166 b,tr,2018,K2,8.52695,0,0.0858,2.19,0.089,,0,1.61,1.16,5960
K2-167 b,tr,2018,K2,9.97854,0,0.0932,2.365,0.076,6.5,0,1.5,1.08,6310
K2-168 b,tr,2018,K2,15.8523,0,,1.86,0.094,,0,0.83,0.877,5503
K2-169 b,tr,2018,K2,6.3808,0,,1.273,0.072,,0,0.919,0.986,5548
K2-17 b,tr,2015,K2,17.9675,0,0.119,2.23,0.090,,0,0.66,0.71,4320
K2-170 b,tr,2018,K2,7.57654,0,,1.418,0.117,,0,0.982,0.964,5748
K2-170 c,tr,2018,K2,12.4,0,,1.802,0.112,,0,0.982,0.964,5748
K2-171 b,tr,2018,K2,5.62847,0,,2.687,0.136,,0,1.72,0.892,5250
K2-172 b,tr,2018,K2,14.3169,0,,1.666,0.076,,0,0.869,0.934,5569
K2-172 c,tr,2018,K2,29.6268,0,,3.206,0.051,,0,0.869,0.934,5569
K2-173 b,tr,2018,K2,5.8687,0,,1.608,0.082,,0,0.843,0.882,5580
K2-174 b,tr,2018,K2,19.5623,0,0.126,2.6,0.038,,0,0.676,0.7,4455
K2-175 b,tr,2018,K2,9.52599,0,,2.038,0.154,,0,1.42,1.09,5909
K2-176 b,tr,2018,K2,5.32944,0,,1.491,0.072,,0,0.864,0.939,5428
K2-177 b,tr,2018,K2,14.1552,0,,2.116,0.104,,0,1.21,1.21,6063
K2-178 b,tr,2018,K2,8.74782,0,,3.558,0.048,,0,0.887,0.951,5525
K2-179 b,tr,2018,K2,5.17219,0,,2.513,0.057,,0,0.768,0.824,5015
K2-18 b,tr,2015,K2,32.9396,0,0.1429,2.37,0.093,8.92,0,0.411,0.359,3457
K2-18 c,rv,2017,other,8.962,0,0.06,,,7.51,1,0.411,0.359,3457
K2-180 b,tr,2018,K2,8.86566,0,0.0756,2.466,0.042,11.41,0,0.719,0.735,5365
K2-181 b,tr,2018,K2,6.8941,0,0.0706,2.69,0.056,,0,1.06,0.96,5528
K2-182 b,tr,2018,K2,4.73697,0,0.05174,2.713,0.037,20.98,0,0.789,0.823,5128
K2-183 b,tr,2018,K2,0.469285,0,,1.1,0.082,,0,0.87,0.942,5482
K2-183 c,tr,2018,K2,10.788,0,0.0932,2.3,0.065,,0,0.87,0.942,5482
K2-183 d,tr,2018,K2,22.6203,0,0.1527,2.3,0.087,,0,0.87,0.942,5482
K2-184 b,tr,2018,K2,16.978,0,0.1685,1.47,0.054,,0,0.75,0.84,5245
K2-185 b,tr,2018,K2,10.6164,0,,1.15,0.061,,0,0.94,0.96,5788
K2-185 c,tr,2018,K2,52.7135,0,,2.39,0.038,,0,0.94,0.96,5788
K2-186 b,tr,2018,K2,41.4742,0,,3.172,0.067,,0,0.981,1.02,5784
K2-187 b,tr,2018,K2,0.77401,0,0.0164,1.2,0.167,,0,0.83,0.967,5438
K2-187 c,tr,2018,K2,2.87151,0,0.0392,1.4,0.143,,0,0.83,0.967,5438
K2-187 d,tr,2018,K2,7.14958,0,0.072,2.4,0.125,,0,0.83,0.967,5438
K2-187 e,tr,2018,K2,13.6066,0,0.1106,1.9,0.158,,0,0.83,0.967,5438
K2-188 b,tr,2018,K2,1.74217,0,0.0289,1.35,0.081,,0,1.19,1.06,5977
K2-188 c,tr,2018,K2,7.81025,0,0.0785,2.83,0.053,,0,1.19,1.06,5977
K2-189 b,tr,2018,K2,2.58812,0,0.0361,1.403,0.043,,0,0.879,0.85,5442
K2-189 c,tr,2018,K2,6.67932,0,0.068,2.31,0.041,,0,0.879,0.85,5442
K2-19 b,tr,2015,K2,7.9193,0,0.07487,7,0.029,30.8,0,0.82,0.88,5322
K2-19 c,tr,2015,K2,11.906,0,0.0982,4.1,0.049,11,0,0.82,0.88,5322
K2-19 d,tr,2016,K2,2.50827,0,0.03478,1.044,0.061,6.2,0,0.824,0.892,5350
K2-190 b,tr,2018,K2,10.0989,0,,1.357,0.102,,0,0.912,0.905,5631
K2-190 c,tr,2018,K2,21.574,0,,1.093,0.112,,0,0.912,0.905,5631
K2-191 b,tr,2018,K2,2.85865,0,,1.579,0.126,,0,0.84,0.901,5176
K2-192 b,tr,2018,K2,4.16282,0,0.049,1.52,0.086,,0,0.81,0.9,5222
K2-193 b,tr,2018,K2,14.7869,0,0.1184,3.95,0.030,,0,0.98,1.01,5817
K2-194 b,tr,2018,K2,39.7214,0,,3.642,0.153,,0,1.28,1.11,5979
K2-195 b,tr,2018,K2,15.853,0,0.1208,3.13,0.038,,0,0.99,0.94,5713
K2-195 c,tr,2018,K2,28.4828,0,,2.576,0.082,,0,0.906,0.963,5712
K2-196 b,tr,2018,K2,48.3242,0,,3.6,0.154,,0,1.54,1.16,6045
K2-197 b,tr,2018,K2,8.35788,0,0.0806,2.56,0.062,,0,0.93,1,5667
K2-198 b,tr,2018,K2,17.0429,0,,4.189,0.039,,0,0.757,0.799,5213
K2-198 c,tr,2019,K2,3.35961,0,,1.423,0.041,,0,0.757,0.799,5213
K2-198 d,tr,2019,K2,7.45002,0,,2.438,0.038,,0,0.757,0.799,5213
K2-199 b,tr,2018,K2,3.2254,0,0.0382,1.73,0.026,6.9,0,0.682,0.711,4491
K2-199 c,tr,2018,K2,7.37449,0,0.0662,2.85,0.033,12.4,0,0.682,0.711,4491
K2-200 b,tr,2018,K2,2.84988,0,,1.364,0.091,,0,0.792,0.86,5233
K2-201 b,tr,2018,K2,1.05979,0,,1.4,0.076,,0,0.878,0.956,5507
K2-201 c,tr,2018,K2,22.7799,0,,3.286,0.089,,0,0.878,0.956,5507
K2-2016-BLG-0005L b,ml,2023,K2,4700,0,4.16,,,349.6,0,,0.584,
K2-202 b,tr,2018,K2,3.40516,0,,2.302,0.068,,0,0.911,0.971,5491
K2-203 b,tr,2018,K2,9.6952,0,0.0824,1.265,0.072,,0,0.765,0.793,5026
K2-204 b,tr,2018,K2,7.05591,0,0.0738,3.172,0.053,,0,1.25,1.08,5783
K2-205 b,tr,2018,K2,26.6723,0,,1.996,0.126,,0,1.08,0.951,5890
K2-206 b,tr,2018,K2,18.2945,0,,2.795,0.068,,0,0.758,0.789,5043
K2-207 b,tr,2018,K2,12.4875,0,,2.606,0.111,,0,0.928,0.942,5522
K2-208 b,tr,2018,K2,4.19097,0,0.04878,1.675,0.064,,0,0.872,0.881,5500
K2-209 b,tr,2018,K2,2.08061,0,,0.8685,0.096,,0,0.712,0.745,4720
K2-21 b,tr,2015,K2,9.32504,0,0.076,1.84,0.054,,0,0.647,0.676,4222
K2-21 c,tr,2015,K2,15.5019,0,0.107,2.49,0.072,,0,0.647,0.676,4222
K2-210 b,tr,2018,K2,0.57023,0,,0.86,0.233,,0,0.89,0.912,5500
K2-211 b,tr,2018,K2,0.669561,0,0.01419,1.332,0.060,,0,0.818,0.851,5117
K2-212 b,tr,2018,K2,9.79565,0,0.0785,2.65,0.072,,0,0.678,0.622,4349
K2-213 b,tr,2018,K2,8.13087,0,,1.514,0.168,,0,1.2,1.07,5794
K2-214 b,tr,2018,K2,8.59656,0,0.0834,2.51,0.042,,0,1.24,1.03,5875
K2-215 b,tr,2018,K2,8.26965,0,,2.124,0.098,,0,0.974,1,5704
K2-216 b,tr,2018,K2,2.1748,0,0.028,1.75,0.077,8,0,0.72,0.7,4503
K2-217 b,tr,2018,K2,14.0745,0,,3.579,0.165,,0,1.33,1.1,5967
K2-218 b,tr,2018,K2,8.67989,0,,2.569,0.083,,0,1.01,1.05,5757
K2-219 b,tr,2018,K2,3.90129,0,,1.348,0.142,,0,1.19,1.02,5753
K2-219 c,tr,2018,K2,6.66767,0,,1.438,0.141,,0,1.19,1.02,5753
K2-219 d,tr,2018,K2,11.1373,0,,2.576,0.132,,0,1.19,1.02,5753
K2-22 b,tr,2015,K2,0.381073,0,0.009,2.3,0.043,445,0,0.58,0.595,3879
K2-220 b,tr,2018,K2,13.6819,0,0.1104,2.37,0.044,,0,1.03,0.91,5612
K2-221 b,tr,2018,K2,2.39909,0,,1.679,0.078,,0,0.948,1.01,5716
K2-222 b,tr,2018,K2,15.3889,0,0.1186,2.275,0.044,7.5,0,1.07,0.94,5942
K2-223 b,tr,2018,K2,0.505608,0,0.0135,0.79,0.127,2.8,0,1.05,1.07,5858
K2-223 c,tr,2018,K2,4.56395,0,0.0584,1.41,0.106,4.2,0,1.05,1.07,5858
K2-224 b,tr,2018,K2,4.47904,0,0.0516,1.56,0.096,,0,0.84,0.91,5620
K2-224 c,tr,2018,K2,10.0949,0,0.0886,2.41,0.058,,0,0.84,0.91,5620
K2-225 b,tr,2018,K2,15.8723,0,0.1409,3.609,0.070,,0,1.7,1.48,5520
K2-226 b,tr,2018,K2,3.27109,0,0.04095,1.539,0.062,,0,0.889,0.856,5288
K2-227 b,tr,2018,K2,13.6218,0,,1.666,0.420,,0,0.891,0.951,5673
K2-228 b,tr,2018,K2,2.69828,0,0.0338,1.21,0.066,,0,0.65,0.71,4715
K2-229 b,tr,2018,K2,0.584216,0,0.0131,1,0.020,2.55,0,0.79,0.87,5315
K2-229 c,tr,2018,K2,8.32727,0,0.0769,2.03,0.044,7,0,0.79,0.87,5315
K2-230 b,tr,2018,K2,2.86041,0,0.0409,1.96,0.087,,0,1.39,1.11,5945
K2-231 b,tr,2018,K2,13.8419,0,,2.5,0.080,,0,0.95,1.01,5695
K2-232 b,tr,2018,K2,11.1684,0,0.1016,11.62,0.029,135.7,0,1.21,1.12,6100
K2-232 c,rv,2026,other,1950,0,3.17,,,1688,1,1.21,1.12,6100
K2-233 b,tr,2018,K2,2.46758,0,0.03293,1.315,0.027,2.4,0,0.71,0.79,4796
K2-233 c,tr,2018,K2,7.06024,0,0.0664,1.272,0.030,4.6,0,0.71,0.79,4796
K2-233 d,tr,2018,K2,24.3681,0,0.1516,2.363,0.026,10.3,0,0.71,0.79,4796
K2-237 b,tr,2018,K2,2.18053,0,0.03552,16.06,0.037,434.2,0,1.24,1.26,6180
K2-238 b,tr,2018,K2,3.20466,0,0.046,14.57,0.112,273.3,0,1.59,1.19,5630
K2-239 b,tr,2018,K2,5.24,0,0.0441,1.1,0.091,,0,0.36,0.4,3420
K2-239 c,tr,2018,K2,7.775,0,0.0576,1,0.100,,0,0.36,0.4,3420
K2-239 d,tr,2018,K2,10.115,0,0.0685,1.1,0.091,,0,0.36,0.4,3420
K2-24 b,tr,2016,K2,20.8896,0,0.1673,5.638,0.011,20.6,0,1.19,1.09,5726
K2-24 c,tr,2016,K2,42.3473,0,0.262,7.93,0.016,16.4,0,1.19,1.09,5726
K2-240 b,tr,2018,K2,6.034,0,0.0513,2,0.075,,0,0.54,0.58,3810
K2-240 c,tr,2018,K2,20.523,0,0.1159,1.8,0.111,,0,0.54,0.58,3810
K2-241 b,tr,2018,K2,26.8199,0,0.1567,2.55,0.055,,0,0.75,0.71,5262
K2-242 b,tr,2018,K2,6.51389,0,0.0494,2.54,0.079,,0,0.37,0.38,3459
K2-243 b,tr,2018,K2,11.5418,0,0.1087,2.17,0.060,,0,1.39,1.29,6570
K2-243 c,tr,2018,K2,24.946,0,0.1817,2.01,0.070,,0,1.39,1.29,6570
K2-244 b,tr,2018,K2,21.0688,0,0.1418,1.75,0.066,,0,0.92,0.86,5677
K2-245 b,tr,2018,K2,11.8931,0,0.0959,4.34,0.038,,0,1.25,0.83,5793
K2-246 b,tr,2018,K2,5.76918,0,0.0602,3.49,0.066,,0,0.94,0.87,5610
K2-247 b,tr,2018,K2,2.25021,0,0.0304,2.12,0.083,,0,0.69,0.74,4667
K2-247 c,tr,2018,K2,6.49424,0,0.0615,2.19,0.110,,0,0.69,0.74,4667
K2-248 b,tr,2018,K2,7.17256,0,0.0699,2.57,0.066,,0,0.92,0.88,5528
K2-249 b,tr,2018,K2,12.409,0,0.1151,2.79,0.088,,0,1.57,1.32,6504
K2-25 b,tr,2015,K2,3.48456,0,0.0287,3.44,0.035,24.5,0,0.293,0.263,3207
K2-250 b,tr,2018,K2,4.01392,0,0.04606,2.713,0.058,,0,0.797,0.809,5003
K2-251 b,tr,2018,K2,9.30075,0,0.0694,2.35,0.100,,0,0.49,0.52,3717
K2-252 b,tr,2018,K2,13.8151,0,0.1041,1.74,0.083,,0,0.82,0.79,5152
K2-253 b,tr,2018,K2,4.00167,0,0.0506,12.67,0.051,,0,1.1,1.08,6027
K2-254 b,tr,2018,K2,4.09639,0,0.0448,1.63,0.160,,0,0.67,0.71,4629
K2-254 c,tr,2018,K2,12.1184,0,0.0923,2.19,0.096,,0,0.67,0.71,4629
K2-255 b,tr,2018,K2,1.96417,0,0.0274,2.9,0.067,,0,0.69,0.71,4676
K2-257 b,tr,2018,K2,1.60588,0,0.0216,0.83,0.066,,0,0.5,0.52,3725
K2-258 b,tr,2018,K2,19.0921,0,0.149,3,0.068,,0,1.31,1.21,6351
K2-259 b,tr,2018,K2,15.4804,0,0.1271,2.32,0.080,,0,1.13,1.14,6059
K2-26 b,tr,2016,K2,14.5665,0,0.0962,2.67,0.165,,0,0.52,0.56,3785
K2-260 b,tr,2018,K2,2.6267,0,0.04392,18.42,0.040,546.7,0,1.75,1.64,6860
K2-261 b,tr,2018,K2,11.6335,0,0.1086,9.27,0.038,68.97,0,1.66,1.11,5490
K2-263 b,tr,2018,K2,50.8192,0,0.2573,2.513,0.041,15.4,0,0.85,0.88,5368
K2-264 b,tr,2018,K2,5.84,0,0.05023,2.231,0.066,,0,0.473,0.496,3660
K2-264 c,tr,2018,K2,19.6603,0,0.1128,2.668,0.074,,0,0.473,0.496,3660
K2-265 b,tr,2018,K2,2.36902,0,0.03359,1.708,0.056,7.342,0,0.92,0.901,5420
K2-266 b,tr,2018,K2,0.658524,0,0.01306,3.3,0.470,,0,0.703,0.686,4285
K2-266 c,tr,2018,K2,7.814,0,0.0679,0.705,0.128,,0,0.703,0.686,4285
K2-266 d,tr,2018,K2,14.697,0,0.1035,2.93,0.044,8.9,0,0.703,0.686,4285
K2-266 e,tr,2018,K2,19.482,0,0.1249,2.73,0.046,14.3,0,0.703,0.686,4285
K2-268 b,tr,2018,K2,2.15168,0,0.0308,1.5,0.063,,0,0.78,0.84,5106
K2-268 c,tr,2018,K2,9.32753,0,0.0819,2.69,0.182,,0,0.78,0.84,5106
K2-268 d,tr,2021,K2,4.5286,0,,1.49,0.070,,0,0.78,0.84,5106
K2-268 e,tr,2021,K2,6.13124,0,,1.33,0.071,,0,0.78,0.84,5106
K2-268 f,tr,2021,K2,26.2706,0,,2.23,0.054,,0,0.78,0.84,5106
K2-269 b,tr,2018,K2,4.14497,0,0.0531,1.57,0.076,,0,1.45,1.16,6209
K2-27 b,tr,2016,K2,6.77135,0,0.06702,4.74,0.020,30.2,0,0.876,0.88,5246
K2-270 b,tr,2018,K2,1.54307,0,0.0247,1.38,0.080,,0,0.77,0.85,4877
K2-270 c,tr,2018,K2,4.40003,0,0.0497,2.95,0.054,,0,0.77,0.85,4877
K2-271 b,tr,2018,K2,8.56242,0,0.077,7.28,0.032,,0,0.99,0.83,5644
K2-272 b,tr,2018,K2,14.4537,0,0.1007,3.13,0.094,,0,0.83,0.86,5397
K2-273 b,tr,2018,K2,11.7196,0,0.0729,3.05,0.057,,0,0.85,0.89,5161
K2-274 b,tr,2018,K2,14.133,0,0.0964,2.08,0.046,,0,0.7,0.79,5044
K2-275 b,tr,2018,K2,3.28096,0,0.0277,2.34,0.111,,0,0.69,0.77,4841
K2-275 c,tr,2018,K2,8.43884,0,0.0881,2.21,0.032,,0,0.69,0.77,4841
K2-276 b,tr,2018,K2,18.7183,0,0.1291,3.77,0.056,,0,0.85,0.82,5139
K2-277 b,tr,2018,K2,6.32677,0,0.0664,2.186,0.074,7.4,0,0.973,0.974,5680
K2-278 b,tr,2018,K2,3.33497,0,0.0488,2.98,0.077,,0,1.61,1.4,6747
K2-279 b,tr,2018,K2,7.12261,0,0.067,1.21,0.116,,0,0.86,0.79,5558
K2-28 b,tr,2016,K2,2.26045,0,0.0214,2.32,0.103,,0,0.288,0.257,3214
K2-280 b,tr,2018,K2,19.8953,0,0.1461,7.5,0.059,37.1,0,1.28,1.03,5500
K2-281 b,tr,2018,K2,8.68772,0,0.0773,8.18,0.026,,0,0.76,0.82,4812
K2-282 b,tr,2018,K2,4.16978,0,0.0499,2.5,0.060,,0,1,0.94,5499
K2-283 b,tr,2018,K2,1.92104,0,0.0291,3.52,0.045,,0,0.82,0.89,5060
K2-284 b,tr,2018,K2,4.79507,0,0.04771,2.78,0.047,,0,0.607,0.63,4140
K2-285 b,tr,2018,K2,3.47174,0,0.03817,2.59,0.023,9.68,0,0.787,0.83,4975
K2-285 c,tr,2018,K2,7.13805,0,0.0824,3.53,0.023,15.68,0,0.787,0.83,4975
K2-285 d,tr,2018,K2,10.4558,0,0.1178,2.48,0.024,6.5,0,0.787,0.83,4975
K2-285 e,tr,2018,K2,14.7629,0,0.1804,1.95,0.026,10.7,0,0.787,0.83,4975
K2-286 b,tr,2018,K2,27.359,0,0.1768,2.1,0.095,,0,0.62,0.64,3926
K2-287 b,tr,2018,K2,14.8933,0,0.1206,9.494,0.015,100.1,0,1.07,1.06,5695
K2-288 B b,tr,2018,K2,31.3935,0,0.164,1.9,0.158,,0,0.32,0.33,3341
K2-289 b,tr,2019,K2,13.157,0,0.107,9.1,0.033,,0,1.02,0.953,5529
K2-29 b,tr,2016,K2,3.25883,0,0.04217,13.34,0.017,232,0,0.86,0.94,5358
K2-290 b,tr,2019,K2,9.21165,0,0.0923,3.06,0.052,10.9,0,1.51,1.19,6302
K2-290 c,tr,2019,K2,48.3668,0,0.305,11.28,0.050,246,0,1.51,1.19,6302
K2-291 b,tr,2019,K2,2.22518,0,0.03261,1.589,0.053,6.49,0,0.899,0.934,5520
K2-292 b,tr,2019,K2,16.9841,0,0.13,2.63,0.040,24.5,0,1.09,1,5725
K2-293 b,tr,2019,K2,13.1225,0,,2.45,0.122,,0,0.947,0.958,5532
K2-294 b,tr,2019,K2,2.50387,0,,1.66,0.120,,0,1.2,0.987,5612
K2-295 b,tr,2018,K2,4.02487,0,0.0451,10.05,0.009,106.5,0,0.7,0.74,4444
K2-3 b,tr,2015,K2,10.0547,0,0.0747,2.078,0.034,5.11,0,0.546,0.549,3844
K2-3 c,tr,2015,K2,24.6467,0,0.1357,1.582,0.034,2.68,0,0.546,0.549,3844
K2-3 d,tr,2015,K2,44.556,0,0.2014,1.458,0.037,2.2,0,0.546,0.549,3844
K2-30 b,tr,2016,K2,4.0985,0,0.04839,11.65,0.049,184,0,0.844,0.9,5425
K2-308 b,tr,2019,K2,3.38628,0,,9.916,0.099,,0,1.24,1.09,6100
K2-31 b,tr,2016,K2,1.25785,0,0.022,11.88,0.330,563.8,0,0.78,0.91,5280
K2-312 c,rv,2023,other,871.32,0,1.882,,,1681,1,1.2,1.15,5959
K2-315 b,tr,2020,K2,3.14432,0,,0.95,0.061,,0,0.196,0.174,3300
K2-316 b,tr,2020,K2,1.133,0,0.0147,1.33,0.071,,0,0.379,0.408,3436
K2-316 c,tr,2020,K2,5.26,0,0.0582,1.83,0.068,,0,0.379,0.408,3436
K2-317 b,tr,2020,K2,6.22,0,0.0542,2.93,0.061,,0,0.379,0.403,3387
K2-318 b,tr,2020,K2,7.01,0,0.0911,1.66,0.078,,0,0.552,0.561,3851
K2-319 b,tr,2020,K2,26.68,0,0.1516,2.79,0.038,,0,0.898,0.954,5440
K2-32 b,tr,2016,K2,8.992,0,0.0795,5.299,0.036,15,0,0.86,0.83,5271
K2-32 c,tr,2016,K2,20.6609,0,0.1384,3.134,0.036,8.1,0,0.86,0.83,5271
K2-32 d,tr,2016,K2,31.717,0,0.1842,3.484,0.035,6.7,0,0.86,0.83,5271
K2-32 e,tr,2019,K2,4.34934,0,0.04899,1.212,0.040,2.1,0,0.86,0.83,5271
K2-320 b,tr,2020,K2,1.995,0,0.0142,2.62,0.073,,0,0.3,0.117,3157
K2-321 b,tr,2020,K2,2.29797,0,0.02839,2.051,0.074,,0,0.595,0.578,3750
K2-322 b,tr,2020,K2,8.205,0,0.0594,1.92,0.122,,0,0.602,0.63,4141
K2-323 b,tr,2020,K2,24.93,0,0.1275,2.1,0.048,,0,0.549,0.478,3710
K2-324 b,tr,2020,K2,3.262,0,0.0331,2.43,0.058,,0,0.505,0.517,3752
K2-325 b,tr,2020,K2,6.93,0,0.0419,2.2,0.066,,0,0.298,0.274,3287
K2-326 b,tr,2020,K2,1.256,0,0.0198,2.28,0.079,,0,0.688,0.507,3924
K2-329 b,tr,2020,K2,12.4551,0,0.1016,8.676,0.032,82.64,0,0.822,0.901,5282
K2-33 b,tr,2016,K2,5.42486,0,0.0409,5.04,0.070,1176,0,1.05,0.56,3540
K2-330 b,tr,2021,K2,13.7748,0,,2.77,0.042,,0,1.5,1.23,6232
K2-331 b,tr,2021,K2,9.39898,0,,1.79,0.067,,0,1.06,1.1,5994
K2-331 c,tr,2021,K2,22.9966,0,,2.72,0.044,,0,1.06,1.1,5994
K2-332 b,tr,2021,K2,17.7063,0,,2.2,0.077,,0,0.28,0.27,3315
K2-333 b,tr,2021,K2,14.7593,0,,6.18,0.043,,0,1.22,1.06,5880
K2-334 b,tr,2021,K2,5.11398,0,,5.65,0.057,,0,1.49,1.36,6502
K2-335 b,tr,2021,K2,12.2832,0,,2.21,0.072,,0,1.33,1.23,6222
K2-336 b,tr,2021,K2,21.1947,0,,1.22,0.057,,0,0.8,0.86,5424
K2-337 b,tr,2021,K2,16.2736,0,,2.62,0.063,,0,1.32,0.94,5869
K2-338 b,tr,2021,K2,3.85061,0,,1.03,0.078,,0,0.63,0.66,4558
K2-339 b,tr,2021,K2,19.5074,0,,1.92,0.081,,0,0.72,0.74,4857
K2-34 b,tr,2016,K2,2.99563,0,0.0442,13.75,0.043,539.7,0,1.42,1.16,6168
K2-340 b,tr,2021,K2,29.7405,0,,3.36,0.113,,0,1.13,0.93,5532
K2-341 b,tr,2021,K2,36.5526,0,,3.21,0.069,,0,1.16,0.98,5817
K2-342 b,tr,2021,K2,11.5611,0,,2.03,0.054,,0,1.09,1.01,5920
K2-343 b,tr,2021,K2,2.78717,0,,1.65,0.073,,0,0.46,0.49,3804
K2-343 c,tr,2021,K2,7.67697,0,,2.02,0.042,,0,0.46,0.49,3804
K2-344 b,tr,2021,K2,3.35585,0,,1.59,0.047,,0,0.49,0.51,4374
K2-345 b,tr,2021,K2,10.3674,0,,2.11,0.069,,0,0.52,0.56,3779
K2-346 b,tr,2021,K2,26.2014,0,,2.26,0.064,,0,0.7,0.71,4801
K2-347 b,tr,2021,K2,7.18726,0,,2.41,0.044,,0,0.63,0.66,4599
K2-348 b,tr,2021,K2,4.68842,0,,3.26,0.051,,0,0.85,0.83,5077
K2-348 c,tr,2021,K2,12.5502,0,,2.67,0.064,,0,0.85,0.83,5077
K2-349 b,tr,2021,K2,9.03218,0,,1.38,0.062,,0,0.49,0.54,4385
K2-35 b,tr,2016,K2,2.39996,0,0.031,1.32,0.061,,0,0.62,0.702,4403
K2-35 c,tr,2016,K2,5.60835,0,0.055,1.93,0.062,,0,0.62,0.702,4403
K2-350 b,tr,2021,K2,4.16387,0,,1.54,0.084,,0,1.04,0.98,5789
K2-350 c,tr,2016,K2,19.9919,0,,2.74,0.078,,0,1.04,0.98,5789
K2-351 b,tr,2021,K2,7.80616,0,,2.54,0.087,,0,1.05,1.02,5769
K2-352 b,tr,2021,K2,3.66591,0,,1.37,0.062,,0,0.95,0.98,5791
K2-352 c,tr,2021,K2,8.23489,0,,1.92,0.052,,0,0.95,0.98,5791
K2-352 d,tr,2021,K2,14.8714,0,,2.23,0.049,,0,0.95,0.98,5791
K2-353 b,tr,2021,K2,15.4668,0,,5.55,0.038,,0,0.99,0.87,5698
K2-354 b,tr,2021,K2,3.79331,0,,1.56,0.051,,0,0.41,0.43,3669
K2-355 b,tr,2021,K2,5.73856,0,0.0632,2.25,0.084,,0,0.92,0.96,5790
K2-356 b,tr,2021,K2,21.0267,0,0.1599,2.29,0.059,,0,0.86,0.9,5568
K2-357 b,tr,2021,K2,16.3489,0,0.145,3.72,0.059,,0,1,0.98,5794
K2-358 b,tr,2021,K2,11.251,0,0.0863,2.68,0.058,,0,0.91,0.93,5650
K2-36 b,tr,2016,K2,1.42261,0,0.02288,1.43,0.056,4.3,0,0.718,0.79,4916
K2-36 c,tr,2016,K2,5.34089,0,0.05528,3.2,0.094,7.9,0,0.718,0.79,4916
K2-360 c,rv,2024,other,9.79692,0,0.0883,,,15.23,1,0.98,0.958,5679
K2-365 b,tr,2022,K2,23.4482,0,,2.906,0.064,,0,1.05,0.823,5561
K2-366 b,tr,2022,K2,15.937,0,,2.359,0.075,,0,0.94,0.825,5601
K2-367 b,tr,2022,K2,20.6451,0,,2.413,0.087,,0,0.625,0.756,4348
K2-368 b,tr,2022,K2,5.0256,0,,1.332,0.078,,0,0.663,0.746,4663
K2-368 c,tr,2022,K2,9.66019,0,,1.361,0.081,,0,0.663,0.746,4663
K2-368 d,tr,2022,K2,20.2011,0,,1.948,0.076,,0,0.663,0.746,4663
K2-369 b,tr,2022,K2,5.76161,0,,1.313,0.075,,0,0.881,0.735,5682
K2-37 b,tr,2016,K2,4.4434,0,0.05105,1.39,0.054,,0,0.809,0.84,5352
K2-37 c,tr,2016,K2,6.42966,0,0.06534,2.41,0.044,,0,0.809,0.84,5352
K2-37 d,tr,2016,K2,14.0923,0,0.1102,2.31,0.061,12.5,0,0.809,0.84,5352
K2-370 b,tr,2022,K2,2.14081,0,0.0321,2.67,0.019,11.1,0,0.945,0.962,5662
K2-371 b,tr,2022,K2,3.1149,0,,13.02,0.069,,0,0.736,0.958,4925
K2-372 b,tr,2022,K2,9.84408,0,,2.945,0.026,,0,0.922,0.847,5479
K2-373 b,tr,2022,K2,11.0207,0,,2.061,0.070,,0,1.49,1.16,6138
K2-374 b,tr,2022,K2,4.52195,0,,1.593,0.037,,0,0.907,0.731,5789
K2-374 c,tr,2022,K2,16.4344,0,,2.213,0.040,,0,0.907,0.731,5789
K2-375 b,tr,2022,K2,14.4539,0,,2.243,0.080,,0,1.54,1.12,5822
K2-376 b,tr,2022,K2,5.77647,0,,1.736,0.070,,0,1.15,0.908,5937
K2-377 b,tr,2022,K2,12.8322,0,,1.693,0.082,,0,0.691,0.821,4200
K2-378 b,tr,2022,K2,2.06044,0,,2.88,0.087,,0,0.732,0.923,4823
K2-379 b,tr,2022,K2,8.77725,0,,2.181,0.129,,0,0.751,0.856,4603
K2-38 b,tr,2016,K2,4.01593,0,0.04994,1.54,0.091,7.3,0,1.06,1.03,5731
K2-38 c,tr,2016,K2,10.561,0,0.09514,2.29,0.114,8.3,0,1.06,1.03,5731
K2-380 b,tr,2022,K2,9.40131,0,,2.729,0.066,,0,1.32,0.993,5911
K2-381 b,tr,2022,K2,7.93893,0,,1.075,0.114,,0,0.675,0.754,4473
K2-381 c,tr,2022,K2,16.0347,0,,2,0.083,,0,0.675,0.754,4473
K2-381 d,tr,2022,K2,26.803,0,,1.689,0.094,,0,0.675,0.754,4473
K2-382 b,tr,2022,K2,21.7002,0,,2.072,0.069,,0,0.811,0.922,5452
K2-383 b,tr,2022,K2,1.86596,0,,1.564,0.072,,0,0.804,1.06,5129
K2-384 b,tr,2022,K2,2.23153,0,,1.076,0.136,,0,0.348,0.33,3623
K2-384 c,tr,2022,K2,4.19477,0,,1.191,0.054,,0,0.348,0.33,3623
K2-384 d,tr,2022,K2,6.67958,0,,1.392,0.069,,0,0.348,0.33,3623
K2-384 e,tr,2022,K2,9.71504,0,,1.345,0.082,,0,0.348,0.33,3623
K2-384 f,tr,2022,K2,13.6275,0,,2.222,0.039,,0,0.348,0.33,3623
K2-385 b,tr,2022,K2,2.38087,0,,1.539,0.088,,0,0.761,0.927,4844
K2-386 b,tr,2022,K2,7.47322,0,,2.32,0.030,,0,0.97,0.911,5749
K2-387 b,tr,2022,K2,28.7353,0,,7.322,0.036,,0,0.585,0.57,3572
K2-388 b,tr,2022,K2,6.33932,0,,3.9,0.038,,0,0.91,0.93,5310
K2-389 b,tr,2022,K2,8.58289,0,,2.33,0.039,,0,1.09,0.99,5773
K2-389 c,tr,2022,K2,20.8513,0,,2.04,0.071,,0,1.08,0.802,5782
K2-39 b,tr,2016,K2,4.60543,0,0.05708,6.277,0.268,28.6,0,2.97,0.66,4881
K2-390 b,tr,2022,K2,3.31279,0,,4.662,0.070,,0,0.966,0.789,5558
K2-391 b,tr,2022,K2,4.62265,0,,1.371,0.172,,0,0.566,0.757,5543
K2-392 b,tr,2022,K2,15.3987,0,,1.85,0.085,,0,1.06,0.841,5726
K2-393 b,tr,2022,K2,10.4132,0,,2.352,0.073,,0,1.07,0.881,5678
K2-394 b,tr,2022,K2,5.09572,0,,1.692,0.077,,0,0.631,0.478,4938
K2-395 b,tr,2022,K2,4.80335,0,,2.597,0.071,,0,0.783,0.952,5007
K2-395 c,tr,2022,K2,8.49128,0,,3.395,0.079,,0,0.783,0.952,5007
K2-396 b,tr,2022,K2,0.673862,0,,1.579,0.069,,0,0.92,0.954,5236
K2-396 c,tr,2022,K2,25.7605,0,,3.124,0.046,,0,0.92,0.954,5236
K2-397 b,tr,2022,K2,3.57233,0,,2.417,0.077,,0,0.966,0.937,5387
K2-398 b,tr,2022,K2,6.39302,0,,2.274,0.049,,0,1.24,0.945,5946
K2-398 c,tr,2022,K2,18.7878,0,,5.098,0.029,,0,1.24,0.945,5946
K2-4 b,tr,2015,K2,10.0034,0,0.078,2.1,0.093,,0,0.569,0.635,4015
K2-400 b,tr,2022,K2,3.86505,0,,1.163,0.043,,0,0.382,0.374,3578
K2-401 b,tr,2022,K2,6.2931,0,,2.262,0.089,,0,0.675,0.87,4213
K2-402 b,tr,2022,K2,17.2747,0,,2.678,0.076,,0,1.28,0.944,5716
K2-403 b,tr,2022,K2,33.59,0,,5.333,0.070,,0,0.886,0.784,5511
K2-404 b,tr,2022,K2,13.1154,0,,2.53,0.033,,0,0.552,0.552,3748
K2-405 b,tr,2022,K2,3.43547,0,,4.569,0.023,,0,0.765,1.03,4927
K2-406 b,tr,2022,K2,22.5494,0,,4.602,0.066,,0,0.961,0.798,5784
K2-407 b,tr,2022,K2,4.94191,0,,1.283,0.072,,0,0.927,0.881,5563
K2-407 c,tr,2022,K2,9.22453,0,,1.36,0.068,,0,0.927,0.881,5563
K2-408 b,tr,2022,K2,20.979,0,,1.677,0.068,,0,0.784,0.813,5335
K2-409 b,tr,2022,K2,1.90808,0,,2.482,0.067,,0,1.23,0.886,5742
K2-411 b,tr,2022,K2,3.2141,0,0.0511,0.9898,0.050,,0,1.38,1.02,5711
K2-412 b,tr,2022,K2,5.9382,0,0.0586,2.116,0.050,,0,0.977,0.893,5590
K2-413 b,tr,2022,K2,0.8094,0,0.0117,0.7599,0.083,,0,0.7,0.808,4116
K2-413 c,tr,2022,K2,5.3301,0,0.0426,1.233,0.047,,0,0.7,0.808,4116
K2-414 b,tr,2022,K2,4.3696,0,0.0487,1.219,0.071,,0,0.732,0.814,4343
K2-414 c,tr,2022,K2,6.669,0,0.0552,1.929,0.035,,0,0.732,0.814,4343
K2-415 b,tr,2023,K2,4.01797,0,0.027,1.015,0.028,7.5,0,0.197,0.164,3173
K2-416 b,tr,2023,K2,13.102,0,0.088,2.66,0.062,1653,0,0.554,0.548,3746
K2-417 b,tr,2023,K2,6.535,0,0.063,3.31,0.039,699.2,0,0.578,0.569,3861
K2-419 A b,tr,2024,K2,20.3585,0,0.1208,10.55,0.037,196,0,0.541,0.562,3711
K2-42 b,tr,2016,K2,6.68796,0,0.0617,2.15,0.112,,0,0.643,0.702,4613
K2-43 b,tr,2016,K2,3.47115,0,0.03784,4.51,0.070,,0,0.542,0.571,3841
K2-43 c,tr,2019,K2,2.19888,0,,2.42,0.076,,0,0.542,0.571,3841
K2-44 b,tr,2016,K2,5.657,0,0.06,2.433,0.033,,0,1.58,1.15,5912
K2-45 b,tr,2016,K2,1.72927,0,0.0224,6.71,0.000,,0,0.445,0.503,4103
K2-46 b,tr,2016,K2,19.1541,0,0.1382,2.05,0.117,,0,1.29,0.96,6256
K2-47 b,tr,2016,K2,31.6372,0,0.1779,1.89,0.138,,0,0.76,0.75,5054
K2-48 b,tr,2016,K2,20.5065,0,0.1344,2.24,0.107,,0,0.73,0.77,4899
K2-49 b,tr,2016,K2,2.77065,0,0.0309,1.93,0.275,,0,0.45,0.51,4175
K2-5 b,tr,2015,K2,5.73594,0,0.0532,1.91,0.230,,0,0.57,0.61,3930
K2-5 c,tr,2015,K2,10.9324,0,0.0818,2.26,0.274,,0,0.57,0.61,3930
K2-50 b,tr,2016,K2,8.7529,0,0.0705,1.59,0.151,,0,0.546,0.611,4326
K2-52 b,tr,2016,K2,3.53505,0,0.054,18,0.122,,0,2.19,1.69,7147
K2-53 b,tr,2016,K2,12.2077,0,0.098,2.6,0.038,,0,0.807,0.851,5263
K2-54 b,tr,2016,K2,9.7833,0,0.0761,2.612,0.077,,0,0.643,0.615,3990
K2-55 b,tr,2016,K2,2.84927,0,0.03486,4.43,0.069,44,0,0.715,0.688,4300
K2-57 b,tr,2016,K2,9.0073,0,0.0752,2.309,0.066,,0,0.671,0.699,4413
K2-58 b,tr,2016,K2,7.05254,0,0.0692,2.68,0.138,,0,0.86,0.89,5413
K2-58 c,tr,2016,K2,2.53726,0,0.035,1.62,0.142,,0,0.86,0.89,5413
K2-58 d,tr,2016,K2,22.8827,0,0.1517,1.71,0.146,,0,0.86,0.89,5413
K2-59 b,tr,2016,K2,20.6921,0,0.1354,2.41,0.129,,0,0.731,0.774,5055
K2-59 c,tr,2016,K2,11.2954,0,0.0905,2.3,0.126,,0,0.731,0.774,5055
K2-6 b,tr,2015,K2,30.9419,0,0.1898,2.5,0.352,,0,0.96,0.97,5850
K2-60 b,tr,2016,K2,3.00265,0,0.045,7.656,0.054,135.4,0,1.12,0.97,5500
K2-61 b,tr,2016,K2,2.57336,0,0.0392,1.92,0.042,,0,0.995,0.97,5748
K2-62 b,tr,2016,K2,6.67199,0,0.0636,2.02,0.057,,0,0.696,0.67,4455
K2-62 c,tr,2016,K2,16.197,0,0.1148,1.99,0.065,,0,0.696,0.67,4455
K2-63 b,tr,2016,K2,20.257,0,0.1627,3.22,0.307,,0,1.63,1.4,6771
K2-63 c,tr,2016,K2,25.4556,0,0.189,3.9,0.308,,0,1.63,1.4,6771
K2-64 b,tr,2016,K2,6.53044,0,0.0619,2.07,0.126,,0,0.726,0.741,5312
K2-65 b,tr,2016,K2,12.6475,0,0.1014,1.58,0.241,,0,0.84,0.87,5213
K2-66 b,tr,2016,K2,5.06963,0,0.05983,2.49,0.116,21.3,0,1.67,1.11,5887
K2-68 b,tr,2016,K2,8.05428,0,0.0708,1.58,0.146,,0,0.675,0.73,4746
K2-69 b,tr,2016,K2,7.06599,0,0.0591,2.32,0.155,,0,0.491,0.551,4127
K2-7 b,tr,2015,K2,28.6781,0,0.1867,4.035,0.069,,0,1.53,1.06,5700
K2-70 b,tr,2016,K2,13.979,0,0.1112,2.89,0.163,,0,0.93,0.94,5622
K2-71 b,tr,2016,K2,6.98541,0,0.0559,2.15,0.153,,0,0.426,0.477,4006
K2-72 b,tr,2016,K2,5.57721,0,0.04,1.08,0.102,,0,0.331,0.271,3360
K2-72 c,tr,2016,K2,15.189,0,0.078,1.16,0.112,,0,0.331,0.271,3360
K2-72 d,tr,2016,K2,7.76018,0,0.05,1.01,0.119,,0,0.331,0.271,3360
K2-72 e,tr,2016,K2,24.1589,0,0.106,1.29,0.105,,0,0.331,0.271,3360
K2-73 b,tr,2016,K2,7.49556,0,0.07619,2.58,0.037,9.2,0,1.06,1.02,5867
K2-73 c,rv,2025,other,1000,0,,,,1142,1,1.06,1.02,5867
K2-74 b,tr,2016,K2,19.5666,0,0.1402,2.31,0.082,,0,0.98,0.96,6060
K2-75 b,tr,2016,K2,7.8142,0,0.081,2.67,0.120,,0,1.56,1.16,5995
K2-75 c,tr,2016,K2,18.311,0,0.1429,2.77,0.137,,0,1.56,1.16,5995
K2-77 b,tr,2016,K2,8.20008,0,0.0753,2.5,0.058,603.9,0,0.792,0.847,5160
K2-79 b,tr,2016,K2,10.995,0,0.0987,4.15,0.045,5.9,0,1.27,1.06,5897
K2-8 b,tr,2015,K2,10.3524,0,0.0856,3.58,0.198,,0,0.74,0.78,4870
K2-8 c,tr,2016,K2,5.06416,0,0.0532,2.41,0.137,,0,0.74,0.78,4870
K2-80 b,tr,2016,K2,19.0918,0,0.135,2.01,0.149,,0,0.87,0.9,5441
K2-80 c,tr,2016,K2,5.605,0,0.0596,1.47,0.156,,0,0.87,0.9,5441
K2-80 d,tr,2018,K2,28.8673,0,,2.552,0.081,,0,0.841,0.913,5377
K2-81 b,tr,2016,K2,6.10233,0,0.059,1.97,0.061,,0,0.635,0.745,4674
K2-83 b,tr,2016,K2,2.74697,0,0.03014,1.244,0.079,,0,0.424,0.484,3910
K2-83 c,tr,2016,K2,9.99767,0,0.07131,1.483,0.067,,0,0.424,0.484,3910
K2-84 b,tr,2016,K2,6.4215,0,0.0665,2.41,0.145,,0,0.93,0.95,5652
K2-84 c,tr,2016,K2,27.86,0,0.1768,2.03,0.158,,0,0.93,0.95,5652
K2-85 b,tr,2016,K2,0.684539,0,0.013,1.4,0.143,3.2,0,0.71,0.7,4232
K2-86 b,tr,2016,K2,8.77683,0,0.077,1.96,0.138,,0,0.76,0.79,5482
K2-87 b,tr,2016,K2,9.72662,0,0.094,7.6,0.053,,0,1.4,1.16,5747
K2-88 b,tr,2016,K2,4.6122,0,0.0345,1.23,0.203,,0,0.256,0.258,3537
K2-89 b,tr,2016,K2,1.09603,0,0.01462,0.615,0.130,,0,0.318,0.347,3691
K2-9 b,tr,2015,K2,18.4498,0,0.091,2.25,0.331,,0,0.31,0.3,3390
K2-90 b,tr,2016,K2,13.7333,0,0.096,2.6,0.038,,0,0.619,0.629,4484
K2-90 c,tr,2016,K2,2.90071,0,0.035,1.3,0.092,,0,0.635,0.705,4422
K2-91 b,tr,2016,K2,1.41955,0,0.0164,1.1,0.164,,0,0.284,0.292,3622
K2-95 b,tr,2016,K2,10.1346,0,0.0525,3.31,0.051,,0,0.4,0.41,3566
K2-97 b,tr,2016,K2,8.40711,0,0.0854,13.45,0.092,174.5,0,4.14,1.17,4673
K2-98 b,tr,2016,K2,10.1367,0,0.0986,5.066,0.059,34.01,0,1.52,1.25,6260
K2-99 b,tr,2016,K2,18.2478,0,0.153,11.88,0.009,276.5,0,2.55,1.44,6069
K2-99 c,rv,2022,other,522.2,0,1.43,,,2670,1,2.55,1.44,6069
KELT-1 b,tr,2012,other,1.21751,0,0.02466,12.44,0.024,8654,0,1.47,1.33,6516
KELT-10 b,tr,2016,other,4.16627,0,0.0525,15.68,0.042,215.8,0,1.21,1.11,5948
KELT-11 b,tr,2017,other,4.73621,0,0.0623,15.13,0.074,65.15,0,2.69,1.44,5375
KELT-12 b,tr,2017,other,5.03162,0,0.06708,19.95,0.093,301.9,0,2.37,1.59,6279
KELT-14 b,tr,2016,other,1.71006,0,0.03005,19.54,0.027,408.1,0,1.52,1.24,5720
KELT-15 b,tr,2016,other,3.32944,0,0.04613,19.5,0.115,416.4,0,1.78,2.06,6003
KELT-16 b,tr,2017,other,0.968995,0,0.02044,15.86,0.053,874,0,1.36,1.21,6236
KELT-17 b,tr,2016,other,3.08017,0,0.04881,17.09,0.041,416.4,0,1.65,1.64,7454
KELT-18 b,tr,2017,other,2.87175,0,0.0455,17.6,0.025,375,0,1.91,1.52,6670
KELT-19 A b,tr,2017,other,4.61171,0,0.0637,21.41,0.058,1294,0,1.83,1.62,7500
KELT-2 A b,tr,2012,other,4.11379,0,0.05497,15.13,0.059,540.3,0,1.93,1.54,6327
KELT-20 b,tr,2017,other,3.47411,0,0.0542,19.51,0.041,1075,0,1.56,1.76,8720
KELT-21 b,tr,2018,other,3.61276,0,0.05224,17.78,0.025,1243,0,1.64,1.46,7598
KELT-23 A b,tr,2019,other,2.25525,0,0.03302,14.83,0.019,298.1,0,0.996,0.944,5899
KELT-24 b,tr,2019,other,5.55149,0,0.0665,12.71,0.023,1459,0,1.34,1.27,6426
KELT-3 b,tr,2013,other,2.70339,0,0.04123,17.49,0.071,616.6,0,1.7,1.96,6304
KELT-4 A b,tr,2016,other,2.98959,0,0.04317,19.04,0.027,286.7,0,1.6,1.2,6206
KELT-6 b,tr,2014,other,7.8457,0,0.07939,14.57,0.069,165.3,0,1.73,1.42,6102
KELT-6 c,rv,2015,other,1276,0,2.39,,,1179,1,1.53,1.13,6272
KELT-7 b,tr,2015,other,2.73477,0,0.04415,17.93,0.037,441.8,0,1.81,1.76,6768
KELT-8 b,tr,2015,other,3.24406,0,0.0455,18.16,0.062,209.8,0,1.46,0.81,5754
KELT-9 b,tr,2017,other,1.48112,0,0.03368,21.7,0.024,915.3,0,2.42,2.32,9270
KIC 10068024 b,ot,2021,Kepler,2.07355,0,,,,635.7,1,1.57,1.22,6118
KIC 10525077 b,tr,2015,Kepler,854.083,0,,5.5,0.155,,0,1.01,1.01,6091
KIC 3526061 b,rv,2022,other,3552,0,5.14,,,5769,1,5.86,1.42,4829
KIC 3558849 b,tr,2015,Kepler,1322.3,0,,6.9,0.138,,0,1.01,0.98,6175
KIC 5437945 b,tr,2015,Kepler,440.781,0,1.197,6.4,0.250,,0,1.24,1.07,6340
KIC 5479689 b,ot,2021,Kepler,1.70153,0,,,,158.9,1,0.894,0.966,5459
KIC 7917485 b,ot,2016,Kepler,840,0,,,,3750,1,2.01,1.63,7067
KIC 8121913 b,ot,2021,Kepler,3.2946,0,,,,667.4,1,2.23,1.46,5975
KIC 8540376 b,tr,2015,Kepler,31.8099,0,,4.1,0.500,,0,1.26,1.04,6474
KIC 8540376 c,tr,2015,Kepler,75.2,0,,2.4,0.688,,0,1.26,1.04,6474
KIC 9663113 b,tr,2015,Kepler,572.385,0,1.553,4.6,0.141,,0,1.03,0.98,6065
KMT-2016-BLG-0212L b,ml,2018,other,1720.3,1,2.2,,,5700,0,,0.48,
KMT-2016-BLG-1105L b,ml,2023,other,2174.12,1,2.44,,,2.32,0,,0.41,
KMT-2016-BLG-1107L b,ml,2019,other,247.668,1,0.342,,,1043,0,,0.087,
KMT-2016-BLG-1337L b,ml,2026,other,3931.69,1,3.97,,,88.99,0,,0.54,
KMT-2016-BLG-1397L b,ml,2018,other,6271.04,1,5.1,,,2200,0,,0.45,
KMT-2016-BLG-1820L b,ml,2018,other,2075.84,1,1.08,,,1450,0,,0.039,
KMT-2016-BLG-1836L b,ml,2019,other,3416.6,1,3.5,,,700,0,,0.49,
KMT-2016-BLG-2142L b,ml,2018,other,1022.22,1,0.83,,,4923,0,,0.073,
KMT-2016-BLG-2321L b,ml,2024,other,2895.7,1,3.58,,,301.9,0,,0.73,
KMT-2016-BLG-2364L b,ml,2020,other,2203.12,1,2.63,,,1250,0,,0.5,
KMT-2016-BLG-2397L b,ml,2020,other,3170.68,1,3.64,,,836,0,,0.64,
KMT-2016-BLG-2605L b,ml,2021,other,811.374,1,0.681,,,245,0,,0.064,
KMT-2017-BLG-0165L b,ml,2018,other,2684.8,1,3.45,,,34,0,,0.76,
KMT-2017-BLG-0428L b,ml,2023,other,1525.35,1,1.81,,,5.59,0,,0.34,
KMT-2017-BLG-0673L b,ml,2022,other,1647.19,1,2.34,,,1166,0,,0.63,
KMT-2017-BLG-0849L b,ml,2024,other,3779.7,1,2.73,,,6.39,0,,0.19,
KMT-2017-BLG-1003L b,ml,2023,other,1046.73,1,1.38,,,5.19,0,,0.32,
KMT-2017-BLG-1038L b,ml,2019,other,1450.1,1,1.8,,,640,0,,0.37,
KMT-2017-BLG-1057L b,ml,2024,other,1753.96,1,2.36,,,23.5,0,,0.57,
KMT-2017-BLG-1146L b,ml,2019,other,1286.81,1,1.6,,,230,0,,0.33,
KMT-2017-BLG-1194L b,ml,2023,other,1354.65,1,1.78,,,3.54,0,,0.41,
KMT-2017-BLG-2197L b,ml,2025,other,38631.7,1,15.91,,,2810,0,,0.36,
KMT-2017-BLG-2331L b,ml,2024,other,1807.93,1,2.14,,,171,0,,0.4,
KMT-2017-BLG-2509L b,ml,2021,other,1685.9,1,2.14,,,664.3,0,,0.46,
KMT-2018-BLG-0029L b,ml,2020,other,3018.42,1,4.27,,,7.59,0,,1.14,
KMT-2018-BLG-0030L b,ml,2022,other,4704.37,1,4.39,,,460.9,0,,0.51,
KMT-2018-BLG-0087L b,ml,2022,other,937.279,1,0.87,,,73.1,0,,0.1,
KMT-2018-BLG-0247L b,ml,2022,other,2616.94,1,2.46,,,670.6,0,,0.29,
KMT-2018-BLG-0748L b,ml,2020,other,604.53,1,0.62,,,60,0,,0.087,
KMT-2018-BLG-0885L b,ml,2023,other,750.701,1,1.07,,,9217,0,,0.29,
KMT-2018-BLG-1025L b,ml,2021,other,1163.55,1,1.305,,,6.059,0,,0.219,
KMT-2018-BLG-1292L b,ml,2020,other,5180.28,1,6.03,,,1400,0,,1.09,
KMT-2018-BLG-1743L b,ml,2021,other,1450.15,1,1.449,,,77.87,0,,0.193,
KMT-2018-BLG-1976L b,ml,2021,other,3017.44,1,3.54,,,705.6,0,,0.65,
KMT-2018-BLG-1988L b,ml,2022,other,2893.87,1,3.09,,,5.56,0,,0.47,
KMT-2018-BLG-1990L b,ml,2019,other,793.986,1,0.763,,,111,0,,0.094,
KMT-2018-BLG-1996L b,ml,2021,other,3879.78,1,4.27,,,346.4,0,,0.69,
KMT-2018-BLG-2602L b,ml,2022,other,3343.53,1,3.81,,,365.5,0,,0.66,
KMT-2019-BLG-0253L b,ml,2022,other,2382.78,1,3.1,,,9.2,0,,0.7,
KMT-2019-BLG-0297L b,ml,2023,other,749.7,1,0.96,,,6039,0,,0.21,
KMT-2019-BLG-0298L b,ml,2023,other,5894.08,1,5.67,,,575.3,0,,0.7,
KMT-2019-BLG-0335L b,ml,2023,other,1356.07,1,1.64,,,6674,0,,0.32,
KMT-2019-BLG-0371L b,ml,2021,other,854.889,1,0.79,,,2447,0,,0.09,
KMT-2019-BLG-0414L b,ml,2022,other,530.471,1,1.16,,,1452,0,,0.74,
KMT-2019-BLG-0578L b,ml,2025,other,1952.34,1,2,,,381.4,0,,0.28,
KMT-2019-BLG-0842L b,ml,2020,other,2523.05,1,3.31,,,10.28,0,,0.76,
KMT-2019-BLG-0953L b,ml,2022,other,796.343,1,1.1,,,15.5,0,,0.28,
KMT-2019-BLG-1042L b,ml,2022,other,1478.1,1,1.7,,,60.39,0,,0.3,
KMT-2019-BLG-1216L b,ml,2023,other,2229.17,1,2.44,,,29.88,0,,0.39,
KMT-2019-BLG-1339L b,ml,2020,other,1661.99,1,2.15,,,397,0,,0.48,
KMT-2019-BLG-1367L b,ml,2023,other,1619.17,1,1.7,,,4.08,0,,0.25,
KMT-2019-BLG-1552L b,ml,2022,other,1722.81,1,2.6,,,1287,0,,0.79,
KMT-2019-BLG-1715L b,ml,2021,other,2829,1,3.32,,,813.6,0,,0.61,
KMT-2019-BLG-1806L b,ml,2023,other,2228.36,1,3.02,,,4.67,0,,0.74,
KMT-2019-BLG-2783L b,ml,2023,other,1576.19,1,1.85,,,368.7,0,,0.34,
KMT-2019-BLG-2974L b,ml,2022,other,1506.91,1,2,,,88.99,0,,0.47,
KMT-2020-BLG-0202L b,ml,2026,other,3455.83,1,4.17,,,3903,0,,0.81,
KMT-2020-BLG-0414L b,ml,2021,other,1553.99,1,2.07,,,1.87,0,,0.49,
KMT-2020-BLG-0414L c,ml,2021,other,54947.7,1,22.3,,,8581,0,,0.49,
KMT-2021-BLG-0119L b,ml,2022,other,2435.4,1,2.92,,,1754,0,,0.56,
KMT-2021-BLG-0171L b,ml,2022,other,2707.98,1,3.5,,,11.2,0,,0.78,5200
KMT-2021-BLG-0192L b,ml,2022,other,1449.38,1,1.62,,,34.96,0,,0.27,
KMT-2021-BLG-0240L b,ml,2022,other,2286.83,1,2.8,,,66.74,0,,0.56,
KMT-2021-BLG-0320L b,ml,2022,other,1233.95,1,1.54,,,31.78,0,,0.32,
KMT-2021-BLG-0712L b,ml,2023,other,2575.78,1,2.22,,,38.19,0,,0.22,
KMT-2021-BLG-0736L b,ml,2025,other,3772.29,1,4,,,21,0,,0.6,
KMT-2021-BLG-0748L b,ml,2022,other,2305.94,1,2.43,,,143,0,,0.36,
KMT-2021-BLG-0852L b,ml,2026,other,9152.27,1,7.78,,,155.7,0,,0.75,
KMT-2021-BLG-0909L b,ml,2023,other,1371.69,1,1.75,,,400.5,0,,0.38,
KMT-2021-BLG-0912L b,ml,2022,other,2272.16,1,3.14,,,2.81,0,,0.8,
KMT-2021-BLG-1077L b,ml,2022,other,1380.64,1,1.26,,,69.92,0,,0.14,
KMT-2021-BLG-1077L c,ml,2022,other,875.489,1,0.93,,,79.46,0,,0.14,
KMT-2021-BLG-1105L b,ml,2023,other,3064.96,1,3.54,,,413.2,0,,0.63,
KMT-2021-BLG-1150L b,ml,2023,other,4080.82,1,4.5,,,279.7,0,,0.73,
KMT-2021-BLG-1253L b,ml,2022,other,1397.17,1,1.52,,,19.05,0,,0.24,
KMT-2021-BLG-1303L b,ml,2022,other,2376.84,1,2.89,,,120.8,0,,0.57,
KMT-2021-BLG-1372L b,ml,2022,other,2056.31,1,2.37,,,61.27,0,,0.42,
KMT-2021-BLG-1391L b,ml,2022,other,2080.86,1,2.29,,,4.55,0,,0.37,
KMT-2021-BLG-1547L b,ml,2023,other,4109.06,1,4.5,,,467.2,0,,0.72,
KMT-2021-BLG-1554L b,ml,2022,other,788.94,1,0.72,,,38.14,0,,0.08,
KMT-2021-BLG-1689L b,ml,2022,other,1895.77,1,2.5,,,46,0,,0.58,4570
KMT-2021-BLG-1770L b,ml,2023,other,864.933,1,0.9,,,6674,0,,0.13,
KMT-2021-BLG-1898L b,ml,2022,other,1380.7,1,1.9,,,232,0,,0.48,
KMT-2021-BLG-2010L b,ml,2023,other,1438.03,1,1.79,,,340.1,0,,0.37,
KMT-2021-BLG-2294L b,ml,2022,other,1203.85,1,1.15,,,22.25,0,,0.14,
KMT-2021-BLG-2478L b,ml,2023,other,2055.1,1,1.85,,,286,0,,0.2,
KMT-2021-BLG-2609L b,ml,2024,other,2848.83,1,2.3,,,10.17,0,,0.2,
KMT-2022-BLG-0303L b,ml,2024,other,6351.61,1,4.81,,,163,0,,0.368,
KMT-2022-BLG-0371L b,ml,2023,other,2415.07,1,3.02,,,82.64,0,,0.63,
KMT-2022-BLG-0440L b,ml,2023,other,1313.96,1,1.9,,,15.4,0,,0.53,
KMT-2022-BLG-1013L b,ml,2023,other,1395.64,1,1.38,,,98.53,0,,0.18,
KMT-2022-BLG-1551L b,ml,2026,other,1722.45,1,2.29,,,940.8,0,,0.54,
KMT-2022-BLG-1790L b,ml,2025,other,5769.19,1,5.25,,,549.8,0,,0.58,
KMT-2022-BLG-1818L b,ml,2026,other,1722.81,1,2.6,,,1271,0,,0.79,
KMT-2022-BLG-1818L c,ml,2026,other,18379.4,1,12.6,,,114.4,0,,0.79,
KMT-2022-BLG-2076L b,ml,2025,other,6024.59,1,5.67,,,279.7,0,,0.67,
KMT-2022-BLG-2286L b,ml,2024,other,2344.78,1,2.02,,,6039,0,,0.2,
KMT-2023-BLG-0084L b,ml,2026,other,3010.48,1,2.5,,,794.6,0,,0.23,
KMT-2023-BLG-0119L b,ml,2025,other,2411.88,1,3.14,,,83.7,0,,0.71,
KMT-2023-BLG-0332L b,ml,2026,other,2845.24,1,3.2,,,6992,0,,0.54,
KMT-2023-BLG-0416L b,ml,2024,other,2343.46,1,2.96,,,13.03,0,,0.63,
KMT-2023-BLG-0466L b,ml,2026,other,2415.83,1,2.68,,,1033,0,,0.44,
KMT-2023-BLG-0469L b,ml,2024,other,1870.51,1,2.31,,,39.41,0,,0.47,
KMT-2023-BLG-0548L b,ml,2025,other,7717.2,1,6.85,,,1087,0,,0.72,
KMT-2023-BLG-0735L b,ml,2024,other,2381.57,1,2.96,,,38.78,0,,0.61,
KMT-2023-BLG-0830L b,ml,2025,other,1726.05,1,1.7,,,17.8,0,,0.22,
KMT-2023-BLG-0949L b,ml,2025,other,1524.8,1,2.03,,,1901,0,,0.48,
KMT-2023-BLG-1118L b,ml,2026,other,1039.52,1,0.9,,,66.74,0,,0.09,
KMT-2023-BLG-1431L b,ml,2024,other,2769.35,1,3.2,,,13.6,0,,0.57,
KMT-2023-BLG-1454L b,ml,2024,other,1135.5,1,1.18,,,200.2,0,,0.17,
KMT-2023-BLG-1592L b,ml,2026,other,3793.2,1,3.9,,,184.3,0,,0.55,
KMT-2023-BLG-1642L b,ml,2024,other,1483.18,1,1.41,,,343.3,0,,0.17,
KMT-2023-BLG-1743L b,ml,2024,other,1375.88,1,1.16,,,6357,0,,0.11,
KMT-2023-BLG-1810L b,ml,2026,other,3059.95,1,3.4,,,2301,0,,0.56,
KMT-2023-BLG-1866L b,ml,2024,other,2181.42,1,2.63,,,2.63,0,,0.51,
KMT-2023-BLG-1896L b,ml,2025,other,2081.96,1,2.86,,,16.35,0,,0.72,
KMT-2023-BLG-2209L b,ml,2025,other,2811.19,1,3.51,,,254.3,0,,0.73,
KMT-2024-BLG-0176L b,ml,2026,other,1725.97,1,1.32,,,241.5,0,,0.103,
KMT-2024-BLG-0349L b,ml,2026,other,7272.51,1,6.46,,,3769,0,,0.68,
KMT-2024-BLG-0404L b,ml,2025,other,954.108,1,0.85,,,8658,0,,0.09,
KMT-2024-BLG-1005L b,ml,2025,other,1072.88,1,0.78,,,6674,0,,0.055,
KMT-2024-BLG-1209L b,ml,2025,other,1655.22,1,2.51,,,839.1,0,,0.77,
KMT-2024-BLG-1281L b,ml,2025,other,1771.74,1,1.96,,,19.07,0,,0.32,
KMT-2024-BLG-1870L b,ml,2026,other,2494.7,1,3.15,,,336.9,0,,0.67,
KMT-2024-BLG-2005L b,ml,2026,other,1249.76,1,1.12,,,50.85,0,,0.12,
KMT-2024-BLG-2059L b,ml,2025,other,2082.65,1,2.55,,,6.992,0,,0.51,
KMT-2024-BLG-2087L b,ml,2026,other,2780.57,1,3.03,,,1395,0,,0.48,
KMT-2024-BLG-2242L b,ml,2025,other,1167.48,1,0.89,,,13.98,0,,0.069,
KMT-2025-BLG-0026L b,ml,2026,other,517.93,1,0.96,,,677,0,,0.44,
KMT-2025-BLG-0030L b,ml,2026,other,1698.7,1,2.35,,,365.5,0,,0.6,
KMT-2025-BLG-0121L b,ml,2026,other,2491.01,1,3.05,,,2470,0,,0.61,
KMT-2025-BLG-0481L b,ml,2026,other,2506.48,1,2.18,,,187.5,0,,0.22,
KMT-2025-BLG-0975L b,ml,2026,other,842.011,1,0.81,,,29.8,0,,0.1,
KMT-2025-BLG-1160L b,ml,2026,other,1964.43,1,2.56,,,25.36,0,,0.58,
KMT-2025-BLG-1616L b,ml,2026,other,1449.72,1,1.6,,,42.32,0,,0.26,
KMT-2025-BLG-2272L b,ml,2026,other,3530.57,1,3.89,,,785,0,,0.63,
KOBE-1 b,rv,2025,other,8.5399,0,0.07006,,,8.8,1,0.619,0.629,4135
KOBE-1 c,rv,2025,other,29.671,0,0.1607,,,12.4,1,0.619,0.629,4135
KOI-12 b,tr,2015,Kepler,17.8552,0,0.154,13.79,0.045,349.6,0,1.4,1.5,6635
KOI-1257 b,tr,2014,Kepler,86.6477,0,0.382,10.54,0.128,460.8,0,1.13,0.99,5520
KOI-13 b,tr,2011,Kepler,1.76359,0,0.03641,16.95,0.023,2949,0,1.74,1.72,7650
KOI-134 b,tr,2025,Kepler,67.1277,0,0.363,12.04,0.016,346.4,0,1.67,1.41,6160
KOI-134 c,ot,2025,Kepler,33.95,0,0.2305,,,69.92,0,1.67,1.41,6160
KOI-142 b,tr,2013,Kepler,10.9165,0,0.09586,3.438,0.022,9.5,0,0.897,0.99,5466
KOI-142 c,ot,2013,Kepler,22.2649,0,0.1541,,,214.1,0,0.897,0.99,5466
KOI-1599.01,tr,2019,Kepler,20.4415,0,0.1473,1.9,0.158,4.6,0,0.972,1.02,5833
KOI-1599.02,tr,2019,Kepler,13.6088,0,0.1123,1.9,0.105,9,0,0.972,1.02,5833
KOI-1783.01,tr,2020,Kepler,134.463,0,0.5266,8.86,0.028,71,0,1.14,1.08,5922
KOI-1783.02,tr,2020,Kepler,284.215,0,0.8669,5.44,0.075,15,0,1.14,1.08,5922
KOI-1831 d,tr,2018,Kepler,34.169,0,0.1992,1.13,0.044,2.23,0,0.835,0.901,5233
KOI-1833 d,tr,2021,Kepler,7.685,0,0.0634,2.58,0.087,11.02,0,0.667,0.681,4413
KOI-1843.03,tr,2013,Kepler,0.176891,0,0.005,0.61,0.164,8,0,0.45,0.46,3584
KOI-217 b,tr,2010,Kepler,3.90512,0,0.0477,12.44,0.018,,0,0.86,0.95,5545
KOI-2513.01,tr,2023,Kepler,19.0055,0,0.5,2.802,4.100,7310,0,1.2,0.91,5900
KOI-319 b,tr,2014,Kepler,46.1483,0,0.2668,10.67,0.037,3178,0,2.06,1.32,5880
KOI-319 c,ot,2014,Kepler,80.099,0,,,,8804,0,2.06,1.32,5880
KOI-3503 b,tr,2021,Kepler,21.185,0,0.1425,1.19,0.181,9.2,0,1.25,0.858,6001
KOI-3503 c,tr,2021,Kepler,31.828,0,0.1869,1.21,0.153,10.36,0,1.25,0.858,6001
KOI-351 b,tr,2013,Kepler,7.00815,0,0.074,1.31,0.130,,0,1.2,1.2,6080
KOI-351 c,tr,2013,Kepler,8.71937,0,0.089,1.19,0.118,,0,1.2,1.2,6080
KOI-351 d,tr,2013,Kepler,59.7367,0,0.32,2.87,0.105,,0,1.2,1.2,6080
KOI-351 e,tr,2013,Kepler,91.9391,0,0.42,2.66,0.109,,0,1.2,1.2,6080
KOI-351 f,tr,2013,Kepler,124.914,0,0.48,2.88,0.181,,0,1.2,1.2,6080
KOI-351 g,tr,2013,Kepler,210.735,0,0.717,7.718,0.027,15,0,1.19,1.24,6031
KOI-351 h,tr,2013,Kepler,331.603,0,0.9706,11.25,0.027,203,0,1.19,1.24,6031
KOI-3680 b,tr,2018,Kepler,141.242,0,0.534,11.1,0.066,613.4,0,0.96,1.01,5830
KOI-4777.01,tr,2022,Kepler,0.412,0,0.008,0.51,0.059,99.2,0,0.4,0.41,3515
KOI-4978 b,tr,2024,Kepler,0.941967,0,,0.7,0.143,,0,0.966,0.859,5050
KOI-55 b,ot,2011,Kepler,0.240104,0,0.006,0.759,,0.44,0,0.203,0.496,2.773e+04
KOI-55 c,ot,2011,Kepler,0.342887,0,0.0076,0.867,,0.655,0,0.203,0.496,2.773e+04
KOI-7368 b,tr,2022,Kepler,6.84303,0,0.0678,2.22,0.054,,0,0.874,0.879,5241
KOI-7913 b,tr,2022,Kepler,24.2786,0,0.1456,2.34,0.077,,0,0.788,0.76,4324
KOI-884 e,ot,2014,Kepler,31.1017,0,,,,66.05,0,0.788,0.887,5060
KOI-94 b,tr,2013,Kepler,3.74321,0,0.05119,1.71,0.094,10.5,0,1.52,1.28,6182
KOI-94 c,tr,2013,Kepler,10.4236,0,0.1013,4.32,0.095,15.6,0,1.52,1.28,6182
KOI-94 d,tr,2013,Kepler,22.343,0,0.1684,11.27,0.094,106,0,1.52,1.28,6182
KOI-94 e,tr,2013,Kepler,54.3203,0,0.3046,6.56,0.095,35,0,1.52,1.28,6182
KOI-984 b,tr,2022,Kepler,4.28818,0,0.0504,4.3,0.012,,0,0.818,0.928,5295
KOI-984 c,ot,2022,Kepler,21.512,0,0.1467,,,209.8,0,0.818,0.928,5295
KOINTREAU-1 b,im,2026,other,1.29831e+07,1,690,,,3369,0,,0.26,3551
KOINTREAU-3 b,im,2026,other,3.60776e+06,1,342,,,1081,0,0.731,0.41,3920
KPS-1 b,tr,2018,other,1.70629,0,0.0269,11.55,0.121,346.4,0,0.907,0.892,5165
Kapteyn c,rv,2014,other,121.54,0,0.311,,,7,1,0.291,0.281,3550
Kepler-10 b,tr,2011,Kepler,0.837491,0,0.01685,1.47,0.017,3.24,0,1.06,0.91,5708
Kepler-10 c,tr,2011,Kepler,45.2943,0,0.241,2.355,0.009,11.29,0,1.06,0.91,5708
Kepler-10 d,rv,2023,other,151.06,0,0.5379,,,12,1,1.06,0.91,5708
Kepler-100 b,tr,2014,Kepler,6.88734,0,0.07309,1.34,0.090,4.01,0,1.51,1.13,5837
Kepler-100 c,tr,2014,Kepler,12.8159,0,0.1106,2.2,0.023,7.05,0,1.49,1.08,5825
Kepler-100 d,tr,2014,Kepler,35.3331,0,0.2175,1.61,0.031,3,0,1.49,1.08,5825
Kepler-100 e,rv,2023,other,60.8886,0,0.3124,,,24.14,1,1.5,1.1,5884
Kepler-1000 b,tr,2016,Kepler,120.018,0,0.5326,4.76,0.068,,0,1.51,1.4,6453
Kepler-1001 b,tr,2016,Kepler,14.3051,0,0.1115,3.15,0.130,,0,0.88,0.9,5491
Kepler-1001 c,tr,2020,Kepler,9.18186,0,0.08296,1.578,,,0,0.836,0.93,5376
Kepler-1002 b,tr,2016,Kepler,4.33643,0,0.0564,1.71,0.032,,0,1.57,1.22,6144
Kepler-1003 b,tr,2016,Kepler,3.55486,0,0.04333,1.78,0.197,,0,1.17,1.11,6109
Kepler-1004 b,tr,2016,Kepler,5.2879,0,0.06791,6.28,0.097,,0,3.39,1.11,4972
Kepler-1005 b,tr,2016,Kepler,6.49802,0,0.06717,1.5,0.120,,0,1.06,1,5782
Kepler-1006 b,tr,2016,Kepler,19.7617,0,0.1464,1.54,0.133,,0,0.74,0.78,5328
Kepler-1007 b,tr,2016,Kepler,5.185,0,0.048,1.44,0.049,,0,0.7,0.73,4587
Kepler-1008 b,tr,2016,Kepler,12.4393,0,0.09755,1.28,0.047,,0,0.78,0.81,5066
Kepler-1009 b,tr,2016,Kepler,11.3501,0,0.0796,2.17,0.118,,0,0.57,0.59,4027
Kepler-101 b,tr,2014,Kepler,3.48768,0,0.0474,5.77,0.142,51.1,0,1.56,1.17,5667
Kepler-101 c,tr,2014,Kepler,6.02976,0,0.0684,1.25,0.144,3.78,0,1.56,1.17,5667
Kepler-1010 b,tr,2016,Kepler,34.2686,0,0.193,2.32,0.134,,0,0.82,0.86,5253
Kepler-1011 b,tr,2016,Kepler,5.75322,0,0.0633,2.87,0.127,,0,0.88,0.91,5416
Kepler-1012 b,tr,2016,Kepler,5.5086,0,0.06066,1.29,0.054,,0,0.91,0.95,5556
Kepler-1013 b,tr,2016,Kepler,18.9305,0,0.137,2.15,0.130,,0,0.76,0.81,4954
Kepler-1014 b,tr,2016,Kepler,16.5711,0,0.121,2.39,0.096,,0,0.84,0.88,5388
Kepler-1015 b,tr,2016,Kepler,16.0049,0,0.1345,3.55,0.279,,0,1.81,1.49,6769
Kepler-1016 b,tr,2016,Kepler,1.95452,0,0.03044,2.18,0.149,,0,1,0.99,5821
Kepler-1016 c,tr,2016,Kepler,105.655,0,0.4352,3.68,0.139,,0,1,0.99,5821
Kepler-1017 b,tr,2016,Kepler,7.234,0,0.07196,1.99,0.103,,0,0.87,0.93,5473
Kepler-1018 b,tr,2016,Kepler,49.1014,0,0.253,2.58,0.095,,0,0.88,0.91,5518
Kepler-1019 b,tr,2016,Kepler,1.41123,0,0.0221,1.46,0.072,,0,0.67,0.7,4433
Kepler-102 b,tr,2014,Kepler,5.28697,0,0.05521,0.46,0.057,1.1,0,0.724,0.803,4909
Kepler-102 c,tr,2014,Kepler,7.07139,0,0.06702,0.567,0.049,1.7,0,0.724,0.803,4909
Kepler-102 d,tr,2014,Kepler,10.3118,0,0.08618,1.154,0.050,3,0,0.724,0.803,4909
Kepler-102 e,tr,2013,Kepler,16.1457,0,0.1162,2.17,0.051,4.7,0,0.724,0.803,4909
Kepler-102 f,tr,2014,Kepler,27.4536,0,0.1656,0.861,0.026,4.3,0,0.724,0.803,4909
Kepler-1020 b,tr,2016,Kepler,96.9151,0,0.3759,2.28,0.037,,0,0.8,0.87,5227
Kepler-1021 b,tr,2016,Kepler,13.4747,0,0.1034,2.33,0.092,,0,0.86,0.89,5431
Kepler-1022 b,tr,2016,Kepler,10.9947,0,0.0805,2.36,0.076,,0,0.68,0.71,4445
Kepler-1023 b,tr,2016,Kepler,62.1388,0,0.3028,2.63,0.091,,0,0.89,0.93,5494
Kepler-1024 b,tr,2016,Kepler,66.4162,0,0.3033,3.91,0.068,,0,0.78,0.81,5143
Kepler-1025 b,tr,2016,Kepler,37.3229,0,0.2161,1.98,0.159,,0,1.13,1.09,6089
Kepler-1026 b,tr,2016,Kepler,36.5156,0,0.1977,2.21,0.109,,0,0.75,0.79,4948
Kepler-1027 b,tr,2016,Kepler,1.90781,0,0.02911,0.89,0.034,,0,0.82,0.91,5436
Kepler-1028 b,tr,2016,Kepler,2.51462,0,0.0354,1.33,0.098,,0,0.87,0.9,5522
Kepler-1029 b,tr,2016,Kepler,4.4177,0,0.047,1.26,0.060,,0,0.77,0.82,5030
Kepler-103 b,tr,2014,Kepler,15.9653,0,0.133,3.486,0.016,11.67,0,1.49,1.21,6047
Kepler-103 c,tr,2014,Kepler,179.61,0,0.6679,5.454,0.032,58.47,0,1.49,1.21,6047
Kepler-1030 b,tr,2016,Kepler,19.3295,0,0.1338,2.48,0.060,,0,0.76,0.8,4983
Kepler-1031 b,tr,2016,Kepler,1.22622,0,0.0218,0.87,0.184,,0,1.12,1.09,6011
Kepler-1032 b,tr,2016,Kepler,3.29012,0,0.0361,1.87,0.048,,0,0.71,0.77,4647
Kepler-1033 b,tr,2016,Kepler,7.56053,0,0.0761,2.51,0.118,,0,0.92,0.94,5547
Kepler-1034 b,tr,2016,Kepler,12.124,0,0.0965,2.26,0.069,,0,0.8,0.83,5198
Kepler-1035 b,tr,2016,Kepler,2.71408,0,0.03883,1.17,0.167,,0,0.97,0.98,5763
Kepler-1036 b,tr,2016,Kepler,122.881,0,0.4773,3.01,0.111,,0,0.89,0.95,5533
Kepler-1037 b,tr,2016,Kepler,1.06379,0,0.0198,1.28,0.062,,0,0.78,0.82,5105
Kepler-1038 b,tr,2016,Kepler,148.46,0,0.5238,3.53,0.129,,0,0.83,0.87,5335
Kepler-1038 c,tr,2021,Kepler,7.12766,0,0.0692,1.416,,,0,0.821,0.868,5159
Kepler-1039 b,tr,2016,Kepler,0.934884,0,0.01714,1.46,0.106,,0,0.74,0.79,4870
Kepler-104 b,tr,2014,Kepler,11.4275,0,0.094,3.1,0.171,19.6,0,1.35,0.818,5711
Kepler-104 c,tr,2014,Kepler,23.6682,0,0.153,3.13,0.176,7.144,1,1.35,0.818,5711
Kepler-104 d,tr,2014,Kepler,51.7554,0,0.257,3.58,0.170,5.54,1,1.35,0.818,5711
Kepler-1040 b,tr,2016,Kepler,201.121,0,0.6725,2.08,0.067,,0,0.96,0.98,5694
Kepler-1041 b,tr,2016,Kepler,24.7576,0,0.1688,2.94,0.196,,0,1.08,1.06,5957
Kepler-1042 b,tr,2016,Kepler,10.132,0,0.0756,2.19,0.062,,0,0.72,0.75,4815
Kepler-1043 b,tr,2016,Kepler,38.5053,0,0.2159,2.55,0.124,,0,0.9,0.92,5629
Kepler-1044 b,tr,2016,Kepler,6.77409,0,0.0741,2.67,0.170,,0,1.11,1.08,5985
Kepler-1045 b,tr,2016,Kepler,26.4105,0,0.1616,2.69,0.069,,0,0.82,0.86,5301
Kepler-1046 b,tr,2016,Kepler,14.3751,0,0.1186,1.71,0.067,,0,1.04,1.04,5913
Kepler-1047 b,tr,2016,Kepler,56.1887,0,0.2987,2.09,0.103,,0,1.13,1.08,5754
Kepler-1047 c,tr,2016,Kepler,3.18898,0,0.04413,0.99,0.111,,0,1.13,1.08,5754
Kepler-1048 b,tr,2016,Kepler,6.92101,0,0.059,1.61,0.053,,0,0.7,0.75,4651
Kepler-1049 b,tr,2016,Kepler,3.27346,0,0.0349,0.95,0.137,,0,0.49,0.51,3864
Kepler-105 b,tr,2013,Kepler,5.4122,0,0.06016,2.53,0.028,10.8,0,1.03,0.991,5933
Kepler-105 c,tr,2014,Kepler,7.12592,0,0.07229,1.44,0.028,5.6,0,1.03,0.991,5933
Kepler-1050 b,tr,2016,Kepler,15.3788,0,0.1235,1.6,0.206,,0,1.13,1.09,6010
Kepler-1050 c,tr,2016,Kepler,21.1285,0,0.1526,1.48,0.172,,0,1.13,1.09,6010
Kepler-1051 b,tr,2016,Kepler,25.962,0,0.184,3.4,0.279,,0,1.73,1.43,6675
Kepler-1052 b,tr,2016,Kepler,34.8538,0,0.2099,2.93,0.145,,0,1.03,1.03,5888
Kepler-1052 c,tr,2023,Kepler,180.922,0,0.6135,2.3,0.159,,0,0.848,0.937,5818
Kepler-1053 b,tr,2016,Kepler,2.41435,0,0.0315,0.98,0.046,,0,0.69,0.74,4529
Kepler-1054 b,tr,2016,Kepler,4.30656,0,0.05542,2.63,0.319,,0,1.34,1.22,6209
Kepler-1055 b,tr,2016,Kepler,2.29504,0,0.0335,1.23,0.053,,0,0.94,0.98,5723
Kepler-1056 b,tr,2016,Kepler,27.4956,0,0.1629,3.01,0.321,,0,1.2,1.12,6127
Kepler-1057 b,tr,2016,Kepler,14.0883,0,0.1138,3.36,0.241,,0,1.1,1.07,5987
Kepler-1058 b,tr,2016,Kepler,110.965,0,0.3679,2.72,0.079,,0,0.69,0.73,4644
Kepler-1059 b,tr,2016,Kepler,3.76419,0,0.044,1.73,0.078,,0,0.72,0.75,4906
Kepler-106 b,tr,2014,Kepler,6.16486,0,0.06491,0.82,0.134,5.3,0,1.04,1,5858
Kepler-106 c,tr,2014,Kepler,13.5708,0,0.1099,2.5,0.128,10.44,0,1.04,1,5858
Kepler-106 d,tr,2014,Kepler,23.9802,0,0.1606,0.95,0.137,8.1,0,1.04,1,5858
Kepler-106 e,tr,2014,Kepler,43.8445,0,0.2401,2.56,0.129,11.17,0,1.04,1,5858
Kepler-1060 b,tr,2016,Kepler,46.8779,0,0.2495,2.38,0.155,,0,0.99,0.99,5797
Kepler-1061 b,tr,2016,Kepler,2.75798,0,0.0388,1.98,0.121,,0,1.07,1.09,6067
Kepler-1062 b,tr,2016,Kepler,9.30412,0,0.0748,1.76,0.054,,0,0.7,0.75,4597
Kepler-1063 b,tr,2016,Kepler,14.0797,0,0.1176,1.49,0.198,,0,1.14,1.09,5945
Kepler-1064 b,tr,2016,Kepler,16.5408,0,0.1183,1.55,0.039,,0,0.79,0.85,5153
Kepler-1065 b,tr,2016,Kepler,3.60931,0,0.0455,3.73,0.134,,0,0.93,0.94,5635
Kepler-1065 c,tr,2016,Kepler,2.37031,0,0.0344,1.6,0.128,,0,0.93,0.94,5635
Kepler-1066 b,tr,2016,Kepler,1.93156,0,0.0298,2.36,0.176,,0,0.98,0.98,5762
Kepler-1067 b,tr,2016,Kepler,0.762129,0,0.0164,0.8,0.112,,0,0.93,0.95,5592
Kepler-1067 c,tr,2021,Kepler,5.42584,0,0.06069,1.747,,,0,0.934,0.981,5594
Kepler-1068 b,tr,2016,Kepler,16.9234,0,0.1304,3.63,0.174,,0,1.01,1.01,5806
Kepler-1069 b,tr,2016,Kepler,23.899,0,0.1659,1.6,0.141,,0,0.98,0.99,5722
Kepler-107 b,tr,2014,Kepler,3.18002,0,0.04544,1.536,0.016,3.8,0,1.45,1.24,5854
Kepler-107 c,tr,2014,Kepler,4.90145,0,0.06064,1.597,0.016,10,0,1.45,1.24,5854
Kepler-107 d,tr,2014,Kepler,7.95839,0,0.08377,0.86,0.070,7.7,0,1.45,1.24,5854
Kepler-107 e,tr,2014,Kepler,14.7491,0,0.1264,2.903,0.012,14.1,0,1.45,1.24,5854
Kepler-1070 b,tr,2016,Kepler,6.22161,0,0.06753,1.73,0.306,,0,1.32,1.21,6261
Kepler-1071 b,tr,2016,Kepler,6.17998,0,0.0629,2.38,0.044,,0,0.81,0.86,5215
Kepler-1072 b,tr,2016,Kepler,1.56907,0,0.02742,1.58,0.304,,0,1.32,1.2,6199
Kepler-1073 b,tr,2016,Kepler,8.67889,0,0.0805,2.3,0.161,,0,1,1,5792
Kepler-1073 c,tr,2016,Kepler,4.02582,0,0.0483,1.64,0.159,,0,1,1,5792
Kepler-1073 d,tr,2021,Kepler,2.50476,0,0.0352,1.488,,,0,1.12,0.924,5509
Kepler-1074 b,tr,2016,Kepler,5.94567,0,0.0536,1.25,0.132,,0,0.57,0.6,4002
Kepler-1075 b,tr,2016,Kepler,1.52373,0,0.0208,1.42,0.173,,0,0.54,0.56,3959
Kepler-1076 b,tr,2016,Kepler,6.14728,0,0.0611,0.8,0.044,,0,0.74,0.79,4868
Kepler-1077 b,tr,2016,Kepler,34.3512,0,0.2101,2.77,0.186,,0,1.02,1.02,5816
Kepler-1078 b,tr,2016,Kepler,3.00725,0,0.0388,1.9,0.166,,0,0.92,0.94,5612
Kepler-1079 b,tr,2016,Kepler,13.245,0,0.1092,1.63,0.187,,0,1.36,1.08,5758
Kepler-108 b,tr,2014,Kepler,49.1839,0,0.292,8.65,0.055,,0,2.19,1.25,5854
Kepler-108 c,tr,2014,Kepler,190.323,0,0.721,8.18,0.062,,0,2.19,1.25,5854
Kepler-1080 b,tr,2016,Kepler,77.2548,0,0.3781,3.28,0.248,,0,1.16,1.1,5956
Kepler-1081 b,tr,2016,Kepler,3.85692,0,0.04662,1.01,0.084,,0,0.84,0.88,5345
Kepler-1082 b,tr,2016,Kepler,1.54321,0,0.02571,1.12,0.138,,0,1.14,1.03,5923
Kepler-1083 b,tr,2016,Kepler,33.4178,0,0.1899,3.36,0.118,,0,0.77,0.81,5049
Kepler-1084 b,tr,2016,Kepler,2.05334,0,0.0324,1.11,0.171,,0,1.28,1.12,6113
Kepler-1085 b,tr,2016,Kepler,219.322,0,0.7336,7.22,0.174,,0,1.14,1.11,6000
Kepler-1085 c,tr,2020,Kepler,56.7771,0,0.298,3.268,,,0,1.08,1.05,5816
Kepler-1086 b,tr,2016,Kepler,18.7843,0,0.1198,2.44,0.129,,0,0.66,0.7,4350
Kepler-1086 c,tr,2016,Kepler,161.516,0,0.503,2.94,0.041,,0,0.66,0.7,4350
Kepler-1087 b,tr,2016,Kepler,0.693843,0,0.01554,0.61,0.180,,0,0.94,0.96,5589
Kepler-1088 b,tr,2016,Kepler,23.1275,0,0.1616,1.42,0.074,,0,1.08,1.08,5975
Kepler-1089 b,tr,2016,Kepler,5.13249,0,0.0497,1.83,0.120,,0,0.49,0.52,3753
Kepler-109 b,tr,2014,Kepler,6.48163,0,0.0701,2.49,0.044,4.9,0,1.39,1.09,5950
Kepler-109 c,tr,2014,Kepler,21.2227,0,0.1546,2.65,0.045,8.2,0,1.39,1.09,5950
Kepler-1090 b,tr,2016,Kepler,198.68,0,0.6332,2.25,0.084,,0,0.82,0.86,5321
Kepler-1090 c,tr,2021,Kepler,42.4272,0,0.2262,3.293,,,0,1.01,0.869,5330
Kepler-1091 b,tr,2016,Kepler,1.43474,0,0.0252,1.46,0.188,,0,1.03,1.01,5851
Kepler-1092 b,tr,2016,Kepler,58.6018,0,0.2996,2.07,0.147,,0,1,0.99,5862
Kepler-1093 b,tr,2016,Kepler,25.0825,0,0.1754,1.95,0.223,,0,1.2,1.13,6166
Kepler-1093 c,tr,2016,Kepler,89.7223,0,0.4104,1.96,0.253,,0,1.2,1.13,6166
Kepler-1094 b,tr,2016,Kepler,78.1,0,0.3625,3.18,0.261,,0,1.21,1.14,6112
Kepler-1095 b,tr,2016,Kepler,4.27103,0,0.0514,1.21,0.132,,0,0.92,0.94,5658
Kepler-1096 b,tr,2016,Kepler,2.89222,0,0.034,1.24,0.181,,0,0.63,0.66,4306
Kepler-1097 b,tr,2016,Kepler,187.747,0,0.5791,3.26,0.080,,0,0.79,0.82,5211
Kepler-1098 b,tr,2016,Kepler,2.54307,0,0.0358,1.3,0.146,,0,0.99,0.99,5794
Kepler-1099 b,tr,2016,Kepler,2.16845,0,0.0337,2.83,0.166,,0,1,1.01,5837
Kepler-11 b,tr,2010,Kepler,10.3039,0,0.091,1.8,0.022,1.9,0,1.06,0.961,5663
Kepler-11 c,tr,2010,Kepler,13.0241,0,0.107,2.87,0.019,2.9,0,1.06,0.961,5663
Kepler-11 d,tr,2010,Kepler,22.6845,0,0.155,3.12,0.021,7.3,0,1.06,0.961,5663
Kepler-11 e,tr,2010,Kepler,31.9996,0,0.195,4.19,0.019,8,0,1.06,0.961,5663
Kepler-11 f,tr,2010,Kepler,46.6888,0,0.25,2.49,0.022,2,0,1.06,0.961,5663
Kepler-11 g,tr,2010,Kepler,118.381,0,0.466,3.33,0.021,25,0,1.06,0.961,5663
Kepler-110 b,tr,2014,Kepler,12.6911,0,0.107,1.83,0.197,,0,1.15,0.989,5960
Kepler-110 c,tr,2014,Kepler,31.7198,0,0.198,2.21,0.199,,0,1.15,0.989,5960
Kepler-1100 b,tr,2016,Kepler,6.422,0,0.06745,1.75,0.317,,0,1.34,1.21,6247
Kepler-1101 b,tr,2016,Kepler,81.3151,0,0.3483,2.47,0.117,,0,0.91,0.94,5614
Kepler-1102 b,tr,2016,Kepler,51.3286,0,0.2731,2.66,0.143,,0,0.94,0.96,5724
Kepler-1103 b,tr,2016,Kepler,19.7919,0,0.1534,2.27,0.194,,0,1.15,1.11,6092
Kepler-1104 b,tr,2016,Kepler,5.03728,0,0.06321,1.23,0.098,,0,1.41,1.3,6417
Kepler-1105 b,tr,2016,Kepler,4.42157,0,0.0471,2.01,0.077,,0,0.68,0.71,4299
Kepler-1106 b,tr,2016,Kepler,1.25275,0,0.0239,1.65,0.218,,0,1.17,1.11,6104
Kepler-1107 b,tr,2016,Kepler,0.571039,0,0.01285,1.34,0.067,,0,0.82,0.86,5268
Kepler-1108 b,tr,2016,Kepler,4.51006,0,0.0511,1.46,0.086,,0,0.84,0.88,5406
Kepler-1109 b,tr,2016,Kepler,37.6467,0,0.2466,2.19,0.153,,0,1.06,1.05,5893
Kepler-111 b,tr,2014,Kepler,3.34181,0,0.046,1.58,0.127,,0,1.16,1.17,5952
Kepler-111 c,tr,2014,Kepler,224.778,0,0.751,7.084,0.035,222.5,0,1.15,1.12,5914
Kepler-1110 b,tr,2016,Kepler,9.69312,0,0.0754,2.66,0.120,,0,0.7,0.73,4781
Kepler-1111 b,tr,2016,Kepler,8.79618,0,0.0872,2,0.200,,0,1.15,1.1,6077
Kepler-1112 b,tr,2016,Kepler,14.3627,0,0.1239,3.02,0.298,,0,1.54,1.34,6496
Kepler-1113 b,tr,2016,Kepler,42.3005,0,0.2415,2.81,0.265,,0,1.17,1.12,5931
Kepler-1114 b,tr,2016,Kepler,14.9744,0,0.1106,1.35,0.056,,0,0.83,0.87,5374
Kepler-1115 b,tr,2016,Kepler,23.5541,0,0.2134,1.7,0.144,,0,1.73,1.6,8480
Kepler-1116 b,tr,2016,Kepler,41.6978,0,0.233,2.54,0.150,,0,0.93,0.95,5641
Kepler-1117 b,tr,2016,Kepler,4.79028,0,0.05485,1.11,0.113,,0,0.93,0.95,5612
Kepler-1118 b,tr,2016,Kepler,38.6715,0,0.2079,2.74,0.188,,0,0.97,0.96,5688
Kepler-1119 b,tr,2016,Kepler,8.32652,0,0.0812,1.92,0.242,,0,1.17,1.11,6083
Kepler-112 b,tr,2014,Kepler,8.40888,0,0.076,2.36,0.242,,0,0.841,0.782,5544
Kepler-112 c,tr,2014,Kepler,28.5743,0,0.172,2.4,0.242,,0,0.841,0.782,5544
Kepler-1120 b,tr,2016,Kepler,2.94903,0,0.0369,1.38,0.058,,0,0.74,0.78,4904
Kepler-1121 b,tr,2016,Kepler,13.1514,0,0.1182,1.91,0.246,,0,1.59,1.29,6231
Kepler-1122 b,tr,2016,Kepler,42.1917,0,0.2315,2.04,0.100,,0,0.89,0.92,5544
Kepler-1123 b,tr,2016,Kepler,4.33946,0,0.0497,1.67,0.108,,0,0.9,0.93,5500
Kepler-1124 b,tr,2016,Kepler,2.85235,0,0.0305,1.28,0.074,,0,0.34,0.35,3658
Kepler-1125 b,tr,2016,Kepler,17.6701,0,0.1348,1.84,0.130,,0,0.94,0.95,5683
Kepler-1126 b,tr,2016,Kepler,108.593,0,0.4125,1.73,0.101,,0,0.93,0.92,5798
Kepler-1126 c,tr,2023,Kepler,199.669,0,0.6193,1.45,0.124,,0,0.921,0.794,5678
Kepler-1127 b,tr,2016,Kepler,5.1233,0,0.0556,1.96,0.186,,0,0.95,0.97,5664
Kepler-1128 b,tr,2016,Kepler,61.6178,0,0.302,3.65,0.119,,0,0.91,0.94,5543
Kepler-1129 b,tr,2016,Kepler,24.3398,0,0.1648,2.96,0.142,,0,1,1,5831
Kepler-1129 c,tr,2016,Kepler,76.537,0,0.3537,2.73,0.134,,0,1,1,5831
Kepler-113 b,tr,2014,Kepler,4.754,0,0.05123,1.82,0.027,11.7,0,0.69,0.75,4725
Kepler-113 c,tr,2014,Kepler,8.92507,0,0.07796,2.18,0.028,8.7,0,0.69,0.75,4725
Kepler-1130 b,tr,2016,Kepler,5.45298,0,0.05963,0.8,0.119,,0,0.81,0.9,5403
Kepler-1130 c,tr,2021,Kepler,3.26664,0,0.04238,0.7924,,,0,0.842,0.944,5450
Kepler-1130 d,tr,2021,Kepler,4.27225,0,0.05068,0.6447,,,0,0.842,0.944,5450
Kepler-1131 b,tr,2016,Kepler,3.53232,0,0.0459,1.59,0.160,,0,1.04,1.03,5851
Kepler-1132 b,tr,2016,Kepler,62.8916,0,0.2881,2.35,0.077,,0,0.83,0.87,5298
Kepler-1133 b,tr,2016,Kepler,11.5556,0,0.0983,1.97,0.099,,0,0.9,0.93,5569
Kepler-1134 b,tr,2016,Kepler,17.1326,0,0.1242,2.64,0.089,,0,0.81,0.84,5281
Kepler-1135 b,tr,2016,Kepler,76.9579,0,0.3436,1.85,0.132,,0,0.94,0.96,5656
Kepler-1136 b,tr,2016,Kepler,2.36172,0,0.0299,1.64,0.058,,0,0.68,0.72,4512
Kepler-1137 b,tr,2016,Kepler,23.9211,0,0.1871,2.2,0.280,,0,1.84,1.5,6807
Kepler-1138 b,tr,2016,Kepler,3.1706,0,0.0415,1.7,0.109,,0,0.92,0.95,5582
Kepler-1139 b,tr,2016,Kepler,0.813167,0,0.01664,1.19,0.105,,0,0.91,0.94,5550
Kepler-114 b,tr,2014,Kepler,5.18855,0,0.053,1.26,0.103,1.09,0,0.667,0.77,4605
Kepler-114 c,tr,2013,Kepler,8.041,0,0.06482,1.6,0.112,2.8,0,0.54,0.56,4660
Kepler-114 d,tr,2013,Kepler,11.776,0,0.08358,2.53,0.111,3.9,0,0.54,0.56,4660
Kepler-1140 b,tr,2016,Kepler,24.0863,0,0.1478,2.77,0.148,,0,0.73,0.76,4850
Kepler-1141 b,tr,2016,Kepler,2.34451,0,0.03496,0.82,0.122,,0,1.07,1.01,5791
Kepler-1142 b,tr,2016,Kepler,18.3027,0,0.1343,1.47,0.207,,0,0.96,0.97,5685
Kepler-1143 b,tr,2016,Kepler,2.8889,0,0.0371,1.67,0.072,,0,0.77,0.81,5053
Kepler-1143 c,tr,2016,Kepler,210.631,0,0.6477,3.6,0.119,,0,0.77,0.81,5053
Kepler-1144 b,tr,2016,Kepler,17.1465,0,0.1291,1.99,0.116,,0,0.96,0.98,5753
Kepler-1145 b,tr,2016,Kepler,3.97077,0,0.0443,1.4,0.079,,0,0.75,0.79,5064
Kepler-1146 b,tr,2016,Kepler,2.35227,0,0.0325,1.23,0.073,,0,0.7,0.74,4692
Kepler-1147 b,tr,2016,Kepler,10.6278,0,0.0961,2.61,0.251,,0,1.14,1.09,5941
Kepler-1148 b,tr,2016,Kepler,1.10446,0,0.0188,1.69,0.056,,0,0.77,0.81,5054
Kepler-1149 b,tr,2016,Kepler,3.7309,0,0.0473,1.44,0.149,,0,1.01,1.02,5833
Kepler-115 b,tr,2014,Kepler,2.40368,0,0.036,1.09,0.193,,0,1.21,1.04,5979
Kepler-115 c,tr,2014,Kepler,8.99089,0,0.087,2.6,0.192,,0,1.21,1.04,5979
Kepler-1150 b,tr,2016,Kepler,2.78787,0,0.0382,1.02,0.059,,0,0.72,0.76,4754
Kepler-1151 b,tr,2016,Kepler,65.6478,0,0.3197,2.22,0.092,,0,0.85,0.88,5470
Kepler-1152 b,tr,2016,Kepler,1.6468,0,0.0223,0.87,0.063,,0,0.53,0.55,3964
Kepler-1153 b,tr,2016,Kepler,1.75584,0,0.0277,1.73,0.092,,0,0.88,0.91,5470
Kepler-1154 b,tr,2016,Kepler,5.18561,0,0.0631,2.34,0.331,,0,1.43,1.26,6327
Kepler-1154 c,tr,2016,Kepler,8.45808,0,0.0875,2.36,0.305,,0,1.43,1.26,6327
Kepler-1155 b,tr,2016,Kepler,33.4697,0,0.2006,2.03,0.160,,0,1.03,1.03,5842
Kepler-1156 b,tr,2016,Kepler,11.8952,0,0.09704,1.32,0.087,,0,1,1,5778
Kepler-1157 b,tr,2016,Kepler,4.45743,0,0.0448,1.09,0.110,,0,0.71,0.76,4679
Kepler-1158 b,tr,2016,Kepler,13.5396,0,0.1264,2.34,0.197,,0,1.95,1.41,6203
Kepler-1159 b,tr,2016,Kepler,22.7082,0,0.1603,2.37,0.295,,0,1.28,1.19,6217
Kepler-116 b,tr,2014,Kepler,5.96873,0,0.069,3.42,0.190,,0,1.45,1.2,6142
Kepler-116 c,tr,2014,Kepler,13.0716,0,0.116,2.3,0.191,,0,1.45,1.2,6142
Kepler-1160 b,tr,2016,Kepler,7.97035,0,0.0755,2.14,0.098,,0,0.89,0.92,5519
Kepler-1161 b,tr,2016,Kepler,10.7125,0,0.0784,2.13,0.148,,0,0.57,0.59,4253
Kepler-1162 b,tr,2016,Kepler,32.5637,0,0.19,2.21,0.161,,0,0.84,0.89,5390
Kepler-1162 c,tr,2023,Kepler,59.2841,0,0.2832,1.81,0.066,,0,0.859,0.861,5225
Kepler-1163 b,tr,2016,Kepler,6.11787,0,0.06868,1.03,0.136,,0,1.35,1.22,6302
Kepler-1164 b,tr,2016,Kepler,3.976,0,0.04635,1.12,0.049,,0,0.79,0.85,5183
Kepler-1165 b,tr,2016,Kepler,9.47852,0,0.0914,1.55,0.223,,0,1.18,1.13,6080
Kepler-1165 c,tr,2021,Kepler,29.9687,0,0.1969,3.361,,,0,1.08,1.13,6249
Kepler-1166 b,tr,2016,Kepler,33.2407,0,0.1975,1.69,0.225,,0,0.86,0.9,5446
Kepler-1167 b,tr,2016,Kepler,1.00393,0,0.0175,1.71,0.070,,0,0.75,0.79,4971
Kepler-1168 b,tr,2016,Kepler,55.8227,0,0.2663,2.5,0.062,,0,0.82,0.87,5157
Kepler-1169 b,tr,2016,Kepler,6.11009,0,0.06931,0.94,0.064,,0,1.23,1.24,6191
Kepler-117 b,tr,2014,Kepler,18.7959,0,0.1445,8.059,0.033,29.88,0,1.61,1.13,6150
Kepler-117 c,tr,2014,Kepler,50.7904,0,0.2804,12.34,0.032,584.8,0,1.61,1.13,6150
Kepler-1170 b,tr,2016,Kepler,9.98969,0,0.088,2.41,0.075,,0,0.76,0.8,5069
Kepler-1171 b,tr,2016,Kepler,1.44259,0,0.0284,2.56,0.230,,0,1.95,1.58,7044
Kepler-1172 b,tr,2016,Kepler,26.0204,0,0.168,3.2,0.106,,0,0.89,0.92,5558
Kepler-1173 b,tr,2016,Kepler,0.769854,0,0.0156,0.89,0.169,,0,0.82,0.86,5252
Kepler-1174 b,tr,2016,Kepler,6.89225,0,0.0732,1.59,0.148,,0,1.04,1.04,5936
Kepler-1175 b,tr,2016,Kepler,37.9456,0,0.2181,2.99,0.084,,0,0.86,0.9,5453
Kepler-1176 b,tr,2016,Kepler,24.1739,0,0.1589,2.45,0.194,,0,1.02,1.01,5844
Kepler-1177 b,tr,2016,Kepler,106.248,0,0.4301,1.9,0.074,,0,0.97,0.98,5712
Kepler-1178 b,tr,2016,Kepler,31.8063,0,0.1596,1.07,0.065,,0,0.75,0.8,4990
Kepler-1179 b,tr,2016,Kepler,2.68506,0,0.03497,1.32,0.064,,0,0.81,0.84,5212
Kepler-118 b,tr,2014,Kepler,7.5185,0,0.073,1.96,0.480,,0,1.09,0.811,5274
Kepler-118 c,tr,2014,Kepler,20.172,0,0.141,7.68,0.447,,0,1.09,0.811,5274
Kepler-1180 b,tr,2016,Kepler,16.8601,0,0.1246,1.99,0.206,,0,1.14,1.09,6077
Kepler-1181 b,tr,2016,Kepler,4.89338,0,0.0621,1.57,0.290,,0,1.3,1.17,6176
Kepler-1181 c,tr,2023,Kepler,8.93485,0,0.0928,1.83,0.238,,0,1.35,1.34,6688
Kepler-1182 b,tr,2016,Kepler,11.1739,0,0.0981,2.41,0.228,,0,1.05,1.04,5924
Kepler-1183 b,tr,2016,Kepler,28.5057,0,0.1793,2.82,0.145,,0,0.99,1,5765
Kepler-1184 b,tr,2016,Kepler,53.5991,0,0.2863,2.68,0.168,,0,1.07,1.05,5983
Kepler-1185 b,tr,2016,Kepler,104.352,0,0.4297,1.33,0.049,,0,0.87,0.96,5622
Kepler-1186 b,tr,2016,Kepler,16.0768,0,0.1281,2.23,0.130,,0,0.93,0.95,5635
Kepler-1187 b,tr,2016,Kepler,18.8706,0,0.1401,2.61,0.151,,0,1.09,1.06,5975
Kepler-1188 b,tr,2016,Kepler,17.137,0,0.135,2.08,0.171,,0,1.06,1.04,5913
Kepler-1189 b,tr,2016,Kepler,3.78859,0,0.0467,1.77,0.282,,0,1.16,1.11,6012
Kepler-119 b,tr,2014,Kepler,2.42208,0,0.035,3.6,0.381,,0,0.839,0.918,5595
Kepler-119 c,tr,2014,Kepler,4.1251,0,0.049,0.92,0.380,,0,0.839,0.918,5595
Kepler-1190 b,tr,2016,Kepler,10.4584,0,0.0845,1.33,0.060,,0,0.72,0.76,4730
Kepler-1191 b,tr,2016,Kepler,5.60015,0,0.0587,1.51,0.079,,0,0.81,0.85,5308
Kepler-1192 b,tr,2016,Kepler,25.2035,0,0.1693,2.36,0.097,,0,0.83,0.86,5438
Kepler-1193 b,tr,2016,Kepler,2.83265,0,0.04004,1.32,0.144,,0,1.21,1.08,5908
Kepler-1194 b,tr,2016,Kepler,16.2237,0,0.1212,1.51,0.070,,0,0.92,0.94,5590
Kepler-1195 b,tr,2016,Kepler,8.49642,0,0.0726,2.08,0.087,,0,0.71,0.74,4965
Kepler-1196 b,tr,2016,Kepler,66.1849,0,0.3179,2.23,0.130,,0,0.97,0.98,5756
Kepler-1197 b,tr,2016,Kepler,2.03232,0,0.02869,1.25,0.048,,0,0.72,0.78,4708
Kepler-1198 b,tr,2016,Kepler,7.68477,0,0.0732,1.47,0.095,,0,0.9,0.93,5517
Kepler-1199 b,tr,2016,Kepler,15.0447,0,0.1131,1.15,0.161,,0,1.17,0.94,5889
Kepler-12 b,tr,2011,Kepler,4.43796,0,0.0553,19.66,0.019,137.3,0,1.48,1.17,5947
Kepler-120 b,tr,2014,Kepler,6.3125,0,0.055,2.15,0.079,8.5,0,0.534,0.654,4096
Kepler-120 c,tr,2014,Kepler,12.7946,0,0.088,1.53,0.059,,0,0.534,0.654,4096
Kepler-1200 b,tr,2016,Kepler,1.11855,0,0.0188,1.06,0.066,,0,0.7,0.74,4612
Kepler-1201 b,tr,2016,Kepler,15.1873,0,0.1183,2.29,0.293,,0,1.24,1.15,6177
Kepler-1202 b,tr,2016,Kepler,28.6851,0,0.179,2.94,0.207,,0,1.04,1.03,5834
Kepler-1203 b,tr,2016,Kepler,0.588001,0,0.0114,1.06,0.047,,0,0.61,0.64,4105
Kepler-1204 b,tr,2016,Kepler,85.735,0,0.3877,3.05,0.192,,0,1.03,1.03,5825
Kepler-1205 b,tr,2016,Kepler,1.07839,0,0.0196,1.41,0.067,,0,0.81,0.84,5226
Kepler-1206 b,tr,2016,Kepler,1.217,0,0.0201,1.64,0.052,,0,0.75,0.8,4877
Kepler-1207 b,tr,2016,Kepler,13.6824,0,0.1156,1.62,0.213,,0,1.06,1.06,5909
Kepler-1208 b,tr,2016,Kepler,11.0851,0,0.0901,2.32,0.071,,0,0.76,0.8,5001
Kepler-1209 b,tr,2016,Kepler,25.3691,0,0.1752,1.51,0.166,,0,1.38,1.23,6210
Kepler-121 b,tr,2014,Kepler,3.17742,0,0.039,2.34,0.543,,0,0.701,0.859,5311
Kepler-121 c,tr,2014,Kepler,41.008,0,0.216,2.27,0.551,,0,0.701,0.859,5311
Kepler-1210 b,tr,2016,Kepler,8.07124,0,0.0753,1.7,0.126,,0,0.92,0.94,5568
Kepler-1211 b,tr,2016,Kepler,11.0182,0,0.09763,2.55,0.163,,0,0.94,0.96,5705
Kepler-1212 b,tr,2016,Kepler,12.9413,0,0.1082,2.14,0.199,,0,1.15,1.1,6051
Kepler-1213 b,tr,2016,Kepler,5.34982,0,0.06026,1.19,0.097,,0,1.21,1.14,6050
Kepler-1214 b,tr,2016,Kepler,18.8263,0,0.128,2.36,0.064,,0,0.8,0.85,5130
Kepler-1215 b,tr,2016,Kepler,4.76704,0,0.0528,1.22,0.123,,0,0.93,0.95,5616
Kepler-1216 b,tr,2016,Kepler,4.37035,0,0.0519,1.39,0.119,,0,0.98,0.99,5743
Kepler-1217 b,tr,2016,Kepler,2.03233,0,0.0326,1.99,0.168,,0,1.08,1.06,5905
Kepler-1218 b,tr,2016,Kepler,22.9221,0,0.157,1.44,0.101,,0,1.1,1.06,5986
Kepler-1219 b,tr,2016,Kepler,16.1047,0,0.1415,2.12,0.238,,0,1.94,1.25,5944
Kepler-122 b,tr,2014,Kepler,5.76619,0,0.064,2.34,0.197,,0,1.22,0.982,6050
Kepler-122 c,tr,2014,Kepler,12.466,0,0.108,5.87,0.198,,0,1.22,0.982,6050
Kepler-122 d,tr,2014,Kepler,21.5875,0,0.155,2.2,0.200,,0,1.22,0.982,6050
Kepler-122 e,tr,2014,Kepler,37.9933,0,0.227,2.6,0.208,27.7,0,1.22,0.982,6050
Kepler-122 f,tr,2014,Kepler,56.268,0,0.2858,1.75,0.217,36,0,0.949,1.03,5917
Kepler-1220 b,tr,2016,Kepler,7.42694,0,0.0734,1.52,0.171,,0,0.99,1,5842
Kepler-1221 b,tr,2016,Kepler,12.001,0,0.0906,1.88,0.122,,0,0.82,0.87,5194
Kepler-1222 b,tr,2016,Kepler,1.91694,0,0.02801,0.79,0.076,,0,0.8,0.84,5239
Kepler-1223 b,tr,2016,Kepler,16.3013,0,0.1186,1.22,0.057,,0,0.75,0.8,4870
Kepler-1224 b,tr,2016,Kepler,13.3235,0,0.1163,1.33,0.075,,0,1.22,1.18,6155
Kepler-1225 b,tr,2016,Kepler,7.01075,0,0.0771,1.82,0.234,,0,1.19,1.13,6140
Kepler-1226 b,tr,2016,Kepler,17.2923,0,0.1394,1.45,0.141,,0,1.02,1.02,5923
Kepler-1227 b,tr,2016,Kepler,94.2888,0,0.3856,2.29,0.164,,0,0.95,0.97,5747
Kepler-1228 b,tr,2016,Kepler,0.57737,0,0.01186,1.54,0.081,,0,0.74,0.78,5063
Kepler-1229 b,tr,2016,Kepler,86.829,0,0.3006,1.4,0.086,,0,0.51,0.54,3784
Kepler-123 b,tr,2014,Kepler,17.2324,0,0.135,2.94,0.194,55.3,0,1.26,1.08,6089
Kepler-123 c,tr,2014,Kepler,26.6951,0,0.181,1.48,0.203,,0,1.26,1.08,6089
Kepler-1230 b,tr,2016,Kepler,9.95662,0,0.0921,2.71,0.144,,0,1.08,1.06,5961
Kepler-1231 b,tr,2016,Kepler,10.4173,0,0.0914,1.42,0.148,,0,1,1.01,5778
Kepler-1232 b,tr,2016,Kepler,26.7839,0,0.1655,1.93,0.104,,0,0.89,0.92,5471
Kepler-1233 b,tr,2016,Kepler,45.1263,0,0.263,2.6,0.283,,0,1.25,1.16,6198
Kepler-1234 b,tr,2016,Kepler,11.9401,0,0.096,2.81,0.173,,0,0.76,0.8,4967
Kepler-1235 b,tr,2016,Kepler,4.16056,0,0.04836,0.79,0.114,,0,0.9,0.93,5541
Kepler-1236 b,tr,2016,Kepler,31.0572,0,0.1803,2.14,0.093,,0,0.82,0.86,5337
Kepler-1237 b,tr,2016,Kepler,84.5733,0,0.3778,2.86,0.105,,0,0.9,0.94,5472
Kepler-1238 b,tr,2016,Kepler,4.14788,0,0.0541,1.93,0.329,,0,1.48,1.3,6386
Kepler-1239 b,tr,2016,Kepler,5.19104,0,0.0625,2.9,0.117,,0,1.57,1.4,6564
Kepler-124 b,tr,2014,Kepler,3.41049,0,0.039,0.73,0.068,,0,0.636,0.706,4984
Kepler-124 c,tr,2014,Kepler,13.8214,0,0.1,1.75,0.051,,0,0.636,0.706,4984
Kepler-124 d,tr,2014,Kepler,30.9509,0,0.17,1.11,0.063,,0,0.636,0.706,4984
Kepler-1240 b,tr,2016,Kepler,4.86638,0,0.05791,1.15,0.130,,0,0.96,0.98,5682
Kepler-1241 b,tr,2016,Kepler,18.5526,0,0.1336,2.63,0.084,,0,0.8,0.84,5261
Kepler-1242 b,tr,2016,Kepler,13.628,0,0.1039,2.26,0.058,,0,0.74,0.77,4895
Kepler-1243 b,tr,2016,Kepler,16.8321,0,0.1256,1.75,0.129,,0,0.94,0.96,5667
Kepler-1244 b,tr,2016,Kepler,3.70428,0,0.0502,1.35,0.326,,0,1.77,1.46,6680
Kepler-1245 b,tr,2016,Kepler,4.35409,0,0.0484,1.44,0.076,,0,0.83,0.86,5306
Kepler-1245 c,tr,2016,Kepler,2.93658,0,0.0372,1.44,0.073,,0,0.83,0.86,5306
Kepler-1246 b,tr,2016,Kepler,11.3227,0,0.0848,1.36,0.154,,0,0.69,0.73,4611
Kepler-1247 b,tr,2016,Kepler,13.7122,0,0.1091,2.33,0.079,,0,0.82,0.86,5303
Kepler-1248 b,tr,2016,Kepler,7.46725,0,0.0806,1.18,0.131,,0,1.21,1.21,6149
Kepler-1249 b,tr,2016,Kepler,24.3347,0,0.167,2.38,0.284,,0,1.28,1.19,6202
Kepler-125 b,tr,2014,Kepler,4.16439,0,0.041,2.37,0.042,,0,0.512,0.542,3810
Kepler-125 c,tr,2014,Kepler,5.77446,0,0.051,0.74,0.068,,0,0.512,0.542,3810
Kepler-1250 b,tr,2016,Kepler,2.60754,0,0.0393,1.92,0.161,,0,0.98,0.99,5717
Kepler-1251 b,tr,2016,Kepler,45.0905,0,0.2478,1.84,0.109,,0,0.89,0.92,5545
Kepler-1252 b,tr,2016,Kepler,15.054,0,0.1078,1.67,0.195,,0,1.09,1.06,5949
Kepler-1253 b,tr,2016,Kepler,68.8862,0,0.3144,1.33,0.135,,0,1.1,0.97,5850
Kepler-1254 b,tr,2016,Kepler,9.99113,0,0.0833,1.55,0.068,,0,0.75,0.78,4985
Kepler-1254 c,tr,2016,Kepler,3.60084,0,0.0422,1.3,0.073,,0,0.75,0.78,4985
Kepler-1254 d,tr,2016,Kepler,5.72717,0,0.0575,1.31,0.076,,0,0.75,0.78,4985
Kepler-1255 b,tr,2016,Kepler,36.2919,0,0.2226,2.32,0.200,,0,1.12,1.08,6018
Kepler-1256 b,tr,2016,Kepler,12.4128,0,0.1073,1.49,0.221,,0,1.36,1.17,6129
Kepler-1257 b,tr,2016,Kepler,2.66831,0,0.0376,1.52,0.099,,0,0.87,0.9,5502
Kepler-1258 b,tr,2016,Kepler,0.98494,0,0.01824,0.86,0.122,,0,0.99,0.99,5839
Kepler-1259 b,tr,2016,Kepler,0.663085,0,0.0141,1.43,0.059,,0,0.77,0.8,5053
Kepler-126 b,tr,2014,Kepler,10.4957,0,0.099,1.52,0.066,4.117,1,1.36,1.11,6239
Kepler-126 c,tr,2014,Kepler,21.8697,0,0.162,1.58,0.082,1.279,1,1.36,1.11,6239
Kepler-126 d,tr,2014,Kepler,100.283,0,0.448,2.5,0.020,54.59,1,1.36,1.11,6239
Kepler-1260 b,tr,2016,Kepler,19.1188,0,0.1444,1.77,0.223,,0,1.08,1.06,5961
Kepler-1261 b,tr,2016,Kepler,48.4309,0,0.239,2.26,0.062,,0,0.77,0.82,5006
Kepler-1262 b,tr,2016,Kepler,8.679,0,0.083,1.82,0.135,,0,0.98,0.99,5771
Kepler-1263 b,tr,2016,Kepler,4.5514,0,0.0499,1.14,0.175,,0,0.8,0.84,5213
Kepler-1264 b,tr,2016,Kepler,0.968526,0,0.01839,1.18,0.144,,0,0.98,0.99,5791
Kepler-1265 b,tr,2016,Kepler,6.49441,0,0.0612,1.35,0.074,,0,0.69,0.71,4630
Kepler-1266 b,tr,2016,Kepler,28.4747,0,0.1643,2.58,0.114,,0,0.76,0.8,5044
Kepler-1266 c,tr,2021,Kepler,4.86631,0,0.0506,1.68,,,0,0.831,0.791,4996
Kepler-1267 b,tr,2016,Kepler,13.0314,0,0.1057,3.01,0.233,,0,1.2,1.15,6096
Kepler-1268 b,tr,2016,Kepler,40.9904,0,0.2383,2.03,0.222,,0,1.09,1.06,5904
Kepler-1269 b,tr,2016,Kepler,37.3332,0,0.2361,1.63,0.196,,0,1.15,1.1,5998
Kepler-127 b,tr,2014,Kepler,14.4359,0,0.125,1.4,0.036,,0,1.36,1.25,6106
Kepler-127 c,tr,2014,Kepler,29.3932,0,0.2,2.66,0.053,,0,1.36,1.25,6106
Kepler-127 d,tr,2014,Kepler,48.6304,0,0.28,2.64,0.053,,0,1.36,1.25,6106
Kepler-1270 b,tr,2016,Kepler,6.03356,0,0.07045,3.32,0.143,,0,3.38,1.28,5047
Kepler-1271 b,tr,2016,Kepler,3.0256,0,0.04233,1.48,0.132,,0,1.23,1.13,6143
Kepler-1272 b,tr,2016,Kepler,51.131,0,0.2705,2.37,0.215,,0,1.09,1.06,5926
Kepler-1273 b,tr,2016,Kepler,28.6257,0,0.1857,2.49,0.104,,0,0.91,0.94,5566
Kepler-1274 b,tr,2016,Kepler,6.98153,0,0.08161,1.42,0.070,,0,2.17,1.45,6179
Kepler-1275 b,tr,2016,Kepler,3.65691,0,0.0488,1.48,0.311,,0,1.36,1.23,6296
Kepler-1276 b,tr,2016,Kepler,12.572,0,0.1086,1.19,0.130,,0,1.21,1.14,6188
Kepler-1277 b,tr,2016,Kepler,40.8365,0,0.2186,1.6,0.125,,0,0.92,0.94,5578
Kepler-1278 b,tr,2016,Kepler,3.23941,0,0.04417,1.01,0.213,,0,1.16,1.11,6074
Kepler-1279 b,tr,2016,Kepler,23.4774,0,0.1785,1.75,0.329,,0,1.33,1.21,6221
Kepler-128 b,tr,2013,Kepler,15,0,0.1255,1.421,0.028,3.79,0,1.66,1.18,6072
Kepler-128 c,tr,2013,Kepler,22.8,0,0.1652,1.521,0.031,3.38,0,1.66,1.18,6072
Kepler-1280 b,tr,2016,Kepler,66.5579,0,0.3398,1.87,0.299,,0,1.32,1.2,6227
Kepler-1281 b,tr,2016,Kepler,3.11603,0,0.0415,1.64,0.082,,0,0.83,0.87,5353
Kepler-1282 b,tr,2016,Kepler,2.13195,0,0.0335,1.55,0.103,,0,0.89,0.92,5504
Kepler-1283 b,tr,2016,Kepler,12.9461,0,0.1062,1.91,0.288,,0,1.25,1.16,6175
Kepler-1284 b,tr,2016,Kepler,0.664074,0,0.0143,1.21,0.070,,0,0.79,0.84,5123
Kepler-1285 b,tr,2016,Kepler,14.7967,0,0.1276,0.97,0.093,,0,1.28,1.2,6170
Kepler-1286 b,tr,2016,Kepler,11.254,0,0.0991,2.15,0.147,,0,0.98,1,5753
Kepler-1287 b,tr,2016,Kepler,11.4769,0,0.0976,1.54,0.114,,0,0.94,0.96,5715
Kepler-1288 b,tr,2016,Kepler,2.76122,0,0.04135,1.12,0.281,,0,1.29,1.2,6132
Kepler-1289 b,tr,2016,Kepler,7.9902,0,0.0785,1.52,0.240,,0,1.17,1.1,6080
Kepler-129 b,tr,2014,Kepler,15.79,0,0.13,2.4,0.017,20,1,1.65,1.18,5770
Kepler-129 c,tr,2014,Kepler,82.2,0,0.39,2.52,0.028,43,0,1.65,1.18,5770
Kepler-129 d,rv,2021,other,2646,0,4,,,2638,1,1.65,1.18,5770
Kepler-1290 b,tr,2016,Kepler,4.695,0,0.0557,1.42,0.120,,0,0.93,0.95,5660
Kepler-1291 b,tr,2016,Kepler,8.63043,0,0.0779,1.66,0.084,,0,0.8,0.84,5216
Kepler-1292 b,tr,2016,Kepler,3.27646,0,0.0443,1.82,0.118,,0,0.93,0.95,5556
Kepler-1293 b,tr,2016,Kepler,5.57655,0,0.06763,0.97,0.294,,0,1.28,1.18,6241
Kepler-1294 b,tr,2016,Kepler,115.686,0,0.4684,3.19,0.133,,0,0.97,0.99,5776
Kepler-1295 b,tr,2016,Kepler,3.81372,0,0.0464,1.55,0.103,,0,0.89,0.92,5486
Kepler-1296 b,tr,2016,Kepler,8.38399,0,0.0896,0.91,0.082,,0,0.83,0.87,5359
Kepler-1297 b,tr,2016,Kepler,1.68189,0,0.0283,0.97,0.129,,0,0.99,0.99,5818
Kepler-1298 b,tr,2016,Kepler,7.12812,0,0.0814,1.31,0.176,,0,2,1.45,6339
Kepler-1299 b,tr,2016,Kepler,19.9401,0,0.1357,2.98,0.181,,0,0.91,0.94,5609
Kepler-130 b,tr,2014,Kepler,8.45746,0,0.079,1.02,0.039,,0,1.13,0.927,5884
Kepler-130 c,tr,2014,Kepler,27.5087,0,0.178,2.9,0.086,,0,1.17,1,5879
Kepler-130 d,tr,2014,Kepler,87.5179,0,0.377,1.64,0.098,,0,1.13,0.927,5884
Kepler-1300 b,tr,2016,Kepler,22.2419,0,0.16,1.37,0.223,,0,1.79,1.29,6130
Kepler-1301 b,tr,2016,Kepler,9.08237,0,0.0815,1.4,0.075,,0,0.81,0.85,5188
Kepler-1302 b,tr,2016,Kepler,8.83923,0,0.0795,1.43,0.084,,0,0.82,0.86,5236
Kepler-1303 b,tr,2016,Kepler,7.56127,0,0.0751,1.42,0.173,,0,1,1.01,5771
Kepler-1304 b,tr,2016,Kepler,16.1289,0,0.1202,2.29,0.157,,0,0.81,0.85,5259
Kepler-1305 b,tr,2016,Kepler,13.5631,0,0.1109,1.88,0.144,,0,0.96,0.97,5701
Kepler-1306 b,tr,2016,Kepler,16.296,0,0.123,1.91,0.165,,0,0.97,0.98,5727
Kepler-1307 b,tr,2016,Kepler,18.0162,0,0.1369,2.47,0.188,,0,1.08,1.06,5884
Kepler-1308 b,tr,2016,Kepler,2.10434,0,0.025,0.52,0.106,,0,0.34,0.35,3468
Kepler-1309 b,tr,2016,Kepler,28.8433,0,0.1679,2.37,0.084,,0,0.8,0.85,5235
Kepler-131 b,tr,2014,Kepler,16.092,0,0.1279,2.41,0.083,16.13,0,1.03,1.02,5685
Kepler-131 c,tr,2014,Kepler,25.5169,0,0.1739,0.84,0.083,8.25,0,1.03,1.02,5685
Kepler-1310 b,tr,2016,Kepler,0.679336,0,0.01452,1.44,0.097,,0,0.88,0.91,5549
Kepler-1311 b,tr,2016,Kepler,11.1727,0,0.1008,1.24,0.206,,0,1.4,1.05,5748
Kepler-1311 c,tr,2016,Kepler,2.53573,0,0.03753,1.22,0.213,,0,1.4,1.05,5748
Kepler-1311 d,tr,2021,Kepler,197.511,0,0.6843,9.658,,,0,1.67,1.03,5616
Kepler-1312 b,tr,2016,Kepler,5.44833,0,0.06053,2.1,0.036,,0,0.92,0.99,5719
Kepler-1312 c,tr,2021,Kepler,1.11612,0,0.02103,1.027,,,0,0.905,0.983,5721
Kepler-1313 b,tr,2016,Kepler,3.83309,0,0.04619,1.76,0.040,,0,0.85,0.92,5453
Kepler-1314 b,tr,2016,Kepler,5.42475,0,0.0504,5.11,0.037,,0,0.59,0.6,4188
Kepler-1315 b,tr,2016,Kepler,0.84338,0,0.01617,1.38,0.051,,0,0.75,0.8,4861
Kepler-1315 c,tr,2021,Kepler,6.56606,0,0.0635,1.844,,,0,0.856,0.809,4818
Kepler-1316 b,tr,2016,Kepler,87.9732,0,0.3977,3.54,0.131,,0,1.12,1.04,5884
Kepler-1317 b,tr,2016,Kepler,0.568874,0,0.0128,1.56,0.054,,0,0.79,0.83,5144
Kepler-1318 b,tr,2016,Kepler,213.258,0,0.6085,3.11,0.051,,0,0.7,0.73,4598
Kepler-1319 b,tr,2016,Kepler,2.88676,0,0.0296,1.34,0.299,,0,0.54,0.56,3655
Kepler-132 b,tr,2014,Kepler,6.1782,0,0.067,1.21,0.198,,0,1.18,0.929,6003
Kepler-132 c,tr,2014,Kepler,6.41491,0,0.068,1.28,0.195,,0,1.18,0.929,6003
Kepler-132 d,tr,2014,Kepler,18.0102,0,0.136,1.55,0.194,,0,1.18,0.929,6003
Kepler-132 e,tr,2016,Kepler,110.287,0,0.4393,1.18,0.119,,0,1.1,1.03,6023
Kepler-1320 b,tr,2016,Kepler,0.868387,0,0.0163,1.7,0.053,,0,0.74,0.8,4817
Kepler-1321 b,tr,2016,Kepler,11.1283,0,0.0781,4.92,0.123,,0,0.53,0.54,4094
Kepler-1321 c,tr,2016,Kepler,2.22649,0,0.0267,2.4,0.100,,0,0.53,0.54,4094
Kepler-1321 d,tr,2021,Kepler,5.72092,0,0.0501,2.628,,,0,0.503,0.513,3640
Kepler-1322 b,tr,2016,Kepler,0.962867,0,0.0183,1.61,0.102,,0,0.87,0.9,5488
Kepler-1322 c,tr,2021,Kepler,6.45998,0,0.0652,2.155,,,0,0.804,0.897,5704
Kepler-1323 b,tr,2016,Kepler,0.929907,0,0.01911,1.52,0.188,,0,1.4,1.18,6169
Kepler-1324 b,tr,2016,Kepler,4.11584,0,0.0466,1.51,0.056,,0,0.73,0.78,4776
Kepler-1325 b,tr,2016,Kepler,33.8787,0,0.2004,2.86,0.152,,0,0.91,0.93,5550
Kepler-1326 b,tr,2016,Kepler,42.3514,0,0.2743,4.18,0.272,,0,1.74,1.45,6725
Kepler-1327 b,tr,2016,Kepler,14.888,0,0.1115,1.8,0.217,,0,1.03,1.02,5885
Kepler-1328 b,tr,2016,Kepler,4.52159,0,0.052,0.98,0.148,,0,0.99,1,5780
Kepler-1329 b,tr,2016,Kepler,9.33647,0,0.0747,2.17,0.051,,0,0.69,0.72,4500
Kepler-133 b,tr,2014,Kepler,8.12998,0,0.083,1.76,0.170,,0,1.43,1.02,5736
Kepler-133 c,tr,2014,Kepler,31.5176,0,0.204,2.84,0.169,,0,1.43,1.02,5736
Kepler-1330 b,tr,2016,Kepler,10.1077,0,0.0889,1.65,0.161,,0,0.94,0.97,5608
Kepler-1331 b,tr,2016,Kepler,0.789162,0,0.0142,1.05,0.081,,0,0.69,0.72,4508
Kepler-1332 b,tr,2016,Kepler,11.8746,0,0.09915,1.37,0.051,,0,0.9,0.95,5581
Kepler-1333 b,tr,2016,Kepler,109.647,0,0.4382,2.81,0.116,,0,0.92,0.94,5628
Kepler-1334 b,tr,2016,Kepler,15.6459,0,0.1229,2.29,0.107,,0,0.91,0.94,5614
Kepler-1335 b,tr,2016,Kepler,6.26407,0,0.0615,1.45,0.066,,0,0.74,0.77,4903
Kepler-1336 b,tr,2016,Kepler,23.1987,0,0.1585,1.98,0.177,,0,1.3,0.94,5512
Kepler-1336 c,tr,2016,Kepler,5.77721,0,0.06272,1.71,0.181,,0,1.3,0.94,5512
Kepler-1337 b,tr,2016,Kepler,24.4003,0,0.1441,2.41,0.112,,0,0.67,0.7,4523
Kepler-1338 b,tr,2016,Kepler,0.935118,0,0.01937,0.92,0.158,,0,1.05,1.04,5909
Kepler-1339 b,tr,2016,Kepler,1.34156,0,0.02356,0.71,0.070,,0,0.93,0.94,5586
Kepler-134 b,tr,2014,Kepler,5.31743,0,0.06,2,0.195,,0,1.18,0.956,5983
Kepler-134 c,tr,2014,Kepler,10.1058,0,0.092,1.26,0.198,,0,1.18,0.956,5983
Kepler-1340 b,tr,2016,Kepler,0.665027,0,0.01523,1.55,0.313,,0,1.42,1.27,6331
Kepler-1341 b,tr,2016,Kepler,132.997,0,0.4727,2.99,0.132,,0,0.72,0.79,4662
Kepler-1342 b,tr,2016,Kepler,2.21571,0,0.0313,1.66,0.105,,0,0.9,0.93,5527
Kepler-1343 b,tr,2016,Kepler,3.35183,0,0.0449,1.93,0.114,,0,0.93,0.95,5759
Kepler-1344 b,tr,2016,Kepler,4.7683,0,0.05501,1.84,0.190,,0,1.13,1.09,5981
Kepler-1345 b,tr,2016,Kepler,44.617,0,0.2641,2.36,0.322,,0,1.55,1.32,6449
Kepler-1346 b,tr,2016,Kepler,3.40166,0,0.044,1.58,0.244,,0,1.21,1.14,6133
Kepler-1347 b,tr,2016,Kepler,14.0095,0,0.104,1.03,0.053,,0,0.79,0.82,5193
Kepler-1348 b,tr,2016,Kepler,27.5723,0,0.1834,1.94,0.170,,0,1.04,1.04,5911
Kepler-1349 b,tr,2016,Kepler,2.12824,0,0.03421,0.7,0.529,,0,1.28,1.16,6086
Kepler-135 b,tr,2014,Kepler,6.00253,0,0.067,1.81,0.193,,0,1.27,1.05,6090
Kepler-135 c,tr,2014,Kepler,11.4487,0,0.103,1.16,0.198,,0,1.27,1.05,6090
Kepler-1350 b,tr,2016,Kepler,4.49686,0,0.0413,2.52,0.081,,0,0.53,0.55,3827
Kepler-1350 c,tr,2016,Kepler,1.76679,0,0.0222,1.73,0.087,,0,0.53,0.55,3827
Kepler-1351 b,tr,2016,Kepler,0.916141,0,0.0156,0.65,0.069,,0,0.67,0.7,4439
Kepler-1352 b,tr,2016,Kepler,1.87788,0,0.02883,0.89,0.202,,0,1.16,1.11,6118
Kepler-1353 b,tr,2016,Kepler,24.7544,0,0.153,1.8,0.139,,0,0.72,0.76,4776
Kepler-1354 b,tr,2016,Kepler,76.6134,0,0.3521,2.97,0.290,,0,1.24,1.16,6168
Kepler-1355 b,tr,2016,Kepler,1.28959,0,0.0224,1.46,0.075,,0,0.83,0.88,5352
Kepler-1356 b,tr,2016,Kepler,0.634003,0,0.0136,1.53,0.069,,0,0.78,0.82,5106
Kepler-1357 b,tr,2016,Kepler,3.00913,0,0.041,1.28,0.121,,0,0.9,0.93,5597
Kepler-1358 b,tr,2016,Kepler,7.06317,0,0.0656,1.12,0.076,,0,0.79,0.82,5181
Kepler-1359 b,tr,2016,Kepler,59.4971,0,0.2666,2.83,0.136,,0,0.72,0.78,4709
Kepler-136 b,tr,2014,Kepler,11.5789,0,0.106,2.05,0.185,19.8,0,1.35,1.2,6165
Kepler-136 c,tr,2014,Kepler,16.3992,0,0.133,1.99,0.186,,0,1.35,1.2,6165
Kepler-1360 b,tr,2016,Kepler,40.5286,0,0.2866,3.4,0.284,,0,1.83,1.51,6778
Kepler-1361 b,tr,2016,Kepler,3.57555,0,0.04304,0.86,0.140,,0,0.79,0.83,5131
Kepler-1362 b,tr,2016,Kepler,136.206,0,0.4626,2.6,0.060,,0,0.74,0.8,4857
Kepler-1363 b,tr,2016,Kepler,2.94194,0,0.0363,1.25,0.068,,0,0.72,0.76,4839
Kepler-1364 b,tr,2016,Kepler,13.322,0,0.1284,2.15,0.277,,0,1.79,1.49,6805
Kepler-1365 b,tr,2016,Kepler,7.69993,0,0.07839,0.92,0.130,,0,1.05,1,5770
Kepler-1365 c,tr,2016,Kepler,4.77468,0,0.05701,0.8,0.125,,0,1.05,1,5770
Kepler-1366 b,tr,2016,Kepler,2.16457,0,0.0273,1.43,0.070,,0,0.6,0.62,4070
Kepler-1367 b,tr,2016,Kepler,1.57409,0,0.0236,0.92,0.082,,0,0.6,0.62,4106
Kepler-1368 b,tr,2016,Kepler,0.675649,0,0.0153,1.65,0.158,,0,1.08,1.07,5906
Kepler-1369 b,tr,2016,Kepler,25.8731,0,0.1741,2.69,0.125,,0,0.99,0.99,5761
Kepler-137 b,tr,2014,Kepler,8.43639,0,0.077,1.47,0.075,,0,0.802,0.85,5187
Kepler-137 c,tr,2014,Kepler,18.7358,0,0.13,1.88,0.074,,0,0.802,0.85,5187
Kepler-1370 b,tr,2016,Kepler,20.2642,0,0.1576,1.84,0.250,,0,1.29,1.19,6202
Kepler-1370 c,tr,2016,Kepler,7.44142,0,0.08084,1.27,0.291,,0,1.29,1.19,6202
Kepler-1371 b,tr,2016,Kepler,3.4462,0,0.04214,0.73,0.089,,0,0.83,0.87,5361
Kepler-1371 c,tr,2016,Kepler,2.00541,0,0.02937,0.64,0.094,,0,0.83,0.87,5361
Kepler-1372 b,tr,2016,Kepler,1.31156,0,0.024,1.27,0.224,,0,0.97,0.98,5677
Kepler-1373 b,tr,2016,Kepler,1.29123,0,0.02598,1.16,0.315,,0,1.33,1.22,6299
Kepler-1374 b,tr,2016,Kepler,10.6528,0,0.0918,2.29,0.083,,0,0.81,0.85,5323
Kepler-1375 b,tr,2016,Kepler,3.30042,0,0.0471,1.74,0.293,,0,1.78,1.47,6704
Kepler-1376 b,tr,2016,Kepler,5.30881,0,0.0598,1.05,0.143,,0,0.97,0.98,5659
Kepler-1377 b,tr,2016,Kepler,0.740928,0,0.0153,1.25,0.068,,0,0.82,0.86,5218
Kepler-1378 b,tr,2016,Kepler,11.954,0,0.0885,2.2,0.193,,0,0.67,0.7,4407
Kepler-1379 b,tr,2016,Kepler,0.881841,0,0.0171,1.3,0.081,,0,0.79,0.83,5188
Kepler-138 b,tr,2014,Kepler,10.3134,0,0.0753,0.64,0.031,0.07,0,0.535,0.535,3841
Kepler-138 c,tr,2014,Kepler,13.7815,0,0.0913,1.51,0.026,2.3,0,0.535,0.535,3841
Kepler-138 d,tr,2014,Kepler,23.0923,0,0.1288,1.51,0.026,2.1,0,0.535,0.535,3841
Kepler-138 e,ot,2022,other,38.23,0,0.1803,,,0.43,0,0.535,0.535,3841
Kepler-1380 b,tr,2016,Kepler,10.3108,0,0.0917,1.43,0.129,,0,0.94,0.96,5570
Kepler-1381 b,tr,2016,Kepler,25.3843,0,0.1728,2.25,0.107,,0,0.94,0.96,5747
Kepler-1382 b,tr,2016,Kepler,16.3583,0,0.1402,1.88,0.194,,0,1.72,1.36,6161
Kepler-1383 b,tr,2016,Kepler,13.9094,0,0.114,1.41,0.326,,0,1.44,1.26,6370
Kepler-1384 b,tr,2016,Kepler,15.3626,0,0.1126,1.94,0.162,,0,0.74,0.78,4919
Kepler-1385 b,tr,2016,Kepler,2.8888,0,0.04262,0.85,0.194,,0,1.29,1.15,5732
Kepler-1386 b,tr,2016,Kepler,6.73972,0,0.068,1.24,0.206,,0,1.03,1.02,5733
Kepler-1387 b,tr,2016,Kepler,2.27953,0,0.031,0.93,0.075,,0,0.77,0.82,5046
Kepler-1388 b,tr,2016,Kepler,12.2855,0,0.0882,2.59,0.052,,0,0.61,0.63,4098
Kepler-1388 c,tr,2016,Kepler,5.53608,0,0.0519,2.26,0.055,,0,0.61,0.63,4098
Kepler-1388 d,tr,2016,Kepler,20.9568,0,0.126,2.86,0.054,,0,0.61,0.63,4098
Kepler-1388 e,tr,2016,Kepler,37.6327,0,0.1861,2.46,0.059,,0,0.61,0.63,4098
Kepler-1389 b,tr,2016,Kepler,99.2531,0,0.3825,1.77,0.054,,0,0.74,0.81,5078
Kepler-139 b,tr,2014,Kepler,15.771,0,0.127,2.94,0.194,7,0,1.3,1.08,5594
Kepler-139 c,tr,2014,Kepler,157.073,0,0.586,3.38,0.204,13,0,1.3,1.08,5594
Kepler-139 d,tr,2023,Kepler,7.3057,0,0.07555,1.695,0.036,2,0,1.04,1.08,5622
Kepler-139 e,rv,2023,other,2047.64,0,3.236,,,378,0,1.04,1.08,5622
Kepler-139 f,ot,2025,other,355,0,,,,36,0,1.04,1.08,5630
Kepler-1390 b,tr,2016,Kepler,6.48022,0,0.0662,1.18,0.161,,0,0.98,0.98,5753
Kepler-1391 b,tr,2016,Kepler,54.4092,0,0.3004,1.68,0.131,,0,1.1,1.03,5840
Kepler-1392 b,tr,2016,Kepler,15.141,0,0.1189,1.96,0.097,,0,0.85,0.88,5479
Kepler-1393 b,tr,2016,Kepler,2.44358,0,0.0337,0.8,0.075,,0,0.92,0.95,5697
Kepler-1394 b,tr,2016,Kepler,3.93766,0,0.05474,1.39,0.151,,0,2.55,1.64,6481
Kepler-1395 b,tr,2016,Kepler,3.78471,0,0.04974,0.8,0.094,,0,1.23,1.17,6138
Kepler-1396 b,tr,2016,Kepler,18.2206,0,0.1406,2.07,0.280,,0,1.27,1.18,6195
Kepler-1397 b,tr,2016,Kepler,47.45,0,0.2586,1.72,0.096,,0,1.12,1.09,6026
Kepler-1398 b,tr,2016,Kepler,2.78816,0,0.03909,0.9,0.222,,0,1.18,1.13,6126
Kepler-1398 c,tr,2016,Kepler,4.13828,0,0.05087,1.03,0.252,,0,1.18,1.13,6126
Kepler-1399 b,tr,2016,Kepler,1.63865,0,0.0276,1.25,0.132,,0,0.96,0.97,5735
Kepler-14 b,tr,2011,Kepler,6.79012,0,0.0771,12.73,0.056,2670,0,2.05,1.51,6395
Kepler-140 b,tr,2014,Kepler,3.25427,0,0.045,1.61,0.193,,0,1.29,1.04,6077
Kepler-140 c,tr,2014,Kepler,91.3533,0,0.414,1.8,0.194,,0,1.29,1.04,6077
Kepler-1400 b,tr,2016,Kepler,9.06689,0,0.0771,1.62,0.068,,0,0.78,0.83,5044
Kepler-1401 b,tr,2016,Kepler,11.2007,0,0.0975,1.68,0.164,,0,1.1,1.07,5964
Kepler-1402 b,tr,2016,Kepler,2.03388,0,0.0322,0.76,0.099,,0,0.87,0.9,5416
Kepler-1403 b,tr,2016,Kepler,5.19492,0,0.064,2.14,0.187,,0,1.15,1.11,6060
Kepler-1404 b,tr,2016,Kepler,15.9315,0,0.1143,2.01,0.087,,0,0.8,0.84,5261
Kepler-1405 b,tr,2016,Kepler,28.2274,0,0.1778,3.96,0.168,,0,1.07,1.05,5925
Kepler-1406 b,tr,2016,Kepler,11.6291,0,0.0987,1.1,0.141,,0,1.12,1.05,5892
Kepler-1407 b,tr,2016,Kepler,20.0712,0,0.1502,2.25,0.189,,0,1.15,1.1,6010
Kepler-1408 b,tr,2016,Kepler,2.99793,0,0.04218,0.89,38.798,,0,1.35,1.21,6170
Kepler-1409 b,tr,2016,Kepler,0.764865,0,0.01553,1.04,0.072,,0,0.79,0.83,5160
Kepler-141 b,tr,2014,Kepler,3.10767,0,0.039,0.69,0.072,,0,0.787,0.878,4910
Kepler-141 c,tr,2014,Kepler,7.01061,0,0.067,1.41,0.064,,0,0.787,0.878,4910
Kepler-1410 b,tr,2016,Kepler,60.8662,0,0.2543,1.78,0.073,,0,0.6,0.63,4092
Kepler-1411 b,tr,2016,Kepler,86.1151,0,0.4001,2.82,0.119,,0,0.92,0.95,5664
Kepler-1412 b,tr,2016,Kepler,3.61461,0,0.04608,0.83,0.169,,0,1.27,1.06,5880
Kepler-1413 b,tr,2016,Kepler,13.183,0,0.1066,1.82,0.085,,0,0.8,0.84,5196
Kepler-1414 b,tr,2016,Kepler,3.51576,0,0.0426,1.23,0.069,,0,0.75,0.8,4951
Kepler-1415 b,tr,2016,Kepler,0.636424,0,0.01416,1.29,0.078,,0,0.84,0.89,5267
Kepler-1416 b,tr,2016,Kepler,1.49515,0,0.0257,0.88,0.267,,0,1.15,1.09,6019
Kepler-1417 b,tr,2016,Kepler,20.3505,0,0.1406,1,0.155,,0,1.02,1.02,5839
Kepler-1418 b,tr,2016,Kepler,22.4764,0,0.131,1.66,0.066,,0,0.72,0.77,4770
Kepler-1419 b,tr,2016,Kepler,42.5216,0,0.2391,2.86,0.166,,0,1.01,1.01,5796
Kepler-142 b,tr,2014,Kepler,2.02415,0,0.032,1.99,0.196,,0,1.27,0.978,5790
Kepler-142 c,tr,2014,Kepler,4.7617,0,0.057,2.86,0.192,,0,1.27,0.978,5790
Kepler-142 d,tr,2014,Kepler,41.8091,0,0.242,2.16,0.218,,0,1.27,0.978,5790
Kepler-1420 b,tr,2016,Kepler,6.6996,0,0.0671,1.28,0.102,,0,0.79,0.82,5187
Kepler-1421 b,tr,2016,Kepler,6.91311,0,0.07576,0.93,0.167,,0,1.42,1.25,6335
Kepler-1422 b,tr,2016,Kepler,18.6052,0,0.1499,2.02,0.168,,0,1.23,1.15,6194
Kepler-1423 b,tr,2016,Kepler,23.9554,0,0.1586,1.06,0.075,,0,0.75,0.79,4939
Kepler-1424 b,tr,2016,Kepler,29.6092,0,0.1907,1.16,0.121,,0,1.07,1.02,5838
Kepler-1425 b,tr,2016,Kepler,14.4541,0,0.1143,0.94,0.170,,0,0.95,0.97,5718
Kepler-1426 b,tr,2016,Kepler,14.2563,0,0.1187,1.56,0.160,,0,1.02,1.02,5831
Kepler-1427 b,tr,2016,Kepler,0.968972,0,0.0197,1.1,0.164,,0,1.01,1.01,5793
Kepler-1428 b,tr,2016,Kepler,10.6761,0,0.1105,1.64,0.073,,0,1.36,1.28,6184
Kepler-1429 b,tr,2016,Kepler,4.48487,0,0.055,1.29,0.190,,0,1.07,1.05,5902
Kepler-143 b,tr,2014,Kepler,16.0076,0,0.127,2.41,0.249,,0,1.36,0.982,5848
Kepler-143 c,tr,2014,Kepler,27.0825,0,0.181,3.37,0.249,,0,1.36,0.982,5848
Kepler-1430 b,tr,2016,Kepler,2.46051,0,0.0304,1.18,0.072,,0,0.72,0.77,4796
Kepler-1431 b,tr,2016,Kepler,5.86602,0,0.0648,1.47,0.197,,0,1.03,1.03,5806
Kepler-1432 b,tr,2016,Kepler,23.9109,0,0.1696,2.22,0.223,,0,1.13,1.09,6031
Kepler-1433 b,tr,2016,Kepler,4.13592,0,0.0516,1.56,0.202,,0,1.19,1.14,6097
Kepler-1434 b,tr,2016,Kepler,8.05334,0,0.0917,1.11,0.185,,0,2.04,1.47,6291
Kepler-1435 b,tr,2016,Kepler,4.45343,0,0.05456,0.86,0.122,,0,1.32,1.21,6356
Kepler-1436 b,tr,2016,Kepler,9.70572,0,0.0907,1.31,0.202,,0,1.09,1.06,5972
Kepler-1437 b,tr,2016,Kepler,10.9295,0,0.0951,1.37,0.109,,0,0.9,0.93,5557
Kepler-1438 b,tr,2016,Kepler,2.31942,0,0.0346,0.94,0.154,,0,0.96,0.97,5530
Kepler-1439 b,tr,2016,Kepler,8.07393,0,0.0594,1.46,0.120,,0,0.43,0.46,3578
Kepler-144 b,tr,2014,Kepler,5.88527,0,0.066,1.33,0.195,,0,1.24,1.15,6075
Kepler-144 c,tr,2014,Kepler,10.1047,0,0.094,1.35,0.193,,0,1.24,1.15,6075
Kepler-1440 b,tr,2016,Kepler,39.8595,0,0.2343,1.26,0.147,,0,0.96,0.98,5698
Kepler-1441 b,tr,2016,Kepler,39.442,0,0.2346,1.31,0.134,,0,1,1,5802
Kepler-1442 b,tr,2016,Kepler,81.4163,0,0.4081,3.93,0.089,,0,1.44,1.34,6394
Kepler-1443 b,tr,2016,Kepler,2.41811,0,0.03783,0.97,0.160,,0,1.27,1.19,6289
Kepler-1444 b,tr,2016,Kepler,33.4204,0,0.2091,2.18,0.138,,0,1.05,1.03,5810
Kepler-1445 b,tr,2016,Kepler,10.6005,0,0.09587,0.96,0.172,,0,1.26,1.13,6150
Kepler-1446 b,tr,2016,Kepler,0.689968,0,0.01405,0.82,0.037,,0,0.75,0.81,4865
Kepler-1447 b,tr,2016,Kepler,56.6747,0,0.2836,2.9,0.128,,0,0.95,0.97,5722
Kepler-1448 b,tr,2016,Kepler,12.2707,0,0.1058,1.61,0.115,,0,0.93,0.95,5774
Kepler-1449 b,tr,2016,Kepler,13.2275,0,0.1176,1.68,0.164,,0,1.1,1.08,5979
Kepler-145 b,tr,2013,Kepler,22.951,0,0.1731,2.65,0.030,37.1,0,1.85,1.32,6022
Kepler-145 c,tr,2013,Kepler,42.882,0,0.2624,4.32,0.028,79.4,0,1.85,1.32,6022
Kepler-1450 b,tr,2016,Kepler,54.5094,0,0.2401,1.71,0.070,,0,0.68,0.71,4524
Kepler-1451 b,tr,2016,Kepler,35.6222,0,0.2101,3.35,0.191,,0,0.99,1,5782
Kepler-1452 b,tr,2016,Kepler,42.9138,0,0.2576,2.7,0.137,,0,2.06,1.41,6101
Kepler-1453 b,tr,2016,Kepler,47.1612,0,0.262,2.67,0.122,,0,0.94,0.97,5665
Kepler-1454 b,tr,2016,Kepler,47.0319,0,0.2447,1.88,0.096,,0,0.86,0.9,5448
Kepler-1455 b,tr,2016,Kepler,49.2768,0,0.2149,2.16,0.072,,0,0.6,0.62,4075
Kepler-1456 b,tr,2016,Kepler,18.1374,0,0.1132,1.14,0.105,,0,0.62,0.64,4231
Kepler-1457 b,tr,2016,Kepler,51.111,0,0.2639,1.99,0.128,,0,1.01,1.01,5866
Kepler-1458 b,tr,2016,Kepler,47.9873,0,0.2487,2.76,0.114,,0,0.94,0.96,5653
Kepler-1459 b,tr,2016,Kepler,62.8692,0,0.2829,1.36,0.066,,0,0.74,0.78,4828
Kepler-146 b,tr,2014,Kepler,31.1588,0,0.2,3.71,0.189,,0,1.21,1.08,5948
Kepler-146 c,tr,2014,Kepler,76.7322,0,0.364,3.13,0.188,,0,1.21,1.08,5948
Kepler-1460 b,tr,2016,Kepler,29.9633,0,0.1614,1.96,0.069,,0,0.67,0.7,4422
Kepler-1461 b,tr,2016,Kepler,29.3495,0,0.1715,2.03,0.062,,0,0.74,0.79,4919
Kepler-1462 b,tr,2016,Kepler,65.6488,0,0.3094,3.82,0.158,,0,1,1,5756
Kepler-1463 b,tr,2016,Kepler,25.1586,0,0.1694,1.86,0.140,,0,0.95,0.96,5679
Kepler-1464 b,tr,2016,Kepler,31.7786,0,0.2007,1.66,0.136,,0,1.01,1.02,5828
Kepler-1464 c,tr,2016,Kepler,5.32786,0,0.06101,1,0.165,,0,1.01,1.02,5828
Kepler-1465 b,tr,2016,Kepler,31.8277,0,0.1939,1.77,0.153,,0,0.71,0.75,4726
Kepler-1466 b,tr,2016,Kepler,31.175,0,0.1798,1.55,0.142,,0,1.02,1.01,5884
Kepler-1467 b,tr,2016,Kepler,47.0569,0,0.2388,3.3,0.085,,0,0.82,0.86,5332
Kepler-1468 b,tr,2016,Kepler,8.23985,0,0.0817,1.73,0.173,,0,1.05,1.04,5893
Kepler-1468 c,tr,2016,Kepler,3.54553,0,0.0466,1.15,0.165,,0,1.05,1.04,5893
Kepler-1468 d,tr,2021,Kepler,19.5906,0,0.1456,3.332,,,0,1.5,1.07,5794
Kepler-1469 b,tr,2016,Kepler,21.8635,0,0.1466,2.8,0.113,,0,0.89,0.92,5507
Kepler-147 b,tr,2014,Kepler,12.6106,0,0.113,1.53,0.203,,0,1.47,1.15,6012
Kepler-147 c,tr,2014,Kepler,33.4164,0,0.216,2.43,0.202,,0,1.47,1.15,6012
Kepler-1470 b,tr,2016,Kepler,16.2951,0,0.116,1.07,0.079,,0,0.76,0.8,4961
Kepler-1471 b,tr,2016,Kepler,3.63899,0,0.0453,1.41,0.121,,0,0.93,0.95,5660
Kepler-1471 c,tr,2023,Kepler,11.6045,0,0.0981,1.88,0.165,,0,1.17,0.934,5533
Kepler-1472 b,tr,2016,Kepler,38.1313,0,0.2322,1.9,0.295,,0,1.25,1.16,6159
Kepler-1473 b,tr,2016,Kepler,14.4274,0,0.1161,1.19,0.071,,0,1.09,1.09,6046
Kepler-1474 b,tr,2016,Kepler,36.4333,0,0.2108,2.16,0.155,,0,1.04,1.04,5870
Kepler-1475 b,tr,2016,Kepler,82.1774,0,0.373,2.92,0.248,,0,1.28,1.18,6214
Kepler-1476 b,tr,2016,Kepler,10.3586,0,0.0932,1.67,0.150,,0,0.96,0.98,5663
Kepler-1477 b,tr,2016,Kepler,11.5553,0,0.0911,1.18,0.076,,0,0.78,0.81,5100
Kepler-1478 b,tr,2016,Kepler,26.0841,0,0.1681,1.73,0.191,,0,1.06,1.04,5904
Kepler-1479 b,tr,2016,Kepler,14.5326,0,0.1134,1.83,0.126,,0,0.98,0.99,5796
Kepler-148 b,tr,2014,Kepler,1.72937,0,0.028,1.8,0.483,,0,0.851,0.86,5272
Kepler-148 c,tr,2014,Kepler,4.18004,0,0.05,3.6,0.489,,0,0.851,0.86,5272
Kepler-148 d,tr,2016,Kepler,51.8469,0,0.2607,8.68,0.054,,0,0.81,0.86,5172
Kepler-1480 b,tr,2016,Kepler,22.1268,0,0.1525,1.67,0.057,,0,0.81,0.85,5156
Kepler-1481 b,tr,2016,Kepler,5.94221,0,0.059,1.23,0.057,,0,0.75,0.8,4908
Kepler-1482 b,tr,2016,Kepler,12.2538,0,0.09968,1.01,0.104,,0,0.84,0.88,5381
Kepler-1483 b,tr,2016,Kepler,9.50852,0,0.0958,1.52,0.316,,0,1.4,1.25,6337
Kepler-1484 b,tr,2016,Kepler,30.4549,0,0.1939,2.11,0.123,,0,0.92,0.94,5730
Kepler-1485 b,tr,2016,Kepler,19.9158,0,0.1473,1.47,0.129,,0,1.12,1.11,6087
Kepler-1486 b,tr,2016,Kepler,54.6496,0,0.2846,2.32,0.188,,0,1.12,1.08,5965
Kepler-1487 b,tr,2016,Kepler,7.31946,0,0.0898,2.13,0.305,,0,1.63,1.38,6541
Kepler-1487 c,tr,2023,Kepler,35.8007,0,0.2588,7.97,0.261,,0,3.96,1.8,5745
Kepler-1488 b,tr,2016,Kepler,39.819,0,0.2415,1.86,0.212,,0,1.31,1.05,5820
Kepler-1488 c,tr,2021,Kepler,6.15827,0,0.06959,1.652,,,0,1.52,1,5710
Kepler-1489 b,tr,2016,Kepler,82.2948,0,0.3679,1.77,0.116,,0,0.9,0.93,5655
Kepler-1489 c,tr,2024,Kepler,0.680741,0,,0.51,0.157,,0,0.957,0.977,5566
Kepler-149 b,tr,2014,Kepler,29.1989,0,0.184,4.21,0.143,,0,0.953,1.01,5381
Kepler-149 c,tr,2014,Kepler,55.3283,0,0.281,1.61,0.149,,0,0.953,1.01,5381
Kepler-149 d,tr,2014,Kepler,160.018,0,0.571,3.96,0.172,,0,0.953,1.01,5381
Kepler-1490 b,tr,2016,Kepler,92.4363,0,0.3729,3.04,0.164,,0,0.87,0.9,5515
Kepler-1491 b,tr,2016,Kepler,16.5862,0,0.127,1.51,0.162,,0,0.99,1,5728
Kepler-1491 c,tr,2023,Kepler,61.5698,0,0.3045,2.44,0.189,,0,1.39,0.991,5626
Kepler-1492 b,tr,2016,Kepler,16.7526,0,0.1262,1.49,0.148,,0,0.72,0.77,4712
Kepler-1493 b,tr,2016,Kepler,15.0218,0,0.1197,1.41,0.177,,0,1.29,1.06,5863
Kepler-1494 b,tr,2016,Kepler,91.0805,0,0.3982,3.07,0.168,,0,0.94,0.96,5659
Kepler-1495 b,tr,2016,Kepler,85.2733,0,0.3677,2.94,0.177,,0,1.04,1.03,5831
Kepler-1496 b,tr,2016,Kepler,64.6588,0,0.3211,2.22,0.286,,0,1.27,1.18,6182
Kepler-1497 b,tr,2016,Kepler,8.742,0,0.0817,1.66,0.136,,0,0.95,0.96,5675
Kepler-1498 b,tr,2016,Kepler,48.0514,0,0.2528,1.33,0.075,,0,0.81,0.86,5256
Kepler-1499 b,tr,2016,Kepler,44.2008,0,0.2323,1.19,0.164,,0,0.78,0.82,5097
Kepler-15 b,tr,2011,Kepler,4.94278,0,0.05714,10.76,0.067,209.8,0,0.992,1.02,5515
Kepler-150 b,tr,2014,Kepler,3.42805,0,0.044,1.25,0.152,,0,0.939,0.956,5560
Kepler-150 c,tr,2014,Kepler,7.382,0,0.073,3.69,0.160,,0,0.939,0.956,5560
Kepler-150 d,tr,2014,Kepler,12.5609,0,0.104,2.79,0.147,,0,0.939,0.956,5560
Kepler-150 e,tr,2014,Kepler,30.8266,0,0.189,3.12,0.176,,0,0.939,0.956,5560
Kepler-150 f,tr,2017,Kepler,637.209,0,1.24,3.64,0.125,,0,0.905,0.97,5528
Kepler-1500 b,tr,2016,Kepler,15.033,0,0.1236,1.2,0.154,,0,1,1,5845
Kepler-1501 b,tr,2016,Kepler,14.5565,0,0.1159,1.56,0.298,,0,1.3,1.2,6229
Kepler-1502 b,tr,2016,Kepler,41.7084,0,0.2482,3.18,0.277,,0,1.72,1.44,6666
Kepler-1503 b,tr,2016,Kepler,96.1699,0,0.3771,2.27,0.093,,0,0.74,0.77,5069
Kepler-1504 b,tr,2016,Kepler,82.304,0,0.3704,2.13,0.099,,0,0.81,0.85,5393
Kepler-1505 b,tr,2016,Kepler,30.8609,0,0.183,0.93,0.054,,0,0.86,0.93,5686
Kepler-1506 b,tr,2016,Kepler,14.0329,0,0.1168,1.32,0.121,,0,0.93,0.95,5676
Kepler-1507 b,tr,2016,Kepler,16.0506,0,0.1195,0.84,0.107,,0,0.85,0.89,5410
Kepler-1508 b,tr,2016,Kepler,20.7057,0,0.1629,1.33,0.297,,0,1.22,1.14,6158
Kepler-1509 b,tr,2016,Kepler,25.4338,0,0.1707,1.85,0.143,,0,0.99,1,5780
Kepler-151 b,tr,2014,Kepler,15.229,0,0.116,3.06,0.500,,0,0.83,0.87,5460
Kepler-151 c,tr,2014,Kepler,24.6746,0,0.16,2.09,0.498,,0,0.83,0.87,5460
Kepler-1510 b,tr,2016,Kepler,84.7039,0,0.4089,3.36,0.266,,0,1.28,1.19,6200
Kepler-1511 b,tr,2016,Kepler,23.2383,0,0.1753,1.68,0.277,,0,1.29,1.17,6064
Kepler-1512 b,tr,2016,Kepler,20.3597,0,0.1369,1.18,0.076,,0,0.67,0.73,4372
Kepler-1513 b,tr,2016,Kepler,160.884,0,0.5697,8.594,0.003,48.31,0,0.95,0.943,5491
Kepler-1513 c,ot,2023,other,841.4,0,,,,84.54,0,0.95,0.943,5491
Kepler-1514 b,tr,2016,Kepler,217.832,0,0.753,12.42,0.021,1678,0,1.29,1.2,6145
Kepler-1514 c,tr,2020,Kepler,10.5142,0,0.0997,1.176,0.043,,0,1.29,1.2,6145
Kepler-1515 b,tr,2016,Kepler,214.311,0,0.7523,9.55,0.074,,0,1.41,1.3,6511
Kepler-1516 b,tr,2016,Kepler,7.25932,0,0.0718,1.75,0.194,,0,1.07,1.04,5904
Kepler-1517 b,tr,2016,Kepler,5.54608,0,0.078,9.76,0.242,,0,1.95,1.58,7010
Kepler-1518 b,tr,2016,Kepler,5.11178,0,0.0593,3.05,0.254,,0,1.88,1.54,6846
Kepler-1518 c,tr,2023,Kepler,9.63103,0,0.0905,2.9,0.259,,0,1.34,1.06,6432
Kepler-1519 b,tr,2016,Kepler,240.799,0,0.7655,7.06,0.096,,0,0.91,0.94,5644
Kepler-152 b,tr,2014,Kepler,18.208,0,0.124,2.79,0.061,,0,0.724,0.779,5088
Kepler-152 c,tr,2014,Kepler,88.2551,0,0.356,2.39,0.067,,0,0.724,0.779,5088
Kepler-1520 b,tr,2016,Kepler,0.653554,0,0.0129,5.77,0.045,,0,0.71,0.76,4677
Kepler-1521 b,tr,2016,Kepler,47.1484,0,0.2348,2.5,0.038,,0,0.76,0.81,5042
Kepler-1522 b,tr,2016,Kepler,1.84789,0,0.0288,1.73,0.107,,0,0.93,0.96,5706
Kepler-1523 b,tr,2016,Kepler,0.938751,0,0.01867,1.58,0.133,,0,0.96,0.97,5708
Kepler-1524 b,tr,2016,Kepler,70.9675,0,0.3392,3.54,0.284,,0,1.25,1.17,6179
Kepler-1525 b,tr,2016,Kepler,2.4166,0,0.03557,0.91,0.055,,0,1.04,1.07,5748
Kepler-1526 b,tr,2016,Kepler,3.90863,0,0.0418,2.43,0.099,,0,0.69,0.73,4601
Kepler-1527 b,tr,2016,Kepler,160.13,0,0.6276,4.77,0.283,,0,1.32,1.21,6224
Kepler-1528 b,tr,2016,Kepler,1.79111,0,0.0296,1.46,0.130,,0,1.03,1.03,5857
Kepler-1529 b,tr,2016,Kepler,5.33906,0,0.0525,2.1,0.062,,0,0.77,0.81,5048
Kepler-153 b,tr,2014,Kepler,18.8702,0,0.129,2.92,0.603,,0,0.892,0.756,5404
Kepler-153 c,tr,2014,Kepler,46.9023,0,0.237,2.53,0.601,,0,0.892,0.756,5404
Kepler-1530 b,tr,2016,Kepler,2.59044,0,0.03553,1.64,0.098,,0,0.88,0.92,5477
Kepler-1530 c,tr,2016,Kepler,5.32274,0,0.05744,1.65,0.106,,0,0.88,0.92,5477
Kepler-1530 d,tr,2021,Kepler,9.20761,0,0.08276,3.279,,,0,1.3,1.01,5678
Kepler-1531 b,tr,2016,Kepler,1.13854,0,0.02204,1.11,0.297,,0,1.27,1.16,6260
Kepler-1532 b,tr,2016,Kepler,1.09366,0,0.0206,1.35,0.111,,0,0.88,0.91,5559
Kepler-1533 b,tr,2016,Kepler,308.547,0,0.9342,3.46,0.314,,0,1.51,1.31,6431
Kepler-1534 b,tr,2016,Kepler,5.71669,0,0.0599,1.89,0.098,,0,0.86,0.9,5442
Kepler-1535 b,tr,2016,Kepler,138.944,0,0.5329,2.55,0.086,,0,1.11,1.08,6021
Kepler-1536 b,tr,2016,Kepler,364.758,0,0.8507,3.14,0.142,,0,0.67,0.71,4434
Kepler-1537 b,tr,2016,Kepler,1.44445,0,0.0245,1.18,0.064,,0,0.77,0.81,5079
Kepler-1538 b,tr,2016,Kepler,175.139,0,0.6095,2.82,0.179,,0,1.03,1.03,5837
Kepler-1539 b,tr,2016,Kepler,133.304,0,0.4765,2.7,0.063,,0,0.8,0.84,5176
Kepler-154 b,tr,2014,Kepler,33.0405,0,0.198,2.26,0.195,,0,1,0.933,5690
Kepler-154 c,tr,2014,Kepler,62.3033,0,0.303,2.95,0.210,,0,1,0.933,5690
Kepler-154 d,tr,2016,Kepler,20.5498,0,0.1435,3.84,0.073,,0,0.98,0.98,5769
Kepler-154 e,tr,2016,Kepler,3.93276,0,0.04766,1.5,0.087,,0,0.98,0.98,5769
Kepler-154 f,tr,2016,Kepler,9.91936,0,0.08832,1.5,0.183,,0,0.98,0.98,5769
Kepler-1540 b,tr,2016,Kepler,125.413,0,0.4426,2.49,0.066,,0,0.69,0.74,4540
Kepler-1541 b,tr,2016,Kepler,8.40691,0,0.07555,1.16,0.078,,0,0.81,0.86,5282
Kepler-1542 b,tr,2016,Kepler,3.95117,0,0.04765,0.76,0.125,,0,0.99,0.94,5564
Kepler-1542 c,tr,2016,Kepler,2.89223,0,0.0387,0.65,0.115,,0,0.99,0.94,5564
Kepler-1542 d,tr,2016,Kepler,5.99274,0,0.0629,0.87,0.121,,0,0.99,0.94,5564
Kepler-1542 e,tr,2016,Kepler,5.10116,0,0.05649,0.76,0.118,,0,0.99,0.94,5564
Kepler-1543 b,tr,2016,Kepler,6.9671,0,0.0867,2.71,0.317,,0,1.65,1.39,6561
Kepler-1544 b,tr,2016,Kepler,168.811,0,0.5446,1.78,0.045,,0,0.74,0.81,4886
Kepler-1545 b,tr,2016,Kepler,163.692,0,0.5442,2.7,0.074,,0,0.8,0.84,5201
Kepler-1546 b,tr,2016,Kepler,19.5975,0,0.1366,3.13,0.147,,0,0.93,0.95,5623
Kepler-1547 b,tr,2016,Kepler,0.69298,0,0.01556,0.9,0.222,,0,1.18,1.12,6078
Kepler-1548 b,tr,2016,Kepler,124.829,0,0.4679,2.64,0.142,,0,0.97,0.99,5706
Kepler-1549 b,tr,2016,Kepler,214.887,0,0.6687,2.57,0.082,,0,0.84,0.88,5324
Kepler-155 b,tr,2014,Kepler,5.93119,0,0.056,2.09,0.100,,0,0.62,0.635,4508
Kepler-155 c,tr,2014,Kepler,52.6618,0,0.242,2.24,0.067,,0,0.62,0.635,4508
Kepler-1550 b,tr,2016,Kepler,225.583,0,0.7681,3.02,0.180,,0,1.11,1.07,5991
Kepler-1551 b,tr,2016,Kepler,24.4974,0,0.1772,2.66,0.250,,0,1.22,1.14,6136
Kepler-1552 b,tr,2016,Kepler,184.772,0,0.6011,2.47,0.043,,0,0.78,0.85,5202
Kepler-1553 b,tr,2016,Kepler,4.24262,0,0.0481,1.15,0.083,,0,0.81,0.85,5288
Kepler-1554 b,tr,2016,Kepler,198.089,0,0.5953,2.9,0.086,,0,0.81,0.84,5297
Kepler-1555 b,tr,2016,Kepler,8.10502,0,0.0805,1.61,0.196,,0,1.06,1.04,5866
Kepler-1556 b,tr,2016,Kepler,8.82713,0,0.0829,1.96,0.140,,0,0.95,0.97,5608
Kepler-1557 b,tr,2016,Kepler,3.74032,0,0.049,1.53,0.232,,0,1.17,1.11,6099
Kepler-1558 b,tr,2016,Kepler,3.5047,0,0.04278,0.68,0.074,,0,0.79,0.83,5101
Kepler-1559 b,tr,2016,Kepler,0.971915,0,0.01835,0.72,0.083,,0,0.82,0.86,5316
Kepler-156 b,tr,2014,Kepler,4.97346,0,0.054,2.3,0.074,,0,0.807,0.864,5094
Kepler-156 c,tr,2014,Kepler,15.9068,0,0.117,2.55,0.075,,0,0.807,0.864,5094
Kepler-1560 b,tr,2016,Kepler,3.03196,0,0.04175,0.89,0.152,,0,1.02,1.02,5815
Kepler-1561 b,tr,2016,Kepler,1.00521,0,0.0194,1.09,0.202,,0,1.11,1.07,5957
Kepler-1562 b,tr,2016,Kepler,64.2738,0,0.3308,3.55,0.200,,0,1.05,1.02,5760
Kepler-1563 b,tr,2016,Kepler,3.43277,0,0.0442,0.75,0.133,,0,0.99,1,5765
Kepler-1564 b,tr,2016,Kepler,18.054,0,0.1327,1.47,0.109,,0,0.9,0.93,5528
Kepler-1565 b,tr,2016,Kepler,1.53819,0,0.0241,1.19,0.084,,0,0.73,0.76,4940
Kepler-1566 b,tr,2016,Kepler,0.539915,0,0.01198,0.79,0.082,,0,0.81,0.84,5254
Kepler-1567 b,tr,2016,Kepler,153.98,0,0.552,2.73,0.115,,0,0.93,0.95,5655
Kepler-1568 b,tr,2016,Kepler,20.9254,0,0.1516,1.3,0.138,,0,1.19,1.09,5956
Kepler-1569 b,tr,2016,Kepler,5.7918,0,0.06669,1.68,0.310,,0,1.4,1.25,6319
Kepler-157 b,tr,2014,Kepler,1.73234,0,0.028,1.32,0.197,,0,1.04,0.95,5774
Kepler-157 c,tr,2014,Kepler,13.5405,0,0.11,2.24,0.192,,0,1.04,0.95,5774
Kepler-157 d,tr,2016,Kepler,7.02573,0,0.0706,1.46,0.089,,0,1.03,1.02,5866
Kepler-1570 b,tr,2016,Kepler,26.549,0,0.167,1.07,0.136,,0,0.89,0.92,5550
Kepler-1571 b,tr,2016,Kepler,3.38555,0,0.04287,1.52,0.336,,0,1.39,1.23,6297
Kepler-1572 b,tr,2016,Kepler,5.49549,0,0.05838,0.94,0.144,,0,0.95,0.97,5618
Kepler-1573 b,tr,2016,Kepler,2.61576,0,0.0364,1.2,0.142,,0,1,1.01,5808
Kepler-1574 b,tr,2016,Kepler,6.94243,0,0.0743,1.29,0.167,,0,1.08,1.06,5892
Kepler-1575 b,tr,2016,Kepler,2.55314,0,0.0366,1.31,0.126,,0,0.92,0.95,5667
Kepler-1576 b,tr,2016,Kepler,6.98472,0,0.07211,1.04,0.202,,0,1.06,1.05,5876
Kepler-1577 b,tr,2016,Kepler,6.3056,0,0.0657,1.13,0.071,,0,0.74,0.78,4862
Kepler-1578 b,tr,2016,Kepler,1.45089,0,0.0252,1.04,0.106,,0,0.86,0.9,5545
Kepler-1579 b,tr,2016,Kepler,0.849908,0,0.014,0.84,0.065,,0,0.7,0.75,4584
Kepler-158 b,tr,2014,Kepler,16.7092,0,0.111,2.12,0.170,,0,0.624,0.655,4623
Kepler-158 c,tr,2014,Kepler,28.5514,0,0.158,1.9,0.158,,0,0.624,0.655,4623
Kepler-158 d,tr,2024,Kepler,0.645088,0,,0.43,0.116,,0,0.668,0.656,4896
Kepler-1580 b,tr,2016,Kepler,56.6449,0,0.3357,2.11,0.145,,0,2.15,1.47,6228
Kepler-1581 b,tr,2016,Kepler,6.28385,0,0.06865,0.8,0.144,,0,1.23,1.12,6022
Kepler-1582 b,tr,2016,Kepler,4.83818,0,0.0316,1.49,0.104,,0,0.3,0.28,3208
Kepler-1583 b,tr,2016,Kepler,9.32807,0,0.08307,0.6,0.117,,0,0.91,0.94,5645
Kepler-1584 b,tr,2016,Kepler,13.3997,0,0.1168,1.61,0.189,,0,1.13,1.1,6069
Kepler-1585 b,tr,2016,Kepler,3.58275,0,0.0445,1.79,0.115,,0,0.91,0.94,5538
Kepler-1586 b,tr,2016,Kepler,15.6049,0,0.1221,1.52,0.326,,0,1.75,1.45,6681
Kepler-1587 b,tr,2016,Kepler,9.40605,0,0.08747,1.33,0.267,,0,1.22,1.08,5933
Kepler-1588 b,tr,2016,Kepler,7.84932,0,0.07419,0.76,0.118,,0,0.99,0.96,5817
Kepler-1589 b,tr,2016,Kepler,0.991665,0,0.0205,1.09,0.280,,0,1.25,1.18,6166
Kepler-159 b,tr,2014,Kepler,10.1396,0,0.082,2.38,0.076,,0,0.663,0.628,4625
Kepler-159 c,tr,2014,Kepler,43.5958,0,0.218,3.41,0.082,,0,0.663,0.628,4625
Kepler-1590 b,tr,2016,Kepler,7.61761,0,0.07116,1.14,0.215,,0,1.16,1.11,6053
Kepler-1591 b,tr,2016,Kepler,8.18505,0,0.0794,1.27,0.236,,0,1.16,1.1,6082
Kepler-1592 b,tr,2016,Kepler,3.0571,0,0.04,1.54,0.318,,0,1.28,1.18,6213
Kepler-1593 b,tr,2016,Kepler,174.51,0,0.5549,3.17,0.091,,0,0.77,0.81,4995
Kepler-1594 b,tr,2016,Kepler,2.71604,0,0.0396,1.06,0.179,,0,1.08,1.06,5946
Kepler-1595 b,tr,2016,Kepler,4.5638,0,0.051,1.23,0.077,,0,0.8,0.84,5203
Kepler-1596 b,tr,2016,Kepler,66.3734,0,0.3237,1.9,0.111,,0,0.92,0.95,5706
Kepler-1597 b,tr,2016,Kepler,2.94654,0,0.04136,1.06,0.302,,0,1.39,1.25,6377
Kepler-1598 b,tr,2016,Kepler,4.34195,0,0.05207,0.95,0.200,,0,1.09,1.07,5940
Kepler-1599 b,tr,2016,Kepler,122.364,0,0.4823,1.62,0.173,,0,0.99,0.99,5767
Kepler-16 b,tr,2011,Kepler,228.776,0,0.7048,8.449,0.003,105.8,0,0.649,0.69,4450
Kepler-160 b,tr,2014,Kepler,4.3094,0,0.05511,1.715,0.031,,0,1.12,1,5471
Kepler-160 c,tr,2014,Kepler,13.6994,0,0.1192,3.76,0.043,,0,1.12,1,5471
Kepler-160 d,ot,2020,Kepler,30,0,0.17,,,100,0,1.12,1,5471
Kepler-1600 b,tr,2016,Kepler,386.371,0,0.9814,3.13,0.072,,0,0.82,0.86,5214
Kepler-1600 c,tr,2021,Kepler,7.29805,0,0.06961,1.942,,,0,0.834,0.818,5119
Kepler-1601 b,tr,2016,Kepler,2.20922,0,0.03281,0.82,0.213,,0,1.07,1.04,5869
Kepler-1602 b,tr,2016,Kepler,11.1793,0,0.09744,1.34,0.302,,0,1.36,1.22,6296
Kepler-1603 b,tr,2016,Kepler,2.27164,0,0.0351,1.29,0.256,,0,1.31,1.21,6241
Kepler-1604 b,tr,2016,Kepler,0.683684,0,0.01406,1.41,0.106,,0,0.76,0.81,4976
Kepler-1605 b,tr,2016,Kepler,85.7565,0,0.3657,1.08,0.079,,0,0.82,0.86,5280
Kepler-1606 b,tr,2016,Kepler,196.435,0,0.6421,2.07,0.092,,0,0.86,0.9,5422
Kepler-1607 b,tr,2016,Kepler,13.6474,0,0.1198,0.92,0.255,,0,1.21,1.14,6116
Kepler-1608 b,tr,2016,Kepler,16.4736,0,0.1126,1.73,0.101,,0,0.72,0.75,4992
Kepler-1609 b,tr,2016,Kepler,114.342,0,0.4679,2.22,0.275,,0,1.27,1.18,6132
Kepler-161 b,tr,2014,Kepler,4.92136,0,0.054,2.12,0.066,2.63,0,0.806,0.853,5078
Kepler-161 c,tr,2014,Kepler,7.06424,0,0.068,2.05,0.073,3.61,0,0.806,0.853,5078
Kepler-1610 b,tr,2016,Kepler,8.70182,0,0.0777,1.61,0.099,,0,0.87,0.91,5383
Kepler-1610 c,tr,2023,Kepler,44.9852,0,0.2323,2.09,0.134,,0,0.8,0.825,5295
Kepler-1611 b,tr,2016,Kepler,5.17624,0,0.0586,0.81,0.142,,0,0.93,0.94,5605
Kepler-1612 b,tr,2016,Kepler,3.91795,0,0.0482,1.03,0.141,,0,0.94,0.96,5643
Kepler-1613 b,tr,2016,Kepler,1.51843,0,0.02755,2.08,0.228,,0,1.12,1.08,6005
Kepler-1614 b,tr,2016,Kepler,3.94661,0,0.0471,1.49,0.091,,0,0.76,0.79,5121
Kepler-1615 b,tr,2016,Kepler,47.3126,0,0.2788,2.06,0.257,,0,1.05,1.04,5865
Kepler-1616 b,tr,2016,Kepler,6.76284,0,0.07318,1.02,0.304,,0,1.34,1.21,6266
Kepler-1617 b,tr,2016,Kepler,27.4786,0,0.1771,1.2,0.221,,0,1.22,1.15,6167
Kepler-1618 b,tr,2016,Kepler,6.10826,0,0.07109,1.26,0.302,,0,1.65,1.41,6620
Kepler-1619 b,tr,2016,Kepler,23.6226,0,0.1541,0.76,0.151,,0,1,1,5852
Kepler-162 b,tr,2014,Kepler,6.9198,0,0.069,1.26,0.532,,0,0.958,1.05,5816
Kepler-162 c,tr,2014,Kepler,19.4464,0,0.137,3.03,0.538,,0,0.958,1.05,5816
Kepler-1620 b,tr,2016,Kepler,101.952,0,0.4322,1.61,0.283,,0,1.23,1.15,6157
Kepler-1621 b,tr,2016,Kepler,92.2637,0,0.4204,2.16,0.271,,0,1.24,1.15,6158
Kepler-1622 b,tr,2016,Kepler,10.8119,0,0.1014,1.47,0.323,,0,1.5,1.31,6436
Kepler-1623 b,tr,2016,Kepler,4.36128,0,0.0518,1.31,0.187,,0,1,1,5772
Kepler-1624 b,tr,2016,Kepler,3.29031,0,0.0327,6.59,0.026,,0,0.552,0.541,3768
Kepler-1625 b,tr,2016,Kepler,287.379,0,0.8776,6.06,0.116,,0,0.94,0.96,5677
Kepler-1626 b,tr,2016,Kepler,4.13963,0,0.0537,2.02,0.270,,0,1.85,1.51,6826
Kepler-1627 b,tr,2016,Kepler,7.20284,0,0.0643,3.69,0.122,,0,0.84,0.87,5445
Kepler-1628 b,tr,2016,Kepler,76.378,0,0.2952,6.43,0.113,,0,0.52,0.55,3724
Kepler-1629 b,tr,2016,Kepler,3.87596,0,0.0485,0.77,0.149,,0,1.01,1.01,5776
Kepler-163 b,tr,2014,Kepler,7.81094,0,0.078,1.05,0.419,,0,0.917,0.882,5776
Kepler-163 c,tr,2014,Kepler,21.3473,0,0.152,2.26,0.416,,0,0.917,0.882,5776
Kepler-1630 b,tr,2016,Kepler,509.997,0,1.122,2.19,0.068,,0,0.63,0.66,4736
Kepler-1631 b,tr,2016,Kepler,4.09514,0,0.0511,1.35,0.130,,0,0.95,0.97,5679
Kepler-1632 b,tr,2016,Kepler,448.304,0,0.6762,2.47,0.241,,0,1.19,1.12,6137
Kepler-1633 b,tr,2016,Kepler,186.404,0,0.3875,1.58,0.285,,0,1.32,1.2,6256
Kepler-1634 b,tr,2016,Kepler,374.876,0,1.052,3.19,0.176,,0,0.89,0.92,5474
Kepler-1635 b,tr,2016,Kepler,469.631,0,1.127,3.64,0.137,,0,0.85,0.89,5347
Kepler-1636 b,tr,2016,Kepler,425.478,0,1.122,3.23,0.172,,0,1.02,1.01,5797
Kepler-1637 b,tr,2016,Kepler,6.1096,0,0.0596,0.89,0.152,,0,1.02,1.02,5789
Kepler-1638 b,tr,2016,Kepler,259.337,0,0.745,1.87,0.147,,0,0.95,0.97,5710
Kepler-1639 b,tr,2016,Kepler,9.87848,0,0.0932,2.58,0.219,,0,1.18,1.12,6150
Kepler-164 b,tr,2014,Kepler,5.03503,0,0.058,1.41,0.199,,0,1.15,1.04,5888
Kepler-164 c,tr,2014,Kepler,10.9457,0,0.097,2.73,0.190,,0,1.15,1.04,5888
Kepler-164 d,tr,2014,Kepler,28.9868,0,0.187,2.45,0.192,,0,1.15,1.04,5888
Kepler-164 e,tr,2023,Kepler,94.8869,0,0.4025,4.24,0.147,,0,1.1,0.966,5888
Kepler-1640 b,tr,2016,Kepler,7.58441,0,0.0836,4.82,0.340,,0,1.43,1.27,6324
Kepler-1641 b,tr,2016,Kepler,19.6723,0,0.1473,3.11,0.275,,0,1.19,1.12,6152
Kepler-1641 c,tr,2016,Kepler,32.6572,0,0.2065,2.95,0.249,,0,1.19,1.12,6152
Kepler-1642 b,tr,2016,Kepler,12.2058,0,0.1016,3.2,0.092,,0,0.84,0.88,5355
Kepler-1642 c,tr,2016,Kepler,6.65138,0,0.0678,2.66,0.094,,0,0.84,0.88,5355
Kepler-1643 b,tr,2016,Kepler,5.34266,0,0.0531,2.32,0.056,,0,0.855,0.845,4916
Kepler-1644 b,tr,2016,Kepler,21.0908,0,0.142,1.88,0.181,,0,0.86,0.89,5499
Kepler-1645 b,tr,2016,Kepler,16.178,0,0.1285,1.78,0.177,,0,1.02,1.02,5812
Kepler-1646 b,tr,2016,Kepler,4.48558,0,0.0295,1.23,0.211,,0,0.26,0.24,3299
Kepler-1647 b,tr,2016,Kepler,1107.59,0,2.72,11.87,0.012,483,0,1.79,1.22,6210
Kepler-1649 b,tr,2017,Kepler,8.6891,0,0.0514,1.017,0.050,,0,0.232,0.198,3240
Kepler-1649 c,tr,2020,Kepler,19.5353,0,0.0649,1.06,0.118,,0,0.232,0.198,3240
Kepler-165 b,tr,2014,Kepler,8.18085,0,0.072,2.32,0.608,,0,0.77,0.746,5211
Kepler-165 c,tr,2014,Kepler,15.313,0,0.11,2.23,0.605,,0,0.77,0.746,5211
Kepler-1650 b,tr,2017,Kepler,1.53818,0,0.0167,0.96,0.109,,0,0.334,0.326,3410
Kepler-1651 b,tr,2017,Kepler,9.87864,0,0.0692,1.84,0.060,,0,0.503,0.522,3713
Kepler-1652 b,tr,2017,Kepler,38.0972,0,0.1654,1.6,0.112,,0,0.382,0.404,3638
Kepler-1653 b,tr,2017,Kepler,140.252,0,0.4706,2.17,0.090,,0,0.693,0.719,4807
Kepler-1654 b,tr,2018,Kepler,1047.84,0,2.026,9.18,0.022,158.9,0,1.18,1.01,5597
Kepler-1655 b,tr,2018,Kepler,11.8729,0,0.1029,2.213,0.037,5.4,0,1.03,1.03,6148
Kepler-1656 b,tr,2018,Kepler,31.562,0,0.1974,4.574,0.023,47.8,0,1.1,1.03,5569
Kepler-1656 c,rv,2022,other,1919,0,3.053,,,126.4,0,1.1,1.03,5569
Kepler-166 b,tr,2014,Kepler,7.65025,0,0.072,2.27,0.515,,0,0.742,0.811,5413
Kepler-166 c,tr,2014,Kepler,34.2603,0,0.195,2.38,0.517,,0,0.742,0.811,5413
Kepler-166 d,tr,2016,Kepler,1.554,0,0.02449,1.73,0.072,,0,0.83,0.88,5350
Kepler-1660 AB b,ot,2023,Kepler,239.504,0,0.8,,,1587,0,1.49,1.14,6305
Kepler-1661 b,tr,2020,Kepler,175.06,0,0.633,3.87,0.016,17,0,0.762,0.841,5100
Kepler-1663 b,tr,2020,Kepler,17.6046,0,0.1072,3.304,,,0,0.629,0.611,3844
Kepler-1664 b,tr,2020,Kepler,14.3868,0,0.1137,3.033,,,0,1.07,0.944,5736
Kepler-1665 b,tr,2020,Kepler,11.9548,0,0.096,2.839,,,0,0.778,0.842,5050
Kepler-1666 b,tr,2020,Kepler,25.8476,0,0.1761,2.883,,,0,1.15,1.23,6293
Kepler-1666 c,tr,2020,Kepler,40.7157,0,0.2383,3.236,,,0,1.15,1.23,6293
Kepler-1667 b,tr,2020,Kepler,83.5781,0,0.359,2.984,,,0,1.09,1.09,5942
Kepler-1668 b,tr,2020,Kepler,15.434,0,0.124,4.348,,,0,1.02,0.98,5542
Kepler-1669 b,tr,2020,Kepler,9.51216,0,0.0745,2.78,,,0,0.714,0.67,4303
Kepler-1669 c,tr,2021,Kepler,1.60932,0,0.0228,1.901,,,0,0.603,0.609,4224
Kepler-1669 d,tr,2023,Kepler,4.72941,0,0.0468,1.22,0.045,,0,0.603,0.609,4224
Kepler-167 b,tr,2014,Kepler,4.39315,0,0.04825,1.718,0.041,,0,0.749,0.777,4884
Kepler-167 c,tr,2014,Kepler,7.40611,0,0.0684,1.674,0.041,,0,0.749,0.777,4884
Kepler-167 d,tr,2016,Kepler,21.8038,0,0.1404,1.238,0.052,,0,0.749,0.777,4884
Kepler-167 e,tr,2016,Kepler,1071.23,0,1.883,10.16,0.041,321,0,0.749,0.777,4884
Kepler-1670 b,tr,2020,Kepler,20.4998,0,0.1528,3.356,,,0,1.52,1.05,5838
Kepler-1671 b,tr,2020,Kepler,4.16787,0,0.04946,1.326,,,0,0.93,0.866,5136
Kepler-1672 b,tr,2020,Kepler,150.878,0,0.5537,2.97,,,0,1.09,1.16,6132
Kepler-1673 b,tr,2020,Kepler,33.7888,0,0.2136,2.936,,,0,1.13,1.11,6015
Kepler-1674 b,tr,2020,Kepler,62.5611,0,0.3017,3.206,,,0,0.877,0.96,5474
Kepler-1675 b,tr,2020,Kepler,63.0382,0,0.3219,3.125,,,0,1.13,1.06,5853
Kepler-1676 b,tr,2020,Kepler,29.9221,0,0.1954,3.377,,,0,1.06,1.07,5878
Kepler-1677 b,tr,2020,Kepler,22.064,0,0.1599,2.702,,,0,1.25,1.11,6014
Kepler-1678 b,tr,2020,Kepler,147.974,0,0.5302,3.304,,,0,0.835,1.03,5754
Kepler-1679 b,tr,2020,Kepler,9.75376,0,0.0892,2.069,,,0,0.873,0.96,5501
Kepler-168 b,tr,2014,Kepler,4.42539,0,0.056,1.46,0.452,,0,1.11,1.11,6282
Kepler-168 c,tr,2014,Kepler,13.1932,0,0.116,2.69,0.450,,0,1.11,1.11,6282
Kepler-1680 b,tr,2020,Kepler,8.77424,0,0.07642,1.36,,,0,0.723,0.834,5021
Kepler-1681 b,tr,2020,Kepler,69.8956,0,0.32,2.553,,,0,0.759,0.893,5756
Kepler-1682 b,tr,2020,Kepler,14.8334,0,0.1134,2.889,,,0,0.842,0.99,5619
Kepler-1683 b,tr,2020,Kepler,15.0337,0,0.1182,1.875,,,0,0.9,0.95,5429
Kepler-1684 b,tr,2020,Kepler,47.7055,0,0.2253,2.871,,,0,0.667,0.75,4707
Kepler-1685 b,tr,2020,Kepler,20.4905,0,0.1485,2.577,,,0,0.835,0.96,5484
Kepler-1686 b,tr,2020,Kepler,9.30987,0,0.08827,1.426,,,0,1.2,1.02,5715
Kepler-1687 b,tr,2020,Kepler,5.77954,0,0.0532,1.656,,,0,0.726,0.65,4132
Kepler-1688 b,tr,2020,Kepler,5.62012,0,0.0577,1.262,,,0,0.746,0.814,4632
Kepler-1689 b,tr,2020,Kepler,8.483,0,0.0784,0.9468,,,0,0.996,1.02,5731
Kepler-169 b,tr,2014,Kepler,3.25062,0,0.04,1.13,0.071,,0,0.763,0.825,4997
Kepler-169 c,tr,2014,Kepler,6.19547,0,0.062,1.21,0.066,,0,0.763,0.825,4997
Kepler-169 d,tr,2014,Kepler,8.34812,0,0.075,1.25,0.072,,0,0.763,0.825,4997
Kepler-169 e,tr,2014,Kepler,13.7671,0,0.105,2.2,0.132,,0,0.763,0.825,4997
Kepler-169 f,tr,2014,Kepler,87.0902,0,0.359,2.58,0.093,,0,0.763,0.825,4997
Kepler-1690 b,tr,2020,Kepler,234.636,0,0.7097,2.811,,,0,0.862,0.94,5404
Kepler-1691 b,tr,2020,Kepler,3.8482,0,0.0495,1.835,,,0,1.13,1.11,6000
Kepler-1692 b,tr,2020,Kepler,5.95966,0,0.0646,1.112,,,0,0.866,0.87,5146
Kepler-1693 b,tr,2020,Kepler,12.0999,0,0.1011,1.289,,,0,0.878,0.95,5432
Kepler-1693 c,tr,2021,Kepler,5.36371,0,0.0588,0.977,,,0,1.1,0.941,5553
Kepler-1694 b,tr,2020,Kepler,3.89526,0,0.0449,1.18,,,0,0.756,0.82,4954
Kepler-1695 b,tr,2020,Kepler,4.7329,0,0.0529,1.119,,,0,0.987,0.96,5473
Kepler-1696 b,tr,2020,Kepler,65.9409,0,0.3244,2.81,,,0,1.2,1.02,5712
Kepler-1697 b,tr,2020,Kepler,33.4969,0,0.2008,1.26,,,0,0.772,0.747,4682
Kepler-1698 b,tr,2020,Kepler,1.2107,0,0.02065,1.073,,,0,0.742,0.822,4975
Kepler-1699 b,tr,2020,Kepler,3.49082,0,0.0418,1.567,,,0,0.725,0.81,5576
Kepler-17 b,tr,2011,Kepler,1.48571,0,0.02591,14.68,0.015,778.6,0,1.01,1.04,5781
Kepler-170 b,tr,2014,Kepler,7.93059,0,0.08,3.2,0.069,82.6,0,1.03,1.07,5679
Kepler-170 c,tr,2014,Kepler,16.6659,0,0.131,2.86,0.059,,0,1.03,1.07,5679
Kepler-1700 b,tr,2020,Kepler,234.239,0,0.7609,2.901,,,0,1.09,1.12,6031
Kepler-1701 b,tr,2020,Kepler,169.134,0,0.5738,2.222,,,0,0.84,0.87,5146
Kepler-1702 b,tr,2020,Kepler,18.5012,0,0.1275,1.602,,,0,0.726,0.85,5093
Kepler-1704 b,tr,2021,Kepler,988.881,0,2.027,11.95,0.040,1322,0,1.7,1.13,5746
Kepler-1705 b,tr,2021,Kepler,9.03502,0,0.08,2.03,0.064,4.47,0,1.26,1.14,6312
Kepler-1705 c,tr,2021,Kepler,11.28,0,,2.05,0.071,5.42,0,1.26,1.14,6312
Kepler-1708 b,tr,2021,Kepler,737.113,0,1.64,9.96,0.060,1462,0,1.12,1.09,6157
Kepler-1709 b,tr,2021,Kepler,65.7046,0,0.327,3.124,,,0,1.04,1,5918
Kepler-171 b,tr,2014,Kepler,4.16697,0,0.05,2.34,0.449,,0,0.839,0.978,5642
Kepler-171 c,tr,2014,Kepler,11.4635,0,0.098,2.56,0.449,,0,0.839,0.978,5642
Kepler-171 d,tr,2014,Kepler,39.5955,0,0.223,1.89,0.476,,0,0.839,0.978,5642
Kepler-1710 b,tr,2021,Kepler,14.9111,0,0.1158,3.197,,3.495,1,0.899,0.932,5650
Kepler-1711 b,tr,2021,Kepler,21.0608,0,0.1463,1.923,,,0,1.03,0.94,5706
Kepler-1712 b,tr,2021,Kepler,13.815,0,0.0903,2.284,,,0,0.509,0.515,3732
Kepler-1713 b,tr,2021,Kepler,18.0116,0,0.1419,1.717,,,0,1.46,1.3,6477
Kepler-1714 b,tr,2021,Kepler,10.2753,0,0.1055,3.264,,,0,2.09,1.45,6150
Kepler-1715 b,tr,2021,Kepler,35.5973,0,0.2243,4.14,,,0,1.21,1.08,6212
Kepler-1716 b,tr,2021,Kepler,35.581,0,0.1884,2.425,,,0,0.684,0.753,4894
Kepler-1717 b,tr,2021,Kepler,30.6528,0,0.2014,2.989,,,0,1.64,1.16,6200
Kepler-1718 b,tr,2021,Kepler,135.188,0,0.4842,2.569,,,0,0.906,0.846,5731
Kepler-1719 b,tr,2021,Kepler,6.14956,0,0.06868,3.95,,,0,1.77,1.08,5687
Kepler-172 b,tr,2014,Kepler,2.94031,0,0.04,2.35,0.179,,0,1.08,1.08,5526
Kepler-172 c,tr,2014,Kepler,6.389,0,0.068,2.86,0.185,,0,1.08,1.08,5526
Kepler-172 d,tr,2014,Kepler,14.6271,0,0.118,2.25,0.178,,0,1.08,1.08,5526
Kepler-172 e,tr,2014,Kepler,35.1187,0,0.211,2.76,0.203,,0,1.08,1.08,5526
Kepler-1720 b,tr,2021,Kepler,12.7064,0,0.1043,3.216,,,0,0.839,0.939,5573
Kepler-1721 b,tr,2021,Kepler,4.59238,0,0.0519,3.119,,,0,0.796,0.89,5351
Kepler-1722 b,tr,2021,Kepler,9.17857,0,0.0819,2.867,,,0,0.788,0.876,5506
Kepler-1723 b,tr,2021,Kepler,39.7529,0,0.2249,2.88,,,0,1.01,0.96,6072
Kepler-1724 b,tr,2021,Kepler,6.45442,0,0.0683,2.837,,,0,0.943,1.02,6092
Kepler-1725 b,tr,2021,Kepler,16.7199,0,0.1326,2.813,,,0,1.08,1.05,6020
Kepler-1726 b,tr,2021,Kepler,18.3963,0,0.1279,2.509,,,0,0.804,0.876,5316
Kepler-1727 b,tr,2021,Kepler,9.0293,0,0.0796,3.173,,,0,0.82,0.824,5349
Kepler-1728 b,tr,2021,Kepler,4.783,0,0.0535,2.955,,,0,0.807,0.891,5170
Kepler-1729 b,tr,2021,Kepler,4.22097,0,0.0418,3.894,,,0,0.517,0.544,3837
Kepler-173 b,tr,2014,Kepler,4.26374,0,0.048,1.29,0.496,,0,0.949,1.07,6031
Kepler-173 c,tr,2014,Kepler,8.00578,0,0.074,2.43,0.498,,0,0.949,1.07,6031
Kepler-1730 b,tr,2021,Kepler,13.8102,0,0.1131,4.485,,,0,1.14,1.01,5942
Kepler-1731 b,tr,2021,Kepler,21.7613,0,0.1399,2.933,,,0,0.72,0.781,4859
Kepler-1732 b,tr,2021,Kepler,32.3124,0,0.2015,4.099,,,0,1.49,1.04,5821
Kepler-1733 b,tr,2021,Kepler,9.22958,0,0.0933,3.636,,,0,1.25,1.27,6320
Kepler-1734 b,tr,2021,Kepler,6.79685,0,0.0714,3.089,,,0,0.97,1.05,6061
Kepler-1735 b,tr,2021,Kepler,7.71793,0,0.0621,1.194,,,0,0.509,0.535,3975
Kepler-1736 b,tr,2021,Kepler,37.8103,0,0.2188,3.877,,,0,0.973,0.976,6085
Kepler-1737 b,tr,2021,Kepler,64.6175,0,0.297,5.395,,,0,0.881,0.834,5043
Kepler-1738 b,tr,2021,Kepler,7.67463,0,0.0781,2.825,,,0,1,1.08,6063
Kepler-1739 b,tr,2021,Kepler,7.34371,0,0.0697,2.431,,,0,0.762,0.865,5757
Kepler-174 b,tr,2014,Kepler,13.9818,0,0.1,1.96,0.056,,0,0.622,0.602,4880
Kepler-174 c,tr,2014,Kepler,44.0005,0,0.214,1.49,0.060,,0,0.622,0.602,4880
Kepler-174 d,tr,2014,Kepler,247.354,0,0.677,2.19,0.059,,0,0.622,0.602,4880
Kepler-1740 b,tr,2021,Kepler,8.1724,0,0.0779,3.323,,,0,0.905,0.943,5705
Kepler-1741 b,tr,2021,Kepler,2.75759,0,0.0296,1.273,,,0,0.424,0.454,3683
Kepler-1742 b,tr,2021,Kepler,49.4782,0,0.2587,2.178,,,0,0.849,0.939,5776
Kepler-1743 b,tr,2021,Kepler,7.64971,0,0.084,1.599,,,0,1.61,1.27,5855
Kepler-1744 b,tr,2021,Kepler,37.1011,0,0.2094,3.768,,,0,0.85,0.886,5986
Kepler-1745 b,tr,2021,Kepler,3.01619,0,0.0408,1.929,,,0,1.4,0.995,5611
Kepler-1746 b,tr,2021,Kepler,321.212,0,0.9408,8.935,,,0,1.29,1.09,6018
Kepler-1747 b,tr,2021,Kepler,6.23032,0,0.066,4.265,,,0,0.865,0.983,5477
Kepler-1748 b,tr,2021,Kepler,5.82352,0,0.0615,2.713,,,0,0.864,0.916,5774
Kepler-1749 b,tr,2021,Kepler,14.5341,0,0.0956,1.613,,,0,0.553,0.551,3957
Kepler-175 b,tr,2014,Kepler,11.9035,0,0.105,2.56,0.500,,0,1.01,0.969,6064
Kepler-175 c,tr,2014,Kepler,34.0353,0,0.213,3.1,0.503,,0,1.01,0.969,6064
Kepler-1750 b,tr,2021,Kepler,205.912,0,0.6785,6.004,,,0,0.969,0.981,5644
Kepler-1751 b,tr,2021,Kepler,7.01731,0,0.0712,1.824,,,0,0.967,0.974,6052
Kepler-1752 b,tr,2021,Kepler,56.3585,0,0.2698,4.541,,,0,0.821,0.824,5446
Kepler-1753 b,tr,2021,Kepler,16.0046,0,0.1179,2.227,,,0,0.769,0.86,5180
Kepler-1754 b,tr,2021,Kepler,8.19595,0,0.0718,2.44,,,0,0.747,0.734,4723
Kepler-1755 b,tr,2021,Kepler,24.8121,0,0.1668,5.917,,,0,0.921,1,6086
Kepler-1756 b,tr,2021,Kepler,2.35575,0,0.0319,1.472,,,0,0.812,0.781,4915
Kepler-1757 b,tr,2021,Kepler,19.6564,0,0.1335,2.947,,,0,0.74,0.828,5288
Kepler-1758 b,tr,2021,Kepler,9.97721,0,0.0919,2.571,,,0,1.62,1.03,5557
Kepler-1759 b,tr,2021,Kepler,3.72023,0,0.0429,0.9038,,,0,0.797,0.76,5017
Kepler-176 b,tr,2014,Kepler,5.43307,0,0.058,1.43,0.510,290.5,0,0.891,0.86,5232
Kepler-176 c,tr,2014,Kepler,12.7597,0,0.102,2.6,0.512,1.33,0,0.891,0.86,5232
Kepler-176 d,tr,2014,Kepler,25.752,0,0.163,2.51,0.526,1.72,0,0.891,0.86,5232
Kepler-176 e,tr,2016,Kepler,51.1658,0,0.2565,1.45,0.093,0.5208,0,0.83,0.87,5295
Kepler-1760 b,tr,2021,Kepler,38.3261,0,0.2084,2.29,,,0,0.903,0.821,5229
Kepler-1761 b,tr,2021,Kepler,4.04354,0,0.0413,1.391,,,0,0.532,0.573,3871
Kepler-1762 b,tr,2021,Kepler,29.5391,0,0.204,2.76,,,0,1.24,1.3,6572
Kepler-1763 b,tr,2021,Kepler,1.48028,0,0.0257,1.147,,,0,1.26,1.03,5897
Kepler-1764 b,tr,2021,Kepler,70.4683,0,0.3512,4.555,,,0,1.13,1.16,6461
Kepler-1765 b,tr,2021,Kepler,10.4189,0,0.0917,2.495,,,0,1.06,0.946,5692
Kepler-1766 b,tr,2021,Kepler,105.015,0,0.4161,2.279,,,0,1.04,0.915,5868
Kepler-1767 b,tr,2021,Kepler,59.6583,0,0.2873,3.013,,,0,0.831,0.887,5243
Kepler-1768 b,tr,2021,Kepler,15.1359,0,0.1286,2.233,,,0,1.57,1.24,6050
Kepler-1769 b,tr,2021,Kepler,89.1935,0,0.406,4.465,,,0,1.29,1.06,6071
Kepler-177 b,tr,2013,Kepler,36.8601,0,0.211,3.5,0.049,5.84,0,1.32,0.921,5732
Kepler-177 c,tr,2013,Kepler,49.4093,0,0.2566,8.73,0.040,14.7,0,1.32,0.921,5732
Kepler-1770 b,tr,2021,Kepler,16.8419,0,0.1261,2.841,,,0,1.01,0.941,5602
Kepler-1771 b,tr,2021,Kepler,88.644,0,0.3815,4.055,,,0,0.934,0.941,5661
Kepler-1772 b,tr,2021,Kepler,3.21509,0,0.04391,2.686,,,0,0.934,0.942,5541
Kepler-1773 b,tr,2021,Kepler,40.8097,0,0.2483,3.505,,,0,1.3,1.24,6183
Kepler-1774 b,tr,2021,Kepler,59.7708,0,0.295,3.182,,,0,1.12,1.1,6214
Kepler-1775 b,tr,2021,Kepler,85.654,0,0.3957,3.648,,,0,1.65,1.15,5818
Kepler-1776 b,tr,2021,Kepler,35.0119,0,0.2093,2.612,,,0,1.15,1.04,5872
Kepler-1777 b,tr,2021,Kepler,12.1842,0,0.103,2.132,,,0,1.07,0.984,5771
Kepler-1778 b,tr,2021,Kepler,10.0874,0,0.0956,3.017,,,0,1.09,1.14,6310
Kepler-1779 b,tr,2021,Kepler,16.3436,0,0.1264,3.033,,,0,1.06,1.01,5730
Kepler-178 b,tr,2014,Kepler,9.57669,0,0.085,2.9,0.431,,0,1.07,0.852,5676
Kepler-178 c,tr,2014,Kepler,20.5528,0,0.142,2.88,0.427,,0,1.07,0.852,5676
Kepler-178 d,tr,2014,Kepler,96.679,0,0.397,3.95,0.430,,0,1.07,0.852,5676
Kepler-1780 b,tr,2021,Kepler,109.445,0,0.4276,3.606,,,0,0.868,0.868,5403
Kepler-1781 b,tr,2021,Kepler,4.88753,0,0.0574,2.381,,,0,0.957,1.05,5568
Kepler-1782 b,tr,2021,Kepler,5.75623,0,0.05825,2.229,,,0,0.734,0.794,4931
Kepler-1783 b,tr,2021,Kepler,8.27744,0,0.07595,1.319,,,0,1.78,0.887,5129
Kepler-1784 b,tr,2021,Kepler,13.5905,0,0.1072,2.799,,,0,0.974,0.887,5442
Kepler-1785 b,tr,2021,Kepler,19.5855,0,0.1392,2.704,,,0,0.996,0.911,5618
Kepler-1786 b,tr,2021,Kepler,78.5461,0,0.3572,3.163,,,0,1.4,1.06,5808
Kepler-1787 b,tr,2021,Kepler,39.3137,0,0.227,2.319,,,0,0.925,1.01,6060
Kepler-1788 b,tr,2021,Kepler,2.80012,0,0.0343,2.379,,,0,0.704,0.686,4786
Kepler-1789 b,tr,2021,Kepler,80.2319,0,0.3543,2.831,,,0,0.888,0.92,5436
Kepler-179 b,tr,2014,Kepler,2.73593,0,0.036,1.64,0.415,,0,0.759,0.893,5302
Kepler-179 c,tr,2014,Kepler,6.40013,0,0.064,2,0.405,,0,0.759,0.893,5302
Kepler-1790 b,tr,2021,Kepler,31.5889,0,0.2099,3.145,,,0,1.37,1.02,5866
Kepler-1791 b,tr,2021,Kepler,7.72086,0,0.0761,3.121,,,0,1.18,0.985,5887
Kepler-1792 b,tr,2021,Kepler,4.19578,0,0.0488,2.52,,,0,1,0.878,5229
Kepler-1793 b,tr,2021,Kepler,8.78,0,0.0787,3.79,,,0,0.764,0.85,5191
Kepler-1794 b,tr,2021,Kepler,9.76298,0,0.0821,1.794,,,0,0.816,0.773,5052
Kepler-1795 b,tr,2021,Kepler,13.3602,0,0.1002,1.663,,,0,0.688,0.768,4500
Kepler-1796 b,tr,2021,Kepler,29.4558,0,0.1879,2.75,,,0,0.949,1.02,6036
Kepler-1797 b,tr,2021,Kepler,23.3594,0,0.1637,3.058,,,0,1.01,1.07,6244
Kepler-1798 b,tr,2021,Kepler,16.8559,0,0.1082,2.309,,,0,0.587,0.593,3967
Kepler-1799 b,tr,2021,Kepler,11.9297,0,0.1028,4.128,,,0,0.921,1.02,5831
Kepler-18 b,tr,2011,Kepler,3.50473,0,0.0447,2,0.050,6.9,0,1.11,0.972,5345
Kepler-18 c,tr,2011,Kepler,7.64159,0,0.0752,5.49,0.047,17.3,0,1.11,0.972,5345
Kepler-18 d,tr,2011,Kepler,14.8589,0,0.1172,6.98,0.047,16.4,0,1.11,0.972,5345
Kepler-180 b,tr,2014,Kepler,13.8171,0,0.109,1.5,0.447,,0,1.06,0.95,5731
Kepler-180 c,tr,2014,Kepler,41.8858,0,0.229,3.01,0.445,,0,1.06,0.95,5731
Kepler-1800 b,tr,2021,Kepler,4.56203,0,0.05098,0.9968,,,0,2.51,1.33,5343
Kepler-1801 b,tr,2021,Kepler,10.4409,0,0.0915,2.709,,,0,0.981,0.936,5738
Kepler-1801 c,tr,2023,Kepler,116.583,0,0.4572,2.91,0.215,,0,0.981,0.936,5738
Kepler-1802 b,tr,2021,Kepler,15.4502,0,0.0662,1.671,,,0,0.637,0.649,4245
Kepler-1802 c,tr,2021,Kepler,33.1361,0,0.1748,2.322,,,0,0.637,0.649,4245
Kepler-1804 b,tr,2021,Kepler,12.2885,0,0.1017,1.596,,,0,1.67,0.929,5109
Kepler-1805 b,tr,2021,Kepler,8.84794,0,0.0699,1.545,,,0,0.552,0.581,3867
Kepler-1806 b,tr,2021,Kepler,9.03332,0,0.0813,2.356,,,0,0.788,0.884,5311
Kepler-1807 b,tr,2021,Kepler,10.8606,0,0.0988,2.704,,,0,1.5,1.09,6455
Kepler-1808 b,tr,2021,Kepler,23.3404,0,0.1467,3.025,,,0,0.892,0.773,5530
Kepler-1809 b,tr,2021,Kepler,3.7573,0,0.04444,1.513,,,0,0.716,0.807,4901
Kepler-181 b,tr,2014,Kepler,3.13787,0,0.04,1.27,0.488,,0,0.749,0.81,5333
Kepler-181 c,tr,2014,Kepler,4.30215,0,0.049,1.99,0.492,,0,0.749,0.81,5333
Kepler-1810 b,tr,2021,Kepler,101.133,0,0.4137,3.918,,,0,1.02,0.921,5492
Kepler-1811 b,tr,2021,Kepler,76.4223,0,0.3462,3.848,,,0,1.19,0.946,5561
Kepler-1812 b,tr,2021,Kepler,7.16522,0,0.0765,2.325,,,0,1.1,1.16,6174
Kepler-1813 b,tr,2021,Kepler,2.81816,0,0.0364,1.413,,,0,0.787,0.812,5167
Kepler-1814 b,tr,2021,Kepler,2.93536,0,0.03765,2.37,,,0,0.823,0.79,4922
Kepler-1814 c,tr,2023,Kepler,0.626282,0,0.0133,1.76,0.088,,0,0.823,0.79,4922
Kepler-1815 b,tr,2021,Kepler,12.1914,0,0.0984,2.749,,,0,0.967,0.856,5516
Kepler-1816 b,tr,2021,Kepler,91.501,0,0.3565,1.968,,,0,0.706,0.786,5051
Kepler-1817 b,tr,2021,Kepler,44.2992,0,0.2348,2.273,,,0,0.915,0.878,5316
Kepler-1818 b,tr,2021,Kepler,4.64491,0,0.055,1.714,,,0,1.13,1.02,6047
Kepler-1819 b,tr,2021,Kepler,16.4869,0,0.1337,3.904,,,0,1.07,1.17,6090
Kepler-182 b,tr,2014,Kepler,9.82579,0,0.096,2.58,0.457,,0,1.15,1.11,6250
Kepler-182 c,tr,2014,Kepler,20.6843,0,0.157,3.43,0.446,,0,1.15,1.11,6250
Kepler-1820 b,tr,2021,Kepler,31.0325,0,0.1964,3.119,,,0,0.931,1.05,5841
Kepler-1821 b,tr,2021,Kepler,16.4581,0,0.1244,2.592,,,0,0.884,0.946,5475
Kepler-1822 b,tr,2021,Kepler,22.1334,0,0.1416,2.648,,,0,0.702,0.782,5165
Kepler-1823 b,tr,2021,Kepler,21.1034,0,0.1533,2.086,,,0,1.13,1.07,6000
Kepler-1824 b,tr,2021,Kepler,95.611,0,0.4267,2.381,,,0,1.08,1.14,6002
Kepler-1825 b,tr,2021,Kepler,1.02587,0,0.0187,1.422,,,0,0.847,0.828,5123
Kepler-1826 b,tr,2021,Kepler,1.61536,0,0.0213,1.475,,,0,0.486,0.49,3821
Kepler-1827 b,tr,2021,Kepler,3.70062,0,0.04647,1.856,,,0,1.4,0.915,5423
Kepler-1828 b,tr,2021,Kepler,10.2738,0,0.0924,2.116,,,0,0.899,0.996,5806
Kepler-1829 b,tr,2021,Kepler,5.18672,0,0.0559,2.479,,,0,0.777,0.873,5230
Kepler-183 b,tr,2014,Kepler,5.68795,0,0.064,2.06,0.432,,0,0.958,0.99,5888
Kepler-183 c,tr,2014,Kepler,11.6371,0,0.103,2.27,0.432,35.7,0,0.958,0.99,5888
Kepler-1830 b,tr,2021,Kepler,56.4933,0,0.3177,3.33,,,0,2.05,1.44,6160
Kepler-1831 b,tr,2021,Kepler,5.78387,0,0.0655,1.97,,,0,1.01,1.12,6063
Kepler-1832 b,tr,2021,Kepler,3.13879,0,0.037,1.227,,,0,0.722,0.684,5242
Kepler-1833 b,tr,2021,Kepler,6.89213,0,0.07545,1.3,,,0,1.45,1.29,6164
Kepler-1834 b,tr,2021,Kepler,4.60301,0,0.04911,1.459,,,0,0.788,0.765,4821
Kepler-1834 c,tr,2023,Kepler,0.766692,0,0.015,1.22,0.053,,0,0.788,0.765,4821
Kepler-1835 b,tr,2021,Kepler,11.9641,0,0.0997,3.534,,,0,0.961,0.922,5903
Kepler-1836 b,tr,2021,Kepler,5.25417,0,0.0602,2.553,,,0,0.987,1.05,6123
Kepler-1837 b,tr,2021,Kepler,5.90609,0,0.065,2.067,,,0,0.961,1.05,5966
Kepler-1838 b,tr,2021,Kepler,12.1468,0,0.1108,1.66,,,0,1.96,1.19,5877
Kepler-1839 b,tr,2021,Kepler,5.05676,0,0.0583,1.949,,,0,0.939,1.03,5926
Kepler-184 b,tr,2014,Kepler,10.6876,0,0.092,2.36,0.564,,0,0.873,0.872,5788
Kepler-184 c,tr,2014,Kepler,20.303,0,0.141,1.97,0.563,8.8,0,0.873,0.872,5788
Kepler-184 d,tr,2014,Kepler,29.0224,0,0.179,2.49,0.566,,0,0.873,0.872,5788
Kepler-1840 b,tr,2021,Kepler,131.19,0,0.4621,2.778,,,0,0.803,0.774,4898
Kepler-1841 b,tr,2021,Kepler,25.886,0,0.1606,1.489,,,0,0.899,0.823,5190
Kepler-1842 b,tr,2021,Kepler,14.0264,0,0.116,2.354,,,0,1.13,1.06,5970
Kepler-1843 b,tr,2021,Kepler,25.5434,0,0.1787,2.709,,,0,1.78,1.02,5422
Kepler-1844 b,tr,2021,Kepler,3.92451,0,0.0478,3.036,,,0,0.849,0.939,5776
Kepler-1845 b,tr,2021,Kepler,11.6065,0,0.0885,2.438,,,0,0.701,0.686,4703
Kepler-1846 b,tr,2021,Kepler,14.8201,0,0.1105,1.764,,,0,0.732,0.785,4825
Kepler-1847 b,tr,2021,Kepler,11.1297,0,0.0989,2.745,,,0,0.964,1.04,6122
Kepler-1848 b,tr,2021,Kepler,5.60402,0,0.05835,1.409,,,0,0.737,0.756,4847
Kepler-1849 b,tr,2021,Kepler,57.2929,0,0.2597,2.387,,,0,0.729,0.709,4806
Kepler-185 b,tr,2014,Kepler,1.6329,0,0.026,1.17,0.573,,0,0.806,0.763,5208
Kepler-185 c,tr,2014,Kepler,20.729,0,0.139,2.02,0.579,,0,0.806,0.763,5208
Kepler-1850 b,tr,2021,Kepler,1.3858,0,0.0206,0.7291,,,0,0.6,0.611,4239
Kepler-1851 b,tr,2021,Kepler,12.0229,0,0.1016,3.9,,,0,0.879,0.967,5982
Kepler-1852 b,tr,2021,Kepler,7.97094,0,0.0762,1.886,,,0,0.826,0.927,5237
Kepler-1853 b,tr,2021,Kepler,48.8882,0,0.2395,1.519,,,0,0.788,0.765,4821
Kepler-1854 b,tr,2021,Kepler,39.8311,0,0.2089,2.587,,,0,0.759,0.8,5026
Kepler-1855 b,tr,2021,Kepler,0.727331,0,0.0115,1.216,,,0,0.356,0.385,3460
Kepler-1856 b,tr,2021,Kepler,1.302,0,0.0215,1.734,,,0,0.816,0.782,4948
Kepler-1857 b,tr,2021,Kepler,8.94341,0,0.08308,1.961,,,0,1,0.873,6074
Kepler-1858 b,tr,2021,Kepler,88.0716,0,0.3575,2.422,,,0,0.819,0.785,4939
Kepler-1859 b,tr,2021,Kepler,2.7296,0,0.0394,1.583,,,0,1.24,1.09,5887
Kepler-1859 c,tr,2023,Kepler,3.59645,0,0.0473,1.66,0.157,,0,1.24,1.09,5887
Kepler-186 b,tr,2014,Kepler,3.88679,0,0.0343,1.07,0.112,,0,0.472,0.478,3788
Kepler-186 c,tr,2014,Kepler,7.2673,0,0.0451,1.25,0.112,,0,0.472,0.478,3788
Kepler-186 d,tr,2014,Kepler,13.343,0,0.0781,1.4,0.114,,0,0.472,0.478,3788
Kepler-186 e,tr,2014,Kepler,22.4077,0,0.11,1.27,0.114,,0,0.472,0.478,3788
Kepler-186 f,tr,2014,Kepler,129.944,0,0.432,1.17,0.068,,0,0.523,0.544,3755
Kepler-1860 b,tr,2021,Kepler,12.7372,0,0.1062,1.139,,,0,0.868,0.874,5420
Kepler-1861 b,tr,2021,Kepler,40.0306,0,0.2408,2.207,,,0,1.37,1.16,5855
Kepler-1862 b,tr,2021,Kepler,16.0573,0,0.1199,2.203,,,0,0.806,0.9,5644
Kepler-1863 b,tr,2021,Kepler,44.9976,0,0.2368,2.263,,,0,0.983,1.1,5871
Kepler-1864 b,tr,2021,Kepler,3.88151,0,0.049,0.7541,,,0,0.979,1.03,5854
Kepler-1865 b,tr,2021,Kepler,2.52401,0,0.0344,1.577,,,0,0.871,0.849,5420
Kepler-1866 b,tr,2021,Kepler,11.6601,0,0.1016,2.082,,,0,1.08,1.03,5791
Kepler-1867 b,tr,2021,Kepler,9.88736,0,0.0872,1.16,,,0,0.816,0.911,5693
Kepler-1868 b,tr,2021,Kepler,211.034,0,0.6235,3.15,,,0,0.686,0.743,4658
Kepler-1869 b,tr,2021,Kepler,8.16736,0,0.07976,1.12,,,0,0.902,0.987,5808
Kepler-1869 c,tr,2023,Kepler,1.71683,0,0.028,0.74,0.101,,0,0.902,0.987,5808
Kepler-187 b,tr,2014,Kepler,4.93886,0,0.059,1.41,0.199,,0,1.29,1.08,6105
Kepler-187 c,tr,2014,Kepler,10.6403,0,0.099,2.67,0.195,,0,1.29,1.08,6105
Kepler-1870 b,tr,2021,Kepler,3.60694,0,0.0452,2.101,,,0,0.84,0.955,5508
Kepler-1871 b,tr,2021,Kepler,1.9527,0,0.0308,2.422,,,0,0.946,1.02,5741
Kepler-1872 b,tr,2021,Kepler,3.82591,0,0.0465,2.384,,,0,0.885,0.913,5223
Kepler-1873 b,tr,2021,Kepler,0.558842,0,0.0128,1.626,,,0,0.792,0.903,5151
Kepler-1874 b,tr,2021,Kepler,56.5732,0,0.2633,2.211,,,0,0.775,0.758,4701
Kepler-1875 b,tr,2021,Kepler,34.4586,0,0.2039,3.227,,,0,0.862,0.95,6161
Kepler-1876 b,tr,2021,Kepler,6.99205,0,0.0758,0.853,0.038,2.4,0,1.48,1.19,6104
Kepler-1877 b,tr,2021,Kepler,2.37757,0,0.03472,0.6241,,,0,0.936,1.02,5615
Kepler-1878 b,tr,2021,Kepler,4.44588,0,0.0521,2.92,,,0,0.865,0.956,5918
Kepler-1879 b,tr,2021,Kepler,10.6134,0,0.0957,2.065,,,0,1.39,1.02,5865
Kepler-188 b,tr,2014,Kepler,2.0619,0,0.032,1.68,0.452,,0,1.14,1.02,6021
Kepler-188 c,tr,2014,Kepler,5.99655,0,0.066,3.19,0.455,,0,1.14,1.02,6021
Kepler-1880 b,tr,2021,Kepler,6.30922,0,0.054,2.117,,,0,0.53,0.524,4380
Kepler-1881 b,tr,2021,Kepler,159.394,0,0.5333,2.981,,,0,0.874,0.812,5135
Kepler-1882 b,tr,2021,Kepler,13.7873,0,0.1164,1.487,,,0,1.46,1.07,5691
Kepler-1883 b,tr,2021,Kepler,103.427,0,0.4438,3.251,,,0,1.02,1.09,6208
Kepler-1884 b,tr,2021,Kepler,8.98832,0,0.0845,1.814,,,0,0.906,0.993,5984
Kepler-1885 b,tr,2021,Kepler,2.52256,0,0.036,1.511,,,0,0.86,0.977,5591
Kepler-1886 b,tr,2021,Kepler,24.2758,0,0.16,2.582,,,0,0.837,0.928,5745
Kepler-1887 b,tr,2021,Kepler,19.9475,0,0.1421,2.925,,,0,0.864,0.961,5749
Kepler-1888 b,tr,2021,Kepler,11.3917,0,0.0956,1.326,,,0,1.25,0.897,5557
Kepler-1889 b,tr,2021,Kepler,37.3037,0,0.2082,2.944,,,0,0.817,0.864,5646
Kepler-189 b,tr,2014,Kepler,10.3999,0,0.088,1.21,0.504,,0,0.75,0.803,5235
Kepler-189 c,tr,2014,Kepler,20.1349,0,0.137,2.38,0.500,22.7,0,0.75,0.803,5235
Kepler-1890 b,tr,2021,Kepler,4.82059,0,0.05712,0.8687,,,0,1.4,1.02,6046
Kepler-1891 b,tr,2021,Kepler,4.02229,0,0.0473,1.521,,,0,0.827,0.873,5516
Kepler-1892 b,tr,2021,Kepler,6.33123,0,0.0633,1.837,,,0,0.759,0.851,5383
Kepler-1893 b,tr,2021,Kepler,4.17937,0,0.0504,1.706,,,0,1.16,0.973,5633
Kepler-1894 b,tr,2021,Kepler,2.76266,0,0.0385,1.201,,,0,0.901,0.999,5772
Kepler-1894 c,tr,2023,Kepler,5.05369,0,0.0576,1.21,0.198,,0,0.901,0.999,5772
Kepler-1895 b,tr,2021,Kepler,6.07029,0,0.0615,2.119,,,0,0.763,0.86,5076
Kepler-1896 b,tr,2021,Kepler,44.8702,0,0.2529,3.099,,,0,0.996,1.07,6122
Kepler-1897 b,tr,2021,Kepler,24.2203,0,0.1546,2.814,,,0,0.761,0.859,5165
Kepler-1898 b,tr,2021,Kepler,4.76562,0,0.05063,0.9335,,,0,1.12,0.837,5702
Kepler-1899 b,tr,2021,Kepler,4.09578,0,0.0457,1.551,,,0,0.742,0.759,4791
Kepler-19 b,tr,2011,Kepler,9.28699,0,0.0846,2.209,0.022,6.1,0,0.859,0.936,5541
Kepler-19 c,ot,2011,Kepler,28.731,0,0.1766,,,13.1,0,0.859,0.936,5544
Kepler-19 d,rv,2017,other,62.95,0,,,,22.5,0,0.859,0.936,5544
Kepler-190 b,tr,2014,Kepler,2.02,0,0.03,1.56,0.071,,0,0.795,0.834,5106
Kepler-190 c,tr,2014,Kepler,3.76302,0,0.045,1.46,0.068,,0,0.795,0.834,5106
Kepler-1900 b,tr,2021,Kepler,2.98623,0,0.042,1.623,,,0,1.04,1.1,6173
Kepler-1901 b,tr,2021,Kepler,3.48413,0,0.0453,1.474,,,0,0.921,1.02,5696
Kepler-1902 b,tr,2021,Kepler,3.82222,0,0.0385,1.176,,,0,0.514,0.52,3729
Kepler-1903 b,tr,2021,Kepler,17.0679,0,0.1321,2.286,,,0,0.996,1.05,6347
Kepler-1904 b,tr,2021,Kepler,4.57702,0,0.0436,1.39,,,0,0.497,0.526,3805
Kepler-1905 b,tr,2021,Kepler,3.42393,0,0.0451,1.446,,,0,1.01,1.04,5788
Kepler-1906 b,tr,2021,Kepler,7.36269,0,0.0738,2.776,,,0,0.894,0.987,5868
Kepler-1907 b,tr,2021,Kepler,5.65245,0,0.05444,0.8697,,,0,0.8,0.752,5159
Kepler-1907 c,tr,2021,Kepler,14.8639,0,0.1037,1.155,,,0,0.8,0.752,5159
Kepler-1909 b,tr,2021,Kepler,2.39161,0,0.0306,1.092,,,0,0.685,0.663,4935
Kepler-191 b,tr,2014,Kepler,9.93963,0,0.087,1.34,0.493,,0,0.789,0.857,5282
Kepler-191 c,tr,2014,Kepler,17.7385,0,0.128,1.86,0.495,,0,0.789,0.857,5282
Kepler-191 d,tr,2016,Kepler,5.94504,0,0.06104,2.28,0.064,,0,0.8,0.84,5215
Kepler-1910 b,tr,2021,Kepler,5.68877,0,0.0536,1.184,,,0,0.639,0.636,4234
Kepler-1911 b,tr,2021,Kepler,5.9908,0,0.0636,1.011,,,0,0.972,0.954,5721
Kepler-1912 b,tr,2021,Kepler,6.05922,0,0.06489,1.357,,,0,0.962,0.977,5734
Kepler-1913 b,tr,2021,Kepler,14.196,0,0.1209,1.519,,,0,1.08,1.17,6214
Kepler-1914 b,tr,2021,Kepler,30.8279,0,0.1954,2.943,,,0,0.96,1.05,5982
Kepler-1915 b,tr,2021,Kepler,13.8354,0,0.114,3.218,,,0,1.06,1.03,6020
Kepler-1916 b,tr,2021,Kepler,31.2543,0,0.2053,2.618,,,0,1.09,1.18,6246
Kepler-1917 b,tr,2021,Kepler,12.9024,0,0.103,1.89,,,0,0.788,0.882,5530
Kepler-1918 b,tr,2021,Kepler,47.0564,0,0.2524,2.298,,,0,0.924,0.967,5889
Kepler-1919 b,tr,2021,Kepler,37.8866,0,0.2107,2.624,,,0,0.818,0.868,5513
Kepler-192 b,tr,2014,Kepler,9.92675,0,0.09,2.74,0.164,,0,1.01,1.03,5479
Kepler-192 c,tr,2014,Kepler,21.2234,0,0.15,2.79,0.186,,0,1.01,1.03,5479
Kepler-192 d,tr,2016,Kepler,6.47028,0,0.0686,1.02,0.083,,0,0.94,0.94,5487
Kepler-1920 b,tr,2021,Kepler,30.2541,0,0.2043,2.954,,,0,1.16,1.24,6277
Kepler-1921 b,tr,2021,Kepler,20.0348,0,0.1587,2.895,,,0,2,1.25,6120
Kepler-1921 c,tr,2023,Kepler,3.15722,0,0.0454,1.41,0.319,,0,2,1.25,6120
Kepler-1922 b,tr,2021,Kepler,13.2226,0,0.1077,2.291,,,0,0.863,0.953,5931
Kepler-1923 b,tr,2021,Kepler,52.6097,0,0.2846,1.96,,,0,1.29,1.11,5881
Kepler-1924 b,tr,2021,Kepler,15.3317,0,0.1216,2.654,,,0,1.28,1.02,5726
Kepler-1925 b,tr,2021,Kepler,46.7164,0,0.2588,3.002,,,0,1.09,1.06,5856
Kepler-1926 b,tr,2021,Kepler,42.8777,0,0.2197,2.315,,,0,0.832,0.768,5256
Kepler-1927 b,tr,2021,Kepler,73.7504,0,0.3873,3.406,,,0,2.48,1.41,6056
Kepler-1928 b,tr,2021,Kepler,19.5778,0,0.194,1.992,0.053,,0,0.92,1.01,5720
Kepler-1929 b,tr,2021,Kepler,59.3625,0,0.3088,3.073,,,0,1.47,1.01,5786
Kepler-193 b,tr,2014,Kepler,11.3885,0,0.106,2.39,0.452,,0,1.15,1.05,6335
Kepler-193 c,tr,2014,Kepler,50.6975,0,0.286,2.75,0.451,,0,1.15,1.05,6335
Kepler-1930 b,tr,2021,Kepler,13.0268,0,0.1023,1.53,,,0,0.844,0.844,5083
Kepler-1931 b,tr,2021,Kepler,38.5761,0,0.2333,2.653,,,0,1.22,1.17,6167
Kepler-1932 b,tr,2021,Kepler,0.524177,0,0.0123,1.515,,,0,0.815,0.911,5278
Kepler-1933 b,tr,2021,Kepler,4.94329,0,0.05605,1.18,,,0,1.01,0.964,5661
Kepler-1934 b,tr,2021,Kepler,1.41976,0,0.02466,0.9131,,,0,1.03,0.968,5925
Kepler-1935 b,tr,2021,Kepler,3.9514,0,0.0463,2.503,,,0,0.899,0.845,5570
Kepler-1936 b,tr,2021,Kepler,126.557,0,0.5266,3.166,,,0,1.85,1.42,6501
Kepler-1937 b,tr,2021,Kepler,9.6886,0,0.0915,3.023,,,0,1.2,1.19,6457
Kepler-1938 b,tr,2021,Kepler,13.0626,0,0.0938,1.828,,,0,0.655,0.646,4522
Kepler-1939 b,tr,2021,Kepler,2.79066,0,0.0334,1.165,,,0,0.603,0.648,4353
Kepler-194 b,tr,2014,Kepler,2.09228,0,0.032,1.51,0.523,,0,1.02,0.94,6089
Kepler-194 c,tr,2014,Kepler,17.308,0,0.131,2.59,0.525,,0,1.02,0.94,6089
Kepler-194 d,tr,2014,Kepler,52.815,0,0.275,2.4,0.525,,0,1.02,0.94,6089
Kepler-1940 b,tr,2021,Kepler,4.95061,0,0.0525,1.547,,,0,0.717,0.802,5431
Kepler-1941 b,tr,2021,Kepler,31.3351,0,0.2054,2.65,,,0,1.14,1.18,6404
Kepler-1942 b,tr,2021,Kepler,4.62605,0,0.0516,2.117,,,0,0.797,0.852,5834
Kepler-1943 b,tr,2021,Kepler,4.85018,0,0.05975,1.549,,,0,0.973,1.05,6032
Kepler-1944 b,tr,2021,Kepler,9.84258,0,0.0918,2.76,,,0,0.972,1.06,5585
Kepler-1945 b,tr,2021,Kepler,6.08004,0,0.0597,1.289,,,0,0.804,0.767,4991
Kepler-1946 b,tr,2021,Kepler,3.03519,0,0.0394,2.488,,,0,0.873,0.887,5505
Kepler-1947 b,tr,2021,Kepler,6.96363,0,0.07375,1.01,,,0,1.69,0.984,6040
Kepler-1948 b,tr,2021,Kepler,15.5713,0,0.1022,1.033,,,0,0.557,0.585,3872
Kepler-1949 b,tr,2021,Kepler,2.20828,0,0.0352,2.22,,,0,1.45,1.19,6028
Kepler-195 b,tr,2014,Kepler,8.30787,0,0.077,2.03,0.365,,0,0.775,0.867,5329
Kepler-195 c,tr,2014,Kepler,34.0969,0,0.197,1.55,0.368,,0,0.775,0.867,5329
Kepler-1950 b,tr,2021,Kepler,10.7769,0,0.0871,1.527,,,0,0.852,0.759,5455
Kepler-1951 b,tr,2021,Kepler,20.6578,0,0.1435,2.321,,,0,1.31,0.923,5468
Kepler-1952 b,tr,2021,Kepler,27.2108,0,0.1724,1.239,,,0,1.3,0.922,5973
Kepler-1953 b,tr,2021,Kepler,6.24566,0,0.0607,1.286,,,0,0.707,0.786,4858
Kepler-1954 b,tr,2021,Kepler,5.88343,0,0.0625,1.802,,,0,0.849,0.942,5840
Kepler-1955 b,tr,2021,Kepler,14.2652,0,0.1196,1.167,,,0,1.29,1.05,5825
Kepler-1956 b,tr,2021,Kepler,5.94372,0,0.0563,1.089,,,0,0.682,0.671,4391
Kepler-1957 b,tr,2021,Kepler,2.18662,0,0.0299,0.9437,,,0,0.772,0.745,4904
Kepler-1958 b,tr,2021,Kepler,9.32862,0,0.0856,2.051,,,0,0.864,0.961,5749
Kepler-1959 b,tr,2021,Kepler,6.38669,0,0.0617,1.143,,,0,0.811,0.768,5071
Kepler-196 b,tr,2014,Kepler,20.7399,0,0.138,1.9,0.079,,0,0.782,0.839,5128
Kepler-196 c,tr,2014,Kepler,47.4277,0,0.24,2.24,0.076,,0,0.782,0.839,5128
Kepler-196 d,tr,2021,Kepler,122.08,0,0.4545,2.661,,,0,0.77,0.805,5132
Kepler-1960 b,tr,2021,Kepler,2.29794,0,0.0354,1.307,,,0,1.07,1.12,6371
Kepler-1961 b,tr,2021,Kepler,5.60471,0,0.0588,1.619,,,0,0.777,0.871,5401
Kepler-1962 b,tr,2021,Kepler,7.99146,0,0.0783,1.215,,,0,1.01,1,5700
Kepler-1963 b,tr,2021,Kepler,1.96226,0,0.02915,0.7444,,,0,0.979,0.915,5726
Kepler-1964 b,tr,2021,Kepler,2.44083,0,0.0322,1.781,,,0,0.698,0.752,4803
Kepler-1965 b,tr,2021,Kepler,41.8687,0,0.2297,1.354,,,0,0.837,0.928,5852
Kepler-1966 b,tr,2021,Kepler,8.61743,0,0.0763,1.105,,,0,0.84,0.797,5009
Kepler-1967 b,tr,2021,Kepler,7.28169,0,0.06686,0.7302,,,0,1.81,0.996,4970
Kepler-1968 b,tr,2021,Kepler,7.2811,0,0.0696,1.5,,,0,0.788,0.844,5008
Kepler-1969 b,tr,2021,Kepler,6.64752,0,0.0717,1.682,,,0,1.01,1.11,6046
Kepler-197 b,tr,2014,Kepler,5.59931,0,0.06,1.02,0.039,,0,1.12,0.857,6004
Kepler-197 c,tr,2014,Kepler,10.3497,0,0.09,1.23,0.033,5.3,0,1.12,0.857,6004
Kepler-197 d,tr,2014,Kepler,15.6776,0,0.119,1.22,0.082,,0,1.12,0.857,6004
Kepler-197 e,tr,2014,Kepler,25.2097,0,0.164,0.91,0.044,,0,1.12,0.857,6004
Kepler-1972 b,tr,2022,Kepler,7.54425,0,0.08006,0.802,0.052,2.02,0,1.38,1.12,5818
Kepler-1972 c,tr,2022,Kepler,11.3295,0,0.1049,0.868,0.058,2.11,0,1.38,1.12,5818
Kepler-1976 b,tr,2023,Kepler,4.95932,0,0.0565,12.21,0.140,,0,1.08,0.976,5712
Kepler-1977 b,tr,2023,Kepler,4.53702,0,0.0486,1.66,0.090,,0,0.688,0.769,4805
Kepler-1978 b,tr,2023,Kepler,10.8497,0,0.0914,2.67,0.110,,0,0.778,0.869,5251
Kepler-1979 b,tr,2023,Kepler,18.5085,0,0.1383,29.33,0.200,,0,0.938,1.03,5942
Kepler-198 b,tr,2014,Kepler,17.79,0,0.131,2.82,0.149,,0,0.94,0.995,5574
Kepler-198 c,tr,2014,Kepler,49.5674,0,0.259,2.47,0.150,,0,0.94,0.995,5574
Kepler-198 d,tr,2016,Kepler,1.31184,0,0.02342,1.53,0.052,,0,0.93,0.97,5636
Kepler-1980 b,tr,2023,Kepler,33.0257,0,0.2049,2.21,0.109,,0,0.99,1.05,5819
Kepler-1981 b,tr,2023,Kepler,453.542,0,1.329,9.23,0.317,,0,3.01,1.52,5874
Kepler-1982 b,tr,2023,Kepler,3.82316,0,0.0511,0.77,0.117,,0,1.12,1.21,6202
Kepler-1983 b,tr,2023,Kepler,7.32852,0,0.0689,2.33,0.067,,0,0.874,0.812,5135
Kepler-1984 b,tr,2023,Kepler,1.99281,0,0.0238,6.81,0.121,,0,0.42,0.45,3638
Kepler-1985 b,tr,2023,Kepler,3.42065,0,0.0426,2.27,0.104,,0,0.966,0.877,5370
Kepler-1986 b,tr,2023,Kepler,19.549,0,0.1307,1.89,0.132,,0,0.732,0.776,5549
Kepler-1987 b,tr,2023,Kepler,2.34586,0,0.0318,1.23,0.081,,0,0.714,0.799,4769
Kepler-1987 c,tr,2023,Kepler,3.6483,0,0.0427,1.33,0.079,,0,0.714,0.799,4769
Kepler-1987 d,tr,2023,Kepler,5.64491,0,0.0571,2.66,0.081,,0,0.714,0.799,4769
Kepler-1987 e,tr,2023,Kepler,8.74292,0,0.0765,1.92,0.081,,0,0.714,0.799,4769
Kepler-1988 b,tr,2023,Kepler,11.495,0,0.1038,1.53,0.258,,0,1.79,1.13,6033
Kepler-1989 b,tr,2023,Kepler,10.161,0,0.0918,4.62,0.227,,0,1.06,0.999,6032
Kepler-199 b,tr,2014,Kepler,23.6376,0,0.158,3.11,0.180,,0,0.967,0.96,5644
Kepler-199 c,tr,2014,Kepler,67.0934,0,0.316,3.25,0.178,,0,0.967,0.96,5644
Kepler-1990 b,tr,2023,Kepler,1.73514,0,0.0286,3.27,0.133,,0,1.07,1.03,5751
Kepler-1990 c,tr,2023,Kepler,4.06845,0,0.0504,0.98,0.138,,0,1.07,1.03,5751
Kepler-1991 b,tr,2023,Kepler,13.2608,0,0.1065,1.47,0.139,,0,1.05,0.914,5478
Kepler-1991 c,tr,2023,Kepler,22.7902,0,0.1528,2.57,0.140,,0,1.05,0.914,5478
Kepler-1992 b,tr,2023,Kepler,15.6112,0,0.1169,0.91,0.077,,0,0.842,0.874,5383
Kepler-1993 b,tr,2023,Kepler,26.6566,0,0.1943,4.15,0.513,,0,3.06,1.37,5159
Kepler-1994 b,tr,2023,Kepler,4.61225,0,0.053,0.51,0.108,,0,0.961,0.932,5495
Kepler-1995 b,tr,2023,Kepler,73.7579,0,0.3259,4.28,0.335,,0,0.93,0.847,5029
Kepler-1996 b,tr,2023,Kepler,32.3762,0,0.1789,2.26,0.051,,0,0.675,0.748,4580
Kepler-1996 c,tr,2023,Kepler,92.7297,0,0.3608,2.81,0.050,,0,0.675,0.748,4580
Kepler-1997 b,tr,2023,Kepler,26.7576,0,0.1815,2.28,0.219,,0,1.05,1.11,6215
Kepler-1998 b,tr,2023,Kepler,3.03267,0,0.0405,0.6,0.100,,0,0.921,0.962,5640
Kepler-1999 b,tr,2023,Kepler,8.73968,0,0.0713,3.29,0.085,,0,0.628,0.632,4406
Kepler-20 b,tr,2011,Kepler,3.6961,0,0.04565,1.773,0.023,9.7,0,0.916,0.929,5495
Kepler-20 c,tr,2011,Kepler,10.8541,0,0.0936,2.894,0.012,11.1,0,0.916,0.929,5495
Kepler-20 d,tr,2011,Kepler,77.6115,0,0.3474,2.606,0.018,13.4,0,0.916,0.929,5495
Kepler-20 e,tr,2011,Kepler,6.09849,0,0.0637,0.821,0.027,0.76,0,0.916,0.929,5495
Kepler-20 f,tr,2011,Kepler,19.5783,0,0.1387,0.952,0.070,1.4,0,0.916,0.929,5495
Kepler-20 g,rv,2016,other,34.94,0,0.2055,,,19.96,1,0.964,0.948,5495
Kepler-200 b,tr,2014,Kepler,8.5948,0,0.08,2.13,0.192,,0,0.944,0.972,5678
Kepler-200 c,tr,2014,Kepler,10.2222,0,0.09,1.59,0.182,,0,0.944,0.972,5678
Kepler-2000 b,tr,2023,Kepler,6.38316,0,0.0562,2.73,0.049,,0,0.576,0.581,3757
Kepler-2000 c,tr,2023,Kepler,20.618,0,0.1228,1.57,0.051,,0,0.576,0.581,3757
Kepler-2001 b,tr,2023,Kepler,1.09001,0,0.0197,1.04,0.101,,0,0.77,0.864,5081
Kepler-2001 c,tr,2023,Kepler,14.0926,0,0.1084,1.82,0.099,,0,0.77,0.864,5081
Kepler-201 b,tr,2014,Kepler,25.6721,0,0.175,2.46,0.195,,0,1.23,1.1,6065
Kepler-201 c,tr,2014,Kepler,151.884,0,0.573,2.85,0.211,,0,1.23,1.1,6065
Kepler-202 b,tr,2014,Kepler,4.06943,0,0.045,1.63,0.061,,0,0.667,0.683,4668
Kepler-202 c,tr,2014,Kepler,16.2825,0,0.113,1.85,0.054,,0,0.667,0.683,4668
Kepler-203 b,tr,2014,Kepler,3.1627,0,0.043,2.57,0.202,,0,1.11,1.06,5821
Kepler-203 c,tr,2014,Kepler,5.37065,0,0.061,2.47,0.190,749.9,0,1.11,1.06,5821
Kepler-203 d,tr,2014,Kepler,11.3297,0,0.1,1.44,0.194,33.9,0,1.11,1.06,5821
Kepler-204 b,tr,2014,Kepler,14.401,0,0.117,2.53,0.213,,0,1.24,1.04,5812
Kepler-204 c,tr,2014,Kepler,25.6606,0,0.173,1.79,0.218,,0,1.24,1.04,5812
Kepler-205 b,tr,2014,Kepler,2.75564,0,0.032,1.51,0.093,,0,0.546,0.592,4321
Kepler-205 c,tr,2014,Kepler,20.3065,0,0.122,1.64,0.073,,0,0.546,0.592,4321
Kepler-206 b,tr,2014,Kepler,7.78199,0,0.078,1.2,0.200,,0,1.19,0.957,5764
Kepler-206 c,tr,2014,Kepler,13.1375,0,0.111,1.77,0.192,,0,1.19,0.957,5764
Kepler-206 d,tr,2014,Kepler,23.4428,0,0.163,1.19,0.202,,0,1.19,0.957,5764
Kepler-207 b,tr,2014,Kepler,1.61187,0,0.029,1.57,0.191,,0,1.59,1.31,5920
Kepler-207 c,tr,2014,Kepler,3.07157,0,0.044,1.5,0.193,,0,1.59,1.31,5920
Kepler-207 d,tr,2014,Kepler,5.86808,0,0.068,3.31,0.190,,0,1.59,1.31,5920
Kepler-208 b,tr,2014,Kepler,4.22864,0,0.054,1.63,0.184,,0,1.31,1.08,6092
Kepler-208 c,tr,2014,Kepler,7.46662,0,0.079,1.39,0.187,,0,1.31,1.08,6092
Kepler-208 d,tr,2014,Kepler,11.1318,0,0.103,1.2,0.192,,0,1.31,1.08,6092
Kepler-208 e,tr,2014,Kepler,16.2595,0,0.132,1.48,0.189,,0,1.31,1.08,6092
Kepler-209 b,tr,2014,Kepler,16.0878,0,0.122,2.26,0.150,,0,0.935,0.971,5513
Kepler-209 c,tr,2014,Kepler,41.7499,0,0.231,3.1,0.165,,0,0.935,0.971,5513
Kepler-21 b,tr,2012,Kepler,2.78582,0,0.0434,1.639,0.010,7.5,0,1.9,1.41,6305
Kepler-210 b,tr,2014,Kepler,2.45323,0,0.032,2.94,0.071,,0,0.65,0.77,4559
Kepler-210 c,tr,2014,Kepler,7.97251,0,0.07,3.62,0.052,,0,0.65,0.77,4559
Kepler-211 b,tr,2014,Kepler,4.13858,0,0.048,1.26,0.071,,0,0.816,0.867,5123
Kepler-211 c,tr,2014,Kepler,6.04045,0,0.062,1.29,0.070,18.3,0,0.816,0.867,5123
Kepler-212 b,tr,2014,Kepler,16.2576,0,0.133,1.09,0.193,,0,1.46,1.17,5852
Kepler-212 c,tr,2014,Kepler,31.8052,0,0.207,2.74,0.186,,0,1.46,1.17,5852
Kepler-213 b,tr,2014,Kepler,2.46236,0,0.036,1.62,0.191,,0,1.2,1.07,5696
Kepler-213 c,tr,2014,Kepler,4.82296,0,0.057,2.34,0.192,,0,1.2,1.07,5696
Kepler-214 b,tr,2014,Kepler,15.6605,0,0.13,2.61,0.188,,0,1.35,1.11,6169
Kepler-214 c,tr,2014,Kepler,28.7798,0,0.194,2.13,0.188,,0,1.35,1.11,6169
Kepler-215 b,tr,2014,Kepler,9.36067,0,0.084,1.62,0.247,,0,1.03,0.788,5739
Kepler-215 c,tr,2014,Kepler,14.6671,0,0.113,1.77,0.237,,0,1.03,0.788,5739
Kepler-215 d,tr,2014,Kepler,30.8644,0,0.185,2.39,0.230,23.6,0,1.03,0.788,5739
Kepler-215 e,tr,2014,Kepler,68.161,0,0.314,1.75,0.234,,0,1.03,0.788,5739
Kepler-216 b,tr,2014,Kepler,7.69364,0,0.079,2.35,0.196,,0,1.26,1.13,6091
Kepler-216 c,tr,2014,Kepler,17.4067,0,0.136,3.04,0.194,,0,1.26,1.13,6091
Kepler-217 b,tr,2014,Kepler,5.37494,0,0.065,2.23,0.143,,0,1.8,1.34,6171
Kepler-217 c,tr,2014,Kepler,8.586,0,0.089,1.85,0.146,,0,1.8,1.34,6171
Kepler-217 d,tr,2016,Kepler,3.8869,0,0.0534,1.32,0.239,,0,1.76,1.37,6341
Kepler-218 b,tr,2014,Kepler,3.61934,0,0.046,1.48,0.081,,0,1.06,1.02,5502
Kepler-218 c,tr,2014,Kepler,44.6996,0,0.248,3.14,0.083,,0,1.06,1.02,5502
Kepler-218 d,tr,2016,Kepler,124.524,0,0.4988,2.66,0.086,,0,1.02,1.01,5542
Kepler-219 b,tr,2014,Kepler,4.58551,0,0.057,2.95,0.166,,0,1.49,1.16,5786
Kepler-219 c,tr,2014,Kepler,22.7146,0,0.165,3.58,0.168,,0,1.49,1.16,5786
Kepler-219 d,tr,2014,Kepler,47.9036,0,0.272,2.81,0.171,19.1,0,1.49,1.16,5786
Kepler-22 b,tr,2011,Kepler,289.864,0,0.812,2.1,0.057,9.1,0,0.869,0.857,5596
Kepler-220 b,tr,2014,Kepler,4.15981,0,0.046,0.81,0.062,,0,0.666,0.729,4632
Kepler-220 c,tr,2014,Kepler,9.0342,0,0.076,1.57,0.057,,0,0.666,0.729,4632
Kepler-220 d,tr,2014,Kepler,28.1224,0,0.163,0.98,0.061,,0,0.666,0.729,4632
Kepler-220 e,tr,2014,Kepler,45.9027,0,0.226,1.33,0.090,,0,0.666,0.729,4632
Kepler-221 b,tr,2014,Kepler,2.79591,0,0.037,1.71,0.099,5.956,0,0.821,0.854,5243
Kepler-221 c,tr,2014,Kepler,5.69059,0,0.059,2.93,0.092,9.3,0,0.821,0.854,5243
Kepler-221 d,tr,2014,Kepler,10.0416,0,0.087,2.73,0.092,3.61,0,0.821,0.854,5243
Kepler-221 e,tr,2014,Kepler,18.3699,0,0.13,2.63,0.095,7.867,0,0.821,0.854,5243
Kepler-222 b,tr,2014,Kepler,3.93698,0,0.048,3.16,0.443,,0,0.869,0.933,5433
Kepler-222 c,tr,2014,Kepler,10.0888,0,0.091,4.64,0.446,,0,0.869,0.933,5433
Kepler-222 d,tr,2014,Kepler,28.0819,0,0.18,3.69,0.442,,0,0.869,0.933,5433
Kepler-223 b,tr,2014,Kepler,7.38449,0,0.07525,2.99,0.075,7.4,0,1.72,1.12,5803
Kepler-223 c,tr,2014,Kepler,9.84564,0,0.09117,3.44,0.073,5.1,0,1.72,1.12,5803
Kepler-223 d,tr,2014,Kepler,14.7887,0,0.1196,5.24,0.068,8,0,1.72,1.12,5803
Kepler-223 e,tr,2014,Kepler,19.7257,0,0.1448,4.6,0.074,4.8,0,1.72,1.12,5803
Kepler-224 b,tr,2014,Kepler,3.13292,0,0.038,1.39,0.065,,0,0.676,0.777,5018
Kepler-224 c,tr,2014,Kepler,5.925,0,0.058,3.12,0.083,,0,0.676,0.777,5018
Kepler-224 d,tr,2014,Kepler,11.3494,0,0.089,2.3,0.061,,0,0.676,0.777,5018
Kepler-224 e,tr,2014,Kepler,18.6436,0,0.124,1.97,0.076,,0,0.676,0.777,5018
Kepler-225 b,tr,2014,Kepler,6.73897,0,0.056,1.2,0.058,,0,0.48,0.593,3682
Kepler-225 c,tr,2014,Kepler,18.7942,0,0.111,1.84,0.054,,0,0.48,0.593,3682
Kepler-226 b,tr,2014,Kepler,3.941,0,0.047,1.55,0.400,24,0,0.802,0.904,5571
Kepler-226 c,tr,2014,Kepler,5.34955,0,0.058,2.27,0.396,45.2,0,0.802,0.904,5571
Kepler-226 d,tr,2014,Kepler,8.10904,0,0.076,1.22,0.402,,0,0.802,0.904,5571
Kepler-227 b,tr,2014,Kepler,9.48802,0,0.09,3.11,0.505,,0,1.09,0.954,5854
Kepler-227 c,tr,2014,Kepler,54.4187,0,0.29,3.04,0.503,,0,1.09,0.954,5854
Kepler-228 b,tr,2014,Kepler,2.56655,0,0.038,1.53,0.464,,0,1.01,1.01,6043
Kepler-228 c,tr,2014,Kepler,4.13444,0,0.052,2.7,0.459,,0,1.01,1.01,6043
Kepler-228 d,tr,2014,Kepler,11.0943,0,0.101,4.04,0.458,,0,1.01,1.01,6043
Kepler-229 b,tr,2014,Kepler,6.25297,0,0.062,2.2,0.355,,0,0.728,0.808,5120
Kepler-229 c,tr,2014,Kepler,16.0686,0,0.117,4.92,0.354,,0,0.728,0.808,5120
Kepler-229 d,tr,2014,Kepler,41.1949,0,0.22,3.85,0.358,,0,0.728,0.808,5120
Kepler-23 b,tr,2011,Kepler,7.1,0,0.07212,1.638,0.029,2.56,0,1.55,1.08,5828
Kepler-23 c,tr,2011,Kepler,10.74,0,0.09501,3.005,0.025,7.81,0,1.55,1.08,5828
Kepler-23 d,tr,2014,Kepler,15.27,0,0.1201,2.206,0.026,4.44,0,1.55,1.08,5828
Kepler-230 b,tr,2014,Kepler,32.6256,0,0.191,4.26,0.509,,0,0.817,0.784,5588
Kepler-230 c,tr,2014,Kepler,91.7732,0,0.38,2.04,0.510,,0,0.817,0.784,5588
Kepler-231 b,tr,2014,Kepler,10.0653,0,0.074,1.73,0.069,35.4,0,0.49,0.58,3767
Kepler-231 c,tr,2014,Kepler,19.2716,0,0.114,1.93,0.098,24.1,0,0.49,0.58,3767
Kepler-232 b,tr,2014,Kepler,4.43122,0,0.054,3.08,0.477,,0,0.968,0.97,5847
Kepler-232 c,tr,2014,Kepler,11.3793,0,0.101,3.83,0.486,,0,0.968,0.97,5847
Kepler-233 b,tr,2014,Kepler,8.47238,0,0.077,2.43,0.272,,0,0.758,0.855,5360
Kepler-233 c,tr,2014,Kepler,60.419,0,0.287,2.71,0.288,,0,0.758,0.855,5360
Kepler-234 b,tr,2014,Kepler,2.71151,0,0.04,3.7,0.449,,0,1.11,1.13,6224
Kepler-234 c,tr,2014,Kepler,7.21205,0,0.077,3.51,0.444,,0,1.11,1.13,6224
Kepler-235 b,tr,2014,Kepler,3.34022,0,0.037,2.23,0.045,,0,0.554,0.581,4255
Kepler-235 c,tr,2014,Kepler,7.8249,0,0.065,1.28,0.062,,0,0.554,0.581,4255
Kepler-235 d,tr,2014,Kepler,20.0605,0,0.122,2.05,0.049,,0,0.554,0.581,4255
Kepler-235 e,tr,2014,Kepler,46.1837,0,0.213,2.22,0.131,,0,0.554,0.581,4255
Kepler-236 b,tr,2014,Kepler,8.29561,0,0.065,1.57,0.076,,0,0.51,0.596,3750
Kepler-236 c,tr,2014,Kepler,23.9681,0,0.132,2,0.085,,0,0.51,0.596,3750
Kepler-237 b,tr,2014,Kepler,4.71511,0,0.05,1.41,0.532,,0,0.725,0.696,4861
Kepler-237 c,tr,2014,Kepler,8.10364,0,0.071,2.08,0.529,,0,0.725,0.696,4861
Kepler-238 b,tr,2014,Kepler,2.09088,0,0.034,1.73,0.231,3305,0,1.43,1.23,5751
Kepler-238 c,tr,2014,Kepler,6.15556,0,0.069,2.39,0.188,152.5,0,1.43,1.23,5751
Kepler-238 d,tr,2014,Kepler,13.2335,0,0.115,3.07,0.186,23.1,0,1.43,1.23,5751
Kepler-238 e,tr,2013,Kepler,23.654,0,0.1729,5.6,0.253,169.7,0,0.96,1.06,5800
Kepler-238 f,tr,2013,Kepler,50.447,0,0.2863,2,0.255,13.5,0,0.96,1.06,5800
Kepler-239 b,tr,2014,Kepler,11.7631,0,0.095,2.33,0.064,,0,0.763,0.757,4914
Kepler-239 c,tr,2014,Kepler,56.2281,0,0.268,2.51,0.167,,0,0.763,0.757,4914
Kepler-24 b,tr,2011,Kepler,8.14,0,0.08045,2.348,0.039,11.14,0,1.1,1.06,6028
Kepler-24 c,tr,2011,Kepler,12.33,0,0.1061,2.514,0.039,9.99,0,1.1,1.06,6028
Kepler-24 d,tr,2014,Kepler,4.24438,0,0.051,1.67,0.234,294,0,1.29,1.05,5897
Kepler-24 e,tr,2014,Kepler,18.9984,0,0.138,2.78,0.230,26.21,0,1.29,1.05,5897
Kepler-240 b,tr,2014,Kepler,4.1445,0,0.048,1.37,0.409,,0,0.739,0.868,4985
Kepler-240 c,tr,2014,Kepler,7.95353,0,0.074,2.2,0.405,102.3,0,0.739,0.868,4985
Kepler-241 b,tr,2014,Kepler,12.7181,0,0.094,2.33,0.442,,0,0.668,0.671,4699
Kepler-241 c,tr,2014,Kepler,36.066,0,0.189,2.57,0.432,,0,0.668,0.671,4699
Kepler-242 b,tr,2014,Kepler,8.20395,0,0.075,2.61,0.613,,0,0.85,0.748,5020
Kepler-242 c,tr,2014,Kepler,14.4965,0,0.109,2,0.615,,0,0.85,0.748,5020
Kepler-243 b,tr,2014,Kepler,5.71544,0,0.062,2.45,0.473,,0,0.842,0.904,5228
Kepler-243 c,tr,2014,Kepler,20.0262,0,0.142,1.99,0.487,,0,0.842,0.904,5228
Kepler-244 b,tr,2014,Kepler,4.31179,0,0.05,2.76,0.420,,0,0.803,0.933,5554
Kepler-244 c,tr,2014,Kepler,9.76729,0,0.087,2.05,0.424,,0,0.803,0.933,5554
Kepler-244 d,tr,2014,Kepler,20.0504,0,0.14,2.31,0.420,15.2,0,0.803,0.933,5554
Kepler-245 b,tr,2014,Kepler,7.49019,0,0.071,2.57,0.070,146.8,0,0.795,0.856,5100
Kepler-245 c,tr,2014,Kepler,17.4608,0,0.124,2.18,0.078,26.7,0,0.795,0.856,5100
Kepler-245 d,tr,2014,Kepler,36.2771,0,0.202,3.03,0.069,21.6,0,0.795,0.856,5100
Kepler-245 e,tr,2016,Kepler,3.21982,0,0.04053,1.75,0.040,1806,0,0.8,0.86,5174
Kepler-246 b,tr,2014,Kepler,4.60182,0,0.052,2.34,0.513,,0,0.831,0.853,5206
Kepler-246 c,tr,2014,Kepler,11.1872,0,0.095,1.5,0.507,,0,0.831,0.853,5206
Kepler-247 b,tr,2014,Kepler,3.33616,0,0.042,1.64,0.280,,0,0.768,0.887,5100
Kepler-247 c,tr,2014,Kepler,9.43945,0,0.084,4.09,0.279,,0,0.768,0.887,5100
Kepler-247 d,tr,2014,Kepler,20.4737,0,0.1408,4.5,0.114,50,0,0.791,0.884,5094
Kepler-248 b,tr,2014,Kepler,6.30821,0,0.066,3.02,0.119,,0,0.831,0.838,5190
Kepler-248 c,tr,2014,Kepler,16.2395,0,0.123,4.07,0.120,,0,0.831,0.838,5190
Kepler-249 b,tr,2014,Kepler,3.30654,0,0.035,1.09,0.046,,0,0.482,0.51,3568
Kepler-249 c,tr,2014,Kepler,7.1137,0,0.058,1.51,0.060,,0,0.482,0.51,3568
Kepler-249 d,tr,2014,Kepler,15.3685,0,0.097,1.57,0.089,,0,0.482,0.51,3568
Kepler-25 b,tr,2011,Kepler,6.2383,0,0.0695,2.748,0.013,8.7,0,1.32,1.17,6354
Kepler-25 c,tr,2011,Kepler,12.7207,0,0.1117,5.217,0.013,15.2,0,1.32,1.17,6354
Kepler-25 d,rv,2014,other,122.4,0,0.4164,,,71.9,0,1.32,1.17,6354
Kepler-250 b,tr,2014,Kepler,4.14814,0,0.048,1.13,0.602,,0,0.805,0.806,5160
Kepler-250 c,tr,2014,Kepler,7.1568,0,0.069,2.28,0.575,,0,0.805,0.806,5160
Kepler-250 d,tr,2014,Kepler,17.6483,0,0.127,2.18,0.573,,0,0.805,0.806,5160
Kepler-251 b,tr,2014,Kepler,4.79094,0,0.053,1.33,0.180,,0,0.89,0.891,5526
Kepler-251 c,tr,2014,Kepler,16.514,0,0.122,2.77,0.177,,0,0.89,0.891,5526
Kepler-251 d,tr,2014,Kepler,30.133,0,0.182,2.77,0.177,,0,0.89,0.891,5526
Kepler-251 e,tr,2014,Kepler,99.6402,0,0.404,2.77,0.177,,0,0.89,0.891,5526
Kepler-252 b,tr,2014,Kepler,6.66839,0,0.058,1.23,0.098,,0,0.549,0.61,4208
Kepler-252 c,tr,2014,Kepler,10.8485,0,0.08,2.15,0.060,,0,0.549,0.61,4208
Kepler-253 b,tr,2014,Kepler,3.78399,0,0.046,1.63,0.411,,0,0.786,0.86,5208
Kepler-253 c,tr,2014,Kepler,10.282,0,0.089,2.65,0.419,,0,0.786,0.86,5208
Kepler-253 d,tr,2014,Kepler,18.1199,0,0.13,3.17,0.410,,0,0.786,0.86,5208
Kepler-254 b,tr,2014,Kepler,5.82666,0,0.064,3.87,0.478,,0,0.91,0.849,5957
Kepler-254 c,tr,2014,Kepler,12.4122,0,0.105,2.15,0.479,3.2,0,0.91,0.849,5957
Kepler-254 d,tr,2014,Kepler,18.7465,0,0.139,2.5,0.476,,0,0.91,0.849,5957
Kepler-255 b,tr,2014,Kepler,5.71461,0,0.063,1.55,0.400,,0,0.933,0.867,5573
Kepler-255 c,tr,2014,Kepler,9.94605,0,0.092,2.99,0.395,,0,0.933,0.867,5573
Kepler-255 d,tr,2016,Kepler,1.04562,0,0.0192,1.32,0.091,,0,0.86,0.9,5431
Kepler-256 b,tr,2014,Kepler,1.62049,0,0.027,1.59,0.245,,0,1.3,1.04,5551
Kepler-256 c,tr,2014,Kepler,3.38802,0,0.045,2.15,0.247,,0,1.3,1.04,5551
Kepler-256 d,tr,2014,Kepler,5.83917,0,0.064,2.48,0.254,,0,1.3,1.04,5551
Kepler-256 e,tr,2014,Kepler,10.6816,0,0.096,2.35,0.247,,0,1.3,1.04,5551
Kepler-257 b,tr,2014,Kepler,2.38267,0,0.034,2.61,0.502,,0,1.04,0.916,5180
Kepler-257 c,tr,2014,Kepler,6.58148,0,0.066,5.41,0.503,,0,1.04,0.916,5180
Kepler-257 d,tr,2014,Kepler,24.6646,0,0.16,4.95,0.501,,0,1.04,0.916,5180
Kepler-258 b,tr,2014,Kepler,13.1972,0,0.103,4.06,0.667,,0,0.915,0.82,4942
Kepler-258 c,tr,2014,Kepler,33.6531,0,0.193,3.61,0.673,,0,0.915,0.82,4942
Kepler-259 b,tr,2014,Kepler,8.11532,0,0.079,2.8,0.489,,0,0.898,0.867,5938
Kepler-259 c,tr,2014,Kepler,36.9249,0,0.217,2.7,0.485,,0,0.898,0.867,5938
Kepler-26 b,tr,2011,Kepler,12.28,0,0.08551,2.78,0.040,5.12,0,0.512,0.544,3914
Kepler-26 c,tr,2011,Kepler,17.2559,0,0.1072,2.72,0.044,6.2,0,0.512,0.544,3914
Kepler-26 d,tr,2014,Kepler,3.54392,0,0.039,1.07,0.056,,0,0.571,0.593,4486
Kepler-26 e,tr,2014,Kepler,46.8279,0,0.22,2.41,0.062,,0,0.571,0.593,4486
Kepler-260 b,tr,2014,Kepler,8.1874,0,0.075,2.01,0.274,,0,0.862,1.01,5250
Kepler-260 c,tr,2014,Kepler,76.0502,0,0.332,1.74,0.310,,0,0.862,1.01,5250
Kepler-261 b,tr,2014,Kepler,10.3812,0,0.088,2.18,0.064,,0,0.794,0.834,5098
Kepler-261 c,tr,2014,Kepler,24.5709,0,0.156,2,0.070,,0,0.794,0.834,5098
Kepler-262 b,tr,2014,Kepler,13.0609,0,0.108,1.36,0.434,,0,0.881,0.816,5841
Kepler-262 c,tr,2014,Kepler,21.8537,0,0.152,1.64,0.415,,0,0.881,0.816,5841
Kepler-263 b,tr,2014,Kepler,16.5681,0,0.12,2.67,0.543,,0,0.785,0.793,5265
Kepler-263 c,tr,2014,Kepler,47.3328,0,0.242,2.47,0.547,,0,0.785,0.793,5265
Kepler-264 b,tr,2014,Kepler,40.8062,0,0.249,3.33,0.222,,0,1.55,1.43,6158
Kepler-264 c,tr,2014,Kepler,140.101,0,0.566,2.83,0.205,,0,1.55,1.43,6158
Kepler-265 b,tr,2014,Kepler,6.84626,0,0.069,1.86,0.242,,0,1.1,0.97,5835
Kepler-265 c,tr,2014,Kepler,17.0289,0,0.127,2.63,0.209,,0,1.1,0.97,5835
Kepler-265 d,tr,2014,Kepler,43.1306,0,0.236,2.49,0.217,,0,1.1,0.97,5835
Kepler-265 e,tr,2014,Kepler,67.831,0,0.319,2.59,0.212,,0,1.1,0.97,5835
Kepler-266 b,tr,2014,Kepler,6.61833,0,0.071,2.48,0.484,,0,1.03,0.947,5885
Kepler-266 c,tr,2014,Kepler,107.724,0,0.457,3.89,0.486,,0,1.03,0.947,5885
Kepler-267 b,tr,2014,Kepler,3.35373,0,0.037,1.98,0.045,37.9,0,0.555,0.542,4258
Kepler-267 c,tr,2014,Kepler,6.87745,0,0.06,2.13,0.052,,0,0.555,0.542,4258
Kepler-267 d,tr,2014,Kepler,28.4645,0,0.154,2.27,0.053,,0,0.555,0.542,4258
Kepler-268 b,tr,2014,Kepler,25.9341,0,0.18,2.55,0.184,,0,1.27,1.11,6081
Kepler-268 c,tr,2014,Kepler,83.4464,0,0.391,3.38,0.204,,0,1.27,1.11,6081
Kepler-269 b,tr,2014,Kepler,5.32672,0,0.061,2.47,0.466,,0,0.959,0.92,5847
Kepler-269 c,tr,2014,Kepler,8.1279,0,0.081,1.69,0.473,,0,0.959,0.92,5847
Kepler-27 b,tr,2011,Kepler,15.3348,0,0.118,4,,2895,0,0.59,0.65,5400
Kepler-27 c,tr,2011,Kepler,31.3309,0,0.191,4.9,,4386,0,0.59,0.65,5400
Kepler-27 d,tr,2021,Kepler,6.54629,0,0.06578,2.706,,,0,0.817,0.926,5251
Kepler-270 b,tr,2014,Kepler,11.4761,0,0.107,2.01,0.199,,0,1.46,1.17,6067
Kepler-270 c,tr,2014,Kepler,25.2629,0,0.18,1.77,0.209,,0,1.46,1.17,6067
Kepler-271 b,tr,2014,Kepler,10.4355,0,0.08784,1.23,0.061,,0,0.87,0.9,5555
Kepler-271 c,tr,2014,Kepler,7.41086,0,0.06993,0.95,0.063,,0,0.87,0.9,5555
Kepler-271 d,tr,2016,Kepler,5.24973,0,0.05554,0.66,0.076,,0,0.87,0.9,5555
Kepler-272 b,tr,2014,Kepler,2.97135,0,0.038,1.43,0.538,78,0,0.929,0.91,5297
Kepler-272 c,tr,2014,Kepler,6.05734,0,0.061,1.79,0.536,97.8,0,0.929,0.91,5297
Kepler-272 d,tr,2014,Kepler,10.9373,0,0.091,2.25,0.542,,0,0.929,0.91,5297
Kepler-273 b,tr,2014,Kepler,2.93653,0,0.037,1.5,0.573,,0,0.815,0.756,5626
Kepler-273 c,tr,2014,Kepler,8.01493,0,0.073,1.98,0.581,,0,0.815,0.756,5626
Kepler-274 b,tr,2014,Kepler,11.6348,0,0.101,1.54,0.545,,0,1.01,0.883,6023
Kepler-274 c,tr,2014,Kepler,33.1979,0,0.204,1.84,0.543,,0,1.01,0.883,6023
Kepler-275 b,tr,2014,Kepler,10.3007,0,0.098,2.34,0.192,,0,1.38,1.19,6165
Kepler-275 c,tr,2014,Kepler,16.0881,0,0.132,3.38,0.189,,0,1.38,1.19,6165
Kepler-275 d,tr,2014,Kepler,35.6761,0,0.224,3.33,0.222,,0,1.38,1.19,6165
Kepler-276 b,tr,2014,Kepler,14.1284,0,0.119,2.87,0.470,731.2,0,1.05,0.845,6105
Kepler-276 c,tr,2013,Kepler,31.884,0,0.1862,2.9,0.267,16.6,0,1.03,1.1,5693
Kepler-276 d,tr,2013,Kepler,48.648,0,0.2467,2.8,0.268,16.3,0,1.03,1.1,5693
Kepler-277 b,tr,2013,Kepler,17.324,0,0.1417,2.92,0.233,87.3,0,1.69,1.12,5946
Kepler-277 c,tr,2013,Kepler,33.006,0,0.2178,3.36,0.231,64.2,0,1.69,1.12,5946
Kepler-278 b,tr,2014,Kepler,30.1556,0,0.202,3.955,0.020,56,0,2.86,1.23,4965
Kepler-278 c,tr,2014,Kepler,51.111,0,0.287,3.268,0.021,34.9,0,2.86,1.23,4965
Kepler-279 b,tr,2014,Kepler,12.3097,0,0.112,3.62,0.196,4181,0,1.75,1.2,6363
Kepler-279 c,tr,2013,Kepler,35.736,0,0.2236,4.3,0.248,49.4,0,1.07,1.1,6689
Kepler-279 d,tr,2013,Kepler,54.414,0,0.2901,3.1,0.248,37.5,0,1.07,1.1,6689
Kepler-279 e,tr,2025,Kepler,98.3531,0,0.439,4.13,0.195,56,0,1.43,1.16,6689
Kepler-28 b,tr,2011,Kepler,5.91,0,0.05687,1.959,0.022,1.63,0,0.664,0.684,4499
Kepler-28 c,tr,2011,Kepler,8.99,0,0.07519,1.857,0.023,2.06,0,0.664,0.684,4499
Kepler-280 b,tr,2014,Kepler,2.13954,0,0.032,1.45,0.483,,0,0.886,0.962,5744
Kepler-280 c,tr,2014,Kepler,4.80709,0,0.056,2.01,0.483,,0,0.886,0.962,5744
Kepler-281 b,tr,2014,Kepler,14.646,0,0.117,2.82,0.397,324,0,0.899,0.95,5723
Kepler-281 c,tr,2014,Kepler,36.3374,0,0.215,5.31,0.388,161.1,0,0.899,0.95,5723
Kepler-281 d,tr,2021,Kepler,148.272,0,0.5456,5.937,,654,0,0.884,0.984,5717
Kepler-282 b,tr,2014,Kepler,9.22052,0,0.082,1.01,0.248,,0,0.904,0.86,5602
Kepler-282 c,tr,2014,Kepler,13.6387,0,0.106,1.2,0.242,,0,0.904,0.86,5602
Kepler-282 d,tr,2013,Kepler,24.806,0,0.1584,2.46,0.244,61,0,0.89,0.97,5656
Kepler-282 e,tr,2013,Kepler,44.347,0,0.2333,3.1,0.244,56.2,0,0.89,0.97,5656
Kepler-283 b,tr,2014,Kepler,11.0082,0,0.082,2.13,0.122,,0,0.566,0.596,4351
Kepler-283 c,tr,2014,Kepler,92.7437,0,0.341,1.82,0.066,,0,0.566,0.596,4351
Kepler-284 b,tr,2014,Kepler,12.6991,0,0.104,2.24,0.437,,0,0.814,0.766,5615
Kepler-284 c,tr,2014,Kepler,37.5145,0,0.213,2.61,0.452,,0,0.814,0.766,5615
Kepler-285 b,tr,2014,Kepler,2.63387,0,0.036,1.34,0.433,,0,0.808,0.915,5411
Kepler-285 c,tr,2014,Kepler,6.18668,0,0.064,1.12,0.437,,0,0.808,0.915,5411
Kepler-286 b,tr,2014,Kepler,1.7963,0,0.027,1.24,0.202,,0,0.863,0.83,5580
Kepler-286 c,tr,2014,Kepler,3.46809,0,0.042,1.37,0.197,,0,0.863,0.83,5580
Kepler-286 d,tr,2014,Kepler,5.91432,0,0.061,1.33,0.203,,0,0.863,0.83,5580
Kepler-286 e,tr,2014,Kepler,29.2213,0,0.176,1.77,0.243,,0,0.863,0.83,5580
Kepler-287 b,tr,2014,Kepler,20.3422,0,0.145,2.33,0.455,83,0,1.03,0.963,5806
Kepler-287 c,tr,2014,Kepler,44.8519,0,0.246,3.26,0.457,66,0,1.03,0.963,5806
Kepler-288 b,tr,2014,Kepler,6.09733,0,0.065,1.67,0.479,,0,1.09,0.842,5918
Kepler-288 c,tr,2014,Kepler,19.3058,0,0.14,2.85,0.477,,0,1.09,0.842,5918
Kepler-288 d,tr,2014,Kepler,56.6337,0,0.287,2.67,0.476,,0,1.09,0.842,5918
Kepler-289 b,tr,2014,Kepler,34.5383,0,0.2118,2.49,0.028,3.7,0,1,1.08,5990
Kepler-289 c,tr,2014,Kepler,125.872,0,0.5016,11.23,0.019,157.2,0,1,1.08,5990
Kepler-289 d,tr,2014,Kepler,66.0282,0,0.33,3.03,0.026,5.33,0,1,1.08,5990
Kepler-289 e,tr,2025,Kepler,330.072,0,0.9342,2.94,0.143,17.4,0,0.985,1.06,5990
Kepler-29 b,tr,2011,Kepler,10.3397,0,0.08482,2.55,0.047,5,0,0.732,0.761,5378
Kepler-29 c,tr,2011,Kepler,13.2861,0,0.1003,2.34,0.049,4.5,0,0.732,0.761,5378
Kepler-290 b,tr,2014,Kepler,14.5893,0,0.11,2.25,0.542,,0,0.743,0.756,5147
Kepler-290 c,tr,2014,Kepler,36.7703,0,0.205,2.7,0.515,,0,0.743,0.756,5147
Kepler-290 d,tr,2023,Kepler,0.764018,0,0.0154,0.86,0.110,,0,0.755,0.84,5142
Kepler-291 b,tr,2014,Kepler,3.54651,0,0.047,2.16,0.435,,0,1.02,1.02,6002
Kepler-291 c,tr,2014,Kepler,5.70079,0,0.065,1.88,0.436,,0,1.02,1.02,6002
Kepler-292 b,tr,2014,Kepler,2.58083,0,0.035,1.32,0.106,,0,0.826,0.865,5299
Kepler-292 c,tr,2014,Kepler,3.71534,0,0.045,1.47,0.102,,0,0.826,0.865,5299
Kepler-292 d,tr,2014,Kepler,7.05568,0,0.068,2.23,0.094,,0,0.826,0.865,5299
Kepler-292 e,tr,2014,Kepler,11.979,0,0.097,2.67,0.131,,0,0.826,0.865,5299
Kepler-292 f,tr,2014,Kepler,20.8342,0,0.141,2.35,0.094,,0,0.826,0.865,5299
Kepler-293 b,tr,2014,Kepler,19.2542,0,0.144,3.07,0.423,,0,0.957,0.934,5804
Kepler-293 c,tr,2014,Kepler,54.1557,0,0.286,3.83,0.426,,0,0.957,0.934,5804
Kepler-294 b,tr,2014,Kepler,3.70121,0,0.048,1.77,0.469,,0,0.976,0.947,5913
Kepler-294 c,tr,2014,Kepler,6.6264,0,0.071,2.71,0.469,,0,0.976,0.947,5913
Kepler-295 b,tr,2014,Kepler,12.6452,0,0.099,1.22,0.525,,0,0.898,0.89,5603
Kepler-295 c,tr,2014,Kepler,21.5263,0,0.142,1.17,0.530,,0,0.898,0.89,5603
Kepler-295 d,tr,2014,Kepler,33.8841,0,0.192,1.36,0.529,,0,0.898,0.89,5603
Kepler-296 b,tr,2014,Kepler,10.8644,0,0.079,1.61,0.174,,0,0.48,0.498,3740
Kepler-296 c,tr,2014,Kepler,5.84164,0,0.0521,2,0.163,,0,0.48,0.498,3740
Kepler-296 d,tr,2014,Kepler,19.8503,0,0.118,2.09,0.156,,0,0.48,0.498,3740
Kepler-296 e,tr,2014,Kepler,34.1421,0,0.169,1.53,0.170,,0,0.48,0.498,3740
Kepler-296 f,tr,2014,Kepler,63.3363,0,0.255,1.8,0.169,,0,0.48,0.498,3740
Kepler-297 b,tr,2014,Kepler,38.8718,0,0.217,2.87,0.181,48.5,0,0.915,0.927,5619
Kepler-297 c,tr,2014,Kepler,74.9201,0,0.336,6.54,0.180,42.1,0,0.915,0.927,5619
Kepler-297 d,tr,2023,Kepler,150.019,0,0.523,32.6,0.100,,0,0.897,0.846,5618
Kepler-298 b,tr,2014,Kepler,10.4755,0,0.08,1.96,0.051,,0,0.582,0.66,4465
Kepler-298 c,tr,2014,Kepler,22.9288,0,0.136,1.93,0.114,,0,0.582,0.66,4465
Kepler-298 d,tr,2014,Kepler,77.4736,0,0.305,2.5,0.080,,0,0.582,0.66,4465
Kepler-299 b,tr,2014,Kepler,2.92713,0,0.04,1.32,0.205,,0,1.03,1,5617
Kepler-299 c,tr,2014,Kepler,6.88588,0,0.07,2.65,0.238,,0,1.03,1,5617
Kepler-299 d,tr,2014,Kepler,15.0548,0,0.118,1.86,0.204,,0,1.03,1,5617
Kepler-299 e,tr,2014,Kepler,38.2855,0,0.22,1.87,0.209,,0,1.03,1,5617
Kepler-30 b,tr,2012,Kepler,29.3343,0,0.18,3.9,0.051,11.3,0,0.95,0.99,5498
Kepler-30 c,tr,2012,Kepler,60.3231,0,0.3,12.3,0.033,640,0,0.95,0.99,5498
Kepler-30 d,tr,2012,Kepler,143.344,0,0.5,8.8,0.057,23.1,0,0.95,0.99,5498
Kepler-300 b,tr,2014,Kepler,10.4463,0,0.094,1.67,0.455,,0,0.9,1.07,5986
Kepler-300 c,tr,2014,Kepler,40.715,0,0.232,2.25,0.462,,0,0.9,1.07,5986
Kepler-301 b,tr,2014,Kepler,2.50855,0,0.036,1.35,0.533,,0,0.9,1.02,5815
Kepler-301 c,tr,2014,Kepler,5.41903,0,0.06,1.35,0.533,,0,0.9,1.02,5815
Kepler-301 d,tr,2014,Kepler,13.7512,0,0.112,1.75,0.537,,0,0.9,1.02,5815
Kepler-302 b,tr,2014,Kepler,30.1841,0,0.193,4.06,0.209,,0,1.22,1.02,5740
Kepler-302 c,tr,2014,Kepler,127.282,0,0.503,12.45,0.204,,0,1.22,1.02,5740
Kepler-303 b,tr,2014,Kepler,1.93705,0,0.024,0.89,0.056,,0,0.485,0.575,3944
Kepler-303 c,tr,2014,Kepler,7.06115,0,0.057,1.14,0.079,,0,0.485,0.575,3944
Kepler-304 b,tr,2014,Kepler,3.29571,0,0.039,2.86,0.073,,0,0.687,0.737,4731
Kepler-304 c,tr,2014,Kepler,5.31595,0,0.054,2.17,0.069,,0,0.687,0.737,4731
Kepler-304 d,tr,2014,Kepler,9.65347,0,0.08,2.75,0.076,,0,0.687,0.737,4731
Kepler-304 e,tr,2016,Kepler,1.49915,0,0.02317,1.2,0.037,,0,0.73,0.8,4817
Kepler-305 b,tr,2013,Kepler,5.487,0,0.05746,3.6,0.175,10.5,0,0.8,0.76,5080
Kepler-305 c,tr,2013,Kepler,8.291,0,0.07568,3.3,0.174,6,0,0.8,0.76,5080
Kepler-305 d,tr,2014,Kepler,16.74,0,0.1209,2.76,0.043,6.2,0,0.792,0.827,5090
Kepler-305 e,tr,2020,Kepler,3.20538,0,0.04017,1.794,,,0,0.827,0.82,4974
Kepler-306 b,tr,2014,Kepler,4.64619,0,0.05,1.52,0.066,,0,0.719,0.75,4954
Kepler-306 c,tr,2014,Kepler,7.24019,0,0.067,2.35,0.081,,0,0.719,0.75,4954
Kepler-306 d,tr,2014,Kepler,17.3266,0,0.12,2.47,0.097,,0,0.719,0.75,4954
Kepler-306 e,tr,2014,Kepler,44.841,0,0.227,2.27,0.066,,0,0.719,0.75,4954
Kepler-307 b,tr,2013,Kepler,10.4208,0,0.09359,2.43,0.037,7.44,0,0.814,0.907,5367
Kepler-307 c,tr,2013,Kepler,13.0729,0,0.109,2.2,0.032,3.64,0,0.814,0.907,5367
Kepler-308 b,tr,2014,Kepler,9.69493,0,0.09,2.12,0.481,,0,0.941,0.92,5895
Kepler-308 c,tr,2014,Kepler,15.3823,0,0.123,2.16,0.481,,0,0.941,0.92,5895
Kepler-309 b,tr,2014,Kepler,5.92365,0,0.059,1.56,0.090,,0,0.721,0.816,4713
Kepler-309 c,tr,2014,Kepler,105.356,0,0.401,2.51,0.072,,0,0.721,0.816,4713
Kepler-31 b,tr,2011,Kepler,20.8613,0,0.16,5.5,0.200,36.74,0,1.22,1.21,6340
Kepler-31 c,tr,2011,Kepler,42.6318,0,0.26,5.3,0.208,1494,0,1.22,1.21,6340
Kepler-31 d,tr,2014,Kepler,87.6451,0,0.4,3.9,0.205,2161,0,1.22,1.21,6340
Kepler-310 b,tr,2014,Kepler,13.9307,0,0.111,1.19,0.471,,0,0.876,0.854,5797
Kepler-310 c,tr,2014,Kepler,56.4754,0,0.281,3.38,0.467,,0,0.876,0.854,5797
Kepler-310 d,tr,2014,Kepler,92.8761,0,0.392,2.47,0.466,7,0,0.876,0.854,5797
Kepler-311 b,tr,2014,Kepler,9.17609,0,0.087,1.7,0.194,,0,1.19,0.994,5905
Kepler-311 c,tr,2014,Kepler,19.7383,0,0.145,1.43,0.196,,0,1.19,0.994,5905
Kepler-311 d,tr,2023,Kepler,232.04,0,0.7326,2.05,0.151,,0,1.16,0.974,5903
Kepler-312 b,tr,2014,Kepler,1.77242,0,0.031,1.29,0.194,,0,1.47,1.31,6115
Kepler-312 c,tr,2014,Kepler,19.7474,0,0.153,3.15,0.194,,0,1.47,1.31,6115
Kepler-313 b,tr,2014,Kepler,14.9704,0,0.125,2.53,0.123,,0,1.54,1.11,5727
Kepler-313 c,tr,2014,Kepler,32.2733,0,0.208,2.57,0.163,,0,1.54,1.11,5727
Kepler-314 b,tr,2014,Kepler,2.46107,0,0.035,0.83,0.145,,0,0.95,0.99,5378
Kepler-314 c,tr,2014,Kepler,5.96039,0,0.064,2.9,0.148,,0,0.95,0.99,5378
Kepler-315 b,tr,2014,Kepler,96.1011,0,0.402,3.77,0.207,,0,1.04,0.831,5796
Kepler-315 c,tr,2014,Kepler,265.469,0,0.791,4.15,0.231,,0,1.04,0.831,5796
Kepler-316 b,tr,2014,Kepler,2.24051,0,0.027,1.06,0.104,,0,0.52,0.587,4204
Kepler-316 c,tr,2014,Kepler,6.82777,0,0.058,1.16,0.103,,0,0.52,0.587,4204
Kepler-317 b,tr,2014,Kepler,5.52424,0,0.061,2.09,0.459,109.8,0,0.941,0.865,5497
Kepler-317 c,tr,2014,Kepler,8.77501,0,0.083,1.72,0.459,,0,0.941,0.865,5497
Kepler-318 b,tr,2014,Kepler,4.66272,0,0.056,4.71,0.176,,0,1.19,1.07,5746
Kepler-318 c,tr,2014,Kepler,11.815,0,0.105,3.68,0.177,,0,1.19,1.07,5746
Kepler-319 b,tr,2014,Kepler,4.36271,0,0.051,1.63,0.141,,0,0.903,0.933,5526
Kepler-319 c,tr,2014,Kepler,6.94136,0,0.069,2.63,0.141,,0,0.903,0.933,5526
Kepler-319 d,tr,2014,Kepler,31.7819,0,0.191,2.29,0.153,,0,0.903,0.933,5526
Kepler-32 b,tr,2011,Kepler,5.90124,0,0.05,2.2,0.091,1303,0,0.53,0.58,3900
Kepler-32 c,tr,2011,Kepler,8.7522,0,0.09,2,0.100,158.9,0,0.53,0.58,3900
Kepler-32 d,tr,2012,Kepler,22.7802,0,0.13,2.7,0.074,39.91,0,0.53,0.58,3900
Kepler-32 e,tr,2012,Kepler,2.896,0,0.033,1.5,0.067,4.082,0,0.53,0.58,3900
Kepler-32 f,tr,2012,Kepler,0.74296,0,0.013,0.82,0.085,1862,0,0.53,0.58,3900
Kepler-320 b,tr,2014,Kepler,8.37155,0,0.085,1.14,0.474,,0,1.11,1.07,6435
Kepler-320 c,tr,2014,Kepler,17.9349,0,0.142,1.37,0.467,,0,1.11,1.07,6435
Kepler-321 b,tr,2014,Kepler,4.91538,0,0.057,1.77,0.192,,0,1.19,1.02,5740
Kepler-321 c,tr,2014,Kepler,13.0939,0,0.11,2.32,0.194,,0,1.19,1.02,5740
Kepler-322 b,tr,2014,Kepler,1.65389,0,0.027,1.01,0.109,,0,0.89,0.908,5388
Kepler-322 c,tr,2014,Kepler,4.33723,0,0.051,1.67,0.108,,0,0.89,0.908,5388
Kepler-323 b,tr,2014,Kepler,1.67833,0,0.02778,1.381,0.025,3.9,0,1.12,1.01,6004
Kepler-323 c,tr,2014,Kepler,3.55382,0,0.0458,1.57,0.025,6.8,0,1.12,1.01,6004
Kepler-324 b,tr,2014,Kepler,4.38532,0,0.05,1.14,0.096,2414,0,0.84,0.901,5194
Kepler-324 c,tr,2014,Kepler,51.8056,0,0.26,3.15,0.105,6.2,0,0.84,0.901,5194
Kepler-324 e,tr,2021,Kepler,13.9794,0,0.1097,2.039,,235,0,0.826,0.844,5191
Kepler-325 b,tr,2014,Kepler,4.54444,0,0.053,2.91,0.495,,0,1,0.914,5752
Kepler-325 c,tr,2014,Kepler,12.7622,0,0.105,2.54,0.496,,0,1,0.914,5752
Kepler-325 d,tr,2014,Kepler,38.7152,0,0.22,2.79,0.498,,0,1,0.914,5752
Kepler-326 b,tr,2014,Kepler,2.24833,0,0.032,1.52,0.105,44.6,0,0.801,0.91,5105
Kepler-326 c,tr,2014,Kepler,4.58036,0,0.051,1.4,0.071,17.4,0,0.801,0.91,5105
Kepler-326 d,tr,2014,Kepler,6.76689,0,0.066,1.21,0.074,6.9,0,0.801,0.91,5105
Kepler-327 b,tr,2014,Kepler,2.54957,0,0.029,1.11,0.045,,0,0.492,0.592,3799
Kepler-327 c,tr,2014,Kepler,5.21233,0,0.047,1.03,0.049,20.3,0,0.492,0.592,3799
Kepler-327 d,tr,2014,Kepler,13.9695,0,0.09,1.73,0.058,,0,0.492,0.592,3799
Kepler-328 b,tr,2013,Kepler,34.921,0,0.2199,2.3,0.259,28.5,0,1.06,1.15,6064
Kepler-328 c,tr,2013,Kepler,71.312,0,0.354,5.4,0.257,39.4,0,1.06,1.15,6064
Kepler-329 b,tr,2014,Kepler,7.4164,0,0.061,1.4,0.179,,0,0.523,0.602,4257
Kepler-329 c,tr,2014,Kepler,18.6847,0,0.113,1.93,0.150,,0,0.523,0.602,4257
Kepler-33 b,tr,2011,Kepler,5.66793,0,0.0677,1.74,0.103,,0,1.82,1.29,5904
Kepler-33 c,tr,2011,Kepler,13.1756,0,0.1189,3.2,0.094,0.39,0,1.82,1.29,5904
Kepler-33 d,tr,2011,Kepler,21.776,0,0.1662,5.35,0.092,3.91,0,1.82,1.29,5904
Kepler-33 e,tr,2011,Kepler,31.7844,0,0.2138,4.02,0.095,5.57,0,1.82,1.29,5904
Kepler-33 f,tr,2011,Kepler,41.029,0,0.2535,4.46,0.092,9.6,0,1.82,1.29,5904
Kepler-330 b,tr,2014,Kepler,8.25978,0,0.075,1.35,0.393,,0,0.722,0.848,5117
Kepler-330 c,tr,2014,Kepler,15.9554,0,0.116,1.95,0.369,,0,0.722,0.848,5117
Kepler-331 b,tr,2014,Kepler,8.4575,0,0.065,1.82,0.104,,0,0.492,0.653,4347
Kepler-331 c,tr,2014,Kepler,17.2811,0,0.105,1.84,0.103,,0,0.492,0.653,4347
Kepler-331 d,tr,2014,Kepler,32.1343,0,0.159,1.64,0.104,,0,0.492,0.653,4347
Kepler-332 b,tr,2014,Kepler,7.62632,0,0.07,1.17,0.068,,0,0.72,0.743,4955
Kepler-332 c,tr,2014,Kepler,15.9956,0,0.114,1.09,0.073,,0,0.72,0.743,4955
Kepler-332 d,tr,2014,Kepler,34.2115,0,0.189,1.18,0.068,,0,0.72,0.743,4955
Kepler-333 b,tr,2014,Kepler,12.5512,0,0.087,1.32,0.121,28.2,0,0.534,0.601,4259
Kepler-333 c,tr,2014,Kepler,24.0882,0,0.135,1.11,0.180,,0,0.534,0.601,4259
Kepler-334 b,tr,2014,Kepler,5.47032,0,0.061,1.12,0.187,,0,1.07,1.02,5828
Kepler-334 c,tr,2014,Kepler,12.758,0,0.107,1.43,0.182,,0,1.07,1.02,5828
Kepler-334 d,tr,2014,Kepler,25.0985,0,0.168,1.41,0.184,,0,1.07,1.02,5828
Kepler-335 b,tr,2014,Kepler,6.56233,0,0.075,3.39,0.198,,0,1.85,1.37,5877
Kepler-335 c,tr,2014,Kepler,67.8445,0,0.356,3.07,0.215,,0,1.85,1.37,5877
Kepler-336 b,tr,2014,Kepler,2.02482,0,0.033,1.02,0.186,,0,1.3,1.09,5867
Kepler-336 c,tr,2014,Kepler,9.6,0,0.092,2.1,0.176,,0,1.3,1.09,5867
Kepler-336 d,tr,2014,Kepler,20.6788,0,0.154,2.37,0.203,,0,1.3,1.09,5867
Kepler-337 b,tr,2014,Kepler,3.29278,0,0.045,1.54,0.279,,0,1.76,1.08,5684
Kepler-337 c,tr,2014,Kepler,9.6932,0,0.093,2.05,0.278,,0,1.76,1.08,5684
Kepler-338 b,tr,2014,Kepler,13.727,0,0.117,2.44,0.053,30.6,0,1.74,1.1,5923
Kepler-338 c,tr,2014,Kepler,24.3109,0,0.172,2.34,0.051,,0,1.74,1.1,5923
Kepler-338 d,tr,2014,Kepler,44.431,0,0.257,3,0.093,,0,1.74,1.1,5923
Kepler-338 e,tr,2014,Kepler,9.341,0,0.08979,1.56,0.045,8.5,0,1.74,1.14,5999
Kepler-339 b,tr,2014,Kepler,4.97766,0,0.055,1.42,0.465,,0,0.802,0.87,5631
Kepler-339 c,tr,2014,Kepler,6.98806,0,0.069,1.15,0.452,7.3,0,0.802,0.87,5631
Kepler-339 d,tr,2014,Kepler,10.5583,0,0.091,1.17,0.453,14.7,0,0.802,0.87,5631
Kepler-34 b,tr,2011,Kepler,288.822,0,1.09,8.564,0.017,69.92,0,1.16,1.05,5913
Kepler-340 b,tr,2014,Kepler,14.8444,0,0.134,2.53,0.237,,0,1.85,1.65,6620
Kepler-340 c,tr,2014,Kepler,22.8247,0,0.178,3.37,0.228,,0,1.85,1.65,6620
Kepler-341 b,tr,2014,Kepler,5.19553,0,0.06,1.18,0.525,,0,1.02,0.976,6012
Kepler-341 c,tr,2014,Kepler,8.01041,0,0.08,1.7,0.506,,0,1.02,0.976,6012
Kepler-341 d,tr,2014,Kepler,27.6663,0,0.182,1.85,0.508,,0,1.02,0.976,6012
Kepler-341 e,tr,2014,Kepler,42.4733,0,0.242,1.99,0.518,,0,1.02,0.976,6012
Kepler-342 b,tr,2014,Kepler,15.1703,0,0.128,2.25,0.178,,0,1.47,1.21,6175
Kepler-342 c,tr,2014,Kepler,26.2341,0,0.185,1.96,0.179,,0,1.47,1.21,6175
Kepler-342 d,tr,2014,Kepler,39.4594,0,0.242,2.49,0.193,,0,1.47,1.21,6175
Kepler-342 e,tr,2016,Kepler,1.64422,0,0.02909,0.88,0.080,,0,1.34,1.26,6366
Kepler-343 b,tr,2014,Kepler,8.96855,0,0.088,2.41,0.212,,0,1.43,1.05,5807
Kepler-343 c,tr,2014,Kepler,23.2218,0,0.167,2.02,0.188,,0,1.43,1.05,5807
Kepler-344 b,tr,2014,Kepler,21.9639,0,0.153,2.61,0.467,,0,0.976,0.931,5774
Kepler-344 c,tr,2014,Kepler,125.597,0,0.488,2.95,0.468,,0,0.976,0.931,5774
Kepler-345 b,tr,2014,Kepler,7.41556,0,0.066,0.74,0.081,0.48,0,0.623,0.61,4504
Kepler-345 c,tr,2014,Kepler,9.38743,0,0.077,1.2,0.058,2.2,0,0.623,0.61,4504
Kepler-346 b,tr,2014,Kepler,6.51113,0,0.071,2.66,0.466,,0,1.02,0.943,6033
Kepler-346 c,tr,2014,Kepler,23.8515,0,0.168,3.07,0.476,,0,1.02,0.943,6033
Kepler-347 b,tr,2014,Kepler,12.7984,0,0.11,1.97,0.477,,0,1,0.922,6088
Kepler-347 c,tr,2014,Kepler,27.3209,0,0.183,1.75,0.480,,0,1,0.922,6088
Kepler-347 d,tr,2023,Kepler,85.5173,0,0.3802,3.04,0.191,,0,1.45,1,5592
Kepler-348 b,tr,2014,Kepler,7.05677,0,0.076,1.52,0.191,,0,1.36,1.19,6177
Kepler-348 c,tr,2014,Kepler,17.2654,0,0.138,1.33,0.188,,0,1.36,1.19,6177
Kepler-349 b,tr,2014,Kepler,5.92978,0,0.065,1.9,0.379,94.5,0,0.927,1.08,5956
Kepler-349 c,tr,2014,Kepler,12.2476,0,0.105,1.96,0.378,,0,0.927,1.08,5956
Kepler-35 b,tr,2011,Kepler,131.458,0,0.6035,8.16,0.019,40.36,0,1.03,0.888,5606
Kepler-350 b,tr,2014,Kepler,11.1896,0,0.104,1.85,0.205,16.9,0,1.53,1.19,6186
Kepler-350 c,tr,2013,Kepler,17.849,0,0.1385,3.1,0.326,6.1,0,1.25,1,6492
Kepler-350 d,tr,2013,Kepler,26.136,0,0.1786,2.8,0.325,14.9,0,1.25,1,6492
Kepler-351 b,tr,2014,Kepler,37.0549,0,0.214,3.06,0.507,4.8,0,0.854,0.81,5643
Kepler-351 c,tr,2014,Kepler,57.2481,0,0.287,3.19,0.486,11.1,0,0.854,0.81,5643
Kepler-351 d,tr,2016,Kepler,142.544,0,0.5177,2.72,0.090,,0,0.78,0.81,5225
Kepler-352 b,tr,2014,Kepler,10.0554,0,0.085,0.86,0.093,,0,0.781,0.798,5212
Kepler-352 c,tr,2014,Kepler,16.333,0,0.118,1.24,0.081,,0,0.781,0.798,5212
Kepler-352 d,tr,2021,Kepler,6.88728,0,0.06574,0.8063,,,0,0.772,0.796,5208
Kepler-353 b,tr,2014,Kepler,5.79528,0,0.051,0.89,0.067,,0,0.504,0.553,3903
Kepler-353 c,tr,2014,Kepler,8.41089,0,0.065,1.38,0.051,,0,0.504,0.553,3903
Kepler-354 b,tr,2014,Kepler,5.47666,0,0.054,1.84,0.315,,0,0.674,0.652,4648
Kepler-354 c,tr,2014,Kepler,16.9344,0,0.115,1.31,0.321,,0,0.674,0.652,4648
Kepler-354 d,tr,2014,Kepler,24.2098,0,0.146,1.24,0.323,,0,0.674,0.652,4648
Kepler-355 b,tr,2014,Kepler,11.0319,0,0.102,1.46,0.452,,0,1.07,0.933,6184
Kepler-355 c,tr,2014,Kepler,25.7623,0,0.179,2.71,0.450,,0,1.07,0.933,6184
Kepler-356 b,tr,2014,Kepler,4.6127,0,0.057,1.57,0.185,,0,1.33,1.16,6133
Kepler-356 c,tr,2014,Kepler,13.1216,0,0.115,1.81,0.182,,0,1.33,1.16,6133
Kepler-357 b,tr,2014,Kepler,6.47543,0,0.063,1.84,0.587,,0,0.834,0.794,5036
Kepler-357 c,tr,2014,Kepler,16.8584,0,0.12,2.67,0.588,,0,0.834,0.794,5036
Kepler-357 d,tr,2014,Kepler,49.4999,0,0.246,3.43,0.595,,0,0.834,0.794,5036
Kepler-358 b,tr,2014,Kepler,34.0605,0,0.21,2.72,0.500,,0,0.954,0.94,5908
Kepler-358 c,tr,2014,Kepler,83.4884,0,0.381,2.85,0.502,,0,0.954,0.94,5908
Kepler-359 b,tr,2014,Kepler,25.5632,0,0.178,3.53,0.465,,0,1.09,0.827,6248
Kepler-359 c,tr,2014,Kepler,57.688,0,0.307,4.3,0.465,2.9,0,1.09,0.827,6248
Kepler-359 d,tr,2014,Kepler,77.0957,0,0.372,4.01,0.476,2.7,0,1.09,0.827,6248
Kepler-36 b,tr,2012,Kepler,13.8682,0,0.1142,1.498,0.037,3.83,0,1.63,1.03,5979
Kepler-36 c,tr,2012,Kepler,16.2187,0,0.1269,3.679,0.025,7.13,0,1.63,1.03,5979
Kepler-360 b,tr,2014,Kepler,3.28967,0,0.044,1.65,0.473,,0,1.06,0.994,6053
Kepler-360 c,tr,2014,Kepler,7.18643,0,0.075,2.1,0.476,,0,1.06,0.994,6053
Kepler-361 b,tr,2014,Kepler,8.48662,0,0.086,1.45,0.193,,0,1.34,1.19,6169
Kepler-361 c,tr,2014,Kepler,55.188,0,0.3,2.52,0.190,,0,1.34,1.19,6169
Kepler-362 b,tr,2014,Kepler,10.3272,0,0.087,0.88,0.432,,0,0.722,0.904,5788
Kepler-362 c,tr,2014,Kepler,37.8663,0,0.207,1.45,0.421,,0,0.722,0.904,5788
Kepler-363 b,tr,2014,Kepler,3.61457,0,0.048,1.16,0.164,,0,1.49,1.23,5593
Kepler-363 c,tr,2014,Kepler,7.54243,0,0.079,1.69,0.160,66.4,0,1.49,1.23,5593
Kepler-363 d,tr,2014,Kepler,11.9321,0,0.107,2.05,0.195,,0,1.49,1.23,5593
Kepler-364 b,tr,2014,Kepler,25.7457,0,0.178,1.55,0.239,,0,1.28,1.08,6108
Kepler-364 c,tr,2014,Kepler,59.9806,0,0.312,2.15,0.195,,0,1.28,1.08,6108
Kepler-365 b,tr,2014,Kepler,10.6649,0,0.098,2.04,0.475,,0,1.05,1.02,6012
Kepler-365 c,tr,2014,Kepler,17.7841,0,0.137,1.64,0.470,,0,1.05,1.02,6012
Kepler-366 b,tr,2014,Kepler,3.28196,0,0.045,1.46,0.452,,0,1.05,1.09,6209
Kepler-366 c,tr,2014,Kepler,12.5162,0,0.11,1.79,0.453,,0,1.05,1.09,6209
Kepler-367 b,tr,2014,Kepler,37.8157,0,0.201,1.3,0.123,,0,0.695,0.768,4710
Kepler-367 c,tr,2014,Kepler,53.5786,0,0.253,1.2,0.133,,0,0.695,0.768,4710
Kepler-368 b,tr,2014,Kepler,26.8477,0,0.186,3.26,0.279,,0,2.02,1.17,5502
Kepler-368 c,tr,2014,Kepler,72.3793,0,0.36,3.88,0.278,,0,2.02,1.17,5502
Kepler-369 b,tr,2014,Kepler,2.73276,0,0.03,1.13,0.053,,0,0.471,0.5,3591
Kepler-369 c,tr,2014,Kepler,14.8716,0,0.094,1.41,0.043,,0,0.471,0.5,3591
Kepler-37 b,tr,2013,Kepler,13.367,0,0.1019,0.3098,0.022,0.79,0,0.789,0.79,5357
Kepler-37 c,tr,2013,Kepler,21.3018,0,0.139,0.755,0.058,1.3,0,0.789,0.79,5357
Kepler-37 d,tr,2013,Kepler,39.7923,0,0.2109,2.03,0.017,2,0,0.789,0.79,5357
Kepler-37 e,tr,2014,Kepler,51.196,0,0.25,0.37,0.486,8.1,1,0.772,0.8,5288
Kepler-370 b,tr,2014,Kepler,4.57953,0,0.054,1.59,0.491,,0,0.9,0.982,5852
Kepler-370 c,tr,2014,Kepler,19.0229,0,0.14,1.91,0.466,,0,0.9,0.982,5852
Kepler-371 b,tr,2014,Kepler,34.7633,0,0.2,1.89,0.275,,0,0.992,0.876,5666
Kepler-371 c,tr,2014,Kepler,67.968,0,0.313,1.78,0.253,,0,0.992,0.876,5666
Kepler-372 b,tr,2014,Kepler,6.84969,0,0.075,1.36,0.434,,0,1.14,1.2,6509
Kepler-372 c,tr,2014,Kepler,20.0538,0,0.154,2.09,0.431,,0,1.14,1.2,6509
Kepler-372 d,tr,2014,Kepler,30.0926,0,0.201,1.69,0.432,,0,1.14,1.2,6509
Kepler-373 b,tr,2014,Kepler,5.53531,0,0.06,1.36,0.493,,0,0.845,0.981,5787
Kepler-373 c,tr,2014,Kepler,16.7259,0,0.126,1.24,0.500,,0,0.845,0.981,5787
Kepler-374 b,tr,2014,Kepler,1.89781,0,0.029,1.03,0.524,,0,0.911,1.03,5977
Kepler-374 c,tr,2014,Kepler,3.28281,0,0.042,1.1,0.518,,0,0.911,1.03,5977
Kepler-374 d,tr,2014,Kepler,5.02822,0,0.056,1.31,0.534,,0,0.911,1.03,5977
Kepler-375 b,tr,2014,Kepler,12.1259,0,0.101,1.45,0.352,,0,0.837,0.891,5826
Kepler-375 c,tr,2014,Kepler,19.9863,0,0.141,2.65,0.362,,0,0.837,0.891,5826
Kepler-376 b,tr,2014,Kepler,4.9202,0,0.057,1.07,0.206,,0,1.18,0.968,5900
Kepler-376 c,tr,2014,Kepler,14.1723,0,0.115,1.79,0.201,,0,1.18,0.968,5900
Kepler-377 b,tr,2014,Kepler,12.5095,0,0.109,1.39,0.194,,0,1.22,1.04,5949
Kepler-377 c,tr,2014,Kepler,27.015,0,0.182,2.06,0.189,,0,1.22,1.04,5949
Kepler-378 b,tr,2014,Kepler,16.0924,0,0.112,0.75,0.200,,0,0.671,0.78,4661
Kepler-378 c,tr,2014,Kepler,28.906,0,0.166,0.7,0.071,,0,0.671,0.78,4661
Kepler-379 b,tr,2014,Kepler,20.0984,0,0.152,1.66,0.187,,0,1.31,1.12,6054
Kepler-379 c,tr,2014,Kepler,62.7847,0,0.326,2.29,0.188,,0,1.31,1.12,6054
Kepler-38 b,tr,2012,Kepler,105.599,0,0.4632,4.3,0.026,122,0,1.75,0.941,5623
Kepler-380 b,tr,2014,Kepler,3.93082,0,0.05,1.19,0.202,,0,1.22,0.99,6045
Kepler-380 c,tr,2014,Kepler,7.63,0,0.078,1.27,0.220,,0,1.22,0.99,6045
Kepler-381 b,tr,2014,Kepler,5.62902,0,0.066,0.99,0.222,,0,1.57,1.14,6152
Kepler-381 c,tr,2014,Kepler,13.3916,0,0.117,1.12,0.223,,0,1.57,1.14,6152
Kepler-381 d,tr,2021,Kepler,8.2563,0,0.08364,1.067,,,0,2.19,1.2,6197
Kepler-382 b,tr,2014,Kepler,5.26215,0,0.055,1.32,0.477,,0,0.945,1,5600
Kepler-382 c,tr,2014,Kepler,12.1627,0,0.097,1.59,0.484,,0,0.945,1,5600
Kepler-383 b,tr,2014,Kepler,12.9045,0,0.095,1.32,0.394,,0,0.672,0.669,4710
Kepler-383 c,tr,2014,Kepler,31.2008,0,0.172,1.24,0.395,,0,0.672,0.669,4710
Kepler-384 b,tr,2014,Kepler,22.5971,0,0.148,1.12,0.286,,0,0.882,0.882,5577
Kepler-384 c,tr,2014,Kepler,45.3483,0,0.236,1.13,0.292,,0,0.882,0.882,5577
Kepler-385 b,tr,2014,Kepler,10.0437,0,0.097,2.73,0.505,12.8,0,1.13,0.992,6326
Kepler-385 c,tr,2014,Kepler,15.1632,0,0.127,3.04,0.513,13.2,0,1.13,0.992,6326
Kepler-385 d,tr,2020,Kepler,56.4159,0,0.2872,2.619,,,0,1.16,1.05,5829
Kepler-386 b,tr,2014,Kepler,12.3104,0,0.096,1.39,0.590,,0,0.767,0.825,5178
Kepler-386 c,tr,2014,Kepler,25.1935,0,0.155,1.58,0.563,,0,0.767,0.825,5178
Kepler-387 b,tr,2014,Kepler,6.79164,0,0.068,1.03,0.233,,0,1.05,0.85,5774
Kepler-387 c,tr,2014,Kepler,11.8375,0,0.098,0.89,0.247,,0,1.05,0.85,5774
Kepler-388 b,tr,2014,Kepler,3.17332,0,0.036,0.81,0.123,,0,0.586,0.635,4498
Kepler-388 c,tr,2014,Kepler,13.297,0,0.093,0.86,0.128,,0,0.586,0.635,4498
Kepler-389 b,tr,2014,Kepler,3.24411,0,0.041,1.51,0.510,,0,0.792,0.765,5376
Kepler-389 c,tr,2014,Kepler,14.5114,0,0.11,1.46,0.514,,0,0.792,0.765,5376
Kepler-39 b,tr,2011,Kepler,21.0872,0,0.164,13.9,0.077,6388,0,1.4,1.29,6350
Kepler-390 b,tr,2014,Kepler,6.73809,0,0.065,0.82,0.085,,0,0.776,0.787,5166
Kepler-390 c,tr,2014,Kepler,13.06,0,0.101,0.79,0.101,,0,0.776,0.787,5166
Kepler-391 b,tr,2014,Kepler,7.4175,0,0.083,2.5,0.116,1100,0,2.88,1.27,5038
Kepler-391 c,tr,2014,Kepler,20.501,0,0.164,2.88,0.115,450,0,2.88,1.27,5038
Kepler-392 b,tr,2014,Kepler,5.34185,0,0.059,1,0.210,,0,1.13,0.874,5938
Kepler-392 c,tr,2014,Kepler,10.4231,0,0.093,1.1,0.209,,0,1.13,0.874,5938
Kepler-393 b,tr,2014,Kepler,9.18242,0,0.091,1.29,0.194,,0,1.38,1.26,6189
Kepler-393 c,tr,2014,Kepler,14.6136,0,0.124,1.33,0.233,,0,1.38,1.26,6189
Kepler-394 b,tr,2014,Kepler,8.00501,0,0.083,1.6,0.512,,0,1.13,0.87,6402
Kepler-394 c,tr,2014,Kepler,12.1307,0,0.11,1.66,0.518,,0,1.13,0.87,6402
Kepler-394 d,tr,2021,Kepler,5.61358,0,0.05904,1.501,,,0,1.1,1.14,6398
Kepler-395 b,tr,2014,Kepler,7.05435,0,0.061,1.03,0.078,,0,0.556,0.623,4262
Kepler-395 c,tr,2014,Kepler,34.9893,0,0.177,1.32,0.068,,0,0.556,0.623,4262
Kepler-396 b,tr,2013,Kepler,42.994,0,0.2407,3.5,0.276,75.5,0,1.06,0.85,5656
Kepler-396 c,tr,2013,Kepler,88.505,0,0.3895,5.3,0.277,17.9,0,1.06,0.85,5656
Kepler-397 b,tr,2014,Kepler,22.2509,0,0.144,2.46,8.667,,0,0.767,0.844,5307
Kepler-397 c,tr,2014,Kepler,135.499,0,0.48,6.18,0.091,,0,0.767,0.844,5307
Kepler-398 b,tr,2014,Kepler,4.08142,0,0.044,0.93,0.108,,0,0.613,0.649,4493
Kepler-398 c,tr,2014,Kepler,11.4194,0,0.087,1.01,0.109,,0,0.613,0.649,4493
Kepler-398 d,tr,2016,Kepler,6.83437,0,0.0618,0.88,0.040,,0,0.67,0.72,4557
Kepler-399 b,tr,2014,Kepler,14.4253,0,0.103,0.96,0.531,,0,0.68,0.902,5502
Kepler-399 c,tr,2014,Kepler,26.6757,0,0.155,1.43,0.538,,0,0.68,0.902,5502
Kepler-399 d,tr,2014,Kepler,58.0346,0,0.261,1.89,0.534,,0,0.68,0.902,5502
Kepler-4 b,tr,2009,Kepler,3.21346,0,0.0456,4.002,0.053,24.47,0,1.49,1.22,5857
Kepler-40 b,tr,2010,Kepler,6.87349,0,0.08,13.11,0.034,699.2,0,2.13,1.48,6510
Kepler-400 b,tr,2014,Kepler,9.02439,0,0.087,1.65,0.182,,0,1.15,1.08,5886
Kepler-400 c,tr,2014,Kepler,17.3408,0,0.134,1.49,0.188,,0,1.15,1.08,5886
Kepler-401 b,tr,2014,Kepler,14.383,0,0.122,1.71,0.234,,0,1.33,1.17,6117
Kepler-401 c,tr,2014,Kepler,47.3182,0,0.269,2.15,0.186,,0,1.33,1.17,6117
Kepler-401 d,tr,2016,Kepler,184.256,0,0.6689,2.27,0.145,,0,1.29,1.17,6184
Kepler-402 b,tr,2014,Kepler,4.02875,0,0.051,1.22,0.197,,0,1.26,1.07,6090
Kepler-402 c,tr,2014,Kepler,6.12482,0,0.068,1.56,0.224,,0,1.26,1.07,6090
Kepler-402 d,tr,2014,Kepler,8.9211,0,0.087,1.38,0.196,,0,1.26,1.07,6090
Kepler-402 e,tr,2014,Kepler,11.2429,0,0.102,1.46,0.199,,0,1.26,1.07,6090
Kepler-403 b,tr,2014,Kepler,7.03146,0,0.076,1.25,0.176,,0,1.33,1.3,6090
Kepler-403 c,tr,2014,Kepler,54.2807,0,0.297,1.75,0.183,,0,1.33,1.3,6090
Kepler-403 d,tr,2016,Kepler,13.6116,0,0.1218,1.42,0.173,,0,1.45,1.25,6209
Kepler-404 b,tr,2014,Kepler,11.8299,0,0.102,1.27,0.433,,0,0.884,0.86,5654
Kepler-404 c,tr,2014,Kepler,14.7512,0,0.118,1.72,0.494,,0,0.884,0.86,5654
Kepler-405 b,tr,2014,Kepler,10.6138,0,0.095,2.08,0.476,,0,0.893,0.873,5818
Kepler-405 c,tr,2014,Kepler,29.7267,0,0.188,4.66,5.719,,0,0.893,0.873,5818
Kepler-406 b,tr,2014,Kepler,2.42629,0,0.03599,1.43,0.021,6.35,0,1.07,1.07,5538
Kepler-406 c,tr,2014,Kepler,4.62332,0,0.05531,0.85,0.035,2.71,0,1.07,1.07,5538
Kepler-407 b,tr,2014,Kepler,0.669312,0,0.01531,1.19,0.042,1.93,0,1.04,0.99,5487
Kepler-407 c,rv,2014,other,3000,0,3.271,,,4000,0,1.01,1,5476
Kepler-408 b,tr,2014,Kepler,2.46502,0,0.03592,0.82,0.037,5,0,1.23,1.08,6104
Kepler-409 b,tr,2014,Kepler,68.9583,0,0.3192,1.199,0.036,6,0,0.897,0.913,5421
Kepler-41 b,tr,2011,Kepler,1.85556,0,0.03101,14.46,0.015,178,0,1.29,1.15,5750
Kepler-410 A b,tr,2013,Kepler,17.8336,0,0.1226,2.838,0.019,,0,1.35,1.21,6273
Kepler-411 b,tr,2013,Kepler,3.00516,0,0.0375,2.401,0.022,25.6,0,0.82,0.87,4974
Kepler-411 c,tr,2016,Kepler,7.83444,0,0.0739,4.421,0.014,26.4,0,0.82,0.87,4974
Kepler-411 d,tr,2018,Kepler,58.0204,0,0.279,3.319,0.031,15.2,0,0.82,0.87,4974
Kepler-411 e,ot,2018,Kepler,31.5097,0,0.186,,,10.8,0,0.82,0.87,4974
Kepler-412 b,tr,2014,Kepler,1.72086,0,0.02897,15.03,0.034,299.1,0,1.29,1.17,5750
Kepler-413 b,tr,2014,Kepler,66.262,0,0.3553,4.347,0.023,67,0,0.776,0.82,4700
Kepler-414 b,tr,2014,Kepler,4.7,0,0.0543,1.71,0.132,3.5,0,0.946,0.89,5536
Kepler-414 c,tr,2014,Kepler,7.171,0,0.07195,3.01,0.131,29.9,0,0.946,0.89,5536
Kepler-415 b,tr,2014,Kepler,4.176,0,0.0426,1.21,0.095,119.9,0,0.643,0.67,4362
Kepler-415 c,tr,2014,Kepler,8.708,0,0.0695,2.01,0.052,,0,0.643,0.67,4362
Kepler-416 b,tr,2014,Kepler,6.319,0,0.0674,2.48,0.266,58.2,0,1.07,1,5718
Kepler-416 c,tr,2014,Kepler,12.209,0,0.1045,2.352,0.034,,0,1.07,1,5718
Kepler-416 d,tr,2023,Kepler,3.07645,0,0.0407,1.61,0.124,,0,1.02,0.949,5670
Kepler-417 b,tr,2014,Kepler,12.331,0,0.1006,2.31,0.223,11,0,0.806,0.9,5177
Kepler-417 c,tr,2014,Kepler,15.943,0,0.1194,2.69,0.061,,0,0.806,0.9,5177
Kepler-418 b,tr,2014,Kepler,86.6786,0,0.3925,13.45,0.133,349.6,0,1.09,0.98,5820
Kepler-418 c,tr,2021,Kepler,12.2183,0,0.1063,5.221,,,0,1.08,0.957,5822
Kepler-419 b,tr,2014,Kepler,69.7546,0,0.37,10.8,0.125,794.5,0,1.74,1.39,6430
Kepler-419 c,ot,2014,Kepler,675.47,0,1.68,,,2320,0,1.74,1.39,6430
Kepler-42 b,tr,2011,Kepler,1.21377,0,0.0116,0.78,0.282,0.7059,0,0.17,0.13,3068
Kepler-42 c,tr,2011,Kepler,0.453285,0,0.006,0.73,0.274,60.34,0,0.17,0.13,3068
Kepler-42 d,tr,2011,Kepler,1.86517,0,0.0154,0.57,0.316,0.3578,0,0.17,0.13,3068
Kepler-421 b,tr,2014,Kepler,704.198,0,1.219,4.16,0.042,,0,0.757,0.794,5308
Kepler-422 b,tr,2014,Kepler,7.89145,0,0.082,12.89,0.095,136.7,0,1.24,1.15,5972
Kepler-423 b,tr,2014,Kepler,2.68433,0,0.03585,13.36,0.044,189.1,0,0.95,0.85,5560
Kepler-424 b,tr,2014,Kepler,3.31186,0,0.044,9.98,0.079,327.4,0,0.94,1.01,5460
Kepler-424 c,rv,2014,other,223.3,0,0.73,,,2215,1,0.94,1.01,5460
Kepler-425 b,tr,2014,Kepler,3.79702,0,0.0464,10.96,0.023,79.45,0,0.86,0.93,5170
Kepler-426 b,tr,2014,Kepler,3.21752,0,0.0414,12.22,0.028,108.1,0,0.92,0.91,5725
Kepler-427 b,tr,2014,Kepler,10.291,0,0.091,13.79,0.170,92.17,0,1.35,0.96,5800
Kepler-428 b,tr,2014,Kepler,3.52563,0,0.0433,12.11,0.028,403.6,0,0.8,0.87,5150
Kepler-43 b,tr,2011,Kepler,3.02409,0,0.046,13.66,0.053,1027,0,1.42,1.32,6041
Kepler-430 b,tr,2015,Kepler,35.968,0,0.2244,3.25,,,0,1.49,1.17,5884
Kepler-430 c,tr,2015,Kepler,110.979,0,0.4757,1.75,,,0,1.49,1.17,5884
Kepler-431 b,tr,2015,Kepler,6.803,0,0.0719,0.764,,,0,1.09,1.07,6004
Kepler-431 c,tr,2015,Kepler,8.703,0,0.0847,0.668,,,0,1.09,1.07,6004
Kepler-431 d,tr,2015,Kepler,11.922,0,0.1045,1.11,,,0,1.09,1.07,6004
Kepler-432 b,tr,2015,Kepler,52.5011,0,0.301,12.83,0.033,1719,0,4.06,1.32,4995
Kepler-432 c,rv,2015,other,406.2,0,,,,772.3,1,4.06,1.32,4995
Kepler-433 b,tr,2015,Kepler,5.33408,0,0.0679,16.25,0.110,896.2,0,2.26,1.46,6360
Kepler-434 b,tr,2015,Kepler,12.8747,0,0.1143,12.67,0.195,909,0,1.38,1.2,5977
Kepler-435 b,tr,2015,Kepler,8.60015,0,0.0948,22.31,0.091,267,0,3.21,1.54,6161
Kepler-436 b,tr,2015,Kepler,64.002,0,0.339,2.73,0.086,,0,0.697,0.729,4651
Kepler-436 c,tr,2016,Kepler,16.7971,0,0.1145,2.33,0.071,,0,0.71,0.75,4685
Kepler-437 b,tr,2015,Kepler,66.6506,0,0.288,2.14,0.091,,0,0.68,0.707,4551
Kepler-438 b,tr,2015,Kepler,35.2332,0,0.166,1.12,0.147,,0,0.52,0.544,3748
Kepler-439 b,tr,2015,Kepler,178.14,0,0.563,2.24,0.136,,0,0.866,0.884,5431
Kepler-44 b,tr,2011,Kepler,3.24673,0,0.0446,12.22,0.064,317.8,0,1.35,1.12,5800
Kepler-440 b,tr,2015,Kepler,101.111,0,0.242,1.86,0.116,,0,0.559,0.575,4134
Kepler-441 b,tr,2015,Kepler,207.248,0,0.64,1.64,0.140,,0,0.55,0.572,4340
Kepler-442 b,tr,2015,Kepler,112.305,0,0.409,1.34,0.108,,0,0.598,0.609,4402
Kepler-443 b,tr,2015,Kepler,177.669,0,0.495,2.33,0.088,,0,0.706,0.738,4723
Kepler-444 b,tr,2015,Kepler,3.60011,0,0.04178,0.403,0.037,,0,0.752,0.758,5046
Kepler-444 c,tr,2015,Kepler,4.54588,0,0.04881,0.497,0.038,,0,0.752,0.758,5046
Kepler-444 d,tr,2015,Kepler,6.18939,0,0.06,0.53,0.039,0.2,0,0.752,0.758,5046
Kepler-444 e,tr,2015,Kepler,7.74349,0,0.0696,0.546,0.029,0.1,0,0.752,0.758,5046
Kepler-444 f,tr,2015,Kepler,9.74049,0,0.0811,0.741,0.055,,0,0.752,0.758,5046
Kepler-445 b,tr,2015,Kepler,2.98415,0,0.0217,1.58,0.146,,0,0.21,0.18,3157
Kepler-445 c,tr,2015,Kepler,4.87123,0,0.0301,2.51,0.143,,0,0.21,0.18,3157
Kepler-445 d,tr,2015,Kepler,8.15275,0,0.0439,1.25,0.152,,0,0.21,0.18,3157
Kepler-446 b,tr,2015,Kepler,1.56541,0,0.0182,1.5,0.167,,0,0.24,0.22,3359
Kepler-446 c,tr,2015,Kepler,3.03618,0,0.0283,1.11,0.162,,0,0.24,0.22,3359
Kepler-446 d,tr,2015,Kepler,5.14892,0,0.0403,1.35,0.163,,0,0.24,0.22,3359
Kepler-447 b,tr,2015,Kepler,7.7943,0,0.0769,18.49,0.349,435.4,0,1.05,1,5493
Kepler-448 c,ot,2017,Kepler,2500,0,4.2,,,6992,0,1.4,1.5,6635
Kepler-449 b,tr,2015,Kepler,12.5824,0,0.1027,2.056,0.034,,0,1.47,1.02,5649
Kepler-449 c,tr,2015,Kepler,33.6727,0,0.1979,2.764,0.031,,0,1.47,1.02,5649
Kepler-45 b,tr,2011,Kepler,2.45524,0,0.03,10.76,0.114,160.5,0,0.55,0.59,3820
Kepler-450 b,tr,2015,Kepler,28.4549,0,0.2009,6.14,0.054,19.4,0,1.64,1.19,6197
Kepler-450 c,tr,2015,Kepler,15.4131,0,0.1335,2.62,0.053,12.5,0,1.64,1.19,6197
Kepler-450 d,tr,2015,Kepler,7.51464,0,0.0827,0.837,0.081,17.6,0,1.64,1.19,6197
Kepler-451 c,ot,2022,other,1460,0,,,,511.7,1,0.203,0.48,2.956e+04
Kepler-451 d,ot,2022,other,43,0,,,,559.4,1,0.203,0.48,2.956e+04
Kepler-452 b,tr,2015,Kepler,384.843,0,1.046,1.63,0.132,,0,1.11,1.04,5757
Kepler-453 b,tr,2015,Kepler,240.503,0,0.7903,6.204,0.006,16,0,0.833,0.944,5527
Kepler-454 b,tr,2015,Kepler,10.5738,0,0.09528,2.37,0.055,5.4,0,1.07,1.03,5687
Kepler-454 c,rv,2015,other,524.19,0,1.287,,,1433,1,1.07,1.03,5687
Kepler-454 d,rv,2023,other,4073,0,5.1,,,734.2,1,1.07,1.03,5687
Kepler-457 d,tr,2021,Kepler,10.6906,0,0.0996,2.985,,,0,1.24,1.15,6474
Kepler-458 c,tr,2016,Kepler,20.7403,0,0.1701,4.2,0.123,,0,2.22,1.15,6117
Kepler-46 b,tr,2012,Kepler,33.6013,0,0.1968,9.057,0.053,1907,0,0.938,0.902,5155
Kepler-46 c,ot,2012,Kepler,57.011,0,0.2799,,,119.5,0,0.938,0.902,5155
Kepler-46 d,tr,2014,Kepler,6.76659,0,0.067,1.64,0.561,,0,0.79,0.883,5309
Kepler-460 c,tr,2016,Kepler,220.13,0,0.7532,5.52,0.254,,0,1.26,1.17,6146
Kepler-461 b,tr,2016,Kepler,8.31378,0,0.07895,2.58,0.025,,0,0.91,0.98,5634
Kepler-462 b,tr,2016,Kepler,84.6866,0,0.4172,3,0.050,53.9,0,1.57,1.59,7500
Kepler-462 c,tr,2018,Kepler,207.62,0,0.7584,4,0.050,6,0,1.57,1.59,7500
Kepler-463 b,tr,2016,Kepler,8.98102,0,0.07925,3.05,0.120,,0,0.9,0.87,5661
Kepler-464 b,tr,2016,Kepler,7.25697,0,0.07931,3.3,0.044,,0,1.59,1.21,5933
Kepler-465 b,tr,2016,Kepler,9.94067,0,0.09195,2.95,0.069,,0,1.29,1.23,6310
Kepler-466 b,tr,2016,Kepler,51.0793,0,0.2677,2.85,0.068,,0,1.05,1.04,5927
Kepler-466 c,tr,2016,Kepler,3.70921,0,0.04658,1.25,0.068,,0,1.05,1.04,5927
Kepler-467 b,tr,2016,Kepler,24.9932,0,0.1685,2.25,0.084,,0,1.37,1.05,5809
Kepler-468 b,tr,2016,Kepler,38.4788,0,0.2213,13.34,0.023,,0,0.87,0.96,5498
Kepler-47 b,tr,2012,Kepler,49.4643,0,0.2877,3.05,0.013,2.07,0,0.936,0.957,5636
Kepler-47 c,tr,2012,Kepler,303.227,0,0.9638,4.65,0.017,3.17,0,0.936,0.957,5636
Kepler-47 d,tr,2019,Kepler,187.366,0,0.6992,7.04,0.082,19.02,0,0.936,0.957,5636
Kepler-471 b,tr,2016,Kepler,5.01423,0,0.0626,14.96,0.280,,0,1.8,1.49,6733
Kepler-472 b,tr,2016,Kepler,4.17626,0,0.04823,3.22,0.064,,0,0.78,0.85,4996
Kepler-473 b,tr,2016,Kepler,14.5573,0,0.1205,4.08,0.179,,0,1.34,1.06,5816
Kepler-474 b,tr,2016,Kepler,5.66067,0,0.06092,3.06,0.139,,0,1.08,0.99,5785
Kepler-475 b,tr,2016,Kepler,3.10551,0,0.03989,2.49,0.046,,0,0.79,0.86,5009
Kepler-476 b,tr,2016,Kepler,14.0064,0,0.1126,3.08,0.131,,0,1.09,1.03,5837
Kepler-477 b,tr,2016,Kepler,11.1199,0,0.0911,2.07,0.072,,0,0.79,0.87,5240
Kepler-478 b,tr,2016,Kepler,13.2218,0,0.1032,2.71,0.077,,0,0.8,0.85,5210
Kepler-479 b,tr,2016,Kepler,12.4934,0,0.09636,2.12,0.038,,0,0.81,0.86,5247
Kepler-48 b,tr,2012,Kepler,4.778,0,0.05394,1.88,0.053,3.94,0,0.89,0.88,5194
Kepler-48 c,tr,2012,Kepler,9.67395,0,0.08633,2.71,0.052,14.61,0,0.89,0.88,5194
Kepler-48 d,tr,2014,Kepler,42.8961,0,0.233,2.04,0.054,7.93,0,0.89,0.88,5194
Kepler-48 e,rv,2014,other,982,0,1.898,,,657,0,0.89,0.88,5194
Kepler-48 f,rv,2023,other,5219.68,0,5.719,,,298.6,1,0.836,0.916,5190
Kepler-480 b,tr,2016,Kepler,4.91958,0,0.06024,2.78,0.090,,0,1.34,1.25,6322
Kepler-481 b,tr,2016,Kepler,10.0608,0,0.08926,2.5,0.132,,0,1.09,1.01,5802
Kepler-482 b,tr,2016,Kepler,56.3542,0,0.2579,2.36,0.108,,0,0.72,0.75,4871
Kepler-483 b,tr,2016,Kepler,30.2291,0,0.1947,3.21,0.173,,0,1.47,1.28,6346
Kepler-484 b,tr,2016,Kepler,10.0456,0,0.09036,2.28,0.026,,0,0.87,0.96,5668
Kepler-485 b,tr,2016,Kepler,3.24326,0,0.04401,14.41,0.174,,0,1.09,1.07,5958
Kepler-487 b,tr,2016,Kepler,15.3588,0,0.1182,11.42,0.053,,0,0.88,0.91,5444
Kepler-487 c,tr,2016,Kepler,38.652,0,0.2186,2.68,0.125,,0,0.88,0.91,5444
Kepler-487 d,tr,2021,Kepler,2.41839,0,0.03445,2.775,,,0,0.887,0.874,5422
Kepler-489 b,tr,2016,Kepler,17.2763,0,0.1211,7.72,0.024,,0,0.76,0.82,5014
Kepler-49 b,tr,2012,Kepler,7.2,0,0.05929,2.579,0.034,9.77,0,0.618,0.607,4096
Kepler-49 c,tr,2012,Kepler,10.91,0,0.07821,2.444,0.034,8.38,0,0.618,0.607,4096
Kepler-49 d,tr,2014,Kepler,2.57655,0,0.031,1.6,0.044,236,0,0.559,0.549,4252
Kepler-49 e,tr,2014,Kepler,18.5961,0,0.116,1.56,0.051,1.038,0,0.559,0.549,4252
Kepler-490 b,tr,2016,Kepler,3.2687,0,0.0453,11.65,0.200,,0,1.12,1.08,6045
Kepler-491 b,tr,2016,Kepler,4.22538,0,0.05191,8.92,0.073,,0,1.03,1.04,5582
Kepler-493 b,tr,2016,Kepler,3.00388,0,0.0439,15.13,0.250,,0,1.54,1.36,6457
Kepler-495 b,tr,2016,Kepler,3.41304,0,0.0427,5.23,0.073,,0,0.83,0.86,5346
Kepler-495 c,tr,2021,Kepler,5.89661,0,0.0614,1.219,,,0,1.09,0.888,5392
Kepler-496 b,tr,2016,Kepler,8.30865,0,0.0747,2.32,0.071,,0,0.82,0.86,5293
Kepler-497 b,tr,2016,Kepler,3.5732,0,0.0457,6.04,0.185,,0,1.11,1.09,5834
Kepler-498 b,tr,2016,Kepler,9.61375,0,0.0897,3.03,0.139,,0,0.96,0.98,5744
Kepler-499 b,tr,2016,Kepler,5.63253,0,0.0598,2.17,0.094,,0,0.83,0.87,5312
Kepler-5 b,tr,2009,Kepler,3.54847,0,0.0538,15.98,0.031,670.9,0,1.79,1.37,6297
Kepler-50 b,tr,2012,Kepler,7.81254,0,0.077,1.71,0.044,8.9,0,1.58,1.24,6225
Kepler-50 c,tr,2012,Kepler,9.37647,0,0.087,2.17,0.035,8.2,0,1.58,1.24,6225
Kepler-500 b,tr,2016,Kepler,8.50832,0,0.08361,2.58,0.081,,0,1.03,1.02,5813
Kepler-501 b,tr,2016,Kepler,5.64068,0,0.0627,4.3,0.134,,0,1.04,1.03,5904
Kepler-501 c,tr,2021,Kepler,3.62276,0,0.0467,1.681,,,0,1.22,1.03,5794
Kepler-502 b,tr,2016,Kepler,4.28686,0,0.0535,4.77,0.222,,0,1.22,1.15,6125
Kepler-504 b,tr,2016,Kepler,9.54928,0,0.0646,1.59,0.126,,0,0.33,0.33,3519
Kepler-505 b,tr,2016,Kepler,27.522,0,0.1445,2.6,0.038,,0,0.53,0.55,3931
Kepler-506 b,tr,2016,Kepler,6.88341,0,0.07437,2.73,0.022,,0,1.19,1.19,6236
Kepler-507 b,tr,2016,Kepler,3.5681,0,0.04781,1.3,0.158,5.697,1,1.32,1.16,6113
Kepler-508 b,tr,2016,Kepler,25.3089,0,0.1727,1.64,0.137,,0,1.25,1.16,6025
Kepler-509 b,tr,2016,Kepler,41.746,0,0.237,2.49,0.024,,0,1.2,1.1,6060
Kepler-51 b,tr,2012,Kepler,45.154,0,0.2514,7.1,0.042,2.1,0,0.94,1.04,6018
Kepler-51 c,tr,2012,Kepler,85.312,0,0.384,9,0.250,4,0,0.94,1.04,6018
Kepler-51 d,tr,2014,Kepler,130.194,0,0.509,9.7,0.052,7.6,0,0.94,1.04,6018
Kepler-51 e,ot,2024,other,264.284,0,,,,5.4,0,0.87,0.96,5674
Kepler-510 b,tr,2016,Kepler,19.5566,0,0.1352,2.47,0.071,,0,1.41,0.91,5746
Kepler-511 b,tr,2016,Kepler,296.638,0,0.8567,6.35,0.191,,0,1.2,1,5770
Kepler-511 c,tr,2021,Kepler,26.6295,0,0.1718,4.21,,,0,1.42,0.958,5866
Kepler-512 b,tr,2016,Kepler,34.4359,0,0.214,2.69,0.149,,0,1.3,1.17,5997
Kepler-513 b,tr,2016,Kepler,28.8624,0,0.1779,2.2,0.116,,0,1.06,1.02,5849
Kepler-514 b,tr,2016,Kepler,5.6518,0,0.06559,1.72,0.137,,0,1.44,1.28,6106
Kepler-515 b,tr,2016,Kepler,19.9637,0,0.1333,1.46,0.038,,0,0.83,0.9,5293
Kepler-516 b,tr,2016,Kepler,24.8546,0,0.1992,5.74,0.226,,0,2.02,1.62,7099
Kepler-517 b,tr,2016,Kepler,60.9283,0,0.2868,2.67,0.101,,0,0.98,0.95,5690
Kepler-518 b,tr,2016,Kepler,8.51204,0,0.07996,2.11,0.024,,0,0.88,0.96,5842
Kepler-519 b,tr,2016,Kepler,24.3079,0,0.1593,2.1,0.024,,0,0.8,0.89,5260
Kepler-52 b,tr,2012,Kepler,7.87736,0,0.0637,2.1,,135,0,0.52,0.54,4075
Kepler-52 c,tr,2012,Kepler,16.385,0,0.1038,1.84,,45.4,0,0.52,0.54,4075
Kepler-52 d,tr,2014,Kepler,36.4452,0,0.182,1.95,0.108,88.88,0,0.556,0.577,4263
Kepler-520 b,tr,2016,Kepler,19.6742,0,0.1463,1.66,0.114,,0,1.09,1.1,6112
Kepler-520 c,tr,2016,Kepler,5.21104,0,0.06035,1.07,0.056,,0,1.09,1.1,6112
Kepler-521 b,tr,2016,Kepler,22.2081,0,0.1712,3.18,0.085,,0,1.46,1.34,6406
Kepler-522 b,tr,2016,Kepler,38.5842,0,0.2503,6.91,0.196,,0,1.98,1.54,6392
Kepler-523 b,tr,2016,Kepler,5.83598,0,0.06159,1.96,0.036,,0,0.86,0.93,5515
Kepler-524 b,tr,2016,Kepler,7.9742,0,0.07955,1.91,0.068,,0,1.1,1.09,6014
Kepler-524 c,tr,2016,Kepler,1.88898,0,0.03046,0.96,0.078,,0,1.1,1.09,6014
Kepler-525 b,tr,2016,Kepler,18.684,0,0.1439,2.63,0.171,,0,1.15,0.95,5573
Kepler-526 b,tr,2016,Kepler,5.4585,0,0.06518,1.99,0.083,,0,1.14,1.15,5894
Kepler-527 b,tr,2016,Kepler,13.2854,0,0.1165,2.84,0.319,,0,1.45,1.28,6388
Kepler-528 b,tr,2016,Kepler,19.783,0,0.1422,2.08,0.115,,0,1.06,1.01,5807
Kepler-529 b,tr,2016,Kepler,1.98036,0,0.0309,1.86,0.113,,0,1.14,1.07,6087
Kepler-529 c,tr,2016,Kepler,12.8345,0,0.1075,2,0.155,,0,1.14,1.07,6087
Kepler-529 d,tr,2021,Kepler,35.8662,0,0.2134,2.795,,,0,1.19,1,6078
Kepler-53 b,tr,2012,Kepler,18.649,0,0.1361,2.89,,111,0,0.89,0.98,5858
Kepler-53 c,tr,2012,Kepler,38.5583,0,0.2209,3.17,,36,0,0.89,0.98,5858
Kepler-53 d,tr,2014,Kepler,9.75196,0,0.091,2.12,0.495,166.5,0,0.958,0.966,6085
Kepler-530 b,tr,2016,Kepler,39.3094,0,0.2149,3.01,0.045,,0,0.89,0.97,5697
Kepler-531 b,tr,2016,Kepler,29.8849,0,0.1745,2.78,0.049,,0,0.75,0.78,4893
Kepler-532 b,tr,2016,Kepler,12.9249,0,0.1015,2.57,0.068,,0,0.79,0.87,5192
Kepler-533 b,tr,2016,Kepler,28.5112,0,0.167,3.38,0.059,,0,0.72,0.78,4758
Kepler-534 b,tr,2016,Kepler,15.9599,0,0.1272,2.24,0.033,,0,0.98,1.05,5884
Kepler-534 c,tr,2021,Kepler,7.37869,0,0.0761,1.227,,,0,0.965,1.07,5936
Kepler-535 b,tr,2016,Kepler,4.90332,0,0.06011,2.36,0.114,,0,1.27,1.18,6123
Kepler-536 b,tr,2016,Kepler,1.82708,0,0.02835,3.1,0.097,,0,0.89,0.92,5524
Kepler-537 b,tr,2016,Kepler,3.24756,0,0.04317,1.41,0.035,,0,0.99,1.07,5763
Kepler-538 b,tr,2016,Kepler,81.7378,0,0.3554,2.215,0.017,12.9,0,0.872,0.892,5534
Kepler-539 b,tr,2016,Kepler,125.632,0,0.4988,8.373,0.023,308.3,0,0.952,1.05,5820
Kepler-539 c,ot,2016,Kepler,1000,0,2.42,,,762.8,0,0.952,1.05,5820
Kepler-54 b,tr,2012,Kepler,8.01094,0,0.0619,2.1,,0.98,0,0.5,0.51,3705
Kepler-54 c,tr,2012,Kepler,12.0717,0,0.0809,1.23,,0.7,0,0.5,0.51,3705
Kepler-54 d,tr,2014,Kepler,20.9957,0,0.126,1.53,0.052,12.09,0,0.554,0.518,4252
Kepler-540 b,tr,2016,Kepler,172.705,0,0.5882,2.71,0.118,,0,1.08,1.02,5946
Kepler-541 b,tr,2016,Kepler,5.08006,0,0.06447,3.36,0.170,,0,2.06,1.41,6166
Kepler-542 b,tr,2016,Kepler,13.145,0,0.107,1.57,0.067,,0,0.9,0.93,5526
Kepler-543 b,tr,2016,Kepler,13.8996,0,0.1023,2.5,0.076,,0,0.67,0.7,4671
Kepler-544 b,tr,2016,Kepler,21.4162,0,0.1548,2.12,0.078,,0,1.22,1.16,6206
Kepler-545 b,tr,2016,Kepler,13.2493,0,0.1125,2.69,0.095,,0,1.07,1.04,5882
Kepler-546 b,tr,2016,Kepler,4.14702,0,0.0502,7,0.193,,0,1.15,1.11,5967
Kepler-547 b,tr,2016,Kepler,6.01038,0,0.058,4,0.055,,0,0.73,0.78,4828
Kepler-548 b,tr,2016,Kepler,4.45419,0,0.0495,11.99,0.137,,0,0.9,0.93,5535
Kepler-549 b,tr,2016,Kepler,42.9496,0,0.2324,2.57,0.078,11,0,0.84,0.88,5360
Kepler-549 c,tr,2016,Kepler,117.04,0,0.4533,2.93,0.143,,0,0.84,0.88,5360
Kepler-549 d,tr,2023,Kepler,24.6148,0,0.1575,4.2,0.113,,0,0.986,0.859,5312
Kepler-55 b,tr,2012,Kepler,27.9481,0,0.1593,2.43,,43,0,0.58,0.62,4362
Kepler-55 c,tr,2012,Kepler,42.1516,0,0.2095,2.21,,69.8,0,0.58,0.62,4362
Kepler-55 d,tr,2014,Kepler,2.2111,0,0.029,1.59,0.057,,0,0.619,0.631,4503
Kepler-55 e,tr,2014,Kepler,4.61753,0,0.048,1.55,0.148,,0,0.619,0.631,4503
Kepler-55 f,tr,2014,Kepler,10.1985,0,0.081,1.59,0.063,,0,0.619,0.631,4503
Kepler-550 b,tr,2016,Kepler,8.6001,0,0.0747,4.42,0.069,,0,0.83,0.87,5322
Kepler-551 b,tr,2016,Kepler,12.3765,0,0.0893,2.73,0.073,,0,0.63,0.65,4286
Kepler-552 b,tr,2016,Kepler,5.26342,0,0.0612,3.95,0.176,,0,1.04,1.03,5863
Kepler-553 b,tr,2016,Kepler,4.03047,0,0.04766,4.741,0.032,116,0,0.902,0.889,5191
Kepler-553 c,tr,2016,Kepler,328.24,0,0.898,11.58,0.028,2129,0,0.902,0.889,5191
Kepler-554 b,tr,2016,Kepler,1.90221,0,0.03022,4.29,0.056,,0,0.92,0.93,5447
Kepler-555 b,tr,2016,Kepler,16.2178,0,0.1201,2.83,0.150,,0,1.04,1.03,5894
Kepler-556 b,tr,2016,Kepler,11.7229,0,0.09833,2.24,0.071,,0,0.98,1,5740
Kepler-557 b,tr,2016,Kepler,3.70599,0,0.0469,2.67,0.221,,0,1.16,1.11,6068
Kepler-558 b,tr,2016,Kepler,29.0079,0,0.1759,2.37,0.065,,0,0.81,0.85,5242
Kepler-559 b,tr,2016,Kepler,17.5875,0,0.1277,3.61,0.139,,0,0.95,0.96,5630
Kepler-56 b,tr,2012,Kepler,10.5016,0,0.1028,6.51,0.044,22.1,0,4.23,1.32,4840
Kepler-56 c,tr,2012,Kepler,21.4024,0,0.1652,9.8,0.047,181,0,4.23,1.32,4840
Kepler-56 d,rv,2016,other,1002,0,2.16,,,1784,1,4.22,1.29,4819
Kepler-560 b,tr,2016,Kepler,18.4776,0,0.0899,1.72,0.052,,0,0.33,0.34,3556
Kepler-561 b,tr,2016,Kepler,58.362,0,0.2926,6.96,0.131,,0,0.94,0.96,5646
Kepler-561 c,tr,2016,Kepler,5.35016,0,0.05947,2.68,0.127,,0,0.94,0.96,5646
Kepler-562 b,tr,2016,Kepler,18.0093,0,0.1333,5.21,0.100,,0,0.9,0.93,5575
Kepler-563 b,tr,2016,Kepler,22.1843,0,0.1418,3.09,0.060,,0,0.77,0.8,5066
Kepler-564 b,tr,2016,Kepler,3.75083,0,0.0484,4.63,0.110,,0,0.92,0.95,5626
Kepler-565 b,tr,2016,Kepler,4.24375,0,0.0501,3.64,0.107,,0,0.95,0.98,5735
Kepler-566 b,tr,2016,Kepler,18.4279,0,0.1247,2.15,0.060,,0,0.79,0.83,5132
Kepler-567 b,tr,2016,Kepler,16.543,0,0.1229,2.25,0.060,,0,0.79,0.84,5148
Kepler-568 b,tr,2016,Kepler,11.0235,0,0.0794,2.26,0.035,,0,0.53,0.55,3768
Kepler-569 b,tr,2016,Kepler,34.1889,0,0.1978,3.16,0.062,,0,0.93,0.95,5616
Kepler-57 b,tr,2012,Kepler,5.72,0,0.05988,3.135,0.028,25.06,0,0.826,0.859,5188
Kepler-57 c,tr,2012,Kepler,11.6,0,0.09588,2.196,0.030,6.86,0,0.826,0.859,5188
Kepler-570 b,tr,2016,Kepler,4.30166,0,0.0497,2.45,0.100,,0,0.9,0.93,5496
Kepler-571 b,tr,2016,Kepler,4.7986,0,0.0546,2.64,0.093,,0,0.9,0.93,5527
Kepler-572 b,tr,2016,Kepler,17.2052,0,0.1192,2.58,0.068,,0,0.79,0.83,5212
Kepler-573 b,tr,2016,Kepler,22.1833,0,0.1453,2.79,0.106,,0,1.02,0.99,5746
Kepler-574 b,tr,2016,Kepler,7.6588,0,0.0723,2.39,0.103,,0,0.91,0.95,5612
Kepler-575 b,tr,2016,Kepler,9.37892,0,0.0788,2.39,0.153,,0,0.95,0.97,5710
Kepler-576 b,tr,2016,Kepler,29.9114,0,0.179,3.27,0.188,,0,0.97,0.99,5672
Kepler-577 b,tr,2016,Kepler,25.6958,0,0.1348,2.55,0.104,,0,0.73,0.78,4984
Kepler-578 b,tr,2016,Kepler,1.61688,0,0.0266,2,0.100,,0,0.83,0.87,5334
Kepler-579 b,tr,2016,Kepler,9.66858,0,0.0854,2,0.133,,0,0.96,0.99,5636
Kepler-58 b,tr,2012,Kepler,10.2185,0,0.09291,2.78,,35.5,0,1.03,0.95,5843
Kepler-58 c,tr,2012,Kepler,15.5742,0,0.1231,2.86,,53,0,1.03,0.95,5843
Kepler-58 d,tr,2014,Kepler,40.1014,0,0.236,2.94,0.476,245.3,0,1.13,1.02,6099
Kepler-58 e,tr,2023,Kepler,4.45815,0,0.0533,1.61,0.230,597.8,0,1.08,1.02,6100
Kepler-580 b,tr,2016,Kepler,8.22242,0,0.0683,2.57,0.082,,0,0.64,0.67,4298
Kepler-581 b,tr,2016,Kepler,40.607,0,0.2259,2.63,0.162,,0,1,1,5772
Kepler-582 b,tr,2016,Kepler,18.4924,0,0.1254,3.68,0.121,,0,0.91,0.93,5564
Kepler-583 b,tr,2016,Kepler,6.51003,0,0.0689,2.28,0.096,,0,0.91,0.94,5523
Kepler-584 b,tr,2016,Kepler,35.181,0,0.2281,4.21,0.255,,0,1.24,1.17,6195
Kepler-585 b,tr,2016,Kepler,2.75236,0,0.03841,2.83,0.145,,0,0.93,0.96,5593
Kepler-586 b,tr,2016,Kepler,2.10472,0,0.0331,2.79,0.100,,0,0.92,0.94,5575
Kepler-587 b,tr,2016,Kepler,10.9403,0,0.0952,2.23,0.182,,0,0.89,0.92,5549
Kepler-588 b,tr,2016,Kepler,4.22163,0,0.052,2.63,0.137,,0,1,1.01,5835
Kepler-589 b,tr,2016,Kepler,16.5496,0,0.1196,2.27,0.066,,0,0.83,0.88,5296
Kepler-589 c,tr,2021,Kepler,3.52466,0,0.0426,1.117,,,0,0.916,0.832,5372
Kepler-59 b,tr,2012,Kepler,11.8682,0,0.09943,1.1,,4.1,0,0.94,1.04,6074
Kepler-59 c,tr,2012,Kepler,17.9801,0,0.1311,1.98,,3.81,0,0.94,1.04,6074
Kepler-590 b,tr,2016,Kepler,5.85296,0,0.0647,4.02,0.198,,0,1.15,1.1,6000
Kepler-591 b,tr,2016,Kepler,81.1694,0,0.3554,3.39,0.118,,0,0.94,0.97,5677
Kepler-592 b,tr,2016,Kepler,2.82019,0,0.0397,2.39,0.174,,0,1.04,1.04,5913
Kepler-593 b,tr,2016,Kepler,21.2171,0,0.1508,2.87,0.171,,0,1.1,1.08,5967
Kepler-594 b,tr,2016,Kepler,13.6462,0,0.1089,2.18,0.085,,0,0.87,0.91,5485
Kepler-595 b,tr,2016,Kepler,25.3029,0,0.1582,3.708,0.003,17.4,0,0.821,0.93,5138
Kepler-595 c,tr,2020,Kepler,12.386,0,0.0983,1.009,0.024,3.3,0,0.821,0.93,5138
Kepler-596 b,tr,2016,Kepler,21.3002,0,0.1516,3.46,0.303,,0,1.32,1.21,6267
Kepler-597 b,tr,2016,Kepler,13.0237,0,0.1092,2.37,0.097,,0,0.95,0.97,5683
Kepler-598 b,tr,2016,Kepler,3.70175,0,0.04487,1.5,0.070,,0,0.86,0.87,5307
Kepler-598 c,tr,2020,Kepler,86.4945,0,0.3667,3.024,,,0,0.9,0.9,5245
Kepler-599 b,tr,2016,Kepler,15.6556,0,0.1128,2.84,0.083,,0,0.79,0.83,5127
Kepler-6 b,tr,2009,Kepler,3.2347,0,0.04852,14.62,0.020,212.3,0,1.39,1.21,5647
Kepler-60 b,tr,2012,Kepler,7.1334,0,0.07255,1.71,0.076,4.19,0,1.26,1.04,5905
Kepler-60 c,tr,2012,Kepler,8.9187,0,0.08422,1.9,0.079,3.85,0,1.26,1.04,5905
Kepler-60 d,tr,2012,Kepler,11.8981,0,0.102,1.99,0.080,4.16,0,1.26,1.04,5905
Kepler-600 b,tr,2016,Kepler,23.6752,0,0.1536,2.9,0.103,,0,0.81,0.84,5279
Kepler-601 b,tr,2016,Kepler,5.37887,0,0.05494,1.9,0.118,,0,0.79,0.85,5160
Kepler-602 b,tr,2016,Kepler,15.2847,0,0.1224,2.09,0.232,,0,1.13,1.08,6062
Kepler-603 b,tr,2016,Kepler,21.0536,0,0.1605,2.65,0.160,,0,1.01,1.01,5808
Kepler-603 c,tr,2016,Kepler,127.908,0,0.5344,6.5,0.162,,0,1.01,1.01,5808
Kepler-603 d,tr,2016,Kepler,6.21713,0,0.07117,1.32,0.144,,0,1.01,1.01,5808
Kepler-604 b,tr,2016,Kepler,25.855,0,0.1735,2.59,0.147,,0,1.03,1.02,5890
Kepler-605 b,tr,2016,Kepler,3.38354,0,0.04244,1.44,0.090,,0,0.88,0.91,5462
Kepler-605 c,tr,2016,Kepler,2.35895,0,0.03336,0.86,0.099,,0,0.88,0.91,5462
Kepler-606 b,tr,2016,Kepler,24.3158,0,0.17,3.31,0.269,,0,1.22,1.13,6161
Kepler-607 b,tr,2016,Kepler,0.638163,0,0.0137,0.87,0.075,,0,0.8,0.84,5196
Kepler-607 c,tr,2021,Kepler,39.6768,0,0.2151,2.76,,,0,0.888,0.808,5244
Kepler-608 b,tr,2016,Kepler,6.41252,0,0.0685,3.64,0.159,,0,1.01,1,5820
Kepler-609 b,tr,2016,Kepler,6.52121,0,0.0682,3.35,0.225,,0,1.14,1.09,5971
Kepler-61 b,tr,2013,Kepler,59.8776,0,0.2486,2.15,0.060,,0,0.62,0.635,4017
Kepler-610 b,tr,2016,Kepler,6.99693,0,0.0719,4.19,0.192,,0,1.13,1.1,5943
Kepler-610 c,tr,2016,Kepler,151.864,0,0.5594,3.3,0.183,,0,1.13,1.1,5943
Kepler-611 b,tr,2016,Kepler,2.43703,0,0.0351,1.65,0.200,,0,1.01,1.01,5761
Kepler-612 b,tr,2016,Kepler,3.72216,0,0.0452,2.84,0.164,,0,0.96,0.98,5693
Kepler-613 b,tr,2016,Kepler,15.7798,0,0.1232,2.29,0.124,,0,0.96,0.98,5723
Kepler-614 b,tr,2016,Kepler,14.0349,0,0.1027,2.39,0.077,,0,0.81,0.85,5268
Kepler-615 b,tr,2016,Kepler,10.3558,0,0.085,1.74,0.055,,0,0.69,0.73,4655
Kepler-616 b,tr,2016,Kepler,9.99762,0,0.0927,2.43,0.109,,0,0.97,0.98,5753
Kepler-616 c,tr,2016,Kepler,90.4114,0,0.4024,3.41,0.128,,0,0.97,0.98,5753
Kepler-616 d,tr,2021,Kepler,51.0674,0,0.2749,2.653,,,0,0.977,1.06,6004
Kepler-617 b,tr,2016,Kepler,1.6827,0,0.0219,1.32,0.053,,0,0.48,0.51,3712
Kepler-618 b,tr,2016,Kepler,3.59577,0,0.0449,2.6,0.229,,0,1.08,1.05,5860
Kepler-619 b,tr,2016,Kepler,5.40427,0,0.06014,3.16,0.152,,0,1.11,1.09,5980
Kepler-619 c,tr,2016,Kepler,1.20847,0,0.02216,1.69,0.166,,0,1.11,1.09,5980
Kepler-619 d,tr,2023,Kepler,11.6789,0,0.1021,4.17,0.210,,0,0.964,1.04,6122
Kepler-62 b,tr,2013,Kepler,5.71493,0,0.0553,1.31,0.031,9,0,0.64,0.69,4925
Kepler-62 c,tr,2013,Kepler,12.4417,0,0.0929,0.54,0.056,4,0,0.64,0.69,4925
Kepler-62 d,tr,2013,Kepler,18.1641,0,0.12,1.95,0.036,14,0,0.64,0.69,4925
Kepler-62 e,tr,2013,Kepler,122.387,0,0.427,1.61,0.031,36,0,0.64,0.69,4925
Kepler-62 f,tr,2013,Kepler,267.291,0,0.718,1.41,0.050,35,0,0.64,0.69,4925
Kepler-620 b,tr,2016,Kepler,12.9138,0,0.1053,3.32,0.289,,0,1.22,1.15,6155
Kepler-621 b,tr,2016,Kepler,2.62811,0,0.031,2.3,0.057,,0,0.68,0.72,4521
Kepler-622 b,tr,2016,Kepler,14.2823,0,0.0978,2.13,0.103,,0,0.61,0.64,4201
Kepler-623 b,tr,2016,Kepler,9.07098,0,0.0854,3.01,0.091,,0,0.86,0.9,5443
Kepler-624 b,tr,2016,Kepler,14.5865,0,0.1164,2.31,0.123,,0,1.18,1.1,6117
Kepler-625 b,tr,2016,Kepler,7.75192,0,0.08137,1.99,0.028,,0,0.96,1.04,5789
Kepler-625 c,tr,2016,Kepler,4.16537,0,0.05379,1.05,0.038,,0,0.96,1.04,5789
Kepler-626 b,tr,2016,Kepler,14.4859,0,0.1091,2.29,0.105,,0,1.05,1.01,5813
Kepler-627 b,tr,2016,Kepler,40.6994,0,0.2266,3.73,0.324,,0,1.49,1.3,6424
Kepler-629 b,tr,2016,Kepler,7.23859,0,0.07107,1.38,0.036,,0,0.84,0.93,5444
Kepler-63 b,tr,2013,Kepler,9.43415,0,0.08,6.11,0.033,120,0,0.901,0.984,5576
Kepler-630 b,tr,2016,Kepler,161.474,0,0.562,3.18,0.107,,0,1.04,1.02,5829
Kepler-631 b,tr,2016,Kepler,17.9798,0,0.1402,2.9,0.095,,0,1.33,1.24,6185
Kepler-632 b,tr,2016,Kepler,30.9966,0,0.1885,2.21,0.093,,0,0.84,0.91,5322
Kepler-633 b,tr,2016,Kepler,8.50341,0,0.08185,1.63,0.160,,0,1.15,1.02,5899
Kepler-633 c,tr,2021,Kepler,23.7832,0,0.1625,2.296,,,0,1.26,0.997,5877
Kepler-634 b,tr,2016,Kepler,5.1695,0,0.05765,1.89,0.146,,0,1.24,1.03,6075
Kepler-635 b,tr,2016,Kepler,23.4497,0,0.1833,2.64,0.119,,0,1.51,1.33,6174
Kepler-636 b,tr,2016,Kepler,16.0807,0,0.1185,4.45,0.030,,0,0.8,0.85,5203
Kepler-637 b,tr,2016,Kepler,23.2058,0,0.1662,4.75,0.113,,0,2.56,1.64,6096
Kepler-638 b,tr,2016,Kepler,6.07973,0,0.06695,1.83,0.238,,0,0.93,0.88,5382
Kepler-639 b,tr,2016,Kepler,10.2142,0,0.09358,2.38,0.187,,0,1.29,1.14,5896
Kepler-640 b,tr,2016,Kepler,22.2481,0,0.1542,2.56,0.059,,0,0.94,1.01,5653
Kepler-641 b,tr,2016,Kepler,9.48962,0,0.0895,1.85,0.151,,0,1.13,1.02,5713
Kepler-642 b,tr,2016,Kepler,4.41746,0,0.05631,2.9,0.321,,0,1.66,1.4,6570
Kepler-643 b,tr,2016,Kepler,16.3389,0,0.1348,10.16,0.031,321,0,2.52,1,4908
Kepler-644 b,tr,2016,Kepler,3.17392,0,0.04641,3.15,0.281,,0,1.81,1.49,6747
Kepler-645 b,tr,2016,Kepler,3.27582,0,0.04541,2.1,0.217,,0,1.21,1.13,6170
Kepler-646 b,tr,2016,Kepler,15.8736,0,0.1125,1.99,0.141,,0,0.91,0.93,5634
Kepler-647 b,tr,2016,Kepler,16.2255,0,0.1224,1.17,0.107,,0,1.07,1.03,6020
Kepler-647 c,tr,2020,Kepler,29.6663,0,0.1829,4.001,,,0,1.55,1.07,5907
Kepler-648 b,tr,2016,Kepler,17.4212,0,0.1332,3.22,0.056,,0,0.98,1.05,5741
Kepler-649 b,tr,2016,Kepler,29.9072,0,0.1752,2.26,0.058,,0,0.94,0.97,5871
Kepler-65 b,tr,2012,Kepler,2.15491,0,0.035,1.42,0.021,2.4,0,1.41,1.25,6211
Kepler-65 c,tr,2012,Kepler,5.85994,0,0.068,2.58,0.023,5.4,0,1.41,1.25,6211
Kepler-65 d,tr,2012,Kepler,8.13123,0,0.084,1.52,0.026,4.14,0,1.41,1.25,6211
Kepler-65 e,rv,2019,other,258.8,0,0.8539,,,260,0,1.44,1.25,6220
Kepler-650 b,tr,2016,Kepler,3.03215,0,0.0421,2.96,0.162,,0,1.35,1.08,5849
Kepler-651 b,tr,2016,Kepler,21.3852,0,0.1408,2.37,0.076,,0,0.87,0.92,5522
Kepler-652 b,tr,2016,Kepler,4.182,0,0.04958,2.49,0.022,,0,0.88,0.97,5490
Kepler-653 b,tr,2016,Kepler,14.7075,0,0.1195,1.95,0.141,,0,1.19,1.02,5665
Kepler-653 c,tr,2016,Kepler,0.900376,0,0.01855,0.78,0.160,,0,1.19,1.02,5665
Kepler-654 b,tr,2016,Kepler,13.7247,0,0.1166,2.07,0.152,,0,1.11,1.04,5865
Kepler-655 b,tr,2016,Kepler,46.4063,0,0.257,2.71,0.125,,0,1.24,1.15,6170
Kepler-656 b,tr,2016,Kepler,1.26026,0,0.02231,3.12,0.088,,0,0.82,0.86,5281
Kepler-656 c,tr,2023,Kepler,5.25449,0,0.0602,1.41,0.174,,0,0.954,1.05,5550
Kepler-657 b,tr,2016,Kepler,24.5435,0,0.1734,3.52,0.143,,0,1.01,1.01,5808
Kepler-658 b,tr,2016,Kepler,1.28708,0,0.0188,1.63,0.037,,0,0.6,0.63,4103
Kepler-659 b,tr,2016,Kepler,17.6718,0,0.1204,2.5,0.112,,0,0.74,0.79,4870
Kepler-66 b,tr,2013,Kepler,17.8158,0,0.1352,2.8,0.057,,0,0.966,1.04,5962
Kepler-660 b,tr,2016,Kepler,9.27358,0,0.0759,2.57,0.054,,0,0.71,0.75,4779
Kepler-661 b,tr,2016,Kepler,6.0293,0,0.0585,3.07,0.054,,0,0.67,0.7,4483
Kepler-662 b,tr,2016,Kepler,21.677,0,0.1408,2.18,0.053,,0,0.74,0.79,4897
Kepler-663 b,tr,2016,Kepler,4.99678,0,0.0559,2.6,0.069,,0,0.82,0.86,5264
Kepler-664 b,tr,2016,Kepler,2.52559,0,0.0374,2.66,0.175,,0,1.02,1.01,5754
Kepler-665 b,tr,2016,Kepler,16.0131,0,0.1148,2.6,0.058,,0,0.74,0.79,4913
Kepler-666 b,tr,2016,Kepler,4.49876,0,0.0542,2.4,0.179,,0,1.05,1.03,5887
Kepler-667 b,tr,2016,Kepler,41.4396,0,0.2288,4.73,0.071,,0,0.87,0.91,5327
Kepler-668 b,tr,2016,Kepler,8.35391,0,0.0768,2.7,0.076,,0,0.82,0.87,5352
Kepler-669 b,tr,2016,Kepler,4.12555,0,0.0529,4.83,0.189,,0,1.2,1.15,6038
Kepler-67 b,tr,2013,Kepler,15.7259,0,0.1171,2.94,0.054,,0,0.778,0.865,5331
Kepler-670 b,tr,2016,Kepler,2.8165,0,0.0383,13.18,0.157,,0,0.99,0.99,5709
Kepler-671 b,tr,2016,Kepler,4.28096,0,0.0503,2.69,0.128,,0,0.95,0.97,5624
Kepler-672 b,tr,2016,Kepler,38.3775,0,0.2163,2.5,0.100,,0,0.92,0.95,5627
Kepler-673 b,tr,2016,Kepler,3.72873,0,0.0455,6.54,0.077,,0,0.84,0.88,5355
Kepler-674 b,tr,2016,Kepler,2.24338,0,0.028,1.69,0.050,,0,0.57,0.6,4192
Kepler-675 b,tr,2016,Kepler,2.33744,0,0.0325,2.44,0.082,,0,0.75,0.79,4945
Kepler-676 b,tr,2016,Kepler,11.5982,0,0.0798,3.04,0.079,,0,0.49,0.51,3701
Kepler-677 b,tr,2016,Kepler,6.57532,0,0.067,5.38,0.148,,0,0.99,1,5723
Kepler-678 b,tr,2016,Kepler,7.27504,0,0.0732,5.14,0.098,,0,0.91,0.94,5520
Kepler-679 b,tr,2016,Kepler,12.3936,0,0.0983,3.01,0.118,,0,0.84,0.87,5403
Kepler-68 b,tr,2013,Kepler,5.39875,0,0.06135,2.357,0.010,8.03,0,1.26,1.06,5847
Kepler-68 c,tr,2013,Kepler,9.60503,0,0.09008,0.979,0.019,1.3,0,1.26,1.06,5847
Kepler-68 d,rv,2013,other,632.62,0,1.469,,,267,0,1.26,1.06,5847
Kepler-68 e,rv,2023,other,3455,0,4.6,,,86.45,1,1.26,1.06,5847
Kepler-680 b,tr,2016,Kepler,3.68993,0,0.0469,2.42,0.221,,0,1.11,1.08,5890
Kepler-681 b,tr,2016,Kepler,26.3944,0,0.1635,3.08,0.052,,0,0.76,0.8,5021
Kepler-682 b,tr,2016,Kepler,12.6119,0,0.1058,7.37,0.086,,0,0.89,0.92,5559
Kepler-683 b,tr,2016,Kepler,2.53918,0,0.0355,1.97,0.129,,0,0.95,0.96,5703
Kepler-684 b,tr,2016,Kepler,6.7703,0,0.064,3.36,0.089,,0,0.86,0.89,5493
Kepler-685 b,tr,2016,Kepler,1.62552,0,0.0265,10.58,0.201,,0,1.16,1.11,5963
Kepler-686 b,tr,2016,Kepler,1.59475,0,0.0258,12.15,0.123,,0,0.92,0.94,5649
Kepler-687 b,tr,2016,Kepler,20.5059,0,0.1326,3.52,0.051,,0,0.73,0.77,4841
Kepler-688 b,tr,2016,Kepler,3.89594,0,0.046,9.76,0.140,,0,0.96,0.98,5715
Kepler-689 b,tr,2016,Kepler,22.3666,0,0.1449,2.89,0.100,,0,0.88,0.91,5518
Kepler-69 b,tr,2013,Kepler,13.7223,0,0.094,2.24,0.163,,0,0.93,0.81,5638
Kepler-69 c,tr,2013,Kepler,242.461,0,0.64,1.71,0.167,,0,0.93,0.81,5638
Kepler-690 b,tr,2016,Kepler,7.74809,0,0.081,5.95,0.217,,0,1.16,1.11,5913
Kepler-691 b,tr,2016,Kepler,8.11438,0,0.0649,2.09,0.043,,0,0.5,0.53,3715
Kepler-692 b,tr,2016,Kepler,21.8129,0,0.1495,3.11,0.096,,0,0.86,0.9,5440
Kepler-693 b,tr,2016,Kepler,15.3756,0,0.1121,10.18,0.062,,0,0.72,0.76,4881
Kepler-694 b,tr,2016,Kepler,6.36584,0,0.0659,2.8,0.132,,0,0.95,0.97,5700
Kepler-695 b,tr,2016,Kepler,3.04033,0,0.0374,9.21,0.069,,0,0.8,0.84,5181
Kepler-696 b,tr,2016,Kepler,4.19043,0,0.0535,6.14,0.190,,0,1.08,1.06,5903
Kepler-697 b,tr,2016,Kepler,3.70987,0,0.0471,4.13,0.104,,0,0.88,0.92,5513
Kepler-698 b,tr,2016,Kepler,16.3298,0,0.1255,3.68,0.122,,0,0.91,0.94,5612
Kepler-7 b,tr,2009,Kepler,4.88549,0,0.06067,18.18,0.008,140.2,0,1.97,1.36,5933
Kepler-700 b,tr,2016,Kepler,80.8721,0,0.3577,5.99,0.118,,0,0.96,0.98,5692
Kepler-701 b,tr,2016,Kepler,10.3553,0,0.0895,2.84,0.118,,0,0.84,0.88,5343
Kepler-702 b,tr,2016,Kepler,10.5263,0,0.088,9.17,0.077,,0,0.86,0.9,5419
Kepler-703 b,tr,2016,Kepler,4.58352,0,0.0535,8.2,0.311,,0,1.27,1.18,6185
Kepler-704 b,tr,2016,Kepler,3.76182,0,0.047,2.61,0.197,,0,0.96,0.97,5616
Kepler-705 b,tr,2016,Kepler,56.0561,0,0.232,2.11,0.043,,0,0.51,0.53,3722
Kepler-707 b,tr,2016,Kepler,2.23749,0,0.0325,1.33,0.071,,0,0.76,0.8,5099
Kepler-708 b,tr,2016,Kepler,3.16789,0,0.0426,2.93,0.157,,0,0.96,0.97,5692
Kepler-709 b,tr,2016,Kepler,16.0852,0,0.1173,2.92,0.063,,0,0.77,0.8,5071
Kepler-710 b,tr,2016,Kepler,4.34729,0,0.0524,1.88,0.104,,0,0.91,0.94,5611
Kepler-711 b,tr,2016,Kepler,23.5891,0,0.1429,3.41,0.142,,0,0.8,0.84,5222
Kepler-712 b,tr,2016,Kepler,21.0225,0,0.1361,3.41,0.037,,0,0.78,0.84,5148
Kepler-712 c,tr,2016,Kepler,226.89,0,0.6648,4.85,0.069,,0,0.78,0.84,5148
Kepler-713 b,tr,2016,Kepler,7.41114,0,0.0748,2.48,0.159,,0,0.99,0.98,5785
Kepler-714 b,tr,2016,Kepler,8.09889,0,0.0832,9.67,0.181,,0,1.12,1.09,5995
Kepler-715 b,tr,2016,Kepler,10.0065,0,0.0933,3.75,0.177,,0,1.04,1.04,5871
Kepler-716 b,tr,2016,Kepler,10.3717,0,0.08628,2.9,0.090,,0,0.78,0.83,5099
Kepler-716 c,tr,2020,Kepler,3.96999,0,0.04548,1.393,,,0,0.742,0.83,5012
Kepler-717 b,tr,2016,Kepler,4.4084,0,0.052,2.42,0.124,,0,0.85,0.88,5485
Kepler-718 b,tr,2016,Kepler,2.05235,0,0.0322,16.56,0.305,,0,1.3,1.18,6191
Kepler-719 b,tr,2016,Kepler,5.00732,0,0.0556,8.52,0.160,,0,0.98,0.99,5777
Kepler-720 b,tr,2016,Kepler,4.70833,0,0.0539,8.41,0.143,,0,0.92,0.95,5618
Kepler-721 b,tr,2016,Kepler,5.39203,0,0.0583,2.64,0.053,,0,0.78,0.82,5075
Kepler-722 b,tr,2016,Kepler,4.09357,0,0.0514,2.63,0.190,,0,1.05,1.03,5863
Kepler-722 c,tr,2016,Kepler,105.145,0,0.4471,2.82,0.158,,0,1.05,1.03,5863
Kepler-723 b,tr,2016,Kepler,4.08228,0,0.0479,12.19,0.097,,0,0.89,0.92,5539
Kepler-724 b,tr,2016,Kepler,3.31495,0,0.0433,3.29,0.096,,0,0.86,0.9,5437
Kepler-725 b,tr,2016,Kepler,39.6437,0,0.2238,10.8,0.056,521.8,0,0.88,0.95,5395
Kepler-725 c,ot,2025,Kepler,207.541,0,0.6744,,,9.7,0,0.88,0.95,5395
Kepler-726 b,tr,2016,Kepler,21.8045,0,0.1406,3.26,0.103,,0,0.85,0.88,5452
Kepler-727 b,tr,2016,Kepler,5.15448,0,0.0546,2.53,0.130,,0,0.86,0.89,5441
Kepler-728 b,tr,2016,Kepler,5.74348,0,0.0625,3.34,0.106,,0,0.93,0.95,5660
Kepler-729 b,tr,2016,Kepler,3.16635,0,0.0432,3.58,0.094,,0,0.91,0.94,5633
Kepler-730 b,tr,2016,Kepler,6.49168,0,0.0694,12.33,0.044,,0,1.41,1.05,5620
Kepler-730 c,tr,2018,Kepler,2.85188,0,0.03997,1.569,0.086,,0,1.41,1.05,5620
Kepler-731 b,tr,2016,Kepler,3.8556,0,0.0505,13.88,0.169,,0,1.06,1.03,5849
Kepler-732 b,tr,2016,Kepler,9.46781,0,0.0691,2.18,0.064,,0,0.46,0.49,3631
Kepler-732 c,tr,2016,Kepler,0.893041,0,0.0143,1.27,0.067,,0,0.46,0.49,3631
Kepler-733 b,tr,2016,Kepler,20.8342,0,0.1483,2.82,0.115,,0,0.86,0.9,5418
Kepler-734 b,tr,2016,Kepler,6.10485,0,0.0583,3.56,0.038,,0,0.78,0.85,5326
Kepler-735 b,tr,2016,Kepler,11.5152,0,0.0965,2.95,0.047,,0,0.8,0.85,5107
Kepler-736 b,tr,2016,Kepler,3.60147,0,0.0428,2.93,0.119,,0,0.81,0.86,5217
Kepler-737 b,tr,2016,Kepler,28.5992,0,0.1422,1.96,0.056,,0,0.48,0.51,3813
Kepler-738 b,tr,2016,Kepler,24.5872,0,0.1552,2.5,0.074,,0,0.82,0.86,5327
Kepler-739 b,tr,2016,Kepler,12.5325,0,0.1054,3.32,0.117,,0,0.9,0.93,5601
Kepler-74 b,tr,2013,Kepler,7.34071,0,0.0781,10.76,0.020,200.2,0,1.12,1.18,6000
Kepler-740 b,tr,2016,Kepler,3.5841,0,0.0462,4.57,0.088,,0,0.87,0.91,5438
Kepler-741 b,tr,2016,Kepler,7.03902,0,0.0744,2.97,0.229,,0,1.24,1.16,6129
Kepler-742 b,tr,2016,Kepler,8.36087,0,0.0744,3.24,0.043,,0,0.71,0.76,4642
Kepler-743 b,tr,2016,Kepler,3.17926,0,0.04166,1.21,0.033,,0,0.85,0.94,5486
Kepler-744 b,tr,2016,Kepler,12.0622,0,0.09735,1.62,0.065,,0,0.93,0.94,5594
Kepler-745 b,tr,2016,Kepler,9.93144,0,0.0915,2.16,0.185,,0,1.04,1.04,5849
Kepler-746 b,tr,2016,Kepler,3.48159,0,0.0435,1.11,0.099,,0,0.93,0.91,5418
Kepler-747 b,tr,2016,Kepler,35.6176,0,0.1916,5.27,0.054,,0,0.78,0.82,5096
Kepler-748 b,tr,2016,Kepler,7.40743,0,0.0745,2.52,0.187,,0,1.1,1.07,5934
Kepler-749 b,tr,2016,Kepler,17.3172,0,0.1054,3.1,0.079,,0,0.75,0.79,5009
Kepler-75 b,tr,2013,Kepler,8.88491,0,0.0818,11.77,0.029,3210,0,0.89,0.91,5200
Kepler-750 b,tr,2016,Kepler,9.42887,0,0.08742,3.07,0.238,,0,1.23,1.15,6160
Kepler-750 c,tr,2016,Kepler,4.08899,0,0.05009,1.62,0.269,,0,1.23,1.15,6160
Kepler-751 b,tr,2016,Kepler,17.4449,0,0.1263,2.46,0.083,,0,0.84,0.87,5387
Kepler-752 b,tr,2016,Kepler,18.8275,0,0.1353,2.81,0.084,,0,0.83,0.87,5373
Kepler-753 b,tr,2016,Kepler,5.74773,0,0.054,1.91,0.089,,0,0.65,0.68,4346
Kepler-754 b,tr,2016,Kepler,14.5596,0,0.116,2.01,0.184,,0,1.08,1.06,5935
Kepler-755 b,tr,2016,Kepler,1.26909,0,0.02156,1.76,0.105,,0,0.77,0.82,5043
Kepler-755 c,tr,2016,Kepler,2.85313,0,0.037,1.26,0.040,,0,0.77,0.82,5043
Kepler-756 b,tr,2016,Kepler,1.22487,0,0.0219,1.12,0.085,,0,0.79,0.82,5282
Kepler-757 b,tr,2016,Kepler,1.02268,0,0.019,1.36,0.250,,0,1.13,1.08,6014
Kepler-758 b,tr,2016,Kepler,12.1097,0,0.1075,2.48,0.192,,0,1.42,1.16,6228
Kepler-758 c,tr,2016,Kepler,4.75794,0,0.05768,1.69,0.195,,0,1.42,1.16,6228
Kepler-758 d,tr,2016,Kepler,20.4966,0,0.1527,2.12,0.189,,0,1.42,1.16,6228
Kepler-758 e,tr,2016,Kepler,8.19347,0,0.0829,1.53,0.186,,0,1.42,1.16,6228
Kepler-759 b,tr,2016,Kepler,41.806,0,0.2329,2.27,0.161,,0,1.04,1.04,5860
Kepler-76 b,ot,2013,Kepler,1.54493,0,0.0274,15.24,0.088,638.8,0,1.32,1.2,6409
Kepler-760 b,tr,2016,Kepler,8.70419,0,0.08087,3.06,0.082,,0,0.85,0.89,5322
Kepler-760 c,tr,2016,Kepler,2.46697,0,0.03489,1.48,0.071,,0,0.85,0.89,5322
Kepler-761 b,tr,2016,Kepler,10.128,0,0.0874,2.03,0.103,,0,0.93,0.95,5706
Kepler-762 b,tr,2016,Kepler,3.77055,0,0.0493,12.68,0.154,,0,1.08,1.06,5944
Kepler-763 b,tr,2016,Kepler,1.19655,0,0.0205,1.22,0.070,,0,0.8,0.84,5166
Kepler-763 c,tr,2023,Kepler,4.09668,0,0.0466,1.42,0.060,,0,0.843,0.8,4999
Kepler-763 d,tr,2023,Kepler,6.50327,0,0.0634,1.67,0.060,,0,0.843,0.8,4999
Kepler-764 b,tr,2016,Kepler,7.33684,0,0.0724,1.64,0.101,,0,0.89,0.92,5557
Kepler-765 b,tr,2016,Kepler,27.6655,0,0.1754,2.43,0.154,,0,1.06,1.05,5901
Kepler-766 b,tr,2016,Kepler,6.10028,0,0.066,3.39,0.196,,0,1.15,1.1,5992
Kepler-767 b,tr,2016,Kepler,161.528,0,0.5874,6.64,0.106,,0,0.94,0.96,5694
Kepler-768 b,tr,2016,Kepler,11.391,0,0.092,1.79,0.092,,0,0.78,0.82,5108
Kepler-769 b,tr,2016,Kepler,7.42609,0,0.0778,2.92,0.301,,0,1.28,1.19,6186
Kepler-769 c,tr,2016,Kepler,15.987,0,0.1297,1.79,0.288,,0,1.28,1.19,6186
Kepler-77 b,tr,2013,Kepler,3.57878,0,0.04501,10.76,0.017,136.7,0,0.99,0.95,5520
Kepler-770 b,tr,2016,Kepler,18.9254,0,0.1694,2.3,0.107,,0,0.92,0.94,5598
Kepler-770 c,tr,2016,Kepler,1.47532,0,0.0309,1.2,0.121,,0,0.92,0.94,5598
Kepler-770 d,tr,2016,Kepler,4.15245,0,0.0616,1.4,0.107,,0,0.92,0.94,5598
Kepler-771 b,tr,2016,Kepler,8.73486,0,0.0843,1.82,0.143,,0,1.05,1.03,5906
Kepler-772 b,tr,2016,Kepler,12.9921,0,0.1115,1.82,0.168,,0,1.11,0.98,5714
Kepler-773 b,tr,2016,Kepler,3.7491,0,0.04682,1.43,0.056,,0,1.01,1.04,5850
Kepler-774 b,tr,2016,Kepler,11.0896,0,0.1082,3.17,0.158,,0,2.42,1.57,6403
Kepler-775 b,tr,2016,Kepler,0.974869,0,0.01834,1.19,0.034,,0,0.84,0.92,5468
Kepler-776 b,tr,2016,Kepler,4.89719,0,0.0523,1.28,0.070,,0,0.78,0.83,5071
Kepler-777 b,tr,2016,Kepler,5.72813,0,0.0519,1.47,0.054,,0,0.56,0.58,4043
Kepler-778 b,tr,2016,Kepler,3.75574,0,0.0453,1.68,0.068,,0,0.77,0.81,5102
Kepler-779 b,tr,2016,Kepler,7.09714,0,0.0533,0.92,0.076,,0,0.44,0.46,3804
Kepler-78 b,tr,2013,Kepler,0.355007,0,0.00901,1.201,0.023,1.68,0,0.748,0.779,5058
Kepler-780 b,tr,2016,Kepler,0.677375,0,0.015,0.89,0.084,,0,1.02,1.01,5769
Kepler-781 b,tr,2016,Kepler,13.2141,0,0.1019,2.89,0.126,,0,0.78,0.81,5162
Kepler-782 b,tr,2016,Kepler,158.685,0,0.5449,3.21,0.120,,0,1.01,0.98,5867
Kepler-783 b,tr,2016,Kepler,4.29265,0,0.04958,0.78,0.077,,0,0.89,0.93,5521
Kepler-783 c,tr,2020,Kepler,7.05395,0,0.06903,2.332,,,0,0.872,0.94,5411
Kepler-784 b,tr,2016,Kepler,31.5923,0,0.2211,1.58,0.209,,0,1.32,1,5674
Kepler-784 c,tr,2023,Kepler,17.1572,0,0.1309,1.55,0.194,,0,1.49,1.02,5676
Kepler-785 b,tr,2016,Kepler,1.97376,0,0.025,13.02,0.037,,0,0.71,0.77,4739
Kepler-786 b,tr,2016,Kepler,53.5293,0,0.2548,2.43,0.039,,0,0.74,0.81,4838
Kepler-787 b,tr,2016,Kepler,0.92831,0,0.0159,1.28,0.051,,0,0.62,0.65,4248
Kepler-788 b,tr,2016,Kepler,8.39846,0,0.0835,2.55,0.255,,0,1.23,1.16,6159
Kepler-789 b,tr,2016,Kepler,8.63848,0,0.0951,2.12,0.153,,0,1.02,1.01,5870
Kepler-79 b,tr,2012,Kepler,13.4845,0,0.1193,3.51,0.028,7.6,0,1.32,1.24,6389
Kepler-79 c,tr,2012,Kepler,27.4026,0,0.1914,3.76,0.029,4.6,0,1.32,1.24,6389
Kepler-79 d,tr,2014,Kepler,52.0897,0,0.2937,7.15,0.028,5.3,0,1.32,1.24,6389
Kepler-79 e,tr,2014,Kepler,81.0665,0,0.3945,3.53,0.045,3.8,0,1.32,1.24,6389
Kepler-790 b,tr,2016,Kepler,13.7347,0,0.101,2.18,0.071,,0,0.8,0.84,5208
Kepler-791 b,tr,2016,Kepler,14.554,0,0.1256,3.05,0.331,,0,1.47,1.3,6383
Kepler-792 b,tr,2016,Kepler,11.3012,0,0.0988,1.96,0.184,,0,1.12,1.09,5971
Kepler-793 b,tr,2016,Kepler,4.24154,0,0.0491,1.37,0.161,,0,0.97,0.98,5745
Kepler-794 b,tr,2016,Kepler,11.1313,0,0.1004,2.11,0.204,,0,1.38,1.19,5839
Kepler-795 b,tr,2016,Kepler,29.6193,0,0.1803,1.68,0.092,,0,0.96,0.94,5631
Kepler-796 b,tr,2016,Kepler,6.40088,0,0.07317,1.3,0.223,,0,1.09,0.93,5475
Kepler-797 b,tr,2016,Kepler,27.0724,0,0.181,2.17,0.150,,0,0.95,0.96,5680
Kepler-798 b,tr,2016,Kepler,13.7193,0,0.1174,2.39,0.289,,0,1.29,1.19,6224
Kepler-799 b,tr,2016,Kepler,133.461,0,0.5167,6.88,0.103,,0,0.93,0.95,5681
Kepler-799 c,tr,2021,Kepler,15.1942,0,0.1214,2.781,,,0,1.59,1.03,5588
Kepler-8 b,tr,2010,Kepler,3.5225,0,0.0474,15.87,0.041,187.5,0,1.49,1.21,6213
Kepler-80 b,tr,2012,Kepler,7.05246,0,0.0648,2.67,0.037,6.93,0,0.678,0.73,4540
Kepler-80 c,tr,2012,Kepler,9.52355,0,0.0792,2.74,0.040,6.74,0,0.678,0.73,4540
Kepler-80 d,tr,2014,Kepler,3.07222,0,0.0372,1.53,0.052,6.75,0,0.678,0.73,4540
Kepler-80 e,tr,2014,Kepler,4.64489,0,0.0491,1.6,0.047,4.13,0,0.678,0.73,4540
Kepler-80 f,tr,2016,Kepler,0.986787,0,0.0175,1.21,0.045,4460,0,0.678,0.73,4540
Kepler-80 g,tr,2017,Kepler,14.6456,0,,1.13,0.124,0.065,0,0.678,0.83,4540
Kepler-800 b,tr,2016,Kepler,14.1318,0,0.1106,2.85,0.105,,0,0.82,0.85,5315
Kepler-801 b,tr,2016,Kepler,11.4193,0,0.0795,2,0.045,,0,0.63,0.67,4435
Kepler-802 b,tr,2016,Kepler,40.0587,0,0.2265,3.54,0.123,,0,0.9,0.93,5507
Kepler-803 b,tr,2016,Kepler,50.2864,0,0.2672,3.79,0.123,,0,1.12,1.05,5919
Kepler-804 b,tr,2016,Kepler,14.3746,0,0.1129,1.94,0.103,,0,1.05,1.01,5817
Kepler-804 c,tr,2016,Kepler,9.65185,0,0.08654,1.14,0.149,,0,1.05,1.01,5817
Kepler-805 b,tr,2016,Kepler,30.8639,0,0.1985,2.89,0.066,,0,1.65,1.19,6112
Kepler-806 b,tr,2016,Kepler,8.0922,0,0.07684,1.14,0.250,,0,1.16,0.99,5770
Kepler-808 b,tr,2016,Kepler,0.631332,0,0.01314,1.46,0.048,,0,0.71,0.76,4653
Kepler-809 b,tr,2016,Kepler,55.6393,0,0.2901,3.01,0.153,,0,0.98,0.99,5734
Kepler-81 b,tr,2012,Kepler,5.955,0,0.0522,2.42,0.157,17.2,0,0.59,0.64,4385
Kepler-81 c,tr,2012,Kepler,12.04,0,0.08347,2.37,0.156,4.3,0,0.59,0.64,4385
Kepler-81 d,tr,2014,Kepler,20.8378,0,0.128,1.21,0.223,,0,0.595,0.648,4500
Kepler-810 b,tr,2016,Kepler,4.59725,0,0.055,1.93,0.155,,0,1.04,1.03,5803
Kepler-811 b,tr,2016,Kepler,23.5845,0,0.1591,2.7,0.215,,0,1.24,1.01,5747
Kepler-812 b,tr,2016,Kepler,10.1172,0,0.1024,3.55,0.286,,0,1.71,1.45,6761
Kepler-813 b,tr,2016,Kepler,19.1295,0,0.1439,2.14,0.143,,0,0.93,0.95,5743
Kepler-814 b,tr,2016,Kepler,6.14699,0,0.0695,2.12,0.233,,0,1.22,1.15,6162
Kepler-815 b,tr,2016,Kepler,8.57504,0,0.09473,4.11,0.063,,0,3.42,1.25,5028
Kepler-816 b,tr,2016,Kepler,10.5068,0,0.0895,10.24,0.060,,0,0.85,0.9,5286
Kepler-817 b,tr,2016,Kepler,3.99011,0,0.0493,9.03,0.177,,0,1.03,1.03,5861
Kepler-818 b,tr,2016,Kepler,10.0354,0,0.0886,5.11,0.119,,0,0.92,0.94,5638
Kepler-819 b,tr,2016,Kepler,33.1996,0,0.1894,2.76,0.076,,0,0.81,0.86,5279
Kepler-82 b,tr,2012,Kepler,26.44,0,0.1683,4.07,0.042,12.15,0,0.898,0.91,5401
Kepler-82 c,tr,2012,Kepler,51.54,0,0.2626,5.34,0.042,13.9,0,0.898,0.91,5401
Kepler-82 d,tr,2014,Kepler,2.38296,0,0.034,1.77,0.153,885.1,0,0.945,0.946,5428
Kepler-82 e,tr,2014,Kepler,5.90221,0,0.063,2.47,0.150,254,0,0.945,0.946,5428
Kepler-82 f,ot,2019,other,75.732,0,0.3395,,,20.9,0,0.898,0.91,5401
Kepler-820 b,tr,2016,Kepler,127.834,0,0.56,6.09,0.293,,0,1.36,1.23,6260
Kepler-821 b,tr,2016,Kepler,1.9228,0,0.029,1.31,0.069,,0,0.8,0.84,5191
Kepler-822 b,tr,2016,Kepler,3.22297,0,0.04078,1.77,0.175,,0,1.08,1.06,5928
Kepler-823 b,tr,2016,Kepler,4.16809,0,0.0507,1.57,0.143,,0,0.96,0.98,5643
Kepler-824 b,tr,2016,Kepler,4.51437,0,0.055,1.87,0.251,,0,1.22,1.15,6035
Kepler-825 b,tr,2016,Kepler,3.7736,0,0.0453,1.53,0.199,,0,1.08,1.03,5976
Kepler-825 c,tr,2016,Kepler,8.18182,0,0.0759,1.84,0.174,,0,1.08,1.03,5976
Kepler-826 b,tr,2016,Kepler,4.48759,0,0.05202,1.25,0.136,,0,1.15,1.05,6079
Kepler-827 b,tr,2016,Kepler,51.9293,0,0.2742,5.63,0.103,,0,0.91,0.93,5602
Kepler-828 b,tr,2016,Kepler,0.567857,0,0.01228,1.51,0.063,,0,0.77,0.81,5039
Kepler-829 b,tr,2016,Kepler,6.88338,0,0.0678,2.11,0.147,,0,0.97,0.98,5698
Kepler-83 b,tr,2012,Kepler,9.77,0,0.07295,2.83,0.145,2.94,0,0.61,0.66,4082
Kepler-83 c,tr,2012,Kepler,20.09,0,0.118,2.36,0.148,2.03,0,0.61,0.66,4082
Kepler-83 d,tr,2014,Kepler,5.1698,0,0.051,1.94,0.067,4.1,0,0.594,0.58,4648
Kepler-830 b,tr,2016,Kepler,11.297,0,0.1033,1.7,0.253,,0,1.11,1.07,6037
Kepler-831 b,tr,2016,Kepler,5.62154,0,0.05984,1.27,0.067,,0,0.97,0.99,5732
Kepler-832 b,tr,2016,Kepler,7.13969,0,0.075,2.06,0.119,,0,0.9,0.92,5596
Kepler-833 b,tr,2016,Kepler,18.7547,0,0.1139,2.02,0.052,,0,0.62,0.64,4339
Kepler-834 b,tr,2016,Kepler,13.3239,0,0.0862,2.02,0.050,,0,0.66,0.7,4554
Kepler-835 b,tr,2016,Kepler,11.4191,0,0.107,2.79,0.149,,0,1.11,1.08,5954
Kepler-836 b,tr,2016,Kepler,11.3611,0,0.1013,2.73,0.176,,0,1.04,1.03,5895
Kepler-837 b,tr,2016,Kepler,16.5606,0,0.1144,2.56,0.127,,0,0.81,0.85,5403
Kepler-838 b,tr,2016,Kepler,15.7496,0,0.1266,2.73,0.139,,0,0.96,0.98,5770
Kepler-839 b,tr,2016,Kepler,37.8145,0,0.2316,2.57,0.128,,0,1.31,1.22,6058
Kepler-84 b,tr,2012,Kepler,8.726,0,0.0827,2.23,0.045,40,0,1.43,1,6039
Kepler-84 c,tr,2012,Kepler,12.883,0,0.1072,2.36,0.047,20.2,0,1.43,1,6039
Kepler-84 d,tr,2014,Kepler,4.22454,0,0.052,1.38,0.196,,0,1.17,1.06,6031
Kepler-84 e,tr,2014,Kepler,27.4344,0,0.181,2.6,0.188,,0,1.17,1.06,6031
Kepler-84 f,tr,2014,Kepler,44.5522,0,0.25,2.2,0.195,,0,1.17,1.06,6031
Kepler-841 b,tr,2016,Kepler,124.42,0,0.479,5.23,0.074,,0,0.81,0.85,5324
Kepler-842 b,tr,2016,Kepler,1.21957,0,0.0204,1.6,0.053,,0,0.73,0.78,4848
Kepler-843 b,tr,2016,Kepler,2.05388,0,0.0313,2.59,0.166,,0,1.03,1.02,5830
Kepler-844 b,tr,2016,Kepler,2.61302,0,0.0298,1.68,0.092,,0,0.57,0.59,4128
Kepler-845 b,tr,2016,Kepler,0.92786,0,0.01668,2.04,0.093,,0,0.75,0.79,4913
Kepler-846 b,tr,2016,Kepler,19.8079,0,0.1399,2.48,0.101,,0,0.91,0.94,5579
Kepler-847 b,tr,2016,Kepler,2.34323,0,0.0315,1.18,0.059,,0,0.77,0.83,4940
Kepler-848 b,tr,2016,Kepler,6.91134,0,0.07586,1.7,0.165,,0,1.2,1.01,5695
Kepler-849 b,tr,2016,Kepler,394.625,0,1.137,8.082,0.039,298.8,0,1.82,1.26,5950
Kepler-85 b,tr,2012,Kepler,8.3,0,0.07885,1.778,0.028,1.84,0,0.875,0.928,5505
Kepler-85 c,tr,2012,Kepler,12.51,0,0.1036,1.978,0.029,2.15,0,0.875,0.928,5505
Kepler-85 d,tr,2014,Kepler,17.9132,0,0.13,1.2,0.158,8.697,0,0.893,0.947,5436
Kepler-85 e,tr,2014,Kepler,25.2168,0,0.163,1.27,0.157,0.6,0,0.893,0.947,5436
Kepler-850 b,tr,2016,Kepler,7.19304,0,0.0744,1.78,0.191,,0,1.09,1.06,5932
Kepler-851 b,tr,2016,Kepler,8.507,0,0.0802,1.68,0.143,,0,0.85,0.89,5455
Kepler-852 b,tr,2016,Kepler,44.931,0,0.2797,2.54,0.122,,0,1.16,1.19,6100
Kepler-853 b,tr,2016,Kepler,7.16892,0,0.079,1.69,0.225,,0,1.55,1.3,6350
Kepler-855 b,tr,2016,Kepler,7.88663,0,0.0762,8.35,0.150,,0,1.03,1.03,5835
Kepler-856 b,tr,2016,Kepler,8.02768,0,0.0787,9.3,0.099,,0,0.93,0.96,5535
Kepler-857 b,tr,2016,Kepler,85.3513,0,0.3751,6.8,0.175,,0,0.99,0.99,5773
Kepler-858 b,tr,2016,Kepler,76.136,0,0.3394,4.87,0.044,,0,0.91,0.96,5653
Kepler-859 b,tr,2016,Kepler,20.3818,0,0.1316,3.09,0.053,,0,0.77,0.81,5020
Kepler-860 b,tr,2016,Kepler,5.10138,0,0.058,3.24,0.176,,0,1.06,1.04,5836
Kepler-861 b,tr,2016,Kepler,3.94963,0,0.0463,2.28,0.055,,0,0.78,0.82,5047
Kepler-862 b,tr,2016,Kepler,3.14866,0,0.039,2.21,0.138,,0,0.84,0.88,5333
Kepler-863 b,tr,2016,Kepler,15.5946,0,0.122,2.9,0.172,,0,0.95,0.96,5678
Kepler-864 b,tr,2016,Kepler,5.83376,0,0.0687,2.4,0.177,,0,1,1,5754
Kepler-864 c,tr,2023,Kepler,2.4215,0,0.0382,1.62,0.204,,0,1.2,1.27,6213
Kepler-865 b,tr,2016,Kepler,14.164,0,0.1057,2.49,0.147,,0,0.92,0.93,5570
Kepler-865 c,tr,2023,Kepler,6.2092,0,0.061,0.89,0.180,,0,0.885,0.782,5440
Kepler-866 b,tr,2016,Kepler,2.61703,0,0.0331,1.63,0.061,,0,0.71,0.75,4751
Kepler-867 b,tr,2016,Kepler,150.242,0,0.5375,4.64,0.077,,0,0.91,0.92,5541
Kepler-868 b,tr,2016,Kepler,5.03252,0,0.0575,2.05,0.090,,0,0.89,0.93,5614
Kepler-869 b,tr,2016,Kepler,40.4288,0,0.2244,3.61,0.201,,0,0.95,0.97,5664
Kepler-87 b,tr,2013,Kepler,114.736,0,0.481,13.49,0.041,324.2,0,1.82,1.1,5600
Kepler-87 c,tr,2013,Kepler,191.232,0,0.676,6.14,0.047,6.4,0,1.82,1.1,5600
Kepler-870 b,tr,2016,Kepler,21.3588,0,0.1539,2.78,0.144,,0,1.02,1.01,5857
Kepler-871 b,tr,2016,Kepler,22.0459,0,0.1572,3.74,0.218,,0,1.14,1.11,5993
Kepler-872 b,tr,2016,Kepler,2.57886,0,0.0362,1.99,0.183,,0,1.08,1.05,5902
Kepler-873 b,tr,2016,Kepler,20.5534,0,0.1542,3.75,0.292,,0,1.27,1.18,6163
Kepler-874 b,tr,2016,Kepler,40.0687,0,0.2234,3.94,0.211,,0,1.13,1.09,6020
Kepler-875 b,tr,2016,Kepler,27.5074,0,0.1771,2.9,0.253,,0,1.11,1.06,5958
Kepler-876 b,tr,2016,Kepler,5.14438,0,0.0549,1.43,0.066,,0,0.77,0.81,5060
Kepler-877 b,tr,2016,Kepler,18.4585,0,0.1301,2.12,0.097,,0,0.81,0.85,5261
Kepler-878 b,tr,2016,Kepler,25.9422,0,0.165,1.93,0.057,,0,0.77,0.81,5044
Kepler-879 b,tr,2016,Kepler,33.3856,0,0.2012,2.57,0.183,,0,1.02,1.02,5792
Kepler-879 c,tr,2024,Kepler,0.646716,0,,0.4,0.250,,0,1.02,0.974,5457
Kepler-880 b,tr,2016,Kepler,7.71469,0,0.0915,2.66,0.280,,0,1.74,1.46,6761
Kepler-880 c,tr,2023,Kepler,11.8062,0,0.1216,2.87,0.265,,0,2.6,1.71,6900
Kepler-881 b,tr,2016,Kepler,4.44448,0,0.0552,1.78,0.211,,0,1.09,1.06,5961
Kepler-882 b,tr,2016,Kepler,3.98954,0,0.04741,1.23,0.098,,0,0.87,0.9,5476
Kepler-883 b,tr,2016,Kepler,12.985,0,0.1029,1.78,0.084,,0,1.09,1.06,6116
Kepler-884 b,tr,2016,Kepler,5.6992,0,0.06116,1.23,0.041,,0,0.94,1,5715
Kepler-885 b,tr,2016,Kepler,18.1147,0,0.144,2.5,0.158,,0,1.35,1.21,6187
Kepler-886 b,tr,2016,Kepler,6.24146,0,0.06428,1.52,0.201,,0,1.16,1.1,6098
Kepler-887 b,tr,2016,Kepler,20.4223,0,0.1543,1.84,0.120,,0,1.29,1.19,6194
Kepler-887 c,tr,2016,Kepler,7.63846,0,0.0801,1.13,0.124,,0,1.29,1.19,6194
Kepler-888 b,tr,2016,Kepler,70.6979,0,0.3148,1.76,0.040,,0,0.9,0.97,5875
Kepler-889 b,tr,2016,Kepler,3.74444,0,0.04975,1.09,0.147,,0,1.25,1.14,5961
Kepler-890 b,tr,2016,Kepler,52.7588,0,0.2944,8.89,0.220,,0,1.13,1.09,5954
Kepler-891 b,tr,2016,Kepler,53.4495,0,0.2881,6.41,0.161,,0,1.07,1.06,5887
Kepler-892 b,tr,2016,Kepler,13.7521,0,0.1015,2.81,0.114,,0,0.72,0.75,4747
Kepler-893 b,tr,2016,Kepler,6.33856,0,0.0699,3.03,0.147,,0,0.99,1,5820
Kepler-894 b,tr,2016,Kepler,9.80322,0,0.0916,2.78,0.115,,0,0.85,0.87,5603
Kepler-895 b,tr,2016,Kepler,2.80624,0,0.0328,1.54,0.052,,0,0.61,0.65,4315
Kepler-896 b,tr,2016,Kepler,144.547,0,0.5638,2.53,0.073,,0,0.81,0.84,5262
Kepler-896 c,tr,2023,Kepler,29.5423,0,0.1792,3.15,0.156,,0,0.803,0.877,5510
Kepler-897 b,tr,2016,Kepler,8.04726,0,0.077,2.39,0.190,,0,1.04,1.03,5839
Kepler-898 b,tr,2016,Kepler,5.87062,0,0.0545,1.49,0.131,,0,0.62,0.65,4223
Kepler-899 b,tr,2016,Kepler,19.1789,0,0.1392,2.68,0.134,,0,0.91,0.93,5595
Kepler-9 b,tr,2010,Kepler,19.2389,0,0.143,8.29,0.059,43.4,0,0.958,1.02,5774
Kepler-9 c,tr,2010,Kepler,38.9853,0,0.227,8.08,0.059,29.9,0,0.958,1.02,5774
Kepler-9 d,tr,2010,Kepler,1.59285,0,0.0273,1.64,0.101,8.415,1,1.02,1.07,5777
Kepler-90 i,tr,2017,Kepler,14.4491,0,0.1201,1.32,0.159,,0,1.29,1.12,6015
Kepler-900 b,tr,2016,Kepler,6.99131,0,0.0679,2.08,0.111,,0,0.73,0.78,4836
Kepler-901 b,tr,2016,Kepler,3.51749,0,0.0378,1.37,0.047,,0,0.57,0.59,4184
Kepler-902 b,tr,2016,Kepler,40.11,0,0.223,2.54,0.100,,0,0.93,0.95,5647
Kepler-903 b,tr,2016,Kepler,10.3508,0,0.09081,2.01,0.177,,0,0.97,0.98,5682
Kepler-903 c,tr,2016,Kepler,62.9229,0,0.3025,2.53,0.168,,0,0.97,0.98,5682
Kepler-904 b,tr,2016,Kepler,3.02167,0,0.0417,1.77,0.234,,0,1.25,1.16,6160
Kepler-905 b,tr,2016,Kepler,5.08275,0,0.05689,1.41,0.035,,0,0.86,0.95,5461
Kepler-906 b,tr,2016,Kepler,41.698,0,0.2236,2.11,0.047,,0,1.02,1.06,6035
Kepler-907 b,tr,2016,Kepler,15.8662,0,0.1225,1.2,0.046,,0,1.38,1.08,6106
Kepler-908 b,tr,2016,Kepler,1.3406,0,0.02526,1.22,0.074,,0,1.12,1.11,5973
Kepler-909 b,tr,2016,Kepler,13.9329,0,0.1187,1.47,0.092,,0,1.23,1.17,6154
Kepler-91 b,tr,2013,Kepler,6.24658,0,0.0731,15.32,0.047,257.4,0,6.3,1.31,4550
Kepler-910 b,tr,2016,Kepler,2.36437,0,0.03752,0.82,0.043,,0,1.5,1.26,6230
Kepler-911 b,tr,2016,Kepler,20.3105,0,0.1559,2.6,0.038,,0,1.99,1.34,6112
Kepler-912 b,tr,2016,Kepler,2.53476,0,0.0339,2.8,0.241,,0,1.11,1.07,5998
Kepler-913 b,tr,2016,Kepler,10.2967,0,0.1009,2.06,0.034,,0,0.61,0.63,4687
Kepler-913 c,tr,2021,Kepler,5.93912,0,0.0699,3.858,,,0,1.8,1.29,6068
Kepler-914 b,tr,2016,Kepler,4.40967,0,0.05454,1.38,0.105,,0,1.15,1.1,5877
Kepler-915 b,tr,2016,Kepler,4.5949,0,0.05655,1.5,0.173,,0,1.38,1.21,6173
Kepler-916 b,tr,2016,Kepler,32.2969,0,0.1885,1.76,0.077,,0,0.81,0.85,5248
Kepler-917 b,tr,2016,Kepler,2.97041,0,0.0378,1.91,0.107,,0,0.76,0.8,5418
Kepler-918 b,tr,2016,Kepler,4.85387,0,0.0569,1.74,0.175,,0,1.14,1.11,6028
Kepler-919 b,tr,2016,Kepler,11.046,0,0.0981,2.25,0.258,,0,1.21,1.15,6113
Kepler-92 b,tr,2013,Kepler,13.749,0,0.1223,3.51,0.028,64.3,0,1.7,1.21,5883
Kepler-92 c,tr,2013,Kepler,26.723,0,0.1905,2.6,0.031,6.1,0,1.7,1.21,5883
Kepler-92 d,tr,2015,Kepler,49.3568,0,0.2868,2.067,0.027,11.87,1,1.82,1.07,5904
Kepler-920 b,tr,2016,Kepler,6.53193,0,0.065,2.42,0.079,,0,0.85,0.89,5403
Kepler-920 c,tr,2016,Kepler,100.827,0,0.4029,3.8,0.113,,0,0.85,0.89,5403
Kepler-921 b,tr,2016,Kepler,51.3006,0,0.2716,2.87,0.185,,0,0.91,0.93,5663
Kepler-922 b,tr,2016,Kepler,0.938467,0,0.01795,1.42,0.102,,0,0.93,0.95,5671
Kepler-923 b,tr,2016,Kepler,6.93366,0,0.07592,1.38,0.174,,0,1.26,1.11,5988
Kepler-924 b,tr,2016,Kepler,61.037,0,0.3132,3.07,0.280,,0,1.23,1.14,6167
Kepler-925 b,tr,2016,Kepler,33.8679,0,0.1805,2.34,0.186,,0,0.72,0.77,4673
Kepler-926 b,tr,2016,Kepler,52.0689,0,0.2739,2.31,0.173,,0,1.01,1.01,5806
Kepler-927 b,tr,2016,Kepler,9.11499,0,0.0866,1.72,0.160,,0,0.99,0.99,5743
Kepler-928 b,tr,2016,Kepler,3.93246,0,0.0444,1.59,0.135,,0,0.7,0.73,4700
Kepler-929 b,tr,2016,Kepler,0.921032,0,0.01982,1.11,0.189,,0,1.02,1.01,5869
Kepler-93 b,tr,2014,Kepler,4.72674,0,0.05343,1.478,0.013,4.66,0,0.919,0.911,5669
Kepler-93 c,rv,2014,other,1460,0,,,,954,0,0.92,0.91,5669
Kepler-930 b,tr,2016,Kepler,71.4518,0,0.3459,2.13,0.315,,0,1.4,1.25,6335
Kepler-931 b,tr,2016,Kepler,8.03756,0,0.0719,1.33,0.086,,0,0.81,0.86,5241
Kepler-932 b,tr,2016,Kepler,1.92144,0,0.02876,1.37,0.084,,0,0.84,0.87,5331
Kepler-933 b,tr,2016,Kepler,14.2044,0,0.1041,2.46,0.079,,0,0.84,0.87,5346
Kepler-934 b,tr,2016,Kepler,55.6738,0,0.2658,2.09,0.062,,0,0.77,0.81,5001
Kepler-935 b,tr,2016,Kepler,4.88084,0,0.0527,1.35,0.056,,0,0.73,0.78,4830
Kepler-936 b,tr,2016,Kepler,10.5613,0,0.0954,1.45,0.103,,0,0.89,0.92,5482
Kepler-937 b,tr,2016,Kepler,67.6688,0,0.3214,3.72,0.238,,0,1.22,1.15,6095
Kepler-937 c,tr,2016,Kepler,153.343,0,0.5545,2.67,0.243,,0,1.22,1.15,6095
Kepler-938 b,tr,2016,Kepler,52.6298,0,0.2689,2.22,0.092,,0,0.89,0.92,5533
Kepler-939 b,tr,2016,Kepler,14.8783,0,0.1153,1.75,0.146,,0,0.85,0.88,5471
Kepler-94 b,tr,2014,Kepler,2.50806,0,0.03377,3.51,0.043,10.84,0,0.76,0.81,4781
Kepler-94 c,rv,2014,other,820.3,0,1.597,,,3126,0,0.76,0.81,4781
Kepler-940 b,tr,2016,Kepler,59.6225,0,0.3059,3.34,0.153,,0,0.96,0.97,5769
Kepler-941 b,tr,2016,Kepler,17.424,0,0.1311,3.08,0.156,,0,0.86,0.89,5539
Kepler-942 b,tr,2016,Kepler,44.9642,0,0.2274,2.13,0.073,,0,0.75,0.81,4861
Kepler-943 b,tr,2016,Kepler,49.7701,0,0.2559,5.93,0.111,,0,0.91,0.93,5612
Kepler-944 b,tr,2016,Kepler,43.3168,0,0.2288,2.63,0.091,,0,0.83,0.86,5409
Kepler-945 b,tr,2016,Kepler,31.0034,0,0.2037,2.63,0.137,,0,0.97,0.97,5718
Kepler-946 b,tr,2016,Kepler,11.7916,0,0.1002,1.93,0.135,,0,0.93,0.94,5665
Kepler-947 b,tr,2016,Kepler,26.9644,0,0.1773,2.28,0.101,,0,0.87,0.9,5508
Kepler-948 b,tr,2016,Kepler,7.76847,0,0.0749,1.85,0.197,,0,0.94,0.96,5679
Kepler-949 b,tr,2016,Kepler,8.68931,0,0.07739,2.91,0.101,,0,0.86,0.89,5403
Kepler-949 c,tr,2023,Kepler,20.9976,0,0.1394,2.97,0.175,,0,0.895,0.817,5211
Kepler-95 b,tr,2014,Kepler,11.5231,0,0.1023,3.42,0.026,13,0,1.41,1.08,5699
Kepler-950 b,tr,2016,Kepler,98.718,0,0.3982,8.98,0.133,,0,1.02,1.02,5857
Kepler-951 b,tr,2016,Kepler,71.5253,0,0.3091,5.59,0.045,,0,0.73,0.77,4834
Kepler-952 b,tr,2016,Kepler,130.355,0,0.5183,7.65,0.157,,0,0.99,1,5730
Kepler-953 b,tr,2016,Kepler,88.4066,0,0.392,4.21,0.083,,0,0.99,0.95,5416
Kepler-953 c,tr,2016,Kepler,9.10967,0,0.0862,1.19,0.084,,0,0.99,0.95,5416
Kepler-954 b,tr,2016,Kepler,16.7818,0,0.1202,2.32,0.034,,0,0.76,0.82,4990
Kepler-955 b,tr,2016,Kepler,14.5324,0,0.1083,3.13,0.070,,0,0.84,0.89,5350
Kepler-956 b,tr,2016,Kepler,5.24867,0,0.06017,3,0.193,,0,1.15,1.1,6040
Kepler-957 b,tr,2016,Kepler,5.90741,0,0.0559,5.5,0.055,,0,0.75,0.81,4963
Kepler-958 b,tr,2016,Kepler,9.76788,0,0.08631,2.06,0.044,,0,0.86,0.91,5421
Kepler-959 b,tr,2016,Kepler,14.8007,0,0.1633,4.38,0.237,,0,2.01,1.6,7005
Kepler-96 b,tr,2014,Kepler,16.2385,0,0.1261,2.67,0.082,8.46,0,1.02,1,5690
Kepler-960 b,tr,2016,Kepler,3.12686,0,0.03807,2.29,0.070,,0,0.72,0.77,4755
Kepler-961 b,tr,2016,Kepler,16.8773,0,0.1258,2.55,0.037,,0,0.9,0.96,5582
Kepler-962 b,tr,2016,Kepler,12.0571,0,0.09874,1.97,0.041,,0,0.86,0.93,5478
Kepler-963 b,tr,2016,Kepler,9.97684,0,0.0849,2.66,0.092,,0,0.87,0.91,5461
Kepler-963 c,tr,2024,Kepler,0.919783,0,,0.6,0.333,,0,0.928,0.821,5169
Kepler-964 b,tr,2016,Kepler,13.5225,0,0.1073,2.12,0.038,,0,0.84,0.93,5427
Kepler-965 b,tr,2016,Kepler,134.253,0,0.51,3.38,0.139,,0,1.15,1.05,5886
Kepler-966 b,tr,2016,Kepler,99.7476,0,0.3907,4.13,0.212,,0,1.02,1.02,5840
Kepler-967 b,tr,2016,Kepler,13.2271,0,0.1027,2.35,0.038,,0,0.8,0.84,5178
Kepler-967 c,tr,2016,Kepler,198.711,0,0.6253,3.65,0.038,,0,0.8,0.84,5178
Kepler-968 b,tr,2016,Kepler,3.69298,0,0.0389,2,0.040,,0,0.7,0.76,4598
Kepler-968 c,tr,2016,Kepler,5.7094,0,0.052,1.69,0.044,,0,0.7,0.76,4598
Kepler-969 b,tr,2016,Kepler,34.1732,0,0.1973,2.07,0.024,,0,0.82,0.92,5214
Kepler-969 c,tr,2016,Kepler,1.68293,0,0.0265,0.99,0.035,,0,0.82,0.92,5214
Kepler-97 b,tr,2014,Kepler,2.58664,0,0.03563,1.48,0.088,3.51,0,0.98,0.94,5779
Kepler-97 c,rv,2014,other,789,0,,,,344,0,0.98,0.94,5779
Kepler-970 b,tr,2016,Kepler,16.7365,0,0.139,2.609,0.090,,0,0.71,0.67,4290
Kepler-971 b,tr,2016,Kepler,9.59071,0,0.08679,2.13,0.108,,0,0.85,0.88,5431
Kepler-972 b,tr,2016,Kepler,7.03933,0,0.0734,4.65,0.282,,0,1.22,1.15,6146
Kepler-973 b,tr,2016,Kepler,49.6077,0,0.2489,1.96,0.038,,0,0.78,0.86,5213
Kepler-974 b,tr,2016,Kepler,4.1945,0,0.0419,1.57,0.111,,0,0.5,0.52,3687
Kepler-975 b,tr,2016,Kepler,1.97034,0,0.02898,1.48,0.051,,0,0.75,0.8,4897
Kepler-975 c,tr,2023,Kepler,5.05821,0,0.0567,10.69,0.619,,0,1.67,0.951,4883
Kepler-976 b,tr,2016,Kepler,105.956,0,0.4217,3.96,0.062,,0,0.83,0.87,5232
Kepler-977 b,tr,2016,Kepler,26.8533,0,0.162,2.62,0.065,,0,0.83,0.87,5315
Kepler-978 b,tr,2016,Kepler,49.6222,0,0.2726,2.99,0.207,,0,1.09,1.07,6002
Kepler-979 b,tr,2016,Kepler,8.08801,0,0.0753,2.72,0.119,,0,0.83,0.87,5310
Kepler-98 b,tr,2014,Kepler,1.54168,0,0.02614,1.99,0.111,3.55,0,1.11,0.99,5539
Kepler-980 b,tr,2016,Kepler,11.551,0,0.09993,2.67,0.127,,0,1.06,1.05,5935
Kepler-981 b,tr,2016,Kepler,4.46976,0,0.0535,2.31,0.104,,0,0.96,0.98,5718
Kepler-982 b,tr,2016,Kepler,15.7738,0,0.1277,2.25,0.164,,0,1.29,1.16,6139
Kepler-983 b,tr,2016,Kepler,60.0855,0,0.3148,2.36,0.053,,0,1.08,1.13,6052
Kepler-984 b,tr,2016,Kepler,43.0342,0,0.2369,2.12,0.057,,0,0.93,0.96,5610
Kepler-985 b,tr,2016,Kepler,116.332,0,0.4466,2.98,0.049,,0,0.85,0.91,5434
Kepler-986 b,tr,2016,Kepler,56.435,0,0.2913,2.36,0.102,,0,0.98,0.96,5642
Kepler-987 b,tr,2016,Kepler,105.303,0,0.4238,3.26,0.043,,0,0.91,0.97,5637
Kepler-988 b,tr,2016,Kepler,17.7608,0,0.1085,2.07,0.152,,0,0.53,0.55,4005
Kepler-989 b,tr,2016,Kepler,7.96432,0,0.0734,2.21,0.061,,0,0.78,0.82,5074
Kepler-99 b,tr,2014,Kepler,4.60358,0,0.05071,1.48,0.054,6.15,0,0.73,0.79,4782
Kepler-990 b,tr,2016,Kepler,9.91723,0,0.08595,2.6,0.206,,0,1.08,1.05,5948
Kepler-990 c,tr,2016,Kepler,0.538354,0,0.01232,1.53,0.176,,0,1.08,1.05,5948
Kepler-991 b,tr,2016,Kepler,82.5343,0,0.3104,2.54,0.049,,0,0.61,0.64,4392
Kepler-992 b,tr,2016,Kepler,20.1603,0,0.1337,1.62,0.096,,0,0.74,0.8,4944
Kepler-993 b,tr,2016,Kepler,22.0856,0,0.13,2.97,0.051,,0,0.54,0.57,3843
Kepler-994 b,tr,2016,Kepler,1.15117,0,0.0177,1.6,0.106,,0,0.54,0.56,3934
Kepler-995 b,tr,2016,Kepler,28.2673,0,0.1701,2.7,0.067,,0,0.8,0.83,5206
Kepler-996 b,tr,2016,Kepler,3.77059,0,0.0474,1.98,0.222,,0,1.14,1.09,6014
Kepler-997 b,tr,2016,Kepler,2.70731,0,0.04022,1.36,0.217,,0,1.56,1.22,6150
Kepler-998 b,tr,2016,Kepler,5.65378,0,0.0626,2.32,0.196,,0,1.18,1.12,6058
Kepler-999 b,tr,2016,Kepler,5.99186,0,0.06918,2.34,0.244,,0,1.65,1.29,6237
L 168-9 b,tr,2020,TESS,1.40153,0,0.0208,1.63,0.086,4.07,0,0.604,0.614,3842
L 363-38 b,rv,2023,other,8.781,0,0.048,,,4.67,1,0.274,0.21,3129
L 98-59 b,tr,2019,TESS,2.25311,0,0.0223,0.837,0.023,0.46,0,0.316,0.292,3415
L 98-59 c,tr,2019,TESS,3.69068,0,0.0309,1.329,0.022,2,0,0.316,0.292,3415
L 98-59 d,tr,2019,TESS,7.45073,0,0.0494,1.627,0.025,1.64,0,0.316,0.292,3415
L 98-59 e,rv,2021,other,12.8278,0,0.0712,,,2.82,1,0.316,0.292,3415
L 98-59 f,rv,2025,other,23.064,0,0.1052,,,2.8,1,0.316,0.292,3415
LHS 1140 b,tr,2017,other,24.7372,0,0.0946,1.73,0.014,5.6,0,0.216,0.184,3096
LHS 1140 c,tr,2018,other,3.77794,0,0.027,1.272,0.020,1.91,0,0.216,0.184,3096
LHS 1478 b,tr,2021,TESS,1.94954,0,0.01872,1.174,0.047,2.27,0,0.246,0.23,3415
LHS 1678 b,tr,2021,TESS,0.860232,0,0.01239,0.685,0.053,0.35,0,0.329,0.345,3490
LHS 1678 c,tr,2021,TESS,3.69428,0,0.0327,0.941,0.054,1.4,0,0.329,0.345,3490
LHS 1678 d,tr,2024,TESS,4.96522,0,0.04,0.981,0.072,,0,0.329,0.345,3490
LHS 1815 b,tr,2020,TESS,3.81433,0,0.0404,1.088,0.059,1.58,0,0.501,0.502,3643
LHS 1903 b,tr,2026,TESS,2.15551,0,0.02656,1.382,0.033,3.28,0,0.539,0.538,3664
LHS 1903 c,tr,2026,TESS,6.22619,0,0.05387,2.046,0.037,4.55,0,0.539,0.538,3664
LHS 1903 d,tr,2026,TESS,12.5663,0,0.08604,2.5,0.031,5.96,0,0.539,0.538,3664
LHS 1903 e,tr,2026,other,29.3177,0,0.1514,1.732,0.034,5.79,0,0.539,0.538,3664
LHS 3154 b,rv,2023,other,3.71778,0,0.02262,,,13.15,1,0.141,0.112,2861
LHS 3844 b,tr,2019,TESS,0.46293,0,0.00624,1.286,0.034,2.37,0,0.189,0.151,3080
LHS 475 b,tr,2023,TESS,2.02909,0,0.02037,0.991,0.050,,0,0.279,0.262,3300
LP 261-75 b,im,2006,other,7.43357e+06,1,450,,,6674,0,0.308,0.22,3138
LP 714-47 b,tr,2020,TESS,4.05203,0,0.04056,4.25,0.021,28.38,0,0.536,0.542,4123
LP 791-18 b,tr,2019,TESS,0.947998,0,0.00978,1.212,0.048,,0,0.182,0.139,2960
LP 791-18 c,tr,2019,TESS,4.98991,0,0.02961,2.488,0.039,7.16,0,0.182,0.139,2960
LP 791-18 d,tr,2023,other,2.75485,0,0.01992,1.032,0.042,0.91,0,0.182,0.139,2960
LP 890-9 b,tr,2022,TESS,2.7299,0,0.01875,1.32,0.030,13.2,0,0.156,0.118,2850
LP 890-9 c,tr,2022,other,8.45746,0,0.03984,1.367,0.034,25.3,0,0.156,0.118,2850
LSPM J2116+0234 b,rv,2019,other,14.4399,0,0.0876,,,13.3,1,0.431,0.43,3475
LTT 1445 A b,tr,2019,TESS,5.35876,0,0.0381,1.34,0.063,2.73,0,0.271,0.257,3562
LTT 1445 A c,tr,2022,TESS,3.1239,0,0.02661,1.147,0.048,1.54,0,0.265,0.257,3340
LTT 3780 b,tr,2020,TESS,0.768379,0,0.01195,1.325,0.043,2.46,0,0.38,0.381,3358
LTT 3780 c,tr,2020,TESS,12.2523,0,0.0757,2.39,0.044,8.04,0,0.38,0.381,3358
LTT 9779 b,tr,2020,TESS,0.792052,0,0.01679,4.72,0.049,29.32,0,0.949,1.02,5443
Luhman 16 b,im,2017,other,9697,0,3.52,,,9344,0,,0.0338,
Lupus-TR-3 b,tr,2007,other,3.91405,0,0.0464,9.976,0.079,257.4,0,0.82,0.87,5000
M62H b,ot,2024,other,0.132935,0,,,,785,0,,1.4,
MASCARA-1 b,tr,2017,other,2.14877,0,0.04035,17.9,0.012,1176,0,2.08,1.9,7490
MASCARA-4 b,tr,2020,other,2.82409,0,0.0474,16.98,0.029,532.4,0,1.79,1.75,7800
MOA-2007-BLG-192L b,ml,2008,other,1981.7,1,2.02,,,12.49,0,,0.28,
MOA-2007-BLG-400L b,ml,2008,other,6301.5,1,5.9,,,540.3,0,,0.69,
MOA-2008-BLG-310L b,ml,2009,other,919.538,1,1.1,,,23.4,0,,0.21,
MOA-2008-BLG-379L b,ml,2013,other,2165.42,1,2.7,,,1300,0,,0.56,
MOA-2009-BLG-266L b,ml,2011,other,2800,0,3.2,,,10.4,0,,0.56,
MOA-2009-BLG-319L b,ml,2010,other,1459.38,1,2.03,,,67.3,0,,0.524,
MOA-2009-BLG-387L b,ml,2010,other,1980,0,1.8,,,830,0,,0.19,
MOA-2010-BLG-073L b,ml,2012,other,1215.37,1,1.21,,,3500,0,,0.16,
MOA-2010-BLG-117L b,ml,2018,other,1805.51,1,2.42,,,170,0,,0.58,
MOA-2010-BLG-328L b,ml,2013,other,971.797,1,0.92,,,9.2,0,,0.11,
MOA-2010-BLG-353L b,ml,2015,other,1941.99,1,1.72,,,86,0,,0.18,
MOA-2010-BLG-477L b,ml,2012,other,1262.11,1,2,,,480,0,,0.67,5950
MOA-2011-BLG-028L b,ml,2016,other,3552.71,1,4.14,,,30,0,,0.75,
MOA-2011-BLG-262L b,ml,2014,other,1019.72,1,0.95,,,17,0,,0.11,
MOA-2011-BLG-291L b,ml,2018,other,540.528,1,0.69,,,18,0,,0.15,
MOA-2011-BLG-293L b,ml,2012,other,3000,0,1.1,,,1500,0,,0.86,
MOA-2011-BLG-322L b,ml,2013,other,5215.08,1,4.3,,,3690,0,,0.39,
MOA-2012-BLG-006L b,ml,2017,other,16997.8,1,10.2,,,2700,0,,0.49,
MOA-2012-BLG-505L b,ml,2017,other,986.175,1,0.9,,,6.7,0,,0.1,
MOA-2013-BLG-220L b,ml,2014,other,2053.59,1,3.03,,,871,0,,0.88,
MOA-2013-BLG-605L b,ml,2016,other,2114.51,1,0.93,,,3.24,0,,0.024,
MOA-2015-BLG-337L b,ml,2018,other,442.938,1,0.24,,,33.7,0,,0.0094,
MOA-2016-BLG-227L b,ml,2017,other,1111.51,1,1.39,,,890,0,,0.29,
MOA-2016-BLG-319L b,ml,2018,other,873.233,1,0.95,,,200,0,,0.15,
MOA-2016-BLG-526L b,ml,2024,other,1788.32,1,2.07,,,14.94,0,,0.37,
MOA-2020-BLG-108L b,ml,2026,other,3399.51,1,3.69,,,3391,0,,0.58,
MOA-2020-BLG-135L b,ml,2022,other,890.658,1,1.11,,,11.3,0,,0.23,
MOA-2020-BLG-208L b,ml,2023,other,2526.28,1,2.74,,,46,0,,0.43,
MOA-2022-BLG-033L b,ml,2025,other,1612.36,1,2.15,,,12.15,0,,0.51,
MOA-2022-BLG-091L b,ml,2025,other,2690.9,1,3.44,,,1141,0,,0.75,
MOA-2022-BLG-249L b,ml,2023,other,1791.58,1,1.63,,,4.83,0,,0.18,
MOA-2022-BLG-563L b,ml,2024,other,1661.99,1,2.15,,,127.1,0,,0.48,
MOA-bin-1L b,ml,2012,other,10085,1,8.3,,,1200,0,,0.75,
MOA-bin-29 b,ml,2019,other,701.28,1,0.48,,,190,0,,0.03,
MXB 1658-298 b,ot,2017,other,760,0,1.613,,,7533,0,,1.98,
NGC 2682 Sand 1429 b,rv,2024,other,77.48,0,0.384,,,572.1,1,2.13,1.26,6000
NGC 2682 Sand 978 b,rv,2017,other,511.21,0,,,,692.9,1,21,1.37,4200
NGC 2682 YBP 1194 b,rv,2014,other,6.959,0,,,,101.7,1,0.99,1.01,5780
NGC 2682 YBP 1514 b,rv,2014,other,5.118,0,,,,127.1,1,0.89,0.96,5725
NGC 2682 YBP 401 b,rv,2016,other,4.087,0,,,,146.2,1,1.22,1.14,6165
NGTS-1 b,tr,2017,other,2.6473,0,0.0326,14.91,0.353,258.1,0,0.573,0.617,3916
NGTS-10 b,tr,2020,other,0.766894,0,0.0143,13.9,0.040,687.1,0,0.7,0.696,4567
NGTS-11 b,tr,2020,TESS,35.4553,0,0.201,9.158,0.037,109.3,0,0.832,0.862,5050
NGTS-12 b,tr,2020,other,7.53281,0,0.0757,11.75,0.031,66.11,0,1.59,1.02,5690
NGTS-13 b,tr,2021,other,4.11903,0,0.0549,12.8,0.040,1538,0,1.79,1.3,5819
NGTS-14 A b,tr,2021,other,3.53572,0,0.0403,4.977,0.068,29.24,0,0.842,0.898,5187
NGTS-15 b,tr,2021,other,3.27623,0,0.0441,12.33,0.091,238.7,0,0.954,0.995,5600
NGTS-16 b,tr,2021,other,4.84532,0,0.0523,14.57,0.096,212,0,1.21,1,5550
NGTS-17 b,tr,2021,other,3.24253,0,0.0391,13.9,0.089,242.8,0,1.34,1.02,5650
NGTS-18 b,tr,2021,other,3.05125,0,0.0448,13.56,0.149,130,0,1.39,1,5610
NGTS-2 b,tr,2018,other,4.51116,0,0.063,17.88,0.029,235.2,0,1.7,1.64,6478
NGTS-20 b,tr,2022,TESS,54.1891,0,0.313,11.99,0.037,947.1,0,1.78,1.47,5980
NGTS-21 b,tr,2022,other,1.54339,0,0.0236,14.91,0.023,750.1,0,0.86,0.72,4660
NGTS-23 b,tr,2022,other,4.07643,0,0.0504,14.2,0.024,194.8,0,1.24,1.01,6057
NGTS-24 b,tr,2022,other,3.46788,0,0.0479,13.61,0.049,165.3,0,1.64,1.26,5820
NGTS-25 b,tr,2022,other,2.82309,0,0.0388,11.47,0.043,203.1,0,0.86,0.91,5321
NGTS-26 b,tr,2024,other,4.51993,0,0.049,14.89,0.040,92.81,0,1.16,0.96,5550
NGTS-27 b,tr,2024,TESS,3.37042,0,0.0446,15.65,0.026,188.5,0,1.77,1.07,5700
NGTS-3 A b,tr,2018,other,1.67537,0,0.023,16.59,0.250,756.4,0,0.93,1.02,5600
NGTS-30 b,tr,2024,TESS,98.2984,0,0.408,10.4,0.034,305.1,0,0.913,0.94,5455
NGTS-31 b,tr,2025,TESS,4.16273,0,0.064,18.05,0.099,356,0,1.7,0.96,5710
NGTS-32 b,tr,2025,other,3.31211,0,0.044,15.92,0.021,181.2,0,1.85,1.07,5680
NGTS-33 b,tr,2024,TESS,2.82797,0,0.048,18.38,0.043,1154,0,1.47,1.6,7437
NGTS-34 b,tr,2025,TESS,43.1266,0,0.257,3.65,0.060,19.1,0,1.37,1.27,6134
NGTS-35 b,tr,2025,TESS,25.2412,0,0.16,10.9,0.060,152,0,0.753,0.789,4717
NGTS-38 b,tr,2026,TESS,180.528,0,0.697,12.12,0.043,1516,0,1.88,1.46,6310
NGTS-39 b,tr,2026,TESS,58.2047,0,0.3077,12.2,0.011,466.3,0,1.16,1.16,6053
NGTS-4 b,tr,2019,other,1.33735,0,0.019,3.18,0.082,20.6,0,0.84,0.75,5143
NGTS-5 b,tr,2019,other,3.35699,0,0.0382,12.73,0.020,72.78,0,0.739,0.661,4987
NGTS-6 b,tr,2019,other,0.882059,0,0.01677,14.86,0.079,425.6,0,0.754,0.767,4730
NGTS-8 b,tr,2019,other,2.4997,0,0.035,12.22,0.028,295.6,0,0.98,0.89,5241
NGTS-9 b,tr,2019,other,4.43527,0,0.058,11.99,0.056,921.7,0,1.38,1.34,6330
NN Ser c,ot,2010,other,6987,0,5.35,,,2330,0,,0.535,5.7e+04
NN Ser d,ot,2010,other,2880,0,3.39,,,724.6,0,,0.535,5.7e+04
NSVS 14256825 b,ot,2019,other,3225,0,3.12,,,4497,1,0.188,0.419,4e+04
NY Vir b,ot,2011,other,3160,0,3.3,,,731,0,0.151,0.459,3.278e+04
NY Vir c,ot,2019,other,8799,0,,,,1761,1,0.151,0.459,3.278e+04
OGLE-2003-BLG-235L b,ml,2004,other,4103.2,1,4.3,,,830,0,,0.63,
OGLE-2005-BLG-071L b,ml,2005,other,3678.45,1,3.6,,,1200,0,,0.46,
OGLE-2005-BLG-169L b,ml,2006,other,2879.17,1,3.5,,,14.1,0,,0.69,
OGLE-2005-BLG-390L b,ml,2005,other,3285,0,2.6,,,5.5,0,,0.22,
OGLE-2006-BLG-109L b,ml,2008,other,1788.5,0,2.3,,,231,0,,0.51,
OGLE-2006-BLG-109L c,ml,2008,other,4927.5,0,4.5,,,86,0,,0.51,
OGLE-2006-BLG-284L A b,ml,2020,other,1973.54,1,2.17,,,144,0,,0.35,
OGLE-2007-BLG-349L AB c,ml,2016,other,2557,0,2.59,,,80,0,,0.41,
OGLE-2007-BLG-368L b,ml,2009,other,2139.13,1,2.8,,,20,0,,0.64,
OGLE-2008-BLG-092L b,ml,2014,other,25182.4,1,15,,,57,0,,0.71,
OGLE-2008-BLG-355L b,ml,2014,other,1330.95,1,1.7,,,1500,0,,0.37,
OGLE-2011-BLG-0173L b,ml,2018,other,12907.2,1,8,,,60,0,,0.41,
OGLE-2011-BLG-0251L b,ml,2012,other,3213.34,1,2.72,,,170,0,,0.26,
OGLE-2011-BLG-0265L b,ml,2015,other,2066.05,1,1.89,,,280,0,,0.211,
OGLE-2012-BLG-0026L b,ml,2012,other,2838.1,1,4,,,46.1,0,,1.06,
OGLE-2012-BLG-0026L c,ml,2012,other,3730.78,1,4.8,,,270,0,,1.06,
OGLE-2012-BLG-0358L b,ml,2013,other,1998.29,1,0.87,,,588,0,,0.022,
OGLE-2012-BLG-0406L b,ml,2013,other,3528.52,1,3.45,,,868,0,,0.44,
OGLE-2012-BLG-0563L b,ml,2015,other,398.748,1,0.74,,,120,0,,0.34,
OGLE-2012-BLG-0724L b,ml,2016,other,1372.69,1,1.6,,,150,0,,0.29,
OGLE-2012-BLG-0838L b,ml,2020,other,5384.75,1,4.43,,,53.1,0,,0.4,
OGLE-2012-BLG-0950L b,ml,2016,other,2028.21,1,2.6,,,35,0,,0.57,
OGLE-2013-BLG-0102L b,ml,2014,other,843.509,1,0.8,,,4100,0,,0.096,
OGLE-2013-BLG-0132L b,ml,2017,other,3395.06,1,3.6,,,92,0,,0.54,
OGLE-2013-BLG-0341L B b,ml,2014,other,639.932,1,0.702,,,1.66,0,,0.113,
OGLE-2013-BLG-0911L b,ml,2019,other,165.192,1,0.39,,,3020,0,,0.29,
OGLE-2013-BLG-1721L b,ml,2017,other,2257.73,1,2.6,,,200,0,,0.46,
OGLE-2013-BLG-1761L b,ml,2017,other,1535.47,1,1.8,,,860,0,,0.33,
OGLE-2014-BLG-0124L b,ml,2015,other,2499.41,1,3.48,,,206.6,0,,0.9,
OGLE-2014-BLG-0221L b,ml,2024,other,3205.88,1,3.76,,,1383,0,,0.69,
OGLE-2014-BLG-0319L b,ml,2022,other,3302.38,1,3.49,,,181.2,0,,0.52,
OGLE-2014-BLG-0676L b,ml,2016,other,1373.91,1,2.04,,,988.4,0,,0.6,
OGLE-2014-BLG-1722L b,ml,2018,other,1060.96,1,1.5,,,55.3,0,,0.4,
OGLE-2014-BLG-1722L c,ml,2018,other,1280.07,1,1.7,,,83.7,0,,0.4,
OGLE-2014-BLG-1760L b,ml,2016,other,1056.55,1,1.887,,,295.9,0,,0.803,
OGLE-2015-BLG-0051L b,ml,2016,other,720.401,1,0.73,,,230,0,,0.1,
OGLE-2015-BLG-0954L b,ml,2016,other,1349.61,1,1.6,,,1100,0,,0.3,
OGLE-2015-BLG-0966L b,ml,2016,other,2628.72,1,2.7,,,21,0,,0.38,
OGLE-2015-BLG-1649L b,ml,2019,other,1865.55,1,2.07,,,807,0,,0.34,
OGLE-2015-BLG-1670L b,ml,2019,other,2088.63,1,2.62,,,17.9,0,,0.55,
OGLE-2015-BLG-1771L b,ml,2020,other,1031.51,1,0.85,,,138,0,,0.077,
OGLE-2016-BLG-0007L b,ml,2025,other,14200,0,10.1,,,1.32,0,,0.59,
OGLE-2016-BLG-0261L b,ml,2026,other,831.616,1,0.72,,,66.74,0,,0.072,
OGLE-2016-BLG-0263L b,ml,2017,other,12711.9,1,5.4,,,1300,0,,0.13,
OGLE-2016-BLG-0613L AB b,ml,2017,other,6969.38,1,6.4,,,1330,0,,0.72,
OGLE-2016-BLG-1067L b,ml,2019,other,1478.1,1,1.7,,,140,0,,0.3,
OGLE-2016-BLG-1093L b,ml,2022,other,1674.1,1,2.13,,,225.7,0,,0.46,
OGLE-2016-BLG-1190L b,ml,2017,other,1220,0,2.17,,,4253,0,,0.88,
OGLE-2016-BLG-1195L b,ml,2017,other,1633.92,1,1.16,,,1.43,0,,0.078,
OGLE-2016-BLG-1227L b,ml,2020,other,7241.17,1,3.4,,,250,0,,0.1,
OGLE-2016-BLG-1266L b,ml,2018,other,840.906,1,0.43,,,3814,0,,0.015,
OGLE-2016-BLG-1598L b,ml,2024,other,1946.79,1,2.5,,,120.8,0,,0.55,
OGLE-2016-BLG-1800L b,ml,2024,other,1470.4,1,1.88,,,823.2,0,,0.41,
OGLE-2017-BLG-0173L b,ml,2018,other,4492.7,1,3.913,,,3.269,0,,0.396,
OGLE-2017-BLG-0364L b,ml,2024,other,3849.91,1,3.79,,,75.8,0,,0.49,
OGLE-2017-BLG-0373L b,ml,2018,other,2767.98,1,2.424,,,127,0,,0.248,
OGLE-2017-BLG-0406L b,ml,2020,other,3195.94,1,3.5,,,130,0,,0.56,
OGLE-2017-BLG-0448L b,ml,2024,other,7122.08,1,5.75,,,15.6,0,,0.5,
OGLE-2017-BLG-0482L b,ml,2018,other,1972.35,1,1.8,,,9,0,,0.2,
OGLE-2017-BLG-0604L b,ml,2020,other,3571.33,1,4.06,,,160,0,,0.7,
OGLE-2017-BLG-0640L b,ml,2024,other,785.909,1,1.14,,,514.9,0,,0.32,
OGLE-2017-BLG-1049L b,ml,2020,other,3822.42,1,3.92,,,1760,0,,0.55,
OGLE-2017-BLG-1099L b,ml,2021,other,2456,1,2.73,,,959.8,0,,0.45,
OGLE-2017-BLG-1140L b,ml,2018,other,819.123,1,1.02,,,505,0,,0.211,
OGLE-2017-BLG-1237L b,ml,2024,other,2167.17,1,2.53,,,1208,0,,0.46,
OGLE-2017-BLG-1275L b,ml,2024,other,1390.4,1,2.09,,,1875,0,,0.63,
OGLE-2017-BLG-1375L b,ml,2020,other,2151.09,1,3.04,,,3585,0,,0.81,
OGLE-2017-BLG-1434L b,ml,2018,other,967.844,1,1.18,,,4.43,0,,0.234,
OGLE-2017-BLG-1522L b,ml,2018,other,780.301,1,0.59,,,240,0,,0.045,
OGLE-2017-BLG-1691L b,ml,2022,other,2037.09,1,2.41,,,14.62,0,,0.45,
OGLE-2017-BLG-1806L b,ml,2023,other,1371.69,1,1.75,,,5.27,0,,0.38,
OGLE-2018-BLG-0298L b,ml,2022,other,2126.74,1,2.86,,,44.5,0,,0.69,
OGLE-2018-BLG-0383L b,ml,2022,other,2789.32,1,1.8,,,6.4,0,,0.1,
OGLE-2018-BLG-0506L b,ml,2022,other,2391.12,1,3,,,16.3,0,,0.63,
OGLE-2018-BLG-0516L b,ml,2022,other,1738.5,1,2.2,,,20.1,0,,0.47,
OGLE-2018-BLG-0532L b,ml,2020,other,907.79,1,1.064,,,6.228,0,,0.195,
OGLE-2018-BLG-0567L b,ml,2021,other,3276.98,1,2.72,,,101.7,0,,0.25,
OGLE-2018-BLG-0596L b,ml,2019,other,726.009,1,0.97,,,13.93,0,,0.231,
OGLE-2018-BLG-0677L b,ml,2020,other,527.243,1,0.63,,,3.96,0,,0.12,
OGLE-2018-BLG-0740L b,ml,2019,other,5480,0,5,,,1500,0,,1,5912
OGLE-2018-BLG-0799L b,ml,2022,other,1734.46,1,1.28,,,82.64,0,,0.093,
OGLE-2018-BLG-0932L b,ml,2022,other,996.509,1,1.75,,,282.9,0,,0.72,
OGLE-2018-BLG-0962L b,ml,2021,other,3380.92,1,3.59,,,425.9,0,,0.54,
OGLE-2018-BLG-0977L b,ml,2022,other,1506.91,1,2,,,6.4,0,,0.47,
OGLE-2018-BLG-1011L b,ml,2019,other,2079.04,1,1.8,,,570,0,,0.18,
OGLE-2018-BLG-1011L c,ml,2019,other,616.012,1,0.8,,,890,0,,0.18,
OGLE-2018-BLG-1119L b,ml,2022,other,4312.79,1,4.06,,,289.2,0,,0.48,
OGLE-2018-BLG-1126L b,ml,2022,other,2552.52,1,3.23,,,17.8,0,,0.69,
OGLE-2018-BLG-1185L b,ml,2021,other,1147.55,1,1.54,,,8.4,0,,0.37,
OGLE-2018-BLG-1212L b,ml,2022,other,1988.36,1,1.68,,,63.57,0,,0.16,
OGLE-2018-BLG-1269L b,ml,2020,other,3320.42,1,4.51,,,210,0,,1.11,
OGLE-2018-BLG-1367L b,ml,2022,other,918.733,1,1.21,,,301.9,0,,0.28,
OGLE-2018-BLG-1428L b,ml,2021,other,3339.08,1,3.3,,,240,0,,0.43,
OGLE-2018-BLG-1647L b,ml,2022,other,1909.87,1,1.36,,,308.3,0,,0.092,
OGLE-2018-BLG-1700L b,ml,2020,other,2640.6,1,2.8,,,1400,0,,0.42,
OGLE-2019-BLG-0249L b,ml,2023,other,955.644,1,1.84,,,2263,0,,0.91,
OGLE-2019-BLG-0299L b,ml,2021,other,2227.93,1,2.8,,,1977,0,,0.59,
OGLE-2019-BLG-0304L b,ml,2021,other,958.884,1,1.23,,,162.1,0,,0.27,
OGLE-2019-BLG-0362L b,ml,2022,other,1814.05,1,2.18,,,1036,0,,0.42,
OGLE-2019-BLG-0468L b,ml,2022,other,2272.43,1,3.29,,,1090,0,,0.92,
OGLE-2019-BLG-0468L c,ml,2022,other,1755.56,1,2.77,,,3248,0,,0.92,
OGLE-2019-BLG-0679L b,ml,2023,other,8308.72,1,6.99,,,1062,0,,0.66,
OGLE-2019-BLG-0954L b,ml,2021,other,1761.63,1,2.65,,,4513,0,,0.8,
OGLE-2019-BLG-0960L b,ml,2021,other,1352.81,1,1.9,,,2.5,0,,0.5,
OGLE-2019-BLG-1053L b,ml,2021,other,2931.86,1,3.4,,,2.48,0,,0.61,
OGLE-2019-BLG-1180L b,ml,2023,other,5849.83,1,5.19,,,555.2,0,,0.545,
OGLE-2019-BLG-1470L AB c,ml,2022,other,2769.35,1,3.2,,,699.2,0,,0.57,
OGLE-2019-BLG-1492L b,ml,2022,other,1965.09,1,2.7,,,37.1,0,,0.68,
OGLE-2023-BLG-0766L b,ml,2026,other,2311.89,1,2.5,,,349.6,0,,0.39,
OGLE-2023-BLG-0836L b,ml,2024,other,3085.06,1,3.7,,,1386,0,,0.71,
OGLE-TR-10 b,tr,2004,other,3.10128,0,0.0434,14.01,0.104,197,0,1.17,1.14,5950
OGLE-TR-111 b,tr,2004,other,4.01445,0,0.0473,11.42,0.026,174.8,0,0.83,0.82,5040
OGLE-TR-113 b,tr,2004,other,1.43248,0,0.02289,12.25,0.022,400.4,0,0.774,0.779,4790
OGLE-TR-132 b,tr,2004,other,1.68987,0,0.03035,13.45,0.108,375,0,1.32,1.3,6210
OGLE-TR-182 b,tr,2007,other,3.9791,0,0.051,12.67,0.142,321,0,1.14,1.14,5924
OGLE-TR-211 b,tr,2007,other,3.67724,0,0.051,15.24,0.099,327.4,0,1.64,1.33,6325
OGLE-TR-56 b,tr,2002,other,1.21192,0,0.02383,15.28,0.067,441.8,0,1.36,1.23,6050
OGLE2-TR-L9 b,tr,2008,other,2.48553,0,0.0308,18.05,0.025,1430,0,1.53,1.52,6933
Oph 11 b,im,2006,other,7.3e+06,0,243,,,4450,0,0.233,0.016,2375
PDS 70 b,im,2018,other,43500,0,20.8,21.97,0.094,1017,0,1.26,0.982,4109
PDS 70 c,im,2019,other,74041.6,1,34.3,22.19,0.177,2384,0,1.26,0.982,4109
PH1 b,tr,2012,Kepler,138.317,0,0.652,6.18,0.028,169,0,1.73,1.53,6407
PH2 b,tr,2013,Kepler,282.525,0,0.833,9.337,0.030,87.08,0,0.949,0.966,5734
POTS-1 b,tr,2013,other,3.16063,0,0.03734,10.55,0.044,734.2,0,0.588,0.695,4400
PSR B0329+54 b,ot,2017,other,10140,0,10.26,,,1.97,1,,1.44,
PSR B1257+12 b,ot,1994,other,25.262,0,0.19,,,0.02,0,,1.4,
PSR B1257+12 c,ot,1992,other,66.5419,0,0.36,,,4.3,0,,1.4,
PSR B1257+12 d,ot,1992,other,98.2114,0,0.46,,,3.9,0,,1.4,
PSR B1620-26 b,ot,2003,other,34674.9,1,23,,,794.6,0,,1.35,
PSR J1719-1438 b,ot,2011,other,0.0907063,0,0.0044,,,382.8,0,,1.4,4500
PSR J2322-2650 b,ot,2017,other,0.322964,0,0.0102,,,252.6,1,,1.4,
PZ Tel b,im,2023,other,44000,0,27,,,8581,0,1.26,1.36,5169
Pr0201 b,rv,2012,other,4.4264,0,0.06,,,171.6,1,1.15,1.24,6174
Pr0211 b,rv,2012,other,2.1461,0,0.03176,,,597.5,1,0.827,0.935,5300
Pr0211 c,rv,2016,other,4850,0,5.5,,,2476,1,0.827,0.935,5300
Proxima Cen b,rv,2016,other,11.1846,0,0.04848,,,1.055,1,0.141,0.122,2900
Proxima Cen d,rv,2025,other,5.12338,0,0.02881,,,0.26,1,0.141,0.122,2900
Qatar-1 b,tr,2010,other,1.42002,0,0.02332,12.81,0.022,411.3,0,0.803,0.838,5013
Qatar-10 b,tr,2019,other,1.64532,0,0.0286,17.3,0.026,233.9,0,1.25,1.16,6124
Qatar-2 b,tr,2011,other,1.33712,0,0.02153,14.06,0.010,792.6,0,0.776,0.743,4645
Qatar-3 b,tr,2017,other,2.50792,0,0.03783,12.29,0.128,1370,0,1.27,1.15,6007
Qatar-4 b,tr,2017,other,1.80536,0,0.02803,12.72,0.097,1939,0,0.849,0.896,5215
Qatar-5 b,tr,2017,other,2.87923,0,0.04127,12.41,0.058,1373,0,1.08,1.13,5747
Qatar-6 b,tr,2017,other,3.50619,0,0.0423,11.9,0.067,212.3,0,0.722,0.822,5052
Qatar-7 b,tr,2019,other,2.03205,0,0.0352,19.06,0.018,597.5,0,1.56,1.41,6387
Qatar-8 b,tr,2019,other,3.71495,0,0.0474,14.4,0.017,117.9,0,1.31,1.03,5738
Qatar-9 b,tr,2019,other,1.54073,0,0.0234,11.31,0.014,378.2,0,0.696,0.719,4309
ROXs 12 b,im,2013,other,1.19168e+06,1,210,,,5085,0,1.07,0.87,3850
ROXs 42 B b,im,2013,other,718521,1,157,,,2860,0,1.34,1,3433
RR Cae b,ot,2012,other,4343.5,0,5.3,,,1335,1,0.193,0.44,3904
Ross 128 b,rv,2017,other,9.8658,0,0.0496,,,1.4,1,0.197,0.168,3192
Ross 176 b,tr,2025,TESS,5.00663,0,0.0464,1.84,0.043,4.57,0,0.569,0.577,4041
Ross 458 c,im,2010,other,1.7864e+07,1,1100,14.01,,1907,0,0.563,0.556,3965
Ross 508 b,rv,2022,other,10.77,0,0.05366,,,4,1,0.211,0.177,3071
SPECULOOS-3 b,tr,2024,other,0.719126,0,0.00733,0.977,0.023,,0,0.123,0.101,2800
SWEEPS-11 b,tr,2006,other,1.796,0,0.03,12.67,0.186,3083,0,1.45,1.1,
SWEEPS-4 b,tr,2006,other,4.2,0,0.055,9.079,0.123,1208,0,1.18,1.24,
TAP 26 b,rv,2017,other,10.79,0,0.0968,,,527.6,1,1.17,1.04,4620
TCP J05074264+2447555 b,ml,2018,other,434.844,1,0.94,,,20,0,1.42,0.586,5805
TIC 117642575 b,tr,2026,TESS,4.94459,0,,2.827,0.096,,0,1.08,1.06,5720
TIC 139270665 b,tr,2024,TESS,23.624,0,0.163,7.23,0.036,147.2,0,1.02,1.03,5844
TIC 139270665 c,rv,2024,other,1010,0,2,,,1554,1,1.02,1.03,5844
TIC 139702105 b,tr,2026,TESS,6.83602,0,,2.453,0.110,,0,1.25,0.9,5742
TIC 142589416 b,tr,2026,TESS,2.09518,0,,2.679,0.120,,0,0.714,0.641,4396
TIC 147027702 b,tr,2026,TESS,44.4052,0,0.274,10.93,0.066,346.4,0,2.14,1.41,6410
TIC 150070085 b,tr,2026,TESS,10.4742,0,,3.62,0.057,,0,1.09,1.16,5999
TIC 153919886 b,tr,2026,TESS,2.1051,0,,2.706,0.096,,0,0.592,0.581,4137
TIC 154870955 b,tr,2026,TESS,7.96987,0,,3.095,0.138,,0,0.724,0.828,4740
TIC 160113658 b,tr,2026,TESS,6.72952,0,,3.49,0.195,,0,0.79,0.76,4817
TIC 161045582 b,tr,2026,TESS,8.85577,0,,2.246,0.108,,0,1.08,1.04,5684
TIC 172900988 b,tr,2021,TESS,200.452,0,0.9028,11.25,0.039,942,0,1.38,1.24,6050
TIC 178172313 b,tr,2026,TESS,4.37318,0,,2.804,0.231,,0,0.843,0.91,5406
TIC 183374187 b,tr,2026,TESS,5.05907,0,,14.03,0.056,178,0,1.34,0.853,5768
TIC 188624430 b,tr,2026,TESS,6.2186,0,,3.648,0.076,,0,0.787,0.929,5369
TIC 18942729 b,tr,2026,TESS,0.998178,0,,2,0.128,,0,0.825,0.652,4360
TIC 198190129 b,tr,2026,TESS,7.94805,0,,2.923,0.071,,0,0.641,0.638,4378
TIC 206466666 b,tr,2026,TESS,9.10487,0,,2.148,0.122,,0,0.667,0.76,4620
TIC 231949697 b,tr,2026,TESS,0.907204,0,,1.528,0.174,,0,0.493,0.491,3451
TIC 237913194 b,tr,2020,TESS,15.1689,0,0.1207,12.52,0.045,617.2,0,1.09,1.03,5788
TIC 241249530 b,tr,2024,TESS,165.772,0,0.641,13.29,0.032,1583,0,1.4,1.27,6166
TIC 245076932 b,tr,2026,TESS,21.6139,0,0.157,10.87,0.049,162.1,0,1.29,1.12,6130
TIC 24750448 b,tr,2026,TESS,3.59159,0,,2.437,0.120,,0,0.714,0.69,4545
TIC 24750448 c,tr,2026,TESS,10.1439,0,,3.09,0.120,,0,0.714,0.69,4545
TIC 249022743 b,tr,2026,TESS,2.2572,0,,4.796,0.079,,0,1.21,1,5568
TIC 257060897 b,tr,2021,TESS,3.66004,0,0.04922,17.26,0.029,201.5,0,1.86,1.19,5993
TIC 260969020 b,tr,2026,TESS,8.48585,0,,2.227,0.097,,0,0.69,0.75,4573
TIC 270471727 b,tr,2026,TESS,10.4562,0,,2.75,0.111,,0,0.997,0.9,5271
TIC 279401253 b,tr,2023,TESS,76.8,0,0.369,11.21,0.040,1951,0,1.06,1.13,5951
TIC 279401253 c,tr,2023,other,155.3,0,0.591,,,2549,1,1.06,1.13,5951
TIC 290487717 b,tr,2026,TESS,3.40082,0,,6.638,0.102,,0,0.944,0.92,5329
TIC 294329732 b,tr,2026,TESS,9.75659,0,,2.077,0.099,,0,0.92,0.89,5202
TIC 32032563 b,tr,2026,TESS,13.8346,0,,3.477,0.110,,0,1,1.05,5568
TIC 320419023 b,tr,2026,TESS,5.26376,0,,2.773,0.108,,0,0.952,1.06,5703
TIC 34085383 b,tr,2026,TESS,3.47793,0,,3.92,0.095,,0,0.81,0.733,4695
TIC 349520724 b,tr,2026,TESS,7.94045,0,,2.826,0.128,,0,0.819,0.89,5099
TIC 356227008 b,tr,2026,TESS,2.96147,0,,2.39,0.130,,0,0.96,1.02,5732
TIC 365102760 b,tr,2024,TESS,4.21285,0,0.0622,6.21,0.122,19.2,0,3.13,1.17,4900
TIC 38825265 b,tr,2026,TESS,3.31337,0,,2.189,0.138,,0,0.665,0.64,4376
TIC 38828280 b,tr,2026,TESS,4.85559,0,,2.627,0.220,,0,0.741,0.84,5047
TIC 390586021 b,tr,2026,TESS,2.74704,0,,2.86,0.103,,0,0.727,0.648,4435
TIC 393818343 b,tr,2024,TESS,16.2492,0,0.1291,12.18,0.020,1379,0,1.09,1.08,5756
TIC 423703298 b,tr,2026,TESS,4.03713,0,,2.772,0.116,,0,0.73,0.691,4540
TIC 434398831 b,tr,2025,TESS,3.6855,0,0.04641,3.51,0.061,,0,0.909,0.992,5638
TIC 434398831 c,tr,2025,TESS,6.21029,0,0.06572,5.63,0.051,,0,0.909,0.992,5638
TIC 437041147 b,tr,2026,TESS,3.82301,0,,2.215,0.141,,0,0.961,0.931,5224
TIC 445839811 b,tr,2026,TESS,11.1086,0,,2.478,0.157,,0,0.85,0.95,5408
TIC 46432937 b,tr,2024,TESS,1.44045,0,0.02065,13.32,0.025,1017,0,0.53,0.563,3572
TIC 4672985 b,tr,2024,TESS,69.048,0,0.33,11.5,0.064,4049,0,1.15,1.01,5757
TIC 52059926 b,tr,2026,TESS,175.532,0,0.553,10.71,0.051,5380,0,0.72,0.73,4505
TIC 62895484 b,tr,2026,TESS,2.83985,0,,3.494,0.092,,0,0.874,0.98,5521
TIC 65612701 b,tr,2026,TESS,10.2247,0,,5.078,0.065,,0,1.74,1.06,5692
TIC 67686059 b,tr,2026,TESS,3.52164,0,,2.591,0.142,,0,0.82,0.86,5090
TIC 77319217 b,tr,2026,TESS,7.54831,0,,3.109,0.103,,0,1.18,1.16,5962
TIC 77552382 b,tr,2026,TESS,3.51026,0,,5.692,0.106,,0,0.887,0.83,4981
TIC 86380416 b,tr,2026,TESS,6.04086,0,,2.412,0.111,,0,0.99,1.07,5724
TIC 87422071 b,tr,2026,TESS,11.3649,0,0.106,10.86,0.088,410,0,1.49,1.24,6150
TIC 88692598 b,tr,2026,TESS,2.64909,0,,1.813,0.111,,0,0.532,0.529,3483
TIC 88785435 b,tr,2025,TESS,10.5088,0,0.08432,5.03,0.041,,0,0.911,0.724,3998
TIC 9344899 b,tr,2026,TESS,8.58216,0,0.0815,9.16,0.044,6170,0,1.06,0.98,5800
TOI-1011 b,tr,2025,TESS,2.4705,0,,1.45,0.034,4.04,0,0.92,0.91,5475
TOI-1036 b,tr,2026,TESS,3.77952,0,,6.285,0.064,,0,1.18,1.03,5665
TOI-1052 b,tr,2023,TESS,9.1397,0,0.09103,2.87,0.092,16.9,0,1.26,1.2,6146
TOI-1052 c,rv,2023,other,35.806,0,0.2263,,,34.3,1,1.26,1.2,6146
TOI-1054.01,tr,2021,TESS,15.5078,0,,2.434,0.059,,0,1.17,1.14,6122
TOI-1062 b,tr,2021,TESS,4.11296,0,0.052,2.265,0.041,10.15,0,0.84,0.94,5328
TOI-1062 c,rv,2021,other,7.972,0,0.08,,,9.78,1,0.84,0.94,5328
TOI-1064 b,tr,2022,TESS,6.44387,0,0.06152,2.587,0.016,13.5,0,0.726,0.748,4734
TOI-1064 c,tr,2022,TESS,12.2266,0,0.09429,2.651,0.016,2.5,0,0.726,0.748,4734
TOI-1075 b,tr,2022,TESS,0.604733,0,0.01159,1.791,0.055,9.95,0,0.581,0.604,3875
TOI-1080 b,tr,2026,TESS,3.96525,0,0.0272,1.2,0.048,10.7,0,0.202,0.167,3065
TOI-1105 b,tr,2026,TESS,10.8682,0,,3.058,0.228,,0,0.756,0.74,4678
TOI-1107 b,tr,2022,TESS,4.07824,0,0.0561,14.57,0.038,1065,0,1.81,1.35,6311
TOI-1117 b,tr,2025,TESS,2.22816,0,0.033,2.46,0.051,8.9,0,1.05,0.97,5635
TOI-1117 c,rv,2025,other,4.579,0,0.0534,,,8.78,1,1.05,0.97,5635
TOI-1117 d,rv,2025,other,8.665,0,0.0817,,,10.71,1,1.05,0.97,5635
TOI-1130 b,tr,2020,TESS,4.07455,0,0.0453,3.66,0.010,19.8,0,0.697,0.745,4360
TOI-1130 c,tr,2020,TESS,8.35019,0,0.0731,13,0.031,336,0,0.697,0.745,4360
TOI-1135 b,tr,2024,TESS,8.02773,0,0.0815,9.92,0.032,58.8,0,1.2,1.12,6320
TOI-1136 b,tr,2022,TESS,4.1727,0,0.05106,1.9,0.095,3.5,0,0.968,1.02,5770
TOI-1136 c,tr,2022,TESS,6.2574,0,0.0669,2.879,0.021,6.32,0,0.968,1.02,5770
TOI-1136 d,tr,2022,TESS,12.5199,0,0.1062,4.627,0.016,8.35,0,0.968,1.02,5770
TOI-1136 e,tr,2022,TESS,18.801,0,0.14,2.639,0.030,6.07,0,0.968,1.02,5770
TOI-1136 f,tr,2022,TESS,26.321,0,0.174,3.736,0.022,9.7,0,0.968,1.02,5770
TOI-1136 g,tr,2022,TESS,39.545,0,0.229,2.53,0.045,5.6,0,0.968,1.02,5770
TOI-1173 b,tr,2024,TESS,7.0644,0,0.071,8.777,0.031,28.29,0,0.934,0.911,5350
TOI-1174 b,tr,2024,TESS,8.95349,0,0.07994,2.562,0.088,32,0,0.76,0.85,5030
TOI-1180 b,tr,2024,TESS,9.68676,0,0.0808,3.072,0.083,10,0,0.73,0.75,4738
TOI-1181 b,tr,2022,TESS,2.10319,0,0.0364,17.03,0.039,374.7,0,1.96,1.47,6054
TOI-1184 b,tr,2024,TESS,5.74843,0,0.05603,2.39,0.101,6.8,0,0.69,0.71,4534
TOI-1194 b,tr,2023,TESS,2.31064,0,0.034,8.717,0.017,120,0,0.961,0.984,5394
TOI-1199 b,tr,2024,TESS,3.67146,0,0.04988,10.51,0.027,75.96,0,1.45,1.23,5710
TOI-1201 b,tr,2021,TESS,2.49199,0,0.0287,2.415,0.037,6.28,0,0.508,0.512,3476
TOI-1203 b,rv,2025,other,4.15729,0,0.04869,1.52,0.030,3.51,0,1.18,0.886,5737
TOI-1203 c,rv,2025,other,13.0766,0,,,,5.46,1,1.18,0.886,5737
TOI-1203 e,rv,2025,other,204.59,0,,,,42.1,1,1.18,0.886,5737
TOI-1203.01,tr,2021,TESS,25.5027,0,0.1632,2.918,0.016,7.39,0,1.18,0.886,5737
TOI-122 b,tr,2020,TESS,5.07803,0,0.0392,2.72,0.066,,0,0.334,0.312,3403
TOI-1221 b,tr,2023,TESS,91.6828,0,0.387,2.91,0.043,1112,0,1.03,0.93,5592
TOI-1224 b,tr,2024,TESS,4.17827,0,0.0355,2.104,0.044,,0,0.404,0.4,3326
TOI-1224 c,tr,2024,TESS,17.9455,0,,2.884,0.034,,0,0.404,0.4,3326
TOI-1226 b,tr,2026,TESS,3.92881,0,,2.41,0.093,,0,0.987,1.01,5435
TOI-1227 b,tr,2022,TESS,27.364,0,0.0886,9.572,0.070,,0,0.56,0.17,3072
TOI-1230.01,tr,2021,TESS,25.0573,0,,2.386,0.107,,0,1.15,1.14,5696
TOI-1231 b,tr,2021,TESS,24.2456,0,0.1288,3.65,0.042,15.4,0,0.476,0.485,3553
TOI-1232 b,tr,2026,TESS,14.256,0,0.117,10.93,0.054,220.6,0,1.07,1.06,5823
TOI-1232 c,ot,2026,TESS,30.356,0,0.194,,,58.48,0,1.07,1.06,5823
TOI-1233.01,tr,2021,TESS,14.1757,0,0.1074,2.539,0.025,,0,0.877,0.869,5660
TOI-1235 b,tr,2020,TESS,3.44471,0,0.03845,1.69,0.047,6.69,0,0.619,0.63,3997
TOI-1238 b,tr,2022,TESS,0.764597,0,0.0139,1.21,0.087,3.76,0,0.58,0.59,4089
TOI-1238 c,tr,2022,TESS,3.29474,0,0.037,2.11,0.066,8.32,0,0.58,0.59,4089
TOI-1243 b,tr,2026,TESS,4.65948,0,,2.33,0.052,7.7,0,0.511,0.515,3515
TOI-1244 b,tr,2024,TESS,6.40032,0,0.06069,2.467,0.091,6.6,0,0.721,0.73,4599
TOI-1246 b,tr,2022,TESS,4.30744,0,0.049,3.01,0.020,8.1,0,0.86,0.87,5151
TOI-1246 c,tr,2022,TESS,5.90414,0,0.061,2.451,0.046,9.1,0,0.865,0.889,5213
TOI-1246 d,tr,2022,TESS,18.6549,0,0.132,3.431,0.039,5.4,0,0.865,0.889,5213
TOI-1246 e,tr,2022,TESS,37.9255,0,0.212,3.514,0.064,14.5,0,0.865,0.889,5213
TOI-1248 b,tr,2024,TESS,4.36016,0,0.051,6.808,0.017,27.4,0,0.869,0.904,5205
TOI-1249 b,tr,2024,TESS,13.0792,0,0.109,3.271,0.076,11.9,0,0.979,1.01,5497
TOI-125 b,tr,2019,TESS,4.65382,0,0.05186,2.726,0.028,9.5,0,0.848,0.859,5320
TOI-125 c,tr,2019,TESS,9.15059,0,0.0814,2.759,0.036,6.63,0,0.848,0.859,5320
TOI-125 d,tr,2020,TESS,19.98,0,0.137,2.93,0.058,13.6,0,0.848,0.859,5320
TOI-1259 A b,tr,2021,TESS,3.47798,0,0.0408,11.6,0.017,141,0,0.715,0.746,4775
TOI-1260 b,tr,2021,TESS,3.12746,0,0.0367,2.41,0.021,8.56,0,0.672,0.679,4227
TOI-1260 c,tr,2021,TESS,7.49313,0,0.0657,2.76,0.025,13.2,0,0.672,0.679,4227
TOI-1260 d,tr,2022,TESS,16.6082,0,0.1116,3.12,0.026,11.84,0,0.672,0.679,4227
TOI-1266 b,tr,2020,TESS,10.8945,0,0.073,2.52,0.032,4.46,0,0.423,0.437,3563
TOI-1266 c,tr,2020,TESS,18.8027,0,0.105,1.98,0.051,3.17,0,0.423,0.437,3563
TOI-1266 d,ot,2025,TESS,32.509,0,0.1513,,,3.68,0,0.423,0.437,3563
TOI-1268 b,tr,2022,TESS,8.15771,0,0.0711,9.1,0.066,96.4,0,0.92,0.96,5300
TOI-1269 b,tr,2024,TESS,4.25299,0,0.0496,2.401,0.047,6.4,0,0.852,0.903,5499
TOI-1269 c,tr,2026,TESS,9.23786,0,,2.23,0.097,,0,0.849,0.903,5554
TOI-1272 b,tr,2022,TESS,3.31598,0,0.041,4.26,0.023,24.1,0,0.8,0.828,4985
TOI-1273 b,tr,2024,TESS,4.6313,0,0.0549,11.1,0.222,70.56,0,1.06,1.06,5690
TOI-1278 b,tr,2021,TESS,14.4757,0,0.095,12.22,0.202,5880,0,0.573,0.54,3799
TOI-1279 b,tr,2024,TESS,9.61419,0,0.085,2.661,0.046,10.6,0,0.843,0.878,5457
TOI-128.01,tr,2024,TESS,4.94047,0,0.05381,2.219,0.049,,0,1.13,0.852,6086
TOI-1288 b,tr,2022,TESS,2.69983,0,0.0374,4.968,0.021,44.1,0,0.958,0.955,5388
TOI-1288 c,rv,2022,other,416,0,1.07,,,85.7,1,0.958,0.955,5388
TOI-1291 b,tr,2026,TESS,7.16201,0,,5.638,0.061,,0,1.81,1.2,6140
TOI-1294 b,tr,2024,TESS,3.91529,0,0.051,10.12,0.023,63.9,0,1.56,1.16,5718
TOI-1294 c,rv,2024,other,159.9,0,0.61,,,147,1,1.56,1.16,5718
TOI-1295 b,tr,2024,TESS,3.19688,0,0.047,15.69,0.057,451.3,0,1.7,1.38,6280
TOI-1296 b,tr,2021,TESS,3.94437,0,0.051,14.12,0.019,95.3,0,1.7,1.16,5567
TOI-1298 b,tr,2021,TESS,4.53714,0,0.057,9.658,0.019,99,0,1.45,1.22,5752
TOI-1301.01,tr,2024,TESS,6.09641,0,0.05987,2.477,0.075,,0,0.732,0.77,4820
TOI-132 b,tr,2020,TESS,2.1097,0,0.026,3.42,0.039,22.4,0,0.9,0.97,5397
TOI-1333 b,tr,2021,TESS,4.72022,0,0.0626,15.65,0.039,753.3,0,1.93,1.46,6274
TOI-1338 b,tr,2020,TESS,95.4001,0,0.4607,7.661,0.007,11.3,0,1.31,1.09,5723
TOI-1338 c,rv,2023,other,215.79,0,0.794,,,75.4,0,1.31,1.09,5723
TOI-1346 b,tr,2025,TESS,1.76225,0,,2.39,0.067,,0,0.78,0.82,5099
TOI-1346 c,tr,2025,TESS,5.50256,0,,2.23,0.063,,0,0.78,0.82,5099
TOI-1347 b,tr,2024,TESS,0.847423,0,0.0171,1.8,0.056,11.1,0,0.83,0.913,5464
TOI-1347 c,tr,2024,TESS,4.84196,0,0.0546,1.6,0.062,6.4,0,0.83,0.913,5464
TOI-1386 b,tr,2024,TESS,25.8401,0,0.173,6.216,0.030,45.8,0,1.02,1.04,5735
TOI-1386 c,rv,2024,other,232,0,0.75,,,75.2,1,1.02,1.04,5735
TOI-139 b,tr,2023,TESS,11.0709,0,,2.457,0.069,,0,0.701,0.69,4570
TOI-1408 b,tr,2023,TESS,4.42587,0,0.05778,25,0.160,593,0,1.53,1.31,6117
TOI-1408 c,ot,2024,TESS,2.1664,0,0.03587,2.22,0.027,7.6,0,1.53,1.31,6117
TOI-1410 c,rv,2024,other,47.56,0,0.239,,,27,1,0.756,0.794,4635
TOI-1410.01,tr,2024,TESS,1.21687,0,0.0207,3.101,0.062,12.5,0,0.756,0.794,4635
TOI-1411 b,tr,2022,TESS,1.45205,0,0.02122,1.199,0.039,2,0,0.614,0.605,4115
TOI-1416 b,tr,2023,TESS,1.06976,0,0.019,1.62,0.049,3.48,0,0.793,0.798,4884
TOI-1420 b,tr,2023,TESS,6.95611,0,0.071,11.89,0.028,25.1,0,0.923,0.987,5510
TOI-1422 b,tr,2022,TESS,12.9989,0,0.107,3.83,0.029,9.5,0,1.02,0.99,5840
TOI-1422 c,rv,2025,other,34.5633,0,0.205,2.61,0.054,14,0,1.02,0.99,5840
TOI-1431 b,tr,2021,TESS,2.65024,0,0.046,16.7,0.034,991.6,0,1.92,1.9,7690
TOI-1437 b,tr,2024,TESS,18.8409,0,0.14,2.24,0.100,9.6,0,1.17,1.1,6008
TOI-1438 b,tr,2025,TESS,5.13967,0,0.0553,3.04,0.062,9.4,0,0.82,0.876,5230
TOI-1438 c,tr,2025,TESS,9.42809,0,0.083,2.75,0.051,10.6,0,0.82,0.876,5230
TOI-1439 b,tr,2024,TESS,27.644,0,0.192,4.243,0.047,38.5,0,1.62,1.23,5841
TOI-1442 b,tr,2022,TESS,0.409068,0,0.0071,1.17,0.051,,0,0.31,0.29,3330
TOI-1443 b,tr,2024,TESS,23.5407,0,0.147,2.304,0.049,30,0,0.751,0.766,5224
TOI-1444 b,tr,2021,TESS,0.470274,0,0.0116,1.418,0.031,3.58,0,0.91,0.951,5460
TOI-1448 b,tr,2024,TESS,8.11224,0,0.0567,2.749,0.024,19.5,0,0.38,0.372,3412
TOI-1450 A b,tr,2024,TESS,2.04393,0,,1.13,0.038,1.258,0,0.483,0.48,3437
TOI-1450 A c,tr,2024,other,5.0688,0,,,,1.527,1,0.483,0.48,3437
TOI-1451 b,tr,2024,TESS,16.5379,0,0.127,2.611,0.045,15.2,0,1.02,1,5801
TOI-1452 b,tr,2022,TESS,11.062,0,0.061,1.672,0.042,4.82,0,0.275,0.249,3185
TOI-1453 b,tr,2025,TESS,4.31352,0,,1.173,0.049,2.32,0,0.72,0.715,4975
TOI-1453 c,tr,2025,TESS,6.5887,0,,2.224,0.043,2.95,0,0.72,0.715,4975
TOI-1466 b,tr,2026,TESS,1.87191,0,,2.467,0.118,,0,0.75,0.66,4435
TOI-1467 b,tr,2024,TESS,5.97115,0,0.05075,1.92,0.074,9,0,0.491,0.489,3834
TOI-1468 b,tr,2022,TESS,1.88052,0,0.02107,1.401,0.042,3.04,0,0.371,0.353,3376
TOI-1468 c,tr,2022,TESS,15.5325,0,0.08608,2.126,0.044,4.1,0,0.371,0.353,3376
TOI-1470 b,tr,2023,TESS,2.52709,0,0.0285,2.18,0.018,7.32,0,0.469,0.471,3709
TOI-1470 c,tr,2023,TESS,18.0882,0,0.106,2.47,0.008,7.24,0,0.469,0.471,3709
TOI-1472 b,tr,2024,TESS,6.36339,0,0.064,4.058,0.024,18.05,0,0.84,0.87,5100
TOI-1472 c,rv,2025,other,15.5382,0,0.116,3.334,0.024,21.13,0,0.84,0.87,5100
TOI-1478 b,tr,2021,TESS,10.1802,0,0.0818,11.99,0.121,279.7,0,1.05,0.947,5597
TOI-150.01,tr,2019,TESS,5.85749,0,0.07037,14.07,0.016,797.8,0,1.53,1.35,6255
TOI-1516 b,tr,2022,TESS,2.05601,0,,15.24,0.022,1004,0,1.14,1.14,6520
TOI-1518 b,tr,2021,other,1.90261,0,0.03712,21.05,0.022,581.6,0,1.94,1.88,7299
TOI-1533 b,tr,2026,TESS,3.6458,0,0.0445,2.89,0.021,28.1,0,0.849,0.88,5146
TOI-1533 c,tr,2026,TESS,8.06379,0,0.076,7.5,,36.6,0,0.849,0.88,5146
TOI-157 b,tr,2020,TESS,2.08454,0,0.03138,14.41,0.017,375,0,1.17,0.948,5404
TOI-159 b,tr,2026,TESS,3.76284,0,0.056,18.18,0.009,1110,0,1.62,1.66,7287
TOI-1601 b,tr,2021,TESS,5.33175,0,0.069,14.2,0.041,387,0,2.19,1.51,5982
TOI-163 b,tr,2019,TESS,4.23131,0,0.058,16.69,0.023,387.8,0,1.65,1.44,6495
TOI-1630.01,tr,2024,TESS,12.0557,0,0.1012,2.417,0.081,,0,0.83,0.95,5504
TOI-1634 b,tr,2021,TESS,0.989346,0,0.01544,1.759,0.033,4.9,0,0.45,0.502,3550
TOI-1648 b,tr,2025,TESS,7.3316,0,0.0694,2.54,0.051,7.4,0,0.81,0.83,4850
TOI-1659.01,tr,2024,TESS,5.87756,0,0.06576,2.255,0.091,,0,1.01,1.1,5977
TOI-1669 b,rv,2023,other,500,0,1.27,,,191,1,1.06,0.987,5497
TOI-1669 c,tr,2024,TESS,2.68005,0,0.0376,2.296,0.042,13,0,1.06,0.987,5497
TOI-1670 b,tr,2022,TESS,10.9846,0,0.103,2.06,0.083,41.32,0,1.32,1.21,6170
TOI-1670 c,tr,2022,TESS,40.7498,0,0.249,11.06,0.025,200.2,0,1.32,1.21,6170
TOI-1680 b,tr,2023,TESS,4.80263,0,0.03144,1.466,0.038,,0,0.211,0.18,3225
TOI-1683.01,tr,2024,TESS,3.05754,0,0.03651,2.638,0.105,,0,0.7,0.695,4402
TOI-1685 b,tr,2021,TESS,0.669139,0,0.01164,1.421,0.042,3.07,0,0.462,0.466,3470
TOI-169 b,tr,2020,TESS,2.25545,0,0.03524,12.17,0.059,251.4,0,1.29,1.15,5880
TOI-1691 b,tr,2024,TESS,16.7369,0,0.1294,3.66,0.061,14.6,0,1,1.03,5759
TOI-1693 b,tr,2022,TESS,1.7667,0,0.0226,1.41,0.071,,0,0.46,0.49,3499
TOI-1694 b,tr,2023,TESS,3.77014,0,0.0445,5.27,0.021,28.24,0,0.812,0.828,5005
TOI-1694 c,rv,2023,other,386.25,0,0.974,,,316.6,1,0.812,0.828,5005
TOI-1695 b,tr,2022,TESS,3.13428,0,0.03355,1.9,0.079,6.36,0,0.515,0.513,3690
TOI-1696 b,tr,2022,TESS,2.50031,0,0.0229,3.09,0.036,48.8,0,0.278,0.255,3185
TOI-1710 b,tr,2022,TESS,24.2834,0,0.1652,5.06,0.012,19.1,0,0.93,1.02,5775
TOI-1716.01,tr,2024,TESS,8.08238,0,0.0805,3.143,0.112,,0,1.24,1.07,5879
TOI-1718 b,tr,2026,TESS,5.58704,0,,4.108,0.066,,0,0.939,0.93,5305
TOI-172 b,tr,2019,TESS,9.47725,0,0.0914,10.82,0.032,1723,0,1.78,1.13,5645
TOI-1722 b,tr,2026,TESS,9.60523,0,,4.383,0.122,,0,1.09,1.16,6000
TOI-1723 b,tr,2024,TESS,13.727,0,0.1135,3.435,0.064,10.4,0,1.09,1.04,5777
TOI-1728 b,tr,2020,TESS,3.49151,0,0.0391,5.05,0.033,26.78,0,0.624,0.646,3980
TOI-1732 b,tr,2026,TESS,4.11924,0,,2.495,0.099,,0,0.633,0.614,4202
TOI-1736 b,tr,2023,TESS,7.07308,0,0.073,3.182,0.034,12.3,0,1.43,1.04,5636
TOI-1736 c,rv,2023,other,571.25,0,1.37,,,2800,0,1.43,1.04,5636
TOI-1739 b,tr,2024,TESS,8.30334,0,0.07387,1.946,0.101,,0,0.781,0.78,4814
TOI-1742 b,tr,2024,TESS,21.2691,0,0.154,2.365,0.023,9.7,0,1.13,1.09,5815
TOI-1743 b,tr,2025,TESS,4.26605,0,0.03589,1.83,0.057,,0,0.338,0.339,3277
TOI-1744.01,tr,2024,TESS,22.3417,0,0.1641,2.68,0.081,,0,1.14,1.18,6179
TOI-1749 b,tr,2021,TESS,2.38839,0,0.0291,1.39,0.144,57,0,0.55,0.58,3985
TOI-1749 c,tr,2021,TESS,4.4929,0,0.0443,2.12,0.057,14,0,0.55,0.58,3985
TOI-1749 d,tr,2021,TESS,9.0497,0,0.0707,2.52,0.060,15,0,0.55,0.58,3985
TOI-1750 b,tr,2026,TESS,11.3373,0,,2.789,0.105,,0,0.769,0.767,4684
TOI-1751 b,tr,2024,TESS,37.4685,0,0.215,2.951,0.033,19.5,0,1.31,0.938,5970
TOI-1752 b,tr,2026,TESS,0.935186,0,0.01624,1.693,0.040,,0,0.53,0.524,3762
TOI-1752 c,tr,2026,TESS,32.7144,0,0.1614,2.29,0.059,,0,0.53,0.524,3762
TOI-1753 b,tr,2024,TESS,5.38461,0,0.059,2.479,0.036,16.6,0,0.972,0.948,5621
TOI-1756 b,tr,2026,TESS,2.78302,0,,1.942,0.142,,0,0.563,0.556,3892
TOI-1758 b,tr,2024,TESS,20.7051,0,0.1414,3.62,0.084,6.9,0,0.81,0.88,5169
TOI-1759 b,tr,2022,TESS,18.8502,0,0.1177,3.14,0.032,10.8,0,0.597,0.606,4065
TOI-1768.01,tr,2024,TESS,7.3377,0,0.07638,3.453,0.103,,0,1.1,1.1,5994
TOI-1772.01,tr,2024,TESS,8.05425,0,0.07838,2.905,0.093,,0,0.995,0.99,5583
TOI-1774.01,tr,2021,TESS,16.7099,0,,2.78,0.016,8.5,1,1.13,0.991,5746
TOI-1775 b,tr,2024,TESS,10.2406,0,0.08,8.047,0.017,96,0,0.829,0.922,5284
TOI-1776 b,tr,2024,TESS,2.79987,0,0.0378,1.216,0.069,1.4,0,0.936,0.92,5785
TOI-1777.01,tr,2024,TESS,14.6501,0,0.1195,2.246,0.102,,0,0.98,1.06,5859
TOI-178 b,tr,2021,TESS,1.91456,0,0.02607,1.2,0.033,0.96,0,0.662,0.647,4316
TOI-178 c,tr,2021,TESS,3.23849,0,0.037,1.754,0.021,4.64,0,0.662,0.647,4316
TOI-178 d,tr,2021,TESS,6.55757,0,0.0592,2.695,0.016,5.2,0,0.662,0.647,4316
TOI-178 e,tr,2021,TESS,9.96318,0,0.0783,2.301,0.017,3.48,0,0.662,0.647,4316
TOI-178 f,tr,2021,other,15.2333,0,0.1039,2.417,0.018,5.63,0,0.662,0.647,4316
TOI-178 g,tr,2021,TESS,20.7166,0,0.1275,2.939,0.019,4.4,0,0.662,0.647,4316
TOI-1782.01,tr,2024,TESS,4.98764,0,0.05024,2.368,0.116,,0,0.669,0.68,4336
TOI-1782.02,tr,2024,TESS,1.82902,0,0.02574,1.839,0.114,,0,0.669,0.68,4336
TOI-1789 b,tr,2021,TESS,3.20866,0,0.04882,16.14,0.132,222.5,0,2.17,1.51,5991
TOI-1794 b,tr,2024,TESS,8.76553,0,0.082,3.297,0.046,8.7,0,1.32,0.97,5631
TOI-1798.01,tr,2024,TESS,8.02152,0,0.07498,2.448,0.105,6.5,0,0.78,0.87,5165
TOI-1798.02,tr,2024,TESS,0.437812,0,0.01079,1.464,0.102,5.6,0,0.78,0.87,5165
TOI-1799 b,tr,2024,TESS,7.09457,0,0.0725,1.642,0.120,4,0,0.957,1.01,5690
TOI-1801 b,tr,2023,TESS,10.6439,0,0.075,2.079,0.056,5.738,0,0.547,0.556,3863
TOI-1803 b,tr,2025,TESS,6.29329,0,0.06,2.99,0.027,10.32,0,0.715,0.756,4687
TOI-1803 c,tr,2025,TESS,12.8858,0,0.097,4.29,0.019,8,0,0.715,0.756,4687
TOI-1806.01,tr,2024,TESS,15.1455,0,0.08774,3.41,0.103,,0,0.402,0.393,3272
TOI-1807 b,tr,2021,TESS,0.549371,0,0.0122,1.497,0.050,2.44,0,0.746,0.805,4914
TOI-181 b,tr,2023,TESS,4.532,0,0.0539,6.956,0.014,46.17,0,0.745,0.822,4994
TOI-1811 b,tr,2023,TESS,3.71308,0,0.04389,11.14,0.024,308.9,0,0.769,0.817,4766
TOI-1814 b,tr,2026,TESS,6.36861,0,,5.185,0.076,,0,2.39,,4873
TOI-1820 b,tr,2022,TESS,4.86067,0,0.061,12.78,0.018,731,0,1.51,1.04,5734
TOI-1823 b,tr,2024,TESS,38.8,0,0.212,7.541,0.039,67.4,0,0.805,0.841,4927
TOI-1824 b,tr,2024,TESS,22.8085,0,0.151,2.744,0.029,16,0,0.812,0.88,5165
TOI-1836 b,tr,2024,TESS,20.3808,0,0.1597,8.003,0.043,38.46,0,1.58,1.31,6380
TOI-1836 c,tr,2024,TESS,1.77275,0,0.03089,2.6,0.070,8,0,1.65,1.25,6237
TOI-1839 b,tr,2026,TESS,1.42378,0,0.02355,2.27,0.044,7.1,0,0.89,0.86,5347
TOI-1839 c,tr,2026,TESS,4.02395,0,0.04708,2.5,0.052,6,0,0.89,0.86,5347
TOI-1842 b,tr,2021,TESS,9.57392,0,0.1,12.35,0.023,89.4,0,2.03,1.46,6039
TOI-1846 b,tr,2025,TESS,3.93067,0,0.03646,1.792,0.037,,0,0.397,0.418,3568
TOI-1853 b,tr,2023,TESS,1.24363,0,0.0213,3.46,0.023,73.2,0,0.808,0.837,4985
TOI-1855 b,tr,2024,TESS,1.36415,0,0.02398,18.49,0.270,360.1,0,1.04,0.987,5359
TOI-1859 b,tr,2023,TESS,63.4835,0,0.337,9.752,0.080,,0,1.36,1.29,6341
TOI-1860 b,tr,2022,TESS,1.06621,0,0.0204,1.31,0.031,,0,0.94,0.99,5752
TOI-1873 b,tr,2026,TESS,7.00573,0,,2.864,0.095,,0,0.972,1.01,5598
TOI-1883 b,tr,2024,TESS,4.508,0,0.0423,5.65,0.042,13.7,0,0.506,0.495,3554
TOI-1898 b,tr,2024,TESS,45.5223,0,0.269,9.396,0.029,129,0,1.61,1.25,6241
TOI-1899 b,tr,2020,TESS,29.0903,0,0.1525,11.1,0.030,212.9,0,0.607,0.632,3926
TOI-1937 A b,tr,2023,TESS,0.946679,0,0.01932,13.98,0.049,638.8,0,1.08,1.07,5814
TOI-198 b,tr,2023,TESS,10.2152,0,0.0675,1.36,0.096,3.17,0,0.418,0.417,3801
TOI-199 b,tr,2023,TESS,104.854,0,0.4254,9.079,0.006,54.03,0,0.82,0.936,5255
TOI-199 c,ot,2023,other,273.69,0,0.807,,,88.99,0,0.82,0.936,5255
TOI-1994 b,tr,2024,TESS,4.03371,0,0.0613,13.67,0.063,7024,0,2.3,1.86,7700
TOI-2000 b,tr,2023,TESS,3.09833,0,0.04271,2.7,0.056,11,0,1.13,1.08,5611
TOI-2000 c,tr,2023,TESS,9.12706,0,0.0878,8.14,0.037,81.7,0,1.13,1.08,5611
TOI-2005 b,tr,2025,TESS,17.3059,0,0.16,11.99,0.079,2034,0,2.02,1.59,7130
TOI-201 b,tr,2021,TESS,52.9786,0,0.303,11.4,0.009,164,0,1.31,1.32,6423
TOI-201 c,ot,2025,TESS,2890,0,4.37,10.4,0.029,4990,0,1.31,1.32,6423
TOI-201 d,tr,2026,TESS,5.84889,0,0.0698,1.39,0.050,5.8,0,1.31,1.32,6423
TOI-2010 b,tr,2023,TESS,141.834,0,0.5516,11.81,0.026,408.7,0,1.08,1.11,5929
TOI-2015 b,tr,2023,TESS,3.34824,0,0.02932,3.309,0.004,9.2,0,0.327,0.304,3297
TOI-2015 c,ot,2025,other,5.5828,0,0.04123,,,8.91,0,0.327,0.304,3297
TOI-2018 b,tr,2023,TESS,7.43558,0,,2.268,0.030,9.2,0,0.62,0.57,4174
TOI-2019 b,tr,2024,TESS,15.3444,0,0.128,5.333,0.044,34.4,0,1.75,1.18,5626
TOI-2025 b,tr,2022,TESS,8.8721,0,0.0892,11.89,0.030,1144,0,1.46,1.2,5977
TOI-2031 A b,tr,2025,TESS,5.71549,0,0.066,14.2,0.019,254.3,0,1.24,1.17,6490
TOI-2040 b,tr,2026,TESS,3.86086,0,0.0473,10.32,0.025,248.2,0,0.87,0.92,5132
TOI-2046 b,tr,2022,TESS,1.49718,0,,16.14,0.076,731,0,1.21,1.13,6250
TOI-2048 b,tr,2022,TESS,13.7902,0,,2.61,0.063,,0,0.79,0.83,5185
TOI-2049 b,tr,2026,TESS,5.30347,0,0.06919,16.65,0.046,486.3,0,3.2,1.57,6164
TOI-205 b,tr,2026,TESS,4.25301,0,,2.501,0.091,,0,1.45,1.2,6303
TOI-206 b,tr,2022,TESS,0.73631,0,0.0112,1.3,0.038,,0,0.35,0.35,3383
TOI-2068 b,tr,2024,TESS,7.76891,0,0.0632,1.821,0.085,,0,0.535,0.559,3710
TOI-2071 b,tr,2026,TESS,5.67395,0,,2.565,0.082,,0,1,1.06,5755
TOI-2076 b,tr,2021,TESS,10.355,0,0.08781,2.59,0.039,6.7,0,0.758,0.849,5187
TOI-2076 c,tr,2021,TESS,21.0145,0,0.1407,3.54,0.040,7.2,0,0.758,0.849,5187
TOI-2076 d,tr,2021,TESS,35.128,0,0.1982,3.27,0.040,7.3,0,0.758,0.849,5187
TOI-2076 e,tr,2025,TESS,3.02238,0,0.03863,1.301,0.045,4.7,0,0.758,0.849,5187
TOI-2081 b,tr,2022,TESS,10.5053,0,0.0752,2.04,0.255,,0,0.534,0.54,3800
TOI-2084 b,tr,2023,TESS,6.07842,0,0.05006,2.47,0.053,,0,0.475,0.453,3551
TOI-2088 b,tr,2024,TESS,124.73,0,0.472,3.683,0.045,37,0,0.848,0.903,5081
TOI-209 b,tr,2026,TESS,4.37944,0,,2.395,0.087,,0,0.743,0.81,4807
TOI-2092 b,tr,2026,TESS,4.30326,0,,2.949,0.098,,0,1.05,0.956,5842
TOI-2093 b,rv,2025,other,12.836,0,0.097,,,10.6,1,0.729,0.745,4426
TOI-2093 c,tr,2025,TESS,53.8115,0,0.257,2.3,0.052,15.8,0,0.729,0.745,4426
TOI-2094 b,tr,2026,TESS,18.7932,0,0.136,1.9,0.053,,0,0.384,0.425,3435
TOI-2095 b,tr,2023,TESS,17.6648,0,0.101,1.25,0.056,4.1,0,0.44,0.44,3759
TOI-2095 c,tr,2023,TESS,28.1723,0,0.137,1.33,0.060,7.4,0,0.44,0.44,3759
TOI-2096 b,tr,2023,TESS,3.11906,0,0.025,1.243,0.060,,0,0.235,0.231,3300
TOI-2096 c,tr,2023,TESS,6.38784,0,0.04,1.914,0.050,,0,0.235,0.231,3300
TOI-2104 b,tr,2026,TESS,5.90437,0,,1.529,0.086,,0,0.724,0.8,4856
TOI-2107 b,tr,2024,TESS,2.45455,0,0.03515,13.57,0.028,263.8,0,0.932,0.961,5627
TOI-2109 b,tr,2021,TESS,0.672474,0,0.01791,15.1,0.035,1595,0,1.7,1.45,6540
TOI-2114 b,tr,2026,TESS,6.20996,0,0.076,14.55,0.046,324.2,0,1.97,1.31,6400
TOI-2120 b,tr,2024,TESS,5.79982,0,0.0377,2.122,0.031,6.8,0,0.245,0.211,3131
TOI-2128 b,tr,2024,TESS,16.3414,0,0.127,2.089,0.040,4.5,0,1.12,1.03,5968
TOI-2133 b,tr,2026,TESS,3.82665,0,0.041,2.37,0.038,,0,0.62,0.644,4250
TOI-2134 b,tr,2023,TESS,9.2292,0,0.07803,2.735,0.025,9.37,0,0.709,0.744,4580
TOI-2134 c,tr,2023,TESS,95.8528,0,0.3715,7.35,0.024,58.3,0,0.709,0.744,4580
TOI-2136 b,tr,2022,TESS,7.85193,0,0.057,2.19,0.078,6.37,0,0.34,0.34,3342
TOI-2141 b,tr,2023,TESS,18.2616,0,0.1322,3.147,0.014,20.1,0,0.95,0.896,5635
TOI-2141 c,rv,2025,other,5.4624,0,0.0585,,,6.14,1,0.95,0.896,5635
TOI-2141 d,rv,2025,other,60.45,0,0.2906,,,14.9,1,0.95,0.896,5635
TOI-2145 b,tr,2023,TESS,10.2611,0,0.1117,12.24,0.027,1805,0,2.75,1.71,6206
TOI-2147 b,tr,2026,TESS,26.2052,0,0.172,10.5,0.029,116,0,1.39,0.99,5983
TOI-2152 A b,tr,2023,TESS,3.37735,0,0.05064,14.36,0.037,899.5,0,1.61,1.52,6630
TOI-2154 b,tr,2023,TESS,3.82408,0,0.0513,16.29,0.035,292.4,0,1.4,1.23,6280
TOI-2158 b,tr,2022,TESS,8.60077,0,0.075,10.76,0.013,260.6,0,1.41,1.12,5673
TOI-216.01,tr,2019,TESS,34.5255,0,0.2069,10.1,0.020,178,0,0.748,0.77,5026
TOI-216.02,tr,2019,TESS,17.1607,0,0.1293,8,0.312,18.75,0,0.748,0.77,5026
TOI-2169 A b,tr,2025,TESS,8.21483,0,0.0896,12.51,0.033,329.6,0,1.82,1.42,6270
TOI-2180 b,tr,2022,TESS,260.79,0,0.828,11.32,0.020,875.6,0,1.64,1.11,5695
TOI-2184 b,tr,2022,TESS,6.90683,0,,11.4,0.050,206.6,0,2.9,1.53,5966
TOI-2193 A b,tr,2022,TESS,2.12257,0,0.03319,19.84,,298.8,0,1.25,1.08,5966
TOI-2194 b,tr,2023,TESS,15.3376,0,,1.989,0.050,,0,0.691,0.74,4756
TOI-2196 b,tr,2022,TESS,1.19473,0,0.02234,3.51,0.043,26,0,1.04,1.03,5634
TOI-220 b,tr,2021,TESS,10.6953,0,0.08911,3.03,0.050,13.8,0,0.858,0.825,5298
TOI-2200 b,tr,2026,TESS,2.93603,0,,6.963,0.061,,0,0.826,0.85,5036
TOI-2202 b,tr,2021,TESS,11.9126,0,0.09564,10.95,0.016,287.3,0,0.808,0.841,5169
TOI-2202 c,ot,2021,other,24.6744,0,0.1554,,,117.3,0,0.794,0.823,5144
TOI-2207 b,tr,2022,TESS,8.00197,0,0.0854,11.15,0.028,203.4,0,1.56,1.3,6101
TOI-2211.01,tr,2024,TESS,3.09269,0,0.04011,1.561,0.110,,0,0.834,0.9,5253
TOI-2227 b,tr,2026,TESS,4.22176,0,,3.099,0.079,,0,1.21,1.03,5890
TOI-2236 b,tr,2022,TESS,3.53159,0,0.05009,14.37,0.025,502.2,0,1.57,1.34,6248
TOI-2257 b,tr,2021,TESS,35.1893,0,0.145,2.194,0.051,,0,0.313,0.328,3430
TOI-2260 b,tr,2022,TESS,0.352473,0,0.0097,1.62,0.080,,0,0.94,0.99,5534
TOI-2266 b,tr,2024,TESS,2.32632,0,0.02,1.54,0.058,,0,0.24,0.23,3200
TOI-2267 b,tr,2025,TESS,2.28909,0,0.0205,1,0.110,,0,0.207,0.171,3030
TOI-2267 c,tr,2025,TESS,3.49504,0,0.0263,1.14,0.114,,0,0.207,0.171,3030
TOI-2267 d,tr,2025,TESS,2.03447,0,0.0145,1.77,0.243,,0,0.13,0.0989,3022
TOI-2274 b,tr,2024,TESS,2.67963,0,0.05,2.45,0.073,,0,0.631,0.612,3943
TOI-2285 b,tr,2021,TESS,13.6351,0,0.1363,1.77,0.059,19.5,0,0.464,0.454,3491
TOI-2295 b,tr,2024,TESS,30.0333,0,0.1992,16.48,0.469,278.1,0,1.46,1.17,5730
TOI-2295 c,rv,2024,other,966.5,0,2.018,,,1783,1,1.46,1.17,5730
TOI-2322 b,tr,2025,TESS,11.3072,0,0.0924,0.994,0.058,2.31,0,0.662,0.703,4664
TOI-2322 c,tr,2025,TESS,20.2255,0,0.1362,1.874,0.033,18.1,0,0.662,0.703,4664
TOI-2328 b,tr,2025,TESS,17.102,0,0.127,9.976,0.039,50.85,0,0.9,0.95,5525
TOI-2337 b,tr,2022,TESS,2.99432,0,,10.09,0.111,508.5,0,3.22,1.32,4780
TOI-2338 b,tr,2023,TESS,22.654,0,0.158,11.21,0.020,1901,0,1.05,0.99,5581
TOI-2345 b,tr,2025,TESS,1.05286,0,0.01705,1.504,0.030,3.49,0,0.729,0.727,4687
TOI-2345 c,tr,2025,TESS,21.0643,0,0.1257,2.451,0.019,7.27,0,0.729,0.727,4687
TOI-2346 b,tr,2025,TESS,3.3312,0,0.0473,16.12,0.029,394.1,0,1.38,1.27,6480
TOI-2364 b,tr,2023,TESS,4.01975,0,0.04871,8.608,0.027,71.51,0,0.886,0.954,5306
TOI-2368 b,tr,2024,TESS,5.17501,0,0.05649,10.84,0.035,206.6,0,0.846,0.897,5360
TOI-237 b,tr,2020,TESS,5.4361,0,0.0341,1.44,0.083,,0,0.211,0.179,3212
TOI-237 c,tr,2026,other,1.74486,0,0.016,1.206,0.029,,0,0.206,0.17,3226
TOI-2373 b,tr,2023,TESS,13.3367,0,0.112,10.42,0.022,2956,0,1.1,1.04,5651
TOI-2374 b,tr,2024,TESS,4.31362,0,0.04818,7.488,0.027,61.66,0,0.711,0.802,5002
TOI-2379 b,tr,2024,TESS,5.46938,0,0.05263,11.72,0.022,1831,0,0.622,0.645,3707
TOI-238 b,tr,2024,TESS,1.2731,0,0.0212,1.559,0.030,3.37,0,0.756,0.781,5059
TOI-238 c,rv,2024,other,8.46565,0,0.0749,2.18,0.083,6.7,0,0.733,0.79,5059
TOI-2382 b,tr,2025,TESS,4.66121,0,0.059,12.25,0.058,235.2,0,1.42,1.26,6033
TOI-2384 b,tr,2024,TESS,2.1357,0,0.02793,11.49,0.020,624.9,0,0.611,0.635,3943
TOI-2406 b,tr,2021,TESS,3.07669,0,0.02267,2.86,0.023,15.6,0,0.204,0.166,3100
TOI-2407 b,tr,2025,TESS,2.70297,0,0.033,4.26,0.061,,0,0.567,0.548,3530
TOI-2411 b,tr,2022,TESS,0.782694,0,0.0144,1.68,0.065,,0,0.68,0.65,4099
TOI-2416 b,tr,2023,TESS,8.27548,0,0.0831,9.864,0.023,953.5,0,1.24,1.12,5808
TOI-2420 b,tr,2024,TESS,5.84264,0,0.0684,15.02,0.054,294.6,0,2.37,1.16,5707
TOI-2421 b,tr,2022,TESS,4.3474,0,0.0543,10.37,0.037,105.8,0,1.75,1.13,5607
TOI-2427 b,tr,2022,TESS,1.306,0,0.0202,1.8,0.067,,0,0.65,0.64,4072
TOI-2431 b,tr,2026,TESS,0.224196,0,0.0063,1.534,0.022,6.2,0,0.651,0.661,4109
TOI-244 b,tr,2023,TESS,7.39722,0,0.0559,1.52,0.079,2.68,0,0.426,0.428,3433
TOI-2443 b,tr,2023,TESS,15.6686,0,0.105,2.363,0.028,4.8,0,0.631,0.642,4375
TOI-2445 b,tr,2022,TESS,0.371128,0,0.0064,1.25,0.064,,0,0.27,0.25,3333
TOI-2447 b,tr,2024,TESS,69.3368,0,0.347,9.606,0.013,124.9,0,1.01,1.03,5730
TOI-2449 b,tr,2025,TESS,106.145,0,0.45,11.24,0.009,222,0,1.06,1.08,6021
TOI-2453 b,tr,2026,TESS,4.44143,0,,3.244,0.086,,0,0.502,0.501,3720
TOI-2458 b,tr,2024,TESS,3.73659,0,0.0482,2.83,0.067,13.31,0,1.31,1.05,6005
TOI-2458 c,rv,2024,other,16.553,0,0.129,,,10.22,1,1.31,1.05,6005
TOI-2459 b,tr,2023,TESS,19.1047,0,,2.953,0.027,,0,0.675,0.66,4195
TOI-2485 b,tr,2024,TESS,11.2348,0,0.1093,12.14,0.042,766.6,0,1.72,1.16,6016
TOI-2497 b,tr,2023,TESS,10.6557,0,0.1166,11.14,0.052,1532,0,2.36,1.86,7360
TOI-2498 b,tr,2023,TESS,3.73825,0,0.0491,6.06,0.046,34.62,0,1.26,1.12,5905
TOI-251 b,tr,2021,TESS,4.93777,0,0.05741,2.74,0.066,317.8,0,0.881,1.04,5875
TOI-2518 b,tr,2026,TESS,6.89797,0,,2.268,0.104,,0,0.993,1.11,5751
TOI-2524 b,tr,2023,TESS,7.18585,0,0.073,11.21,0.025,203.4,0,1.12,1.01,5831
TOI-2525 b,tr,2023,TESS,23.2856,0,0.1511,8.676,0.013,26.7,0,0.785,0.849,5096
TOI-2525 c,tr,2023,TESS,49.2519,0,0.249,10.13,0.011,208.8,0,0.785,0.849,5096
TOI-2529 b,tr,2024,TESS,64.5949,0,0.327,11.55,0.049,743.7,0,1.7,1.11,5802
TOI-2537 b,tr,2024,TESS,94.1022,0,0.3715,11.25,0.060,415.4,0,0.771,0.771,4870
TOI-2537 c,rv,2024,other,1920,0,2.78,,,2298,1,0.771,0.771,4870
TOI-2545 b,tr,2022,TESS,7.99404,0,,2.75,,,0,1.25,1.05,5846
TOI-2567 b,tr,2022,TESS,5.98394,0,0.0672,10.93,0.031,63.88,0,1.69,1.13,5611
TOI-257 b,tr,2021,TESS,18.3882,0,0.1528,7.163,0.020,43.86,0,1.87,1.41,6095
TOI-2570 b,tr,2022,TESS,2.98876,0,0.04145,13.64,0.028,260.6,0,1.09,1.06,5771
TOI-2578 b,tr,2026,TESS,3.45797,0,0.0495,19.66,0.033,167.2,0,1.64,1.27,6333
TOI-2580 b,tr,2024,TESS,3.39775,0,0.048,17.37,0.032,200.2,0,1.81,1.33,6120
TOI-2583 A b,tr,2023,TESS,4.52073,0,0.0571,14.46,0.028,79.46,0,1.48,1.22,5936
TOI-2587 A b,tr,2023,TESS,5.45664,0,0.0635,12.07,0.038,69.29,0,1.73,1.15,5760
TOI-2589 b,tr,2023,TESS,61.6277,0,0.3,12.11,0.028,1112,0,1.07,0.93,5579
TOI-260 b,tr,2024,TESS,13.4759,0,0.0943,1.71,0.047,4.23,0,0.607,0.616,4026
TOI-261.01,tr,2021,TESS,3.36393,0,0.03479,3.045,0.069,,0,1.28,0.497,5890
TOI-261.02,tr,2021,TESS,13.0394,0,,3.348,0.379,,0,1.31,1.07,5890
TOI-262 b,tr,2023,TESS,11.1453,0,0.163,2.07,0.072,,0,0.853,0.913,5310
TOI-2641 b,tr,2023,TESS,4.88097,0,0.0607,18.1,0.341,122.7,0,1.34,1.16,6100
TOI-2654 b,tr,2026,TESS,2.9676,0,,7.945,0.070,,0,0.756,0.69,4594
TOI-2669 b,tr,2022,TESS,6.2034,0,,19.73,0.091,193.9,0,4.1,1.19,4800
TOI-269 b,tr,2021,TESS,3.69771,0,0.0345,2.77,0.043,8.8,0,0.398,0.392,3514
TOI-270 b,tr,2019,TESS,3.35992,0,0.03197,1.28,0.035,1.48,0,0.38,0.386,3506
TOI-270 c,tr,2019,TESS,5.66051,0,0.04526,2.33,0.004,6.2,0,0.38,0.386,3506
TOI-270 d,tr,2019,TESS,11.3819,0,0.0721,2,0.025,4.2,0,0.38,0.386,3506
TOI-2714 b,tr,2024,TESS,2.49939,0,0.036,13.72,0.050,228,0,1.25,1.07,5665
TOI-2719 b,tr,2025,TESS,3.37594,0,,5.98,0.077,,0,1.69,1.02,5762
TOI-2768 b,tr,2024,TESS,1.50801,0,0.027,2.63,0.169,,0,0.657,0.63,4008
TOI-277 b,tr,2022,TESS,3.994,0,0.0269,2.65,0.068,,0,0.362,0.16,4031
TOI-2796 b,tr,2023,TESS,4.8085,0,0.0569,17.26,,139.8,0,1.07,1.06,5764
TOI-2803 A b,tr,2023,TESS,1.96229,0,0.03185,18.11,0.020,309.9,0,1.25,1.12,6280
TOI-2818 b,tr,2023,TESS,4.03971,0,0.0493,15.28,0.033,225.7,0,1.23,0.977,5721
TOI-283 b,tr,2025,TESS,17.6175,0,0.123,2.34,0.038,6.54,0,0.85,0.8,5213
TOI-2842 b,tr,2023,TESS,3.55141,0,0.0475,12.85,0.043,117.6,0,1.26,1.14,5910
TOI-286 b,tr,2024,TESS,4.51172,0,0.0503,1.42,0.070,4.53,0,0.78,0.832,5152
TOI-286 c,tr,2024,TESS,39.3618,0,0.213,1.88,0.064,3.72,0,0.78,0.832,5152
TOI-2876 b,tr,2025,TESS,6.29964,0,0.0654,9.64,0.034,54.03,0,0.873,0.939,5271
TOI-2886 b,tr,2025,TESS,1.602,0,0.02871,18.64,0.023,445,0,1.24,1.23,6240
TOI-2969 b,tr,2025,TESS,1.82371,0,0.0261,12.33,0.073,368.7,0,0.7,0.71,4738
TOI-2977 b,tr,2023,TESS,2.35056,0,0.03386,13.16,0.025,534,0,1.07,0.936,5691
TOI-2981 b,tr,2024,TESS,3.6015,0,0.048,13.4,0.031,638,0,1.08,1.03,5940
TOI-2986 b,tr,2025,TESS,3.27837,0,0.04489,9.292,0.027,96.62,0,1.46,1.12,5906
TOI-2989 b,tr,2025,TESS,3.12283,0,0.0384,12.55,0.045,953.5,0,0.76,0.77,4672
TOI-2992 b,tr,2025,TESS,3.00781,0,0.0434,13.75,0.037,1058,0,1.54,1.21,6000
TOI-3023 b,tr,2023,TESS,3.9015,0,0.0505,16.43,0.026,197.1,0,1.67,1.12,5760
TOI-3053 b,tr,2026,TESS,2.992,0,0.039,13.56,0.025,270.2,0,0.97,0.96,5378
TOI-3071 b,tr,2024,TESS,1.26694,0,0.0249,7.16,0.075,68.2,0,1.31,1.29,6177
TOI-3082 b,tr,2023,TESS,1.92691,0,,3.662,0.040,,0,0.685,0.664,4263
TOI-3135 b,tr,2025,TESS,3.70656,0,0.04756,13.65,0.025,327.4,0,0.985,1.04,5890
TOI-3160 A b,tr,2025,TESS,3.97128,0,0.0505,13.76,0.037,378.2,0,1.35,1.09,6190
TOI-3235 b,tr,2023,TESS,2.59262,0,0.02709,11.4,0.043,211.4,0,0.37,0.394,3389
TOI-3261 b,tr,2024,TESS,0.883133,0,0.01714,3.82,0.101,30.3,0,0.849,0.861,5068
TOI-3278 b,tr,2026,TESS,3.24646,0,0.043,13.9,0.032,95.35,0,1.39,1.04,5720
TOI-3288 b,tr,2025,TESS,1.43386,0,0.02285,12.24,0.030,536.2,0,0.672,0.643,4072
TOI-329 b,tr,2024,TESS,5.70439,0,0.0638,4.941,0.055,40.4,0,1.53,1.07,5614
TOI-332 b,tr,2023,TESS,0.777038,0,0.0159,3.2,0.042,57.2,0,0.87,0.88,5251
TOI-3321 b,tr,2024,TESS,3.65251,0,0.047,15.56,0.048,176.1,0,1.55,1.04,5850
TOI-333 b,tr,2025,TESS,3.78525,0,0.049,4.26,0.026,20.1,0,1.1,1.2,6241
TOI-3331 A b,tr,2022,TESS,2.01802,0,0.03144,12.98,0.037,721.5,0,0.952,1.02,5609
TOI-3353.01,tr,2024,TESS,4.6658,0,0.06012,2.667,0.087,,0,1.02,1.33,6365
TOI-3362 b,tr,2021,TESS,18.0955,0,0.153,12.8,0.037,1598,0,1.83,1.45,6532
TOI-3364 b,tr,2023,TESS,5.87689,0,0.0675,12.23,0.032,530.8,0,1.42,1.19,5706
TOI-3457 b,tr,2026,TESS,32.6003,0,0.2001,10.64,0.023,797.7,0,1.47,1.04,6300
TOI-3464 b,tr,2025,TESS,3.65156,0,0.0515,13.76,0.045,397.3,0,1.56,1.36,6370
TOI-3474 b,tr,2025,TESS,3.87951,0,0.0502,14.67,0.025,193.9,0,1.26,1.12,6020
TOI-3486 b,tr,2025,TESS,2.21778,0,0.03138,10.57,0.031,99.16,0,0.788,0.837,4930
TOI-3493 b,tr,2025,TESS,8.15947,0,,3.22,0.025,8.97,0,1.23,1.02,5844
TOI-3523 A b,tr,2025,TESS,2.30459,0,0.03559,15.97,0.025,435.4,0,1.45,1.13,6450
TOI-3540 A b,tr,2022,TESS,3.12,0,0.04289,23.54,,375,0,1.23,1.08,5810
TOI-3568 b,tr,2024,TESS,4.41796,0,0.0485,5.3,0.051,26.4,0,0.719,0.78,4969
TOI-3593 b,tr,2025,TESS,3.82129,0,0.0481,11.03,0.027,565.7,0,0.918,1.01,5550
TOI-3629 b,tr,2022,TESS,3.93655,0,0.043,8.295,0.027,82.64,0,0.6,0.63,3870
TOI-3664 b,tr,2026,TESS,3.29748,0,0.0431,13.7,0.025,114.4,0,1.11,0.98,5593
TOI-3682 b,tr,2025,TESS,3.34624,0,0.048,12.8,0.031,69.29,0,1.74,1.32,5703
TOI-3688 A b,tr,2023,TESS,3.24607,0,0.0456,13.08,0.039,311.5,0,1.3,1.2,5950
TOI-3693 b,tr,2022,TESS,9.08852,0,0.0813,12.6,0.023,324.2,0,0.791,0.867,5321
TOI-3714 b,tr,2022,TESS,2.15485,0,0.027,11.32,0.030,222.5,0,0.51,0.53,3660
TOI-375 b,tr,2026,TESS,9.45469,0,0.099,10.77,0.045,236.8,0,2.9,1.44,5260
TOI-375 c,rv,2026,other,115.5,0,0.524,,,669.3,1,2.9,1.44,5260
TOI-375 d,rv,2026,other,297.9,0,0.984,,,445.6,1,2.9,1.44,5260
TOI-3757 b,tr,2022,TESS,3.43875,0,0.03845,12,0.037,85.3,0,0.62,0.64,3913
TOI-3785 b,tr,2023,TESS,4.67474,0,0.043,5.14,0.031,14.95,0,0.5,0.52,3576
TOI-3807 b,tr,2023,TESS,2.89897,0,0.0421,18.49,,330.5,0,1.47,1.18,5772
TOI-3819 b,tr,2023,TESS,3.24431,0,0.04611,13.14,0.030,352.8,0,1.54,1.24,5859
TOI-3837 b,tr,2025,TESS,11.8887,0,0.099,10.87,0.057,187.5,0,1.2,0.89,5905
TOI-3856 b,tr,2025,TESS,2.0436,0,0.0325,13.6,0.020,171.6,0,1.05,1.1,5622
TOI-3862 b,tr,2026,TESS,1.55746,0,0.02539,5.53,0.033,53.7,0,0.92,0.9,5300
TOI-3877 b,tr,2025,TESS,4.1236,0,0.0529,11.68,0.042,99.8,0,1.45,1.16,5731
TOI-3884 b,tr,2022,TESS,4.54458,0,0.0361,6.43,0.031,32.59,0,0.302,0.298,3180
TOI-3894 b,tr,2024,TESS,4.33454,0,0.05354,15.28,0.039,260.6,0,1.51,1.09,5990
TOI-3896 b,tr,2026,TESS,4.3773,0,,3.149,0.078,,0,0.748,0.86,5111
TOI-3912 b,tr,2023,TESS,3.49363,0,0.0463,14.28,0.032,129,0,1.39,1.09,5725
TOI-3919 b,tr,2024,TESS,7.43323,0,0.0795,12.32,0.046,1233,0,1.32,1.21,6100
TOI-3976 A b,tr,2023,TESS,6.60766,0,0.0743,12.27,0.032,55.62,0,1.5,1.25,5975
TOI-3980 b,tr,2025,TESS,3.60893,0,0.0494,14.46,0.116,187.5,0,1.63,1.24,5840
TOI-3984 A b,tr,2023,TESS,4.35333,0,0.041,7.9,0.030,44,0,0.47,0.49,3476
TOI-4010 b,tr,2023,TESS,1.34834,0,0.0229,3.02,0.026,11,0,0.83,0.88,4960
TOI-4010 c,tr,2023,TESS,5.41465,0,0.058,5.93,0.019,20.31,0,0.83,0.88,4960
TOI-4010 d,tr,2023,TESS,14.7089,0,0.113,6.18,0.023,38.15,0,0.83,0.88,4960
TOI-4010 e,rv,2023,other,762,0,1.57,,,692,1,0.83,0.88,4960
TOI-4029 b,tr,2026,TESS,5.88498,0,,6.738,0.070,,0,1.18,1.02,5663
TOI-4030 b,tr,2026,TESS,2.509,0,,5.846,0.070,,0,0.992,0.98,5640
TOI-4034 b,tr,2026,TESS,1.80209,0,0.03289,17.71,0.013,276.5,0,1.83,1.19,5891
TOI-406 c,tr,2024,TESS,3.30744,0,0.0322,1.32,0.091,2.08,0,0.41,0.408,3392
TOI-406.01,tr,2024,TESS,13.1757,0,0.0809,2.08,0.075,6.57,0,0.41,0.408,3392
TOI-4087 b,tr,2023,TESS,3.17748,0,0.04469,13.05,0.021,232,0,1.11,1.18,6060
TOI-411 b,tr,2022,TESS,4.0403,0,0.05727,1.362,0.029,13.71,0,1.12,1.1,6169
TOI-411 c,tr,2022,TESS,9.57308,0,0.1017,2.328,0.017,9.72,0,1.12,1.1,6169
TOI-4127 b,tr,2023,TESS,56.3987,0,0.303,12.07,0.041,743.7,0,1.29,1.23,6096
TOI-4137 b,tr,2022,TESS,3.80161,0,0.05222,13.57,0.033,457.7,0,1.44,1.31,6202
TOI-4145 A b,tr,2023,TESS,4.06644,0,0.04823,13.31,0.027,136.7,0,0.859,0.905,5281
TOI-4153 b,tr,2024,TESS,4.61741,0,0.06311,16.12,0.030,365.5,0,1.6,1.57,6860
TOI-4155 b,tr,2025,TESS,3.32073,0,,3.21,0.053,,0,0.95,1.16,5724
TOI-4156 b,tr,2026,TESS,4.46189,0,,2.538,0.099,,0,1.04,1.1,5972
TOI-4156 c,tr,2026,TESS,12.8228,0,,2.923,0.104,,0,1.04,1.1,5972
TOI-4184 b,tr,2023,TESS,4.90198,0,0.0336,2.43,0.086,,0,0.235,0.211,3238
TOI-4201 b,tr,2023,TESS,3.58192,0,0.04,13.67,0.033,788.2,0,0.63,0.61,3794
TOI-421 b,tr,2020,TESS,5.19758,0,0.0554,2.64,0.030,6.7,0,0.866,0.833,5291
TOI-421 c,tr,2020,TESS,16.0675,0,0.117,5.09,0.014,14.1,0,0.866,0.833,5291
TOI-4214 b,tr,2025,TESS,3.49139,0,0.05018,10.68,0.033,165.3,0,1.43,1.38,6370
TOI-426 b,tr,2026,TESS,1.3205,0,0.02374,2.19,0.041,6.7,0,0.99,1,5750
TOI-426 c,rv,2026,other,235.8,0,0.747,,,444,1,0.99,1,5750
TOI-4308 b,tr,2023,TESS,9.1512,0,,2.419,0.052,,0,0.793,0.9,5243
TOI-431 b,tr,2021,TESS,0.490047,0,0.0113,1.28,0.031,3.07,0,0.731,0.78,4850
TOI-431 c,rv,2021,other,4.8494,0,0.052,,,2.83,1,0.731,0.78,4850
TOI-431 d,tr,2021,TESS,12.461,0,0.098,3.29,0.027,9.9,0,0.731,0.78,4850
TOI-4311 b,tr,2026,TESS,0.990274,0,0.01817,1.376,0.057,4.5,0,0.844,0.816,5063
TOI-4311 c,tr,2026,TESS,15.0704,0,0.1116,2.47,0.047,13.58,0,0.844,0.816,5063
TOI-4329 b,tr,2022,TESS,2.9223,0,,16.81,0.127,143,0,2.31,1.54,6000
TOI-4336 A b,tr,2024,TESS,16.3364,0,0.0849,2.137,0.037,3.33,0,0.326,0.306,3307
TOI-4336 A c,tr,2026,other,7.58727,0,0.05092,1.251,0.053,1.55,0,0.326,0.306,3307
TOI-4342 b,tr,2023,TESS,5.53826,0,0.0519,2.329,0.037,7.3,0,0.598,0.587,3866
TOI-4342 c,tr,2023,TESS,10.6887,0,0.0804,2.349,0.040,4.8,0,0.598,0.587,3866
TOI-4363 b,tr,2026,TESS,2.11868,0,,1.767,0.137,,0,0.691,0.62,4278
TOI-4364 b,tr,2025,TESS,5.42402,0,0.04753,2.01,0.045,,0,0.468,0.487,3528
TOI-4377 b,tr,2023,TESS,4.37808,0,0.0579,15.11,0.060,304.2,0,3.52,1.36,4974
TOI-4379 b,tr,2024,TESS,3.25352,0,,16.69,0.053,353.7,0,1.98,1.37,6020
TOI-4405 b,tr,2026,TESS,5.92144,0,,2.555,0.095,,0,0.687,0.68,4467
TOI-4406 b,tr,2023,TESS,30.0836,0,0.201,11.21,0.020,95.35,0,1.29,1.19,6219
TOI-4409 b,tr,2026,TESS,92.4918,0,,7.44,0.026,14.94,0,0.72,0.763,4928
TOI-4427 b,tr,2026,TESS,4.61826,0,0.05389,13.09,0.024,87.72,0,0.89,0.9,5347
TOI-4438 b,tr,2024,TESS,7.4463,0,0.0523,2.4,0.040,4.11,0,0.365,0.345,3501
TOI-444 b,tr,2023,TESS,17.9636,0,0.133,2.77,0.072,,0,0.779,0.96,5225
TOI-4443.01,tr,2024,TESS,1.84986,0,0.02996,1.719,0.078,,0,1.02,1.05,5834
TOI-4458 b,tr,2026,TESS,3.93938,0,0.0522,12.41,0.021,552.1,0,1.96,1.47,6151
TOI-4463 A b,tr,2023,TESS,2.88072,0,0.04036,13.26,0.046,252.4,0,1.06,1.06,5640
TOI-4465 b,tr,2025,TESS,101.941,0,0.416,14.01,0.060,1872,0,1.01,0.93,5545
TOI-4479 b,tr,2022,TESS,1.1589,0,0.0164,2.82,0.227,,0,0.451,0.452,3400
TOI-4487 A b,tr,2025,TESS,3.95407,0,0.05448,14.61,0.051,397.3,0,1.63,1.38,6206
TOI-4492 b,tr,2026,TESS,4.43318,0,0.0535,11.78,0.052,1882,0,1.22,1.07,5711
TOI-4495 b,tr,2026,TESS,2.56699,0,0.03957,2.483,0.047,7.7,0,1.31,1.25,6210
TOI-4495 c,tr,2024,TESS,5.18553,0,0.06323,4.03,0.047,23.2,0,1.31,1.25,6210
TOI-4504 b,tr,2024,TESS,2.42615,0,0.0338,2.65,0.045,140,0,0.93,0.875,5315
TOI-4504 c,tr,2024,TESS,82.8191,0,0.3593,11.17,0.038,821,0,0.93,0.875,5315
TOI-4504 d,ot,2024,other,41.2872,0,0.2219,11.26,0.048,643,0,0.93,0.875,5315
TOI-4507 b,tr,2025,TESS,104.616,0,0.456,8.2,0.012,20,0,1.04,1.11,6260
TOI-451 b,tr,2020,TESS,1.8587,0,0.0274,1.84,0.060,4.7,0,0.85,0.93,5490
TOI-451 c,tr,2020,TESS,9.19246,0,0.0795,2.93,0.055,3.7,0,0.85,0.93,5490
TOI-451 d,tr,2020,TESS,16.365,0,0.1168,3.93,0.051,10.2,0,0.85,0.93,5490
TOI-4511 b,tr,2026,TESS,10.9809,0,,2.753,0.103,,0,1,1.02,5419
TOI-4513 b,tr,2026,TESS,9.76042,0,,2.346,0.106,,0,0.797,0.979,5624
TOI-4515 b,tr,2024,TESS,15.2664,0,0.118,12.17,0.035,637,0,0.86,0.949,5433
TOI-4527.01,tr,2024,TESS,0.399444,0,0.008332,0.9087,1.049,,0,0.486,0.484,3702
TOI-4529 b,tr,2026,TESS,5.87958,0,,1.77,0.048,4.9,0,0.48,0.482,3697
TOI-4551 b,tr,2023,TESS,9.95581,0,0.0994,11.86,0.081,473.6,0,3.55,1.31,4896
TOI-4552 b,tr,2026,TESS,0.3011,0,0.005626,1.11,0.036,1.83,0,0.287,0.262,3258
TOI-4559 b,tr,2024,TESS,3.96599,0,0.0359,1.415,0.084,,0,0.374,0.392,3558
TOI-4561 b,tr,2026,TESS,8.93548,0,,1.778,0.131,,0,0.852,1,5538
TOI-4562 b,tr,2023,TESS,225.106,0,0.768,12.53,0.012,732,0,1.15,1.19,6096
TOI-4562 c,ot,2024,other,3990,0,5.219,,,1834,0,1.15,1.19,6096
TOI-4578 b,tr,2026,TESS,8.62393,0,,2.27,0.112,,0,0.879,1.08,5951
TOI-4582 b,tr,2023,TESS,31.034,0,,10.54,0.112,168.4,0,2.5,1.34,5190
TOI-4588 b,tr,2026,Kepler,13.1188,0,0.1376,2.929,0.103,,0,1.57,2.02,7746
TOI-4600 b,tr,2023,TESS,82.6869,0,0.349,6.8,0.045,959.8,0,0.81,0.89,5170
TOI-4600 c,tr,2023,TESS,482.819,0,1.152,9.42,0.044,2946,0,0.81,0.89,5170
TOI-4602.01,tr,2024,TESS,3.9813,0,0.04747,2.45,0.094,5.53,0,1.08,0.9,5966
TOI-4603 b,tr,2023,TESS,7.24599,0,0.0888,11.68,0.035,4097,0,2.74,1.76,6264
TOI-4633 c,tr,2024,TESS,271.945,0,0.847,3.2,0.061,123,0,1.05,1.1,5800
TOI-4638.01,tr,2024,TESS,10.2839,0,0.09301,2.933,0.106,,0,0.895,1.02,5700
TOI-4640 b,tr,2026,TESS,2.68566,0,,2.843,0.093,,0,1.07,1.1,5743
TOI-4641 b,tr,2023,TESS,22.0934,0,0.173,8.183,0.037,1230,0,1.72,1.41,6560
TOI-4662 b,tr,2026,TESS,4.70344,0,,2.88,0.145,,0,0.694,0.703,4520
TOI-4666 b,tr,2025,TESS,2.90892,0,0.034,12.53,0.031,155.4,0,0.585,0.576,3793
TOI-469.01,tr,2021,TESS,13.6308,0,0.111,3.41,0.013,9.1,0,0.98,0.901,5289
TOI-470 b,tr,2023,TESS,12.1915,0,0.119,4.34,0.067,,0,0.831,0.87,5190
TOI-4734 b,tr,2025,TESS,6.23563,0,0.074,10.92,0.025,61.66,0,1.86,1.39,6070
TOI-4747 b,tr,2026,TESS,5.21924,0,,3.958,0.085,,0,0.989,1.01,5595
TOI-4773 b,tr,2025,TESS,1.74529,0,0.03216,15.22,0.036,1688,0,1.55,1.45,6740
TOI-4791 b,tr,2023,TESS,4.28088,0,0.0555,12.44,0.045,734.2,0,1.41,1.24,6058
TOI-4794 b,tr,2025,TESS,3.56581,0,0.0492,14.36,0.032,308.3,0,1.45,1.25,6390
TOI-480 b,tr,2024,TESS,6.8662,0,0.077,2.854,0.041,20.8,0,1.49,1.28,6174
TOI-481 b,tr,2020,TESS,10.3311,0,0.097,11.1,0.010,486.3,0,1.66,1.14,5735
TOI-4860 b,tr,2023,TESS,1.52276,0,0.01808,8.7,0.046,86.7,0,0.358,0.34,3260
TOI-4898 b,tr,2026,TESS,2.7652,0,,3.72,0.080,,0,0.639,0.619,4202
TOI-4914 b,tr,2024,TESS,10.6006,0,0.098,12.87,0.028,227,0,1,1.03,5805
TOI-4930 b,tr,2026,TESS,6.7813,0,,6.933,0.079,,0,1.16,1.04,5625
TOI-4940 b,tr,2025,TESS,25.8678,0,0.165,6.61,0.056,89,0,1.16,1.01,5504
TOI-4961 b,tr,2025,TESS,7.47918,0,0.0726,12.34,0.036,572.1,0,0.912,0.912,5380
TOI-4994 b,tr,2024,TESS,21.492,0,0.1515,8.541,0.037,88.99,0,1.05,1,5640
TOI-500 b,tr,2022,TESS,0.548177,0,0.01189,1.166,0.051,1.42,0,0.678,0.74,4440
TOI-500 c,rv,2022,other,6.6356,0,,,,5.03,1,0.678,0.74,4440
TOI-500 d,rv,2022,other,26.233,0,,,,33.12,1,0.678,0.74,4440
TOI-500 e,rv,2022,other,61.3,0,,,,15.05,1,0.678,0.74,4440
TOI-5005 b,tr,2024,TESS,6.3085,0,0.06614,6.25,0.038,32.7,0,0.93,0.97,5749
TOI-5007 b,tr,2026,TESS,2.54337,0,0.0307,11.07,0.031,211,0,0.656,0.632,3793
TOI-5027 b,tr,2025,TESS,10.2437,0,0.093,10.76,0.057,642,0,0.92,1.02,5909
TOI-5076 b,tr,2024,TESS,23.4432,0,0.1481,3.489,0.028,16.15,0,0.844,0.789,4780
TOI-5082.01,tr,2024,TESS,4.24012,0,0.0512,2.548,0.051,,0,0.93,0.997,5670
TOI-5108 b,tr,2025,TESS,6.75358,0,0.073,6.6,0.015,32,0,1.29,1.1,5808
TOI-5110 b,tr,2024,TESS,30.1586,0,0.2157,11.98,0.050,921.7,0,2.33,1.47,6160
TOI-512 b,tr,2025,TESS,7.18886,0,,1.54,0.065,3.57,0,0.89,0.74,5277
TOI-5126 b,tr,2023,TESS,5.45884,0,0.06519,4.74,0.032,,0,1.24,1.24,6150
TOI-5126 c,tr,2023,TESS,17.8999,0,0.1439,3.86,0.043,,0,1.24,1.24,6150
TOI-5143 c,tr,2025,TESS,5.20971,0,0.05602,16.25,0.103,,0,0.852,0.864,5183
TOI-5153 b,tr,2022,TESS,20.33,0,0.158,11.88,0.038,1036,0,1.4,1.24,6300
TOI-5159 b,tr,2026,TESS,5.83639,0,,1.547,0.092,,0,0.854,0.9,5156
TOI-5160 b,tr,2026,TESS,4.28077,0,,2.397,0.106,,0,1.03,1,5622
TOI-5174 b,tr,2022,TESS,12.2143,0,,5.351,,,0,1.09,1,5644
TOI-5181 A b,tr,2025,TESS,3.89223,0,0.0522,13.35,0.033,330.5,0,1.53,1.25,6060
TOI-519 b,tr,2021,TESS,1.26523,0,0.0159,11.55,0.029,147.2,0,0.35,0.335,3322
TOI-5205 b,tr,2023,TESS,1.63076,0,0.0199,11.6,0.026,343,0,0.394,0.392,3430
TOI-521 b,tr,2025,TESS,1.54285,0,0.0195,1.98,0.071,5.3,0,0.421,0.42,3544
TOI-5210 b,tr,2025,TESS,4.56611,0,0.0557,10.73,0.029,82,0,1.21,1.1,5723
TOI-5218 b,tr,2024,TESS,4.29145,0,0.0469,9.86,0.040,657,0,0.708,0.739,4230
TOI-5232 b,tr,2024,TESS,4.09667,0,0.05593,12.78,0.042,743.7,0,1.78,1.39,6500
TOI-5238 b,tr,2022,TESS,4.87217,0,,5.22,,,0,1.02,1,5631
TOI-5261 b,tr,2025,TESS,4.15098,0,0.05134,11.6,0.040,3652,0,1.02,1.04,5790
TOI-5292 A b,tr,2026,TESS,2.02191,0,0.0279,12.64,0.034,412.9,0,0.611,0.596,3919
TOI-5293 A b,tr,2023,TESS,2.93029,0,0.034,11.9,0.034,170.4,0,0.52,0.54,3586
TOI-530 b,tr,2021,TESS,6.3876,0,0.052,9.303,0.072,127.1,0,0.54,0.53,3659
TOI-5300 b,tr,2025,TESS,2.2622,0,0.0295,9.864,0.091,190.7,0,0.65,0.67,4610
TOI-5301 b,tr,2024,TESS,5.85886,0,0.073,13.09,0.062,1182,0,2.18,1.51,6260
TOI-5319 b,tr,2024,TESS,4.07853,0,0.0506,2.83,0.205,,0,0.485,0.5,3580
TOI-532 b,tr,2021,TESS,2.32665,0,0.0296,5.82,0.033,61.5,0,0.612,0.639,3927
TOI-5322 b,tr,2025,TESS,5.42332,0,0.0604,16.61,0.020,184,0,1.46,0.998,5692
TOI-5335 b,tr,2026,TESS,3.61366,0,,4.024,0.173,,0,0.917,0.945,5529
TOI-5340 b,tr,2025,TESS,4.93944,0,0.0628,15.08,0.037,270.2,0,1.84,1.35,5990
TOI-5344 b,tr,2023,TESS,3.79262,0,0.04041,10.6,0.022,130.9,0,0.588,0.612,3747
TOI-5349 b,tr,2026,TESS,3.31792,0,0.0369,10.2,0.029,127.4,0,0.58,0.61,3751
TOI-5350 b,tr,2025,TESS,7.58137,0,0.0796,12.42,0.030,2094,0,1.26,1.17,6220
TOI-5380 b,tr,2026,TESS,3.77229,0,,3.481,0.105,,0,1.56,1.34,6401
TOI-5386 A b,tr,2025,TESS,3.62157,0,0.04856,14.71,0.022,155.1,0,1.25,1.17,6094
TOI-5388.01,tr,2024,TESS,2.59467,0,0.02434,0.99,0.066,2.2,0,0.3,0.292,3440
TOI-5398 b,tr,2022,TESS,10.5905,0,0.098,10.3,0.039,58.7,0,1.05,1.15,6000
TOI-5398 c,tr,2023,TESS,4.77271,0,0.057,3.52,0.054,11.8,0,1.05,1.15,6000
TOI-540 b,tr,2020,TESS,1.23915,0,0.01223,0.903,0.058,,0,0.19,0.159,3216
TOI-5422 b,tr,2026,TESS,5.37722,0,0.0619,9.102,0.034,8899,0,1.47,1.07,5820
TOI-544 b,tr,2022,TESS,1.54835,0,0.0225,2.018,0.038,2.89,0,0.623,0.631,4169
TOI-544 c,rv,2023,other,50.089,0,,,,21.5,1,0.623,0.631,4169
TOI-5486 b,tr,2026,TESS,2.0247,0,,3.968,0.093,,0,0.553,0.548,3750
TOI-5489 b,tr,2025,TESS,3.15222,0,,1.4,0.036,,0,0.42,0.41,3547
TOI-5489 c,tr,2025,TESS,4.92126,0,,1.28,0.055,,0,0.42,0.41,3547
TOI-5502 b,tr,2026,TESS,11.6259,0,,4.129,0.089,,0,1.32,1.24,6089
TOI-5515 b,tr,2026,TESS,8.59226,0,,2.654,0.090,,0,0.836,0.963,5484
TOI-5532 b,tr,2026,TESS,5.65397,0,,2.528,0.203,,0,0.662,0.636,4208
TOI-5542 b,tr,2022,TESS,75.1238,0,0.332,11.31,0.035,419.5,0,1.06,0.89,5700
TOI-5573 b,tr,2025,TESS,8.79759,0,0.0712,9.75,0.048,112,0,0.594,0.619,3790
TOI-558 b,tr,2021,TESS,14.5741,0,0.1291,12.17,0.036,1147,0,1.5,1.35,6466
TOI-559 b,tr,2021,TESS,6.98391,0,0.0723,12.23,0.024,1910,0,1.23,1.03,5925
TOI-5592 b,tr,2025,TESS,2.60858,0,0.03935,17.15,0.157,285.7,0,1.39,1.19,6237
TOI-5595 b,tr,2026,TESS,5.99003,0,,4.737,0.075,,0,0.743,0.645,4417
TOI-5599 b,tr,2026,TESS,5.43692,0,,7.189,0.076,,0,1.91,1.21,6137
TOI-5605 b,tr,2026,TESS,5.9134,0,,2.526,0.123,,0,0.736,0.68,4584
TOI-561 b,tr,2020,TESS,0.44657,0,0.01064,1.397,0.019,2.02,0,0.843,0.806,5342
TOI-561 c,tr,2020,TESS,10.7788,0,0.0889,2.865,0.014,5.93,0,0.843,0.806,5342
TOI-561 d,tr,2020,TESS,25.7127,0,0.1587,2.615,0.023,13.33,0,0.843,0.806,5342
TOI-561 e,tr,2020,TESS,77.144,0,0.33,2.517,0.018,12.4,0,0.843,0.806,5342
TOI-5614 b,tr,2026,TESS,4.17221,0,,3.218,0.103,,0,0.735,0.674,4553
TOI-5616 b,tr,2024,TESS,2.00285,0,0.0272,10.78,0.047,624,0,0.646,0.666,3996
TOI-5624 b,tr,2026,TESS,3.39035,0,0.04201,2.314,0.015,9.4,0,0.82,0.858,5327
TOI-5624 c,tr,2026,TESS,7.88539,0,0.07374,2.474,0.017,4.8,0,0.82,0.858,5327
TOI-5624 d,tr,2026,TESS,13.7315,0,0.1067,3.584,0.014,4.9,0,0.82,0.858,5327
TOI-5624 e,tr,2026,TESS,21.4899,0,0.1439,3.247,0.013,8.9,0,0.82,0.858,5327
TOI-5624 f,ot,2026,other,45.37,0,0.2366,,,13,1,0.82,0.858,5327
TOI-5628 A b,tr,2026,TESS,4.34166,0,0.0368,8.295,0.054,28.6,0,0.35,0.36,3310
TOI-5630 b,tr,2026,TESS,3.22118,0,,2.371,0.083,,0,0.933,0.934,5386
TOI-5634 A b,tr,2024,TESS,2.20354,0,0.0272,10.42,0.056,588,0,0.54,0.556,3896
TOI-564 b,tr,2020,TESS,1.65114,0,0.02734,11.43,0.490,465,0,1.09,0.998,5640
TOI-5678 b,tr,2023,TESS,47.7302,0,0.249,4.91,0.016,20,0,0.938,0.905,5485
TOI-5688 A b,tr,2024,TESS,2.94816,0,0.03379,10.3,0.063,124,0,0.57,0.6,3713
TOI-5704 b,tr,2023,TESS,3.77112,0,,3.227,0.051,,0,0.757,0.73,4590
TOI-5713 b,tr,2024,TESS,10.442,0,0.06008,1.77,0.088,,0,0.299,0.265,3225
TOI-5716 b,tr,2025,TESS,6.7663,0,,0.96,0.052,,0,0.22,0.19,3436
TOI-5720 b,tr,2024,TESS,1.43446,0,0.01829,1.09,0.064,4.3,0,0.383,0.383,3325
TOI-5726.01,tr,2024,TESS,5.49113,0,0.06219,2.554,0.089,,0,1.11,1.06,5874
TOI-5728 b,tr,2025,TESS,11.4976,0,,1.31,0.038,,0,0.37,0.36,3419
TOI-5734 b,tr,2026,TESS,6.18419,0,0.05921,2.1,0.057,9.1,0,0.639,0.724,4750
TOI-5736 b,tr,2025,TESS,0.64899,0,,1.56,0.045,,0,0.58,0.57,3949
TOI-5777 b,tr,2026,TESS,6.91716,0,,3.096,0.640,,0,0.672,0.658,4408
TOI-5786 b,tr,2025,TESS,12.7791,0,0.114,8.54,0.015,73,0,1.36,1.23,6235
TOI-5788 b,tr,2026,TESS,6.34076,0,0.064,1.528,0.049,3.72,0,0.87,0.87,5615
TOI-5788 c,tr,2026,TESS,16.2134,0,0.1197,2.272,0.017,6.4,0,0.87,0.87,5615
TOI-5789 b,rv,2026,other,2.76369,0,0.03608,,,2.12,1,0.833,0.821,5185
TOI-5789 c,tr,2026,TESS,12.9277,0,0.1009,2.86,0.058,5,0,0.833,0.821,5185
TOI-5789 d,rv,2026,other,29.65,0,0.1756,,,4.29,1,0.833,0.821,5185
TOI-5789 e,rv,2026,other,62.98,0,0.2901,,,11.61,1,0.833,0.821,5185
TOI-5795 b,tr,2025,TESS,6.14063,0,0.064,5.62,0.020,23.66,0,1.08,0.901,5715
TOI-5799 b,tr,2024,TESS,4.16451,0,0.0348,1.733,0.054,,0,0.321,0.325,3452
TOI-5799 c,tr,2025,TESS,14.0104,0,0.0782,1.76,0.060,,0,0.321,0.325,3452
TOI-5800 b,tr,2025,TESS,2.62788,0,0.0344,2.46,0.069,9.5,0,0.773,0.778,4850
TOI-5803 b,tr,2023,TESS,5.38305,0,,3.273,0.037,,0,0.762,0.87,5134
TOI-5806 b,tr,2026,TESS,3.18564,0,0.0484,15.13,0.104,721.5,0,1.39,1.33,6730
TOI-5811 B b,tr,2026,other,6.25663,0,0.0731,21.97,0.092,257.4,0,3.73,1.08,4840
TOI-5817 b,tr,2025,TESS,15.6103,0,0.1223,3.08,0.045,10.3,0,1.43,0.97,5770
TOI-5882 b,tr,2025,TESS,7.14897,0,0.0804,11.47,0.041,6995,0,2.26,1.33,5920
TOI-5916 b,tr,2026,TESS,2.36712,0,0.02789,11.8,0.044,219,0,0.487,0.518,3541
TOI-5926 b,tr,2026,TESS,3.81123,0,,7.568,0.114,,0,0.89,0.946,5389
TOI-5938 b,tr,2026,TESS,2.26042,0,0.0308,3.82,0.029,,0,0.712,0.744,4650
TOI-6000 b,tr,2025,TESS,0.448959,0,,0.94,0.053,,0,0.38,0.37,3419
TOI-6002 b,tr,2024,TESS,10.9048,0,0.05722,1.65,0.124,,0,0.243,0.21,3229
TOI-6008 b,tr,2024,TESS,0.857435,0,0.01078,1.03,0.049,4,0,0.242,0.23,3075
TOI-6016 b,tr,2024,TESS,4.02369,0,0.055,13.67,0.025,371.9,0,1.51,1.31,6110
TOI-6019 b,tr,2026,TESS,14.548,0,0.1212,12.3,0.024,149,0,2.02,1.13,5561
TOI-6029 b,tr,2024,TESS,5.7987,0,,14.39,0.076,519.6,0,2.34,1.55,6223
TOI-603 b,tr,2026,TESS,16.1798,0,0.1282,7.37,0.032,33,0,1.48,1.24,6027
TOI-6034 b,tr,2024,TESS,2.57618,0,0.02949,11.92,0.040,254,0,0.489,0.514,3635
TOI-6038 A b,tr,2025,TESS,5.82673,0,0.069,6.41,0.028,78.5,0,1.65,1.29,6110
TOI-6041 b,tr,2025,TESS,26.0495,0,0.1651,4.55,0.038,28.9,0,0.879,0.885,5445
TOI-6041 c,rv,2025,other,88,0,0.3721,,,77.9,1,0.879,0.885,5445
TOI-6054.01,tr,2024,TESS,7.50143,0,0.0763,2.64,0.057,12.5,0,1.66,1.11,6047
TOI-6054.02,tr,2024,TESS,12.5636,0,0.1079,2.82,0.059,9.3,0,1.66,1.11,6047
TOI-6080 b,tr,2026,TESS,8.05562,0,,3.324,0.131,,0,1.06,1.01,5775
TOI-6086 b,tr,2024,TESS,1.38887,0,0.01541,1.18,0.059,,0,0.259,0.254,3200
TOI-6109 b,tr,2025,TESS,5.69048,0,0.0599,4.87,0.029,,0,1.02,1.03,5660
TOI-6109 c,tr,2025,TESS,8.53888,0,0.0786,4.833,0.014,,0,1.02,1.03,5660
TOI-6130 b,tr,2024,TESS,2.39268,0,0.036,14.35,0.023,333.7,0,1.51,1.31,6110
TOI-615 b,tr,2023,TESS,4.6616,0,0.0678,18.98,0.032,138.3,0,1.73,1.45,6850
TOI-6158 b,tr,2026,TESS,3.04469,0,0.03275,10.4,0.183,135,0,0.476,0.503,3467
TOI-620 b,tr,2022,TESS,5.09882,0,0.04825,3.76,0.040,,0,0.55,0.577,3708
TOI-622 b,tr,2023,TESS,6.40251,0,0.0708,9.236,0.035,96.3,0,1.42,1.31,6400
TOI-6223 b,tr,2025,TESS,3.85522,0,0.04018,5.07,0.043,,0,0.576,0.582,3895
TOI-6255 b,tr,2024,TESS,0.238182,0,,1.079,0.060,1.44,0,0.37,0.353,3421
TOI-628 b,tr,2021,TESS,3.40957,0,0.0486,11.88,0.035,2012,0,1.34,1.31,6250
TOI-6281 b,tr,2026,TESS,1.05426,0,,1.924,0.091,,0,0.874,0.65,4533
TOI-6303 b,tr,2025,TESS,9.48524,0,0.0761,11.59,0.054,2493,0,0.609,0.644,3977
TOI-6324 b,tr,2025,TESS,0.279221,0,,1.059,0.039,1.17,0,0.293,0.269,3247
TOI-6330 b,tr,2025,TESS,6.85002,0,0.05763,10.89,0.033,3179,0,0.49,0.531,3539
TOI-6383 A b,tr,2024,TESS,1.79059,0,0.02292,11.29,0.035,331,0,0.457,0.458,3444
TOI-6393 b,tr,2026,TESS,9.53176,0,,2.76,0.115,,0,0.766,0.835,5008
TOI-640 b,tr,2021,TESS,5.00378,0,0.06608,19.28,0.029,181.2,0,2.08,1.54,6460
TOI-6420 b,tr,2025,TESS,6.96151,0,0.0753,11.94,0.058,2606,0,1.31,1.17,6020
TOI-6448 b,tr,2025,TESS,14.8443,0,0.131,8.474,0.090,,0,0.897,1.03,5910
TOI-6478 b,tr,2025,TESS,34.005,0,0.1136,4.6,0.052,,0,0.234,0.23,3230
TOI-654.01,tr,2024,TESS,1.52756,0,0.01944,2.378,0.037,8.71,0,0.43,0.419,3521
TOI-6564 b,tr,2026,TESS,3.98541,0,0.0542,16.4,0.013,222.2,0,1.7,1.18,5943
TOI-6628 b,tr,2025,TESS,18.1842,0,0.134,10.98,0.061,235.2,0,1.01,0.97,5463
TOI-663 b,tr,2024,TESS,2.5989,0,0.0295,2.27,0.042,4.45,0,0.512,0.514,3681
TOI-663 c,tr,2024,TESS,4.69555,0,0.0437,2.26,0.044,3.65,0,0.512,0.514,3681
TOI-663 d,tr,2024,TESS,7.10273,0,0.0576,1.92,0.068,5.2,0,0.512,0.514,3681
TOI-6651 b,tr,2024,TESS,5.05697,0,0.0633,5.09,0.052,61,0,1.72,1.32,5940
TOI-6677 b,tr,2026,TESS,5.45061,0,,5.835,0.081,,0,1.57,1.45,6572
TOI-669 b,tr,2023,TESS,3.94515,0,0.048,2.586,0.047,10,0,0.988,0.924,5597
TOI-6692 b,tr,2026,TESS,131.125,0,0.512,11.68,0.048,197.1,0,1.39,1.05,5890
TOI-6695 b,tr,2025,TESS,80.389,0,0.402,9.528,0.024,66.74,0,1.52,1.34,6400
TOI-6695 c,rv,2025,other,242.4,0,0.838,,,460.9,1,1.52,1.34,6400
TOI-6699 b,tr,2026,TESS,5.32006,0,,2.326,0.168,,0,0.753,0.75,4705
TOI-6707 b,tr,2026,TESS,3.83479,0,,5.727,0.071,,0,1.58,1.14,6289
TOI-6716 b,tr,2026,TESS,4.71859,0,0.0319,0.982,0.068,,0,0.231,0.223,3110
TOI-672 b,tr,2023,TESS,3.63358,0,0.0376,5.31,0.047,50.9,0,0.54,0.54,3810
TOI-674 b,tr,2021,TESS,1.97714,0,0.025,5.25,0.032,23.6,0,0.42,0.42,3514
TOI-677 b,tr,2020,TESS,11.2366,0,0.1041,13.11,0.025,392.2,0,1.28,1.18,6295
TOI-682.01,tr,2021,TESS,6.83924,0,,3.742,0.067,,0,1.08,0.85,5085
TOI-6884 b,tr,2026,TESS,4.80826,0,0.0629,10.39,0.056,8365,0,1.84,1.41,6330
TOI-6894 b,tr,2025,TESS,3.37077,0,0.02604,9.584,0.026,53.4,0,0.228,0.207,3007
TOI-6954 b,tr,2026,TESS,4.02074,0,,3.635,0.082,,0,0.947,0.834,5171
TOI-697 b,tr,2026,TESS,8.60789,0,,2.359,0.083,,0,0.968,0.97,5682
TOI-700 b,tr,2020,TESS,9.97722,0,0.0678,0.963,0.037,,0,0.41,0.417,3459
TOI-700 c,tr,2020,TESS,16.0511,0,0.0931,2.535,0.031,,0,0.41,0.417,3459
TOI-700 d,tr,2020,TESS,37.4235,0,0.1642,1.145,0.025,,0,0.41,0.417,3459
TOI-700 e,tr,2023,TESS,27.8101,0,0.1336,0.919,0.028,,0,0.41,0.417,3459
TOI-7008 b,tr,2026,TESS,0.84069,0,,4.947,0.071,,0,0.953,0.88,5116
TOI-7009 b,tr,2026,TESS,2.32066,0,0.0287,3.71,0.040,,0,0.564,0.583,4080
TOI-7041 b,tr,2025,TESS,9.691,0,,11.43,0.029,114.4,0,4.1,1.07,4700
TOI-707 b,tr,2026,TESS,52.7992,0,0.275,2.416,0.041,,0,0.978,0.99,5424
TOI-712 b,tr,2022,TESS,9.53136,0,0.07928,2.049,0.022,,0,0.674,0.732,4622
TOI-712 c,tr,2022,TESS,51.6991,0,0.2447,2.701,0.032,,0,0.674,0.732,4622
TOI-712 d,tr,2022,TESS,84.8396,0,0.3405,2.474,0.035,,0,0.674,0.732,4622
TOI-7149 b,tr,2025,TESS,2.65206,0,0.02603,13.2,0.039,224,0,0.351,0.344,3363
TOI-715 b,tr,2023,TESS,19.288,0,0.083,1.55,0.041,,0,0.24,0.225,3075
TOI-7155 b,tr,2026,TESS,3.8949,0,,2.408,0.124,,0,0.671,0.755,4673
TOI-7166 b,tr,2025,TESS,12.9206,0,0.06191,2.01,0.027,,0,0.222,0.19,3099
TOI-7169 b,tr,2026,TESS,3.43731,0,0.0428,16.53,0.020,130.3,0,1.5,0.885,5714
TOI-7189 b,tr,2026,TESS,2.89055,0,0.03294,10.9,0.048,159,0,0.591,0.612,3775
TOI-7265 B b,tr,2026,TESS,4.17232,0,0.04007,10.7,0.045,224.9,0,0.497,0.521,3503
TOI-733 b,tr,2023,TESS,4.88476,0,0.0618,1.992,0.044,5.72,0,0.949,0.956,5585
TOI-7333 b,tr,2026,TESS,6.2645,0,,2.095,0.091,,0,0.666,0.721,4587
TOI-7384 b,tr,2026,TESS,6.23403,0,0.0439,3.56,0.059,,0,0.319,0.318,3185
TOI-7393 b,tr,2026,TESS,3.33708,0,0.03664,11.3,0.059,194.8,0,0.582,0.6,3927
TOI-7394 B b,tr,2026,TESS,1.253,0,0.01913,11.5,0.057,668.7,0,0.609,0.624,3717
TOI-7510 b,tr,2025,TESS,11.5309,0,0.1019,7.31,0.031,18.1,0,1.03,1.06,5720
TOI-7510 c,tr,2025,TESS,22.5687,0,0.1595,10.81,0.030,131,0,1.03,1.06,5720
TOI-7510 d,tr,2025,TESS,48.8645,0,0.2672,10.52,0.030,190,0,1.03,1.06,5720
TOI-756 b,tr,2025,TESS,1.23925,0,0.018,2.81,0.036,9.83,0,0.505,0.505,3657
TOI-756 c,rv,2025,other,149.4,0,0.439,,,1287,1,0.505,0.505,3657
TOI-757 b,tr,2024,TESS,17.4682,0,0.122,2.5,0.040,10.5,0,0.78,0.8,5278
TOI-762 A b,tr,2024,TESS,3.47168,0,0.03418,8.339,0.023,79.77,0,0.425,0.442,3266
TOI-763 b,tr,2020,TESS,5.6057,0,0.06,2.28,0.048,9.79,0,0.897,0.917,5450
TOI-763 c,tr,2020,TESS,12.2737,0,0.1011,2.63,0.046,9.32,0,0.897,0.917,5450
TOI-771 b,tr,2024,TESS,2.32602,0,0.0208,1.36,0.074,2.47,0,0.232,0.22,3370
TOI-771 c,rv,2025,other,7.61,0,0.046,,,2.87,1,0.232,0.22,3370
TOI-776 b,tr,2020,TESS,8.24662,0,0.0653,1.798,0.043,5,0,0.547,0.542,3725
TOI-776 c,tr,2020,TESS,15.6653,0,0.1001,2.047,0.039,6.9,0,0.547,0.542,3725
TOI-778 b,tr,2023,TESS,4.63361,0,0.06,15.4,0.032,878,0,1.71,1.4,6643
TOI-782 b,tr,2024,TESS,8.024,0,0.0578,2.734,0.031,19.1,0,0.413,0.397,3370
TOI-784 b,tr,2023,TESS,2.79704,0,0.038,1.93,0.052,9.67,0,0.907,0.91,5558
TOI-791 b,tr,2026,TESS,139.299,0,0.602,11.13,0.033,9.5,0,1.47,1.28,6294
TOI-791 c,tr,2026,TESS,232.016,0,0.863,12.95,0.035,18.6,0,1.47,1.28,6294
TOI-799 b,tr,2026,TESS,5.54519,0,,2.066,0.127,,0,0.916,1,5663
TOI-808 b,tr,2026,TESS,9.73945,0,,2.203,0.094,,0,0.833,0.87,5078
TOI-813 b,tr,2020,TESS,83.8911,0,0.423,6.71,0.057,,0,1.94,1.32,5907
TOI-815 b,tr,2024,TESS,11.1973,0,0.0903,2.94,0.017,7.6,0,0.77,0.776,4869
TOI-815 c,tr,2024,TESS,34.9761,0,0.193,2.62,0.036,23.5,0,0.77,0.776,4869
TOI-824 b,tr,2020,TESS,1.39298,0,0.02177,2.926,0.067,18.47,0,0.695,0.71,4600
TOI-833 b,tr,2022,TESS,1.04188,0,0.0171,1.27,0.055,,0,0.6,0.61,3920
TOI-836 b,tr,2023,TESS,3.81673,0,0.0422,1.704,0.039,4.53,0,0.665,0.678,4552
TOI-836.01,tr,2021,TESS,8.59545,0,0.075,2.587,0.034,9.6,0,0.665,0.678,4552
TOI-837 b,tr,2020,TESS,8.32491,0,0.0888,9.169,0.035,120.5,0,1.05,1.14,5995
TOI-849 b,tr,2020,TESS,0.765548,0,0.0155,3.64,0.104,41.8,0,0.97,0.97,5257
TOI-858 B b,tr,2023,TESS,3.27972,0,0.04435,14.07,0.031,349.6,0,1.31,1.08,5842
TOI-871 b,tr,2024,TESS,14.3626,0,0.1054,1.664,0.068,,0,0.719,0.758,4929
TOI-880 c,tr,2025,TESS,6.38727,0,0.0635,4.95,0.040,,0,0.83,0.87,5050
TOI-880.02,tr,2024,TESS,2.57571,0,0.0349,2.19,0.050,,0,0.83,0.87,5050
TOI-883 b,tr,2026,TESS,10.0577,0,,7.172,0.066,,0,1.01,1,5713
TOI-892 b,tr,2020,TESS,10.6266,0,0.092,11.99,0.019,301.9,0,1.39,1.28,6261
TOI-904 b,tr,2023,TESS,10.8772,0,0.056,2.426,0.065,,0,0.527,0.557,3770
TOI-904 c,tr,2023,TESS,83.9997,0,0.312,2.167,0.057,,0,0.527,0.557,3770
TOI-905 b,tr,2020,TESS,3.73949,0,0.04666,13.13,0.044,212,0,0.918,0.968,5570
TOI-907.01,tr,2024,TESS,4.58491,0,0.05523,9.616,0.064,,0,2.06,1.07,6272
TOI-908 b,tr,2023,TESS,3.18379,0,0.04166,3.186,0.049,16.14,0,1.03,0.95,5626
TOI-912 b,tr,2025,TESS,4.67807,0,0.041,1.93,0.067,5.1,0,0.419,0.418,3572
TOI-913 b,tr,2023,TESS,11.0986,0,,2.453,0.046,,0,0.733,0.82,4969
TOI-921 b,tr,2026,TESS,5.12872,0,,3.534,0.113,,0,1.14,1.13,6012
TOI-929 b,tr,2026,TESS,5.83015,0,,2.69,0.080,,0,0.717,0.7,4457
TOI-938 b,tr,2026,TESS,8.80734,0,,4.824,0.070,,0,0.985,1.1,5829
TOI-941 b,tr,2026,TESS,8.51461,0,,6.512,0.069,,0,1.18,1.08,5746
TOI-942 b,tr,2020,TESS,4.32421,0,0.04866,3.89,0.062,826.4,0,0.894,0.822,4969
TOI-942 c,tr,2020,TESS,10.1563,0,0.08598,4.67,0.069,37,0,0.894,0.822,4969
TOI-954 b,tr,2020,TESS,3.68497,0,0.04963,9.55,0.067,55.3,0,1.89,1.2,5710
TOI-969 b,tr,2022,TESS,1.82373,0,0.02636,2.765,0.033,9.1,0,0.671,0.734,4435
TOI-969 c,rv,2022,other,1700,0,2.52,,,3591,1,0.671,0.734,4435
TRAPPIST-1 b,tr,2016,other,1.51083,0,0.01154,1.116,0.012,1.374,0,0.119,0.0898,2566
TRAPPIST-1 c,tr,2016,other,2.42194,0,0.0158,1.097,0.012,1.308,0,0.119,0.0898,2566
TRAPPIST-1 d,tr,2016,other,4.04922,0,0.02227,0.788,0.013,0.388,0,0.119,0.0898,2566
TRAPPIST-1 e,tr,2017,other,6.10101,0,0.02925,0.92,0.014,0.692,0,0.119,0.0898,2566
TRAPPIST-1 f,tr,2017,other,9.20754,0,0.03849,1.045,0.012,1.039,0,0.119,0.0898,2566
TRAPPIST-1 g,tr,2017,other,12.3524,0,0.04683,1.129,0.012,1.321,0,0.119,0.0898,2566
TRAPPIST-1 h,tr,2017,other,18.7729,0,0.06189,0.755,0.019,0.326,0,0.119,0.0898,2566
TWA 7 b,im,2025,other,201937,1,52,,,108.1,0,0.917,0.46,3509
TYC 0434-04538-1 b,rv,2021,other,193.2,0,0.66,,,1939,1,9.99,1.04,4679
TYC 1422-614-1 b,rv,2014,other,198.4,0,0.69,,,794.5,1,6.85,1.15,4806
TYC 1422-614-1 c,rv,2014,other,559.3,0,1.37,,,3178,1,6.85,1.15,4806
TYC 2187-512-1 b,rv,2022,other,691.9,0,1.22,,,104.9,1,0.495,0.498,3734
TYC 3318-01333-1 b,rv,2018,other,562,0,1.414,,,1087,1,5.9,1.19,4776
TYC 3667-1280-1 b,rv,2016,other,26.468,0,0.21,,,1716,1,6.26,1.87,5130
TYC 4282-00605-1 b,rv,2017,other,101.54,0,0.422,,,3426,1,16.2,0.97,4300
TYC 8998-760-1 b,im,2020,other,644347,1,146,21.18,0.029,6929,0,1.02,1,4573
TYC 8998-760-1 c,im,2020,other,2.09081e+06,1,320,12.33,0.409,1907,0,1.02,1,4573
Teegarden's Star b,rv,2019,other,4.90634,0,0.0259,,,1.16,1,0.12,0.097,3034
Teegarden's Star c,rv,2019,other,11.416,0,0.0455,,,1.05,1,0.12,0.097,3034
Teegarden's Star d,rv,2024,other,26.13,0,0.0791,,,0.82,1,0.12,0.097,3034
TrES-1 b,tr,2004,other,3.03007,0,0.03925,12.67,0.053,267,0,0.85,1.04,5230
TrES-2 b,tr,2006,other,2.47063,0,0.03568,15.24,0.059,473.6,0,1.12,1.36,5850
TrES-3 b,tr,2007,other,1.30619,0,0.02282,14.97,0.025,607,0,0.829,0.928,5650
TrES-4 b,tr,2007,other,3.55395,0,0.05084,18.05,0.112,247.9,0,1.66,1.08,6200
TrES-5 b,tr,2011,other,1.48225,0,0.02459,13.38,0.013,568.9,0,0.868,0.901,5171
UCAC3 113-933 b,im,2024,other,2.22802e+08,1,6100,,,6674,0,0.564,0.61,3864
UCAC4 328-061594 b,im,2024,other,8.76894e+08,1,1.9e+04,,,6674,0,,1.19,
UKIRT-2017-BLG-001L b,ml,2018,other,3468.26,1,4.18,,,407,0,,0.81,
USco CTIO 108 b,im,2008,other,2.58599e+07,1,670,,,4450,0,0.345,0.06,2700
USco1556 b,im,2019,other,1.31654e+08,1,3500,,,4767,0,0.668,0.33,3410
USco1621 b,im,2019,other,9.40866e+07,1,2880,,,5085,0,0.71,0.36,3460
UZ For b,ot,2011,other,5840,0,5.9,,,2002,0,,0.7,5287
UZ For c,ot,2011,other,1916.25,0,2.8,,,2447,0,,0.7,5287
V0391 Peg b,ot,2007,other,1170,0,1.7,,,1017,1,0.23,0.5,2.93e+04
V1298 Tau b,tr,2019,K2,24.14,0,0.1685,9.41,0.061,13.1,0,1.32,1.1,4970
V1298 Tau c,tr,2019,K2,8.24916,0,0.0824,5.08,0.073,4.7,0,1.32,1.1,4970
V1298 Tau d,tr,2019,K2,12.4014,0,0.1081,6.53,0.064,6,0,1.32,1.1,4970
V1298 Tau e,tr,2019,K2,48.6777,0,0.2689,10.17,0.074,15.3,0,1.32,1.1,4970
V2376 Ori b,im,2025,other,325740,1,71,87.21,0.125,6357,0,,0.45,
V830 Tau b,rv,2016,other,4.927,0,0.057,,,222.5,0,2,1,4250
VHS J125601.92-125723.9 b,im,2015,other,5.8e+06,0,350,13.67,,5085,0,,0.07,2620
WASP-1 b,tr,2007,other,2.51995,0,0.03889,16.62,0.020,271.4,0,1.47,1.24,6110
WASP-10 b,tr,2008,other,3.09276,0,0.03781,12.11,0.019,1001,0,0.698,0.75,4675
WASP-100 b,tr,2014,other,2.84938,0,0.04574,14.91,0.105,400.5,0,1.57,0.77,6900
WASP-101 b,tr,2014,other,3.58572,0,0.05057,16.03,0.063,162.1,0,1.31,1.41,6380
WASP-102 b,tr,2025,other,2.70981,0,0.041,14.91,0.038,197.7,0,1.38,1.08,5990
WASP-103 b,tr,2014,other,0.925542,0,0.01985,17.13,0.039,473.5,0,1.44,1.22,6110
WASP-104 b,tr,2014,other,1.75541,0,0.02918,12.74,0.033,404.3,0,0.963,1.08,5475
WASP-105 b,tr,2017,other,7.87288,0,0.075,10.76,0.031,572.1,0,0.9,0.89,5070
WASP-106 b,tr,2014,other,9.28969,0,0.0901,12.11,0.015,613.4,0,1.47,1.18,6002
WASP-107 b,tr,2017,other,5.72149,0,0.055,10.48,0.025,33.02,0,0.657,0.683,4425
WASP-107 c,rv,2020,other,1091,0,,,,111.2,1,0.657,0.683,4425
WASP-108 b,tr,2020,TESS,2.67555,0,,15.13,0.030,283.5,0,1.34,1.17,6783
WASP-11 b,tr,2008,other,3.72247,0,0.0435,12.44,0.090,251.1,0,0.89,1.42,4800
WASP-110 b,tr,2021,other,3.7784,0,,13.19,0.022,154.8,0,0.853,0.814,5392
WASP-113 b,tr,2016,other,4.54217,0,0.05885,15.79,0.084,151,0,1.61,1.32,5890
WASP-114 b,tr,2016,other,1.54877,0,0.02851,15.01,0.048,562.2,0,1.43,1.29,5940
WASP-116 b,tr,2025,other,6.6132,0,0.065,13.67,0.049,203.4,0,1.43,1.25,6250
WASP-117 b,tr,2014,other,10.0216,0,0.09459,11.88,0.066,95.35,0,1.22,1.29,6040
WASP-118 b,tr,2016,other,4.04604,0,0.05453,16.14,0.025,163.4,0,1.7,1.32,6410
WASP-119 b,tr,2016,other,2.49979,0,0.0363,15.69,0.143,390.9,0,1.2,1.02,5650
WASP-12 b,tr,2008,other,1.09142,0,0.0234,22.03,0.045,467.2,0,1.69,1.32,6265
WASP-120 b,tr,2016,other,3.61127,0,0.0514,15.58,0.058,1541,0,1.68,1.39,6450
WASP-121 b,tr,2016,other,1.27493,0,0.02571,19.53,0.003,371.9,0,1.46,1.33,6628
WASP-123 b,tr,2016,other,2.97764,0,0.04263,15.13,0.037,285.7,0,1.28,1.17,5740
WASP-124 b,tr,2016,other,3.37265,0,0.0449,13.9,0.024,190.7,0,1.02,1.07,6050
WASP-126 b,tr,2016,other,3.28883,0,0.0449,10.51,0.049,90.3,0,1.27,1.12,5800
WASP-127 b,tr,2016,other,4.17806,0,0.0484,14.69,0.021,52.35,0,1.33,0.95,5620
WASP-129 b,tr,2016,other,5.74815,0,0.0628,10.42,0.032,317.8,0,0.9,1,5900
WASP-13 b,tr,2009,other,4.35301,0,0.05362,13.67,0.115,114.4,0,1.37,0.72,5950
WASP-130 b,tr,2016,other,11.551,0,0.1012,9.976,0.034,390.9,0,0.96,1.04,5625
WASP-131 b,tr,2016,other,5.32201,0,0.0608,13.74,0.030,86.77,0,1.56,1.06,5990
WASP-132 b,tr,2016,other,7.13352,0,0.0674,10.1,0.042,136,0,0.758,0.789,4686
WASP-132 c,tr,2022,TESS,1.01154,0,0.01833,1.841,0.051,6.26,0,0.758,0.789,4686
WASP-132 d,rv,2024,other,1816.6,0,2.71,,,1640,1,0.758,0.789,4686
WASP-133 b,tr,2016,other,2.17642,0,0.0345,13.56,0.041,368.7,0,1.44,1.16,5700
WASP-135 b,tr,2015,other,1.40138,0,0.0243,14.57,0.069,603.9,0,0.96,0.98,5675
WASP-136 b,tr,2016,other,5.21536,0,0.0661,16.81,0.100,479.9,0,2.39,1.41,6250
WASP-138 b,tr,2016,other,3.63443,0,0.0494,12.22,0.046,387.8,0,1.36,1.22,6272
WASP-139 b,tr,2016,other,5.92426,0,0.062,8.967,0.062,37.19,0,0.8,0.92,5310
WASP-14 b,tr,2008,other,2.24375,0,0.037,15.47,0.058,2810,0,1.4,1.62,6475
WASP-140 b,tr,2016,other,2.23598,0,0.0323,14.24,0.047,775.5,0,0.87,0.9,5300
WASP-141 b,tr,2016,other,3.31065,0,0.0469,13.56,0.066,855,0,1.37,1.25,5900
WASP-142 b,tr,2016,other,2.05287,0,0.0347,17.15,0.052,267,0,1.64,1.33,6010
WASP-144 b,tr,2018,other,2.27832,0,0.0316,9.528,0.059,139.8,0,0.81,0.81,5200
WASP-145 A b,tr,2018,other,1.76904,0,0.0261,10.09,0.444,282.9,0,0.68,0.76,4900
WASP-147 b,tr,2018,other,4.60273,0,0.0549,12.5,0.104,87.4,0,1.43,1.04,5702
WASP-148 b,tr,2020,other,8.80381,0,0.08215,8.474,0.020,91.22,0,0.912,0.954,5555
WASP-148 c,rv,2020,other,34.524,0,0.2044,,,124.6,0,0.912,0.954,5555
WASP-149 b,tr,2025,other,1.33281,0,0.024,15.24,0.044,315,0,1.08,1.05,5750
WASP-15 b,tr,2009,other,3.7521,0,0.05165,15.8,0.255,171.6,0,1.48,1.18,6300
WASP-150 b,tr,2020,other,5.64421,0,0.0694,11.99,0.023,2689,0,1.65,1.39,6218
WASP-151 b,tr,2017,other,4.53348,0,0.055,13.31,0.018,100.4,0,1.18,1.08,5871
WASP-153 b,tr,2017,other,3.33261,0,0.048,17.37,0.058,124,0,1.73,1.34,5914
WASP-154 b,tr,2025,other,3.81168,0,0.044,10.76,0.062,199,0,0.823,0.8,4774
WASP-155 b,tr,2025,other,3.11041,0,0.043,13.45,0.050,276.8,0,1.24,1.09,5660
WASP-156 b,tr,2017,other,3.83616,0,0.046,6.15,0.020,42,0,0.827,0.871,5036
WASP-157 b,tr,2016,other,3.95162,0,0.0499,11.19,0.025,182.4,0,1.1,1.06,5772
WASP-158 b,tr,2018,other,3.65633,0,0.0517,11.99,0.140,886.7,0,1.39,1.38,6350
WASP-159 b,tr,2018,other,3.8404,0,0.0538,15.47,0.065,174.8,0,2.11,1.41,6120
WASP-16 b,tr,2009,other,3.1186,0,0.0415,13.67,0.082,394.1,0,1.14,1.78,5700
WASP-160 B b,tr,2018,other,3.7685,0,0.0452,12.22,0.040,88.36,0,0.868,0.87,5298
WASP-161 b,tr,2018,other,5.40604,0,0.0673,12.81,0.054,791.4,0,1.71,1.39,6400
WASP-162 b,tr,2018,other,9.62468,0,0.0871,11.21,0.050,1653,0,1.11,0.95,5300
WASP-163 b,tr,2018,other,1.60969,0,0.0266,13.47,0.081,594.3,0,1.01,0.97,5500
WASP-164 b,tr,2018,other,1.77713,0,0.02818,12.64,0.037,677,0,0.932,0.946,5806
WASP-165 b,tr,2018,other,3.46551,0,0.04823,14.12,0.143,209.1,0,1.75,1.25,5599
WASP-166 b,tr,2019,other,5.44354,0,0.0641,7.062,0.048,32.1,0,1.22,1.19,6050
WASP-167 b,tr,2017,other,2.02196,0,0.0365,17.71,0.032,2543,0,1.79,1.59,7000
WASP-168 b,tr,2018,other,4.15366,0,0.0519,16.81,0.267,133.5,0,1.12,1.08,6000
WASP-169 b,tr,2019,other,5.61141,0,0.0681,14.62,0.086,178.3,0,2.01,1.34,6110
WASP-17 b,tr,2009,other,3.73543,0,0.0515,20.96,0.128,247.9,0,1.49,2.28,6550
WASP-170 b,tr,2018,other,2.34478,0,0.0337,12.29,0.078,508.5,0,0.938,0.93,5600
WASP-171 b,tr,2019,other,3.81862,0,0.0504,10.98,0.056,344.5,0,1.64,1.17,5965
WASP-172 b,tr,2018,other,5.47743,0,0.0694,17.6,0.064,149.4,0,1.91,1.49,6900
WASP-173 A b,tr,2018,other,1.38665,0,0.0248,13.45,0.050,1173,0,1.11,1.05,5800
WASP-174 b,tr,2018,other,4.2337,0,0.05503,16.11,0.035,104.9,0,1.35,1.24,6399
WASP-175 b,tr,2019,other,3.06529,0,0.04403,13.54,0.067,314.7,0,1.2,1.21,6229
WASP-176 b,tr,2020,other,3.89905,0,0.0535,16.87,0.032,271.7,0,1.93,1.34,5941
WASP-177 b,tr,2019,other,3.07172,0,0.03957,17.71,0.323,161.5,0,0.885,0.876,5017
WASP-178 b,tr,2019,other,3.34483,0,0.0558,20.29,0.050,527.6,0,1.67,2.07,9360
WASP-18 b,tr,2009,other,0.941452,0,0.02024,13.9,0.064,3242,0,1.32,1.29,6432
WASP-180 A b,tr,2019,other,3.40926,0,0.048,13.9,0.032,286,0,1.19,1.3,6600
WASP-181 b,tr,2019,other,4.51951,0,0.05427,13.27,0.055,95.03,0,0.965,1.04,5839
WASP-182 b,tr,2019,other,3.37698,0,0.0451,9.528,0.035,47.04,0,1.34,1.08,5638
WASP-183 b,tr,2019,other,4.11178,0,0.04632,16.48,0.432,159.6,0,0.871,0.784,5313
WASP-184 b,tr,2019,other,5.1817,0,0.0627,14.91,0.068,181.2,0,1.65,1.23,6000
WASP-185 b,tr,2019,other,9.38755,0,0.0904,14.01,0.064,311.5,0,1.5,1.12,5900
WASP-186 b,tr,2020,other,5.0268,0,0.06,12.44,0.027,1341,0,1.47,1.22,6361
WASP-187 b,tr,2020,other,5.14788,0,0.0653,18.38,0.030,254.3,0,2.83,1.54,6150
WASP-188 b,tr,2025,other,5.74892,0,0.072,14.82,0.039,458.6,0,1.83,1.5,6850
WASP-189 b,tr,2020,other,2.72403,0,0.05053,18.15,0.013,632.5,0,2.36,2.03,8000
WASP-19 b,tr,2009,other,0.788839,0,0.01652,15.86,0.033,366.8,0,1.01,0.965,5616
WASP-190 b,tr,2019,other,5.36775,0,0.0663,12.89,0.078,317.8,0,1.6,1.35,6400
WASP-192 b,tr,2019,other,2.87868,0,0.0408,13.79,0.065,731,0,1.32,1.09,5910
WASP-193 b,tr,2023,other,6.24635,0,0.0668,14.78,0.039,35.6,0,1.21,1.02,6080
WASP-194 b,tr,2025,other,3.18339,0,0.047,15.48,0.064,373.1,0,1.41,1.29,6405
WASP-195 b,tr,2025,other,5.05193,0,0.063,10.31,0.054,33.05,0,1.58,1.3,6300
WASP-197 b,tr,2025,other,5.16723,0,0.065,14.45,0.038,403.3,0,2.11,1.36,6050
WASP-2 b,tr,2007,other,2.15218,0,0.03144,12.12,0.037,295.9,0,0.866,0.895,5180
WASP-20 b,tr,2015,other,4.89964,0,0.05999,15.47,0.029,98.84,0,1.24,1.2,5940
WASP-21 b,tr,2010,other,4.32248,0,0.052,11.99,0.047,95.34,0,1.06,1.01,5800
WASP-22 b,tr,2010,other,3.53269,0,0.047,13.79,0.114,212.9,0,1.24,1.46,6000
WASP-23 b,tr,2010,other,2.94443,0,0.0376,10.78,0.054,280.9,0,0.765,0.78,5150
WASP-24 b,tr,2010,other,2.34121,0,0.03651,15.47,0.116,394.1,0,1.42,1.43,6075
WASP-25 b,tr,2010,other,3.76483,0,0.0473,13.81,0.013,179.3,0,0.884,0.962,5697
WASP-26 b,tr,2010,other,2.7566,0,0.04,13.56,0.124,270.2,0,1.22,0.86,6034
WASP-28 b,tr,2014,other,3.40883,0,0.0442,13.66,0.023,282.5,0,1.08,0.993,6084
WASP-29 b,tr,2010,other,3.92273,0,0.0457,8.631,0.091,73.1,0,0.79,0.77,4800
WASP-3 b,tr,2007,other,1.84683,0,0.0315,15.92,0.120,772.3,0,1.44,1.62,6400
WASP-31 b,tr,2010,other,3.40591,0,0.04659,17.36,0.032,151.9,0,1.25,1.16,6302
WASP-32 b,tr,2010,other,2.71866,0,0.0394,10.76,0.156,835.9,0,0.95,0.72,6140
WASP-33 b,tr,2010,other,1.21987,0,0.0239,17.86,0.046,665.2,0,1.44,1.5,7430
WASP-34 b,tr,2010,other,4.31768,0,0.0524,11.21,0.080,178,0,0.91,0.96,5700
WASP-35 b,tr,2011,other,3.16158,0,0.04317,14.57,0.054,225.7,0,1.08,1.05,5990
WASP-36 b,tr,2011,other,1.53737,0,0.02677,14.87,0.016,750.4,0,0.985,1.08,5959
WASP-37 b,tr,2010,other,3.57747,0,0.0446,13,0.056,572.1,0,1,0.925,5800
WASP-38 b,tr,2010,other,6.87188,0,0.07522,13.79,0.049,1093,0,1.52,1.76,6180
WASP-39 b,tr,2011,other,4.05529,0,0.04828,14.34,0.031,89.31,0,0.939,0.913,5485
WASP-4 b,tr,2007,other,1.33823,0,0.02261,15.12,0.009,381.4,0,0.912,0.899,5436
WASP-41 b,tr,2011,other,3.0524,0,0.04022,12.33,0.045,270.2,0,0.83,0.81,5545
WASP-41 c,rv,2015,other,421,0,1.07,,,1011,1,0.87,0.93,5545
WASP-42 b,tr,2012,other,4.98168,0,0.0561,12.58,0.035,167.5,0,0.892,0.951,5315
WASP-43 b,tr,2011,other,0.813475,0,0.0142,10.42,0.086,565.7,0,0.6,0.58,4400
WASP-44 b,tr,2011,other,2.4238,0,0.03453,12.33,0.071,276.5,0,0.906,0.935,5420
WASP-45 b,tr,2011,other,3.12609,0,0.03963,10.6,0.058,306.4,0,0.855,0.85,5150
WASP-46 b,tr,2011,other,1.43037,0,0.02335,13.16,0.032,607.1,0,0.858,0.828,5600
WASP-47 b,tr,2012,other,4.15915,0,0.052,12.86,0.008,374,0,1.16,1.06,5565
WASP-47 c,rv,2015,other,589.57,0,1.393,,,447,0,1.16,1.06,5565
WASP-47 d,tr,2015,K2,9.0305,0,0.085,3.65,0.008,15.5,0,1.16,1.06,5565
WASP-47 e,tr,2015,K2,0.78961,0,0.01673,1.83,0.011,9,0,1.16,1.06,5565
WASP-48 b,tr,2011,other,2.14363,0,0.03444,16.81,0.133,254.3,0,1.58,0.88,5920
WASP-49 b,tr,2012,other,2.78174,0,0.0379,12.44,0.099,117.6,0,0.97,0.92,5600
WASP-5 b,tr,2008,other,1.62843,0,0.0267,12.18,0.064,502.1,0,1.03,0.96,5700
WASP-50 b,tr,2011,other,1.9551,0,0.0293,13.07,0.037,466.8,0,0.843,0.892,5400
WASP-52 b,tr,2012,other,1.74978,0,0.0272,14.24,0.024,146.2,0,0.79,0.87,5000
WASP-53 b,tr,2017,other,3.30984,0,0.04101,12.04,0.034,677.6,0,0.798,0.839,4953
WASP-53 c,rv,2017,other,2840,0,3.73,,,5197,1,0.798,0.839,4953
WASP-54 b,tr,2012,other,3.69364,0,0.04988,17.71,0.108,187.5,0,1.76,1.08,6100
WASP-55 b,tr,2012,other,4.46563,0,0.0558,14.73,0.018,186.2,0,1.09,1.07,6096
WASP-56 b,tr,2012,other,4.6171,0,0.05614,10.54,0.096,143,0,0.96,0.71,5600
WASP-57 b,tr,2012,other,2.83892,0,0.03769,11.77,0.050,204.7,0,0.927,0.886,5600
WASP-58 b,tr,2012,other,5.01718,0,0.0562,16.03,0.098,308.3,0,1.22,1.06,5800
WASP-59 b,tr,2012,other,7.91958,0,0.0697,8.687,0.088,274.3,0,0.613,0.719,4650
WASP-6 b,tr,2009,other,3.361,0,0.04217,12.54,0.016,148.4,0,0.79,0.854,5438
WASP-60 b,tr,2012,other,4.305,0,0.05548,9.864,0.136,174.8,0,1.17,1.19,5900
WASP-61 b,tr,2012,other,3.8559,0,0.0521,15.8,0.156,851.8,0,1.55,1.82,6250
WASP-62 b,tr,2012,other,4.41195,0,0.0571,14.8,0.061,165.3,0,1.23,1.11,6230
WASP-63 b,tr,2012,other,4.37808,0,0.0574,15.8,0.099,117.6,0,1.86,1.28,5550
WASP-64 b,tr,2012,other,1.57329,0,0.02648,14.25,0.031,403.9,0,1.06,1,5400
WASP-65 b,tr,2013,other,2.31142,0,0.0334,12.46,0.053,492.6,0,1.01,0.93,5600
WASP-66 b,tr,2012,other,4.08605,0,0.0546,15.69,0.200,746.9,0,1.76,1.33,6600
WASP-67 b,tr,2012,other,4.61442,0,0.05179,12.89,0.096,136.7,0,0.88,0.91,5200
WASP-68 b,tr,2014,other,5.0843,0,0.06206,14.8,0.106,343.3,0,1.79,1.49,5910
WASP-69 b,tr,2014,other,3.86814,0,0.0453,11.21,0.020,82.58,0,0.801,0.83,4792
WASP-7 b,tr,2008,other,4.95464,0,0.0617,14.91,0.070,305.1,0,1.43,1.28,6400
WASP-70 A b,tr,2014,other,3.71302,0,0.04853,13.05,0.075,187.5,0,1.22,1.11,5763
WASP-71 b,tr,2012,other,2.90367,0,0.046,13.23,0.102,441.8,0,1.82,0.76,6050
WASP-72 b,tr,2012,other,2.21673,0,0.03711,14.46,0.140,731,0,2.18,2.78,6250
WASP-73 b,tr,2014,other,4.08722,0,0.05512,15.92,0.155,909,0,2.55,2.52,6030
WASP-74 b,tr,2015,other,2.13775,0,0.03443,15.24,0.074,228.8,0,1.42,0.98,5990
WASP-75 b,tr,2013,other,2.48419,0,0.0375,14.23,0.038,340.1,0,1.26,1.14,6100
WASP-76 b,tr,2016,other,1.80988,0,0.033,20.78,0.041,284.1,0,1.76,1.46,6329
WASP-77 A b,tr,2012,other,1.36003,0,0.02323,13.56,0.016,529.3,0,0.91,0.903,5617
WASP-78 b,tr,2012,other,2.17518,0,0.03488,21.63,0.233,352.8,0,2.46,1.87,6100
WASP-79 b,tr,2012,other,3.66239,0,0.0519,17.15,0.026,270.2,0,1.51,1.39,6600
WASP-8 b,tr,2010,other,8.15872,0,0.0801,12.67,0.044,807.3,0,1.03,1.34,5600
WASP-8 c,rv,2013,other,4323,0,5.28,,,3003,1,0.96,1.04,5690
WASP-80 b,tr,2012,other,3.06785,0,0.0344,11.2,0.031,171,0,0.586,0.577,4143
WASP-81 b,tr,2017,other,2.71648,0,0.03908,16.02,0.034,231.7,0,1.28,1.08,5870
WASP-82 b,tr,2015,other,2.70579,0,0.0447,18.16,0.080,371.9,0,2.1,1.48,6480
WASP-83 b,tr,2015,other,4.97125,0,0.059,11.66,0.062,95.35,0,1.05,1.11,5510
WASP-84 b,tr,2014,other,8.5235,0,0.0778,10.72,0.025,220,0,0.768,0.853,5280
WASP-84 c,tr,2023,TESS,1.44688,0,0.02359,1.95,0.062,15.2,0,0.768,0.853,5280
WASP-85 A b,tr,2016,K2,2.65568,0,0.039,13.9,0.024,402.1,0,0.935,1.09,6112
WASP-87 b,tr,2016,other,1.6828,0,0.02946,15.52,0.043,692.9,0,1.63,1.2,6450
WASP-88 b,tr,2014,other,4.954,0,0.06431,16.37,0.144,133.5,0,1.8,0.94,6430
WASP-89 b,tr,2015,other,3.35642,0,0.0427,11.66,0.038,1875,0,0.88,0.92,5130
WASP-90 b,tr,2016,other,3.91624,0,0.0562,18.27,0.055,200.2,0,1.98,1.55,6430
WASP-91 b,tr,2017,other,2.79858,0,0.037,11.55,0.039,425.9,0,0.86,0.84,4920
WASP-92 b,tr,2016,other,2.17467,0,0.0348,16.38,0.053,255.9,0,1.34,1.19,6280
WASP-93 b,tr,2016,other,2.73253,0,0.04211,17.9,0.048,467.2,0,1.52,1.33,6700
WASP-94 A b,tr,2014,other,3.95019,0,0.055,17.71,0.082,158.9,0,1.48,1.67,6170
WASP-94 B b,rv,2014,other,2.00839,0,0.0335,,,196.4,1,1.35,1.24,6040
WASP-95 b,tr,2014,other,2.18467,0,0.03416,13.79,0.073,457.7,0,1.23,1.46,5830
WASP-96 b,tr,2014,other,3.42526,0,0.0453,13.45,0.050,152.6,0,1.05,1.06,5540
WASP-97 b,tr,2014,other,2.07276,0,0.03303,12.78,0.053,432.2,0,1.08,1.18,5640
WASP-98 b,tr,2014,other,2.96264,0,0.03762,12.82,0.030,293,0,0.741,0.809,5473
WASP-99 b,tr,2014,other,5.75251,0,0.0717,11.43,0.059,772.3,0,1.64,1.21,6150
WD 0806-661 b,im,2011,other,5.86979e+07,1,2500,12.11,0.019,2225,0,,0.605,1.039e+04
WD 1856+534 b,tr,2020,TESS,1.40794,0,0.0204,10.4,0.096,4386,0,0.0131,0.518,4710
WISE J033605.05-014350.4 b,im,2023,other,2560,0,0.97,,,2622,0,,0.0131,415
WISEP J121756.91+162640.2 A b,im,2012,other,48531.8,1,8,10.47,0.031,6992,0,0.091,0.029,575
WISPIT 1 b,im,2025,other,2.67485e+06,1,338,,,3305,0,1.12,0.72,4670
WISPIT 1 c,im,2025,other,1.04796e+07,1,840,,,1684,0,1.12,0.72,4670
WISPIT 2 b,im,2025,other,151248,1,57,17.93,,1541,0,1.42,1.08,4400
WISPIT 2 c,im,2026,other,18410.7,1,14,17.93,0.406,3178,0,1.3,1.08,4530
WTS-1 b,tr,2012,other,3.35206,0,0.047,16.7,0.114,1274,0,1.15,1.2,6250
WTS-2 b,tr,2014,other,1.01871,0,0.01855,15.28,0.045,356,0,0.752,0.82,5000
Wendelstein-1 b,tr,2020,other,2.66342,0,0.0282,11.56,0.006,188.2,0,0.61,0.65,4251
Wendelstein-2 b,tr,2020,other,1.75222,0,0.0234,12.99,0.018,232.3,0,0.66,0.73,4591
Wolf 1061 b,rv,2015,other,4.8869,0,0.0375,,,1.91,1,0.307,0.294,3342
Wolf 1061 c,rv,2015,other,17.8719,0,0.089,,,3.41,1,0.307,0.294,3342
Wolf 1061 d,rv,2015,other,217.21,0,0.47,,,7.7,1,0.307,0.294,3342
Wolf 1069 b,rv,2023,other,15.564,0,0.0672,,,1.26,1,0.181,0.167,3158
Wolf 327 b,tr,2024,TESS,0.573474,0,0.01,1.24,0.048,2.53,0,0.406,0.405,3542
Wolf 503 b,tr,2018,K2,6.00127,0,0.05706,2.043,0.034,6.26,0,0.689,0.688,4716
XO-1 b,tr,2006,other,3.94153,0,0.0488,12.78,0.061,263.8,0,0.88,0.88,5750
XO-2 N b,tr,2007,other,2.61586,0,0.03666,11.13,0.012,199.9,0,0.998,0.96,5290
XO-2 S b,rv,2014,other,18.22,0,0.1347,,,82.64,1,1.02,0.98,5325
XO-2 S c,rv,2014,other,120.059,0,0.4737,,,438.6,1,1.02,0.98,5325
XO-2 S d,rv,2024,other,4696,0,5.46,,,1179,1,1.02,0.98,5325
XO-3 b,tr,2007,other,3.19152,0,0.04815,14.8,0.019,4218,0,1.52,1.45,6970
XO-4 b,tr,2010,other,4.12508,0,0.05524,14.01,0.064,451.3,0,1.45,1.1,6397
XO-5 b,tr,2008,other,4.18776,0,0.0515,12.78,0.027,378.2,0,1.13,1.04,5430
XO-6 b,tr,2016,other,3.765,0,0.0815,23.2,0.106,1398,0,1.93,1.47,6720
XO-7 b,tr,2019,other,2.86414,0,0.04421,15.39,0.019,225.3,0,1.48,1.41,6250
YZ Cet b,rv,2017,other,2.02087,0,0.01634,,,0.7,1,0.157,0.142,3151
YZ Cet c,rv,2017,other,3.05989,0,0.02156,,,1.14,1,0.157,0.142,3151
YZ Cet d,rv,2017,other,4.65626,0,0.02851,,,1.09,1,0.157,0.142,3151
ZTF J1230-2655 b,tr,2025,other,0.235978,0,,13.79,0.000,7024,0,0.0123,0.646,1e+04
ZTF J1828+2308 b,tr,2025,other,0.112007,0,,11.13,0.019,6357,0,0.0131,0.61,1.59e+04
alf Ari b,rv,2010,other,380.8,0,1.2,,,572.1,1,13.9,1.5,4553
alf Tau b,rv,2015,other,628.96,0,1.46,,,2056,1,45.1,1.13,4055
b Cen AB b,im,2021,other,1.79e+06,0,556,,,3464,0,,5.5,
bet Cnc b,rv,2014,other,605.2,0,1.7,,,2479,1,47.2,1.7,4092
bet Pic b,im,2008,other,8682,0,10.07,18.49,0.036,2765,0,1.54,1.79,8039
bet Pic c,rv,2019,other,1202,0,2.7,,,2765,0,1.54,1.79,8039
bet Pic d,im,2026,other,33200,0,26,14.12,0.024,762.8,0,1.54,1.79,8039
bet UMi b,rv,2014,other,522.3,0,1.4,,,1939,1,38.3,1.4,4126
eps CrB b,rv,2012,other,417.9,0,1.3,,,2129,1,21,1.7,4406
eps Eri b,rv,2000,other,2680,0,3.53,,,317.8,0,0.759,0.82,5020
eps Ind A b,rv,2019,other,25450,0,15.76,,,2066,0,0.713,0.8,4700
eps Tau b,rv,2006,other,585.82,0,1.878,,,2285,1,12.3,2.57,4877
gam Cep b,rv,2003,other,904,0,1.978,,,2988,0,4.74,1.26,4775
gam Lib b,rv,2018,other,414.88,0,1.319,,,357.9,1,12.4,1.78,4879
gam Lib c,rv,2018,other,966.49,0,2.318,,,1663,1,12.4,1.78,4879
gam Psc b,rv,2021,other,555.1,0,1.32,,,425.9,1,11.2,0.99,4742
gam1 Leo b,rv,2009,other,428.5,0,1.19,,,2790,1,31.9,1.23,4330
iot Dra b,rv,2002,other,510.854,0,1.453,,,3757,1,11.8,1.54,4504
iot Dra c,rv,2021,other,25000,0,19.4,,,4958,1,11.8,1.54,4504
kap And b,im,2012,other,89547,1,55,15.92,0.042,5498,0,2.11,2.77,1.133e+04
kap CrB b,rv,2007,other,1253.68,0,2.5,,,689.7,0,4.68,1.33,4840
mu Leo b,rv,2014,other,357.8,0,1.1,,,762.8,1,11.4,1.5,4538
mu2 Sco b,im,2022,other,456950,1,242.4,,,4577,0,5.6,9.1,2.17e+04
nu Oct A b,rv,2016,other,402.4,0,1.24,,,696,0,5.04,1.57,4910
nu Oph b,rv,2012,other,529.93,0,1.765,,,7058,0,12.2,2.61,4887
nu Oph c,rv,2012,other,3180.6,0,5.829,,,7838,0,12.2,2.61,4887
ome Ser b,rv,2013,other,278.59,0,0.838,,,233.9,1,11,1.01,4724
omi CrB b,rv,2012,other,187.01,0,0.699,,,356,1,11.9,1.3,4769
omi UMa b,rv,2012,other,1569.81,0,3.691,,,1160,1,13.8,2.72,5075
pi Men c,tr,2018,TESS,6.26784,0,0.06839,2.019,0.023,3.63,0,1.17,1.07,5998
pi Men d,rv,2022,other,124.64,0,0.506,,,13.38,1,1.19,1.07,5998
psi1 Dra B b,rv,2015,other,3117,0,4.43,,,486.3,1,1.26,1.19,6212
rho CrB b,rv,1997,other,39.849,0,0.2245,,,348,1,1.36,1,5817
rho CrB c,rv,2016,other,102.036,0,0.4206,,,27.44,1,1.36,1,5817
rho CrB e,rv,2023,other,12.904,0,0.1061,,,3.71,1,1.36,1,5817
tau Boo b,rv,1996,other,3.31246,0,0.049,,,1891,0,1.43,1.32,6466
tau Cet f,rv,2017,other,636.13,0,1.334,,,3.93,1,0.83,0.783,5310
tau Cet g,rv,2017,other,20,0,0.133,,,1.75,1,0.83,0.783,5310
tau Cet h,rv,2017,other,49.41,0,0.243,,,1.83,1,0.83,0.783,5310
tau Gem b,rv,2013,other,305.5,0,1.17,,,6547,1,26.8,2.3,4388
ups And b,rv,1996,other,4.61703,0,0.05922,,,218.5,1,1.56,1.3,6157
ups And c,rv,1999,other,241.258,0,0.8278,,,4443,0,1.56,1.3,6157
ups And d,rv,1999,other,1276.46,0,2.513,,,3258,0,1.56,1.3,6157
ups Leo b,rv,2021,other,385.2,0,1.18,,,162.1,1,11.2,1.48,4836
xi Aql b,rv,2007,other,136.97,0,0.625,,,616.9,1,10.9,1.74,4841
