logage,eep,mini,logt,logl,g,bp_rp
7.50,202,1.10158,3.7774,0.0582,4.491,0.725
7.50,204,1.12554,3.7815,0.1007,4.384,0.708
7.50,206,1.14671,3.7856,0.1409,4.282,0.691
7.50,208,1.17149,3.7906,0.1887,4.162,0.671
7.50,210,1.20420,3.7976,0.2518,4.003,0.643
7.50,212,1.22913,3.8034,0.3009,3.881,0.620
7.50,214,1.25376,3.8097,0.3499,3.759,0.595
7.50,216,1.28253,3.8171,0.4039,3.625,0.566
7.50,218,1.31234,3.8239,0.4512,3.509,0.539
7.50,220,1.34406,3.8302,0.4971,3.396,0.514
7.50,222,1.37012,3.8352,0.5344,3.305,0.495
7.50,224,1.40169,3.8414,0.5791,3.196,0.471
7.50,226,1.43236,3.8476,0.6214,3.093,0.447
7.50,228,1.46093,3.8535,0.6596,3.001,0.423
7.50,230,1.65833,3.8970,0.8953,2.449,0.253
7.50,232,1.69806,3.9049,0.9379,2.352,0.221
7.50,234,1.74654,3.9147,0.9885,2.241,0.182
7.50,236,1.79174,3.9240,1.0343,2.144,0.146
7.50,238,1.84124,3.9343,1.0833,2.045,0.110
7.50,240,1.88237,3.9425,1.1224,1.969,0.083
7.50,242,1.93963,3.9533,1.1757,1.868,0.052
7.50,244,1.98641,3.9617,1.2176,1.793,0.030
7.50,246,2.04098,3.9711,1.2650,1.710,0.009
7.50,248,2.09161,3.9793,1.3075,1.637,-0.009
7.50,250,2.14703,3.9879,1.3527,1.561,-0.025
7.50,252,2.19210,3.9945,1.3884,1.502,-0.037
7.50,254,2.25205,4.0030,1.4347,1.425,-0.052
7.50,256,2.30512,4.0103,1.4745,1.359,-0.063
7.50,258,2.36410,4.0180,1.5177,1.288,-0.075
7.50,260,2.42599,4.0258,1.5616,1.216,-0.085
7.50,262,2.47861,4.0322,1.5980,1.156,-0.094
7.50,264,2.54067,4.0395,1.6400,1.087,-0.103
7.50,266,2.59651,4.0458,1.6768,1.026,-0.110
7.50,268,2.65968,4.0527,1.7175,0.959,-0.118
7.50,270,2.72300,4.0594,1.7572,0.893,-0.125
7.50,272,2.78527,4.0660,1.7955,0.830,-0.132
7.50,274,2.85486,4.0728,1.8364,0.763,-0.139
7.50,276,2.92612,4.0798,1.8780,0.695,-0.145
7.50,278,2.99636,4.0867,1.9190,0.628,-0.152
7.50,280,3.06901,4.0931,1.9586,0.563,-0.158
7.50,282,3.13980,4.0993,1.9971,0.499,-0.164
7.50,284,3.21379,4.1058,2.0369,0.434,-0.169
7.50,286,3.28809,4.1120,2.0749,0.372,-0.175
7.50,288,3.36322,4.1183,2.1135,0.310,-0.180
7.50,290,3.44308,4.1246,2.1531,0.246,-0.186
7.50,292,3.52494,4.1308,2.1925,0.181,-0.191
7.50,294,3.60778,4.1370,2.2324,0.116,-0.196
7.50,296,3.69739,4.1433,2.2732,0.049,-0.202
7.50,298,3.78561,4.1495,2.3136,-0.017,-0.207
7.50,300,3.87924,4.1559,2.3547,-0.083,-0.213
7.50,302,3.97311,4.1621,2.3957,-0.150,-0.218
7.50,304,4.07308,4.1682,2.4361,-0.216,-0.223
7.50,306,4.17513,4.1741,2.4763,-0.282,-0.228
7.50,308,4.27694,4.1800,2.5166,-0.349,-0.233
7.50,310,4.37856,4.1858,2.5571,-0.416,-0.238
7.50,312,4.47999,4.1916,2.5978,-0.484,-0.243
7.50,314,4.58120,4.1974,2.6387,-0.552,-0.248
7.50,316,4.68846,4.2030,2.6788,-0.620,-0.253
7.50,318,4.79750,4.2085,2.7191,-0.689,-0.258
7.50,320,4.91983,4.2142,2.7626,-0.764,-0.263
7.50,322,5.04472,4.2200,2.8066,-0.840,-0.268
7.50,324,5.17267,4.2260,2.8508,-0.915,-0.273
7.50,326,5.30011,4.2316,2.8938,-0.990,-0.278
7.50,328,5.42728,4.2369,2.9363,-1.065,-0.283
7.50,330,5.55227,4.2420,2.9772,-1.138,-0.287
7.50,332,5.68088,4.2471,3.0178,-1.209,-0.292
7.50,334,5.81514,4.2523,3.0594,-1.283,-0.297
7.50,336,5.95317,4.2576,3.1027,-1.361,-0.301
7.50,338,6.09520,4.2630,3.1480,-1.443,-0.306
7.50,340,6.23852,4.2677,3.1934,-1.530,-0.311
7.50,342,6.37571,4.2706,3.2350,-1.618,-0.313
7.50,344,6.55068,4.2748,3.2849,-1.719,-0.317
7.50,346,6.73133,4.2788,3.3368,-1.826,-0.321
7.50,348,6.90820,4.2823,3.3888,-1.938,-0.324
7.50,350,7.08003,4.2851,3.4409,-2.053,-0.327
7.50,352,7.26006,4.2871,3.4932,-2.174,-0.329
7.50,353,7.36495,4.2879,3.5201,-2.238,-0.330
7.50,354,7.40222,4.2881,3.5298,-2.261,-0.330
7.50,356,7.47512,4.2884,3.5488,-2.308,-0.331
7.50,358,7.54591,4.2886,3.5675,-2.354,-0.331
7.50,360,7.61452,4.2886,3.5858,-2.400,-0.331
7.50,362,7.68089,4.2885,3.6037,-2.447,-0.331
7.50,364,7.74491,4.2882,3.6212,-2.493,-0.331
7.50,366,7.80655,4.2878,3.6382,-2.538,-0.331
7.50,368,7.86577,4.2872,3.6548,-2.584,-0.330
7.50,370,7.92248,4.2864,3.6709,-2.629,-0.330
7.50,372,7.97675,4.2855,3.6865,-2.674,-0.329
7.50,374,8.02858,4.2845,3.7016,-2.718,-0.328
7.50,376,8.07801,4.2833,3.7162,-2.762,-0.327
7.50,378,8.12512,4.2819,3.7302,-2.805,-0.326
7.50,380,8.16997,4.2805,3.7438,-2.848,-0.325
7.50,382,8.21287,4.2789,3.7570,-2.890,-0.324
7.50,384,8.25384,4.2773,3.7697,-2.932,-0.323
7.50,386,8.29307,4.2755,3.7819,-2.973,-0.321
7.50,388,8.33056,4.2737,3.7938,-3.013,-0.320
7.50,390,8.36662,4.2718,3.8054,-3.054,-0.318
7.50,392,8.40131,4.2699,3.8167,-3.093,-0.317
7.50,394,8.43480,4.2679,3.8277,-3.133,-0.315
7.50,396,8.46730,4.2659,3.8385,-3.172,-0.313
7.50,398,8.49907,4.2639,3.8493,-3.210,-0.312
7.50,400,8.53045,4.2619,3.8602,-3.249,-0.310
7.50,402,8.56185,4.2601,3.8713,-3.288,-0.308
7.50,404,8.59320,4.2588,3.8830,-3.325,-0.307
7.50,406,8.62246,4.2582,3.8944,-3.358,-0.307
7.50,408,8.65131,4.2584,3.9064,-3.386,-0.307
7.50,410,8.67375,4.2604,3.9168,-3.401,-0.309
7.50,412,8.68624,4.2633,3.9238,-3.403,-0.311
7.50,414,8.69391,4.2664,3.9290,-3.398,-0.314
7.50,416,8.69893,4.2696,3.9334,-3.391,-0.317
7.50,418,8.70263,4.2728,3.9375,-3.383,-0.320
7.50,420,8.70531,4.2760,3.9413,-3.375,-0.323
7.50,422,8.70739,4.2791,3.9452,-3.366,-0.326
7.50,424,8.70897,4.2822,3.9492,-3.359,-0.328
7.50,426,8.71023,4.2853,3.9533,-3.352,-0.331
7.50,428,8.71122,4.2882,3.9577,-3.347,-0.333
7.50,430,8.71200,4.2910,3.9622,-3.343,-0.336
7.50,432,8.71263,4.2936,3.9669,-3.340,-0.338
7.50,434,8.71313,4.2959,3.9714,-3.339,-0.340
7.50,436,8.71352,4.2979,3.9756,-3.338,-0.342
7.50,438,8.71384,4.2995,3.9790,-3.338,-0.343
7.50,440,8.71409,4.3007,3.9815,-3.337,-0.344
7.50,442,8.71430,4.3012,3.9822,-3.336,-0.344
7.50,444,8.71447,4.3011,3.9813,-3.334,-0.344
7.50,446,8.71463,4.3005,3.9788,-3.331,-0.344
7.50,448,8.71478,4.2991,3.9739,-3.327,-0.343
7.50,450,8.71493,4.2972,3.9678,-3.322,-0.341
7.50,452,8.71507,4.2949,3.9617,-3.320,-0.339
7.50,454,8.71521,4.2923,3.9560,-3.319,-0.337
7.50,455,8.71541,4.2881,3.9490,-3.325,-0.333
7.50,456,8.71562,4.2836,3.9445,-3.339,-0.329
7.50,457,8.71583,4.2789,3.9426,-3.361,-0.325
7.50,458,8.71603,4.2741,3.9434,-3.390,-0.321
7.50,459,8.71624,4.2692,3.9463,-3.426,-0.317
7.50,460,8.71644,4.2644,3.9507,-3.465,-0.312
7.50,461,8.71664,4.2595,3.9558,-3.506,-0.308
7.50,462,8.71685,4.2546,3.9613,-3.548,-0.303
7.50,463,8.71706,4.2497,3.9667,-3.590,-0.299
7.50,464,8.71727,4.2448,3.9717,-3.631,-0.295
7.50,465,8.71748,4.2398,3.9764,-3.672,-0.290
7.50,466,8.71769,4.2348,3.9806,-3.711,-0.285
7.50,467,8.71791,4.2297,3.9843,-3.750,-0.281
7.50,468,8.71813,4.2246,3.9876,-3.787,-0.276
7.50,469,8.71835,4.2195,3.9904,-3.824,-0.271
7.50,470,8.71856,4.2143,3.9929,-3.860,-0.267
7.50,471,8.71878,4.2091,3.9951,-3.896,-0.262
7.50,472,8.71899,4.2039,3.9970,-3.930,-0.257
7.50,473,8.71921,4.1987,3.9987,-3.965,-0.252
7.50,474,8.71942,4.1934,4.0001,-3.998,-0.247
7.50,475,8.71963,4.1882,4.0012,-4.031,-0.242
7.50,476,8.71983,4.1829,4.0022,-4.064,-0.238
7.50,477,8.72003,4.1776,4.0029,-4.096,-0.233
7.50,478,8.72023,4.1723,4.0035,-4.128,-0.228
7.50,479,8.72043,4.1670,4.0039,-4.159,-0.223
7.50,480,8.72062,4.1617,4.0042,-4.190,-0.217
7.50,481,8.72081,4.1563,4.0044,-4.221,-0.212
7.50,482,8.72099,4.1510,4.0044,-4.251,-0.207
7.50,483,8.72117,4.1456,4.0043,-4.281,-0.202
7.50,484,8.72135,4.1403,4.0040,-4.310,-0.196
7.50,485,8.72152,4.1349,4.0036,-4.339,-0.191
7.50,486,8.72169,4.1295,4.0031,-4.368,-0.185
7.50,487,8.72186,4.1241,4.0025,-4.396,-0.180
7.50,488,8.72202,4.1187,4.0018,-4.424,-0.175
7.50,489,8.72218,4.1133,4.0010,-4.451,-0.169
7.50,490,8.72233,4.1079,4.0001,-4.478,-0.164
7.50,491,8.72248,4.1025,3.9991,-4.505,-0.158
7.50,492,8.72262,4.0971,3.9980,-4.532,-0.153
7.50,493,8.72276,4.0917,3.9969,-4.558,-0.147
7.50,494,8.72290,4.0862,3.9957,-4.583,-0.142
7.50,495,8.72304,4.0808,3.9944,-4.609,-0.136
7.50,496,8.72317,4.0754,3.9930,-4.633,-0.131
7.50,497,8.72330,4.0699,3.9915,-4.657,-0.125
7.50,498,8.72342,4.0645,3.9900,-4.681,-0.120
7.50,499,8.72354,4.0591,3.9883,-4.704,-0.114
7.50,500,8.72366,4.0536,3.9867,-4.727,-0.109
7.50,501,8.72378,4.0482,3.9849,-4.750,-0.103
7.50,502,8.72389,4.0427,3.9831,-4.772,-0.098
7.50,503,8.72400,4.0373,3.9813,-4.793,-0.092
7.50,504,8.72410,4.0318,3.9794,-4.814,-0.086
7.50,505,8.72420,4.0264,3.9774,-4.834,-0.080
7.50,506,8.72431,4.0209,3.9754,-4.854,-0.074
7.50,507,8.72440,4.0155,3.9734,-4.874,-0.068
7.50,508,8.72450,4.0100,3.9713,-4.893,-0.062
7.50,509,8.72459,4.0046,3.9691,-4.911,-0.055
7.50,510,8.72468,3.9991,3.9669,-4.930,-0.049
7.50,511,8.72477,3.9937,3.9646,-4.948,-0.043
7.50,512,8.72486,3.9882,3.9623,-4.965,-0.036
7.50,513,8.72494,3.9827,3.9600,-4.982,-0.030
7.50,514,8.72502,3.9773,3.9576,-4.999,-0.023
7.50,515,8.72510,3.9718,3.9551,-5.015,-0.016
7.50,516,8.72518,3.9664,3.9527,-5.031,-0.009
7.50,517,8.72526,3.9609,3.9502,-5.047,-0.001
7.50,518,8.72533,3.9554,3.9477,-5.061,0.006
7.50,519,8.72540,3.9500,3.9451,-5.076,0.015
7.50,520,8.72547,3.9445,3.9425,-5.089,0.023
7.50,521,8.72554,3.9391,3.9399,-5.102,0.033
7.50,522,8.72561,3.9336,3.9372,-5.114,0.043
7.50,523,8.72567,3.9281,3.9345,-5.125,0.054
7.50,524,8.72574,3.9227,3.9318,-5.134,0.066
7.50,525,8.72580,3.9172,3.9291,-5.143,0.079
7.50,526,8.72586,3.9117,3.9263,-5.149,0.094
7.50,527,8.72592,3.9063,3.9235,-5.155,0.110
7.50,528,8.72598,3.9008,3.9207,-5.160,0.126
7.50,529,8.72603,3.8954,3.9179,-5.163,0.144
7.50,530,8.72609,3.8899,3.9150,-5.165,0.163
7.50,531,8.72614,3.8844,3.9121,-5.166,0.184
7.50,532,8.72619,3.8790,3.9092,-5.166,0.204
7.50,533,8.72624,3.8735,3.9063,-5.165,0.225
7.50,534,8.72629,3.8680,3.9034,-5.162,0.248
7.50,535,8.72634,3.8626,3.9004,-5.158,0.274
7.50,536,8.72639,3.8571,3.8974,-5.154,0.300
7.50,537,8.72643,3.8517,3.8944,-5.149,0.327
7.50,538,8.72648,3.8462,3.8914,-5.144,0.354
7.50,539,8.72652,3.8407,3.8883,-5.138,0.381
7.50,540,8.72656,3.8353,3.8853,-5.133,0.407
7.50,541,8.72660,3.8298,3.8822,-5.126,0.433
7.50,542,8.72664,3.8244,3.8790,-5.119,0.460
7.50,543,8.72668,3.8189,3.8759,-5.110,0.488
7.50,544,8.72672,3.8134,3.8727,-5.101,0.516
7.50,545,8.72675,3.8080,3.8695,-5.092,0.544
7.50,546,8.72679,3.8025,3.8663,-5.082,0.571
7.50,547,8.72682,3.7971,3.8630,-5.071,0.598
7.50,548,8.72686,3.7916,3.8597,-5.059,0.626
7.50,549,8.72689,3.7862,3.8564,-5.047,0.653
7.50,550,8.72692,3.7807,3.8530,-5.034,0.680
7.50,551,8.72696,3.7753,3.8496,-5.019,0.708
7.50,552,8.72699,3.7698,3.8461,-5.003,0.736
7.50,553,8.72702,3.7644,3.8425,-4.986,0.764
7.50,554,8.72704,3.7589,3.8389,-4.969,0.791
7.50,555,8.72707,3.7535,3.8353,-4.952,0.819
7.50,556,8.72710,3.7480,3.8315,-4.935,0.846
7.50,557,8.72713,3.7426,3.8277,-4.918,0.872
7.50,558,8.72715,3.7372,3.8238,-4.901,0.899
7.50,559,8.72718,3.7317,3.8199,-4.884,0.926
7.50,560,8.72721,3.7263,3.8158,-4.866,0.953
7.50,561,8.72723,3.7209,3.8116,-4.846,0.978
7.50,562,8.72726,3.7155,3.8072,-4.824,1.003
7.50,563,8.72728,3.7101,3.8027,-4.801,1.029
7.50,564,8.72730,3.7047,3.7980,-4.777,1.055
7.50,565,8.72733,3.6993,3.7930,-4.751,1.082
7.50,566,8.72735,3.6940,3.7876,-4.723,1.108
7.50,567,8.72738,3.6886,3.7818,-4.692,1.134
7.50,568,8.72741,3.6834,3.7754,-4.660,1.158
7.50,569,8.72744,3.6782,3.7682,-4.624,1.183
7.50,570,8.72747,3.6731,3.7596,-4.585,1.207
7.50,571,8.72751,3.6682,3.7500,-4.543,1.231
7.50,572,8.72755,3.6634,3.7393,-4.497,1.254
7.50,573,8.72759,3.6588,3.7276,-4.449,1.277
7.50,574,8.72765,3.6543,3.7151,-4.399,1.299
7.50,575,8.72772,3.6502,3.7005,-4.345,1.320
7.50,576,8.72779,3.6462,3.6871,-4.293,1.341
7.50,577,8.72786,3.6420,3.6757,-4.245,1.364
7.50,578,8.72793,3.6374,3.6681,-4.204,1.389
7.50,579,8.72800,3.6323,3.6688,-4.179,1.418
7.50,580,8.72806,3.6276,3.6798,-4.182,1.446
7.50,581,8.72811,3.6238,3.6955,-4.200,1.469
7.50,582,8.72814,3.6205,3.7131,-4.226,1.490
7.50,583,8.72817,3.6175,3.7317,-4.255,1.509
7.50,584,8.72820,3.6147,3.7507,-4.287,1.526
7.50,585,8.72823,3.6121,3.7702,-4.320,1.544
7.50,586,8.72825,3.6096,3.7899,-4.353,1.561
7.50,587,8.72828,3.6072,3.8097,-4.387,1.579
7.50,588,8.72830,3.6048,3.8296,-4.420,1.596
7.50,589,8.72833,3.6025,3.8497,-4.454,1.614
7.50,590,8.72835,3.6002,3.8697,-4.488,1.632
7.50,591,8.72838,3.5978,3.8897,-4.521,1.650
7.50,592,8.72841,3.5956,3.9099,-4.555,1.667
7.50,593,8.72845,3.5933,3.9300,-4.588,1.684
7.50,594,8.72851,3.5911,3.9501,-4.622,1.701
7.50,595,8.72858,3.5888,3.9701,-4.655,1.719
7.50,596,8.72868,3.5866,3.9901,-4.687,1.737
7.50,597,8.72880,3.5844,4.0100,-4.719,1.755
7.50,598,8.72897,3.5822,4.0297,-4.749,1.776
7.50,599,8.72927,3.5801,4.0486,-4.777,1.796
7.50,600,8.72967,3.5781,4.0669,-4.804,1.816
7.50,601,8.73010,3.5762,4.0854,-4.831,1.838
7.50,602,8.73057,3.5741,4.1046,-4.858,1.862
7.50,603,8.73113,3.5721,4.1242,-4.885,1.887
7.50,604,8.73196,3.5704,4.1402,-4.906,1.908
7.50,605,8.73492,3.5693,4.1524,-4.924,1.922
7.50,606,8.73544,3.5694,4.1523,-4.924,1.922
7.50,607,8.73602,3.5694,4.1521,-4.924,1.921
7.50,608,8.73667,3.5695,4.1517,-4.924,1.921
7.50,609,8.73735,3.5695,4.1513,-4.924,1.920
7.50,610,8.73806,3.5696,4.1508,-4.923,1.919
7.50,611,8.73879,3.5697,4.1502,-4.923,1.918
7.50,612,8.73953,3.5698,4.1497,-4.922,1.917
7.50,613,8.74028,3.5699,4.1491,-4.922,1.915
7.50,614,8.74105,3.5700,4.1486,-4.922,1.914
7.50,615,8.74182,3.5700,4.1480,-4.921,1.913
7.50,616,8.74260,3.5701,4.1475,-4.921,1.912
7.50,617,8.74339,3.5702,4.1469,-4.920,1.911
7.50,618,8.74420,3.5703,4.1463,-4.920,1.910
7.50,619,8.74501,3.5704,4.1457,-4.919,1.909
7.50,620,8.74581,3.5705,4.1451,-4.919,1.908
7.50,621,8.74661,3.5706,4.1445,-4.918,1.907
7.50,622,8.74745,3.5707,4.1439,-4.918,1.905
7.50,623,8.74828,3.5707,4.1433,-4.917,1.904
7.50,624,8.74910,3.5708,4.1426,-4.917,1.903
7.50,625,8.74992,3.5709,4.1420,-4.916,1.902
7.50,626,8.75069,3.5710,4.1413,-4.915,1.901
7.50,627,8.75146,3.5711,4.1407,-4.915,1.899
7.50,628,8.75226,3.5712,4.1400,-4.914,1.898
7.50,629,8.75306,3.5713,4.1393,-4.914,1.897
7.50,630,8.75384,3.5714,4.1386,-4.913,1.896
7.50,631,8.75460,3.5715,4.1379,-4.912,1.895
7.50,632,8.78349,3.5755,4.1077,-4.880,1.846
7.50,633,8.80881,3.5796,4.0751,-4.839,1.801
7.50,634,8.83248,3.5840,4.0422,-4.796,1.759
7.50,635,8.85850,3.5886,4.0098,-4.752,1.721
7.50,636,8.89322,3.5939,3.9806,-4.720,1.680
7.50,637,8.95451,3.6020,3.9731,-4.759,1.621
7.50,638,8.97900,3.6096,4.0043,-4.889,1.566
7.50,639,8.98331,3.6160,4.0385,-5.014,1.526
7.50,640,8.98516,3.6229,4.0709,-5.134,1.484
7.50,641,8.98614,3.6311,4.0973,-5.245,1.435
7.50,642,8.98652,3.6411,4.1111,-5.330,1.380
7.50,643,8.98676,3.6515,4.1186,-5.397,1.325
7.50,644,8.98695,3.6620,4.1235,-5.454,1.272
7.50,645,8.98710,3.6725,4.1271,-5.503,1.221
7.50,646,8.98725,3.6831,4.1301,-5.547,1.169
7.50,647,8.98740,3.6937,4.1328,-5.587,1.118
7.50,648,8.98755,3.7042,4.1352,-5.620,1.066
7.50,649,8.98771,3.7148,4.1375,-5.644,1.014
7.50,650,8.98788,3.7254,4.1396,-5.670,0.962
7.50,651,8.98806,3.7360,4.1415,-5.694,0.908
7.50,652,8.98827,3.7465,4.1433,-5.718,0.854
7.50,653,8.98850,3.7571,4.1449,-5.740,0.799
7.50,654,8.98876,3.7677,4.1462,-5.758,0.744
7.50,655,8.98905,3.7783,4.1473,-5.773,0.689
7.50,656,8.98937,3.7889,4.1481,-5.783,0.635
7.50,657,8.98973,3.7995,4.1486,-5.791,0.580
7.50,658,8.99015,3.8101,4.1489,-5.797,0.524
7.50,659,8.99067,3.8207,4.1490,-5.798,0.469
7.50,660,8.99133,3.8313,4.1491,-5.798,0.415
7.50,661,8.99225,3.8419,4.1493,-5.792,0.368
7.50,662,8.99373,3.8525,4.1500,-5.788,0.319
7.50,663,8.99642,3.8631,4.1524,-5.788,0.267
7.50,664,9.00035,3.8738,4.1568,-5.792,0.216
7.50,665,9.00572,3.8842,4.1612,-5.791,0.177
7.50,666,9.01135,3.8947,4.1661,-5.785,0.140
7.50,667,9.01728,3.9051,4.1706,-5.775,0.111
7.50,668,9.02501,3.9155,4.1758,-5.762,0.084
7.50,669,9.03160,3.9259,4.1812,-5.745,0.061
7.50,670,9.04343,3.9362,4.1865,-5.725,0.042
7.50,671,9.08677,3.9321,4.1986,-5.769,0.050
7.50,672,9.10958,3.9214,4.2036,-5.815,0.071
7.50,673,9.11799,3.9108,4.2029,-5.842,0.095
7.50,674,9.12456,3.9001,4.2020,-5.864,0.124
7.50,675,9.13224,3.8896,4.1997,-5.879,0.157
7.50,676,9.13762,3.8790,4.1977,-5.889,0.196
7.50,677,9.14205,3.8684,4.1961,-5.895,0.239
7.50,678,9.14729,3.8578,4.1950,-5.898,0.292
7.50,679,9.15196,3.8472,4.1934,-5.899,0.342
7.50,680,9.15531,3.8367,4.1910,-5.900,0.389
7.50,681,9.15770,3.8261,4.1881,-5.896,0.438
7.50,682,9.15949,3.8156,4.1853,-5.889,0.494
7.50,683,9.16099,3.8051,4.1826,-5.880,0.549
7.50,684,9.16225,3.7945,4.1796,-5.866,0.605
7.50,685,9.16332,3.7840,4.1766,-5.852,0.659
7.50,686,9.16424,3.7735,4.1737,-5.835,0.714
7.50,687,9.16506,3.7630,4.1708,-5.814,0.769
7.50,688,9.16578,3.7524,4.1678,-5.790,0.823
7.50,689,9.16643,3.7419,4.1646,-5.763,0.878
7.50,690,9.16701,3.7314,4.1613,-5.735,0.932
7.50,691,9.16753,3.7209,4.1579,-5.706,0.984
7.50,692,9.16799,3.7104,4.1544,-5.679,1.036
7.50,693,9.16842,3.6999,4.1507,-5.649,1.088
7.50,694,9.16880,3.6894,4.1467,-5.609,1.140
7.50,695,9.16916,3.6789,4.1423,-5.564,1.190
7.50,696,9.16949,3.6684,4.1374,-5.514,1.241
7.50,697,9.16983,3.6580,4.1315,-5.457,1.292
7.50,698,9.17018,3.6476,4.1235,-5.392,1.346
7.50,699,9.17057,3.6375,4.1122,-5.315,1.400
7.50,700,9.17113,3.6279,4.0948,-5.222,1.454
7.50,701,9.17185,3.6202,4.0662,-5.108,1.500
7.50,702,9.17250,3.6130,4.0357,-4.989,1.545
7.50,703,9.17325,3.6038,4.0188,-4.887,1.608
7.50,704,9.17399,3.5953,4.0421,-4.884,1.671
7.50,705,9.17602,3.5890,4.0746,-4.919,1.718
7.50,706,9.18002,3.5847,4.0970,-4.939,1.754
7.50,707,9.18119,3.5815,4.1160,-4.960,1.782
7.55,202,1.05816,3.7690,-0.0185,4.686,0.759
7.55,204,1.08117,3.7733,0.0229,4.581,0.741
7.55,206,1.10434,3.7779,0.0674,4.468,0.722
7.55,208,1.12771,3.7827,0.1126,4.354,0.703
7.55,210,1.14893,3.7872,0.1536,4.250,0.685
7.55,212,1.17414,3.7927,0.2026,4.127,0.663
7.55,214,1.20673,3.8003,0.2665,3.967,0.632
7.55,216,1.23138,3.8064,0.3149,3.846,0.608
7.55,218,1.25776,3.8128,0.3630,3.727,0.583
7.55,220,1.28819,3.8194,0.4119,3.606,0.557
7.55,222,1.31704,3.8251,0.4557,3.498,0.534
7.55,224,1.34842,3.8311,0.5026,3.383,0.511
7.55,226,1.37580,3.8364,0.5426,3.285,0.490
7.55,228,1.40837,3.8428,0.5888,3.173,0.465
7.55,230,1.43721,3.8486,0.6284,3.076,0.442
7.55,232,1.62227,3.8896,0.8557,2.540,0.283
7.55,234,1.66091,3.8976,0.8985,2.441,0.250
7.55,236,1.70082,3.9055,0.9412,2.344,0.218
7.55,238,1.74907,3.9153,0.9915,2.234,0.180
7.55,240,1.79412,3.9245,1.0371,2.138,0.144
7.55,242,1.84312,3.9347,1.0856,2.040,0.108
7.55,244,1.88533,3.9431,1.1257,1.962,0.081
7.55,246,1.94133,3.9536,1.1777,1.864,0.051
7.55,248,1.98856,3.9620,1.2200,1.788,0.030
7.55,250,2.04244,3.9712,1.2667,1.706,0.008
7.55,252,2.09369,3.9794,1.3098,1.632,-0.009
7.55,254,2.14848,3.9879,1.3544,1.557,-0.025
7.55,256,2.19347,3.9944,1.3900,1.497,-0.037
7.55,258,2.25464,4.0031,1.4373,1.419,-0.052
7.55,260,2.30725,4.0102,1.4768,1.353,-0.063
7.55,262,2.36529,4.0178,1.5192,1.283,-0.074
7.55,264,2.42638,4.0254,1.5627,1.211,-0.085
7.55,266,2.48220,4.0321,1.6014,1.147,-0.093
7.55,268,2.54168,4.0391,1.6417,1.081,-0.102
7.55,270,2.59727,4.0454,1.6785,1.020,-0.110
7.55,272,2.66161,4.0524,1.7199,0.951,-0.118
7.55,274,2.72401,4.0589,1.7592,0.885,-0.125
7.55,276,2.78621,4.0654,1.7976,0.822,-0.131
7.55,278,2.85438,4.0721,1.8377,0.756,-0.138
7.55,280,2.92647,4.0792,1.8799,0.687,-0.145
7.55,282,2.99612,4.0860,1.9208,0.620,-0.151
7.55,284,3.06872,4.0924,1.9605,0.554,-0.157
7.55,286,3.13992,4.0986,1.9994,0.489,-0.163
7.55,288,3.21316,4.1049,2.0390,0.424,-0.168
7.55,290,3.28839,4.1112,2.0777,0.361,-0.174
7.55,292,3.36336,4.1174,2.1164,0.298,-0.180
7.55,294,3.44254,4.1237,2.1560,0.233,-0.185
7.55,296,3.52560,4.1299,2.1962,0.167,-0.190
7.55,298,3.60872,4.1361,2.2365,0.101,-0.196
7.55,300,3.69709,4.1423,2.2771,0.034,-0.201
7.55,302,3.78621,4.1485,2.3183,-0.034,-0.206
7.55,304,3.87939,4.1548,2.3594,-0.101,-0.212
7.55,306,3.97297,4.1610,2.4007,-0.169,-0.217
7.55,308,4.07235,4.1670,2.4413,-0.236,-0.222
7.55,310,4.17403,4.1728,2.4818,-0.304,-0.227
7.55,312,4.27552,4.1786,2.5224,-0.372,-0.232
7.55,314,4.37678,4.1844,2.5633,-0.440,-0.237
7.55,316,4.47803,4.1902,2.6044,-0.510,-0.242
7.55,318,4.57941,4.1959,2.6459,-0.580,-0.247
7.55,320,4.68643,4.2013,2.6866,-0.650,-0.252
7.55,322,4.79465,4.2067,2.7273,-0.720,-0.257
7.55,324,4.91680,4.2123,2.7715,-0.798,-0.261
7.55,326,5.04139,4.2180,2.8163,-0.876,-0.266
7.55,328,5.16911,4.2238,2.8613,-0.954,-0.272
7.55,330,5.29669,4.2293,2.9052,-1.033,-0.276
7.55,332,5.42400,4.2344,2.9488,-1.112,-0.281
7.55,334,5.54838,4.2392,2.9905,-1.188,-0.285
7.55,336,5.67841,4.2442,3.0327,-1.265,-0.290
7.55,338,5.81555,4.2492,3.0765,-1.345,-0.294
7.55,340,5.95641,4.2543,3.1221,-1.430,-0.299
7.55,342,6.10082,4.2593,3.1698,-1.520,-0.303
7.55,344,6.24392,4.2633,3.2168,-1.615,-0.307
7.55,346,6.37712,4.2654,3.2591,-1.709,-0.309
7.55,348,6.54539,4.2685,3.3093,-1.818,-0.312
7.55,350,6.71662,4.2712,3.3610,-1.933,-0.315
7.55,352,6.88200,4.2731,3.4123,-2.051,-0.317
7.55,353,6.96204,4.2738,3.4377,-2.112,-0.318
7.55,354,6.99097,4.2740,3.4469,-2.134,-0.318
7.55,356,7.04769,4.2742,3.4652,-2.179,-0.318
7.55,358,7.10291,4.2743,3.4832,-2.224,-0.318
7.55,360,7.15656,4.2743,3.5009,-2.269,-0.318
7.55,362,7.21115,4.2741,3.5184,-2.314,-0.318
7.55,364,7.27630,4.2738,3.5361,-2.361,-0.318
7.55,366,7.33898,4.2734,3.5534,-2.407,-0.318
7.55,368,7.39915,4.2728,3.5702,-2.453,-0.318
7.55,370,7.45673,4.2720,3.5865,-2.499,-0.317
7.55,372,7.51176,4.2710,3.6023,-2.544,-0.316
7.55,374,7.56426,4.2699,3.6175,-2.589,-0.315
7.55,376,7.61428,4.2687,3.6322,-2.634,-0.314
7.55,378,7.66193,4.2673,3.6464,-2.678,-0.313
7.55,380,7.70726,4.2658,3.6601,-2.721,-0.312
7.55,382,7.75061,4.2642,3.6734,-2.764,-0.311
7.55,384,7.79201,4.2625,3.6862,-2.806,-0.309
7.55,386,7.83163,4.2607,3.6985,-2.848,-0.308
7.55,388,7.86948,4.2588,3.7105,-2.889,-0.306
7.55,390,7.90591,4.2569,3.7222,-2.930,-0.305
7.55,392,7.94097,4.2549,3.7335,-2.970,-0.303
7.55,394,7.97485,4.2529,3.7447,-3.010,-0.301
7.55,396,8.00784,4.2508,3.7557,-3.050,-0.300
7.55,398,8.04024,4.2488,3.7667,-3.089,-0.298
7.55,400,8.07254,4.2469,3.7780,-3.129,-0.296
7.55,402,8.10540,4.2453,3.7899,-3.168,-0.295
7.55,404,8.13794,4.2446,3.8025,-3.204,-0.294
7.55,406,8.16454,4.2450,3.8136,-3.230,-0.295
7.55,408,8.18783,4.2462,3.8240,-3.249,-0.296
7.55,410,8.20543,4.2486,3.8328,-3.257,-0.298
7.55,412,8.21548,4.2517,3.8391,-3.256,-0.301
7.55,414,8.22184,4.2549,3.8441,-3.250,-0.304
7.55,416,8.22609,4.2581,3.8485,-3.242,-0.307
7.55,418,8.22926,4.2614,3.8527,-3.234,-0.310
7.55,420,8.23157,4.2646,3.8568,-3.226,-0.312
7.55,422,8.23338,4.2678,3.8609,-3.218,-0.315
7.55,424,8.23476,4.2709,3.8652,-3.211,-0.318
7.55,426,8.23586,4.2739,3.8697,-3.205,-0.321
7.55,428,8.23673,4.2768,3.8744,-3.201,-0.323
7.55,430,8.23742,4.2795,3.8792,-3.197,-0.326
7.55,432,8.23797,4.2819,3.8838,-3.196,-0.328
7.55,434,8.23840,4.2840,3.8880,-3.194,-0.329
7.55,436,8.23875,4.2856,3.8912,-3.194,-0.331
7.55,438,8.23903,4.2867,3.8932,-3.193,-0.332
7.55,440,8.23925,4.2873,3.8941,-3.191,-0.332
7.55,442,8.23944,4.2871,3.8926,-3.189,-0.332
7.55,444,8.23961,4.2863,3.8895,-3.185,-0.331
7.55,446,8.23976,4.2851,3.8855,-3.182,-0.330
7.55,448,8.23991,4.2833,3.8800,-3.178,-0.329
7.55,450,8.24005,4.2810,3.8741,-3.176,-0.327
7.55,452,8.24020,4.2784,3.8687,-3.177,-0.324
7.55,454,8.24034,4.2756,3.8640,-3.181,-0.322
7.55,455,8.24055,4.2713,3.8593,-3.193,-0.318
7.55,456,8.24075,4.2669,3.8571,-3.213,-0.314
7.55,457,8.24096,4.2623,3.8574,-3.241,-0.310
7.55,458,8.24117,4.2576,3.8600,-3.274,-0.306
7.55,459,8.24138,4.2529,3.8641,-3.312,-0.302
7.55,460,8.24159,4.2482,3.8692,-3.352,-0.298
7.55,461,8.24181,4.2435,3.8746,-3.393,-0.293
7.55,462,8.24203,4.2388,3.8800,-3.434,-0.289
7.55,463,8.24225,4.2340,3.8851,-3.475,-0.285
7.55,464,8.24247,4.2291,3.8899,-3.515,-0.280
7.55,465,8.24270,4.2243,3.8941,-3.554,-0.276
7.55,466,8.24293,4.2194,3.8980,-3.592,-0.271
7.55,467,8.24316,4.2144,3.9014,-3.629,-0.267
7.55,468,8.24340,4.2094,3.9043,-3.665,-0.262
7.55,469,8.24363,4.2044,3.9069,-3.701,-0.258
7.55,470,8.24386,4.1994,3.9092,-3.736,-0.253
7.55,471,8.24410,4.1943,3.9111,-3.770,-0.248
7.55,472,8.24433,4.1893,3.9129,-3.803,-0.244
7.55,473,8.24456,4.1842,3.9143,-3.836,-0.239
7.55,474,8.24479,4.1791,3.9155,-3.869,-0.234
7.55,475,8.24501,4.1739,3.9165,-3.900,-0.229
7.55,476,8.24523,4.1688,3.9173,-3.932,-0.225
7.55,477,8.24545,4.1636,3.9179,-3.963,-0.220
7.55,478,8.24566,4.1585,3.9183,-3.993,-0.215
7.55,479,8.24587,4.1533,3.9186,-4.024,-0.210
7.55,480,8.24608,4.1481,3.9188,-4.053,-0.205
7.55,481,8.24628,4.1429,3.9188,-4.082,-0.200
7.55,482,8.24648,4.1377,3.9187,-4.111,-0.195
7.55,483,8.24668,4.1324,3.9185,-4.140,-0.189
7.55,484,8.24687,4.1272,3.9181,-4.168,-0.184
7.55,485,8.24705,4.1220,3.9176,-4.196,-0.179
7.55,486,8.24723,4.1167,3.9170,-4.223,-0.174
7.55,487,8.24741,4.1115,3.9163,-4.250,-0.169
7.55,488,8.24758,4.1062,3.9155,-4.276,-0.163
7.55,489,8.24775,4.1010,3.9146,-4.302,-0.158
7.55,490,8.24792,4.0957,3.9136,-4.328,-0.153
7.55,491,8.24808,4.0904,3.9125,-4.354,-0.147
7.55,492,8.24823,4.0851,3.9114,-4.379,-0.142
7.55,493,8.24839,4.0798,3.9102,-4.403,-0.137
7.55,494,8.24853,4.0746,3.9089,-4.427,-0.131
7.55,495,8.24868,4.0693,3.9075,-4.451,-0.126
7.55,496,8.24882,4.0640,3.9060,-4.474,-0.121
7.55,497,8.24896,4.0587,3.9045,-4.497,-0.115
7.55,498,8.24909,4.0534,3.9029,-4.519,-0.110
7.55,499,8.24922,4.0481,3.9012,-4.541,-0.104
7.55,500,8.24935,4.0428,3.8994,-4.562,-0.099
7.55,501,8.24947,4.0375,3.8976,-4.583,-0.093
7.55,502,8.24959,4.0321,3.8957,-4.604,-0.088
7.55,503,8.24971,4.0268,3.8938,-4.624,-0.083
7.55,504,8.24982,4.0215,3.8919,-4.644,-0.077
7.55,505,8.24993,4.0162,3.8899,-4.663,-0.071
7.55,506,8.25004,4.0109,3.8878,-4.681,-0.065
7.55,507,8.25014,4.0056,3.8857,-4.699,-0.059
7.55,508,8.25025,4.0003,3.8835,-4.717,-0.053
7.55,509,8.25035,3.9949,3.8813,-4.735,-0.047
7.55,510,8.25044,3.9896,3.8790,-4.751,-0.040
7.55,511,8.25054,3.9843,3.8766,-4.768,-0.034
7.55,512,8.25063,3.9790,3.8742,-4.784,-0.027
7.55,513,8.25072,3.9737,3.8718,-4.800,-0.020
7.55,514,8.25081,3.9683,3.8693,-4.816,-0.013
7.55,515,8.25089,3.9630,3.8668,-4.830,-0.006
7.55,516,8.25098,3.9577,3.8643,-4.845,0.002
7.55,517,8.25106,3.9524,3.8617,-4.859,0.010
7.55,518,8.25114,3.9470,3.8591,-4.872,0.019
7.55,519,8.25122,3.9417,3.8565,-4.885,0.028
7.55,520,8.25129,3.9364,3.8538,-4.896,0.038
7.55,521,8.25136,3.9311,3.8511,-4.907,0.048
7.55,522,8.25144,3.9258,3.8484,-4.917,0.060
7.55,523,8.25151,3.9204,3.8456,-4.925,0.072
7.55,524,8.25157,3.9151,3.8428,-4.932,0.086
7.55,525,8.25164,3.9098,3.8400,-4.938,0.101
7.55,526,8.25171,3.9045,3.8371,-4.943,0.117
7.55,527,8.25177,3.8991,3.8343,-4.946,0.134
7.55,528,8.25183,3.8938,3.8314,-4.949,0.151
7.55,529,8.25189,3.8885,3.8285,-4.950,0.171
7.55,530,8.25195,3.8832,3.8255,-4.951,0.191
7.55,531,8.25200,3.8778,3.8226,-4.950,0.210
7.55,532,8.25206,3.8725,3.8196,-4.948,0.231
7.55,533,8.25211,3.8672,3.8166,-4.945,0.254
7.55,534,8.25217,3.8619,3.8136,-4.941,0.279
7.55,535,8.25222,3.8565,3.8105,-4.937,0.304
7.55,536,8.25227,3.8512,3.8075,-4.932,0.331
7.55,537,8.25232,3.8459,3.8044,-4.926,0.357
7.55,538,8.25236,3.8406,3.8013,-4.920,0.384
7.55,539,8.25241,3.8352,3.7982,-4.914,0.410
7.55,540,8.25245,3.8299,3.7951,-4.907,0.436
7.55,541,8.25250,3.8246,3.7919,-4.900,0.462
7.55,542,8.25254,3.8193,3.7887,-4.891,0.489
7.55,543,8.25258,3.8140,3.7855,-4.882,0.516
7.55,544,8.25262,3.8086,3.7823,-4.873,0.542
7.55,545,8.25266,3.8033,3.7790,-4.863,0.569
7.55,546,8.25270,3.7980,3.7758,-4.852,0.595
7.55,547,8.25274,3.7927,3.7724,-4.840,0.622
7.55,548,8.25277,3.7874,3.7691,-4.828,0.648
7.55,549,8.25281,3.7820,3.7657,-4.815,0.675
7.55,550,8.25284,3.7767,3.7623,-4.801,0.701
7.55,551,8.25288,3.7714,3.7588,-4.786,0.728
7.55,552,8.25291,3.7661,3.7553,-4.770,0.755
7.55,553,8.25294,3.7608,3.7518,-4.753,0.782
7.55,554,8.25298,3.7555,3.7481,-4.737,0.808
7.55,555,8.25301,3.7502,3.7445,-4.721,0.835
7.55,556,8.25304,3.7449,3.7407,-4.704,0.861
7.55,557,8.25307,3.7396,3.7369,-4.687,0.887
7.55,558,8.25309,3.7343,3.7330,-4.670,0.913
7.55,559,8.25312,3.7290,3.7290,-4.653,0.939
7.55,560,8.25315,3.7237,3.7249,-4.635,0.964
7.55,561,8.25318,3.7184,3.7207,-4.615,0.988
7.55,562,8.25320,3.7131,3.7163,-4.593,1.012
7.55,563,8.25323,3.7079,3.7117,-4.569,1.038
7.55,564,8.25326,3.7026,3.7068,-4.543,1.064
7.55,565,8.25329,3.6974,3.7015,-4.516,1.090
7.55,566,8.25332,3.6922,3.6957,-4.487,1.115
7.55,567,8.25335,3.6871,3.6894,-4.456,1.139
7.55,568,8.25338,3.6820,3.6823,-4.422,1.163
7.55,569,8.25342,3.6771,3.6742,-4.385,1.187
7.55,570,8.25347,3.6724,3.6643,-4.344,1.209
7.55,571,8.25352,3.6679,3.6533,-4.299,1.231
7.55,572,8.25357,3.6634,3.6416,-4.253,1.252
7.55,573,8.25363,3.6590,3.6293,-4.205,1.274
7.55,574,8.25370,3.6547,3.6169,-4.155,1.295
7.55,575,8.25378,3.6505,3.6044,-4.106,1.317
7.55,576,8.25386,3.6461,3.5955,-4.064,1.340
7.55,577,8.25393,3.6419,3.5906,-4.032,1.363
7.55,578,8.25400,3.6375,3.5896,-4.008,1.387
7.55,579,8.25407,3.6330,3.5950,-3.999,1.413
7.55,580,8.25412,3.6289,3.6077,-4.009,1.437
7.55,581,8.25417,3.6254,3.6239,-4.030,1.459
7.55,582,8.25421,3.6224,3.6416,-4.058,1.478
7.55,583,8.25424,3.6196,3.6600,-4.088,1.495
7.55,584,8.25427,3.6170,3.6788,-4.120,1.512
7.55,585,8.25430,3.6145,3.6979,-4.153,1.528
7.55,586,8.25433,3.6121,3.7172,-4.187,1.544
7.55,587,8.25435,3.6097,3.7365,-4.220,1.560
7.55,588,8.25438,3.6074,3.7560,-4.254,1.576
7.55,589,8.25441,3.6052,3.7756,-4.288,1.593
7.55,590,8.25445,3.6029,3.7952,-4.321,1.610
7.55,591,8.25449,3.6007,3.8148,-4.354,1.628
7.55,592,8.25453,3.5985,3.8344,-4.387,1.645
7.55,593,8.25459,3.5963,3.8540,-4.420,1.661
7.55,594,8.25468,3.5941,3.8736,-4.453,1.678
7.55,595,8.25482,3.5919,3.8929,-4.485,1.694
7.55,596,8.25499,3.5898,3.9120,-4.517,1.711
7.55,597,8.25519,3.5877,3.9310,-4.548,1.728
7.55,598,8.25544,3.5856,3.9498,-4.577,1.745
7.55,599,8.25578,3.5836,3.9682,-4.607,1.763
7.55,600,8.25619,3.5817,3.9861,-4.635,1.781
7.55,601,8.25662,3.5797,4.0044,-4.663,1.800
7.55,602,8.25710,3.5778,4.0232,-4.691,1.820
7.55,603,8.25767,3.5759,4.0421,-4.719,1.842
7.55,604,8.25852,3.5743,4.0572,-4.740,1.860
7.55,605,8.26139,3.5732,4.0689,-4.758,1.873
7.55,606,8.26189,3.5732,4.0689,-4.758,1.873
7.55,607,8.26248,3.5733,4.0687,-4.758,1.872
7.55,608,8.26313,3.5734,4.0683,-4.758,1.872
7.55,609,8.26384,3.5734,4.0679,-4.758,1.871
7.55,610,8.26456,3.5735,4.0673,-4.757,1.870
7.55,611,8.26530,3.5736,4.0668,-4.757,1.869
7.55,612,8.26606,3.5737,4.0662,-4.756,1.868
7.55,613,8.26685,3.5738,4.0657,-4.756,1.867
7.55,614,8.26767,3.5738,4.0651,-4.755,1.866
7.55,615,8.26849,3.5739,4.0646,-4.755,1.865
7.55,616,8.26932,3.5740,4.0640,-4.754,1.863
7.55,617,8.27014,3.5741,4.0634,-4.754,1.862
7.55,618,8.27097,3.5742,4.0628,-4.753,1.861
7.55,619,8.27180,3.5743,4.0622,-4.753,1.860
7.55,620,8.27262,3.5744,4.0616,-4.752,1.859
7.55,621,8.27345,3.5745,4.0610,-4.752,1.858
7.55,622,8.27432,3.5746,4.0603,-4.751,1.857
7.55,623,8.27518,3.5746,4.0597,-4.751,1.856
7.55,624,8.27604,3.5747,4.0591,-4.750,1.855
7.55,625,8.27689,3.5748,4.0584,-4.749,1.854
7.55,626,8.27771,3.5749,4.0577,-4.749,1.852
7.55,627,8.27853,3.5750,4.0571,-4.748,1.851
7.55,628,8.27935,3.5751,4.0564,-4.747,1.850
7.55,629,8.28019,3.5752,4.0556,-4.746,1.849
7.55,630,8.28101,3.5753,4.0549,-4.746,1.848
7.55,631,8.28181,3.5754,4.0542,-4.745,1.847
7.55,632,8.30950,3.5792,4.0257,-4.711,1.805
7.55,633,8.33343,3.5831,3.9948,-4.669,1.767
7.55,634,8.35559,3.5872,3.9633,-4.625,1.732
7.55,635,8.37928,3.5915,3.9321,-4.580,1.698
7.55,636,8.40967,3.5963,3.9033,-4.544,1.662
7.55,637,8.45967,3.6032,3.8904,-4.562,1.610
7.55,638,8.48551,3.6100,3.9063,-4.647,1.562
7.55,639,8.50093,3.6165,3.9284,-4.741,1.520
7.55,640,8.51110,3.6235,3.9583,-4.856,1.478
7.55,641,8.51443,3.6311,3.9850,-4.964,1.433
7.55,642,8.51572,3.6400,4.0021,-5.052,1.383
7.55,643,8.51646,3.6494,4.0140,-5.126,1.334
7.55,644,8.51699,3.6590,4.0229,-5.190,1.284
7.55,645,8.51731,3.6689,4.0285,-5.243,1.236
7.55,646,8.51755,3.6789,4.0325,-5.289,1.187
7.55,647,8.51777,3.6890,4.0357,-5.330,1.139
7.55,648,8.51799,3.6991,4.0384,-5.366,1.090
7.55,649,8.51820,3.7091,4.0408,-5.393,1.040
7.55,650,8.51842,3.7192,4.0430,-5.417,0.991
7.55,651,8.51867,3.7293,4.0451,-5.442,0.941
7.55,652,8.51894,3.7394,4.0470,-5.463,0.890
7.55,653,8.51925,3.7495,4.0487,-5.485,0.839
7.55,654,8.51960,3.7595,4.0502,-5.505,0.787
7.55,655,8.52002,3.7696,4.0515,-5.522,0.735
7.55,656,8.52052,3.7797,4.0526,-5.537,0.682
7.55,657,8.52118,3.7898,4.0536,-5.547,0.631
7.55,658,8.52208,3.7999,4.0547,-5.555,0.579
7.55,659,8.52328,3.8100,4.0560,-5.562,0.528
7.55,660,8.52460,3.8201,4.0574,-5.568,0.474
7.55,661,8.52602,3.8302,4.0590,-5.571,0.423
7.55,662,8.52783,3.8404,4.0607,-5.571,0.376
7.55,663,8.53065,3.8505,4.0637,-5.573,0.329
7.55,664,8.53432,3.8607,4.0684,-5.580,0.280
7.55,665,8.53828,3.8708,4.0732,-5.585,0.231
7.55,666,8.54285,3.8810,4.0783,-5.587,0.191
7.55,667,8.54851,3.8912,4.0838,-5.586,0.153
7.55,668,8.55556,3.9015,4.0901,-5.582,0.122
7.55,669,8.56132,3.9117,4.0964,-5.574,0.093
7.55,670,8.56965,3.9220,4.1026,-5.561,0.068
7.55,671,8.59935,3.9211,4.1157,-5.597,0.070
7.55,672,8.61747,3.9118,4.1222,-5.638,0.093
7.55,673,8.62570,3.9019,4.1229,-5.663,0.120
7.55,674,8.63117,3.8919,4.1225,-5.682,0.150
7.55,675,8.63778,3.8820,4.1212,-5.694,0.186
7.55,676,8.64259,3.8720,4.1197,-5.701,0.224
7.55,677,8.64635,3.8619,4.1183,-5.704,0.273
7.55,678,8.65055,3.8518,4.1174,-5.707,0.322
7.55,679,8.65436,3.8417,4.1160,-5.709,0.369
7.55,680,8.65721,3.8316,4.1139,-5.709,0.414
7.55,681,8.65932,3.8214,4.1112,-5.703,0.466
7.55,682,8.66095,3.8113,4.1086,-5.695,0.519
7.55,683,8.66235,3.8011,4.1059,-5.685,0.572
7.55,684,8.66354,3.7909,4.1031,-5.672,0.625
7.55,685,8.66463,3.7807,4.1004,-5.658,0.677
7.55,686,8.66573,3.7705,4.0977,-5.640,0.729
7.55,687,8.66659,3.7603,4.0947,-5.619,0.783
7.55,688,8.66730,3.7501,4.0917,-5.595,0.835
7.55,689,8.66794,3.7399,4.0886,-5.569,0.888
7.55,690,8.66868,3.7303,4.0869,-5.548,0.936
7.55,691,8.66948,3.7211,4.0830,-5.521,0.982
7.55,692,8.66996,3.7109,4.0792,-5.492,1.032
7.55,693,8.67037,3.7008,4.0754,-5.462,1.082
7.55,694,8.67074,3.6906,4.0713,-5.424,1.132
7.55,695,8.67107,3.6804,4.0669,-5.380,1.181
7.55,696,8.67139,3.6702,4.0620,-5.332,1.230
7.55,697,8.67172,3.6601,4.0560,-5.277,1.280
7.55,698,8.67205,3.6500,4.0480,-5.214,1.331
7.55,699,8.67246,3.6402,4.0364,-5.139,1.383
7.55,700,8.67299,3.6311,4.0187,-5.048,1.434
7.55,701,8.67362,3.6235,3.9911,-4.938,1.478
7.55,702,8.67421,3.6164,3.9620,-4.825,1.521
7.55,703,8.67492,3.6074,3.9458,-4.729,1.580
7.55,704,8.67610,3.5991,3.9674,-4.724,1.642
7.55,705,8.67791,3.5930,3.9978,-4.757,1.687
7.55,706,8.68076,3.5887,4.0198,-4.779,1.720
7.55,707,8.68162,3.5856,4.0387,-4.801,1.745
7.60,202,1.02075,3.7611,-0.0878,4.864,0.792
7.60,204,1.03801,3.7646,-0.0554,4.781,0.777
7.60,206,1.06088,3.7694,-0.0114,4.668,0.757
7.60,208,1.08364,3.7741,0.0327,4.556,0.738
7.60,210,1.10709,3.7792,0.0786,4.439,0.717
7.60,212,1.12984,3.7841,0.1229,4.327,0.697
7.60,214,1.15125,3.7889,0.1648,4.222,0.678
7.60,216,1.17675,3.7949,0.2152,4.095,0.654
7.60,218,1.20982,3.8029,0.2793,3.935,0.622
7.60,220,1.23422,3.8085,0.3234,3.825,0.600
7.60,222,1.26244,3.8145,0.3699,3.710,0.576
7.60,224,1.29395,3.8207,0.4197,3.587,0.552
7.60,226,1.32270,3.8262,0.4642,3.477,0.530
7.60,228,1.35290,3.8320,0.5095,3.366,0.507
7.60,230,1.38135,3.8376,0.5511,3.264,0.486
7.60,232,1.41520,3.8443,0.5987,3.148,0.460
7.60,234,1.44278,3.8499,0.6364,3.057,0.438
7.60,236,1.62513,3.8903,0.8593,2.532,0.280
7.60,238,1.66406,3.8983,0.9023,2.433,0.247
7.60,240,1.70382,3.9062,0.9448,2.336,0.216
7.60,242,1.75152,3.9159,0.9945,2.228,0.177
7.60,244,1.79670,3.9251,1.0402,2.131,0.142
7.60,246,1.84503,3.9352,1.0879,2.035,0.107
7.60,248,1.88814,3.9436,1.1289,1.956,0.080
7.60,250,1.94323,3.9539,1.1800,1.860,0.050
7.60,252,1.99031,3.9623,1.2221,1.783,0.029
7.60,254,2.04311,3.9712,1.2679,1.703,0.008
7.60,256,2.09512,3.9795,1.3116,1.628,-0.009
7.60,258,2.14984,3.9878,1.3561,1.553,-0.025
7.60,260,2.19450,3.9943,1.3915,1.493,-0.037
7.60,262,2.25790,4.0031,1.4405,1.411,-0.052
7.60,264,2.30966,4.0101,1.4793,1.347,-0.063
7.60,266,2.36507,4.0173,1.5199,1.279,-0.074
7.60,268,2.42571,4.0248,1.5632,1.207,-0.084
7.60,270,2.48408,4.0318,1.6037,1.140,-0.093
7.60,272,2.54375,4.0387,1.6442,1.073,-0.102
7.60,274,2.59752,4.0448,1.6799,1.013,-0.109
7.60,276,2.66197,4.0518,1.7216,0.944,-0.117
7.60,278,2.72454,4.0584,1.7611,0.878,-0.124
7.60,280,2.78669,4.0648,1.7996,0.814,-0.131
7.60,282,2.85493,4.0715,1.8399,0.747,-0.137
7.60,284,2.92656,4.0785,1.8820,0.678,-0.144
7.60,286,2.99630,4.0852,1.9231,0.610,-0.151
7.60,288,3.06821,4.0915,1.9626,0.544,-0.156
7.60,290,3.14026,4.0978,2.0022,0.478,-0.162
7.60,292,3.21212,4.1040,2.0414,0.413,-0.168
7.60,294,3.28806,4.1103,2.0807,0.348,-0.173
7.60,296,3.36382,4.1165,2.1200,0.284,-0.179
7.60,298,3.44294,4.1227,2.1598,0.218,-0.184
7.60,300,3.52510,4.1289,2.1999,0.152,-0.190
7.60,302,3.60840,4.1351,2.2406,0.084,-0.195
7.60,304,3.69762,4.1413,2.2819,0.016,-0.200
7.60,306,3.78639,4.1474,2.3233,-0.053,-0.206
7.60,308,3.87910,4.1536,2.3647,-0.122,-0.211
7.60,310,3.97217,4.1597,2.4062,-0.190,-0.216
7.60,312,4.07105,4.1656,2.4471,-0.259,-0.221
7.60,314,4.17236,4.1714,2.4879,-0.327,-0.226
7.60,316,4.27377,4.1771,2.5291,-0.397,-0.231
7.60,318,4.37517,4.1828,2.5705,-0.468,-0.236
7.60,320,4.47610,4.1885,2.6122,-0.539,-0.241
7.60,322,4.57674,4.1941,2.6540,-0.611,-0.246
7.60,324,4.68338,4.1994,2.6954,-0.683,-0.250
7.60,326,4.79141,4.2046,2.7367,-0.756,-0.255
7.60,328,4.91276,4.2101,2.7816,-0.836,-0.260
7.60,330,5.03674,4.2156,2.8272,-0.918,-0.264
7.60,332,5.16395,4.2212,2.8730,-1.000,-0.269
7.60,334,5.29138,4.2264,2.9180,-1.082,-0.274
7.60,336,5.41852,4.2313,2.9628,-1.166,-0.278
7.60,338,5.54168,4.2357,3.0053,-1.246,-0.282
7.60,340,5.67174,4.2403,3.0490,-1.329,-0.286
7.60,342,5.81102,4.2450,3.0950,-1.417,-0.291
7.60,344,5.95337,4.2495,3.1429,-1.510,-0.295
7.60,346,6.09822,4.2538,3.1928,-1.610,-0.299
7.60,348,6.23920,4.2570,3.2415,-1.715,-0.302
7.60,350,6.36537,4.2578,3.2838,-1.817,-0.303
7.60,352,6.51801,4.2592,3.3322,-1.931,-0.304
7.60,353,6.59775,4.2598,3.3574,-1.991,-0.305
7.60,354,6.62694,4.2600,3.3667,-2.014,-0.305
7.60,356,6.68421,4.2602,3.3851,-2.059,-0.306
7.60,358,6.73992,4.2603,3.4032,-2.104,-0.306
7.60,360,6.79401,4.2602,3.4210,-2.149,-0.306
7.60,362,6.84641,4.2600,3.4385,-2.195,-0.306
7.60,364,6.89708,4.2596,3.4556,-2.240,-0.305
7.60,366,6.94590,4.2591,3.4722,-2.285,-0.305
7.60,368,6.99288,4.2584,3.4885,-2.330,-0.305
7.60,370,7.03791,4.2576,3.5043,-2.375,-0.304
7.60,372,7.08102,4.2566,3.5196,-2.420,-0.303
7.60,374,7.12221,4.2554,3.5344,-2.464,-0.302
7.60,376,7.16151,4.2541,3.5488,-2.508,-0.301
7.60,378,7.19902,4.2527,3.5627,-2.551,-0.300
7.60,380,7.24456,4.2512,3.5764,-2.595,-0.299
7.60,382,7.28836,4.2495,3.5898,-2.638,-0.298
7.60,384,7.33017,4.2477,3.6027,-2.681,-0.296
7.60,386,7.37019,4.2459,3.6152,-2.724,-0.294
7.60,388,7.40840,4.2439,3.6272,-2.765,-0.293
7.60,390,7.44520,4.2419,3.6390,-2.807,-0.291
7.60,392,7.48062,4.2399,3.6504,-2.848,-0.289
7.60,394,7.51490,4.2378,3.6617,-2.888,-0.288
7.60,396,7.54837,4.2357,3.6729,-2.929,-0.286
7.60,398,7.58141,4.2337,3.6842,-2.969,-0.284
7.60,400,7.61462,4.2318,3.6958,-3.009,-0.283
7.60,402,7.64895,4.2304,3.7085,-3.049,-0.281
7.60,404,7.68267,4.2303,3.7220,-3.084,-0.281
7.60,406,7.70662,4.2318,3.7328,-3.103,-0.283
7.60,408,7.72435,4.2340,3.7416,-3.112,-0.285
7.60,410,7.73711,4.2368,3.7489,-3.114,-0.287
7.60,412,7.74472,4.2400,3.7545,-3.110,-0.290
7.60,414,7.74977,4.2433,3.7592,-3.102,-0.293
7.60,416,7.75325,4.2467,3.7636,-3.094,-0.296
7.60,418,7.75589,4.2500,3.7679,-3.086,-0.299
7.60,420,7.75783,4.2532,3.7722,-3.078,-0.302
7.60,422,7.75936,4.2564,3.7766,-3.070,-0.305
7.60,424,7.76055,4.2595,3.7812,-3.064,-0.308
7.60,426,7.76150,4.2625,3.7860,-3.059,-0.310
7.60,428,7.76224,4.2654,3.7911,-3.055,-0.313
7.60,430,7.76283,4.2680,3.7961,-3.053,-0.315
7.60,432,7.76330,4.2703,3.8008,-3.052,-0.317
7.60,434,7.76368,4.2721,3.8046,-3.051,-0.319
7.60,436,7.76398,4.2733,3.8069,-3.051,-0.320
7.60,438,7.76422,4.2738,3.8075,-3.049,-0.320
7.60,440,7.76441,4.2739,3.8068,-3.047,-0.320
7.60,442,7.76459,4.2730,3.8029,-3.042,-0.319
7.60,444,7.76474,4.2715,3.7977,-3.037,-0.318
7.60,446,7.76489,4.2697,3.7922,-3.034,-0.317
7.60,448,7.76504,4.2674,3.7861,-3.031,-0.314
7.60,450,7.76518,4.2648,3.7804,-3.032,-0.312
7.60,452,7.76533,4.2619,3.7756,-3.036,-0.310
7.60,454,7.76547,4.2589,3.7721,-3.045,-0.307
7.60,455,7.76568,4.2546,3.7695,-3.063,-0.303
7.60,456,7.76589,4.2501,3.7697,-3.089,-0.299
7.60,457,7.76610,4.2456,3.7723,-3.122,-0.295
7.60,458,7.76631,4.2411,3.7766,-3.159,-0.291
7.60,459,7.76653,4.2366,3.7819,-3.199,-0.287
7.60,460,7.76675,4.2321,3.7876,-3.240,-0.283
7.60,461,7.76697,4.2275,3.7933,-3.281,-0.279
7.60,462,7.76720,4.2229,3.7987,-3.321,-0.274
7.60,463,7.76744,4.2182,3.8036,-3.361,-0.270
7.60,464,7.76768,4.2135,3.8080,-3.399,-0.266
7.60,465,7.76792,4.2087,3.8119,-3.437,-0.262
7.60,466,7.76817,4.2039,3.8154,-3.473,-0.257
7.60,467,7.76842,4.1991,3.8185,-3.509,-0.253
7.60,468,7.76867,4.1943,3.8211,-3.544,-0.248
7.60,469,7.76892,4.1894,3.8234,-3.578,-0.244
7.60,470,7.76917,4.1845,3.8254,-3.611,-0.239
7.60,471,7.76942,4.1796,3.8272,-3.644,-0.235
7.60,472,7.76966,4.1746,3.8287,-3.676,-0.230
7.60,473,7.76991,4.1696,3.8299,-3.708,-0.226
7.60,474,7.77015,4.1647,3.8310,-3.739,-0.221
7.60,475,7.77039,4.1597,3.8318,-3.769,-0.216
7.60,476,7.77063,4.1547,3.8324,-3.799,-0.212
7.60,477,7.77087,4.1496,3.8329,-3.829,-0.207
7.60,478,7.77110,4.1446,3.8332,-3.858,-0.202
7.60,479,7.77132,4.1396,3.8333,-3.887,-0.197
7.60,480,7.77154,4.1345,3.8334,-3.916,-0.193
7.60,481,7.77176,4.1294,3.8333,-3.944,-0.187
7.60,482,7.77197,4.1243,3.8330,-3.971,-0.182
7.60,483,7.77218,4.1193,3.8327,-3.998,-0.177
7.60,484,7.77238,4.1142,3.8322,-4.025,-0.172
7.60,485,7.77258,4.1091,3.8316,-4.051,-0.167
7.60,486,7.77277,4.1040,3.8309,-4.077,-0.162
7.60,487,7.77296,4.0988,3.8301,-4.103,-0.157
7.60,488,7.77315,4.0937,3.8292,-4.128,-0.152
7.60,489,7.77333,4.0886,3.8282,-4.153,-0.147
7.60,490,7.77350,4.0835,3.8271,-4.177,-0.141
7.60,491,7.77368,4.0783,3.8260,-4.201,-0.136
7.60,492,7.77384,4.0732,3.8247,-4.224,-0.131
7.60,493,7.77401,4.0680,3.8234,-4.247,-0.126
7.60,494,7.77416,4.0629,3.8221,-4.270,-0.121
7.60,495,7.77432,4.0577,3.8206,-4.292,-0.115
7.60,496,7.77447,4.0526,3.8191,-4.314,-0.110
7.60,497,7.77461,4.0474,3.8174,-4.335,-0.105
7.60,498,7.77476,4.0422,3.8158,-4.356,-0.100
7.60,499,7.77490,4.0371,3.8140,-4.376,-0.094
7.60,500,7.77503,4.0319,3.8122,-4.396,-0.089
7.60,501,7.77516,4.0267,3.8103,-4.416,-0.084
7.60,502,7.77529,4.0216,3.8084,-4.435,-0.078
7.60,503,7.77541,4.0164,3.8064,-4.454,-0.073
7.60,504,7.77554,4.0112,3.8044,-4.472,-0.068
7.60,505,7.77565,4.0060,3.8023,-4.490,-0.062
7.60,506,7.77577,4.0008,3.8002,-4.507,-0.056
7.60,507,7.77588,3.9957,3.7980,-4.524,-0.050
7.60,508,7.77599,3.9905,3.7958,-4.541,-0.044
7.60,509,7.77610,3.9853,3.7934,-4.557,-0.037
7.60,510,7.77620,3.9801,3.7911,-4.572,-0.031
7.60,511,7.77630,3.9749,3.7886,-4.588,-0.024
7.60,512,7.77640,3.9698,3.7862,-4.603,-0.017
7.60,513,7.77650,3.9646,3.7836,-4.617,-0.009
7.60,514,7.77659,3.9594,3.7811,-4.631,-0.002
7.60,515,7.77668,3.9542,3.7785,-4.644,0.006
7.60,516,7.77677,3.9490,3.7759,-4.657,0.015
7.60,517,7.77686,3.9438,3.7732,-4.670,0.024
7.60,518,7.77695,3.9387,3.7705,-4.681,0.033
7.60,519,7.77703,3.9335,3.7678,-4.691,0.043
7.60,520,7.77711,3.9283,3.7651,-4.701,0.055
7.60,521,7.77719,3.9231,3.7623,-4.709,0.067
7.60,522,7.77726,3.9179,3.7595,-4.717,0.080
7.60,523,7.77734,3.9127,3.7567,-4.723,0.094
7.60,524,7.77741,3.9075,3.7538,-4.727,0.109
7.60,525,7.77748,3.9024,3.7509,-4.731,0.125
7.60,526,7.77755,3.8972,3.7480,-4.734,0.142
7.60,527,7.77762,3.8920,3.7450,-4.735,0.160
7.60,528,7.77768,3.8868,3.7420,-4.736,0.179
7.60,529,7.77775,3.8816,3.7391,-4.736,0.199
7.60,530,7.77781,3.8764,3.7360,-4.735,0.218
7.60,531,7.77787,3.8712,3.7330,-4.732,0.238
7.60,532,7.77793,3.8661,3.7300,-4.729,0.261
7.60,533,7.77799,3.8609,3.7269,-4.725,0.284
7.60,534,7.77804,3.8557,3.7238,-4.721,0.310
7.60,535,7.77810,3.8505,3.7207,-4.715,0.336
7.60,536,7.77815,3.8453,3.7176,-4.709,0.362
7.60,537,7.77820,3.8401,3.7144,-4.703,0.388
7.60,538,7.77825,3.8349,3.7113,-4.696,0.414
7.60,539,7.77830,3.8298,3.7081,-4.689,0.439
7.60,540,7.77835,3.8246,3.7049,-4.681,0.465
7.60,541,7.77839,3.8194,3.7017,-4.672,0.491
7.60,542,7.77844,3.8142,3.6984,-4.663,0.517
7.60,543,7.77848,3.8090,3.6951,-4.654,0.542
7.60,544,7.77853,3.8038,3.6919,-4.644,0.568
7.60,545,7.77857,3.7987,3.6886,-4.633,0.593
7.60,546,7.77861,3.7935,3.6852,-4.621,0.619
7.60,547,7.77865,3.7883,3.6819,-4.609,0.645
7.60,548,7.77869,3.7831,3.6785,-4.596,0.671
7.60,549,7.77873,3.7779,3.6751,-4.582,0.696
7.60,550,7.77877,3.7727,3.6716,-4.568,0.722
7.60,551,7.77880,3.7676,3.6681,-4.553,0.748
7.60,552,7.77884,3.7624,3.6646,-4.537,0.774
7.60,553,7.77887,3.7572,3.6610,-4.521,0.800
7.60,554,7.77891,3.7520,3.6573,-4.505,0.825
7.60,555,7.77894,3.7469,3.6536,-4.489,0.850
7.60,556,7.77897,3.7417,3.6499,-4.473,0.876
7.60,557,7.77900,3.7365,3.6461,-4.456,0.901
7.60,558,7.77903,3.7314,3.6422,-4.439,0.926
7.60,559,7.77906,3.7262,3.6382,-4.422,0.951
7.60,560,7.77909,3.7211,3.6341,-4.404,0.975
7.60,561,7.77912,3.7159,3.6299,-4.383,0.998
7.60,562,7.77915,3.7108,3.6254,-4.361,1.022
7.60,563,7.77918,3.7057,3.6207,-4.336,1.047
7.60,564,7.77922,3.7006,3.6156,-4.310,1.072
7.60,565,7.77925,3.6955,3.6100,-4.282,1.098
7.60,566,7.77928,3.6905,3.6038,-4.252,1.122
7.60,567,7.77932,3.6856,3.5969,-4.220,1.145
7.60,568,7.77936,3.6807,3.5892,-4.184,1.168
7.60,569,7.77941,3.6760,3.5802,-4.146,1.190
7.60,570,7.77947,3.6717,3.5689,-4.102,1.211
7.60,571,7.77953,3.6675,3.5567,-4.056,1.231
7.60,572,7.77960,3.6634,3.5439,-4.008,1.250
7.60,573,7.77967,3.6593,3.5310,-3.960,1.270
7.60,574,7.77975,3.6551,3.5187,-3.911,1.291
7.60,575,7.77983,3.6507,3.5083,-3.866,1.314
7.60,576,7.77992,3.6461,3.5039,-3.834,1.339
7.60,577,7.78000,3.6417,3.5055,-3.818,1.362
7.60,578,7.78007,3.6377,3.5111,-3.812,1.385
7.60,579,7.78013,3.6337,3.5211,-3.818,1.408
7.60,580,7.78019,3.6302,3.5357,-3.835,1.429
7.60,581,7.78023,3.6271,3.5524,-3.860,1.448
7.60,582,7.78027,3.6243,3.5701,-3.889,1.465
7.60,583,7.78030,3.6217,3.5883,-3.920,1.481
7.60,584,7.78034,3.6192,3.6068,-3.953,1.497
7.60,585,7.78037,3.6168,3.6255,-3.986,1.512
7.60,586,7.78040,3.6145,3.6444,-4.019,1.527
7.60,587,7.78043,3.6122,3.6634,-4.053,1.542
7.60,588,7.78047,3.6100,3.6824,-4.087,1.557
7.60,589,7.78050,3.6078,3.7015,-4.121,1.573
7.60,590,7.78054,3.6057,3.7207,-4.154,1.589
7.60,591,7.78059,3.6035,3.7398,-4.187,1.605
7.60,592,7.78065,3.6014,3.7590,-4.219,1.622
7.60,593,7.78073,3.5992,3.7780,-4.251,1.639
7.60,594,7.78086,3.5971,3.7971,-4.284,1.655
7.60,595,7.78106,3.5950,3.8156,-4.315,1.670
7.60,596,7.78131,3.5929,3.8339,-4.345,1.686
7.60,597,7.78159,3.5909,3.8520,-4.375,1.701
7.60,598,7.78191,3.5889,3.8700,-4.405,1.717
7.60,599,7.78229,3.5870,3.8877,-4.434,1.733
7.60,600,7.78271,3.5852,3.9054,-4.463,1.748
7.60,601,7.78315,3.5833,3.9233,-4.492,1.765
7.60,602,7.78363,3.5814,3.9418,-4.521,1.783
7.60,603,7.78421,3.5796,3.9601,-4.550,1.801
7.60,604,7.78509,3.5782,3.9742,-4.572,1.816
7.60,605,7.78786,3.5771,3.9854,-4.590,1.827
7.60,606,7.78835,3.5771,3.9854,-4.590,1.827
7.60,607,7.78893,3.5772,3.9853,-4.590,1.827
7.60,608,7.78960,3.5772,3.9849,-4.590,1.826
7.60,609,7.79032,3.5773,3.9845,-4.589,1.825
7.60,610,7.79106,3.5774,3.9839,-4.589,1.824
7.60,611,7.79182,3.5775,3.9833,-4.588,1.823
7.60,612,7.79260,3.5776,3.9828,-4.588,1.822
7.60,613,7.79342,3.5777,3.9822,-4.587,1.821
7.60,614,7.79428,3.5777,3.9817,-4.587,1.821
7.60,615,7.79516,3.5778,3.9812,-4.586,1.820
7.60,616,7.79604,3.5779,3.9806,-4.586,1.819
7.60,617,7.79689,3.5780,3.9800,-4.585,1.818
7.60,618,7.79774,3.5781,3.9794,-4.584,1.817
7.60,619,7.79859,3.5782,3.9787,-4.584,1.816
7.60,620,7.79944,3.5783,3.9781,-4.583,1.815
7.60,621,7.80029,3.5784,3.9775,-4.582,1.814
7.60,622,7.80118,3.5785,3.9768,-4.582,1.813
7.60,623,7.80208,3.5786,3.9762,-4.581,1.812
7.60,624,7.80298,3.5787,3.9755,-4.580,1.811
7.60,625,7.80387,3.5787,3.9748,-4.579,1.810
7.60,626,7.80474,3.5788,3.9742,-4.579,1.809
7.60,627,7.80560,3.5789,3.9735,-4.578,1.808
7.60,628,7.80645,3.5790,3.9727,-4.577,1.807
7.60,629,7.80731,3.5791,3.9720,-4.576,1.806
7.60,630,7.80817,3.5792,3.9713,-4.575,1.805
7.60,631,7.80902,3.5793,3.9705,-4.574,1.804
7.60,632,7.83552,3.5829,3.9437,-4.539,1.769
7.60,633,7.85805,3.5866,3.9144,-4.497,1.737
7.60,634,7.87870,3.5904,3.8844,-4.452,1.706
7.60,635,7.90006,3.5944,3.8544,-4.407,1.676
7.60,636,7.92612,3.5988,3.8261,-4.368,1.643
7.60,637,7.96482,3.6045,3.8076,-4.363,1.599
7.60,638,7.99202,3.6105,3.8084,-4.405,1.557
7.60,639,8.01855,3.6170,3.8183,-4.469,1.514
7.60,640,8.03704,3.6241,3.8457,-4.578,1.471
7.60,641,8.04271,3.6311,3.8726,-4.684,1.430
7.60,642,8.04492,3.6390,3.8931,-4.775,1.386
7.60,643,8.04615,3.6472,3.9094,-4.854,1.342
7.60,644,8.04703,3.6560,3.9223,-4.925,1.297
7.60,645,8.04751,3.6653,3.9300,-4.982,1.251
7.60,646,8.04785,3.6748,3.9349,-5.030,1.205
7.60,647,8.04815,3.6843,3.9387,-5.072,1.159
7.60,648,8.04842,3.6939,3.9416,-5.109,1.114
7.60,649,8.04869,3.7035,3.9442,-5.140,1.066
7.60,650,8.04897,3.7130,3.9465,-5.165,1.019
7.60,651,8.04927,3.7226,3.9487,-5.189,0.973
7.60,652,8.04961,3.7322,3.9507,-5.211,0.926
7.60,653,8.04999,3.7418,3.9525,-5.231,0.878
7.60,654,8.05044,3.7514,3.9542,-5.251,0.829
7.60,655,8.05098,3.7610,3.9557,-5.269,0.780
7.60,656,8.05168,3.7706,3.9571,-5.286,0.730
7.60,657,8.05263,3.7802,3.9587,-5.301,0.681
7.60,658,8.05401,3.7898,3.9605,-5.313,0.632
7.60,659,8.05589,3.7994,3.9630,-5.324,0.584
7.60,660,8.05787,3.8090,3.9657,-5.335,0.535
7.60,661,8.05980,3.8186,3.9686,-5.344,0.485
7.60,662,8.06194,3.8283,3.9714,-5.352,0.435
7.60,663,8.06488,3.8379,3.9750,-5.358,0.390
7.60,664,8.06836,3.8475,3.9800,-5.365,0.345
7.60,665,8.07207,3.8572,3.9848,-5.373,0.298
7.60,666,8.07676,3.8669,3.9898,-5.379,0.251
7.60,667,8.08342,3.8766,3.9960,-5.387,0.209
7.60,668,8.09144,3.8864,4.0030,-5.391,0.173
7.60,669,8.09788,3.8961,4.0099,-5.392,0.139
7.60,670,8.10534,3.9059,4.0162,-5.387,0.109
7.60,671,8.12965,3.9065,4.0272,-5.414,0.107
7.60,672,8.14658,3.8976,4.0331,-5.447,0.134
7.60,673,8.15658,3.8883,4.0349,-5.468,0.165
7.60,674,8.16223,3.8788,4.0346,-5.481,0.200
7.60,675,8.16890,3.8694,4.0340,-5.488,0.238
7.60,676,8.17411,3.8599,4.0330,-5.492,0.284
7.60,677,8.17795,3.8503,4.0315,-5.493,0.331
7.60,678,8.18169,3.8407,4.0301,-5.494,0.375
7.60,679,8.18511,3.8311,4.0287,-5.495,0.419
7.60,680,8.18791,3.8214,4.0267,-5.491,0.468
7.60,681,8.19014,3.8118,4.0243,-5.483,0.519
7.60,682,8.19199,3.8021,4.0219,-5.474,0.569
7.60,683,8.19361,3.7924,4.0195,-5.463,0.618
7.60,684,8.19504,3.7827,4.0169,-5.450,0.667
7.60,685,8.19644,3.7731,4.0148,-5.434,0.717
7.60,686,8.19805,3.7634,4.0124,-5.415,0.767
7.60,687,8.19918,3.7537,4.0094,-5.394,0.817
7.60,688,8.20009,3.7440,4.0063,-5.370,0.867
7.60,689,8.20090,3.7343,4.0035,-5.346,0.916
7.60,690,8.20201,3.7260,4.0040,-5.333,0.957
7.60,691,8.20335,3.7187,3.9997,-5.309,0.993
7.60,692,8.20400,3.7090,3.9955,-5.280,1.040
7.60,693,8.20450,3.6993,3.9915,-5.249,1.088
7.60,694,8.20495,3.6896,3.9874,-5.212,1.135
7.60,695,8.20536,3.6800,3.9831,-5.169,1.181
7.60,696,8.20576,3.6703,3.9781,-5.122,1.228
7.60,697,8.20617,3.6607,3.9719,-5.069,1.275
7.60,698,8.20659,3.6511,3.9637,-5.008,1.323
7.60,699,8.20713,3.6419,3.9515,-4.935,1.372
7.60,700,8.20782,3.6335,3.9329,-4.846,1.418
7.60,701,8.20853,3.6263,3.9067,-4.742,1.460
7.60,702,8.20923,3.6192,3.8800,-4.636,1.502
7.60,703,8.21012,3.6105,3.8676,-4.553,1.558
7.60,704,8.21214,3.6026,3.8879,-4.551,1.615
7.60,705,8.21475,3.5970,3.9141,-4.576,1.657
7.60,706,8.21718,3.5930,3.9351,-4.599,1.687
7.60,707,8.21796,3.5899,3.9535,-4.622,1.710
7.65,202,0.96616,3.7480,-0.1945,5.142,0.847
7.65,204,0.99860,3.7558,-0.1302,4.974,0.814
7.65,206,1.02322,3.7614,-0.0818,4.849,0.791
7.65,208,1.04018,3.7651,-0.0483,4.763,0.775
7.65,210,1.06341,3.7702,-0.0025,4.646,0.754
7.65,212,1.08615,3.7753,0.0421,4.532,0.733
7.65,214,1.10985,3.7806,0.0889,4.413,0.711
7.65,216,1.13203,3.7857,0.1326,4.303,0.691
7.65,218,1.15355,3.7907,0.1751,4.196,0.671
7.65,220,1.17955,3.7969,0.2260,4.068,0.646
7.65,222,1.21357,3.8046,0.2882,3.913,0.615
7.65,224,1.23738,3.8096,0.3285,3.813,0.596
7.65,226,1.26741,3.8156,0.3775,3.691,0.572
7.65,228,1.29992,3.8219,0.4294,3.563,0.547
7.65,230,1.32942,3.8276,0.4748,3.451,0.525
7.65,232,1.35718,3.8329,0.5164,3.349,0.504
7.65,234,1.38769,3.8389,0.5606,3.241,0.481
7.65,236,1.42133,3.8456,0.6078,3.126,0.454
7.65,238,1.44829,3.8511,0.6442,3.038,0.433
7.65,240,1.62815,3.8910,0.8632,2.523,0.277
7.65,242,1.66739,3.8990,0.9064,2.423,0.244
7.65,244,1.70668,3.9069,0.9483,2.328,0.213
7.65,246,1.75395,3.9164,0.9975,2.221,0.175
7.65,248,1.79938,3.9257,1.0435,2.124,0.140
7.65,250,1.84688,3.9355,1.0903,2.030,0.105
7.65,252,1.89052,3.9440,1.1317,1.950,0.078
7.65,254,1.94634,3.9544,1.1835,1.853,0.049
7.65,256,1.99132,3.9623,1.2236,1.780,0.029
7.65,258,2.04613,3.9715,1.2711,1.696,0.008
7.65,260,2.09550,3.9793,1.3126,1.625,-0.009
7.65,262,2.15142,3.9877,1.3582,1.547,-0.025
7.65,264,2.19683,3.9942,1.3942,1.486,-0.037
7.65,266,2.25970,4.0030,1.4428,1.405,-0.052
7.65,268,2.31197,4.0099,1.4820,1.339,-0.063
7.65,270,2.36696,4.0170,1.5223,1.272,-0.073
7.65,272,2.42806,4.0246,1.5660,1.199,-0.084
7.65,274,2.48426,4.0313,1.6051,1.134,-0.092
7.65,276,2.54451,4.0383,1.6461,1.065,-0.101
7.65,278,2.59739,4.0442,1.6813,1.007,-0.108
7.65,280,2.66218,4.0512,1.7234,0.936,-0.116
7.65,282,2.72486,4.0577,1.7632,0.869,-0.124
7.65,284,2.78718,4.0642,1.8019,0.805,-0.130
7.65,286,2.85546,4.0708,1.8424,0.737,-0.137
7.65,288,2.92647,4.0776,1.8843,0.668,-0.143
7.65,290,2.99654,4.0844,1.9258,0.599,-0.150
7.65,292,3.06736,4.0906,1.9650,0.533,-0.156
7.65,294,3.14007,4.0969,2.0051,0.466,-0.161
7.65,296,3.21212,4.1031,2.0447,0.400,-0.167
7.65,298,3.28738,4.1093,2.0839,0.335,-0.172
7.65,300,3.36305,4.1155,2.1235,0.269,-0.178
7.65,302,3.44265,4.1217,2.1638,0.202,-0.183
7.65,304,3.52557,4.1278,2.2047,0.134,-0.189
7.65,306,3.60906,4.1340,2.2458,0.065,-0.194
7.65,308,3.69772,4.1401,2.2873,-0.004,-0.199
7.65,310,3.78623,4.1462,2.3290,-0.074,-0.205
7.65,312,3.87848,4.1523,2.3707,-0.144,-0.210
7.65,314,3.97087,4.1583,2.4123,-0.214,-0.215
7.65,316,4.06950,4.1641,2.4537,-0.284,-0.220
7.65,318,4.17094,4.1698,2.4952,-0.355,-0.225
7.65,320,4.27190,4.1754,2.5368,-0.426,-0.230
7.65,322,4.37264,4.1810,2.5786,-0.499,-0.235
7.65,324,4.47333,4.1865,2.6209,-0.572,-0.239
7.65,326,4.57364,4.1919,2.6634,-0.647,-0.244
7.65,328,4.67926,4.1971,2.7053,-0.722,-0.248
7.65,330,4.78688,4.2022,2.7473,-0.797,-0.253
7.65,332,4.90719,4.2074,2.7929,-0.881,-0.257
7.65,334,5.03021,4.2125,2.8393,-0.967,-0.262
7.65,336,5.15642,4.2178,2.8859,-1.053,-0.267
7.65,338,5.28300,4.2227,2.9322,-1.140,-0.271
7.65,340,5.40931,4.2271,2.9782,-1.229,-0.275
7.65,342,5.53055,4.2311,3.0215,-1.314,-0.279
7.65,344,5.65828,4.2350,3.0664,-1.404,-0.282
7.65,346,5.79773,4.2390,3.1143,-1.501,-0.286
7.65,348,5.93877,4.2427,3.1641,-1.604,-0.289
7.65,350,6.08011,4.2458,3.2153,-1.715,-0.292
7.65,352,6.21761,4.2478,3.2660,-1.831,-0.294
7.65,353,6.27636,4.2475,3.2866,-1.885,-0.294
7.65,354,6.29818,4.2474,3.2943,-1.905,-0.294
7.65,356,6.34103,4.2470,3.3096,-1.946,-0.294
7.65,358,6.38282,4.2464,3.3246,-1.987,-0.293
7.65,360,6.43146,4.2461,3.3412,-2.031,-0.293
7.65,362,6.48422,4.2458,3.3587,-2.077,-0.293
7.65,364,6.53524,4.2454,3.3759,-2.123,-0.293
7.65,366,6.58433,4.2449,3.3926,-2.168,-0.292
7.65,368,6.63154,4.2441,3.4089,-2.214,-0.292
7.65,370,6.67673,4.2432,3.4247,-2.259,-0.291
7.65,372,6.71999,4.2422,3.4400,-2.304,-0.290
7.65,374,6.76123,4.2410,3.4548,-2.348,-0.289
7.65,376,6.80059,4.2396,3.4691,-2.392,-0.288
7.65,378,6.83808,4.2381,3.4829,-2.436,-0.287
7.65,380,6.87386,4.2365,3.4963,-2.479,-0.286
7.65,382,6.90809,4.2348,3.5092,-2.522,-0.284
7.65,384,6.94084,4.2329,3.5218,-2.564,-0.283
7.65,386,6.97223,4.2310,3.5339,-2.606,-0.281
7.65,388,7.00228,4.2291,3.5457,-2.647,-0.279
7.65,390,7.03126,4.2270,3.5573,-2.688,-0.278
7.65,392,7.05921,4.2249,3.5685,-2.729,-0.276
7.65,394,7.08635,4.2228,3.5797,-2.769,-0.274
7.65,396,7.11295,4.2207,3.5908,-2.810,-0.272
7.65,398,7.13935,4.2187,3.6021,-2.850,-0.271
7.65,400,7.16613,4.2168,3.6140,-2.891,-0.269
7.65,402,7.19411,4.2156,3.6271,-2.931,-0.268
7.65,404,7.22740,4.2161,3.6415,-2.965,-0.268
7.65,406,7.24870,4.2186,3.6520,-2.976,-0.271
7.65,408,7.26086,4.2217,3.6592,-2.976,-0.273
7.65,410,7.26879,4.2250,3.6650,-2.972,-0.276
7.65,412,7.27396,4.2284,3.6699,-2.964,-0.279
7.65,414,7.27770,4.2318,3.6744,-2.956,-0.283
7.65,416,7.28042,4.2352,3.6787,-2.947,-0.286
7.65,418,7.28252,4.2385,3.6831,-2.938,-0.289
7.65,420,7.28410,4.2419,3.6876,-2.930,-0.291
7.65,422,7.28535,4.2451,3.6923,-2.923,-0.294
7.65,424,7.28635,4.2482,3.6972,-2.918,-0.297
7.65,426,7.28713,4.2512,3.7024,-2.914,-0.300
7.65,428,7.28775,4.2540,3.7077,-2.911,-0.302
7.65,430,7.28825,4.2565,3.7130,-2.910,-0.305
7.65,432,7.28864,4.2586,3.7177,-2.910,-0.306
7.65,434,7.28896,4.2601,3.7212,-2.910,-0.308
7.65,436,7.28921,4.2609,3.7226,-2.909,-0.309
7.65,438,7.28941,4.2609,3.7217,-2.906,-0.309
7.65,440,7.28957,4.2605,3.7194,-2.903,-0.308
7.65,442,7.28973,4.2588,3.7132,-2.897,-0.307
7.65,444,7.28988,4.2567,3.7060,-2.891,-0.305
7.65,446,7.29002,4.2542,3.6988,-2.887,-0.302
7.65,448,7.29016,4.2515,3.6922,-2.886,-0.300
7.65,450,7.29031,4.2486,3.6867,-2.889,-0.297
7.65,452,7.29046,4.2454,3.6826,-2.897,-0.295
7.65,454,7.29061,4.2422,3.6801,-2.909,-0.292
7.65,455,7.29081,4.2378,3.6798,-2.934,-0.288
7.65,456,7.29102,4.2333,3.6823,-2.967,-0.284
7.65,457,7.29124,4.2290,3.6871,-3.004,-0.280
7.65,458,7.29145,4.2246,3.6931,-3.045,-0.276
7.65,459,7.29167,4.2203,3.6997,-3.087,-0.272
7.65,460,7.29190,4.2159,3.7061,-3.129,-0.268
7.65,461,7.29214,4.2115,3.7120,-3.169,-0.264
7.65,462,7.29238,4.2070,3.7174,-3.209,-0.260
7.65,463,7.29263,4.2024,3.7221,-3.247,-0.256
7.65,464,7.29289,4.1978,3.7261,-3.284,-0.252
7.65,465,7.29314,4.1932,3.7297,-3.320,-0.247
7.65,466,7.29341,4.1885,3.7328,-3.355,-0.243
7.65,467,7.29367,4.1838,3.7356,-3.389,-0.239
7.65,468,7.29394,4.1791,3.7379,-3.422,-0.235
7.65,469,7.29420,4.1743,3.7400,-3.455,-0.230
7.65,470,7.29447,4.1696,3.7417,-3.487,-0.226
7.65,471,7.29473,4.1648,3.7432,-3.518,-0.221
7.65,472,7.29500,4.1600,3.7445,-3.549,-0.217
7.65,473,7.29526,4.1551,3.7456,-3.579,-0.212
7.65,474,7.29552,4.1503,3.7464,-3.609,-0.208
7.65,475,7.29578,4.1454,3.7470,-3.638,-0.203
7.65,476,7.29603,4.1405,3.7475,-3.667,-0.199
7.65,477,7.29628,4.1357,3.7478,-3.695,-0.194
7.65,478,7.29653,4.1307,3.7480,-3.723,-0.189
7.65,479,7.29677,4.1258,3.7480,-3.750,-0.185
7.65,480,7.29700,4.1209,3.7479,-3.778,-0.180
7.65,481,7.29723,4.1160,3.7477,-3.804,-0.175
7.65,482,7.29746,4.1110,3.7474,-3.830,-0.170
7.65,483,7.29768,4.1061,3.7469,-3.856,-0.165
7.65,484,7.29790,4.1011,3.7463,-3.881,-0.160
7.65,485,7.29811,4.0962,3.7456,-3.906,-0.155
7.65,486,7.29832,4.0912,3.7448,-3.930,-0.150
7.65,487,7.29852,4.0862,3.7439,-3.954,-0.145
7.65,488,7.29871,4.0812,3.7429,-3.978,-0.140
7.65,489,7.29891,4.0762,3.7418,-4.001,-0.135
7.65,490,7.29909,4.0712,3.7407,-4.024,-0.130
7.65,491,7.29927,4.0662,3.7394,-4.046,-0.125
7.65,492,7.29945,4.0612,3.7381,-4.068,-0.120
7.65,493,7.29963,4.0562,3.7367,-4.090,-0.115
7.65,494,7.29979,4.0512,3.7352,-4.111,-0.110
7.65,495,7.29996,4.0462,3.7337,-4.131,-0.105
7.65,496,7.30012,4.0411,3.7321,-4.152,-0.100
7.65,497,7.30027,4.0361,3.7304,-4.172,-0.094
7.65,498,7.30042,4.0311,3.7286,-4.191,-0.089
7.65,499,7.30057,4.0261,3.7268,-4.210,-0.084
7.65,500,7.30072,4.0210,3.7249,-4.229,-0.079
7.65,501,7.30086,4.0160,3.7230,-4.247,-0.074
7.65,502,7.30099,4.0110,3.7210,-4.264,-0.068
7.65,503,7.30112,4.0059,3.7190,-4.282,-0.063
7.65,504,7.30125,4.0009,3.7169,-4.299,-0.057
7.65,505,7.30138,3.9958,3.7148,-4.316,-0.052
7.65,506,7.30150,3.9908,3.7126,-4.332,-0.046
7.65,507,7.30162,3.9858,3.7103,-4.348,-0.040
7.65,508,7.30174,3.9807,3.7080,-4.363,-0.033
7.65,509,7.30185,3.9757,3.7056,-4.378,-0.027
7.65,510,7.30196,3.9706,3.7032,-4.392,-0.020
7.65,511,7.30207,3.9656,3.7006,-4.406,-0.012
7.65,512,7.30218,3.9605,3.6981,-4.420,-0.005
7.65,513,7.30228,3.9555,3.6955,-4.433,0.003
7.65,514,7.30238,3.9505,3.6928,-4.445,0.011
7.65,515,7.30248,3.9454,3.6902,-4.457,0.020
7.65,516,7.30257,3.9404,3.6875,-4.468,0.030
7.65,517,7.30266,3.9353,3.6847,-4.478,0.040
7.65,518,7.30275,3.9303,3.6820,-4.487,0.051
7.65,519,7.30284,3.9252,3.6792,-4.496,0.062
7.65,520,7.30293,3.9202,3.6763,-4.503,0.075
7.65,521,7.30301,3.9151,3.6735,-4.509,0.089
7.65,522,7.30309,3.9101,3.6706,-4.514,0.103
7.65,523,7.30317,3.9050,3.6677,-4.517,0.119
7.65,524,7.30325,3.9000,3.6648,-4.520,0.135
7.65,525,7.30332,3.8949,3.6618,-4.522,0.152
7.65,526,7.30339,3.8899,3.6588,-4.522,0.170
7.65,527,7.30347,3.8848,3.6558,-4.522,0.189
7.65,528,7.30353,3.8798,3.6527,-4.521,0.208
7.65,529,7.30360,3.8747,3.6497,-4.519,0.227
7.65,530,7.30367,3.8697,3.6466,-4.517,0.248
7.65,531,7.30373,3.8646,3.6435,-4.513,0.270
7.65,532,7.30380,3.8596,3.6403,-4.509,0.293
7.65,533,7.30386,3.8546,3.6372,-4.504,0.318
7.65,534,7.30392,3.8495,3.6340,-4.498,0.343
7.65,535,7.30397,3.8445,3.6308,-4.492,0.368
7.65,536,7.30403,3.8394,3.6276,-4.485,0.394
7.65,537,7.30409,3.8344,3.6244,-4.478,0.419
7.65,538,7.30414,3.8293,3.6212,-4.471,0.444
7.65,539,7.30419,3.8243,3.6179,-4.463,0.469
7.65,540,7.30424,3.8192,3.6147,-4.454,0.494
7.65,541,7.30429,3.8142,3.6114,-4.445,0.519
7.65,542,7.30434,3.8091,3.6081,-4.435,0.543
7.65,543,7.30439,3.8041,3.6048,-4.425,0.568
7.65,544,7.30443,3.7990,3.6014,-4.414,0.593
7.65,545,7.30448,3.7940,3.5981,-4.403,0.617
7.65,546,7.30452,3.7889,3.5947,-4.390,0.643
7.65,547,7.30456,3.7839,3.5913,-4.377,0.668
7.65,548,7.30461,3.7789,3.5878,-4.363,0.693
7.65,549,7.30465,3.7738,3.5844,-4.349,0.718
7.65,550,7.30469,3.7688,3.5809,-4.335,0.743
7.65,551,7.30472,3.7637,3.5774,-4.319,0.768
7.65,552,7.30476,3.7587,3.5738,-4.304,0.793
7.65,553,7.30480,3.7537,3.5702,-4.289,0.817
7.65,554,7.30484,3.7486,3.5665,-4.274,0.842
7.65,555,7.30487,3.7436,3.5628,-4.258,0.866
7.65,556,7.30491,3.7386,3.5591,-4.242,0.890
7.65,557,7.30494,3.7335,3.5553,-4.225,0.915
7.65,558,7.30497,3.7285,3.5513,-4.208,0.939
7.65,559,7.30501,3.7235,3.5474,-4.191,0.963
7.65,560,7.30504,3.7185,3.5433,-4.171,0.985
7.65,561,7.30507,3.7135,3.5390,-4.150,1.008
7.65,562,7.30510,3.7085,3.5345,-4.127,1.032
7.65,563,7.30514,3.7035,3.5297,-4.102,1.057
7.65,564,7.30517,3.6985,3.5244,-4.076,1.081
7.65,565,7.30521,3.6937,3.5185,-4.047,1.105
7.65,566,7.30525,3.6888,3.5119,-4.017,1.128
7.65,567,7.30529,3.6840,3.5045,-3.983,1.150
7.65,568,7.30534,3.6794,3.4961,-3.947,1.172
7.65,569,7.30540,3.6749,3.4863,-3.907,1.193
7.65,570,7.30547,3.6709,3.4736,-3.861,1.212
7.65,571,7.30555,3.6672,3.4601,-3.813,1.230
7.65,572,7.30562,3.6634,3.4463,-3.764,1.248
7.65,573,7.30570,3.6596,3.4327,-3.715,1.267
7.65,574,7.30579,3.6555,3.4206,-3.668,1.287
7.65,575,7.30589,3.6510,3.4122,-3.627,1.311
7.65,576,7.30599,3.6460,3.4122,-3.605,1.338
7.65,577,7.30608,3.6416,3.4203,-3.604,1.362
7.65,578,7.30614,3.6378,3.4326,-3.617,1.383
7.65,579,7.30620,3.6345,3.4473,-3.637,1.403
7.65,580,7.30625,3.6315,3.4636,-3.662,1.420
7.65,581,7.30629,3.6287,3.4809,-3.690,1.437
7.65,582,7.30633,3.6262,3.4986,-3.721,1.453
7.65,583,7.30637,3.6237,3.5166,-3.753,1.468
7.65,584,7.30640,3.6214,3.5348,-3.785,1.483
7.65,585,7.30644,3.6191,3.5532,-3.818,1.497
7.65,586,7.30647,3.6169,3.5717,-3.852,1.511
7.65,587,7.30651,3.6148,3.5902,-3.885,1.525
7.65,588,7.30655,3.6126,3.6088,-3.919,1.539
7.65,589,7.30659,3.6105,3.6275,-3.953,1.554
7.65,590,7.30664,3.6084,3.6462,-3.986,1.568
7.65,591,7.30670,3.6063,3.6648,-4.019,1.583
7.65,592,7.30677,3.6043,3.6835,-4.052,1.599
7.65,593,7.30687,3.6022,3.7021,-4.083,1.615
7.65,594,7.30704,3.6001,3.7205,-4.114,1.631
7.65,595,7.30730,3.5981,3.7384,-4.144,1.647
7.65,596,7.30763,3.5961,3.7558,-4.173,1.662
7.65,597,7.30799,3.5942,3.7730,-4.202,1.676
7.65,598,7.30837,3.5923,3.7901,-4.230,1.691
7.65,599,7.30880,3.5905,3.8073,-4.260,1.704
7.65,600,7.30922,3.5887,3.8246,-4.289,1.719
7.65,601,7.30968,3.5869,3.8422,-4.319,1.733
7.65,602,7.31017,3.5851,3.8604,-4.349,1.749
7.65,603,7.31076,3.5833,3.8780,-4.378,1.765
7.65,604,7.31165,3.5820,3.8913,-4.400,1.777
7.65,605,7.31432,3.5810,3.9019,-4.418,1.787
7.65,606,7.31480,3.5810,3.9020,-4.418,1.787
7.65,607,7.31539,3.5811,3.9019,-4.418,1.786
7.65,608,7.31606,3.5811,3.9015,-4.418,1.786
7.65,609,7.31680,3.5812,3.9011,-4.417,1.785
7.65,610,7.31755,3.5813,3.9005,-4.417,1.784
7.65,611,7.31833,3.5814,3.8999,-4.416,1.783
7.65,612,7.31914,3.5815,3.8993,-4.415,1.782
7.65,613,7.31999,3.5815,3.8987,-4.415,1.782
7.65,614,7.32090,3.5816,3.8982,-4.414,1.781
7.65,615,7.32183,3.5817,3.8977,-4.414,1.780
7.65,616,7.32275,3.5818,3.8972,-4.413,1.779
7.65,617,7.32363,3.5819,3.8966,-4.412,1.778
7.65,618,7.32451,3.5820,3.8959,-4.411,1.777
7.65,619,7.32538,3.5821,3.8953,-4.411,1.776
7.65,620,7.32625,3.5822,3.8946,-4.410,1.776
7.65,621,7.32713,3.5823,3.8939,-4.409,1.775
7.65,622,7.32804,3.5824,3.8933,-4.408,1.774
7.65,623,7.32898,3.5825,3.8926,-4.408,1.773
7.65,624,7.32992,3.5826,3.8920,-4.407,1.772
7.65,625,7.33085,3.5827,3.8913,-4.406,1.771
7.65,626,7.33177,3.5828,3.8906,-4.405,1.770
7.65,627,7.33267,3.5829,3.8899,-4.404,1.769
7.65,628,7.33354,3.5830,3.8891,-4.403,1.768
7.65,629,7.33444,3.5831,3.8884,-4.402,1.767
7.65,630,7.33534,3.5832,3.8876,-4.401,1.766
7.65,631,7.33623,3.5833,3.8868,-4.400,1.765
7.65,632,7.36153,3.5866,3.8617,-4.365,1.737
7.65,633,7.38267,3.5900,3.8341,-4.324,1.708
7.65,634,7.40181,3.5936,3.8055,-4.279,1.681
7.65,635,7.42084,3.5973,3.7767,-4.234,1.653
7.65,636,7.44257,3.6012,3.7488,-4.193,1.623
7.65,637,7.46997,3.6058,3.7248,-4.165,1.588
7.65,638,7.49853,3.6110,3.7104,-4.163,1.552
7.65,639,7.53617,3.6175,3.7082,-4.197,1.509
7.65,640,7.56299,3.6247,3.7331,-4.300,1.466
7.65,641,7.57099,3.6312,3.7603,-4.403,1.428
7.65,642,7.57412,3.6379,3.7840,-4.497,1.390
7.65,643,7.57584,3.6451,3.8048,-4.583,1.351
7.65,644,7.57707,3.6530,3.8217,-4.661,1.310
7.65,645,7.57772,3.6617,3.8314,-4.721,1.267
7.65,646,7.57816,3.6706,3.8373,-4.771,1.223
7.65,647,7.57853,3.6797,3.8416,-4.813,1.179
7.65,648,7.57886,3.6887,3.8448,-4.851,1.137
7.65,649,7.57918,3.6978,3.8475,-4.884,1.093
7.65,650,7.57952,3.7069,3.8500,-4.912,1.047
7.65,651,7.57988,3.7160,3.8522,-4.936,1.003
7.65,652,7.58028,3.7251,3.8544,-4.959,0.960
7.65,653,7.58074,3.7341,3.8564,-4.978,0.915
7.65,654,7.58128,3.7432,3.8582,-4.997,0.870
7.65,655,7.58195,3.7523,3.8599,-5.015,0.824
7.65,656,7.58283,3.7615,3.8616,-5.032,0.778
7.65,657,7.58408,3.7706,3.8637,-5.051,0.731
7.65,658,7.58593,3.7797,3.8664,-5.069,0.684
7.65,659,7.58850,3.7888,3.8700,-5.085,0.639
7.65,660,7.59113,3.7979,3.8741,-5.100,0.593
7.65,661,7.59358,3.8070,3.8783,-5.115,0.547
7.65,662,7.59605,3.8161,3.8821,-5.127,0.500
7.65,663,7.59911,3.8253,3.8864,-5.138,0.453
7.65,664,7.60241,3.8344,3.8916,-5.150,0.408
7.65,665,7.60585,3.8436,3.8965,-5.158,0.365
7.65,666,7.61068,3.8528,3.9014,-5.166,0.320
7.65,667,7.61834,3.8620,3.9083,-5.178,0.275
7.65,668,7.62732,3.8713,3.9159,-5.191,0.232
7.65,669,7.63444,3.8805,3.9234,-5.200,0.196
7.65,670,7.64103,3.8898,3.9299,-5.203,0.162
7.65,671,7.65995,3.8919,3.9387,-5.221,0.154
7.65,672,7.67569,3.8833,3.9441,-5.248,0.185
7.65,673,7.68746,3.8747,3.9470,-5.266,0.217
7.65,674,7.69329,3.8657,3.9467,-5.272,0.257
7.65,675,7.70003,3.8568,3.9468,-5.278,0.300
7.65,676,7.70562,3.8477,3.9463,-5.281,0.344
7.65,677,7.70956,3.8387,3.9447,-5.281,0.387
7.65,678,7.71283,3.8296,3.9428,-5.280,0.429
7.65,679,7.71587,3.8204,3.9414,-5.276,0.476
7.65,680,7.71860,3.8113,3.9396,-5.270,0.524
7.65,681,7.72097,3.8021,3.9375,-5.262,0.570
7.65,682,7.72303,3.7929,3.9353,-5.251,0.617
7.65,683,7.72488,3.7838,3.9331,-5.240,0.663
7.65,684,7.72654,3.7746,3.9308,-5.225,0.710
7.65,685,7.72826,3.7654,3.9291,-5.208,0.757
7.65,686,7.73037,3.7562,3.9272,-5.190,0.804
7.65,687,7.73178,3.7470,3.9240,-5.168,0.851
7.65,688,7.73288,3.7378,3.9210,-5.146,0.898
7.65,689,7.73385,3.7286,3.9184,-5.124,0.944
7.65,690,7.73534,3.7217,3.9211,-5.119,0.977
7.65,691,7.73723,3.7163,3.9163,-5.096,1.003
7.65,692,7.73803,3.7071,3.9118,-5.067,1.048
7.65,693,7.73864,3.6979,3.9077,-5.035,1.093
7.65,694,7.73917,3.6887,3.9036,-4.999,1.138
7.65,695,7.73965,3.6795,3.8992,-4.957,1.181
7.65,696,7.74013,3.6704,3.8941,-4.912,1.226
7.65,697,7.74062,3.6612,3.8878,-4.861,1.270
7.65,698,7.74112,3.6522,3.8794,-4.802,1.315
7.65,699,7.74180,3.6436,3.8666,-4.731,1.361
7.65,700,7.74264,3.6358,3.8470,-4.644,1.403
7.65,701,7.74345,3.6290,3.8223,-4.546,1.442
7.65,702,7.74424,3.6221,3.7980,-4.447,1.483
7.65,703,7.74532,3.6135,3.7894,-4.376,1.536
7.65,704,7.74818,3.6061,3.8084,-4.376,1.588
7.65,705,7.75160,3.6010,3.8304,-4.395,1.626
7.65,706,7.75361,3.5972,3.8504,-4.418,1.655
7.65,707,7.75430,3.5942,3.8684,-4.441,1.677
7.70,202,0.92002,3.7352,-0.2909,5.399,0.902
7.70,204,0.94548,3.7419,-0.2386,5.259,0.873
7.70,206,0.97045,3.7486,-0.1864,5.121,0.844
7.70,208,1.00302,3.7567,-0.1199,4.948,0.810
7.70,210,1.02557,3.7620,-0.0747,4.831,0.788
7.70,212,1.04321,3.7661,-0.0394,4.740,0.771
7.70,214,1.06616,3.7713,0.0063,4.623,0.749
7.70,216,1.08853,3.7765,0.0507,4.510,0.728
7.70,218,1.11257,3.7821,0.0987,4.388,0.705
7.70,220,1.13414,3.7872,0.1414,4.280,0.685
7.70,222,1.15599,3.7923,0.1841,4.173,0.664
7.70,224,1.18372,3.7986,0.2360,4.043,0.639
7.70,226,1.21773,3.8058,0.2955,3.895,0.611
7.70,228,1.24082,3.8104,0.3343,3.798,0.592
7.70,230,1.27272,3.8166,0.3865,3.669,0.568
7.70,232,1.30480,3.8229,0.4375,3.543,0.543
7.70,234,1.33600,3.8289,0.4854,3.425,0.519
7.70,236,1.36240,3.8340,0.5246,3.329,0.500
7.70,238,1.39353,3.8401,0.5695,3.220,0.476
7.70,240,1.42664,3.8467,0.6155,3.108,0.450
7.70,242,1.45425,3.8524,0.6527,3.017,0.428
7.70,244,1.63129,3.8917,0.8672,2.513,0.274
7.70,246,1.67063,3.8997,0.9104,2.414,0.241
7.70,248,1.70946,3.9075,0.9519,2.320,0.211
7.70,250,1.75703,3.9171,1.0013,2.213,0.173
7.70,252,1.80254,3.9264,1.0473,2.116,0.137
7.70,254,1.84854,3.9359,1.0926,2.025,0.104
7.70,256,1.89239,3.9443,1.1342,1.945,0.077
7.70,258,1.94905,3.9548,1.1867,1.846,0.048
7.70,260,1.99372,3.9626,1.2265,1.773,0.028
7.70,262,2.04896,3.9717,1.2743,1.689,0.007
7.70,264,2.09854,3.9795,1.3160,1.617,-0.009
7.70,266,2.15407,3.9878,1.3612,1.540,-0.025
7.70,268,2.19868,3.9941,1.3965,1.480,-0.037
7.70,270,2.25941,4.0025,1.4436,1.401,-0.051
7.70,272,2.31378,4.0097,1.4844,1.332,-0.063
7.70,274,2.36900,4.0167,1.5250,1.264,-0.073
7.70,276,2.42907,4.0242,1.5681,1.192,-0.083
7.70,278,2.48483,4.0308,1.6070,1.127,-0.092
7.70,280,2.54484,4.0377,1.6480,1.058,-0.101
7.70,282,2.59750,4.0435,1.6831,0.999,-0.108
7.70,284,2.66259,4.0506,1.7256,0.927,-0.116
7.70,286,2.72499,4.0570,1.7653,0.860,-0.123
7.70,288,2.78766,4.0634,1.8044,0.795,-0.129
7.70,290,2.85652,4.0701,1.8455,0.726,-0.136
7.70,292,2.92613,4.0768,1.8868,0.657,-0.143
7.70,294,2.99631,4.0835,1.9287,0.587,-0.149
7.70,296,3.06793,4.0897,1.9685,0.520,-0.155
7.70,298,3.13893,4.0958,2.0080,0.453,-0.160
7.70,300,3.21161,4.1020,2.0482,0.385,-0.166
7.70,302,3.28740,4.1082,2.0880,0.319,-0.171
7.70,304,3.36337,4.1144,2.1281,0.252,-0.177
7.70,306,3.44290,4.1205,2.1687,0.184,-0.182
7.70,308,3.52566,4.1266,2.2099,0.114,-0.188
7.70,310,3.60907,4.1327,2.2514,0.044,-0.193
7.70,312,3.69749,4.1388,2.2933,-0.027,-0.198
7.70,314,3.78579,4.1448,2.3354,-0.099,-0.203
7.70,316,3.87747,4.1508,2.3774,-0.170,-0.209
7.70,318,3.96975,4.1567,2.4196,-0.241,-0.214
7.70,320,4.06770,4.1624,2.4613,-0.313,-0.219
7.70,322,4.16854,4.1679,2.5032,-0.386,-0.223
7.70,324,4.26925,4.1734,2.5454,-0.460,-0.228
7.70,326,4.36964,4.1788,2.5879,-0.535,-0.233
7.70,328,4.46958,4.1842,2.6306,-0.611,-0.237
7.70,330,4.56931,4.1894,2.6738,-0.688,-0.242
7.70,332,4.67408,4.1944,2.7165,-0.766,-0.246
7.70,334,4.78083,4.1991,2.7592,-0.845,-0.250
7.70,336,4.89933,4.2040,2.8053,-0.932,-0.255
7.70,338,5.02072,4.2087,2.8527,-1.023,-0.259
7.70,340,5.14530,4.2135,2.9002,-1.114,-0.263
7.70,342,5.26985,4.2178,2.9474,-1.207,-0.267
7.70,344,5.39423,4.2216,2.9946,-1.303,-0.271
7.70,346,5.51218,4.2248,3.0386,-1.395,-0.273
7.70,348,5.63286,4.2276,3.0835,-1.491,-0.276
7.70,350,5.76886,4.2305,3.1327,-1.598,-0.279
7.70,352,5.90431,4.2327,3.1828,-1.711,-0.281
7.70,353,5.97127,4.2336,3.2082,-1.770,-0.282
7.70,354,5.99727,4.2338,3.2181,-1.794,-0.282
7.70,356,6.04813,4.2342,3.2377,-1.841,-0.282
7.70,358,6.09743,4.2344,3.2570,-1.888,-0.283
7.70,360,6.14511,4.2345,3.2758,-1.935,-0.283
7.70,362,6.19103,4.2344,3.2942,-1.982,-0.283
7.70,364,6.23032,4.2335,3.3092,-2.025,-0.282
7.70,366,6.26705,4.2324,3.3232,-2.067,-0.281
7.70,368,6.30242,4.2311,3.3367,-2.109,-0.280
7.70,370,6.33640,4.2297,3.3499,-2.150,-0.279
7.70,372,6.36901,4.2282,3.3627,-2.192,-0.278
7.70,374,6.40024,4.2265,3.3752,-2.233,-0.276
7.70,376,6.43967,4.2251,3.3894,-2.277,-0.275
7.70,378,6.47714,4.2235,3.4032,-2.321,-0.274
7.70,380,6.51297,4.2218,3.4165,-2.364,-0.273
7.70,382,6.54720,4.2200,3.4294,-2.407,-0.271
7.70,384,6.57996,4.2182,3.4419,-2.450,-0.269
7.70,386,6.61136,4.2162,3.4540,-2.492,-0.268
7.70,388,6.64149,4.2142,3.4658,-2.534,-0.266
7.70,390,6.67053,4.2121,3.4773,-2.575,-0.264
7.70,392,6.69859,4.2099,3.4885,-2.616,-0.262
7.70,394,6.72596,4.2078,3.4997,-2.656,-0.261
7.70,396,6.75290,4.2057,3.5110,-2.697,-0.259
7.70,398,6.77994,4.2037,3.5227,-2.738,-0.257
7.70,400,6.80784,4.2021,3.5353,-2.779,-0.256
7.70,402,6.83605,4.2017,3.5491,-2.816,-0.255
7.70,404,6.85889,4.2031,3.5618,-2.840,-0.257
7.70,406,6.87249,4.2061,3.5709,-2.846,-0.259
7.70,408,6.88024,4.2094,3.5775,-2.843,-0.262
7.70,410,6.88520,4.2128,3.5828,-2.836,-0.265
7.70,412,6.88857,4.2163,3.5876,-2.828,-0.268
7.70,414,6.89104,4.2197,3.5921,-2.819,-0.272
7.70,416,6.89289,4.2231,3.5965,-2.810,-0.275
7.70,418,6.89431,4.2265,3.6011,-2.802,-0.278
7.70,420,6.89540,4.2298,3.6059,-2.795,-0.281
7.70,422,6.89627,4.2331,3.6108,-2.788,-0.283
7.70,424,6.89695,4.2362,3.6160,-2.783,-0.286
7.70,426,6.89749,4.2391,3.6214,-2.780,-0.289
7.70,428,6.89793,4.2418,3.6269,-2.778,-0.291
7.70,430,6.89827,4.2442,3.6320,-2.777,-0.293
7.70,432,6.89855,4.2460,3.6362,-2.777,-0.295
7.70,434,6.89877,4.2471,3.6384,-2.776,-0.296
7.70,436,6.89894,4.2474,3.6384,-2.774,-0.296
7.70,438,6.89908,4.2470,3.6362,-2.771,-0.296
7.70,440,6.89921,4.2459,3.6317,-2.766,-0.295
7.70,442,6.89933,4.2438,3.6246,-2.760,-0.293
7.70,444,6.89944,4.2414,3.6169,-2.755,-0.291
7.70,446,6.89955,4.2386,3.6099,-2.753,-0.288
7.70,448,6.89967,4.2357,3.6038,-2.755,-0.286
7.70,450,6.89978,4.2326,3.5992,-2.762,-0.283
7.70,452,6.89990,4.2293,3.5965,-2.774,-0.280
7.70,454,6.90003,4.2260,3.5956,-2.791,-0.277
7.70,455,6.90019,4.2216,3.5973,-2.821,-0.273
7.70,456,6.90036,4.2174,3.6016,-2.857,-0.269
7.70,457,6.90053,4.2131,3.6075,-2.896,-0.266
7.70,458,6.90071,4.2089,3.6141,-2.938,-0.262
7.70,459,6.90089,4.2047,3.6207,-2.979,-0.258
7.70,460,6.90108,4.2005,3.6270,-3.020,-0.254
7.70,461,6.90127,4.1961,3.6326,-3.059,-0.250
7.70,462,6.90148,4.1917,3.6375,-3.097,-0.246
7.70,463,6.90168,4.1873,3.6418,-3.133,-0.242
7.70,464,6.90189,4.1828,3.6455,-3.169,-0.238
7.70,465,6.90211,4.1783,3.6487,-3.203,-0.234
7.70,466,6.90233,4.1737,3.6515,-3.237,-0.230
7.70,467,6.90255,4.1691,3.6540,-3.269,-0.226
7.70,468,6.90277,4.1645,3.6560,-3.301,-0.221
7.70,469,6.90300,4.1599,3.6579,-3.332,-0.217
7.70,470,6.90322,4.1552,3.6594,-3.363,-0.213
7.70,471,6.90344,4.1505,3.6607,-3.392,-0.208
7.70,472,6.90366,4.1458,3.6618,-3.422,-0.204
7.70,473,6.90388,4.1411,3.6627,-3.451,-0.200
7.70,474,6.90410,4.1364,3.6634,-3.479,-0.195
7.70,475,6.90431,4.1317,3.6639,-3.507,-0.191
7.70,476,6.90452,4.1269,3.6642,-3.534,-0.186
7.70,477,6.90473,4.1222,3.6644,-3.561,-0.182
7.70,478,6.90494,4.1174,3.6644,-3.588,-0.177
7.70,479,6.90514,4.1126,3.6643,-3.614,-0.173
7.70,480,6.90533,4.1078,3.6641,-3.640,-0.168
7.70,481,6.90553,4.1030,3.6637,-3.665,-0.163
7.70,482,6.90571,4.0982,3.6633,-3.690,-0.158
7.70,483,6.90590,4.0933,3.6627,-3.714,-0.154
7.70,484,6.90608,4.0885,3.6620,-3.738,-0.149
7.70,485,6.90626,4.0837,3.6612,-3.761,-0.144
7.70,486,6.90643,4.0788,3.6603,-3.784,-0.139
7.70,487,6.90660,4.0740,3.6593,-3.807,-0.134
7.70,488,6.90676,4.0691,3.6583,-3.829,-0.129
7.70,489,6.90692,4.0642,3.6571,-3.850,-0.125
7.70,490,6.90707,4.0594,3.6558,-3.872,-0.120
7.70,491,6.90723,4.0545,3.6545,-3.893,-0.115
7.70,492,6.90737,4.0496,3.6531,-3.913,-0.110
7.70,493,6.90752,4.0447,3.6517,-3.933,-0.105
7.70,494,6.90766,4.0398,3.6501,-3.953,-0.100
7.70,495,6.90779,4.0349,3.6485,-3.972,-0.094
7.70,496,6.90793,4.0301,3.6468,-3.991,-0.089
7.70,497,6.90805,4.0252,3.6451,-4.010,-0.084
7.70,498,6.90818,4.0203,3.6432,-4.028,-0.079
7.70,499,6.90830,4.0154,3.6414,-4.045,-0.074
7.70,500,6.90842,4.0105,3.6394,-4.063,-0.069
7.70,501,6.90854,4.0055,3.6374,-4.080,-0.063
7.70,502,6.90865,4.0006,3.6354,-4.096,-0.058
7.70,503,6.90876,3.9957,3.6333,-4.112,-0.052
7.70,504,6.90887,3.9908,3.6311,-4.128,-0.047
7.70,505,6.90897,3.9859,3.6289,-4.144,-0.041
7.70,506,6.90907,3.9810,3.6266,-4.159,-0.035
7.70,507,6.90917,3.9761,3.6243,-4.174,-0.029
7.70,508,6.90927,3.9712,3.6219,-4.188,-0.022
7.70,509,6.90936,3.9663,3.6195,-4.201,-0.015
7.70,510,6.90946,3.9613,3.6170,-4.215,-0.007
7.70,511,6.90955,3.9564,3.6144,-4.227,0.000
7.70,512,6.90963,3.9515,3.6118,-4.239,0.009
7.70,513,6.90972,3.9466,3.6092,-4.251,0.018
7.70,514,6.90980,3.9417,3.6065,-4.261,0.027
7.70,515,6.90988,3.9368,3.6037,-4.271,0.037
7.70,516,6.90996,3.9318,3.6010,-4.280,0.047
7.70,517,6.91004,3.9269,3.5982,-4.288,0.059
7.70,518,6.91011,3.9220,3.5954,-4.295,0.071
7.70,519,6.91018,3.9171,3.5925,-4.301,0.084
7.70,520,6.91025,3.9122,3.5896,-4.306,0.098
7.70,521,6.91032,3.9073,3.5867,-4.310,0.113
7.70,522,6.91039,3.9023,3.5837,-4.312,0.129
7.70,523,6.91045,3.8974,3.5807,-4.314,0.145
7.70,524,6.91052,3.8925,3.5777,-4.315,0.162
7.70,525,6.91058,3.8876,3.5747,-4.315,0.181
7.70,526,6.91064,3.8827,3.5716,-4.314,0.199
7.70,527,6.91070,3.8777,3.5685,-4.312,0.218
7.70,528,6.91076,3.8728,3.5654,-4.310,0.237
7.70,529,6.91081,3.8679,3.5623,-4.306,0.259
7.70,530,6.91087,3.8630,3.5591,-4.302,0.281
7.70,531,6.91092,3.8581,3.5559,-4.298,0.304
7.70,532,6.91097,3.8532,3.5527,-4.292,0.328
7.70,533,6.91102,3.8482,3.5495,-4.287,0.352
7.70,534,6.91107,3.8433,3.5463,-4.280,0.377
7.70,535,6.91112,3.8384,3.5430,-4.273,0.401
7.70,536,6.91116,3.8335,3.5398,-4.266,0.426
7.70,537,6.91121,3.8286,3.5365,-4.258,0.451
7.70,538,6.91125,3.8236,3.5332,-4.250,0.475
7.70,539,6.91130,3.8187,3.5299,-4.241,0.499
7.70,540,6.91134,3.8138,3.5266,-4.231,0.522
7.70,541,6.91138,3.8089,3.5232,-4.222,0.546
7.70,542,6.91142,3.8040,3.5198,-4.211,0.570
7.70,543,6.91146,3.7991,3.5165,-4.201,0.594
7.70,544,6.91150,3.7941,3.5130,-4.189,0.618
7.70,545,6.91154,3.7892,3.5096,-4.176,0.642
7.70,546,6.91157,3.7843,3.5062,-4.163,0.667
7.70,547,6.91161,3.7794,3.5027,-4.149,0.691
7.70,548,6.91164,3.7745,3.4992,-4.136,0.715
7.70,549,6.91168,3.7696,3.4957,-4.121,0.740
7.70,550,6.91171,3.7647,3.4922,-4.106,0.764
7.70,551,6.91174,3.7598,3.4886,-4.092,0.788
7.70,552,6.91177,3.7548,3.4850,-4.077,0.811
7.70,553,6.91180,3.7499,3.4813,-4.062,0.835
7.70,554,6.91183,3.7450,3.4776,-4.047,0.858
7.70,555,6.91186,3.7401,3.4739,-4.031,0.882
7.70,556,6.91189,3.7352,3.4701,-4.015,0.906
7.70,557,6.91192,3.7303,3.4662,-3.998,0.929
7.70,558,6.91195,3.7254,3.4622,-3.981,0.953
7.70,559,6.91198,3.7206,3.4581,-3.962,0.975
7.70,560,6.91201,3.7157,3.4539,-3.941,0.997
7.70,561,6.91204,3.7108,3.4493,-3.919,1.020
7.70,562,6.91207,3.7060,3.4444,-3.895,1.043
7.70,563,6.91210,3.7012,3.4391,-3.869,1.067
7.70,564,6.91213,3.6964,3.4332,-3.841,1.091
7.70,565,6.91216,3.6917,3.4265,-3.811,1.113
7.70,566,6.91221,3.6871,3.4188,-3.778,1.135
7.70,567,6.91225,3.6828,3.4097,-3.742,1.155
7.70,568,6.91230,3.6785,3.3997,-3.703,1.175
7.70,569,6.91236,3.6744,3.3887,-3.661,1.194
7.70,570,6.91242,3.6706,3.3758,-3.615,1.212
7.70,571,6.91249,3.6669,3.3625,-3.568,1.230
7.70,572,6.91256,3.6631,3.3500,-3.522,1.248
7.70,573,6.91264,3.6591,3.3396,-3.480,1.268
7.70,574,6.91272,3.6548,3.3332,-3.446,1.290
7.70,575,6.91280,3.6504,3.3318,-3.423,1.313
7.70,576,6.91287,3.6460,3.3373,-3.417,1.337
7.70,577,6.91294,3.6420,3.3488,-3.427,1.359
7.70,578,6.91299,3.6387,3.3633,-3.448,1.378
7.70,579,6.91303,3.6357,3.3793,-3.473,1.395
7.70,580,6.91307,3.6330,3.3960,-3.501,1.411
7.70,581,6.91310,3.6304,3.4132,-3.531,1.426
7.70,582,6.91313,3.6281,3.4308,-3.561,1.441
7.70,583,6.91317,3.6258,3.4485,-3.593,1.455
7.70,584,6.91320,3.6235,3.4664,-3.626,1.469
7.70,585,6.91323,3.6214,3.4844,-3.659,1.482
7.70,586,6.91327,3.6193,3.5025,-3.692,1.496
7.70,587,6.91330,3.6172,3.5206,-3.725,1.509
7.70,588,6.91334,3.6151,3.5388,-3.759,1.523
7.70,589,6.91339,3.6131,3.5570,-3.792,1.536
7.70,590,6.91345,3.6110,3.5752,-3.825,1.550
7.70,591,6.91353,3.6090,3.5933,-3.858,1.564
7.70,592,6.91364,3.6070,3.6113,-3.889,1.578
7.70,593,6.91379,3.6050,3.6291,-3.920,1.593
7.70,594,6.91398,3.6031,3.6467,-3.951,1.608
7.70,595,6.91422,3.6011,3.6639,-3.979,1.623
7.70,596,6.91451,3.5992,3.6808,-4.008,1.638
7.70,597,6.91481,3.5973,3.6975,-4.036,1.652
7.70,598,6.91513,3.5955,3.7142,-4.065,1.666
7.70,599,6.91547,3.5938,3.7310,-4.094,1.679
7.70,600,6.91580,3.5921,3.7480,-4.124,1.692
7.70,601,6.91616,3.5903,3.7653,-4.154,1.705
7.70,602,6.91655,3.5886,3.7832,-4.184,1.720
7.70,603,6.91701,3.5869,3.8001,-4.213,1.733
7.70,604,6.91771,3.5857,3.8125,-4.234,1.744
7.70,605,6.91974,3.5848,3.8224,-4.252,1.752
7.70,606,6.92011,3.5848,3.8225,-4.252,1.752
7.70,607,6.92056,3.5848,3.8224,-4.252,1.751
7.70,608,6.92109,3.5849,3.8220,-4.251,1.751
7.70,609,6.92169,3.5850,3.8215,-4.251,1.750
7.70,610,6.92229,3.5850,3.8209,-4.250,1.749
7.70,611,6.92294,3.5851,3.8203,-4.249,1.748
7.70,612,6.92361,3.5852,3.8197,-4.249,1.748
7.70,613,6.92430,3.5853,3.8191,-4.248,1.747
7.70,614,6.92501,3.5854,3.8185,-4.247,1.746
7.70,615,6.92575,3.5855,3.8180,-4.247,1.745
7.70,616,6.92648,3.5856,3.8174,-4.246,1.745
7.70,617,6.92719,3.5857,3.8167,-4.245,1.744
7.70,618,6.92791,3.5858,3.8161,-4.244,1.743
7.70,619,6.92862,3.5859,3.8154,-4.243,1.742
7.70,620,6.92933,3.5860,3.8147,-4.242,1.741
7.70,621,6.93004,3.5861,3.8140,-4.241,1.740
7.70,622,6.93079,3.5862,3.8133,-4.241,1.739
7.70,623,6.93156,3.5863,3.8126,-4.240,1.739
7.70,624,6.93232,3.5864,3.8119,-4.239,1.738
7.70,625,6.93306,3.5865,3.8112,-4.238,1.737
7.70,626,6.93380,3.5866,3.8104,-4.237,1.736
7.70,627,6.93452,3.5867,3.8096,-4.235,1.735
7.70,628,6.93522,3.5868,3.8089,-4.234,1.734
7.70,629,6.93594,3.5869,3.8081,-4.233,1.733
7.70,630,6.93667,3.5870,3.8073,-4.232,1.733
7.70,631,6.93739,3.5871,3.8065,-4.231,1.732
7.70,632,6.95709,3.5904,3.7808,-4.193,1.705
7.70,633,6.97327,3.5939,3.7528,-4.149,1.678
7.70,634,6.98764,3.5973,3.7240,-4.103,1.652
7.70,635,7.00150,3.6009,3.6953,-4.057,1.625
7.70,636,7.01645,3.6046,3.6671,-4.013,1.596
7.70,637,7.03288,3.6086,3.6400,-3.972,1.567
7.70,638,7.05489,3.6131,3.6161,-3.940,1.536
7.70,639,7.08911,3.6194,3.6050,-3.950,1.496
7.70,640,7.11404,3.6264,3.6269,-4.044,1.454
7.70,641,7.12170,3.6324,3.6540,-4.143,1.419
7.70,642,7.12480,3.6383,3.6803,-4.239,1.386
7.70,643,7.12655,3.6448,3.7043,-4.330,1.351
7.70,644,7.12780,3.6520,3.7241,-4.412,1.314
7.70,645,7.12846,3.6603,3.7352,-4.475,1.272
7.70,646,7.12893,3.6689,3.7418,-4.525,1.230
7.70,647,7.12932,3.6776,3.7465,-4.568,1.188
7.70,648,7.12969,3.6863,3.7500,-4.606,1.146
7.70,649,7.13007,3.6950,3.7530,-4.640,1.105
7.70,650,7.13049,3.7038,3.7557,-4.669,1.061
7.70,651,7.13095,3.7125,3.7583,-4.695,1.018
7.70,652,7.13143,3.7212,3.7609,-4.719,0.977
7.70,653,7.13196,3.7300,3.7632,-4.740,0.935
7.70,654,7.13261,3.7387,3.7654,-4.757,0.892
7.70,655,7.13347,3.7474,3.7676,-4.775,0.849
7.70,656,7.13446,3.7561,3.7700,-4.793,0.805
7.70,657,7.13574,3.7648,3.7727,-4.813,0.761
7.70,658,7.13767,3.7735,3.7762,-4.834,0.717
7.70,659,7.14020,3.7821,3.7808,-4.855,0.673
7.70,660,7.14273,3.7907,3.7860,-4.874,0.630
7.70,661,7.14498,3.7993,3.7913,-4.893,0.587
7.70,662,7.14728,3.8079,3.7960,-4.908,0.544
7.70,663,7.15035,3.8153,3.8006,-4.922,0.507
7.70,664,7.15329,3.8235,3.8062,-4.937,0.464
7.70,665,7.15596,3.8311,3.8108,-4.948,0.426
7.70,666,7.15981,3.8389,3.8153,-4.957,0.389
7.70,667,7.16594,3.8469,3.8221,-4.971,0.350
7.70,668,7.17299,3.8552,3.8297,-4.986,0.309
7.70,669,7.17860,3.8637,3.8372,-5.000,0.268
7.70,670,7.18281,3.8723,3.8437,-5.009,0.229
7.70,671,7.19282,3.8765,3.8502,-5.021,0.213
7.70,672,7.20480,3.8691,3.8550,-5.040,0.243
7.70,673,7.21834,3.8611,3.8590,-5.056,0.280
7.70,674,7.22436,3.8526,3.8588,-5.060,0.321
7.70,675,7.23116,3.8442,3.8597,-5.066,0.363
7.70,676,7.23714,3.8356,3.8595,-5.069,0.403
7.70,677,7.24116,3.8271,3.8579,-5.067,0.444
7.70,678,7.24397,3.8184,3.8555,-5.060,0.489
7.70,679,7.24663,3.8098,3.8540,-5.055,0.533
7.70,680,7.24930,3.8011,3.8524,-5.048,0.577
7.70,681,7.25179,3.7925,3.8506,-5.038,0.620
7.70,682,7.25407,3.7838,3.8487,-5.028,0.664
7.70,683,7.25615,3.7751,3.8467,-5.015,0.708
7.70,684,7.25804,3.7664,3.8446,-4.997,0.753
7.70,685,7.26007,3.7577,3.8435,-4.981,0.797
7.70,686,7.26269,3.7490,3.8419,-4.965,0.841
7.70,687,7.26438,3.7404,3.8387,-4.943,0.884
7.70,688,7.26566,3.7316,3.8357,-4.923,0.928
7.70,689,7.26680,3.7229,3.8333,-4.903,0.970
7.70,690,7.26868,3.7174,3.8382,-4.904,0.996
7.70,691,7.27110,3.7139,3.8329,-4.884,1.013
7.70,692,7.27206,3.7052,3.8281,-4.854,1.056
7.70,693,7.27277,3.6965,3.8239,-4.821,1.099
7.70,694,7.27338,3.6878,3.8197,-4.786,1.141
7.70,695,7.27395,3.6791,3.8153,-4.746,1.182
7.70,696,7.27450,3.6704,3.8102,-4.702,1.224
7.70,697,7.27507,3.6618,3.8037,-4.653,1.266
7.70,698,7.27566,3.6533,3.7951,-4.596,1.308
7.70,699,7.27647,3.6453,3.7817,-4.526,1.350
7.70,700,7.27747,3.6382,3.7611,-4.441,1.388
7.70,701,7.27836,3.6317,3.7380,-4.350,1.424
7.70,702,7.27926,3.6249,3.7160,-4.258,1.464
7.70,703,7.28052,3.6166,3.7111,-4.199,1.515
7.70,704,7.28422,3.6096,3.7290,-4.201,1.562
7.70,705,7.28844,3.6050,3.7468,-4.214,1.595
7.70,706,7.29003,3.6014,3.7657,-4.236,1.623
7.70,707,7.29063,3.5986,3.7832,-4.260,1.644
7.75,202,0.87462,3.7194,-0.3970,5.690,0.970
7.75,204,0.89973,3.7292,-0.3342,5.515,0.928
7.75,206,0.92508,3.7361,-0.2813,5.373,0.898
7.75,208,0.95001,3.7428,-0.2288,5.233,0.869
7.75,210,0.97458,3.7496,-0.1765,5.096,0.840
7.75,212,1.00678,3.7577,-0.1104,4.923,0.806
7.75,214,1.02780,3.7628,-0.0678,4.813,0.785
7.75,216,1.04612,3.7671,-0.0309,4.718,0.767
7.75,218,1.06863,3.7725,0.0144,4.602,0.745
7.75,220,1.09115,3.7778,0.0596,4.487,0.723
7.75,222,1.11553,3.7836,0.1083,4.364,0.699
7.75,224,1.13635,3.7885,0.1490,4.261,0.680
7.75,226,1.15867,3.7936,0.1914,4.155,0.659
7.75,228,1.18762,3.7998,0.2437,4.024,0.635
7.75,230,1.22174,3.8067,0.3027,3.877,0.607
7.75,232,1.24597,3.8115,0.3433,3.776,0.588
7.75,234,1.27813,3.8177,0.3958,3.646,0.563
7.75,236,1.30951,3.8238,0.4454,3.524,0.539
7.75,238,1.34191,3.8301,0.4949,3.402,0.515
7.75,240,1.36806,3.8351,0.5335,3.307,0.495
7.75,242,1.39953,3.8413,0.5786,3.197,0.471
7.75,244,1.43171,3.8478,0.6230,3.089,0.446
7.75,246,1.46033,3.8537,0.6613,2.996,0.422
7.75,248,1.63438,3.8924,0.8713,2.504,0.271
7.75,250,1.67339,3.9003,0.9141,2.405,0.239
7.75,252,1.71289,3.9082,0.9562,2.311,0.208
7.75,254,1.76020,3.9177,1.0053,2.204,0.170
7.75,256,1.80519,3.9270,1.0508,2.109,0.135
7.75,258,1.85046,3.9362,1.0953,2.020,0.103
7.75,260,1.89555,3.9448,1.1380,1.937,0.076
7.75,262,1.95096,3.9550,1.1892,1.840,0.047
7.75,264,1.99684,3.9629,1.2302,1.765,0.027
7.75,266,2.05082,3.9717,1.2768,1.683,0.007
7.75,268,2.10134,3.9796,1.3192,1.609,-0.010
7.75,270,2.15491,3.9875,1.3628,1.534,-0.025
7.75,272,2.19952,3.9938,1.3983,1.474,-0.036
7.75,274,2.26185,4.0023,1.4466,1.392,-0.051
7.75,276,2.31464,4.0092,1.4863,1.325,-0.062
7.75,278,2.36990,4.0163,1.5271,1.256,-0.072
7.75,280,2.42943,4.0236,1.5699,1.184,-0.083
7.75,282,2.48544,4.0302,1.6092,1.118,-0.091
7.75,284,2.54527,4.0370,1.6501,1.049,-0.100
7.75,286,2.59807,4.0428,1.6855,0.989,-0.107
7.75,288,2.66328,4.0498,1.7283,0.917,-0.115
7.75,290,2.72494,4.0562,1.7677,0.850,-0.122
7.75,292,2.78789,4.0626,1.8072,0.784,-0.129
7.75,294,2.85736,4.0693,1.8489,0.713,-0.135
7.75,296,2.92658,4.0759,1.8903,0.644,-0.142
7.75,298,2.99566,4.0824,1.9317,0.574,-0.148
7.75,300,3.06743,4.0886,1.9719,0.505,-0.154
7.75,302,3.13919,4.0948,2.0122,0.437,-0.160
7.75,304,3.21115,4.1008,2.0523,0.369,-0.165
7.75,306,3.28699,4.1070,2.0925,0.301,-0.170
7.75,308,3.36307,4.1131,2.1330,0.232,-0.176
7.75,310,3.44264,4.1192,2.1742,0.163,-0.181
7.75,312,3.52538,4.1253,2.2158,0.092,-0.187
7.75,314,3.60862,4.1313,2.2577,0.020,-0.192
7.75,316,3.69682,4.1372,2.3000,-0.053,-0.197
7.75,318,3.78496,4.1431,2.3427,-0.126,-0.202
7.75,320,3.87639,4.1490,2.3852,-0.199,-0.207
7.75,322,3.96781,4.1548,2.4276,-0.273,-0.212
7.75,324,4.06517,4.1603,2.4700,-0.347,-0.217
7.75,326,4.16564,4.1657,2.5124,-0.422,-0.222
7.75,328,4.26565,4.1711,2.5551,-0.498,-0.226
7.75,330,4.36541,4.1763,2.5982,-0.576,-0.231
7.75,332,4.46479,4.1814,2.6417,-0.655,-0.235
7.75,334,4.56370,4.1863,2.6855,-0.736,-0.239
7.75,336,4.66702,4.1910,2.7290,-0.818,-0.244
7.75,338,4.77242,4.1953,2.7723,-0.901,-0.247
7.75,340,4.88806,4.1996,2.8190,-0.992,-0.251
7.75,342,5.00665,4.2037,2.8671,-1.089,-0.255
7.75,344,5.12831,4.2078,2.9152,-1.186,-0.258
7.75,346,5.24895,4.2113,2.9632,-1.286,-0.262
7.75,348,5.36868,4.2141,3.0107,-1.389,-0.264
7.75,350,5.48171,4.2161,3.0553,-1.489,-0.266
7.75,352,5.59014,4.2174,3.0986,-1.590,-0.267
7.75,353,5.65253,4.2181,3.1223,-1.646,-0.268
7.75,354,5.67896,4.2184,3.1323,-1.669,-0.268
7.75,356,5.73066,4.2188,3.1521,-1.717,-0.269
7.75,358,5.78077,4.2190,3.1716,-1.764,-0.269
7.75,360,5.82921,4.2190,3.1906,-1.812,-0.269
7.75,362,5.87588,4.2189,3.2091,-1.860,-0.269
7.75,364,5.92073,4.2186,3.2272,-1.907,-0.269
7.75,366,5.96375,4.2180,3.2447,-1.954,-0.269
7.75,368,6.00487,4.2173,3.2618,-2.001,-0.268
7.75,370,6.04412,4.2165,3.2782,-2.048,-0.267
7.75,372,6.08142,4.2154,3.2941,-2.094,-0.266
7.75,374,6.11688,4.2142,3.3095,-2.140,-0.265
7.75,376,6.15048,4.2128,3.3242,-2.185,-0.264
7.75,378,6.18242,4.2113,3.3384,-2.230,-0.263
7.75,380,6.21132,4.2094,3.3510,-2.273,-0.262
7.75,382,6.23706,4.2072,3.3619,-2.313,-0.260
7.75,384,6.26180,4.2050,3.3724,-2.352,-0.258
7.75,386,6.28557,4.2027,3.3826,-2.392,-0.256
7.75,388,6.30850,4.2003,3.3926,-2.431,-0.254
7.75,390,6.33070,4.1979,3.4024,-2.470,-0.252
7.75,392,6.35227,4.1955,3.4121,-2.508,-0.250
7.75,394,6.37346,4.1930,3.4218,-2.547,-0.247
7.75,396,6.39449,4.1907,3.4316,-2.585,-0.245
7.75,398,6.42052,4.1887,3.4432,-2.626,-0.244
7.75,400,6.44955,4.1874,3.4565,-2.667,-0.243
7.75,402,6.47799,4.1878,3.4712,-2.702,-0.243
7.75,404,6.49594,4.1903,3.4822,-2.715,-0.245
7.75,406,6.50600,4.1936,3.4899,-2.715,-0.248
7.75,408,6.51214,4.1970,3.4959,-2.710,-0.251
7.75,410,6.51619,4.2005,3.5010,-2.702,-0.254
7.75,412,6.51909,4.2040,3.5057,-2.694,-0.257
7.75,414,6.52122,4.2075,3.5103,-2.685,-0.260
7.75,416,6.52284,4.2110,3.5150,-2.676,-0.264
7.75,418,6.52409,4.2144,3.5197,-2.668,-0.267
7.75,420,6.52506,4.2177,3.5248,-2.662,-0.270
7.75,422,6.52583,4.2209,3.5300,-2.656,-0.272
7.75,424,6.52644,4.2240,3.5355,-2.652,-0.275
7.75,426,6.52692,4.2269,3.5411,-2.649,-0.278
7.75,428,6.52731,4.2295,3.5466,-2.648,-0.280
7.75,430,6.52762,4.2317,3.5515,-2.648,-0.282
7.75,432,6.52787,4.2332,3.5550,-2.647,-0.283
7.75,434,6.52807,4.2338,3.5559,-2.646,-0.284
7.75,436,6.52822,4.2336,3.5542,-2.643,-0.284
7.75,438,6.52836,4.2329,3.5508,-2.639,-0.283
7.75,440,6.52848,4.2310,3.5440,-2.632,-0.281
7.75,442,6.52860,4.2287,3.5362,-2.626,-0.279
7.75,444,6.52871,4.2260,3.5285,-2.623,-0.277
7.75,446,6.52882,4.2230,3.5219,-2.623,-0.274
7.75,448,6.52894,4.2199,3.5166,-2.628,-0.271
7.75,450,6.52906,4.2166,3.5132,-2.639,-0.268
7.75,452,6.52919,4.2132,3.5119,-2.655,-0.265
7.75,454,6.52932,4.2098,3.5128,-2.678,-0.262
7.75,455,6.52949,4.2056,3.5167,-2.712,-0.259
7.75,456,6.52966,4.2016,3.5224,-2.750,-0.255
7.75,457,6.52984,4.1975,3.5291,-2.791,-0.252
7.75,458,6.53002,4.1935,3.5360,-2.832,-0.248
7.75,459,6.53022,4.1894,3.5426,-2.872,-0.244
7.75,460,6.53042,4.1852,3.5484,-2.911,-0.240
7.75,461,6.53062,4.1809,3.5535,-2.949,-0.237
7.75,462,6.53084,4.1766,3.5580,-2.985,-0.233
7.75,463,6.53106,4.1723,3.5618,-3.019,-0.229
7.75,464,6.53129,4.1679,3.5651,-3.053,-0.225
7.75,465,6.53152,4.1635,3.5681,-3.086,-0.221
7.75,466,6.53175,4.1590,3.5705,-3.118,-0.216
7.75,467,6.53199,4.1546,3.5727,-3.149,-0.212
7.75,468,6.53222,4.1501,3.5745,-3.179,-0.208
7.75,469,6.53246,4.1455,3.5762,-3.209,-0.204
7.75,470,6.53270,4.1410,3.5775,-3.238,-0.200
7.75,471,6.53294,4.1364,3.5786,-3.266,-0.195
7.75,472,6.53317,4.1319,3.5795,-3.294,-0.191
7.75,473,6.53341,4.1273,3.5802,-3.322,-0.187
7.75,474,6.53364,4.1227,3.5807,-3.349,-0.183
7.75,475,6.53387,4.1181,3.5810,-3.375,-0.178
7.75,476,6.53409,4.1134,3.5812,-3.401,-0.174
7.75,477,6.53432,4.1088,3.5813,-3.427,-0.169
7.75,478,6.53453,4.1041,3.5812,-3.452,-0.165
7.75,479,6.53475,4.0995,3.5810,-3.477,-0.161
7.75,480,6.53496,4.0948,3.5806,-3.501,-0.156
7.75,481,6.53516,4.0901,3.5802,-3.525,-0.152
7.75,482,6.53536,4.0854,3.5796,-3.548,-0.147
7.75,483,6.53556,4.0807,3.5789,-3.571,-0.142
7.75,484,6.53575,4.0760,3.5782,-3.593,-0.137
7.75,485,6.53594,4.0713,3.5773,-3.615,-0.133
7.75,486,6.53612,4.0666,3.5763,-3.637,-0.128
7.75,487,6.53630,4.0618,3.5752,-3.658,-0.123
7.75,488,6.53647,4.0571,3.5740,-3.678,-0.119
7.75,489,6.53664,4.0524,3.5728,-3.699,-0.114
7.75,490,6.53681,4.0476,3.5715,-3.719,-0.109
7.75,491,6.53697,4.0429,3.5701,-3.738,-0.104
7.75,492,6.53713,4.0381,3.5686,-3.758,-0.099
7.75,493,6.53728,4.0333,3.5671,-3.776,-0.094
7.75,494,6.53743,4.0286,3.5655,-3.795,-0.089
7.75,495,6.53757,4.0238,3.5638,-3.813,-0.084
7.75,496,6.53771,4.0191,3.5620,-3.830,-0.079
7.75,497,6.53785,4.0143,3.5602,-3.847,-0.074
7.75,498,6.53798,4.0095,3.5583,-3.864,-0.069
7.75,499,6.53811,4.0047,3.5564,-3.881,-0.063
7.75,500,6.53824,4.0000,3.5544,-3.897,-0.058
7.75,501,6.53836,3.9952,3.5523,-3.912,-0.053
7.75,502,6.53848,3.9904,3.5502,-3.928,-0.047
7.75,503,6.53860,3.9856,3.5480,-3.943,-0.041
7.75,504,6.53871,3.9808,3.5458,-3.958,-0.035
7.75,505,6.53882,3.9760,3.5435,-3.972,-0.029
7.75,506,6.53893,3.9713,3.5412,-3.986,-0.023
7.75,507,6.53904,3.9665,3.5388,-3.999,-0.016
7.75,508,6.53914,3.9617,3.5363,-4.012,-0.009
7.75,509,6.53924,3.9569,3.5338,-4.025,-0.001
7.75,510,6.53933,3.9521,3.5313,-4.036,0.007
7.75,511,6.53943,3.9473,3.5287,-4.047,0.016
7.75,512,6.53952,3.9425,3.5260,-4.058,0.025
7.75,513,6.53961,3.9377,3.5233,-4.067,0.035
7.75,514,6.53970,3.9329,3.5206,-4.076,0.045
7.75,515,6.53978,3.9282,3.5178,-4.084,0.056
7.75,516,6.53987,3.9234,3.5151,-4.091,0.069
7.75,517,6.53995,3.9186,3.5122,-4.097,0.081
7.75,518,6.54003,3.9138,3.5093,-4.101,0.095
7.75,519,6.54010,3.9090,3.5064,-4.105,0.109
7.75,520,6.54018,3.9042,3.5034,-4.108,0.125
7.75,521,6.54025,3.8994,3.5004,-4.109,0.140
7.75,522,6.54032,3.8946,3.4974,-4.110,0.157
7.75,523,6.54039,3.8898,3.4943,-4.110,0.174
7.75,524,6.54046,3.8850,3.4912,-4.109,0.192
7.75,525,6.54052,3.8803,3.4881,-4.108,0.210
7.75,526,6.54059,3.8755,3.4850,-4.105,0.229
7.75,527,6.54065,3.8707,3.4818,-4.102,0.249
7.75,528,6.54071,3.8659,3.4786,-4.098,0.271
7.75,529,6.54077,3.8611,3.4754,-4.093,0.293
7.75,530,6.54082,3.8563,3.4722,-4.088,0.316
7.75,531,6.54088,3.8515,3.4690,-4.083,0.339
7.75,532,6.54094,3.8467,3.4657,-4.076,0.363
7.75,533,6.54099,3.8419,3.4624,-4.069,0.387
7.75,534,6.54104,3.8371,3.4591,-4.062,0.410
7.75,535,6.54109,3.8323,3.4558,-4.055,0.434
7.75,536,6.54114,3.8276,3.4525,-4.047,0.458
7.75,537,6.54119,3.8228,3.4492,-4.038,0.481
7.75,538,6.54123,3.8180,3.4458,-4.029,0.504
7.75,539,6.54128,3.8132,3.4424,-4.019,0.527
7.75,540,6.54133,3.8084,3.4390,-4.010,0.550
7.75,541,6.54137,3.8036,3.4356,-4.000,0.573
7.75,542,6.54141,3.7988,3.4322,-3.989,0.596
7.75,543,6.54145,3.7940,3.4287,-3.977,0.620
7.75,544,6.54149,3.7892,3.4252,-3.964,0.643
7.75,545,6.54153,3.7845,3.4217,-3.950,0.667
7.75,546,6.54157,3.7797,3.4182,-3.937,0.691
7.75,547,6.54161,3.7749,3.4147,-3.923,0.714
7.75,548,6.54165,3.7701,3.4112,-3.909,0.738
7.75,549,6.54168,3.7653,3.4076,-3.895,0.761
7.75,550,6.54172,3.7605,3.4040,-3.880,0.784
7.75,551,6.54175,3.7557,3.4004,-3.866,0.807
7.75,552,6.54178,3.7510,3.3967,-3.852,0.830
7.75,553,6.54182,3.7462,3.3930,-3.837,0.852
7.75,554,6.54185,3.7414,3.3893,-3.822,0.875
7.75,555,6.54188,3.7366,3.3855,-3.806,0.898
7.75,556,6.54191,3.7319,3.3816,-3.789,0.921
7.75,557,6.54194,3.7271,3.3777,-3.772,0.944
7.75,558,6.54197,3.7223,3.3736,-3.753,0.966
7.75,559,6.54201,3.7176,3.3694,-3.733,0.988
7.75,560,6.54204,3.7128,3.3649,-3.712,1.009
7.75,561,6.54207,3.7081,3.3599,-3.689,1.032
7.75,562,6.54211,3.7035,3.3545,-3.663,1.055
7.75,563,6.54214,3.6988,3.3486,-3.636,1.078
7.75,564,6.54218,3.6942,3.3420,-3.607,1.100
7.75,565,6.54222,3.6898,3.3345,-3.575,1.121
7.75,566,6.54228,3.6855,3.3254,-3.539,1.141
7.75,567,6.54234,3.6815,3.3144,-3.499,1.159
7.75,568,6.54241,3.6777,3.3025,-3.457,1.177
7.75,569,6.54247,3.6740,3.2901,-3.413,1.195
7.75,570,6.54255,3.6704,3.2771,-3.367,1.212
7.75,571,6.54262,3.6667,3.2648,-3.322,1.230
7.75,572,6.54271,3.6627,3.2542,-3.280,1.249
7.75,573,6.54280,3.6582,3.2479,-3.247,1.271
7.75,574,6.54289,3.6537,3.2488,-3.230,1.295
7.75,575,6.54297,3.6496,3.2559,-3.229,1.317
7.75,576,6.54303,3.6459,3.2671,-3.241,1.336
7.75,577,6.54309,3.6426,3.2812,-3.261,1.354
7.75,578,6.54314,3.6397,3.2966,-3.286,1.371
7.75,579,6.54318,3.6370,3.3129,-3.313,1.386
7.75,580,6.54322,3.6345,3.3297,-3.343,1.401
7.75,581,6.54326,3.6322,3.3467,-3.374,1.415
7.75,582,6.54329,3.6300,3.3640,-3.405,1.429
7.75,583,6.54333,3.6278,3.3814,-3.436,1.442
7.75,584,6.54337,3.6257,3.3990,-3.469,1.455
7.75,585,6.54341,3.6236,3.4165,-3.501,1.468
7.75,586,6.54345,3.6215,3.4342,-3.534,1.481
7.75,587,6.54349,3.6195,3.4520,-3.567,1.494
7.75,588,6.54355,3.6175,3.4697,-3.600,1.506
7.75,589,6.54361,3.6156,3.4875,-3.633,1.519
7.75,590,6.54370,3.6136,3.5052,-3.666,1.532
7.75,591,6.54383,3.6116,3.5227,-3.698,1.545
7.75,592,6.54400,3.6097,3.5400,-3.729,1.559
7.75,593,6.54423,3.6078,3.5569,-3.758,1.572
7.75,594,6.54449,3.6059,3.5737,-3.788,1.586
7.75,595,6.54477,3.6041,3.5902,-3.816,1.600
7.75,596,6.54507,3.6023,3.6066,-3.845,1.614
7.75,597,6.54538,3.6005,3.6230,-3.873,1.628
7.75,598,6.54571,3.5988,3.6394,-3.901,1.641
7.75,599,6.54605,3.5971,3.6559,-3.931,1.653
7.75,600,6.54639,3.5954,3.6727,-3.960,1.666
7.75,601,6.54675,3.5937,3.6897,-3.990,1.679
7.75,602,6.54714,3.5920,3.7072,-4.021,1.692
7.75,603,6.54760,3.5904,3.7234,-4.049,1.705
7.75,604,6.54831,3.5893,3.7351,-4.070,1.713
7.75,605,6.55028,3.5885,3.7442,-4.086,1.720
7.75,606,6.55065,3.5885,3.7442,-4.086,1.720
7.75,607,6.55110,3.5885,3.7441,-4.086,1.720
7.75,608,6.55164,3.5886,3.7437,-4.086,1.719
7.75,609,6.55225,3.5887,3.7432,-4.085,1.719
7.75,610,6.55288,3.5888,3.7426,-4.084,1.718
7.75,611,6.55356,3.5889,3.7420,-4.084,1.717
7.75,612,6.55429,3.5889,3.7414,-4.083,1.716
7.75,613,6.55500,3.5890,3.7408,-4.082,1.716
7.75,614,6.55572,3.5891,3.7402,-4.081,1.715
7.75,615,6.55644,3.5892,3.7395,-4.080,1.714
7.75,616,6.55717,3.5893,3.7388,-4.079,1.713
7.75,617,6.55791,3.5894,3.7382,-4.078,1.712
7.75,618,6.55866,3.5895,3.7375,-4.078,1.712
7.75,619,6.55942,3.5896,3.7368,-4.077,1.711
7.75,620,6.56015,3.5897,3.7361,-4.076,1.710
7.75,621,6.56090,3.5898,3.7353,-4.075,1.709
7.75,622,6.56168,3.5899,3.7346,-4.074,1.708
7.75,623,6.56251,3.5900,3.7339,-4.073,1.708
7.75,624,6.56328,3.5901,3.7332,-4.071,1.707
7.75,625,6.56404,3.5902,3.7324,-4.070,1.706
7.75,626,6.56479,3.5903,3.7316,-4.069,1.705
7.75,627,6.56552,3.5904,3.7308,-4.068,1.704
7.75,628,6.56625,3.5906,3.7299,-4.067,1.703
7.75,629,6.56699,3.5907,3.7291,-4.065,1.703
7.75,630,6.56774,3.5908,3.7283,-4.064,1.702
7.75,631,6.56849,3.5909,3.7275,-4.063,1.701
7.75,632,6.58861,3.5943,3.7005,-4.021,1.675
7.75,633,6.60505,3.5979,3.6711,-3.974,1.648
7.75,634,6.61948,3.6015,3.6408,-3.925,1.620
7.75,635,6.63334,3.6052,3.6106,-3.875,1.591
7.75,636,6.64813,3.6090,3.5809,-3.827,1.564
7.75,637,6.66513,3.6132,3.5525,-3.782,1.535
7.75,638,6.68758,3.6179,3.5274,-3.747,1.505
7.75,639,6.72329,3.6247,3.5177,-3.761,1.463
7.75,640,6.74714,3.6319,3.5418,-3.860,1.420
7.75,641,6.75501,3.6381,3.5699,-3.962,1.385
7.75,642,6.75860,3.6445,3.5968,-4.060,1.351
7.75,643,6.76086,3.6515,3.6204,-4.151,1.314
7.75,644,6.76253,3.6594,3.6389,-4.230,1.274
7.75,645,6.76347,3.6682,3.6487,-4.289,1.231
7.75,646,6.76425,3.6772,3.6553,-4.338,1.188
7.75,647,6.76496,3.6862,3.6600,-4.380,1.145
7.75,648,6.76570,3.6953,3.6639,-4.417,1.102
7.75,649,6.76658,3.7044,3.6674,-4.450,1.056
7.75,650,6.76768,3.7135,3.6712,-4.480,1.012
7.75,651,6.76887,3.7226,3.6753,-4.509,0.970
7.75,652,6.77002,3.7316,3.6793,-4.532,0.927
7.75,653,6.77127,3.7407,3.6830,-4.554,0.882
7.75,654,6.77283,3.7497,3.6867,-4.576,0.837
7.75,655,6.77513,3.7588,3.6908,-4.599,0.792
7.75,656,6.77719,3.7678,3.6953,-4.623,0.747
7.75,657,6.77928,3.7768,3.6997,-4.645,0.701
7.75,658,6.78249,3.7857,3.7046,-4.666,0.656
7.75,659,6.78589,3.7946,3.7105,-4.687,0.611
7.75,660,6.78912,3.8035,3.7168,-4.708,0.567
7.75,661,6.79183,3.8125,3.7225,-4.725,0.523
7.75,662,6.79564,3.8214,3.7281,-4.740,0.478
7.75,663,6.80343,3.8210,3.7322,-4.751,0.479
7.75,664,6.81081,3.8269,3.7400,-4.771,0.449
7.75,665,6.81584,3.8268,3.7433,-4.779,0.449
7.75,666,6.82175,3.8271,3.7466,-4.787,0.448
7.75,667,6.82711,3.8274,3.7500,-4.796,0.446
7.75,668,6.83234,3.8279,3.7531,-4.803,0.444
7.75,669,6.83659,3.8286,3.7563,-4.812,0.440
7.75,670,6.83992,3.8294,3.7589,-4.818,0.436
7.75,671,6.84683,3.8278,3.7622,-4.826,0.444
7.75,672,6.85438,3.8199,3.7646,-4.832,0.484
7.75,673,6.86161,3.8146,3.7686,-4.841,0.510
7.75,674,6.86574,3.8077,3.7672,-4.836,0.545
7.75,675,6.86942,3.7992,3.7663,-4.830,0.588
7.75,676,6.87264,3.7906,3.7649,-4.821,0.631
7.75,677,6.87491,3.7819,3.7625,-4.809,0.674
7.75,678,6.87656,3.7732,3.7597,-4.793,0.718
7.75,679,6.87810,3.7644,3.7571,-4.773,0.763
7.75,680,6.87962,3.7556,3.7543,-4.753,0.808
7.75,681,6.88107,3.7469,3.7511,-4.733,0.852
7.75,682,6.88245,3.7381,3.7475,-4.711,0.895
7.75,683,6.88375,3.7300,3.7473,-4.700,0.935
7.75,684,6.88484,3.7260,3.7571,-4.718,0.955
7.75,685,6.88592,3.7244,3.7604,-4.724,0.962
7.75,686,6.88727,3.7230,3.7606,-4.722,0.969
7.75,687,6.88817,3.7215,3.7590,-4.715,0.976
7.75,688,6.88888,3.7200,3.7573,-4.708,0.983
7.75,689,6.88954,3.7184,3.7558,-4.701,0.990
7.75,690,6.89062,3.7188,3.7588,-4.709,0.988
7.75,691,6.89213,3.7205,3.7549,-4.703,0.981
7.75,692,6.89363,3.7134,3.7495,-4.675,1.014
7.75,693,6.89452,3.7045,3.7454,-4.645,1.058
7.75,694,6.89525,3.6955,3.7413,-4.612,1.103
7.75,695,6.89589,3.6865,3.7371,-4.575,1.145
7.75,696,6.89650,3.6776,3.7324,-4.533,1.188
7.75,697,6.89711,3.6687,3.7264,-4.486,1.231
7.75,698,6.89776,3.6599,3.7187,-4.432,1.274
7.75,699,6.89855,3.6514,3.7069,-4.367,1.317
7.75,700,6.89962,3.6439,3.6877,-4.285,1.356
7.75,701,6.90060,3.6370,3.6648,-4.194,1.393
7.75,702,6.90153,3.6301,3.6422,-4.101,1.433
7.75,703,6.90275,3.6218,3.6328,-4.033,1.482
7.75,704,6.90622,3.6143,3.6463,-4.023,1.529
7.75,705,6.90981,3.6093,3.6638,-4.036,1.563
7.75,706,6.91105,3.6056,3.6836,-4.061,1.590
7.75,707,6.91152,3.6026,3.7022,-4.087,1.612
7.80,202,0.82979,3.7015,-0.5104,6.013,1.051
7.80,204,0.85525,3.7113,-0.4472,5.832,1.005
7.80,206,0.88026,3.7212,-0.3837,5.653,0.962
7.80,208,0.90501,3.7304,-0.3232,5.486,0.923
7.80,210,0.92993,3.7372,-0.2706,5.345,0.893
7.80,212,0.95445,3.7439,-0.2183,5.206,0.864
7.80,214,0.97851,3.7507,-0.1667,5.070,0.835
7.80,216,1.01038,3.7588,-0.1011,4.899,0.801
7.80,218,1.03005,3.7636,-0.0609,4.795,0.781
7.80,220,1.04894,3.7683,-0.0224,4.697,0.762
7.80,222,1.07127,3.7737,0.0227,4.581,0.740
7.80,224,1.09362,3.7790,0.0677,4.467,0.718
7.80,226,1.11878,3.7850,0.1173,4.341,0.694
7.80,228,1.13839,3.7894,0.1549,4.246,0.676
7.80,230,1.16169,3.7945,0.1979,4.138,0.656
7.80,232,1.19256,3.8009,0.2529,4.001,0.630
7.80,234,1.22471,3.8073,0.3082,3.863,0.605
7.80,236,1.25107,3.8125,0.3523,3.754,0.584
7.80,238,1.28409,3.8189,0.4060,3.621,0.559
7.80,240,1.31459,3.8249,0.4539,3.503,0.535
7.80,242,1.34651,3.8310,0.5024,3.384,0.511
7.80,244,1.37370,3.8363,0.5423,3.286,0.491
7.80,246,1.40648,3.8427,0.5889,3.172,0.465
7.80,248,1.43671,3.8488,0.6305,3.071,0.441
7.80,250,1.46781,3.8554,0.6717,2.971,0.416
7.80,252,1.63716,3.8930,0.8752,2.495,0.269
7.80,254,1.67634,3.9010,0.9181,2.396,0.236
7.80,256,1.71580,3.9088,0.9600,2.302,0.205
7.80,258,1.76392,3.9185,1.0099,2.194,0.167
7.80,260,1.80766,3.9275,1.0541,2.102,0.133
7.80,262,1.85233,3.9365,1.0980,2.014,0.102
7.80,264,1.89939,3.9454,1.1425,1.927,0.074
7.80,266,1.95165,3.9549,1.1908,1.836,0.047
7.80,268,1.99904,3.9630,1.2331,1.759,0.027
7.80,270,2.05122,3.9714,1.2781,1.678,0.008
7.80,272,2.10310,3.9795,1.3218,1.602,-0.009
7.80,274,2.15598,3.9872,1.3649,1.528,-0.024
7.80,276,2.20017,3.9934,1.4000,1.467,-0.036
7.80,278,2.26365,4.0020,1.4494,1.384,-0.051
7.80,280,2.31712,4.0089,1.4896,1.315,-0.062
7.80,282,2.37046,4.0157,1.5292,1.248,-0.072
7.80,284,2.42973,4.0229,1.5719,1.176,-0.082
7.80,286,2.48701,4.0296,1.6123,1.108,-0.091
7.80,288,2.54599,4.0363,1.6528,1.039,-0.099
7.80,290,2.59883,4.0421,1.6884,0.978,-0.106
7.80,292,2.66397,4.0490,1.7313,0.905,-0.114
7.80,294,2.72493,4.0553,1.7705,0.838,-0.121
7.80,296,2.78755,4.0616,1.8101,0.772,-0.128
7.80,298,2.85746,4.0683,1.8523,0.700,-0.134
7.80,300,2.92679,4.0749,1.8940,0.629,-0.141
7.80,302,2.99600,4.0814,1.9359,0.558,-0.147
7.80,304,3.06733,4.0875,1.9762,0.489,-0.153
7.80,306,3.13854,4.0935,2.0165,0.419,-0.158
7.80,308,3.21027,4.0995,2.0569,0.350,-0.164
7.80,310,3.28635,4.1056,2.0976,0.281,-0.169
7.80,312,3.36256,4.1117,2.1387,0.211,-0.175
7.80,314,3.44205,4.1178,2.1803,0.139,-0.180
7.80,316,3.52467,4.1237,2.2224,0.066,-0.185
7.80,318,3.60822,4.1296,2.2650,-0.008,-0.190
7.80,320,3.69620,4.1355,2.3079,-0.082,-0.195
7.80,322,3.78379,4.1413,2.3509,-0.158,-0.200
7.80,324,3.87460,4.1470,2.3939,-0.233,-0.205
7.80,326,3.96539,4.1526,2.4368,-0.309,-0.210
7.80,328,4.06172,4.1579,2.4796,-0.385,-0.215
7.80,330,4.16151,4.1631,2.5226,-0.463,-0.219
7.80,332,4.26095,4.1682,2.5661,-0.542,-0.224
7.80,334,4.35992,4.1731,2.6098,-0.624,-0.228
7.80,336,4.45830,4.1779,2.6540,-0.707,-0.232
7.80,338,4.55582,4.1824,2.6984,-0.792,-0.236
7.80,340,4.65685,4.1866,2.7427,-0.878,-0.240
7.80,342,4.76034,4.1904,2.7867,-0.966,-0.243
7.80,344,4.87129,4.1939,2.8334,-1.062,-0.247
7.80,346,4.98573,4.1970,2.8818,-1.166,-0.249
7.80,348,5.10173,4.2000,2.9300,-1.269,-0.252
7.80,350,5.21531,4.2024,2.9779,-1.376,-0.254
7.80,352,5.32751,4.2037,3.0246,-1.485,-0.255
7.80,353,5.38195,4.2041,3.0476,-1.541,-0.256
7.80,354,5.40431,4.2042,3.0571,-1.564,-0.256
7.80,356,5.44676,4.2043,3.0747,-1.608,-0.256
7.80,358,5.48813,4.2042,3.0919,-1.652,-0.256
7.80,360,5.52841,4.2040,3.1089,-1.696,-0.256
7.80,362,5.56746,4.2036,3.1256,-1.740,-0.256
7.80,364,5.60627,4.2031,3.1422,-1.785,-0.255
7.80,366,5.64991,4.2025,3.1599,-1.833,-0.255
7.80,368,5.69164,4.2018,3.1770,-1.880,-0.254
7.80,370,5.73140,4.2009,3.1936,-1.927,-0.254
7.80,372,5.76926,4.1998,3.2095,-1.973,-0.253
7.80,374,5.80520,4.1985,3.2249,-2.020,-0.252
7.80,376,5.83926,4.1971,3.2397,-2.065,-0.250
7.80,378,5.87164,4.1955,3.2539,-2.110,-0.249
7.80,380,5.90244,4.1938,3.2676,-2.155,-0.248
7.80,382,5.93177,4.1920,3.2808,-2.199,-0.246
7.80,384,5.95978,4.1901,3.2936,-2.242,-0.245
7.80,386,5.98654,4.1881,3.3060,-2.285,-0.243
7.80,388,6.01219,4.1860,3.3180,-2.327,-0.241
7.80,390,6.03693,4.1839,3.3298,-2.369,-0.239
7.80,392,6.06088,4.1817,3.3414,-2.411,-0.237
7.80,394,6.08439,4.1796,3.3531,-2.453,-0.235
7.80,396,6.10782,4.1775,3.3650,-2.495,-0.234
7.80,398,6.13188,4.1758,3.3779,-2.537,-0.232
7.80,400,6.15730,4.1751,3.3926,-2.578,-0.232
7.80,402,6.17850,4.1768,3.4068,-2.604,-0.233
7.80,404,6.18948,4.1800,3.4161,-2.609,-0.236
7.80,406,6.19577,4.1835,3.4229,-2.606,-0.239
7.80,408,6.19971,4.1870,3.4284,-2.599,-0.242
7.80,410,6.20231,4.1906,3.4333,-2.590,-0.245
7.80,412,6.20418,4.1941,3.4379,-2.581,-0.248
7.80,414,6.20559,4.1976,3.4425,-2.572,-0.252
7.80,416,6.20666,4.2011,3.4473,-2.564,-0.255
7.80,418,6.20749,4.2045,3.4522,-2.557,-0.258
7.80,420,6.20815,4.2078,3.4574,-2.550,-0.261
7.80,422,6.20867,4.2110,3.4629,-2.545,-0.263
7.80,424,6.20908,4.2140,3.4686,-2.542,-0.266
7.80,426,6.20942,4.2168,3.4744,-2.540,-0.269
7.80,428,6.20968,4.2192,3.4799,-2.540,-0.271
7.80,430,6.20989,4.2211,3.4843,-2.540,-0.272
7.80,432,6.21006,4.2222,3.4865,-2.539,-0.273
7.80,434,6.21019,4.2223,3.4857,-2.537,-0.273
7.80,436,6.21030,4.2218,3.4830,-2.533,-0.273
7.80,438,6.21039,4.2203,3.4770,-2.527,-0.272
7.80,440,6.21049,4.2180,3.4690,-2.520,-0.270
7.80,442,6.21058,4.2153,3.4609,-2.515,-0.267
7.80,444,6.21066,4.2124,3.4536,-2.514,-0.265
7.80,446,6.21075,4.2093,3.4477,-2.517,-0.262
7.80,448,6.21085,4.2060,3.4437,-2.526,-0.259
7.80,450,6.21095,4.2026,3.4418,-2.542,-0.256
7.80,452,6.21105,4.1991,3.4425,-2.564,-0.253
7.80,454,6.21116,4.1957,3.4455,-2.591,-0.250
7.80,455,6.21129,4.1917,3.4512,-2.629,-0.246
7.80,456,6.21143,4.1878,3.4581,-2.669,-0.243
7.80,457,6.21157,4.1839,3.4652,-2.710,-0.239
7.80,458,6.21172,4.1799,3.4720,-2.750,-0.236
7.80,459,6.21187,4.1759,3.4781,-2.789,-0.232
7.80,460,6.21204,4.1718,3.4834,-2.826,-0.228
7.80,461,6.21220,4.1676,3.4880,-2.861,-0.225
7.80,462,6.21238,4.1634,3.4919,-2.896,-0.221
7.80,463,6.21256,4.1591,3.4953,-2.928,-0.217
7.80,464,6.21274,4.1548,3.4982,-2.961,-0.213
7.80,465,6.21293,4.1505,3.5008,-2.992,-0.209
7.80,466,6.21312,4.1461,3.5031,-3.022,-0.205
7.80,467,6.21331,4.1417,3.5050,-3.052,-0.201
7.80,468,6.21350,4.1373,3.5067,-3.081,-0.197
7.80,469,6.21369,4.1329,3.5080,-3.109,-0.192
7.80,470,6.21388,4.1285,3.5091,-3.137,-0.188
7.80,471,6.21408,4.1240,3.5101,-3.164,-0.184
7.80,472,6.21427,4.1196,3.5108,-3.191,-0.180
7.80,473,6.21445,4.1151,3.5114,-3.217,-0.176
7.80,474,6.21464,4.1106,3.5117,-3.243,-0.171
7.80,475,6.21483,4.1061,3.5119,-3.268,-0.167
7.80,476,6.21501,4.1015,3.5120,-3.293,-0.163
7.80,477,6.21519,4.0970,3.5119,-3.317,-0.159
7.80,478,6.21536,4.0924,3.5118,-3.341,-0.154
7.80,479,6.21553,4.0879,3.5114,-3.364,-0.150
7.80,480,6.21570,4.0833,3.5110,-3.388,-0.146
7.80,481,6.21587,4.0787,3.5104,-3.410,-0.141
7.80,482,6.21603,4.0742,3.5098,-3.432,-0.137
7.80,483,6.21619,4.0696,3.5090,-3.453,-0.132
7.80,484,6.21634,4.0650,3.5082,-3.474,-0.127
7.80,485,6.21649,4.0604,3.5072,-3.495,-0.123
7.80,486,6.21664,4.0558,3.5061,-3.515,-0.118
7.80,487,6.21678,4.0511,3.5050,-3.535,-0.114
7.80,488,6.21692,4.0465,3.5038,-3.555,-0.109
7.80,489,6.21706,4.0419,3.5024,-3.574,-0.104
7.80,490,6.21719,4.0372,3.5011,-3.593,-0.099
7.80,491,6.21732,4.0326,3.4996,-3.611,-0.094
7.80,492,6.21744,4.0280,3.4981,-3.629,-0.089
7.80,493,6.21756,4.0233,3.4965,-3.647,-0.084
7.80,494,6.21768,4.0187,3.4948,-3.664,-0.079
7.80,495,6.21780,4.0140,3.4931,-3.681,-0.074
7.80,496,6.21791,4.0093,3.4913,-3.697,-0.069
7.80,497,6.21802,4.0047,3.4894,-3.713,-0.064
7.80,498,6.21813,4.0000,3.4874,-3.729,-0.059
7.80,499,6.21823,3.9954,3.4854,-3.744,-0.053
7.80,500,6.21833,3.9907,3.4833,-3.759,-0.048
7.80,501,6.21843,3.9860,3.4812,-3.774,-0.042
7.80,502,6.21852,3.9814,3.4790,-3.789,-0.036
7.80,503,6.21862,3.9767,3.4768,-3.803,-0.030
7.80,504,6.21871,3.9720,3.4745,-3.816,-0.024
7.80,505,6.21880,3.9673,3.4722,-3.829,-0.017
7.80,506,6.21888,3.9627,3.4698,-3.842,-0.010
7.80,507,6.21897,3.9580,3.4673,-3.854,-0.003
7.80,508,6.21905,3.9533,3.4648,-3.866,0.005
7.80,509,6.21913,3.9486,3.4622,-3.877,0.013
7.80,510,6.21920,3.9440,3.4596,-3.887,0.022
7.80,511,6.21928,3.9393,3.4569,-3.896,0.032
7.80,512,6.21935,3.9346,3.4541,-3.905,0.042
7.80,513,6.21942,3.9299,3.4514,-3.913,0.053
7.80,514,6.21949,3.9253,3.4486,-3.919,0.064
7.80,515,6.21956,3.9206,3.4457,-3.925,0.077
7.80,516,6.21962,3.9159,3.4428,-3.930,0.090
7.80,517,6.21969,3.9112,3.4399,-3.934,0.104
7.80,518,6.21975,3.9065,3.4369,-3.936,0.118
7.80,519,6.21981,3.9019,3.4339,-3.938,0.134
7.80,520,6.21987,3.8972,3.4308,-3.939,0.150
7.80,521,6.21993,3.8925,3.4277,-3.939,0.166
7.80,522,6.21998,3.8878,3.4247,-3.938,0.184
7.80,523,6.22004,3.8832,3.4215,-3.937,0.201
7.80,524,6.22009,3.8785,3.4184,-3.935,0.219
7.80,525,6.22014,3.8738,3.4152,-3.932,0.238
7.80,526,6.22019,3.8691,3.4120,-3.928,0.258
7.80,527,6.22024,3.8644,3.4088,-3.924,0.280
7.80,528,6.22029,3.8598,3.4056,-3.919,0.302
7.80,529,6.22034,3.8551,3.4023,-3.913,0.324
7.80,530,6.22038,3.8504,3.3990,-3.907,0.347
7.80,531,6.22042,3.8457,3.3957,-3.901,0.370
7.80,532,6.22047,3.8411,3.3923,-3.893,0.393
7.80,533,6.22051,3.8364,3.3890,-3.886,0.416
7.80,534,6.22055,3.8317,3.3857,-3.878,0.439
7.80,535,6.22059,3.8270,3.3823,-3.870,0.462
7.80,536,6.22063,3.8223,3.3789,-3.861,0.485
7.80,537,6.22067,3.8177,3.3755,-3.852,0.507
7.80,538,6.22071,3.8130,3.3721,-3.842,0.529
7.80,539,6.22074,3.8083,3.3686,-3.833,0.552
7.80,540,6.22078,3.8036,3.3651,-3.822,0.574
7.80,541,6.22081,3.7990,3.3617,-3.811,0.597
7.80,542,6.22084,3.7943,3.3582,-3.800,0.619
7.80,543,6.22088,3.7896,3.3546,-3.787,0.642
7.80,544,6.22091,3.7849,3.3511,-3.773,0.666
7.80,545,6.22094,3.7803,3.3476,-3.759,0.689
7.80,546,6.22097,3.7756,3.3440,-3.745,0.712
7.80,547,6.22100,3.7709,3.3404,-3.732,0.734
7.80,548,6.22103,3.7662,3.3368,-3.718,0.757
7.80,549,6.22106,3.7616,3.3332,-3.704,0.779
7.80,550,6.22109,3.7569,3.3295,-3.690,0.802
7.80,551,6.22112,3.7522,3.3258,-3.676,0.823
7.80,552,6.22114,3.7476,3.3221,-3.662,0.845
7.80,553,6.22117,3.7429,3.3184,-3.647,0.867
7.80,554,6.22119,3.7382,3.3146,-3.631,0.889
7.80,555,6.22122,3.7336,3.3107,-3.614,0.912
7.80,556,6.22125,3.7289,3.3067,-3.597,0.935
7.80,557,6.22127,3.7243,3.3027,-3.579,0.957
7.80,558,6.22130,3.7196,3.2985,-3.560,0.978
7.80,559,6.22132,3.7150,3.2939,-3.539,0.999
7.80,560,6.22135,3.7104,3.2890,-3.516,1.020
7.80,561,6.22138,3.7058,3.2836,-3.492,1.042
7.80,562,6.22141,3.7013,3.2777,-3.465,1.064
7.80,563,6.22144,3.6969,3.2711,-3.437,1.087
7.80,564,6.22148,3.6925,3.2637,-3.406,1.108
7.80,565,6.22152,3.6883,3.2550,-3.372,1.127
7.80,566,6.22157,3.6844,3.2439,-3.332,1.145
7.80,567,6.22163,3.6808,3.2316,-3.289,1.161
7.80,568,6.22168,3.6773,3.2189,-3.246,1.178
7.80,569,6.22174,3.6738,3.2061,-3.202,1.195
7.80,570,6.22180,3.6702,3.1937,-3.158,1.212
7.80,571,6.22187,3.6664,3.1827,-3.116,1.230
7.80,572,6.22194,3.6621,3.1752,-3.080,1.251
7.80,573,6.22202,3.6574,3.1747,-3.060,1.274
7.80,574,6.22209,3.6531,3.1820,-3.060,1.297
7.80,575,6.22214,3.6494,3.1939,-3.074,1.317
7.80,576,6.22219,3.6463,3.2081,-3.095,1.334
7.80,577,6.22223,3.6434,3.2233,-3.120,1.349
7.80,578,6.22227,3.6409,3.2393,-3.148,1.364
7.80,579,6.22230,3.6384,3.2556,-3.177,1.378
7.80,580,6.22233,3.6361,3.2723,-3.207,1.391
7.80,581,6.22236,3.6339,3.2892,-3.239,1.404
7.80,582,6.22239,3.6318,3.3062,-3.270,1.417
7.80,583,6.22242,3.6297,3.3233,-3.302,1.430
7.80,584,6.22246,3.6277,3.3405,-3.334,1.442
7.80,585,6.22249,3.6257,3.3578,-3.366,1.455
7.80,586,6.22253,3.6237,3.3751,-3.399,1.467
7.80,587,6.22257,3.6218,3.3925,-3.431,1.479
7.80,588,6.22262,3.6198,3.4098,-3.464,1.491
7.80,589,6.22269,3.6179,3.4271,-3.496,1.504
7.80,590,6.22278,3.6160,3.4444,-3.528,1.516
7.80,591,6.22292,3.6141,3.4613,-3.559,1.528
7.80,592,6.22309,3.6123,3.4779,-3.589,1.541
7.80,593,6.22330,3.6104,3.4942,-3.619,1.554
7.80,594,6.22352,3.6086,3.5103,-3.648,1.566
7.80,595,6.22376,3.6069,3.5264,-3.676,1.579
7.80,596,6.22399,3.6051,3.5425,-3.704,1.592
7.80,597,6.22424,3.6034,3.5586,-3.732,1.605
7.80,598,6.22449,3.6017,3.5746,-3.761,1.618
7.80,599,6.22475,3.6001,3.5909,-3.790,1.630
7.80,600,6.22502,3.5985,3.6074,-3.819,1.643
7.80,601,6.22529,3.5968,3.6241,-3.849,1.655
7.80,602,6.22559,3.5951,3.6412,-3.879,1.668
7.80,603,6.22594,3.5936,3.6570,-3.907,1.679
7.80,604,6.22648,3.5926,3.6680,-3.927,1.687
7.80,605,6.22790,3.5918,3.6768,-3.943,1.694
7.80,606,6.22817,3.5918,3.6769,-3.943,1.694
7.80,607,6.22849,3.5918,3.6766,-3.943,1.693
7.80,608,6.22887,3.5919,3.6761,-3.942,1.693
7.80,609,6.22930,3.5920,3.6754,-3.941,1.692
7.80,610,6.22976,3.5921,3.6747,-3.940,1.691
7.80,611,6.23028,3.5922,3.6739,-3.939,1.690
7.80,612,6.23083,3.5923,3.6732,-3.938,1.690
7.80,613,6.23140,3.5924,3.6725,-3.937,1.689
7.80,614,6.23199,3.5925,3.6718,-3.936,1.688
7.80,615,6.23259,3.5926,3.6711,-3.935,1.687
7.80,616,6.23316,3.5927,3.6704,-3.934,1.686
7.80,617,6.23373,3.5928,3.6696,-3.933,1.686
7.80,618,6.23433,3.5929,3.6688,-3.932,1.685
7.80,619,6.23498,3.5930,3.6681,-3.931,1.684
7.80,620,6.23561,3.5931,3.6673,-3.930,1.683
7.80,621,6.23623,3.5932,3.6665,-3.928,1.682
7.80,622,6.23686,3.5934,3.6657,-3.927,1.682
7.80,623,6.23752,3.5935,3.6649,-3.926,1.681
7.80,624,6.23817,3.5936,3.6641,-3.925,1.680
7.80,625,6.23878,3.5937,3.6632,-3.923,1.679
7.80,626,6.23941,3.5938,3.6624,-3.922,1.678
7.80,627,6.24005,3.5939,3.6615,-3.921,1.677
7.80,628,6.24067,3.5940,3.6606,-3.920,1.676
7.80,629,6.24130,3.5941,3.6597,-3.918,1.676
7.80,630,6.24192,3.5943,3.6588,-3.917,1.675
7.80,631,6.24251,3.5944,3.6579,-3.915,1.674
7.80,632,6.25561,3.5973,3.6343,-3.878,1.652
7.80,633,6.26736,3.6004,3.6080,-3.835,1.628
7.80,634,6.27782,3.6037,3.5801,-3.789,1.603
7.80,635,6.28776,3.6071,3.5512,-3.739,1.577
7.80,636,6.29809,3.6107,3.5216,-3.689,1.552
7.80,637,6.31020,3.6147,3.4917,-3.639,1.525
7.80,638,6.32655,3.6195,3.4618,-3.592,1.494
7.80,639,6.35570,3.6271,3.4411,-3.582,1.448
7.80,640,6.37881,3.6355,3.4568,-3.666,1.398
7.80,641,6.38846,3.6428,3.4834,-3.768,1.358
7.80,642,6.39329,3.6500,3.5113,-3.871,1.320
7.80,643,6.39594,3.6578,3.5353,-3.965,1.280
7.80,644,6.39773,3.6665,3.5530,-4.043,1.238
7.80,645,6.39875,3.6759,3.5619,-4.100,1.192
7.80,646,6.39964,3.6854,3.5686,-4.149,1.147
7.80,647,6.40059,3.6949,3.5735,-4.189,1.102
7.80,648,6.40171,3.7043,3.5777,-4.225,1.055
7.80,649,6.40310,3.7138,3.5818,-4.258,1.008
7.80,650,6.40487,3.7232,3.5867,-4.289,0.966
7.80,651,6.40678,3.7326,3.5922,-4.316,0.921
7.80,652,6.40860,3.7420,3.5977,-4.343,0.875
7.80,653,6.41057,3.7514,3.6028,-4.368,0.829
7.80,654,6.41306,3.7608,3.6080,-4.393,0.782
7.80,655,6.41680,3.7701,3.6140,-4.421,0.735
7.80,656,6.41993,3.7794,3.6206,-4.449,0.689
7.80,657,6.42283,3.7887,3.6267,-4.472,0.642
7.80,658,6.42730,3.7980,3.6331,-4.495,0.596
7.80,659,6.43158,3.8072,3.6402,-4.516,0.550
7.80,660,6.43552,3.8164,3.6476,-4.537,0.505
7.80,661,6.43869,3.8257,3.6537,-4.554,0.458
7.80,662,6.44399,3.8349,3.6602,-4.569,0.413
7.80,663,6.45651,3.8268,3.6639,-4.579,0.452
7.80,664,6.46832,3.8303,3.6739,-4.604,0.434
7.80,665,6.47572,3.8225,3.6757,-4.609,0.473
7.80,666,6.48368,3.8152,3.6779,-4.613,0.510
7.80,667,6.48827,3.8079,3.6778,-4.611,0.546
7.80,668,6.49170,3.8006,3.6765,-4.605,0.582
7.80,669,6.49458,3.7935,3.6755,-4.598,0.618
7.80,670,6.49704,3.7864,3.6742,-4.590,0.653
7.80,671,6.50084,3.7790,3.6743,-4.584,0.690
7.80,672,6.50520,3.7702,3.6742,-4.573,0.734
7.80,673,6.50945,3.7668,3.6782,-4.578,0.752
7.80,674,6.51317,3.7610,3.6753,-4.563,0.781
7.80,675,6.51532,3.7519,3.6725,-4.543,0.826
7.80,676,6.51709,3.7428,3.6695,-4.523,0.872
7.80,677,6.51849,3.7336,3.6664,-4.503,0.917
7.80,678,6.51965,3.7244,3.6629,-4.481,0.961
7.80,679,6.52068,3.7152,3.6591,-4.454,1.004
7.80,680,6.52163,3.7060,3.6548,-4.422,1.048
7.80,681,6.52256,3.6968,3.6500,-4.387,1.094
7.80,682,6.52352,3.6877,3.6444,-4.346,1.138
7.80,683,6.52445,3.6799,3.6462,-4.325,1.175
7.80,684,6.52511,3.6810,3.6693,-4.387,1.170
7.80,685,6.52561,3.6874,3.6776,-4.428,1.140
7.80,686,6.52613,3.6941,3.6799,-4.454,1.108
7.80,687,6.52652,3.7008,3.6802,-4.473,1.075
7.80,688,6.52688,3.7075,3.6801,-4.489,1.042
7.80,689,6.52727,3.7141,3.6796,-4.502,1.009
7.80,690,6.52786,3.7213,3.6800,-4.518,0.976
7.80,691,6.52885,3.7287,3.6779,-4.525,0.941
7.80,692,6.53122,3.7235,3.6718,-4.502,0.966
7.80,693,6.53249,3.7141,3.6679,-4.473,1.009
7.80,694,6.53350,3.7048,3.6640,-4.442,1.055
7.80,695,6.53438,3.6954,3.6600,-4.408,1.101
7.80,696,6.53519,3.6861,3.6557,-4.369,1.146
7.80,697,6.53600,3.6768,3.6504,-4.325,1.190
7.80,698,6.53686,3.6675,3.6438,-4.275,1.235
7.80,699,6.53781,3.6585,3.6342,-4.215,1.279
7.80,700,6.53921,3.6503,3.6168,-4.136,1.321
7.80,701,6.54054,3.6429,3.5939,-4.045,1.360
7.80,702,6.54172,3.6357,3.5700,-3.950,1.399
7.80,703,6.54321,3.6275,3.5544,-3.868,1.447
7.80,704,6.54728,3.6192,3.5630,-3.843,1.497
7.80,705,6.55114,3.6138,3.5810,-3.857,1.532
7.80,706,6.55246,3.6098,3.6022,-3.885,1.559
7.80,707,6.55295,3.6066,3.6223,-3.915,1.581
7.85,202,0.78496,3.6835,-0.6239,6.346,1.140
7.85,204,0.81077,3.6933,-0.5603,6.159,1.092
7.85,206,0.83614,3.7034,-0.4956,5.971,1.042
7.85,208,0.86110,3.7133,-0.4320,5.789,0.996
7.85,210,0.88569,3.7231,-0.3697,5.615,0.954
7.85,212,0.91014,3.7315,-0.3120,5.456,0.918
7.85,214,0.93449,3.7383,-0.2600,5.317,0.888
7.85,216,0.95847,3.7451,-0.2085,5.180,0.859
7.85,218,0.98396,3.7522,-0.1539,5.036,0.829
7.85,220,1.01375,3.7599,-0.0922,4.876,0.797
7.85,222,1.03225,3.7645,-0.0541,4.778,0.777
7.85,224,1.05143,3.7693,-0.0148,4.677,0.758
7.85,226,1.07388,3.7748,0.0305,4.561,0.735
7.85,228,1.09608,3.7801,0.0749,4.449,0.714
7.85,230,1.12145,3.7859,0.1240,4.324,0.690
7.85,232,1.14046,3.7901,0.1598,4.234,0.673
7.85,234,1.16468,3.7952,0.2040,4.123,0.653
7.85,236,1.19703,3.8018,0.2613,3.980,0.626
7.85,238,1.22780,3.8079,0.3141,3.849,0.602
7.85,240,1.25616,3.8135,0.3614,3.731,0.580
7.85,242,1.29003,3.8201,0.4161,3.596,0.554
7.85,244,1.31990,3.8259,0.4629,3.481,0.531
7.85,246,1.35106,3.8319,0.5098,3.365,0.508
7.85,248,1.37944,3.8374,0.5513,3.264,0.486
7.85,250,1.41318,3.8441,0.5989,3.148,0.460
7.85,252,1.44195,3.8500,0.6383,3.052,0.437
7.85,254,1.47528,3.8571,0.6821,2.946,0.409
7.85,256,1.63933,3.8935,0.8784,2.487,0.267
7.85,258,1.68004,3.9017,0.9229,2.385,0.233
7.85,260,1.71773,3.9092,0.9630,2.295,0.204
7.85,262,1.76723,3.9191,1.0142,2.184,0.164
7.85,264,1.81042,3.9280,1.0579,2.093,0.131
7.85,266,1.85391,3.9367,1.1006,2.008,0.101
7.85,268,1.90233,3.9458,1.1464,1.918,0.073
7.85,270,1.95448,3.9551,1.1944,1.827,0.047
7.85,272,1.99985,3.9629,1.2349,1.753,0.027
7.85,274,2.05378,3.9714,1.2815,1.670,0.008
7.85,276,2.10311,3.9790,1.3231,1.597,-0.009
7.85,278,2.15808,3.9869,1.3679,1.519,-0.024
7.85,280,2.20371,3.9933,1.4043,1.457,-0.036
7.85,282,2.26461,4.0015,1.4517,1.376,-0.050
7.85,284,2.31897,4.0085,1.4929,1.305,-0.061
7.85,286,2.37123,4.0150,1.5316,1.239,-0.071
7.85,288,2.43026,4.0222,1.5744,1.166,-0.081
7.85,290,2.48792,4.0289,1.6152,1.097,-0.090
7.85,292,2.54681,4.0355,1.6558,1.027,-0.098
7.85,294,2.59972,4.0413,1.6917,0.966,-0.105
7.85,296,2.66453,4.0481,1.7346,0.893,-0.113
7.85,298,2.72528,4.0543,1.7740,0.825,-0.120
7.85,300,2.78894,4.0607,1.8145,0.756,-0.127
7.85,302,2.85780,4.0673,1.8563,0.684,-0.133
7.85,304,2.92677,4.0737,1.8982,0.612,-0.140
7.85,306,2.99569,4.0802,1.9402,0.540,-0.146
7.85,308,3.06672,4.0862,1.9808,0.470,-0.152
7.85,310,3.13781,4.0921,2.0214,0.400,-0.157
7.85,312,3.20943,4.0981,2.0622,0.329,-0.163
7.85,314,3.28559,4.1041,2.1035,0.258,-0.168
7.85,316,3.36167,4.1101,2.1450,0.186,-0.173
7.85,318,3.44122,4.1161,2.1872,0.112,-0.179
7.85,320,3.52406,4.1219,2.2300,0.037,-0.184
7.85,322,3.60708,4.1277,2.2731,-0.039,-0.189
7.85,324,3.69483,4.1334,2.3166,-0.116,-0.194
7.85,326,3.78212,4.1390,2.3602,-0.194,-0.199
7.85,328,3.87197,4.1445,2.4036,-0.271,-0.203
7.85,330,3.96192,4.1499,2.4470,-0.350,-0.208
7.85,332,4.05710,4.1550,2.4904,-0.429,-0.213
7.85,334,4.15614,4.1599,2.5342,-0.511,-0.217
7.85,336,4.25456,4.1646,2.5783,-0.594,-0.221
7.85,338,4.35213,4.1692,2.6226,-0.679,-0.225
7.85,340,4.44891,4.1734,2.6674,-0.767,-0.229
7.85,342,4.54454,4.1774,2.7125,-0.857,-0.232
7.85,344,4.64197,4.1809,2.7573,-0.949,-0.235
7.85,346,4.74220,4.1838,2.8017,-1.043,-0.238
7.85,348,4.84568,4.1863,2.8476,-1.143,-0.240
7.85,350,4.95364,4.1881,2.8954,-1.253,-0.242
7.85,352,5.06038,4.1894,2.9425,-1.363,-0.243
7.85,353,5.11311,4.1900,2.9657,-1.419,-0.244
7.85,354,5.13561,4.1901,2.9758,-1.443,-0.244
7.85,356,5.17960,4.1903,2.9955,-1.491,-0.244
7.85,358,5.22267,4.1903,3.0146,-1.540,-0.244
7.85,360,5.26451,4.1900,3.0330,-1.588,-0.244
7.85,362,5.30462,4.1895,3.0509,-1.635,-0.243
7.85,364,5.34303,4.1889,3.0682,-1.683,-0.243
7.85,366,5.37966,4.1880,3.0850,-1.730,-0.242
7.85,368,5.41452,4.1870,3.1008,-1.776,-0.241
7.85,370,5.44776,4.1859,3.1157,-1.820,-0.240
7.85,372,5.47962,4.1846,3.1302,-1.863,-0.239
7.85,374,5.51000,4.1832,3.1442,-1.907,-0.238
7.85,376,5.53898,4.1816,3.1577,-1.950,-0.237
7.85,378,5.56671,4.1799,3.1708,-1.993,-0.235
7.85,380,5.59325,4.1781,3.1834,-2.035,-0.234
7.85,382,5.62178,4.1762,3.1964,-2.079,-0.232
7.85,384,5.65013,4.1742,3.2092,-2.123,-0.231
7.85,386,5.67726,4.1722,3.2216,-2.166,-0.229
7.85,388,5.70325,4.1701,3.2336,-2.208,-0.227
7.85,390,5.72834,4.1679,3.2454,-2.251,-0.225
7.85,392,5.75264,4.1657,3.2571,-2.293,-0.223
7.85,394,5.77657,4.1635,3.2688,-2.335,-0.221
7.85,396,5.80053,4.1615,3.2809,-2.377,-0.219
7.85,398,5.82536,4.1598,3.2942,-2.420,-0.218
7.85,400,5.85127,4.1596,3.3095,-2.460,-0.218
7.85,402,5.87034,4.1618,3.3229,-2.481,-0.220
7.85,404,5.88013,4.1651,3.3317,-2.483,-0.223
7.85,406,5.88588,4.1687,3.3383,-2.479,-0.226
7.85,408,5.88953,4.1723,3.3439,-2.472,-0.229
7.85,410,5.89214,4.1759,3.3490,-2.464,-0.232
7.85,412,5.89402,4.1795,3.3539,-2.456,-0.235
7.85,414,5.89545,4.1831,3.3589,-2.447,-0.239
7.85,416,5.89653,4.1866,3.3640,-2.439,-0.242
7.85,418,5.89738,4.1901,3.3693,-2.433,-0.245
7.85,420,5.89805,4.1934,3.3748,-2.427,-0.248
7.85,422,5.89857,4.1966,3.3806,-2.423,-0.251
7.85,424,5.89899,4.1996,3.3866,-2.421,-0.253
7.85,426,5.89932,4.2023,3.3926,-2.420,-0.256
7.85,428,5.89959,4.2046,3.3978,-2.420,-0.258
7.85,430,5.89981,4.2061,3.4014,-2.419,-0.259
7.85,432,5.89998,4.2068,3.4023,-2.418,-0.260
7.85,434,5.90011,4.2066,3.4004,-2.414,-0.259
7.85,436,5.90022,4.2056,3.3962,-2.409,-0.259
7.85,438,5.90032,4.2037,3.3889,-2.402,-0.257
7.85,440,5.90042,4.2012,3.3806,-2.396,-0.255
7.85,442,5.90052,4.1984,3.3727,-2.392,-0.252
7.85,444,5.90062,4.1954,3.3661,-2.394,-0.249
7.85,446,5.90072,4.1921,3.3612,-2.400,-0.247
7.85,448,5.90084,4.1887,3.3587,-2.414,-0.244
7.85,450,5.90095,4.1852,3.3587,-2.435,-0.240
7.85,452,5.90107,4.1817,3.3613,-2.461,-0.237
7.85,454,5.90120,4.1784,3.3658,-2.492,-0.235
7.85,455,5.90135,4.1746,3.3724,-2.531,-0.231
7.85,456,5.90150,4.1708,3.3794,-2.570,-0.228
7.85,457,5.90166,4.1670,3.3863,-2.609,-0.224
7.85,458,5.90184,4.1632,3.3926,-2.648,-0.221
7.85,459,5.90202,4.1592,3.3981,-2.684,-0.217
7.85,460,5.90220,4.1552,3.4028,-2.719,-0.213
7.85,461,5.90240,4.1511,3.4069,-2.753,-0.210
7.85,462,5.90260,4.1470,3.4104,-2.785,-0.206
7.85,463,5.90281,4.1428,3.4134,-2.816,-0.202
7.85,464,5.90302,4.1386,3.4160,-2.846,-0.198
7.85,465,5.90323,4.1344,3.4184,-2.876,-0.194
7.85,466,5.90345,4.1302,3.4204,-2.905,-0.190
7.85,467,5.90367,4.1259,3.4220,-2.933,-0.186
7.85,468,5.90389,4.1217,3.4234,-2.960,-0.182
7.85,469,5.90411,4.1174,3.4246,-2.987,-0.178
7.85,470,5.90434,4.1131,3.4255,-3.013,-0.174
7.85,471,5.90456,4.1087,3.4263,-3.039,-0.170
7.85,472,5.90478,4.1044,3.4269,-3.064,-0.166
7.85,473,5.90499,4.1000,3.4273,-3.089,-0.162
7.85,474,5.90521,4.0956,3.4275,-3.113,-0.158
7.85,475,5.90542,4.0913,3.4276,-3.136,-0.154
7.85,476,5.90563,4.0869,3.4275,-3.159,-0.149
7.85,477,5.90583,4.0825,3.4273,-3.182,-0.145
7.85,478,5.90603,4.0780,3.4270,-3.205,-0.141
7.85,479,5.90623,4.0736,3.4266,-3.226,-0.137
7.85,480,5.90642,4.0692,3.4260,-3.248,-0.133
7.85,481,5.90661,4.0647,3.4253,-3.269,-0.128
7.85,482,5.90680,4.0603,3.4246,-3.289,-0.124
7.85,483,5.90697,4.0558,3.4237,-3.309,-0.120
7.85,484,5.90715,4.0513,3.4227,-3.328,-0.115
7.85,485,5.90732,4.0469,3.4217,-3.348,-0.110
7.85,486,5.90749,4.0424,3.4205,-3.367,-0.106
7.85,487,5.90765,4.0379,3.4193,-3.385,-0.101
7.85,488,5.90780,4.0334,3.4179,-3.403,-0.096
7.85,489,5.90796,4.0289,3.4165,-3.421,-0.092
7.85,490,5.90811,4.0244,3.4151,-3.438,-0.087
7.85,491,5.90825,4.0199,3.4135,-3.455,-0.082
7.85,492,5.90839,4.0153,3.4119,-3.471,-0.077
7.85,493,5.90853,4.0108,3.4101,-3.488,-0.072
7.85,494,5.90866,4.0063,3.4084,-3.503,-0.067
7.85,495,5.90879,4.0018,3.4065,-3.519,-0.062
7.85,496,5.90892,3.9973,3.4046,-3.534,-0.056
7.85,497,5.90904,3.9927,3.4026,-3.549,-0.051
7.85,498,5.90916,3.9882,3.4005,-3.563,-0.045
7.85,499,5.90927,3.9837,3.3984,-3.577,-0.040
7.85,500,5.90939,3.9791,3.3963,-3.591,-0.034
7.85,501,5.90950,3.9746,3.3940,-3.604,-0.028
7.85,502,5.90960,3.9701,3.3917,-3.617,-0.021
7.85,503,5.90971,3.9655,3.3894,-3.630,-0.014
7.85,504,5.90981,3.9610,3.3870,-3.642,-0.007
7.85,505,5.90990,3.9564,3.3845,-3.653,0.000
7.85,506,5.91000,3.9519,3.3820,-3.664,0.008
7.85,507,5.91009,3.9473,3.3794,-3.675,0.016
7.85,508,5.91018,3.9428,3.3768,-3.684,0.025
7.85,509,5.91027,3.9383,3.3741,-3.693,0.035
7.85,510,5.91036,3.9337,3.3714,-3.701,0.044
7.85,511,5.91044,3.9292,3.3686,-3.708,0.055
7.85,512,5.91052,3.9246,3.3658,-3.714,0.067
7.85,513,5.91060,3.9201,3.3629,-3.720,0.079
7.85,514,5.91068,3.9155,3.3600,-3.724,0.092
7.85,515,5.91075,3.9110,3.3571,-3.727,0.106
7.85,516,5.91082,3.9064,3.3541,-3.729,0.120
7.85,517,5.91089,3.9019,3.3511,-3.731,0.135
7.85,518,5.91096,3.8973,3.3480,-3.731,0.151
7.85,519,5.91103,3.8928,3.3449,-3.731,0.167
7.85,520,5.91109,3.8882,3.3418,-3.730,0.184
7.85,521,5.91116,3.8837,3.3387,-3.728,0.201
7.85,522,5.91122,3.8792,3.3355,-3.726,0.219
7.85,523,5.91128,3.8746,3.3323,-3.723,0.237
7.85,524,5.91134,3.8701,3.3291,-3.719,0.257
7.85,525,5.91140,3.8655,3.3259,-3.714,0.278
7.85,526,5.91145,3.8610,3.3227,-3.709,0.300
7.85,527,5.91151,3.8564,3.3194,-3.704,0.321
7.85,528,5.91156,3.8519,3.3161,-3.698,0.343
7.85,529,5.91161,3.8473,3.3128,-3.692,0.366
7.85,530,5.91166,3.8428,3.3094,-3.684,0.388
7.85,531,5.91171,3.8382,3.3061,-3.677,0.410
7.85,532,5.91176,3.8337,3.3027,-3.669,0.432
7.85,533,5.91181,3.8291,3.2993,-3.661,0.454
7.85,534,5.91185,3.8246,3.2959,-3.653,0.476
7.85,535,5.91190,3.8200,3.2925,-3.644,0.498
7.85,536,5.91194,3.8155,3.2891,-3.634,0.519
7.85,537,5.91198,3.8109,3.2856,-3.625,0.541
7.85,538,5.91202,3.8064,3.2822,-3.614,0.563
7.85,539,5.91207,3.8018,3.2787,-3.604,0.584
7.85,540,5.91210,3.7973,3.2752,-3.593,0.606
7.85,541,5.91214,3.7928,3.2717,-3.581,0.628
7.85,542,5.91218,3.7882,3.2682,-3.568,0.650
7.85,543,5.91222,3.7837,3.2646,-3.554,0.673
7.85,544,5.91226,3.7791,3.2611,-3.540,0.695
7.85,545,5.91229,3.7746,3.2575,-3.527,0.717
7.85,546,5.91233,3.7700,3.2539,-3.513,0.740
7.85,547,5.91236,3.7655,3.2503,-3.500,0.761
7.85,548,5.91239,3.7609,3.2467,-3.486,0.783
7.85,549,5.91243,3.7564,3.2430,-3.472,0.804
7.85,550,5.91246,3.7519,3.2393,-3.459,0.825
7.85,551,5.91249,3.7473,3.2356,-3.445,0.846
7.85,552,5.91252,3.7428,3.2318,-3.431,0.867
7.85,553,5.91255,3.7382,3.2280,-3.415,0.889
7.85,554,5.91258,3.7337,3.2241,-3.398,0.910
7.85,555,5.91261,3.7292,3.2200,-3.381,0.932
7.85,556,5.91264,3.7247,3.2157,-3.362,0.954
7.85,557,5.91268,3.7202,3.2112,-3.342,0.974
7.85,558,5.91271,3.7157,3.2064,-3.321,0.995
7.85,559,5.91274,3.7113,3.2012,-3.298,1.015
7.85,560,5.91278,3.7069,3.1955,-3.273,1.036
7.85,561,5.91282,3.7026,3.1890,-3.246,1.057
7.85,562,5.91287,3.6984,3.1812,-3.216,1.078
7.85,563,5.91292,3.6944,3.1724,-3.183,1.097
7.85,564,5.91297,3.6905,3.1630,-3.148,1.115
7.85,565,5.91303,3.6867,3.1526,-3.111,1.133
7.85,566,5.91310,3.6832,3.1410,-3.070,1.149
7.85,567,5.91317,3.6797,3.1291,-3.029,1.165
7.85,568,5.91324,3.6761,3.1175,-2.988,1.182
7.85,569,5.91332,3.6723,3.1073,-2.949,1.200
7.85,570,5.91340,3.6684,3.1002,-2.917,1.219
7.85,571,5.91348,3.6644,3.0973,-2.894,1.239
7.85,572,5.91356,3.6604,3.0986,-2.882,1.259
7.85,573,5.91364,3.6564,3.1047,-2.881,1.279
7.85,574,5.91370,3.6529,3.1155,-2.893,1.298
7.85,575,5.91375,3.6498,3.1290,-2.913,1.314
7.85,576,5.91380,3.6470,3.1437,-2.937,1.329
7.85,577,5.91385,3.6445,3.1592,-2.964,1.343
7.85,578,5.91389,3.6421,3.1751,-2.993,1.356
7.85,579,5.91393,3.6399,3.1913,-3.023,1.369
7.85,580,5.91397,3.6377,3.2077,-3.054,1.381
7.85,581,5.91401,3.6357,3.2243,-3.085,1.393
7.85,582,5.91405,3.6336,3.2410,-3.116,1.405
7.85,583,5.91409,3.6317,3.2577,-3.148,1.417
7.85,584,5.91414,3.6297,3.2745,-3.180,1.429
7.85,585,5.91420,3.6278,3.2913,-3.211,1.441
7.85,586,5.91427,3.6259,3.3082,-3.243,1.453
7.85,587,5.91436,3.6240,3.3249,-3.275,1.465
7.85,588,5.91447,3.6222,3.3416,-3.306,1.476
7.85,589,5.91460,3.6204,3.3581,-3.337,1.488
7.85,590,5.91477,3.6185,3.3745,-3.368,1.499
7.85,591,5.91496,3.6167,3.3907,-3.398,1.511
7.85,592,5.91517,3.6150,3.4067,-3.428,1.522
7.85,593,5.91541,3.6132,3.4225,-3.457,1.534
7.85,594,5.91566,3.6115,3.4383,-3.486,1.546
7.85,595,5.91591,3.6098,3.4540,-3.514,1.558
7.85,596,5.91617,3.6081,3.4698,-3.543,1.570
7.85,597,5.91644,3.6065,3.4856,-3.571,1.581
7.85,598,5.91671,3.6049,3.5014,-3.600,1.593
7.85,599,5.91699,3.6033,3.5173,-3.629,1.605
7.85,600,5.91727,3.6018,3.5335,-3.658,1.617
7.85,601,5.91756,3.6002,3.5499,-3.688,1.629
7.85,602,5.91788,3.5986,3.5667,-3.718,1.642
7.85,603,5.91826,3.5971,3.5818,-3.745,1.652
7.85,604,5.91885,3.5962,3.5919,-3.764,1.660
7.85,605,5.92037,3.5955,3.6000,-3.778,1.665
7.85,606,5.92068,3.5955,3.6000,-3.779,1.665
7.85,607,5.92105,3.5955,3.5997,-3.778,1.665
7.85,608,5.92147,3.5956,3.5991,-3.777,1.664
7.85,609,5.92194,3.5957,3.5983,-3.776,1.663
7.85,610,5.92246,3.5958,3.5975,-3.775,1.662
7.85,611,5.92302,3.5959,3.5967,-3.774,1.662
7.85,612,5.92363,3.5960,3.5960,-3.773,1.661
7.85,613,5.92426,3.5962,3.5952,-3.772,1.660
7.85,614,5.92491,3.5963,3.5945,-3.771,1.659
7.85,615,5.92557,3.5964,3.5938,-3.770,1.658
7.85,616,5.92622,3.5965,3.5930,-3.768,1.658
7.85,617,5.92687,3.5966,3.5922,-3.767,1.657
7.85,618,5.92753,3.5967,3.5914,-3.766,1.656
7.85,619,5.92823,3.5968,3.5906,-3.765,1.655
7.85,620,5.92892,3.5969,3.5898,-3.764,1.654
7.85,621,5.92959,3.5970,3.5890,-3.762,1.653
7.85,622,5.93027,3.5971,3.5881,-3.761,1.653
7.85,623,5.93097,3.5973,3.5873,-3.760,1.652
7.85,624,5.93169,3.5974,3.5864,-3.759,1.651
7.85,625,5.93236,3.5975,3.5856,-3.757,1.650
7.85,626,5.93306,3.5976,3.5847,-3.756,1.649
7.85,627,5.93375,3.5977,3.5837,-3.754,1.648
7.85,628,5.93445,3.5978,3.5828,-3.753,1.647
7.85,629,5.93512,3.5980,3.5819,-3.752,1.646
7.85,630,5.93578,3.5981,3.5809,-3.750,1.645
7.85,631,5.93642,3.5982,3.5800,-3.749,1.644
7.85,632,5.94841,3.6007,3.5600,-3.717,1.625
7.85,633,5.95923,3.6033,3.5383,-3.682,1.605
7.85,634,5.96870,3.6060,3.5157,-3.643,1.585
7.85,635,5.97721,3.6087,3.4926,-3.603,1.566
7.85,636,5.98533,3.6115,3.4694,-3.563,1.546
7.85,637,5.99357,3.6143,3.4460,-3.522,1.528
7.85,638,6.00254,3.6172,3.4231,-3.482,1.508
7.85,639,6.01239,3.6204,3.4006,-3.444,1.488
7.85,640,6.02515,3.6239,3.3796,-3.411,1.466
7.85,641,6.04318,3.6284,3.3632,-3.394,1.439
7.85,642,6.06585,3.6343,3.3660,-3.433,1.404
7.85,643,6.07964,3.6395,3.3815,-3.497,1.374
7.85,644,6.08844,3.6447,3.4012,-3.571,1.347
7.85,645,6.09370,3.6499,3.4225,-3.648,1.319
7.85,646,6.09680,3.6554,3.4420,-3.721,1.291
7.85,647,6.09936,3.6612,3.4596,-3.789,1.262
7.85,648,6.10143,3.6674,3.4741,-3.849,1.232
7.85,649,6.10272,3.6741,3.4837,-3.898,1.199
7.85,650,6.10388,3.6810,3.4914,-3.941,1.166
7.85,651,6.10507,3.6879,3.4981,-3.980,1.134
7.85,652,6.10603,3.6950,3.5032,-4.013,1.100
7.85,653,6.10689,3.7021,3.5074,-4.043,1.065
7.85,654,6.10787,3.7092,3.5111,-4.071,1.029
7.85,655,6.10903,3.7164,3.5147,-4.096,0.996
7.85,656,6.11036,3.7235,3.5187,-4.120,0.964
7.85,657,6.11203,3.7307,3.5228,-4.140,0.930
7.85,658,6.11407,3.7378,3.5276,-4.162,0.894
7.85,659,6.11613,3.7450,3.5328,-4.185,0.860
7.85,660,6.11777,3.7521,3.5379,-4.207,0.825
7.85,661,6.11952,3.7593,3.5423,-4.227,0.790
7.85,662,6.12170,3.7665,3.5472,-4.249,0.754
7.85,663,6.12405,3.7737,3.5525,-4.271,0.718
7.85,664,6.12575,3.7808,3.5580,-4.292,0.682
7.85,665,6.12864,3.7876,3.5629,-4.311,0.648
7.85,666,6.13113,3.7947,3.5684,-4.330,0.613
7.85,667,6.13402,3.8020,3.5731,-4.346,0.577
7.85,668,6.13942,3.8093,3.5811,-4.369,0.541
7.85,669,6.14278,3.8156,3.5868,-4.384,0.510
7.85,670,6.14940,3.8216,3.5939,-4.403,0.480
7.85,671,6.15557,3.8154,3.5960,-4.407,0.511
7.85,672,6.16078,3.8088,3.5973,-4.409,0.543
7.85,673,6.17174,3.8109,3.6085,-4.438,0.533
7.85,674,6.17569,3.8040,3.6080,-4.435,0.566
7.85,675,6.17951,3.7972,3.6086,-4.433,0.600
7.85,676,6.18292,3.7902,3.6087,-4.428,0.635
7.85,677,6.18554,3.7832,3.6077,-4.420,0.670
7.85,678,6.18829,3.7818,3.6105,-4.426,0.676
7.85,679,6.19036,3.7750,3.6076,-4.412,0.711
7.85,680,6.19198,3.7678,3.6061,-4.399,0.747
7.85,681,6.19340,3.7606,3.6040,-4.384,0.783
7.85,682,6.19464,3.7535,3.6020,-4.369,0.819
7.85,683,6.19572,3.7463,3.5997,-4.353,0.854
7.85,684,6.19666,3.7391,3.5971,-4.337,0.889
7.85,685,6.19756,3.7319,3.5951,-4.322,0.925
7.85,686,6.19846,3.7246,3.5928,-4.307,0.960
7.85,687,6.20075,3.7219,3.5954,-4.309,0.972
7.85,688,6.20191,3.7147,3.5923,-4.286,1.005
7.85,689,6.20283,3.7077,3.5894,-4.263,1.039
7.85,690,6.20361,3.7007,3.5865,-4.238,1.073
7.85,691,6.20434,3.6939,3.5836,-4.212,1.107
7.85,692,6.20513,3.6869,3.5806,-4.184,1.141
7.85,693,6.20596,3.6798,3.5768,-4.151,1.174
7.85,694,6.20683,3.6727,3.5720,-4.114,1.208
7.85,695,6.20775,3.6657,3.5659,-4.073,1.242
7.85,696,6.20903,3.6591,3.5558,-4.021,1.274
7.85,697,6.21053,3.6530,3.5416,-3.960,1.305
7.85,698,6.21217,3.6509,3.5534,-3.980,1.316
7.85,699,6.21495,3.6488,3.5375,-3.931,1.327
7.85,700,6.21625,3.6435,3.5178,-3.857,1.355
7.85,701,6.21738,3.6379,3.4987,-3.783,1.385
7.85,702,6.21884,3.6314,3.4863,-3.719,1.422
7.85,703,6.22198,3.6249,3.4874,-3.686,1.462
7.85,704,6.22487,3.6199,3.4990,-3.687,1.492
7.85,705,6.22641,3.6161,3.5154,-3.706,1.517
7.85,706,6.22705,3.6130,3.5326,-3.731,1.537
7.85,707,6.22734,3.6105,3.5490,-3.756,1.554
7.90,202,0.74014,3.6656,-0.7373,6.692,1.238
7.90,204,0.76628,3.6754,-0.6733,6.497,1.183
7.90,206,0.79201,3.6856,-0.6075,6.299,1.130
7.90,208,0.81732,3.6957,-0.5426,6.108,1.080
7.90,210,0.84227,3.7056,-0.4792,5.924,1.031
7.90,212,0.86681,3.7154,-0.4170,5.748,0.987
7.90,214,0.89077,3.7249,-0.3563,5.578,0.947
7.90,216,0.91493,3.7327,-0.3010,5.427,0.912
7.90,218,0.93919,3.7396,-0.2489,5.288,0.882
7.90,220,0.96278,3.7464,-0.1980,5.152,0.854
7.90,222,0.98973,3.7539,-0.1403,5.001,0.822
7.90,224,1.01747,3.7611,-0.0825,4.851,0.791
7.90,226,1.03443,3.7655,-0.0475,4.761,0.773
7.90,228,1.05402,3.7704,-0.0073,4.657,0.753
7.90,230,1.07646,3.7758,0.0376,4.543,0.731
7.90,232,1.09855,3.7810,0.0813,4.432,0.710
7.90,234,1.12375,3.7866,0.1294,4.311,0.687
7.90,236,1.14307,3.7908,0.1654,4.220,0.671
7.90,238,1.16776,3.7959,0.2102,4.108,0.650
7.90,240,1.20131,3.8027,0.2695,3.960,0.623
7.90,242,1.23126,3.8086,0.3206,3.832,0.599
7.90,244,1.26156,3.8146,0.3710,3.707,0.576
7.90,246,1.29603,3.8213,0.4263,3.571,0.549
7.90,248,1.32634,3.8272,0.4734,3.455,0.526
7.90,250,1.35560,3.8328,0.5173,3.347,0.504
7.90,252,1.38570,3.8387,0.5610,3.240,0.481
7.90,254,1.42004,3.8455,0.6092,3.123,0.455
7.90,256,1.44762,3.8512,0.6466,3.032,0.432
7.90,258,1.48208,3.8586,0.6917,2.923,0.403
7.90,260,1.64222,3.8941,0.8826,2.477,0.264
7.90,262,1.68273,3.9023,0.9268,2.376,0.231
7.90,264,1.72117,3.9099,0.9676,2.285,0.201
7.90,266,1.76969,3.9196,1.0178,2.176,0.163
7.90,268,1.81434,3.9287,1.0629,2.082,0.129
7.90,270,1.85633,3.9371,1.1040,2.000,0.100
7.90,272,1.90388,3.9459,1.1490,1.912,0.072
7.90,274,1.95758,3.9554,1.1985,1.818,0.046
7.90,276,2.00251,3.9629,1.2386,1.745,0.027
7.90,278,2.05656,3.9713,1.2852,1.660,0.008
7.90,280,2.10649,3.9790,1.3273,1.587,-0.009
7.90,282,2.15927,3.9865,1.3704,1.511,-0.023
7.90,284,2.20562,3.9929,1.4075,1.447,-0.035
7.90,286,2.26549,4.0009,1.4542,1.366,-0.049
7.90,288,2.32036,4.0079,1.4960,1.295,-0.060
7.90,290,2.37231,4.0144,1.5347,1.228,-0.070
7.90,292,2.43089,4.0215,1.5773,1.156,-0.080
7.90,294,2.48910,4.0281,1.6186,1.084,-0.089
7.90,296,2.54725,4.0346,1.6590,1.015,-0.097
7.90,298,2.60041,4.0404,1.6953,0.953,-0.104
7.90,300,2.66443,4.0471,1.7380,0.879,-0.112
7.90,302,2.72529,4.0532,1.7777,0.810,-0.119
7.90,304,2.78870,4.0596,1.8184,0.740,-0.126
7.90,306,2.85787,4.0661,1.8608,0.667,-0.132
7.90,308,2.92674,4.0725,1.9030,0.594,-0.139
7.90,310,2.99523,4.0788,1.9452,0.521,-0.145
7.90,312,3.06612,4.0847,1.9861,0.449,-0.150
7.90,314,3.13707,4.0906,2.0271,0.377,-0.156
7.90,316,3.20840,4.0964,2.0684,0.304,-0.161
7.90,318,3.28443,4.1024,2.1101,0.232,-0.166
7.90,320,3.36075,4.1083,2.1523,0.158,-0.172
7.90,322,3.43997,4.1141,2.1950,0.082,-0.177
7.90,324,3.52272,4.1198,2.2385,0.004,-0.182
7.90,326,3.60555,4.1255,2.2824,-0.075,-0.187
7.90,328,3.69262,4.1310,2.3263,-0.154,-0.192
7.90,330,3.77953,4.1364,2.3706,-0.235,-0.196
7.90,332,3.86838,4.1416,2.4145,-0.316,-0.201
7.90,334,3.95731,4.1466,2.4584,-0.397,-0.205
7.90,336,4.05082,4.1514,2.5025,-0.480,-0.210
7.90,338,4.14844,4.1559,2.5468,-0.566,-0.213
7.90,340,4.24526,4.1601,2.5915,-0.654,-0.217
7.90,342,4.34092,4.1640,2.6365,-0.744,-0.221
7.90,344,4.43516,4.1676,2.6817,-0.837,-0.224
7.90,346,4.52765,4.1707,2.7270,-0.932,-0.227
7.90,348,4.61935,4.1732,2.7721,-1.031,-0.229
7.90,350,4.71416,4.1750,2.8160,-1.131,-0.230
7.90,352,4.80652,4.1760,2.8596,-1.234,-0.231
7.90,353,4.85678,4.1763,2.8827,-1.291,-0.232
7.90,354,4.87862,4.1763,2.8928,-1.316,-0.232
7.90,356,4.92112,4.1762,2.9127,-1.366,-0.232
7.90,358,4.96200,4.1759,2.9320,-1.417,-0.231
7.90,360,5.00131,4.1754,2.9509,-1.467,-0.231
7.90,362,5.04139,4.1750,2.9694,-1.516,-0.231
7.90,364,5.07992,4.1745,2.9874,-1.564,-0.230
7.90,366,5.11676,4.1737,3.0049,-1.613,-0.230
7.90,368,5.15195,4.1728,3.0219,-1.661,-0.229
7.90,370,5.18546,4.1717,3.0382,-1.708,-0.228
7.90,372,5.21741,4.1703,3.0536,-1.755,-0.227
7.90,374,5.24781,4.1687,3.0682,-1.801,-0.225
7.90,376,5.27655,4.1670,3.0821,-1.846,-0.224
7.90,378,5.30386,4.1651,3.0955,-1.890,-0.222
7.90,380,5.32982,4.1632,3.1084,-1.934,-0.221
7.90,382,5.35453,4.1611,3.1208,-1.977,-0.219
7.90,384,5.37816,4.1590,3.1328,-2.020,-0.217
7.90,386,5.40073,4.1568,3.1444,-2.062,-0.215
7.90,388,5.42303,4.1545,3.1556,-2.102,-0.213
7.90,390,5.44462,4.1522,3.1665,-2.143,-0.211
7.90,392,5.46577,4.1500,3.1774,-2.183,-0.209
7.90,394,5.48668,4.1477,3.1885,-2.224,-0.207
7.90,396,5.50780,4.1457,3.2002,-2.265,-0.205
7.90,398,5.52999,4.1442,3.2132,-2.306,-0.204
7.90,400,5.55235,4.1444,3.2281,-2.342,-0.204
7.90,402,5.56675,4.1470,3.2399,-2.357,-0.207
7.90,404,5.57424,4.1505,3.2479,-2.358,-0.210
7.90,406,5.57879,4.1541,3.2543,-2.353,-0.213
7.90,408,5.58175,4.1577,3.2598,-2.346,-0.216
7.90,410,5.58389,4.1614,3.2650,-2.338,-0.219
7.90,412,5.58545,4.1650,3.2701,-2.329,-0.223
7.90,414,5.58663,4.1686,3.2752,-2.321,-0.226
7.90,416,5.58753,4.1721,3.2805,-2.314,-0.229
7.90,418,5.58824,4.1756,3.2860,-2.308,-0.232
7.90,420,5.58879,4.1789,3.2919,-2.303,-0.235
7.90,422,5.58924,4.1821,3.2979,-2.300,-0.238
7.90,424,5.58958,4.1851,3.3042,-2.299,-0.240
7.90,426,5.58986,4.1877,3.3102,-2.298,-0.243
7.90,428,5.59008,4.1898,3.3152,-2.299,-0.244
7.90,430,5.59026,4.1911,3.3179,-2.298,-0.246
7.90,432,5.59040,4.1913,3.3175,-2.295,-0.246
7.90,434,5.59051,4.1907,3.3144,-2.291,-0.245
7.90,436,5.59061,4.1894,3.3087,-2.285,-0.244
7.90,438,5.59070,4.1871,3.3002,-2.277,-0.242
7.90,440,5.59079,4.1844,3.2917,-2.271,-0.240
7.90,442,5.59088,4.1814,3.2840,-2.269,-0.237
7.90,444,5.59097,4.1782,3.2780,-2.273,-0.234
7.90,446,5.59107,4.1747,3.2742,-2.283,-0.231
7.90,448,5.59118,4.1712,3.2731,-2.301,-0.228
7.90,450,5.59129,4.1677,3.2752,-2.327,-0.225
7.90,452,5.59141,4.1643,3.2796,-2.358,-0.222
7.90,454,5.59153,4.1609,3.2856,-2.392,-0.219
7.90,455,5.59166,4.1573,3.2929,-2.431,-0.216
7.90,456,5.59181,4.1537,3.3001,-2.470,-0.212
7.90,457,5.59196,4.1500,3.3066,-2.507,-0.209
7.90,458,5.59213,4.1462,3.3123,-2.543,-0.206
7.90,459,5.59230,4.1424,3.3172,-2.578,-0.202
7.90,460,5.59248,4.1384,3.3214,-2.610,-0.198
7.90,461,5.59266,4.1345,3.3249,-2.642,-0.195
7.90,462,5.59286,4.1305,3.3280,-2.672,-0.191
7.90,463,5.59305,4.1264,3.3307,-2.702,-0.187
7.90,464,5.59325,4.1223,3.3330,-2.730,-0.183
7.90,465,5.59346,4.1182,3.3350,-2.758,-0.180
7.90,466,5.59367,4.1141,3.3367,-2.785,-0.176
7.90,467,5.59388,4.1100,3.3381,-2.811,-0.172
7.90,468,5.59409,4.1058,3.3393,-2.836,-0.168
7.90,469,5.59430,4.1016,3.3402,-2.861,-0.164
7.90,470,5.59451,4.0974,3.3409,-2.886,-0.160
7.90,471,5.59472,4.0932,3.3415,-2.910,-0.156
7.90,472,5.59493,4.0890,3.3419,-2.933,-0.152
7.90,473,5.59513,4.0848,3.3421,-2.956,-0.148
7.90,474,5.59534,4.0805,3.3422,-2.979,-0.144
7.90,475,5.59554,4.0763,3.3420,-3.001,-0.140
7.90,476,5.59574,4.0720,3.3418,-3.022,-0.136
7.90,477,5.59593,4.0677,3.3415,-3.043,-0.132
7.90,478,5.59612,4.0634,3.3410,-3.064,-0.128
7.90,479,5.59631,4.0591,3.3404,-3.084,-0.124
7.90,480,5.59649,4.0548,3.3397,-3.104,-0.120
7.90,481,5.59666,4.0505,3.3390,-3.123,-0.115
7.90,482,5.59684,4.0462,3.3381,-3.142,-0.111
7.90,483,5.59701,4.0418,3.3370,-3.160,-0.106
7.90,484,5.59717,4.0375,3.3359,-3.178,-0.102
7.90,485,5.59733,4.0331,3.3348,-3.196,-0.097
7.90,486,5.59749,4.0288,3.3335,-3.213,-0.093
7.90,487,5.59764,4.0244,3.3321,-3.230,-0.088
7.90,488,5.59778,4.0201,3.3307,-3.247,-0.083
7.90,489,5.59793,4.0157,3.3292,-3.263,-0.079
7.90,490,5.59807,4.0113,3.3276,-3.279,-0.074
7.90,491,5.59820,4.0069,3.3259,-3.295,-0.069
7.90,492,5.59833,4.0025,3.3242,-3.310,-0.064
7.90,493,5.59846,3.9982,3.3223,-3.324,-0.058
7.90,494,5.59858,3.9938,3.3204,-3.339,-0.053
7.90,495,5.59870,3.9894,3.3184,-3.353,-0.047
7.90,496,5.59882,3.9850,3.3163,-3.367,-0.042
7.90,497,5.59893,3.9806,3.3142,-3.380,-0.036
7.90,498,5.59904,3.9762,3.3121,-3.393,-0.030
7.90,499,5.59915,3.9718,3.3099,-3.406,-0.024
7.90,500,5.59926,3.9674,3.3076,-3.418,-0.017
7.90,501,5.59936,3.9630,3.3052,-3.430,-0.010
7.90,502,5.59945,3.9586,3.3028,-3.441,-0.003
7.90,503,5.59955,3.9541,3.3003,-3.452,0.005
7.90,504,5.59964,3.9497,3.2977,-3.462,0.013
7.90,505,5.59973,3.9453,3.2951,-3.471,0.021
7.90,506,5.59982,3.9409,3.2925,-3.480,0.030
7.90,507,5.59991,3.9365,3.2898,-3.488,0.040
7.90,508,5.59999,3.9321,3.2871,-3.495,0.050
7.90,509,5.60008,3.9277,3.2843,-3.502,0.060
7.90,510,5.60017,3.9233,3.2815,-3.507,0.072
7.90,511,5.60025,3.9188,3.2786,-3.511,0.084
7.90,512,5.60034,3.9144,3.2757,-3.515,0.097
7.90,513,5.60042,3.9100,3.2727,-3.518,0.111
7.90,514,5.60050,3.9056,3.2697,-3.519,0.125
7.90,515,5.60058,3.9012,3.2666,-3.520,0.140
7.90,516,5.60065,3.8968,3.2636,-3.520,0.155
7.90,517,5.60072,3.8924,3.2605,-3.520,0.171
7.90,518,5.60080,3.8879,3.2573,-3.518,0.188
7.90,519,5.60087,3.8835,3.2542,-3.516,0.204
7.90,520,5.60093,3.8791,3.2510,-3.513,0.221
7.90,521,5.60100,3.8747,3.2478,-3.510,0.240
7.90,522,5.60106,3.8703,3.2445,-3.506,0.259
7.90,523,5.60113,3.8659,3.2413,-3.501,0.280
7.90,524,5.60119,3.8615,3.2380,-3.496,0.301
7.90,525,5.60125,3.8570,3.2348,-3.491,0.322
7.90,526,5.60131,3.8526,3.2315,-3.485,0.343
7.90,527,5.60136,3.8482,3.2282,-3.478,0.365
7.90,528,5.60142,3.8438,3.2248,-3.471,0.386
7.90,529,5.60147,3.8394,3.2214,-3.464,0.407
7.90,530,5.60152,3.8350,3.2180,-3.456,0.429
7.90,531,5.60158,3.8305,3.2146,-3.448,0.450
7.90,532,5.60163,3.8261,3.2112,-3.440,0.471
7.90,533,5.60168,3.8217,3.2077,-3.431,0.492
7.90,534,5.60172,3.8173,3.2043,-3.421,0.512
7.90,535,5.60177,3.8129,3.2008,-3.412,0.533
7.90,536,5.60182,3.8085,3.1974,-3.402,0.554
7.90,537,5.60186,3.8040,3.1939,-3.391,0.575
7.90,538,5.60191,3.7996,3.1904,-3.381,0.596
7.90,539,5.60195,3.7952,3.1869,-3.369,0.617
7.90,540,5.60199,3.7908,3.1834,-3.357,0.639
7.90,541,5.60203,3.7864,3.1798,-3.344,0.660
7.90,542,5.60207,3.7820,3.1763,-3.331,0.682
7.90,543,5.60211,3.7776,3.1727,-3.317,0.703
7.90,544,5.60215,3.7731,3.1691,-3.304,0.724
7.90,545,5.60219,3.7687,3.1655,-3.290,0.746
7.90,546,5.60222,3.7643,3.1619,-3.277,0.767
7.90,547,5.60226,3.7599,3.1583,-3.263,0.788
7.90,548,5.60230,3.7555,3.1546,-3.250,0.808
7.90,549,5.60233,3.7511,3.1509,-3.237,0.828
7.90,550,5.60236,3.7467,3.1472,-3.224,0.848
7.90,551,5.60240,3.7423,3.1435,-3.210,0.869
7.90,552,5.60243,3.7379,3.1396,-3.194,0.890
7.90,553,5.60247,3.7335,3.1358,-3.177,0.911
7.90,554,5.60250,3.7291,3.1317,-3.159,0.932
7.90,555,5.60253,3.7247,3.1274,-3.141,0.953
7.90,556,5.60257,3.7203,3.1228,-3.121,0.973
7.90,557,5.60261,3.7160,3.1178,-3.099,0.992
7.90,558,5.60265,3.7117,3.1124,-3.076,1.012
7.90,559,5.60269,3.7075,3.1064,-3.052,1.032
7.90,560,5.60273,3.7033,3.0998,-3.025,1.052
7.90,561,5.60278,3.6992,3.0922,-2.995,1.073
7.90,562,5.60285,3.6955,3.0824,-2.960,1.091
7.90,563,5.60292,3.6919,3.0713,-2.922,1.107
7.90,564,5.60299,3.6885,3.0597,-2.883,1.123
7.90,565,5.60306,3.6852,3.0478,-2.843,1.138
7.90,566,5.60313,3.6818,3.0359,-2.803,1.154
7.90,567,5.60321,3.6784,3.0244,-2.763,1.170
7.90,568,5.60330,3.6748,3.0141,-2.724,1.187
7.90,569,5.60340,3.6708,3.0066,-2.691,1.207
7.90,570,5.60350,3.6664,3.0052,-2.671,1.228
7.90,571,5.60359,3.6622,3.0108,-2.669,1.249
7.90,572,5.60367,3.6586,3.0213,-2.681,1.267
7.90,573,5.60373,3.6554,3.0340,-2.700,1.283
7.90,574,5.60379,3.6526,3.0482,-2.723,1.298
7.90,575,5.60384,3.6501,3.0631,-2.750,1.312
7.90,576,5.60389,3.6477,3.0783,-2.777,1.325
7.90,577,5.60393,3.6455,3.0940,-2.806,1.337
7.90,578,5.60398,3.6434,3.1099,-2.836,1.349
7.90,579,5.60402,3.6413,3.1259,-2.867,1.360
7.90,580,5.60407,3.6393,3.1421,-2.898,1.372
7.90,581,5.60412,3.6374,3.1583,-2.929,1.383
7.90,582,5.60417,3.6355,3.1747,-2.960,1.394
7.90,583,5.60422,3.6336,3.1910,-2.991,1.405
7.90,584,5.60429,3.6318,3.2074,-3.023,1.416
7.90,585,5.60437,3.6300,3.2238,-3.054,1.427
7.90,586,5.60447,3.6281,3.2401,-3.085,1.439
7.90,587,5.60460,3.6263,3.2563,-3.116,1.450
7.90,588,5.60477,3.6245,3.2721,-3.146,1.461
7.90,589,5.60497,3.6228,3.2879,-3.175,1.472
7.90,590,5.60520,3.6211,3.3033,-3.204,1.483
7.90,591,5.60544,3.6194,3.3188,-3.233,1.494
7.90,592,5.60569,3.6177,3.3342,-3.262,1.504
7.90,593,5.60594,3.6160,3.3496,-3.291,1.515
7.90,594,5.60620,3.6144,3.3650,-3.320,1.526
7.90,595,5.60646,3.6127,3.3803,-3.348,1.537
7.90,596,5.60672,3.6112,3.3957,-3.377,1.548
7.90,597,5.60700,3.6096,3.4112,-3.406,1.559
7.90,598,5.60728,3.6081,3.4267,-3.435,1.569
7.90,599,5.60755,3.6066,3.4423,-3.464,1.580
7.90,600,5.60784,3.6051,3.4582,-3.493,1.591
7.90,601,5.60812,3.6036,3.4744,-3.523,1.603
7.90,602,5.60844,3.6020,3.4907,-3.553,1.615
7.90,603,5.60883,3.6007,3.5050,-3.579,1.625
7.90,604,5.60943,3.5998,3.5143,-3.596,1.632
7.90,605,5.61098,3.5992,3.5213,-3.609,1.636
7.90,606,5.61132,3.5993,3.5213,-3.609,1.636
7.90,607,5.61173,3.5993,3.5210,-3.609,1.636
7.90,608,5.61218,3.5994,3.5203,-3.608,1.635
7.90,609,5.61266,3.5995,3.5194,-3.606,1.634
7.90,610,5.61322,3.5996,3.5185,-3.605,1.633
7.90,611,5.61381,3.5997,3.5176,-3.604,1.632
7.90,612,5.61445,3.5999,3.5168,-3.602,1.632
7.90,613,5.61512,3.6000,3.5160,-3.601,1.631
7.90,614,5.61578,3.6001,3.5152,-3.600,1.630
7.90,615,5.61647,3.6002,3.5144,-3.599,1.629
7.90,616,5.61716,3.6003,3.5136,-3.598,1.628
7.90,617,5.61785,3.6004,3.5127,-3.596,1.627
7.90,618,5.61854,3.6005,3.5119,-3.595,1.626
7.90,619,5.61925,3.6007,3.5110,-3.594,1.626
7.90,620,5.61994,3.6008,3.5101,-3.592,1.625
7.90,621,5.62063,3.6009,3.5091,-3.591,1.624
7.90,622,5.62131,3.6010,3.5082,-3.589,1.623
7.90,623,5.62201,3.6012,3.5072,-3.588,1.622
7.90,624,5.62275,3.6013,3.5063,-3.586,1.621
7.90,625,5.62345,3.6014,3.5054,-3.585,1.620
7.90,626,5.62417,3.6015,3.5044,-3.584,1.619
7.90,627,5.62486,3.6017,3.5034,-3.582,1.618
7.90,628,5.62557,3.6018,3.5024,-3.580,1.617
7.90,629,5.62623,3.6019,3.5014,-3.579,1.616
7.90,630,5.62688,3.6021,3.5003,-3.577,1.615
7.90,631,5.62754,3.6022,3.4993,-3.576,1.614
7.90,632,5.63856,3.6045,3.4802,-3.544,1.596
7.90,633,5.64854,3.6069,3.4599,-3.510,1.578
7.90,634,5.65729,3.6093,3.4385,-3.472,1.561
7.90,635,5.66504,3.6118,3.4167,-3.434,1.543
7.90,636,5.67236,3.6144,3.3948,-3.394,1.526
7.90,637,5.67961,3.6170,3.3726,-3.354,1.509
7.90,638,5.68708,3.6197,3.3506,-3.315,1.492
7.90,639,5.69511,3.6224,3.3287,-3.275,1.475
7.90,640,5.70455,3.6254,3.3077,-3.239,1.456
7.90,641,5.71651,3.6289,3.2884,-3.210,1.435
7.90,642,5.73164,3.6331,3.2759,-3.201,1.410
7.90,643,5.74863,3.6377,3.2714,-3.213,1.383
7.90,644,5.76787,3.6435,3.2812,-3.265,1.351
7.90,645,5.77977,3.6486,3.3025,-3.342,1.324
7.90,646,5.78529,3.6535,3.3232,-3.415,1.298
7.90,647,5.78969,3.6585,3.3426,-3.485,1.273
7.90,648,5.79285,3.6636,3.3607,-3.551,1.248
7.90,649,5.79500,3.6693,3.3753,-3.609,1.221
7.90,650,5.79716,3.6752,3.3879,-3.662,1.192
7.90,651,5.79969,3.6813,3.3995,-3.712,1.163
7.90,652,5.80147,3.6878,3.4076,-3.753,1.133
7.90,653,5.80281,3.6944,3.4137,-3.788,1.102
7.90,654,5.80442,3.7011,3.4184,-3.818,1.068
7.90,655,5.80625,3.7078,3.4235,-3.848,1.035
7.90,656,5.80788,3.7145,3.4284,-3.876,1.003
7.90,657,5.80972,3.7212,3.4332,-3.901,0.973
7.90,658,5.81131,3.7279,3.4386,-3.926,0.942
7.90,659,5.81279,3.7347,3.4435,-3.948,0.909
7.90,660,5.81409,3.7414,3.4481,-3.968,0.876
7.90,661,5.81548,3.7481,3.4523,-3.988,0.844
7.90,662,5.81710,3.7549,3.4568,-4.007,0.811
7.90,663,5.81891,3.7617,3.4614,-4.027,0.778
7.90,664,5.82078,3.7684,3.4661,-4.047,0.745
7.90,665,5.82880,3.7731,3.4736,-4.071,0.722
7.90,666,5.83372,3.7793,3.4816,-4.098,0.691
7.90,667,5.83638,3.7861,3.4869,-4.118,0.657
7.90,668,5.84025,3.7930,3.4933,-4.140,0.623
7.90,669,5.84530,3.7942,3.4969,-4.150,0.616
7.90,670,5.85022,3.7936,3.5000,-4.157,0.620
7.90,671,5.85759,3.7908,3.5058,-4.170,0.633
7.90,672,5.86263,3.7855,3.5066,-4.167,0.660
7.90,673,5.86976,3.7843,3.5129,-4.182,0.665
7.90,674,5.87275,3.7778,3.5111,-4.171,0.698
7.90,675,5.87543,3.7712,3.5104,-4.162,0.730
7.90,676,5.87823,3.7646,3.5104,-4.154,0.763
7.90,677,5.88132,3.7581,3.5101,-4.145,0.796
7.90,678,5.88344,3.7594,3.5149,-4.158,0.789
7.90,679,5.88614,3.7581,3.5143,-4.155,0.796
7.90,680,5.88828,3.7514,3.5128,-4.143,0.829
7.90,681,5.88979,3.7446,3.5106,-4.129,0.861
7.90,682,5.89106,3.7379,3.5083,-4.113,0.894
7.90,683,5.89215,3.7311,3.5059,-4.098,0.928
7.90,684,5.89312,3.7243,3.5033,-4.082,0.960
7.90,685,5.89404,3.7175,3.5009,-4.064,0.990
7.90,686,5.89495,3.7107,3.4982,-4.042,1.022
7.90,687,5.89657,3.7062,3.4978,-4.030,1.044
7.90,688,5.89771,3.6995,3.4945,-4.004,1.078
7.90,689,5.89889,3.6927,3.4914,-3.978,1.111
7.90,690,5.90024,3.6861,3.4869,-3.946,1.143
7.90,691,5.90244,3.6811,3.4852,-3.926,1.166
7.90,692,5.90425,3.6749,3.4771,-3.884,1.196
7.90,693,5.90567,3.6688,3.4680,-3.839,1.225
7.90,694,5.90697,3.6627,3.4581,-3.791,1.255
7.90,695,5.90829,3.6566,3.4476,-3.740,1.285
7.90,696,5.90966,3.6516,3.4437,-3.709,1.311
7.90,697,5.91079,3.6493,3.4470,-3.707,1.323
7.90,698,5.91234,3.6513,3.4574,-3.741,1.313
7.90,699,5.91532,3.6495,3.4407,-3.692,1.322
7.90,700,5.91690,3.6445,3.4223,-3.623,1.348
7.90,701,5.91859,3.6391,3.4067,-3.558,1.378
7.90,702,5.92125,3.6329,3.3997,-3.510,1.412
7.90,703,5.92475,3.6274,3.4054,-3.495,1.446
7.90,704,5.92713,3.6232,3.4185,-3.504,1.471
7.90,705,5.92822,3.6199,3.4342,-3.525,1.492
7.90,706,5.92873,3.6172,3.4502,-3.549,1.509
7.90,707,5.92898,3.6149,3.4654,-3.574,1.524
7.95,202,0.69710,3.6483,-0.8473,7.037,1.342
7.95,204,0.72180,3.6574,-0.7864,6.846,1.285
7.95,206,0.74789,3.6677,-0.7194,6.639,1.225
7.95,208,0.77355,3.6781,-0.6532,6.437,1.169
7.95,210,0.79885,3.6882,-0.5887,6.244,1.117
7.95,212,0.82376,3.6981,-0.5255,6.059,1.068
7.95,214,0.84814,3.7078,-0.4638,5.881,1.021
7.95,216,0.87221,3.7173,-0.4028,5.708,0.978
7.95,218,0.89605,3.7268,-0.3423,5.540,0.938
7.95,220,0.91976,3.7340,-0.2898,5.397,0.907
7.95,222,0.94341,3.7408,-0.2387,5.261,0.877
7.95,224,0.96692,3.7477,-0.1877,5.125,0.848
7.95,226,0.99530,3.7556,-0.1269,4.966,0.814
7.95,228,1.02063,3.7623,-0.0740,4.829,0.787
7.95,230,1.03656,3.7663,-0.0411,4.744,0.770
7.95,232,1.05661,3.7713,-0.0002,4.639,0.749
7.95,234,1.07901,3.7766,0.0442,4.526,0.728
7.95,236,1.10125,3.7817,0.0877,4.416,0.707
7.95,238,1.12603,3.7872,0.1345,4.298,0.685
7.95,240,1.14573,3.7914,0.1710,4.206,0.668
7.95,242,1.17098,3.7966,0.2167,4.091,0.647
7.95,244,1.20586,3.8036,0.2780,3.938,0.619
7.95,246,1.23465,3.8093,0.3271,3.816,0.596
7.95,248,1.26733,3.8158,0.3811,3.683,0.571
7.95,250,1.30169,3.8225,0.4361,3.547,0.545
7.95,252,1.33271,3.8285,0.4839,3.429,0.521
7.95,254,1.36016,3.8338,0.5249,3.328,0.500
7.95,256,1.39215,3.8400,0.5710,3.216,0.476
7.95,258,1.42527,3.8466,0.6172,3.103,0.450
7.95,260,1.45343,3.8525,0.6552,3.011,0.427
7.95,262,1.48760,3.8599,0.6997,2.904,0.398
7.95,264,1.64560,3.8948,0.8874,2.466,0.261
7.95,266,1.68510,3.9027,0.9305,2.367,0.229
7.95,268,1.72589,3.9108,0.9737,2.271,0.197
7.95,270,1.77262,3.9201,1.0220,2.166,0.161
7.95,272,1.81647,3.9290,1.0663,2.075,0.128
7.95,274,1.85833,3.9373,1.1072,1.992,0.099
7.95,276,1.90617,3.9460,1.1525,1.904,0.072
7.95,278,1.95907,3.9552,1.2012,1.811,0.046
7.95,280,2.00634,3.9631,1.2433,1.733,0.026
7.95,282,2.05776,3.9710,1.2877,1.652,0.008
7.95,284,2.10793,3.9787,1.3302,1.578,-0.008
7.95,286,2.15997,3.9859,1.3728,1.503,-0.022
7.95,288,2.20723,3.9924,1.4106,1.437,-0.034
7.95,290,2.26657,4.0003,1.4573,1.356,-0.048
7.95,292,2.32119,4.0072,1.4990,1.284,-0.059
7.95,294,2.37344,4.0137,1.5381,1.216,-0.069
7.95,296,2.43135,4.0206,1.5804,1.143,-0.079
7.95,298,2.49054,4.0273,1.6227,1.070,-0.088
7.95,300,2.54751,4.0336,1.6625,1.001,-0.096
7.95,302,2.60061,4.0393,1.6990,0.938,-0.103
7.95,304,2.66528,4.0460,1.7425,0.862,-0.111
7.95,306,2.72551,4.0520,1.7822,0.793,-0.118
7.95,308,2.78938,4.0584,1.8235,0.721,-0.125
7.95,310,2.85807,4.0647,1.8660,0.647,-0.131
7.95,312,2.92652,4.0710,1.9084,0.573,-0.137
7.95,314,2.99473,4.0772,1.9509,0.498,-0.143
7.95,316,3.06535,4.0831,1.9922,0.425,-0.149
7.95,318,3.13589,4.0888,2.0335,0.351,-0.154
7.95,320,3.20678,4.0945,2.0752,0.277,-0.160
7.95,322,3.28301,4.1004,2.1176,0.202,-0.165
7.95,324,3.35921,4.1061,2.1605,0.125,-0.170
7.95,326,3.43822,4.1118,2.2039,0.047,-0.175
7.95,328,3.52059,4.1173,2.2480,-0.033,-0.180
7.95,330,3.60296,4.1228,2.2925,-0.115,-0.185
7.95,332,3.68951,4.1280,2.3371,-0.198,-0.189
7.95,334,3.77556,4.1331,2.3821,-0.282,-0.194
7.95,336,3.86321,4.1379,2.4267,-0.367,-0.198
7.95,338,3.95066,4.1426,2.4710,-0.452,-0.202
7.95,340,4.04160,4.1468,2.5156,-0.540,-0.206
7.95,342,4.13729,4.1507,2.5605,-0.630,-0.209
7.95,344,4.23157,4.1542,2.6056,-0.723,-0.212
7.95,346,4.32406,4.1573,2.6508,-0.819,-0.215
7.95,348,4.41425,4.1598,2.6959,-0.918,-0.217
7.95,350,4.50161,4.1616,2.7406,-1.019,-0.219
7.95,352,4.58583,4.1628,2.7848,-1.123,-0.220
7.95,353,4.62887,4.1631,2.8063,-1.176,-0.220
7.95,354,4.64856,4.1631,2.8158,-1.199,-0.220
7.95,356,4.68704,4.1631,2.8346,-1.247,-0.220
7.95,358,4.72423,4.1629,2.8530,-1.294,-0.220
7.95,360,4.76014,4.1625,2.8710,-1.342,-0.220
7.95,362,4.79468,4.1619,2.8885,-1.389,-0.219
7.95,364,4.83103,4.1611,2.9064,-1.439,-0.219
7.95,366,4.86623,4.1600,2.9238,-1.489,-0.218
7.95,368,4.89955,4.1587,2.9405,-1.538,-0.217
7.95,370,4.93108,4.1573,2.9565,-1.587,-0.215
7.95,372,4.96082,4.1556,2.9717,-1.634,-0.214
7.95,374,4.98887,4.1538,2.9863,-1.682,-0.212
7.95,376,5.01673,4.1520,3.0006,-1.728,-0.211
7.95,378,5.04421,4.1502,3.0146,-1.773,-0.209
7.95,380,5.07035,4.1482,3.0280,-1.818,-0.208
7.95,382,5.09531,4.1462,3.0410,-1.863,-0.206
7.95,384,5.11917,4.1440,3.0536,-1.907,-0.204
7.95,386,5.14202,4.1418,3.0658,-1.950,-0.202
7.95,388,5.16393,4.1395,3.0776,-1.993,-0.200
7.95,390,5.18522,4.1371,3.0894,-2.036,-0.198
7.95,392,5.20604,4.1348,3.1010,-2.078,-0.196
7.95,394,5.22671,4.1326,3.1125,-2.120,-0.194
7.95,396,5.24793,4.1306,3.1248,-2.162,-0.192
7.95,398,5.27045,4.1296,3.1393,-2.204,-0.191
7.95,400,5.28955,4.1311,3.1538,-2.231,-0.192
7.95,402,5.29957,4.1343,3.1637,-2.238,-0.195
7.95,404,5.30515,4.1379,3.1709,-2.236,-0.199
7.95,406,5.30870,4.1416,3.1769,-2.230,-0.202
7.95,408,5.31110,4.1453,3.1824,-2.223,-0.205
7.95,410,5.31286,4.1490,3.1877,-2.215,-0.208
7.95,412,5.31416,4.1527,3.1930,-2.207,-0.212
7.95,414,5.31515,4.1563,3.1984,-2.200,-0.215
7.95,416,5.31591,4.1599,3.2040,-2.193,-0.218
7.95,418,5.31651,4.1633,3.2099,-2.188,-0.221
7.95,420,5.31699,4.1666,3.2160,-2.184,-0.224
7.95,422,5.31736,4.1698,3.2224,-2.182,-0.227
7.95,424,5.31766,4.1726,3.2287,-2.182,-0.229
7.95,426,5.31790,4.1750,3.2344,-2.182,-0.231
7.95,428,5.31809,4.1767,3.2384,-2.182,-0.233
7.95,430,5.31824,4.1774,3.2393,-2.180,-0.233
7.95,432,5.31836,4.1772,3.2371,-2.176,-0.233
7.95,434,5.31846,4.1760,3.2322,-2.170,-0.232
7.95,436,5.31855,4.1740,3.2243,-2.162,-0.230
7.95,438,5.31864,4.1714,3.2154,-2.155,-0.228
7.95,440,5.31872,4.1685,3.2072,-2.151,-0.226
7.95,442,5.31881,4.1653,3.2004,-2.153,-0.223
7.95,444,5.31891,4.1619,3.1958,-2.161,-0.220
7.95,446,5.31901,4.1584,3.1943,-2.178,-0.217
7.95,448,5.31912,4.1548,3.1959,-2.202,-0.214
7.95,450,5.31924,4.1513,3.2003,-2.233,-0.210
7.95,452,5.31936,4.1480,3.2063,-2.268,-0.207
7.95,454,5.31949,4.1447,3.2131,-2.303,-0.204
7.95,455,5.31963,4.1412,3.2203,-2.341,-0.201
7.95,456,5.31977,4.1376,3.2269,-2.378,-0.198
7.95,457,5.31993,4.1340,3.2327,-2.413,-0.195
7.95,458,5.32010,4.1302,3.2376,-2.446,-0.191
7.95,459,5.32028,4.1264,3.2417,-2.478,-0.188
7.95,460,5.32046,4.1226,3.2453,-2.509,-0.184
7.95,461,5.32065,4.1187,3.2484,-2.538,-0.180
7.95,462,5.32085,4.1148,3.2511,-2.567,-0.177
7.95,463,5.32105,4.1108,3.2534,-2.594,-0.173
7.95,464,5.32125,4.1068,3.2554,-2.621,-0.169
7.95,465,5.32146,4.1028,3.2570,-2.646,-0.166
7.95,466,5.32167,4.0988,3.2584,-2.672,-0.162
7.95,467,5.32188,4.0948,3.2596,-2.696,-0.158
7.95,468,5.32210,4.0907,3.2605,-2.720,-0.154
7.95,469,5.32231,4.0867,3.2612,-2.744,-0.150
7.95,470,5.32253,4.0826,3.2618,-2.767,-0.146
7.95,471,5.32274,4.0785,3.2621,-2.789,-0.143
7.95,472,5.32295,4.0744,3.2623,-2.811,-0.139
7.95,473,5.32316,4.0703,3.2624,-2.832,-0.135
7.95,474,5.32336,4.0661,3.2623,-2.853,-0.131
7.95,475,5.32356,4.0620,3.2621,-2.873,-0.127
7.95,476,5.32376,4.0578,3.2617,-2.893,-0.123
7.95,477,5.32396,4.0536,3.2612,-2.913,-0.119
7.95,478,5.32415,4.0495,3.2606,-2.932,-0.115
7.95,479,5.32433,4.0453,3.2600,-2.951,-0.111
7.95,480,5.32451,4.0411,3.2592,-2.969,-0.106
7.95,481,5.32469,4.0369,3.2583,-2.987,-0.102
7.95,482,5.32486,4.0326,3.2573,-3.005,-0.098
7.95,483,5.32503,4.0284,3.2562,-3.022,-0.093
7.95,484,5.32520,4.0242,3.2550,-3.039,-0.089
7.95,485,5.32536,4.0200,3.2538,-3.055,-0.084
7.95,486,5.32551,4.0157,3.2524,-3.071,-0.080
7.95,487,5.32566,4.0115,3.2510,-3.087,-0.075
7.95,488,5.32581,4.0072,3.2495,-3.102,-0.070
7.95,489,5.32595,4.0030,3.2479,-3.117,-0.065
7.95,490,5.32609,3.9987,3.2463,-3.132,-0.060
7.95,491,5.32623,3.9944,3.2445,-3.146,-0.055
7.95,492,5.32636,3.9902,3.2427,-3.160,-0.049
7.95,493,5.32649,3.9859,3.2408,-3.174,-0.044
7.95,494,5.32661,3.9816,3.2389,-3.187,-0.038
7.95,495,5.32673,3.9774,3.2368,-3.200,-0.032
7.95,496,5.32685,3.9731,3.2347,-3.213,-0.026
7.95,497,5.32696,3.9688,3.2326,-3.225,-0.019
7.95,498,5.32707,3.9645,3.2304,-3.236,-0.012
7.95,499,5.32718,3.9602,3.2281,-3.248,-0.005
7.95,500,5.32729,3.9559,3.2257,-3.258,0.002
7.95,501,5.32739,3.9517,3.2234,-3.269,0.010
7.95,502,5.32749,3.9474,3.2209,-3.278,0.018
7.95,503,5.32758,3.9431,3.2184,-3.287,0.027
7.95,504,5.32767,3.9388,3.2158,-3.295,0.036
7.95,505,5.32776,3.9345,3.2132,-3.303,0.045
7.95,506,5.32785,3.9302,3.2106,-3.310,0.056
7.95,507,5.32794,3.9259,3.2078,-3.315,0.067
7.95,508,5.32802,3.9216,3.2051,-3.320,0.078
7.95,509,5.32810,3.9173,3.2023,-3.324,0.090
7.95,510,5.32818,3.9130,3.1994,-3.327,0.103
7.95,511,5.32826,3.9087,3.1965,-3.329,0.117
7.95,512,5.32833,3.9044,3.1936,-3.331,0.131
7.95,513,5.32840,3.9001,3.1906,-3.331,0.145
7.95,514,5.32847,3.8958,3.1875,-3.331,0.161
7.95,515,5.32854,3.8916,3.1845,-3.330,0.176
7.95,516,5.32861,3.8873,3.1813,-3.329,0.192
7.95,517,5.32867,3.8830,3.1782,-3.326,0.208
7.95,518,5.32874,3.8787,3.1750,-3.323,0.225
7.95,519,5.32880,3.8744,3.1719,-3.320,0.243
7.95,520,5.32886,3.8701,3.1686,-3.316,0.263
7.95,521,5.32892,3.8658,3.1654,-3.311,0.283
7.95,522,5.32898,3.8615,3.1621,-3.306,0.303
7.95,523,5.32903,3.8572,3.1588,-3.300,0.324
7.95,524,5.32909,3.8529,3.1554,-3.294,0.345
7.95,525,5.32914,3.8486,3.1521,-3.287,0.366
7.95,526,5.32919,3.8443,3.1487,-3.280,0.386
7.95,527,5.32924,3.8400,3.1453,-3.272,0.407
7.95,528,5.32929,3.8357,3.1419,-3.264,0.427
7.95,529,5.32934,3.8314,3.1385,-3.256,0.448
7.95,530,5.32938,3.8271,3.1350,-3.248,0.468
7.95,531,5.32943,3.8228,3.1315,-3.239,0.488
7.95,532,5.32947,3.8185,3.1280,-3.230,0.508
7.95,533,5.32952,3.8142,3.1245,-3.220,0.528
7.95,534,5.32956,3.8099,3.1210,-3.210,0.549
7.95,535,5.32960,3.8056,3.1175,-3.200,0.569
7.95,536,5.32964,3.8014,3.1140,-3.189,0.589
7.95,537,5.32968,3.7971,3.1104,-3.178,0.610
7.95,538,5.32972,3.7928,3.1068,-3.166,0.630
7.95,539,5.32976,3.7885,3.1033,-3.154,0.651
7.95,540,5.32980,3.7842,3.0997,-3.141,0.672
7.95,541,5.32983,3.7799,3.0961,-3.128,0.692
7.95,542,5.32987,3.7756,3.0924,-3.115,0.713
7.95,543,5.32990,3.7713,3.0888,-3.101,0.733
7.95,544,5.32994,3.7670,3.0851,-3.088,0.754
7.95,545,5.32997,3.7627,3.0815,-3.074,0.774
7.95,546,5.33000,3.7584,3.0778,-3.061,0.794
7.95,547,5.33004,3.7541,3.0740,-3.047,0.814
7.95,548,5.33007,3.7498,3.0703,-3.034,0.834
7.95,549,5.33010,3.7456,3.0665,-3.021,0.853
7.95,550,5.33013,3.7413,3.0626,-3.006,0.873
7.95,551,5.33016,3.7370,3.0586,-2.990,0.893
7.95,552,5.33019,3.7327,3.0545,-2.973,0.913
7.95,553,5.33023,3.7285,3.0501,-2.954,0.934
7.95,554,5.33026,3.7243,3.0454,-2.934,0.954
7.95,555,5.33029,3.7201,3.0404,-2.914,0.973
7.95,556,5.33033,3.7159,3.0350,-2.891,0.992
7.95,557,5.33037,3.7118,3.0290,-2.867,1.011
7.95,558,5.33041,3.7077,3.0224,-2.841,1.030
7.95,559,5.33046,3.7038,3.0145,-2.812,1.049
7.95,560,5.33052,3.7001,3.0054,-2.780,1.067
7.95,561,5.33058,3.6967,2.9948,-2.744,1.084
7.95,562,5.33064,3.6933,2.9835,-2.706,1.100
7.95,563,5.33071,3.6901,2.9719,-2.668,1.115
7.95,564,5.33077,3.6868,2.9602,-2.629,1.130
7.95,565,5.33084,3.6836,2.9488,-2.590,1.145
7.95,566,5.33092,3.6801,2.9382,-2.552,1.160
7.95,567,5.33100,3.6764,2.9296,-2.518,1.178
7.95,568,5.33109,3.6723,2.9253,-2.493,1.198
7.95,569,5.33118,3.6682,2.9271,-2.483,1.218
7.95,570,5.33126,3.6643,2.9347,-2.487,1.237
7.95,571,5.33133,3.6610,2.9459,-2.502,1.254
7.95,572,5.33138,3.6581,2.9590,-2.523,1.269
7.95,573,5.33143,3.6555,2.9730,-2.547,1.282
7.95,574,5.33148,3.6531,2.9876,-2.574,1.295
7.95,575,5.33152,3.6508,3.0027,-2.602,1.307
7.95,576,5.33157,3.6487,3.0180,-2.630,1.319
7.95,577,5.33161,3.6467,3.0335,-2.660,1.330
7.95,578,5.33165,3.6447,3.0492,-2.690,1.341
7.95,579,5.33170,3.6428,3.0649,-2.721,1.352
7.95,580,5.33174,3.6409,3.0808,-2.752,1.363
7.95,581,5.33180,3.6390,3.0967,-2.783,1.373
7.95,582,5.33185,3.6372,3.1126,-2.814,1.383
7.95,583,5.33192,3.6354,3.1286,-2.845,1.394
7.95,584,5.33201,3.6337,3.1445,-2.875,1.404
7.95,585,5.33211,3.6319,3.1603,-2.906,1.415
7.95,586,5.33224,3.6302,3.1759,-2.936,1.425
7.95,587,5.33240,3.6285,3.1914,-2.965,1.436
7.95,588,5.33259,3.6268,3.2066,-2.994,1.447
7.95,589,5.33278,3.6251,3.2217,-3.023,1.457
7.95,590,5.33299,3.6235,3.2369,-3.052,1.467
7.95,591,5.33319,3.6219,3.2520,-3.080,1.477
7.95,592,5.33341,3.6203,3.2671,-3.109,1.488
7.95,593,5.33362,3.6187,3.2822,-3.138,1.498
7.95,594,5.33384,3.6171,3.2973,-3.166,1.508
7.95,595,5.33406,3.6155,3.3124,-3.195,1.518
7.95,596,5.33429,3.6140,3.3274,-3.224,1.528
7.95,597,5.33453,3.6126,3.3426,-3.253,1.538
7.95,598,5.33476,3.6111,3.3578,-3.282,1.548
7.95,599,5.33500,3.6096,3.3731,-3.311,1.558
7.95,600,5.33523,3.6082,3.3887,-3.340,1.569
7.95,601,5.33548,3.6067,3.4045,-3.370,1.579
7.95,602,5.33574,3.6052,3.4205,-3.400,1.590
7.95,603,5.33606,3.6039,3.4343,-3.425,1.600
7.95,604,5.33657,3.6032,3.4428,-3.441,1.606
7.95,605,5.33783,3.6027,3.4487,-3.452,1.610
7.95,606,5.33811,3.6027,3.4488,-3.453,1.610
7.95,607,5.33846,3.6027,3.4485,-3.452,1.609
7.95,608,5.33884,3.6028,3.4477,-3.451,1.609
7.95,609,5.33924,3.6029,3.4467,-3.449,1.608
7.95,610,5.33972,3.6031,3.4457,-3.448,1.607
7.95,611,5.34028,3.6032,3.4448,-3.446,1.606
7.95,612,5.34087,3.6033,3.4439,-3.445,1.605
7.95,613,5.34143,3.6034,3.4429,-3.444,1.604
7.95,614,5.34199,3.6036,3.4420,-3.442,1.603
7.95,615,5.34259,3.6037,3.4411,-3.441,1.602
7.95,616,5.34319,3.6038,3.4401,-3.439,1.601
7.95,617,5.34382,3.6039,3.4393,-3.438,1.600
7.95,618,5.34443,3.6041,3.4383,-3.436,1.599
7.95,619,5.34503,3.6042,3.4373,-3.435,1.598
7.95,620,5.34562,3.6043,3.4363,-3.433,1.597
7.95,621,5.34623,3.6044,3.4353,-3.432,1.596
7.95,622,5.34686,3.6046,3.4342,-3.430,1.595
7.95,623,5.34750,3.6047,3.4332,-3.428,1.594
7.95,624,5.34812,3.6048,3.4321,-3.426,1.593
7.95,625,5.34874,3.6050,3.4311,-3.425,1.592
7.95,626,5.34937,3.6051,3.4300,-3.423,1.591
7.95,627,5.34999,3.6052,3.4289,-3.421,1.590
7.95,628,5.35059,3.6054,3.4278,-3.419,1.589
7.95,629,5.35120,3.6055,3.4267,-3.417,1.588
7.95,630,5.35181,3.6057,3.4256,-3.416,1.587
7.95,631,5.35244,3.6058,3.4244,-3.414,1.586
7.95,632,5.36144,3.6081,3.4051,-3.381,1.569
7.95,633,5.36911,3.6105,3.3839,-3.344,1.552
7.95,634,5.37603,3.6130,3.3618,-3.303,1.535
7.95,635,5.38239,3.6155,3.3391,-3.262,1.518
7.95,636,5.38842,3.6182,3.3161,-3.220,1.501
7.95,637,5.39444,3.6208,3.2926,-3.176,1.485
7.95,638,5.40054,3.6236,3.2692,-3.133,1.467
7.95,639,5.40714,3.6263,3.2469,-3.092,1.450
7.95,640,5.41429,3.6291,3.2251,-3.053,1.433
7.95,641,5.42274,3.6322,3.2044,-3.017,1.414
7.95,642,5.43385,3.6356,3.1858,-2.988,1.394
7.95,643,5.44914,3.6399,3.1722,-2.976,1.369
7.95,644,5.46998,3.6456,3.1774,-3.015,1.338
7.95,645,5.48077,3.6505,3.1970,-3.086,1.312
7.95,646,5.48768,3.6550,3.2180,-3.158,1.289
7.95,647,5.49348,3.6593,3.2391,-3.229,1.267
7.95,648,5.49720,3.6638,3.2594,-3.298,1.245
7.95,649,5.49983,3.6687,3.2777,-3.363,1.222
7.95,650,5.50236,3.6740,3.2937,-3.422,1.197
7.95,651,5.50546,3.6796,3.3079,-3.477,1.170
7.95,652,5.50757,3.6857,3.3174,-3.521,1.141
7.95,653,5.50924,3.6920,3.3251,-3.559,1.112
7.95,654,5.51098,3.6985,3.3308,-3.591,1.081
7.95,655,5.51286,3.7049,3.3366,-3.623,1.049
7.95,656,5.51461,3.7113,3.3419,-3.652,1.018
7.95,657,5.51649,3.7177,3.3475,-3.680,0.988
7.95,658,5.51774,3.7241,3.3531,-3.706,0.959
7.95,659,5.51882,3.7305,3.3581,-3.728,0.928
7.95,660,5.51980,3.7370,3.3627,-3.749,0.897
7.95,661,5.52084,3.7435,3.3668,-3.768,0.866
7.95,662,5.52198,3.7499,3.3711,-3.787,0.835
7.95,663,5.52331,3.7564,3.3752,-3.804,0.804
7.95,664,5.52621,3.7619,3.3791,-3.820,0.778
7.95,665,5.53558,3.7619,3.3866,-3.839,0.777
7.95,666,5.54116,3.7675,3.3959,-3.869,0.750
7.95,667,5.54458,3.7734,3.4020,-3.891,0.721
7.95,668,5.54764,3.7763,3.4058,-3.904,0.706
7.95,669,5.55280,3.7725,3.4072,-3.904,0.725
7.95,670,5.55718,3.7679,3.4096,-3.904,0.748
7.95,671,5.56384,3.7681,3.4167,-3.922,0.747
7.95,672,5.56789,3.7633,3.4166,-3.916,0.770
7.95,673,5.57103,3.7588,3.4179,-3.914,0.793
7.95,674,5.57293,3.7525,3.4151,-3.900,0.823
7.95,675,5.57444,3.7461,3.4131,-3.887,0.854
7.95,676,5.57647,3.7397,3.4129,-3.878,0.884
7.95,677,5.57952,3.7343,3.4138,-3.873,0.911
7.95,678,5.58115,3.7373,3.4196,-3.891,0.896
7.95,679,5.58401,3.7403,3.4209,-3.899,0.881
7.95,680,5.58629,3.7342,3.4193,-3.886,0.912
7.95,681,5.58779,3.7280,3.4171,-3.872,0.942
7.95,682,5.58892,3.7217,3.4146,-3.856,0.971
7.95,683,5.58990,3.7154,3.4120,-3.837,0.999
7.95,684,5.59080,3.7090,3.4093,-3.815,1.029
7.95,685,5.59165,3.7027,3.4064,-3.792,1.061
7.95,686,5.59250,3.6964,3.4033,-3.767,1.092
7.95,687,5.59345,3.6901,3.3998,-3.740,1.122
7.95,688,5.59442,3.6839,3.3965,-3.713,1.151
7.95,689,5.59565,3.6778,3.3939,-3.686,1.180
7.95,690,5.59728,3.6718,3.3879,-3.650,1.209
7.95,691,5.60057,3.6689,3.3869,-3.637,1.223
7.95,692,5.60345,3.6638,3.3735,-3.584,1.248
7.95,693,5.60550,3.6587,3.3590,-3.527,1.273
7.95,694,5.60725,3.6536,3.3439,-3.468,1.298
7.95,695,5.60900,3.6486,3.3288,-3.408,1.325
7.95,696,5.61046,3.6454,3.3317,-3.400,1.342
7.95,697,5.61120,3.6470,3.3537,-3.463,1.334
7.95,698,5.61262,3.6529,3.3615,-3.509,1.303
7.95,699,5.61569,3.6512,3.3448,-3.460,1.311
7.95,700,5.61755,3.6465,3.3280,-3.396,1.336
7.95,701,5.61986,3.6410,3.3159,-3.341,1.365
7.95,702,5.62375,3.6353,3.3134,-3.306,1.398
7.95,703,5.62741,3.6307,3.3216,-3.303,1.425
7.95,704,5.62931,3.6270,3.3351,-3.317,1.447
7.95,705,5.63021,3.6240,3.3503,-3.338,1.466
7.95,706,5.63065,3.6215,3.3656,-3.363,1.481
7.95,707,5.63089,3.6193,3.3801,-3.387,1.495
8.00,202,0.66936,3.6366,-0.9281,7.294,1.420
8.00,204,0.68588,3.6427,-0.8827,7.151,1.378
8.00,206,0.70376,3.6499,-0.8313,6.990,1.331
8.00,208,0.72977,3.6605,-0.7638,6.778,1.267
8.00,210,0.75544,3.6707,-0.6982,6.575,1.209
8.00,212,0.78072,3.6808,-0.6340,6.380,1.154
8.00,214,0.80551,3.6907,-0.5712,6.194,1.105
8.00,216,0.82993,3.7004,-0.5094,6.013,1.056
8.00,218,0.85401,3.7100,-0.4484,5.837,1.011
8.00,220,0.87749,3.7193,-0.3888,5.669,0.970
8.00,222,0.90087,3.7286,-0.3298,5.505,0.930
8.00,224,0.92461,3.7354,-0.2784,5.367,0.900
8.00,226,0.94741,3.7421,-0.2289,5.235,0.872
8.00,228,0.97083,3.7490,-0.1777,5.099,0.842
8.00,230,1.00053,3.7573,-0.1142,4.933,0.807
8.00,232,1.02285,3.7631,-0.0677,4.813,0.783
8.00,234,1.03864,3.7671,-0.0352,4.729,0.767
8.00,236,1.05904,3.7721,0.0062,4.623,0.746
8.00,238,1.08150,3.7773,0.0501,4.511,0.725
8.00,240,1.10431,3.7825,0.0944,4.399,0.704
8.00,242,1.12826,3.7877,0.1395,4.285,0.683
8.00,244,1.14854,3.7920,0.1769,4.191,0.666
8.00,246,1.17418,3.7973,0.2232,4.075,0.644
8.00,248,1.21096,3.8047,0.2876,3.915,0.615
8.00,250,1.23807,3.8101,0.3337,3.800,0.594
8.00,252,1.27320,3.8169,0.3914,3.657,0.566
8.00,254,1.30668,3.8235,0.4447,3.526,0.541
8.00,256,1.33923,3.8297,0.4946,3.403,0.516
8.00,258,1.36548,3.8348,0.5335,3.307,0.496
8.00,260,1.39868,3.8413,0.5813,3.191,0.471
8.00,262,1.43029,3.8477,0.6250,3.084,0.446
8.00,264,1.45940,3.8538,0.6641,2.990,0.422
8.00,266,1.49290,3.8612,0.7075,2.886,0.393
8.00,268,1.64818,3.8953,0.8914,2.456,0.259
8.00,270,1.68684,3.9031,0.9336,2.360,0.228
8.00,272,1.72858,3.9113,0.9779,2.261,0.195
8.00,274,1.77649,3.9207,1.0273,2.154,0.158
8.00,276,1.81884,3.9294,1.0700,2.066,0.126
8.00,278,1.85942,3.9372,1.1097,1.986,0.099
8.00,280,1.91041,3.9465,1.1580,1.891,0.070
8.00,282,1.95927,3.9548,1.2029,1.805,0.047
8.00,284,2.00798,3.9628,1.2464,1.725,0.027
8.00,286,2.05865,3.9705,1.2902,1.644,0.009
8.00,288,2.10923,3.9782,1.3332,1.568,-0.007
8.00,290,2.16086,3.9854,1.3756,1.493,-0.022
8.00,292,2.20893,3.9919,1.4143,1.425,-0.034
8.00,294,2.26764,3.9996,1.4606,1.345,-0.047
8.00,296,2.32169,4.0064,1.5021,1.272,-0.058
8.00,298,2.37419,4.0128,1.5416,1.203,-0.068
8.00,300,2.43130,4.0195,1.5836,1.130,-0.078
8.00,302,2.49096,4.0262,1.6266,1.055,-0.087
8.00,304,2.54841,4.0325,1.6671,0.985,-0.095
8.00,306,2.60164,4.0382,1.7039,0.920,-0.102
8.00,308,2.66543,4.0448,1.7472,0.844,-0.110
8.00,310,2.72541,4.0507,1.7871,0.774,-0.116
8.00,312,2.78957,4.0570,1.8290,0.700,-0.123
8.00,314,2.85792,4.0632,1.8718,0.624,-0.130
8.00,316,2.92604,4.0694,1.9145,0.549,-0.136
8.00,318,2.99381,4.0754,1.9573,0.473,-0.142
8.00,320,3.06407,4.0811,1.9990,0.398,-0.147
8.00,322,3.13455,4.0868,2.0409,0.322,-0.153
8.00,324,3.20485,4.0923,2.0829,0.246,-0.158
8.00,326,3.28100,4.0980,2.1261,0.168,-0.163
8.00,328,3.35706,4.1036,2.1696,0.088,-0.168
8.00,330,3.43571,4.1090,2.2138,0.007,-0.173
8.00,332,3.51760,4.1143,2.2586,-0.077,-0.177
8.00,334,3.59927,4.1194,2.3039,-0.162,-0.182
8.00,336,3.68486,4.1243,2.3491,-0.249,-0.186
8.00,338,3.76973,4.1290,2.3947,-0.337,-0.190
8.00,340,3.85550,4.1333,2.4398,-0.426,-0.194
8.00,342,3.94094,4.1373,2.4846,-0.516,-0.198
8.00,344,4.02797,4.1408,2.5295,-0.609,-0.201
8.00,346,4.12046,4.1438,2.5745,-0.705,-0.203
8.00,348,4.21065,4.1463,2.6194,-0.804,-0.206
8.00,350,4.29800,4.1481,2.6640,-0.905,-0.207
8.00,352,4.38219,4.1492,2.7080,-1.009,-0.208
8.00,353,4.42291,4.1495,2.7296,-1.062,-0.208
8.00,354,4.44129,4.1496,2.7395,-1.086,-0.208
8.00,356,4.47722,4.1496,2.7589,-1.135,-0.208
8.00,358,4.51195,4.1494,2.7779,-1.184,-0.208
8.00,360,4.54551,4.1490,2.7965,-1.233,-0.208
8.00,362,4.57780,4.1485,2.8146,-1.281,-0.208
8.00,364,4.60946,4.1477,2.8321,-1.330,-0.207
8.00,366,4.64154,4.1467,2.8486,-1.377,-0.206
8.00,368,4.67212,4.1455,2.8646,-1.424,-0.205
8.00,370,4.70121,4.1441,2.8801,-1.470,-0.204
8.00,372,4.72884,4.1425,2.8949,-1.517,-0.202
8.00,374,4.75500,4.1408,2.9091,-1.562,-0.201
8.00,376,4.77979,4.1390,2.9227,-1.607,-0.199
8.00,378,4.80365,4.1369,2.9359,-1.651,-0.198
8.00,380,4.82802,4.1347,2.9489,-1.697,-0.196
8.00,382,4.85121,4.1323,2.9614,-1.742,-0.193
8.00,384,4.87330,4.1299,2.9735,-1.786,-0.191
8.00,386,4.89436,4.1274,2.9851,-1.829,-0.189
8.00,388,4.91460,4.1248,2.9965,-1.872,-0.187
8.00,390,4.93420,4.1222,3.0077,-1.915,-0.185
8.00,392,4.95338,4.1197,3.0190,-1.957,-0.182
8.00,394,4.97262,4.1173,3.0307,-2.000,-0.180
8.00,396,4.99277,4.1153,3.0438,-2.044,-0.178
8.00,398,5.01532,4.1151,3.0599,-2.085,-0.178
8.00,400,5.03058,4.1178,3.0732,-2.104,-0.181
8.00,402,5.03826,4.1214,3.0820,-2.106,-0.184
8.00,404,5.04277,4.1251,3.0889,-2.102,-0.187
8.00,406,5.04578,4.1289,3.0949,-2.096,-0.190
8.00,408,5.04785,4.1327,3.1006,-2.089,-0.194
8.00,410,5.04941,4.1365,3.1061,-2.081,-0.197
8.00,412,5.05054,4.1402,3.1116,-2.074,-0.201
8.00,414,5.05143,4.1439,3.1173,-2.068,-0.204
8.00,416,5.05211,4.1475,3.1233,-2.062,-0.207
8.00,418,5.05264,4.1509,3.1295,-2.058,-0.210
8.00,420,5.05306,4.1542,3.1360,-2.055,-0.213
8.00,422,5.05340,4.1573,3.1426,-2.054,-0.216
8.00,424,5.05367,4.1600,3.1489,-2.054,-0.218
8.00,426,5.05389,4.1621,3.1539,-2.054,-0.220
8.00,428,5.05407,4.1633,3.1562,-2.054,-0.221
8.00,430,5.05420,4.1633,3.1548,-2.050,-0.221
8.00,432,5.05430,4.1625,3.1505,-2.044,-0.220
8.00,434,5.05440,4.1607,3.1434,-2.036,-0.219
8.00,436,5.05449,4.1582,3.1344,-2.028,-0.216
8.00,438,5.05458,4.1553,3.1257,-2.023,-0.214
8.00,440,5.05467,4.1521,3.1184,-2.023,-0.211
8.00,442,5.05477,4.1487,3.1133,-2.030,-0.208
8.00,444,5.05488,4.1451,3.1113,-2.046,-0.205
8.00,446,5.05500,4.1414,3.1129,-2.070,-0.202
8.00,448,5.05512,4.1379,3.1175,-2.102,-0.199
8.00,450,5.05525,4.1345,3.1239,-2.137,-0.195
8.00,452,5.05538,4.1312,3.1310,-2.174,-0.192
8.00,454,5.05553,4.1279,3.1379,-2.210,-0.189
8.00,455,5.05568,4.1244,3.1443,-2.246,-0.186
8.00,456,5.05585,4.1208,3.1499,-2.279,-0.183
8.00,457,5.05602,4.1172,3.1547,-2.311,-0.179
8.00,458,5.05621,4.1135,3.1587,-2.342,-0.176
8.00,459,5.05640,4.1098,3.1622,-2.371,-0.173
8.00,460,5.05660,4.1060,3.1652,-2.399,-0.169
8.00,461,5.05681,4.1022,3.1677,-2.426,-0.165
8.00,462,5.05702,4.0984,3.1699,-2.452,-0.162
8.00,463,5.05724,4.0945,3.1718,-2.478,-0.158
8.00,464,5.05747,4.0906,3.1735,-2.503,-0.155
8.00,465,5.05770,4.0867,3.1748,-2.526,-0.151
8.00,466,5.05793,4.0828,3.1758,-2.550,-0.147
8.00,467,5.05816,4.0789,3.1767,-2.572,-0.143
8.00,468,5.05839,4.0750,3.1774,-2.595,-0.140
8.00,469,5.05862,4.0710,3.1779,-2.616,-0.136
8.00,470,5.05886,4.0670,3.1782,-2.637,-0.132
8.00,471,5.05909,4.0630,3.1784,-2.658,-0.128
8.00,472,5.05931,4.0590,3.1784,-2.678,-0.125
8.00,473,5.05954,4.0550,3.1783,-2.698,-0.121
8.00,474,5.05976,4.0510,3.1780,-2.717,-0.117
8.00,475,5.05998,4.0470,3.1776,-2.736,-0.113
8.00,476,5.06019,4.0429,3.1772,-2.754,-0.109
8.00,477,5.06040,4.0389,3.1766,-2.772,-0.105
8.00,478,5.06060,4.0348,3.1758,-2.790,-0.101
8.00,479,5.06080,4.0307,3.1750,-2.807,-0.096
8.00,480,5.06099,4.0267,3.1741,-2.824,-0.092
8.00,481,5.06118,4.0226,3.1731,-2.841,-0.088
8.00,482,5.06137,4.0185,3.1720,-2.857,-0.084
8.00,483,5.06155,4.0144,3.1709,-2.873,-0.079
8.00,484,5.06172,4.0103,3.1696,-2.889,-0.075
8.00,485,5.06189,4.0061,3.1682,-2.904,-0.070
8.00,486,5.06206,4.0020,3.1668,-2.919,-0.065
8.00,487,5.06222,3.9979,3.1653,-2.933,-0.060
8.00,488,5.06238,3.9938,3.1637,-2.947,-0.054
8.00,489,5.06253,3.9896,3.1621,-2.961,-0.049
8.00,490,5.06267,3.9855,3.1603,-2.974,-0.044
8.00,491,5.06282,3.9814,3.1585,-2.988,-0.038
8.00,492,5.06296,3.9772,3.1566,-3.000,-0.032
8.00,493,5.06309,3.9731,3.1547,-3.013,-0.026
8.00,494,5.06322,3.9689,3.1526,-3.025,-0.019
8.00,495,5.06335,3.9648,3.1505,-3.036,-0.013
8.00,496,5.06347,3.9606,3.1483,-3.047,-0.006
8.00,497,5.06359,3.9564,3.1461,-3.058,0.002
8.00,498,5.06371,3.9523,3.1438,-3.068,0.009
8.00,499,5.06382,3.9481,3.1415,-3.077,0.017
8.00,500,5.06393,3.9440,3.1390,-3.086,0.026
8.00,501,5.06404,3.9398,3.1365,-3.094,0.035
8.00,502,5.06414,3.9356,3.1340,-3.101,0.044
8.00,503,5.06424,3.9315,3.1314,-3.108,0.054
8.00,504,5.06434,3.9273,3.1287,-3.113,0.065
8.00,505,5.06443,3.9231,3.1260,-3.118,0.076
8.00,506,5.06452,3.9190,3.1233,-3.122,0.088
8.00,507,5.06461,3.9148,3.1205,-3.125,0.100
8.00,508,5.06470,3.9106,3.1177,-3.127,0.113
8.00,509,5.06478,3.9064,3.1148,-3.129,0.126
8.00,510,5.06486,3.9023,3.1118,-3.130,0.140
8.00,511,5.06494,3.8981,3.1089,-3.130,0.155
8.00,512,5.06502,3.8939,3.1059,-3.129,0.170
8.00,513,5.06510,3.8898,3.1028,-3.128,0.185
8.00,514,5.06517,3.8856,3.0997,-3.126,0.201
8.00,515,5.06524,3.8814,3.0965,-3.123,0.217
8.00,516,5.06531,3.8772,3.0934,-3.120,0.234
8.00,517,5.06538,3.8731,3.0902,-3.116,0.252
8.00,518,5.06544,3.8689,3.0869,-3.111,0.271
8.00,519,5.06551,3.8647,3.0837,-3.106,0.291
8.00,520,5.06557,3.8606,3.0803,-3.101,0.311
8.00,521,5.06563,3.8564,3.0770,-3.095,0.331
8.00,522,5.06569,3.8522,3.0736,-3.088,0.351
8.00,523,5.06575,3.8480,3.0702,-3.081,0.371
8.00,524,5.06580,3.8439,3.0668,-3.074,0.391
8.00,525,5.06586,3.8397,3.0634,-3.066,0.411
8.00,526,5.06591,3.8355,3.0599,-3.058,0.431
8.00,527,5.06596,3.8314,3.0565,-3.050,0.450
8.00,528,5.06601,3.8272,3.0530,-3.041,0.470
8.00,529,5.06606,3.8230,3.0495,-3.033,0.489
8.00,530,5.06611,3.8189,3.0459,-3.023,0.509
8.00,531,5.06616,3.8147,3.0424,-3.014,0.528
8.00,532,5.06620,3.8105,3.0388,-3.003,0.548
8.00,533,5.06625,3.8064,3.0353,-2.993,0.567
8.00,534,5.06629,3.8022,3.0317,-2.982,0.587
8.00,535,5.06634,3.7980,3.0281,-2.971,0.607
8.00,536,5.06638,3.7938,3.0244,-2.959,0.626
8.00,537,5.06642,3.7897,3.0208,-2.947,0.646
8.00,538,5.06646,3.7855,3.0171,-2.935,0.666
8.00,539,5.06650,3.7813,3.0134,-2.922,0.686
8.00,540,5.06654,3.7772,3.0098,-2.909,0.705
8.00,541,5.06658,3.7730,3.0061,-2.896,0.725
8.00,542,5.06661,3.7688,3.0023,-2.883,0.745
8.00,543,5.06665,3.7647,2.9986,-2.869,0.765
8.00,544,5.06669,3.7605,2.9948,-2.855,0.784
8.00,545,5.06672,3.7564,2.9910,-2.842,0.804
8.00,546,5.06675,3.7522,2.9872,-2.828,0.823
8.00,547,5.06679,3.7480,2.9833,-2.815,0.842
8.00,548,5.06682,3.7439,2.9794,-2.801,0.861
8.00,549,5.06686,3.7397,2.9753,-2.785,0.880
8.00,550,5.06689,3.7356,2.9710,-2.768,0.899
8.00,551,5.06693,3.7315,2.9665,-2.750,0.919
8.00,552,5.06697,3.7274,2.9617,-2.731,0.939
8.00,553,5.06700,3.7233,2.9566,-2.710,0.958
8.00,554,5.06704,3.7193,2.9510,-2.688,0.976
8.00,555,5.06709,3.7153,2.9449,-2.664,0.994
8.00,556,5.06713,3.7114,2.9381,-2.639,1.012
8.00,557,5.06719,3.7077,2.9298,-2.609,1.029
8.00,558,5.06725,3.7042,2.9204,-2.577,1.046
8.00,559,5.06731,3.7009,2.9100,-2.543,1.062
8.00,560,5.06738,3.6976,2.8989,-2.506,1.078
8.00,561,5.06745,3.6945,2.8875,-2.469,1.093
8.00,562,5.06752,3.6914,2.8760,-2.432,1.107
8.00,563,5.06760,3.6883,2.8646,-2.394,1.122
8.00,564,5.06768,3.6850,2.8540,-2.357,1.137
8.00,565,5.06776,3.6815,2.8450,-2.323,1.153
8.00,566,5.06786,3.6776,2.8394,-2.297,1.171
8.00,567,5.06796,3.6735,2.8393,-2.282,1.191
8.00,568,5.06804,3.6697,2.8450,-2.283,1.210
8.00,569,5.06812,3.6663,2.8549,-2.295,1.226
8.00,570,5.06819,3.6633,2.8670,-2.314,1.241
8.00,571,5.06824,3.6607,2.8803,-2.337,1.254
8.00,572,5.06830,3.6583,2.8944,-2.362,1.267
8.00,573,5.06835,3.6561,2.9089,-2.389,1.279
8.00,574,5.06839,3.6539,2.9237,-2.417,1.290
8.00,575,5.06844,3.6519,2.9387,-2.446,1.301
8.00,576,5.06849,3.6500,2.9539,-2.476,1.312
8.00,577,5.06854,3.6481,2.9692,-2.505,1.322
8.00,578,5.06859,3.6463,2.9846,-2.536,1.332
8.00,579,5.06865,3.6444,2.9999,-2.566,1.342
8.00,580,5.06871,3.6427,3.0154,-2.597,1.352
8.00,581,5.06878,3.6409,3.0309,-2.627,1.362
8.00,582,5.06887,3.6392,3.0463,-2.657,1.372
8.00,583,5.06897,3.6375,3.0617,-2.687,1.382
8.00,584,5.06910,3.6358,3.0770,-2.717,1.392
8.00,585,5.06925,3.6341,3.0921,-2.747,1.401
8.00,586,5.06943,3.6325,3.1071,-2.775,1.411
8.00,587,5.06962,3.6309,3.1219,-2.804,1.421
8.00,588,5.06982,3.6293,3.1367,-2.832,1.431
8.00,589,5.07003,3.6277,3.1514,-2.861,1.441
8.00,590,5.07024,3.6262,3.1662,-2.889,1.450
8.00,591,5.07045,3.6246,3.1809,-2.918,1.460
8.00,592,5.07067,3.6231,3.1957,-2.946,1.470
8.00,593,5.07089,3.6216,3.2104,-2.975,1.479
8.00,594,5.07111,3.6201,3.2252,-3.003,1.489
8.00,595,5.07133,3.6186,3.2399,-3.031,1.498
8.00,596,5.07156,3.6171,3.2547,-3.060,1.508
8.00,597,5.07179,3.6157,3.2696,-3.089,1.517
8.00,598,5.07203,3.6143,3.2845,-3.118,1.526
8.00,599,5.07226,3.6129,3.2996,-3.148,1.535
8.00,600,5.07249,3.6115,3.3149,-3.177,1.545
8.00,601,5.07273,3.6101,3.3303,-3.206,1.555
8.00,602,5.07299,3.6086,3.3458,-3.236,1.565
8.00,603,5.07331,3.6074,3.3593,-3.262,1.574
8.00,604,5.07379,3.6067,3.3673,-3.277,1.579
8.00,605,5.07488,3.6062,3.3726,-3.287,1.582
8.00,606,5.07513,3.6063,3.3727,-3.287,1.582
8.00,607,5.07543,3.6063,3.3724,-3.287,1.582
8.00,608,5.07580,3.6064,3.3718,-3.286,1.581
8.00,609,5.07623,3.6065,3.3710,-3.285,1.581
8.00,610,5.07672,3.6066,3.3699,-3.283,1.580
8.00,611,5.07726,3.6068,3.3689,-3.281,1.579
8.00,612,5.07778,3.6069,3.3677,-3.279,1.578
8.00,613,5.07840,3.6070,3.3667,-3.278,1.577
8.00,614,5.07905,3.6072,3.3658,-3.276,1.576
8.00,615,5.07969,3.6073,3.3648,-3.275,1.575
8.00,616,5.08030,3.6074,3.3638,-3.273,1.574
8.00,617,5.08097,3.6075,3.3628,-3.271,1.573
8.00,618,5.08163,3.6077,3.3618,-3.270,1.572
8.00,619,5.08227,3.6078,3.3607,-3.268,1.571
8.00,620,5.08290,3.6080,3.3596,-3.266,1.570
8.00,621,5.08356,3.6081,3.3586,-3.264,1.569
8.00,622,5.08426,3.6082,3.3575,-3.263,1.568
8.00,623,5.08492,3.6084,3.3564,-3.261,1.567
8.00,624,5.08556,3.6085,3.3552,-3.259,1.566
8.00,625,5.08616,3.6087,3.3540,-3.257,1.565
8.00,626,5.08681,3.6088,3.3528,-3.255,1.564
8.00,627,5.08746,3.6090,3.3516,-3.253,1.563
8.00,628,5.08806,3.6091,3.3504,-3.251,1.562
8.00,629,5.08869,3.6093,3.3492,-3.249,1.561
8.00,630,5.08930,3.6094,3.3479,-3.246,1.560
8.00,631,5.08992,3.6096,3.3467,-3.244,1.559
8.00,632,5.09649,3.6113,3.3320,-3.218,1.547
8.00,633,5.10239,3.6131,3.3162,-3.190,1.534
8.00,634,5.10767,3.6149,3.2998,-3.160,1.522
8.00,635,5.11256,3.6168,3.2828,-3.128,1.510
8.00,636,5.11721,3.6187,3.2655,-3.096,1.498
8.00,637,5.12166,3.6207,3.2481,-3.064,1.485
8.00,638,5.12609,3.6226,3.2304,-3.030,1.473
8.00,639,5.13055,3.6246,3.2126,-2.997,1.460
8.00,640,5.13511,3.6267,3.1947,-2.963,1.447
8.00,641,5.13989,3.6288,3.1767,-2.930,1.434
8.00,642,5.14504,3.6310,3.1587,-2.897,1.420
8.00,643,5.15083,3.6334,3.1409,-2.865,1.406
8.00,644,5.15760,3.6360,3.1233,-2.834,1.391
8.00,645,5.16617,3.6389,3.1064,-2.806,1.374
8.00,646,5.17821,3.6427,3.0920,-2.788,1.353
8.00,647,5.19813,3.6482,3.0876,-2.803,1.323
8.00,648,5.21364,3.6538,3.1072,-2.876,1.294
8.00,649,5.22081,3.6582,3.1276,-2.946,1.271
8.00,650,5.22581,3.6625,3.1471,-3.012,1.250
8.00,651,5.23002,3.6668,3.1656,-3.075,1.229
8.00,652,5.23362,3.6714,3.1824,-3.134,1.208
8.00,653,5.23658,3.6760,3.1981,-3.190,1.185
8.00,654,5.23948,3.6810,3.2125,-3.243,1.162
8.00,655,5.24174,3.6859,3.2261,-3.293,1.139
8.00,656,5.24433,3.6915,3.2367,-3.336,1.113
8.00,657,5.24704,3.6973,3.2450,-3.373,1.085
8.00,658,5.24945,3.7032,3.2531,-3.409,1.056
8.00,659,5.25101,3.7090,3.2599,-3.441,1.028
8.00,660,5.25224,3.7149,3.2659,-3.469,1.000
8.00,661,5.25325,3.7208,3.2710,-3.494,0.974
8.00,662,5.25419,3.7267,3.2756,-3.516,0.946
8.00,663,5.25521,3.7326,3.2796,-3.535,0.918
8.00,664,5.25724,3.7381,3.2837,-3.553,0.891
8.00,665,5.26023,3.7411,3.2880,-3.569,0.876
8.00,666,5.26320,3.7473,3.2936,-3.590,0.847
8.00,667,5.26955,3.7477,3.2981,-3.602,0.845
8.00,668,5.27524,3.7444,3.3023,-3.609,0.861
8.00,669,5.27802,3.7455,3.3064,-3.620,0.856
8.00,670,5.28309,3.7493,3.3146,-3.645,0.838
8.00,671,5.28659,3.7534,3.3187,-3.660,0.818
8.00,672,5.29140,3.7491,3.3200,-3.658,0.839
8.00,673,5.29598,3.7434,3.3215,-3.655,0.866
8.00,674,5.30013,3.7393,3.3239,-3.656,0.885
8.00,675,5.30251,3.7365,3.3238,-3.651,0.899
8.00,676,5.30507,3.7303,3.3235,-3.641,0.929
8.00,677,5.30721,3.7285,3.3259,-3.645,0.938
8.00,678,5.31055,3.7240,3.3255,-3.636,0.960
8.00,679,5.31312,3.7179,3.3248,-3.623,0.987
8.00,680,5.31539,3.7118,3.3234,-3.606,1.015
8.00,681,5.31799,3.7085,3.3248,-3.602,1.031
8.00,682,5.31989,3.7047,3.3231,-3.589,1.049
8.00,683,5.32133,3.6985,3.3200,-3.564,1.081
8.00,684,5.32264,3.6923,3.3162,-3.537,1.111
8.00,685,5.32399,3.6861,3.3120,-3.508,1.140
8.00,686,5.32552,3.6799,3.3064,-3.474,1.169
8.00,687,5.32848,3.6741,3.2990,-3.436,1.196
8.00,688,5.33016,3.6707,3.2991,-3.424,1.213
8.00,689,5.33158,3.6705,3.3110,-3.453,1.214
8.00,690,5.33358,3.6729,3.3177,-3.478,1.203
8.00,691,5.33487,3.6760,3.3158,-3.485,1.187
8.00,692,5.33551,3.6806,3.3200,-3.511,1.166
8.00,693,5.33707,3.6843,3.3228,-3.530,1.148
8.00,694,5.33887,3.6812,3.3190,-3.510,1.163
8.00,695,5.34040,3.6755,3.3105,-3.470,1.190
8.00,696,5.34177,3.6700,3.3000,-3.423,1.216
8.00,697,5.34327,3.6649,3.2859,-3.369,1.240
8.00,698,5.34461,3.6600,3.2710,-3.312,1.265
8.00,699,5.34596,3.6550,3.2559,-3.254,1.290
8.00,700,5.34767,3.6499,3.2425,-3.198,1.316
8.00,701,5.35001,3.6445,3.2332,-3.150,1.345
8.00,702,5.35332,3.6392,3.2318,-3.122,1.374
8.00,703,5.35624,3.6348,3.2400,-3.120,1.399
8.00,704,5.35785,3.6312,3.2536,-3.136,1.420
8.00,705,5.35862,3.6283,3.2688,-3.158,1.439
8.00,706,5.35899,3.6258,3.2839,-3.182,1.454
8.00,707,5.35919,3.6236,3.2984,-3.206,1.467
8.05,202,0.64163,3.6248,-1.0089,7.552,1.502
8.05,204,0.65820,3.6311,-0.9629,7.407,1.458
8.05,206,0.67471,3.6378,-0.9143,7.253,1.411
8.05,208,0.69117,3.6447,-0.8648,7.097,1.365
8.05,210,0.71202,3.6533,-0.8077,6.917,1.310
8.05,212,0.73768,3.6635,-0.7424,6.712,1.249
8.05,214,0.76288,3.6736,-0.6786,6.516,1.193
8.05,216,0.78764,3.6834,-0.6160,6.327,1.141
8.05,218,0.81196,3.6931,-0.5544,6.145,1.093
8.05,220,0.83587,3.7026,-0.4938,5.968,1.045
8.05,222,0.85956,3.7121,-0.4337,5.796,1.001
8.05,224,0.88280,3.7214,-0.3747,5.630,0.961
8.05,226,0.90555,3.7299,-0.3189,5.476,0.925
8.05,228,0.92917,3.7368,-0.2675,5.338,0.894
8.05,230,0.95153,3.7434,-0.2187,5.207,0.866
8.05,232,0.97461,3.7503,-0.1680,5.074,0.837
8.05,234,1.00407,3.7584,-0.1053,4.910,0.803
8.05,236,1.02500,3.7639,-0.0618,4.797,0.780
8.05,238,1.04087,3.7679,-0.0292,4.714,0.763
8.05,240,1.06147,3.7728,0.0121,4.608,0.743
8.05,242,1.08385,3.7779,0.0557,4.497,0.722
8.05,244,1.10750,3.7832,0.1013,4.382,0.701
8.05,246,1.13040,3.7882,0.1443,4.273,0.681
8.05,248,1.15136,3.7926,0.1828,4.176,0.663
8.05,250,1.17718,3.7979,0.2294,4.060,0.642
8.05,252,1.21664,3.8058,0.2982,3.888,0.610
8.05,254,1.24256,3.8110,0.3421,3.779,0.590
8.05,256,1.27928,3.8182,0.4022,3.631,0.562
8.05,258,1.31186,3.8245,0.4536,3.504,0.537
8.05,260,1.34425,3.8308,0.5031,3.382,0.512
8.05,262,1.37088,3.8359,0.5424,3.286,0.492
8.05,264,1.40540,3.8427,0.5917,3.165,0.465
8.05,266,1.43561,3.8488,0.6333,3.064,0.441
8.05,268,1.46684,3.8554,0.6750,2.963,0.415
8.05,270,1.49913,3.8627,0.7166,2.864,0.387
8.05,272,1.64967,3.8956,0.8945,2.449,0.258
8.05,274,1.68956,3.9036,0.9379,2.350,0.226
8.05,276,1.73153,3.9118,0.9824,2.251,0.193
8.05,278,1.78054,3.9214,1.0330,2.142,0.155
8.05,280,1.82295,3.9299,1.0757,2.053,0.124
8.05,282,1.86167,3.9373,1.1134,1.977,0.099
8.05,284,1.91269,3.9465,1.1618,1.882,0.070
8.05,286,1.96244,3.9548,1.2075,1.794,0.047
8.05,288,2.00927,3.9624,1.2494,1.716,0.028
8.05,290,2.06000,3.9700,1.2934,1.634,0.010
8.05,292,2.11059,3.9776,1.3365,1.558,-0.006
8.05,294,2.16189,3.9847,1.3789,1.482,-0.020
8.05,296,2.21059,3.9912,1.4183,1.412,-0.033
8.05,298,2.26840,3.9988,1.4641,1.332,-0.046
8.05,300,2.32329,4.0056,1.5064,1.257,-0.057
8.05,302,2.37486,4.0118,1.5455,1.189,-0.067
8.05,304,2.43217,4.0185,1.5880,1.114,-0.076
8.05,306,2.49208,4.0251,1.6315,1.038,-0.085
8.05,308,2.54892,4.0313,1.6719,0.966,-0.093
8.05,310,2.60226,4.0369,1.7092,0.901,-0.100
8.05,312,2.66541,4.0433,1.7525,0.824,-0.108
8.05,314,2.72526,4.0492,1.7927,0.752,-0.115
8.05,316,2.78937,4.0553,1.8351,0.676,-0.122
8.05,318,2.85765,4.0614,1.8784,0.599,-0.128
8.05,320,2.92534,4.0674,1.9214,0.521,-0.134
8.05,322,2.99278,4.0734,1.9646,0.443,-0.140
8.05,324,3.06251,4.0789,2.0068,0.367,-0.145
8.05,326,3.13262,4.0844,2.0492,0.289,-0.150
8.05,328,3.20250,4.0897,2.0918,0.210,-0.155
8.05,330,3.27827,4.0952,2.1355,0.129,-0.160
8.05,332,3.35401,4.1005,2.1798,0.046,-0.165
8.05,334,3.43189,4.1057,2.2247,-0.039,-0.170
8.05,336,3.51311,4.1106,2.2702,-0.126,-0.174
8.05,338,3.59381,4.1153,2.3162,-0.216,-0.178
8.05,340,3.67770,4.1196,2.3620,-0.307,-0.182
8.05,342,3.76081,4.1236,2.4081,-0.401,-0.186
8.05,344,3.84382,4.1272,2.4536,-0.495,-0.189
8.05,346,3.92618,4.1303,2.4984,-0.591,-0.192
8.05,348,4.00705,4.1328,2.5430,-0.688,-0.194
8.05,350,4.09438,4.1346,2.5874,-0.790,-0.195
8.05,352,4.17856,4.1356,2.6311,-0.894,-0.196
8.05,353,4.21925,4.1359,2.6526,-0.946,-0.197
8.05,354,4.23787,4.1359,2.6625,-0.971,-0.197
8.05,356,4.27423,4.1359,2.6821,-1.020,-0.197
8.05,358,4.30937,4.1357,2.7012,-1.069,-0.196
8.05,360,4.34329,4.1353,2.7199,-1.118,-0.196
8.05,362,4.37590,4.1347,2.7380,-1.168,-0.195
8.05,364,4.40713,4.1338,2.7556,-1.216,-0.195
8.05,366,4.43700,4.1328,2.7727,-1.265,-0.194
8.05,368,4.46547,4.1316,2.7892,-1.313,-0.193
8.05,370,4.49251,4.1302,2.8050,-1.361,-0.192
8.05,372,4.51817,4.1286,2.8202,-1.408,-0.190
8.05,374,4.54249,4.1268,2.8348,-1.455,-0.189
8.05,376,4.56545,4.1249,2.8488,-1.501,-0.187
8.05,378,4.58728,4.1228,2.8622,-1.546,-0.185
8.05,380,4.60875,4.1206,2.8750,-1.590,-0.183
8.05,382,4.63017,4.1183,2.8871,-1.634,-0.181
8.05,384,4.65066,4.1159,2.8988,-1.676,-0.179
8.05,386,4.67028,4.1134,2.9101,-1.718,-0.177
8.05,388,4.68921,4.1109,2.9212,-1.760,-0.174
8.05,390,4.70761,4.1084,2.9322,-1.801,-0.172
8.05,392,4.72564,4.1059,2.9432,-1.843,-0.170
8.05,394,4.74381,4.1035,2.9548,-1.885,-0.168
8.05,396,4.76278,4.1016,2.9677,-1.927,-0.166
8.05,398,4.78270,4.1014,2.9832,-1.968,-0.166
8.05,400,4.79564,4.1041,2.9961,-1.985,-0.168
8.05,402,4.80215,4.1078,3.0048,-1.987,-0.172
8.05,404,4.80605,4.1116,3.0117,-1.984,-0.175
8.05,406,4.80866,4.1155,3.0177,-1.977,-0.179
8.05,408,4.81044,4.1194,3.0235,-1.970,-0.182
8.05,410,4.81178,4.1232,3.0291,-1.963,-0.185
8.05,412,4.81276,4.1270,3.0348,-1.956,-0.189
8.05,414,4.81352,4.1307,3.0407,-1.950,-0.192
8.05,416,4.81410,4.1344,3.0469,-1.945,-0.195
8.05,418,4.81456,4.1379,3.0534,-1.941,-0.198
8.05,420,4.81492,4.1413,3.0601,-1.939,-0.201
8.05,422,4.81521,4.1444,3.0669,-1.938,-0.204
8.05,424,4.81545,4.1471,3.0732,-1.939,-0.207
8.05,426,4.81564,4.1491,3.0781,-1.939,-0.208
8.05,428,4.81579,4.1501,3.0796,-1.938,-0.209
8.05,430,4.81590,4.1498,3.0770,-1.933,-0.209
8.05,432,4.81599,4.1487,3.0721,-1.926,-0.208
8.05,434,4.81608,4.1467,3.0639,-1.918,-0.206
8.05,436,4.81616,4.1440,3.0545,-1.910,-0.204
8.05,438,4.81624,4.1409,3.0459,-1.905,-0.201
8.05,440,4.81632,4.1375,3.0391,-1.907,-0.198
8.05,442,4.81642,4.1339,3.0351,-1.918,-0.195
8.05,444,4.81652,4.1302,3.0347,-1.938,-0.192
8.05,446,4.81663,4.1265,3.0381,-1.967,-0.188
8.05,448,4.81675,4.1230,3.0442,-2.002,-0.185
8.05,450,4.81687,4.1197,3.0515,-2.039,-0.182
8.05,452,4.81700,4.1163,3.0589,-2.076,-0.179
8.05,454,4.81714,4.1128,3.0658,-2.113,-0.176
8.05,455,4.81728,4.1094,3.0716,-2.146,-0.173
8.05,456,4.81744,4.1059,3.0765,-2.177,-0.169
8.05,457,4.81760,4.1023,3.0806,-2.207,-0.166
8.05,458,4.81778,4.0987,3.0841,-2.235,-0.163
8.05,459,4.81796,4.0950,3.0872,-2.263,-0.159
8.05,460,4.81815,4.0914,3.0898,-2.289,-0.156
8.05,461,4.81834,4.0876,3.0920,-2.314,-0.152
8.05,462,4.81854,4.0839,3.0939,-2.339,-0.149
8.05,463,4.81875,4.0801,3.0955,-2.362,-0.145
8.05,464,4.81896,4.0763,3.0969,-2.385,-0.142
8.05,465,4.81917,4.0725,3.0980,-2.408,-0.138
8.05,466,4.81939,4.0687,3.0989,-2.430,-0.134
8.05,467,4.81961,4.0649,3.0995,-2.451,-0.131
8.05,468,4.81982,4.0610,3.1000,-2.471,-0.127
8.05,469,4.82004,4.0572,3.1003,-2.491,-0.123
8.05,470,4.82025,4.0533,3.1004,-2.511,-0.120
8.05,471,4.82046,4.0494,3.1004,-2.530,-0.116
8.05,472,4.82067,4.0455,3.1003,-2.549,-0.112
8.05,473,4.82088,4.0416,3.1000,-2.567,-0.108
8.05,474,4.82108,4.0377,3.0997,-2.585,-0.104
8.05,475,4.82128,4.0337,3.0992,-2.603,-0.100
8.05,476,4.82148,4.0298,3.0986,-2.620,-0.096
8.05,477,4.82167,4.0258,3.0978,-2.637,-0.092
8.05,478,4.82185,4.0219,3.0970,-2.653,-0.088
8.05,479,4.82203,4.0179,3.0960,-2.670,-0.083
8.05,480,4.82221,4.0139,3.0950,-2.685,-0.079
8.05,481,4.82238,4.0099,3.0939,-2.701,-0.075
8.05,482,4.82255,4.0059,3.0927,-2.716,-0.070
8.05,483,4.82271,4.0019,3.0914,-2.730,-0.065
8.05,484,4.82287,3.9979,3.0900,-2.745,-0.060
8.05,485,4.82302,3.9939,3.0886,-2.759,-0.055
8.05,486,4.82317,3.9899,3.0870,-2.772,-0.050
8.05,487,4.82332,3.9859,3.0854,-2.786,-0.045
8.05,488,4.82346,3.9818,3.0837,-2.799,-0.039
8.05,489,4.82359,3.9778,3.0820,-2.811,-0.033
8.05,490,4.82373,3.9738,3.0801,-2.824,-0.027
8.05,491,4.82385,3.9697,3.0782,-2.835,-0.021
8.05,492,4.82398,3.9657,3.0762,-2.847,-0.014
8.05,493,4.82410,3.9616,3.0742,-2.858,-0.007
8.05,494,4.82422,3.9576,3.0721,-2.868,-0.000
8.05,495,4.82433,3.9535,3.0699,-2.878,0.007
8.05,496,4.82444,3.9495,3.0676,-2.888,0.015
8.05,497,4.82455,3.9454,3.0653,-2.896,0.023
8.05,498,4.82465,3.9414,3.0630,-2.904,0.032
8.05,499,4.82475,3.9373,3.0606,-2.912,0.041
8.05,500,4.82485,3.9333,3.0581,-2.919,0.051
8.05,501,4.82495,3.9292,3.0555,-2.924,0.061
8.05,502,4.82504,3.9251,3.0529,-2.929,0.072
8.05,503,4.82513,3.9211,3.0502,-2.933,0.083
8.05,504,4.82522,3.9170,3.0475,-2.937,0.095
8.05,505,4.82530,3.9130,3.0448,-2.939,0.107
8.05,506,4.82538,3.9089,3.0420,-2.941,0.120
8.05,507,4.82546,3.9048,3.0391,-2.942,0.134
8.05,508,4.82554,3.9008,3.0362,-2.943,0.148
8.05,509,4.82562,3.8967,3.0333,-2.942,0.162
8.05,510,4.82569,3.8926,3.0304,-2.941,0.177
8.05,511,4.82576,3.8886,3.0274,-2.940,0.192
8.05,512,4.82583,3.8845,3.0243,-2.938,0.208
8.05,513,4.82590,3.8804,3.0213,-2.935,0.224
8.05,514,4.82597,3.8764,3.0181,-2.931,0.241
8.05,515,4.82603,3.8723,3.0150,-2.927,0.258
8.05,516,4.82609,3.8682,3.0118,-2.923,0.277
8.05,517,4.82615,3.8642,3.0086,-2.918,0.297
8.05,518,4.82621,3.8601,3.0054,-2.912,0.316
8.05,519,4.82627,3.8560,3.0021,-2.907,0.336
8.05,520,4.82633,3.8520,2.9988,-2.900,0.355
8.05,521,4.82638,3.8479,2.9955,-2.893,0.375
8.05,522,4.82644,3.8438,2.9921,-2.886,0.394
8.05,523,4.82649,3.8398,2.9888,-2.878,0.413
8.05,524,4.82654,3.8357,2.9854,-2.871,0.432
8.05,525,4.82659,3.8316,2.9820,-2.862,0.451
8.05,526,4.82664,3.8276,2.9785,-2.854,0.470
8.05,527,4.82669,3.8235,2.9751,-2.845,0.489
8.05,528,4.82674,3.8194,2.9716,-2.836,0.508
8.05,529,4.82678,3.8154,2.9681,-2.827,0.526
8.05,530,4.82683,3.8113,2.9646,-2.817,0.545
8.05,531,4.82687,3.8073,2.9610,-2.806,0.564
8.05,532,4.82691,3.8032,2.9575,-2.796,0.583
8.05,533,4.82695,3.7991,2.9539,-2.785,0.603
8.05,534,4.82699,3.7951,2.9503,-2.773,0.622
8.05,535,4.82703,3.7910,2.9467,-2.762,0.641
8.05,536,4.82707,3.7869,2.9431,-2.750,0.660
8.05,537,4.82711,3.7829,2.9394,-2.738,0.679
8.05,538,4.82715,3.7788,2.9358,-2.725,0.698
8.05,539,4.82719,3.7748,2.9321,-2.712,0.717
8.05,540,4.82722,3.7707,2.9284,-2.699,0.736
8.05,541,4.82726,3.7666,2.9247,-2.686,0.755
8.05,542,4.82729,3.7626,2.9209,-2.673,0.774
8.05,543,4.82733,3.7585,2.9172,-2.659,0.793
8.05,544,4.82736,3.7545,2.9134,-2.646,0.812
8.05,545,4.82739,3.7504,2.9095,-2.632,0.830
8.05,546,4.82743,3.7464,2.9055,-2.618,0.849
8.05,547,4.82746,3.7423,2.9014,-2.603,0.868
8.05,548,4.82750,3.7383,2.8972,-2.587,0.886
8.05,549,4.82753,3.7343,2.8926,-2.569,0.905
8.05,550,4.82757,3.7303,2.8878,-2.551,0.924
8.05,551,4.82761,3.7264,2.8826,-2.530,0.943
8.05,552,4.82765,3.7224,2.8771,-2.509,0.961
8.05,553,4.82769,3.7186,2.8710,-2.486,0.979
8.05,554,4.82773,3.7148,2.8641,-2.461,0.996
8.05,555,4.82779,3.7112,2.8558,-2.432,1.012
8.05,556,4.82785,3.7078,2.8463,-2.400,1.028
8.05,557,4.82791,3.7046,2.8359,-2.367,1.043
8.05,558,4.82798,3.7015,2.8251,-2.332,1.058
8.05,559,4.82804,3.6985,2.8139,-2.296,1.073
8.05,560,4.82811,3.6955,2.8025,-2.259,1.087
8.05,561,4.82818,3.6925,2.7912,-2.222,1.101
8.05,562,4.82825,3.6894,2.7803,-2.186,1.116
8.05,563,4.82833,3.6861,2.7705,-2.152,1.131
8.05,564,4.82842,3.6824,2.7631,-2.122,1.147
8.05,565,4.82852,3.6785,2.7604,-2.102,1.166
8.05,566,4.82861,3.6746,2.7638,-2.097,1.185
8.05,567,4.82869,3.6711,2.7720,-2.105,1.202
8.05,568,4.82876,3.6680,2.7832,-2.122,1.217
8.05,569,4.82882,3.6654,2.7958,-2.143,1.230
8.05,570,4.82887,3.6629,2.8092,-2.168,1.242
8.05,571,4.82892,3.6607,2.8232,-2.194,1.254
8.05,572,4.82897,3.6586,2.8375,-2.221,1.265
8.05,573,4.82902,3.6566,2.8521,-2.249,1.276
8.05,574,4.82906,3.6546,2.8668,-2.278,1.286
8.05,575,4.82911,3.6528,2.8817,-2.307,1.296
8.05,576,4.82916,3.6510,2.8966,-2.337,1.306
8.05,577,4.82922,3.6492,2.9117,-2.367,1.315
8.05,578,4.82928,3.6475,2.9267,-2.397,1.325
8.05,579,4.82935,3.6458,2.9418,-2.427,1.335
8.05,580,4.82943,3.6441,2.9569,-2.457,1.344
8.05,581,4.82953,3.6424,2.9718,-2.486,1.353
8.05,582,4.82964,3.6407,2.9867,-2.515,1.363
8.05,583,4.82978,3.6391,3.0014,-2.545,1.372
8.05,584,4.82993,3.6375,3.0160,-2.573,1.381
8.05,585,4.83010,3.6359,3.0305,-2.602,1.390
8.05,586,4.83027,3.6344,3.0450,-2.630,1.399
8.05,587,4.83045,3.6329,3.0595,-2.658,1.409
8.05,588,4.83064,3.6314,3.0739,-2.687,1.418
8.05,589,4.83083,3.6299,3.0883,-2.715,1.427
8.05,590,4.83101,3.6284,3.1028,-2.743,1.436
8.05,591,4.83121,3.6269,3.1172,-2.771,1.445
8.05,592,4.83140,3.6254,3.1317,-2.799,1.454
8.05,593,4.83159,3.6240,3.1462,-2.827,1.463
8.05,594,4.83179,3.6226,3.1606,-2.856,1.472
8.05,595,4.83199,3.6212,3.1751,-2.884,1.481
8.05,596,4.83219,3.6198,3.1897,-2.913,1.490
8.05,597,4.83239,3.6185,3.2042,-2.942,1.499
8.05,598,4.83259,3.6171,3.2190,-2.971,1.507
8.05,599,4.83279,3.6158,3.2338,-3.000,1.516
8.05,600,4.83299,3.6144,3.2488,-3.029,1.525
8.05,601,4.83321,3.6130,3.2639,-3.059,1.535
8.05,602,4.83343,3.6116,3.2790,-3.088,1.544
8.05,603,4.83372,3.6104,3.2917,-3.112,1.552
8.05,604,4.83413,3.6098,3.2987,-3.126,1.556
8.05,605,4.83505,3.6095,3.3032,-3.135,1.559
8.05,606,4.83527,3.6095,3.3032,-3.135,1.559
8.05,607,4.83553,3.6095,3.3029,-3.134,1.559
8.05,608,4.83585,3.6096,3.3022,-3.133,1.558
8.05,609,4.83619,3.6097,3.3011,-3.131,1.557
8.05,610,4.83657,3.6099,3.2998,-3.129,1.556
8.05,611,4.83701,3.6100,3.2986,-3.127,1.555
8.05,612,4.83747,3.6102,3.2972,-3.125,1.554
8.05,613,4.83798,3.6103,3.2960,-3.122,1.553
8.05,614,4.83855,3.6105,3.2949,-3.121,1.552
8.05,615,4.83916,3.6106,3.2939,-3.119,1.551
8.05,616,4.83976,3.6108,3.2928,-3.117,1.550
8.05,617,4.84032,3.6109,3.2917,-3.115,1.549
8.05,618,4.84089,3.6110,3.2905,-3.113,1.548
8.05,619,4.84154,3.6112,3.2894,-3.111,1.547
8.05,620,4.84215,3.6113,3.2882,-3.109,1.546
8.05,621,4.84274,3.6115,3.2870,-3.107,1.545
8.05,622,4.84336,3.6116,3.2858,-3.105,1.544
8.05,623,4.84399,3.6118,3.2846,-3.103,1.543
8.05,624,4.84460,3.6119,3.2834,-3.101,1.542
8.05,625,4.84519,3.6121,3.2820,-3.098,1.541
8.05,626,4.84577,3.6122,3.2807,-3.096,1.540
8.05,627,4.84635,3.6124,3.2794,-3.094,1.539
8.05,628,4.84692,3.6126,3.2780,-3.091,1.538
8.05,629,4.84749,3.6127,3.2767,-3.089,1.537
8.05,630,4.84805,3.6129,3.2753,-3.086,1.535
8.05,631,4.84860,3.6130,3.2739,-3.084,1.534
8.05,632,4.85302,3.6145,3.2613,-3.061,1.525
8.05,633,4.85705,3.6159,3.2482,-3.037,1.515
8.05,634,4.86064,3.6174,3.2346,-3.012,1.505
8.05,635,4.86401,3.6189,3.2206,-2.985,1.496
8.05,636,4.86720,3.6204,3.2065,-2.958,1.486
8.05,637,4.87024,3.6219,3.1923,-2.931,1.477
8.05,638,4.87319,3.6235,3.1780,-2.904,1.467
8.05,639,4.87606,3.6250,3.1635,-2.877,1.457
8.05,640,4.87895,3.6266,3.1490,-2.849,1.447
8.05,641,4.88180,3.6282,3.1344,-2.821,1.437
8.05,642,4.88469,3.6298,3.1198,-2.793,1.427
8.05,643,4.88763,3.6314,3.1052,-2.766,1.417
8.05,644,4.89072,3.6331,3.0906,-2.738,1.407
8.05,645,4.89397,3.6348,3.0760,-2.710,1.397
8.05,646,4.89745,3.6366,3.0615,-2.683,1.387
8.05,647,4.90133,3.6385,3.0472,-2.656,1.376
8.05,648,4.90572,3.6405,3.0331,-2.631,1.364
8.05,649,4.91111,3.6428,3.0196,-2.607,1.352
8.05,650,4.91818,3.6454,3.0074,-2.589,1.337
8.05,651,4.92824,3.6488,2.9993,-2.584,1.319
8.05,652,4.93945,3.6526,3.0004,-2.604,1.298
8.05,653,4.94856,3.6561,3.0081,-2.638,1.280
8.05,654,4.95547,3.6593,3.0190,-2.679,1.264
8.05,655,4.96129,3.6627,3.0320,-2.725,1.248
8.05,656,4.96677,3.6661,3.0469,-2.775,1.231
8.05,657,4.97093,3.6692,3.0622,-2.825,1.216
8.05,658,4.97449,3.6721,3.0780,-2.875,1.202
8.05,659,4.97669,3.6752,3.0922,-2.922,1.188
8.05,660,4.97854,3.6785,3.1056,-2.967,1.172
8.05,661,4.98014,3.6819,3.1181,-3.009,1.156
8.05,662,4.98181,3.6856,3.1295,-3.050,1.139
8.05,663,4.98358,3.6897,3.1378,-3.083,1.120
8.05,664,4.99081,3.6934,3.1493,-3.123,1.103
8.05,665,4.99444,3.6977,3.1593,-3.159,1.082
8.05,666,4.99618,3.7020,3.1664,-3.189,1.061
8.05,667,4.99786,3.7064,3.1725,-3.215,1.039
8.05,668,4.99991,3.7109,3.1778,-3.239,1.018
8.05,669,5.00235,3.7155,3.1834,-3.264,0.996
8.05,670,5.00639,3.7203,3.1898,-3.289,0.975
8.05,671,5.01753,3.7237,3.2023,-3.327,0.960
8.05,672,5.02166,3.7199,3.2036,-3.323,0.977
8.05,673,5.02650,3.7168,3.2062,-3.324,0.991
8.05,674,5.03244,3.7147,3.2116,-3.333,1.001
8.05,675,5.03597,3.7188,3.2181,-3.357,0.982
8.05,676,5.04036,3.7215,3.2245,-3.379,0.970
8.05,677,5.04351,3.7215,3.2267,-3.384,0.970
8.05,678,5.04616,3.7169,3.2265,-3.375,0.990
8.05,679,5.04839,3.7123,3.2257,-3.363,1.012
8.05,680,5.05036,3.7077,3.2243,-3.348,1.034
8.05,681,5.05236,3.7041,3.2243,-3.339,1.051
8.05,682,5.05476,3.7012,3.2238,-3.331,1.066
8.05,683,5.05682,3.6968,3.2223,-3.315,1.088
8.05,684,5.05942,3.6925,3.2204,-3.298,1.108
8.05,685,5.06121,3.6880,3.2169,-3.276,1.130
8.05,686,5.06364,3.6837,3.2123,-3.251,1.149
8.05,687,5.06702,3.6812,3.2131,-3.245,1.161
8.05,688,5.07115,3.6770,3.2084,-3.219,1.181
8.05,689,5.07407,3.6730,3.2004,-3.185,1.200
8.05,690,5.07710,3.6691,3.1918,-3.149,1.219
8.05,691,5.07928,3.6654,3.1807,-3.107,1.237
8.05,692,5.08081,3.6631,3.1806,-3.098,1.248
8.05,693,5.08225,3.6627,3.1806,-3.097,1.250
8.05,694,5.08380,3.6635,3.1818,-3.103,1.246
8.05,695,5.08521,3.6628,3.1844,-3.107,1.249
8.05,696,5.08737,3.6611,3.1731,-3.072,1.257
8.05,697,5.08907,3.6576,3.1613,-3.027,1.275
8.05,698,5.09094,3.6537,3.1514,-2.986,1.295
8.05,699,5.09324,3.6497,3.1444,-2.951,1.316
8.05,700,5.09587,3.6457,3.1422,-2.928,1.337
8.05,701,5.09852,3.6420,3.1454,-2.918,1.358
8.05,702,5.10048,3.6388,3.1535,-2.923,1.375
8.05,703,5.10163,3.6361,3.1644,-2.937,1.391
8.05,704,5.10228,3.6337,3.1762,-2.955,1.405
8.05,705,5.10265,3.6316,3.1884,-2.975,1.417
8.05,706,5.10287,3.6298,3.2003,-2.995,1.428
8.05,707,5.10301,3.6282,3.2117,-3.014,1.439
8.10,202,0.61390,3.6131,-1.0897,7.812,1.587
8.10,204,0.63051,3.6194,-1.0432,7.664,1.540
8.10,206,0.64707,3.6261,-0.9947,7.510,1.492
8.10,208,0.66356,3.6331,-0.9455,7.354,1.443
8.10,210,0.68005,3.6400,-0.8964,7.198,1.396
8.10,212,0.69656,3.6470,-0.8475,7.044,1.350
8.10,214,0.72026,3.6565,-0.7861,6.849,1.291
8.10,216,0.74536,3.6664,-0.7226,6.652,1.232
8.10,218,0.76992,3.6762,-0.6605,6.462,1.179
8.10,220,0.79425,3.6859,-0.5989,6.277,1.129
8.10,222,0.81827,3.6955,-0.5380,6.097,1.081
8.10,224,0.84171,3.7048,-0.4785,5.925,1.035
8.10,226,0.86479,3.7141,-0.4198,5.757,0.992
8.10,228,0.88789,3.7234,-0.3610,5.592,0.953
8.10,230,0.91016,3.7313,-0.3080,5.447,0.919
8.10,232,0.93357,3.7382,-0.2568,5.309,0.888
8.10,234,0.95548,3.7448,-0.2087,5.181,0.860
8.10,236,0.97828,3.7516,-0.1585,5.049,0.831
8.10,238,1.00760,3.7595,-0.0966,4.887,0.798
8.10,240,1.02709,3.7646,-0.0562,4.783,0.777
8.10,242,1.04345,3.7686,-0.0229,4.698,0.760
8.10,244,1.06436,3.7736,0.0187,4.591,0.740
8.10,246,1.08617,3.7785,0.0611,4.484,0.720
8.10,248,1.11076,3.7840,0.1083,4.364,0.698
8.10,250,1.13239,3.7886,0.1488,4.262,0.679
8.10,252,1.15401,3.7932,0.1885,4.162,0.661
8.10,254,1.18034,3.7986,0.2359,4.043,0.639
8.10,256,1.22145,3.8068,0.3073,3.866,0.606
8.10,258,1.24852,3.8122,0.3529,3.753,0.585
8.10,260,1.28489,3.8193,0.4121,3.606,0.557
8.10,262,1.31732,3.8256,0.4632,3.480,0.532
8.10,264,1.34904,3.8317,0.5113,3.362,0.508
8.10,266,1.37684,3.8371,0.5522,3.262,0.487
8.10,268,1.41170,3.8440,0.6016,3.141,0.460
8.10,270,1.44108,3.8500,0.6420,3.043,0.437
8.10,272,1.47435,3.8571,0.6860,2.937,0.409
8.10,274,1.61236,3.8879,0.8540,2.543,0.289
8.10,276,1.65239,3.8961,0.8989,2.438,0.255
8.10,278,1.69196,3.9039,0.9421,2.340,0.224
8.10,280,1.73583,3.9125,0.9886,2.236,0.190
8.10,282,1.78245,3.9215,1.0366,2.133,0.155
8.10,284,1.82589,3.9302,1.0802,2.042,0.123
8.10,286,1.86549,3.9376,1.1189,1.964,0.098
8.10,288,1.91402,3.9462,1.1649,1.873,0.071
8.10,290,1.96438,3.9546,1.2113,1.783,0.048
8.10,292,2.01124,3.9620,1.2532,1.704,0.029
8.10,294,2.06203,3.9695,1.2975,1.622,0.011
8.10,296,2.11200,3.9769,1.3402,1.545,-0.005
8.10,298,2.16275,3.9838,1.3823,1.469,-0.019
8.10,300,2.21168,3.9904,1.4221,1.399,-0.031
8.10,302,2.26944,3.9978,1.4682,1.317,-0.044
8.10,304,2.32417,4.0045,1.5108,1.242,-0.056
8.10,306,2.37582,4.0107,1.5502,1.172,-0.065
8.10,308,2.43241,4.0172,1.5925,1.097,-0.075
8.10,310,2.49261,4.0238,1.6366,1.018,-0.084
8.10,312,2.54924,4.0299,1.6773,0.946,-0.092
8.10,314,2.60250,4.0354,1.7149,0.879,-0.099
8.10,316,2.66524,4.0417,1.7585,0.801,-0.106
8.10,318,2.72483,4.0474,1.7990,0.727,-0.113
8.10,320,2.78933,4.0535,1.8423,0.649,-0.120
8.10,322,2.85691,4.0594,1.8858,0.570,-0.126
8.10,324,2.92422,4.0652,1.9292,0.491,-0.132
8.10,326,2.99120,4.0710,1.9728,0.410,-0.138
8.10,328,3.06058,4.0763,2.0156,0.331,-0.143
8.10,330,3.13000,4.0815,2.0584,0.250,-0.148
8.10,332,3.19910,4.0866,2.1015,0.169,-0.153
8.10,334,3.27443,4.0917,2.1460,0.084,-0.157
8.10,336,3.34956,4.0967,2.1910,-0.002,-0.162
8.10,338,3.42627,4.1015,2.2366,-0.091,-0.166
8.10,340,3.50630,4.1058,2.2827,-0.184,-0.170
8.10,342,3.58550,4.1099,2.3292,-0.279,-0.174
8.10,344,3.66666,4.1135,2.3755,-0.375,-0.177
8.10,346,3.74688,4.1165,2.4216,-0.474,-0.180
8.10,348,3.82566,4.1190,2.4671,-0.575,-0.182
8.10,350,3.90321,4.1208,2.5111,-0.675,-0.183
8.10,352,3.97780,4.1220,2.5543,-0.777,-0.184
8.10,353,4.01559,4.1223,2.5756,-0.829,-0.185
8.10,354,4.03444,4.1223,2.5856,-0.854,-0.185
8.10,356,4.07124,4.1222,2.6053,-0.904,-0.185
8.10,358,4.10679,4.1220,2.6245,-0.954,-0.184
8.10,360,4.14107,4.1215,2.6432,-1.003,-0.184
8.10,362,4.17400,4.1209,2.6614,-1.053,-0.183
8.10,364,4.20553,4.1200,2.6791,-1.102,-0.183
8.10,366,4.23564,4.1189,2.6961,-1.151,-0.182
8.10,368,4.26434,4.1176,2.7126,-1.199,-0.181
8.10,370,4.29157,4.1162,2.7284,-1.247,-0.179
8.10,372,4.31739,4.1145,2.7436,-1.294,-0.178
8.10,374,4.34182,4.1127,2.7581,-1.341,-0.176
8.10,376,4.36491,4.1107,2.7720,-1.387,-0.174
8.10,378,4.38686,4.1085,2.7853,-1.432,-0.172
8.10,380,4.40774,4.1063,2.7982,-1.476,-0.170
8.10,382,4.42761,4.1039,2.8105,-1.520,-0.168
8.10,384,4.44660,4.1014,2.8224,-1.564,-0.166
8.10,386,4.46480,4.0989,2.8340,-1.606,-0.164
8.10,388,4.48235,4.0963,2.8453,-1.649,-0.162
8.10,390,4.49944,4.0937,2.8566,-1.691,-0.159
8.10,392,4.51631,4.0912,2.8681,-1.733,-0.157
8.10,394,4.53349,4.0889,2.8803,-1.776,-0.155
8.10,396,4.55172,4.0873,2.8945,-1.820,-0.153
8.10,398,4.56912,4.0882,2.9106,-1.856,-0.154
8.10,400,4.57830,4.0915,2.9221,-1.868,-0.157
8.10,402,4.58308,4.0953,2.9302,-1.868,-0.161
8.10,404,4.58600,4.0992,2.9370,-1.863,-0.164
8.10,406,4.58794,4.1032,2.9431,-1.857,-0.168
8.10,408,4.58936,4.1071,2.9490,-1.851,-0.171
8.10,410,4.59037,4.1110,2.9548,-1.844,-0.175
8.10,412,4.59115,4.1149,2.9608,-1.838,-0.178
8.10,414,4.59175,4.1186,2.9670,-1.833,-0.181
8.10,416,4.59221,4.1223,2.9735,-1.829,-0.185
8.10,418,4.59257,4.1258,2.9804,-1.826,-0.188
8.10,420,4.59286,4.1292,2.9873,-1.825,-0.191
8.10,422,4.59309,4.1322,2.9942,-1.825,-0.193
8.10,424,4.59328,4.1347,3.0002,-1.826,-0.196
8.10,426,4.59343,4.1363,3.0037,-1.826,-0.197
8.10,428,4.59355,4.1366,3.0030,-1.822,-0.197
8.10,430,4.59363,4.1359,2.9990,-1.816,-0.197
8.10,432,4.59371,4.1342,2.9918,-1.808,-0.195
8.10,434,4.59379,4.1317,2.9824,-1.798,-0.193
8.10,436,4.59386,4.1287,2.9731,-1.792,-0.190
8.10,438,4.59394,4.1254,2.9653,-1.791,-0.187
8.10,440,4.59402,4.1217,2.9601,-1.798,-0.184
8.10,442,4.59411,4.1180,2.9587,-1.816,-0.181
8.10,444,4.59421,4.1142,2.9616,-1.844,-0.177
8.10,446,4.59431,4.1106,2.9675,-1.878,-0.174
8.10,448,4.59442,4.1072,2.9750,-1.916,-0.171
8.10,450,4.59454,4.1038,2.9827,-1.954,-0.168
8.10,452,4.59467,4.1003,2.9899,-1.990,-0.165
8.10,454,4.59481,4.0967,2.9960,-2.025,-0.161
8.10,455,4.59495,4.0933,3.0008,-2.055,-0.158
8.10,456,4.59510,4.0898,3.0048,-2.084,-0.155
8.10,457,4.59525,4.0863,3.0083,-2.111,-0.152
8.10,458,4.59542,4.0827,3.0112,-2.137,-0.148
8.10,459,4.59559,4.0792,3.0139,-2.163,-0.145
8.10,460,4.59577,4.0755,3.0160,-2.187,-0.141
8.10,461,4.59595,4.0719,3.0179,-2.210,-0.138
8.10,462,4.59614,4.0683,3.0194,-2.233,-0.134
8.10,463,4.59634,4.0646,3.0207,-2.255,-0.131
8.10,464,4.59654,4.0609,3.0218,-2.276,-0.127
8.10,465,4.59674,4.0572,3.0227,-2.297,-0.124
8.10,466,4.59694,4.0535,3.0232,-2.317,-0.120
8.10,467,4.59714,4.0497,3.0237,-2.336,-0.116
8.10,468,4.59734,4.0460,3.0240,-2.355,-0.113
8.10,469,4.59754,4.0422,3.0241,-2.374,-0.109
8.10,470,4.59774,4.0384,3.0241,-2.392,-0.105
8.10,471,4.59793,4.0346,3.0240,-2.410,-0.101
8.10,472,4.59813,4.0308,3.0237,-2.428,-0.097
8.10,473,4.59832,4.0270,3.0233,-2.445,-0.093
8.10,474,4.59850,4.0232,3.0228,-2.461,-0.089
8.10,475,4.59868,4.0193,3.0222,-2.478,-0.085
8.10,476,4.59886,4.0155,3.0214,-2.494,-0.081
8.10,477,4.59903,4.0116,3.0206,-2.509,-0.077
8.10,478,4.59920,4.0078,3.0197,-2.525,-0.072
8.10,479,4.59937,4.0039,3.0187,-2.539,-0.068
8.10,480,4.59953,4.0000,3.0175,-2.554,-0.063
8.10,481,4.59968,3.9961,3.0163,-2.568,-0.058
8.10,482,4.59983,3.9922,3.0150,-2.582,-0.054
8.10,483,4.59998,3.9883,3.0136,-2.595,-0.049
8.10,484,4.60013,3.9844,3.0121,-2.609,-0.043
8.10,485,4.60028,3.9805,3.0105,-2.621,-0.037
8.10,486,4.60043,3.9766,3.0089,-2.634,-0.032
8.10,487,4.60057,3.9727,3.0072,-2.646,-0.026
8.10,488,4.60071,3.9688,3.0055,-2.658,-0.019
8.10,489,4.60084,3.9648,3.0036,-2.669,-0.013
8.10,490,4.60097,3.9609,3.0017,-2.679,-0.006
8.10,491,4.60110,3.9570,2.9997,-2.690,0.001
8.10,492,4.60122,3.9530,2.9976,-2.699,0.009
8.10,493,4.60134,3.9491,2.9955,-2.709,0.017
8.10,494,4.60145,3.9451,2.9933,-2.717,0.025
8.10,495,4.60157,3.9412,2.9911,-2.725,0.033
8.10,496,4.60167,3.9373,2.9888,-2.733,0.042
8.10,497,4.60178,3.9333,2.9864,-2.739,0.052
8.10,498,4.60188,3.9294,2.9840,-2.745,0.062
8.10,499,4.60198,3.9254,2.9815,-2.750,0.073
8.10,500,4.60207,3.9214,2.9790,-2.754,0.084
8.10,501,4.60217,3.9175,2.9764,-2.757,0.095
8.10,502,4.60226,3.9135,2.9738,-2.760,0.107
8.10,503,4.60234,3.9096,2.9711,-2.762,0.120
8.10,504,4.60243,3.9056,2.9683,-2.763,0.133
8.10,505,4.60251,3.9017,2.9656,-2.764,0.147
8.10,506,4.60259,3.8977,2.9628,-2.763,0.161
8.10,507,4.60267,3.8937,2.9599,-2.763,0.175
8.10,508,4.60275,3.8898,2.9570,-2.761,0.190
8.10,509,4.60282,3.8858,2.9540,-2.759,0.205
8.10,510,4.60289,3.8819,2.9511,-2.756,0.221
8.10,511,4.60296,3.8779,2.9480,-2.753,0.237
8.10,512,4.60303,3.8739,2.9450,-2.750,0.254
8.10,513,4.60310,3.8700,2.9419,-2.746,0.272
8.10,514,4.60316,3.8660,2.9389,-2.741,0.291
8.10,515,4.60322,3.8621,2.9357,-2.736,0.310
8.10,516,4.60329,3.8581,2.9325,-2.730,0.328
8.10,517,4.60335,3.8541,2.9292,-2.724,0.347
8.10,518,4.60340,3.8502,2.9260,-2.718,0.366
8.10,519,4.60346,3.8462,2.9227,-2.711,0.385
8.10,520,4.60352,3.8423,2.9193,-2.703,0.404
8.10,521,4.60357,3.8383,2.9160,-2.696,0.422
8.10,522,4.60362,3.8343,2.9126,-2.688,0.441
8.10,523,4.60368,3.8304,2.9092,-2.680,0.459
8.10,524,4.60373,3.8264,2.9058,-2.671,0.477
8.10,525,4.60378,3.8225,2.9024,-2.662,0.495
8.10,526,4.60382,3.8185,2.8989,-2.653,0.513
8.10,527,4.60387,3.8146,2.8954,-2.644,0.532
8.10,528,4.60392,3.8106,2.8918,-2.634,0.550
8.10,529,4.60396,3.8066,2.8883,-2.623,0.568
8.10,530,4.60401,3.8027,2.8847,-2.612,0.587
8.10,531,4.60405,3.7987,2.8811,-2.601,0.606
8.10,532,4.60409,3.7948,2.8775,-2.590,0.624
8.10,533,4.60413,3.7908,2.8739,-2.579,0.642
8.10,534,4.60417,3.7869,2.8703,-2.567,0.661
8.10,535,4.60421,3.7829,2.8666,-2.555,0.679
8.10,536,4.60425,3.7790,2.8629,-2.543,0.697
8.10,537,4.60429,3.7750,2.8592,-2.530,0.716
8.10,538,4.60433,3.7711,2.8554,-2.517,0.734
8.10,539,4.60436,3.7671,2.8517,-2.504,0.753
8.10,540,4.60440,3.7632,2.8479,-2.491,0.771
8.10,541,4.60443,3.7592,2.8440,-2.477,0.790
8.10,542,4.60447,3.7553,2.8402,-2.463,0.808
8.10,543,4.60450,3.7513,2.8362,-2.450,0.826
8.10,544,4.60454,3.7474,2.8321,-2.435,0.844
8.10,545,4.60457,3.7435,2.8279,-2.420,0.862
8.10,546,4.60461,3.7396,2.8234,-2.404,0.880
8.10,547,4.60465,3.7357,2.8186,-2.386,0.898
8.10,548,4.60469,3.7318,2.8135,-2.367,0.917
8.10,549,4.60473,3.7280,2.8082,-2.347,0.935
8.10,550,4.60477,3.7242,2.8023,-2.325,0.953
8.10,551,4.60481,3.7205,2.7959,-2.302,0.970
8.10,552,4.60486,3.7169,2.7885,-2.276,0.986
8.10,553,4.60492,3.7136,2.7794,-2.246,1.001
8.10,554,4.60498,3.7104,2.7695,-2.214,1.015
8.10,555,4.60505,3.7074,2.7590,-2.181,1.029
8.10,556,4.60511,3.7044,2.7481,-2.146,1.043
8.10,557,4.60518,3.7015,2.7369,-2.111,1.057
8.10,558,4.60525,3.6986,2.7257,-2.075,1.071
8.10,559,4.60532,3.6958,2.7144,-2.039,1.085
8.10,560,4.60539,3.6928,2.7035,-2.004,1.099
8.10,561,4.60547,3.6897,2.6935,-1.970,1.113
8.10,562,4.60556,3.6862,2.6856,-1.939,1.129
8.10,563,4.60566,3.6824,2.6818,-1.918,1.147
8.10,564,4.60575,3.6785,2.6843,-1.911,1.165
8.10,565,4.60583,3.6750,2.6919,-1.919,1.182
8.10,566,4.60591,3.6720,2.7025,-1.935,1.196
8.10,567,4.60597,3.6694,2.7146,-1.955,1.210
8.10,568,4.60602,3.6670,2.7276,-1.979,1.221
8.10,569,4.60608,3.6648,2.7411,-2.004,1.233
8.10,570,4.60613,3.6627,2.7551,-2.031,1.243
8.10,571,4.60618,3.6607,2.7692,-2.059,1.253
8.10,572,4.60623,3.6588,2.7836,-2.087,1.263
8.10,573,4.60628,3.6570,2.7981,-2.116,1.273
8.10,574,4.60633,3.6552,2.8126,-2.145,1.282
8.10,575,4.60639,3.6535,2.8273,-2.174,1.292
8.10,576,4.60645,3.6518,2.8420,-2.204,1.301
8.10,577,4.60652,3.6502,2.8566,-2.233,1.310
8.10,578,4.60660,3.6485,2.8714,-2.263,1.319
8.10,579,4.60669,3.6469,2.8860,-2.292,1.328
8.10,580,4.60681,3.6453,2.9005,-2.321,1.337
8.10,581,4.60694,3.6437,2.9149,-2.350,1.346
8.10,582,4.60708,3.6422,2.9292,-2.378,1.354
8.10,583,4.60725,3.6407,2.9433,-2.407,1.363
8.10,584,4.60741,3.6392,2.9575,-2.435,1.371
8.10,585,4.60758,3.6377,2.9716,-2.463,1.380
8.10,586,4.60776,3.6362,2.9857,-2.491,1.388
8.10,587,4.60793,3.6348,2.9999,-2.519,1.397
8.10,588,4.60811,3.6333,3.0140,-2.547,1.406
8.10,589,4.60829,3.6319,3.0282,-2.575,1.414
8.10,590,4.60847,3.6304,3.0423,-2.603,1.423
8.10,591,4.60865,3.6290,3.0565,-2.631,1.432
8.10,592,4.60883,3.6276,3.0707,-2.659,1.440
8.10,593,4.60902,3.6262,3.0849,-2.687,1.449
8.10,594,4.60921,3.6249,3.0991,-2.715,1.458
8.10,595,4.60940,3.6236,3.1133,-2.743,1.466
8.10,596,4.60959,3.6223,3.1277,-2.772,1.474
8.10,597,4.60978,3.6210,3.1421,-2.801,1.482
8.10,598,4.60997,3.6197,3.1565,-2.830,1.490
8.10,599,4.61016,3.6184,3.1711,-2.858,1.499
8.10,600,4.61035,3.6171,3.1857,-2.887,1.507
8.10,601,4.61055,3.6157,3.2005,-2.916,1.516
8.10,602,4.61077,3.6144,3.2153,-2.945,1.525
8.10,603,4.61104,3.6133,3.2274,-2.969,1.533
8.10,604,4.61143,3.6127,3.2338,-2.982,1.536
8.10,605,4.61227,3.6125,3.2369,-2.988,1.538
8.10,606,4.61248,3.6125,3.2369,-2.988,1.538
8.10,607,4.61275,3.6125,3.2366,-2.987,1.537
8.10,608,4.61307,3.6126,3.2357,-2.986,1.537
8.10,609,4.61340,3.6128,3.2343,-2.983,1.536
8.10,610,4.61380,3.6130,3.2329,-2.981,1.535
8.10,611,4.61428,3.6131,3.2314,-2.978,1.533
8.10,612,4.61474,3.6133,3.2299,-2.976,1.532
8.10,613,4.61522,3.6135,3.2284,-2.973,1.531
8.10,614,4.61575,3.6137,3.2270,-2.970,1.530
8.10,615,4.61630,3.6138,3.2257,-2.968,1.529
8.10,616,4.61687,3.6140,3.2244,-2.966,1.528
8.10,617,4.61744,3.6142,3.2230,-2.963,1.527
8.10,618,4.61803,3.6143,3.2217,-2.961,1.526
8.10,619,4.61863,3.6145,3.2203,-2.959,1.524
8.10,620,4.61920,3.6146,3.2189,-2.956,1.523
8.10,621,4.61975,3.6148,3.2174,-2.953,1.522
8.10,622,4.62033,3.6150,3.2159,-2.951,1.521
8.10,623,4.62095,3.6152,3.2145,-2.948,1.520
8.10,624,4.62156,3.6153,3.2130,-2.945,1.519
8.10,625,4.62212,3.6155,3.2115,-2.943,1.518
8.10,626,4.62270,3.6157,3.2100,-2.940,1.517
8.10,627,4.62327,3.6158,3.2085,-2.937,1.515
8.10,628,4.62383,3.6160,3.2069,-2.934,1.514
8.10,629,4.62439,3.6162,3.2053,-2.931,1.513
8.10,630,4.62492,3.6164,3.2037,-2.928,1.512
8.10,631,4.62546,3.6165,3.2021,-2.925,1.511
8.10,632,4.62896,3.6178,3.1905,-2.904,1.502
8.10,633,4.63209,3.6192,3.1783,-2.881,1.494
8.10,634,4.63498,3.6205,3.1659,-2.857,1.486
8.10,635,4.63770,3.6218,3.1533,-2.833,1.477
8.10,636,4.64030,3.6231,3.1405,-2.809,1.469
8.10,637,4.64278,3.6245,3.1276,-2.784,1.461
8.10,638,4.64519,3.6258,3.1148,-2.759,1.452
8.10,639,4.64752,3.6272,3.1018,-2.734,1.443
8.10,640,4.64980,3.6286,3.0888,-2.709,1.435
8.10,641,4.65204,3.6300,3.0758,-2.684,1.426
8.10,642,4.65429,3.6313,3.0627,-2.659,1.418
8.10,643,4.65653,3.6328,3.0496,-2.633,1.409
8.10,644,4.65881,3.6342,3.0366,-2.608,1.401
8.10,645,4.66115,3.6356,3.0235,-2.582,1.392
8.10,646,4.66356,3.6371,3.0104,-2.557,1.384
8.10,647,4.66609,3.6386,2.9975,-2.532,1.375
8.10,648,4.66870,3.6401,2.9846,-2.507,1.366
8.10,649,4.67153,3.6417,2.9719,-2.483,1.357
8.10,650,4.67460,3.6433,2.9593,-2.459,1.348
8.10,651,4.67800,3.6450,2.9469,-2.436,1.339
8.10,652,4.68200,3.6469,2.9349,-2.414,1.329
8.10,653,4.68670,3.6489,2.9237,-2.396,1.317
8.10,654,4.69283,3.6514,2.9140,-2.382,1.304
8.10,655,4.70129,3.6543,2.9087,-2.382,1.288
8.10,656,4.71069,3.6575,2.9106,-2.400,1.272
8.10,657,4.71868,3.6608,2.9174,-2.430,1.256
8.10,658,4.72651,3.6638,2.9296,-2.472,1.241
8.10,659,4.73211,3.6664,2.9435,-2.517,1.228
8.10,660,4.73670,3.6688,2.9576,-2.562,1.216
8.10,661,4.73985,3.6713,2.9710,-2.604,1.205
8.10,662,4.74268,3.6738,2.9842,-2.646,1.193
8.10,663,4.74469,3.6762,2.9973,-2.688,1.181
8.10,664,4.74654,3.6788,3.0096,-2.727,1.169
8.10,665,4.74938,3.6816,3.0217,-2.767,1.156
8.10,666,4.75150,3.6844,3.0333,-2.805,1.143
8.10,667,4.75336,3.6874,3.0440,-2.841,1.130
8.10,668,4.75636,3.6906,3.0545,-2.877,1.115
8.10,669,4.76703,3.6920,3.0702,-2.920,1.108
8.10,670,4.76996,3.6952,3.0797,-2.953,1.093
8.10,671,4.77184,3.6987,3.0874,-2.982,1.076
8.10,672,4.77454,3.7020,3.0941,-3.008,1.060
8.10,673,4.77745,3.7056,3.1005,-3.033,1.043
8.10,674,4.78207,3.7056,3.1041,-3.042,1.042
8.10,675,4.78865,3.7062,3.1132,-3.066,1.040
8.10,676,4.79635,3.7060,3.1220,-3.088,1.041
8.10,677,4.80025,3.7026,3.1234,-3.083,1.058
8.10,678,4.80542,3.6992,3.1255,-3.079,1.075
8.10,679,4.81182,3.6974,3.1305,-3.087,1.084
8.10,680,4.81523,3.6937,3.1297,-3.075,1.101
8.10,681,4.81903,3.6903,3.1294,-3.064,1.118
8.10,682,4.81970,3.6921,3.1373,-3.089,1.109
8.10,683,4.82056,3.6950,3.1414,-3.107,1.096
8.10,684,4.82341,3.6951,3.1403,-3.105,1.095
8.10,685,4.82618,3.6911,3.1384,-3.088,1.114
8.10,686,4.82854,3.6872,3.1350,-3.068,1.132
8.10,687,4.83167,3.6839,3.1316,-3.050,1.147
8.10,688,4.83502,3.6804,3.1253,-3.023,1.163
8.10,689,4.83768,3.6771,3.1178,-2.992,1.179
8.10,690,4.83974,3.6739,3.1087,-2.959,1.195
8.10,691,4.84155,3.6706,3.0998,-2.925,1.210
8.10,692,4.84348,3.6674,3.0911,-2.891,1.226
8.10,693,4.84552,3.6643,3.0818,-2.855,1.241
8.10,694,4.84728,3.6616,3.0749,-2.828,1.254
8.10,695,4.84951,3.6600,3.0739,-2.819,1.262
8.10,696,4.85169,3.6578,3.0651,-2.788,1.273
8.10,697,4.85377,3.6547,3.0577,-2.756,1.289
8.10,698,4.85645,3.6513,3.0557,-2.736,1.307
8.10,699,4.85908,3.6482,3.0569,-2.726,1.323
8.10,700,4.86113,3.6454,3.0618,-2.725,1.338
8.10,701,4.86254,3.6429,3.0696,-2.733,1.352
8.10,702,4.86345,3.6407,3.0787,-2.746,1.364
8.10,703,4.86400,3.6388,3.0885,-2.761,1.375
8.10,704,4.86434,3.6370,3.0985,-2.777,1.385
8.10,705,4.86456,3.6354,3.1085,-2.794,1.394
8.10,706,4.86470,3.6339,3.1183,-2.811,1.403
8.10,707,4.86480,3.6326,3.1277,-2.828,1.411
8.15,202,0.57039,3.5985,-1.2118,8.192,1.698
8.15,204,0.60282,3.6078,-1.1234,7.923,1.626
8.15,206,0.61942,3.6145,-1.0751,7.769,1.576
8.15,208,0.63596,3.6214,-1.0261,7.612,1.526
8.15,210,0.65246,3.6283,-0.9771,7.456,1.477
8.15,212,0.66896,3.6352,-0.9284,7.301,1.428
8.15,214,0.68552,3.6422,-0.8796,7.146,1.381
8.15,216,0.70307,3.6495,-0.8292,6.987,1.334
8.15,218,0.72787,3.6593,-0.7665,6.789,1.274
8.15,220,0.75264,3.6692,-0.7039,6.595,1.217
8.15,222,0.77699,3.6789,-0.6422,6.407,1.164
8.15,224,0.80062,3.6883,-0.5823,6.228,1.116
8.15,226,0.82419,3.6978,-0.5224,6.052,1.070
8.15,228,0.84747,3.7071,-0.4632,5.881,1.024
8.15,230,0.86987,3.7161,-0.4062,5.719,0.984
8.15,232,0.89276,3.7254,-0.3478,5.556,0.944
8.15,234,0.91474,3.7327,-0.2970,5.417,0.912
8.15,236,0.93783,3.7396,-0.2464,5.281,0.882
8.15,238,0.95930,3.7460,-0.1991,5.156,0.855
8.15,240,0.98280,3.7530,-0.1475,5.020,0.825
8.15,242,1.01109,3.7606,-0.0881,4.865,0.794
8.15,244,1.02912,3.7652,-0.0510,4.770,0.775
8.15,246,1.04582,3.7693,-0.0172,4.683,0.758
8.15,248,1.06719,3.7743,0.0251,4.575,0.737
8.15,250,1.08879,3.7792,0.0670,4.468,0.717
8.15,252,1.11403,3.7847,0.1153,4.346,0.695
8.15,254,1.13428,3.7891,0.1532,4.251,0.677
8.15,256,1.15630,3.7937,0.1936,4.149,0.659
8.15,258,1.18515,3.7996,0.2453,4.020,0.635
8.15,260,1.22470,3.8075,0.3138,3.850,0.604
8.15,262,1.25472,3.8134,0.3642,3.725,0.580
8.15,264,1.29126,3.8206,0.4234,3.578,0.552
8.15,266,1.32338,3.8268,0.4736,3.454,0.527
8.15,268,1.35368,3.8327,0.5194,3.342,0.504
8.15,270,1.38345,3.8385,0.5629,3.235,0.482
8.15,272,1.41871,3.8455,0.6127,3.114,0.455
8.15,274,1.44698,3.8513,0.6512,3.021,0.432
8.15,276,1.48123,3.8587,0.6963,2.912,0.403
8.15,278,1.61560,3.8886,0.8594,2.530,0.286
8.15,280,1.65569,3.8967,0.9042,2.426,0.253
8.15,282,1.69503,3.9044,0.9472,2.327,0.222
8.15,284,1.73852,3.9128,0.9932,2.225,0.189
8.15,286,1.78299,3.9214,1.0390,2.126,0.155
8.15,288,1.82757,3.9301,1.0838,2.033,0.123
8.15,290,1.86771,3.9375,1.1230,1.953,0.098
8.15,292,1.91586,3.9459,1.1688,1.862,0.071
8.15,294,1.96595,3.9541,1.2150,1.772,0.049
8.15,296,2.01391,3.9616,1.2582,1.691,0.029
8.15,298,2.06425,3.9689,1.3021,1.608,0.012
8.15,300,2.11350,3.9762,1.3444,1.532,-0.004
8.15,302,2.16325,3.9829,1.3859,1.456,-0.017
8.15,304,2.21385,3.9895,1.4273,1.382,-0.030
8.15,306,2.27040,3.9967,1.4728,1.301,-0.043
8.15,308,2.32529,4.0034,1.5158,1.224,-0.054
8.15,310,2.37667,4.0094,1.5554,1.153,-0.063
8.15,312,2.43264,4.0158,1.5977,1.077,-0.073
8.15,314,2.49307,4.0223,1.6424,0.996,-0.082
8.15,316,2.54943,4.0282,1.6834,0.923,-0.090
8.15,318,2.60221,4.0336,1.7211,0.854,-0.097
8.15,320,2.66444,4.0397,1.7649,0.775,-0.104
8.15,322,2.72424,4.0453,1.8062,0.699,-0.111
8.15,324,2.78861,4.0512,1.8500,0.618,-0.118
8.15,326,2.85584,4.0570,1.8940,0.537,-0.124
8.15,328,2.92268,4.0626,1.9379,0.455,-0.129
8.15,330,2.98898,4.0681,1.9820,0.373,-0.135
8.15,332,3.05763,4.0732,2.0252,0.290,-0.140
8.15,334,3.12647,4.0780,2.0686,0.206,-0.145
8.15,336,3.19479,4.0827,2.1122,0.121,-0.149
8.15,338,3.26886,4.0874,2.1573,0.033,-0.154
8.15,340,3.34303,4.0919,2.2030,-0.058,-0.158
8.15,342,3.41776,4.0960,2.2491,-0.152,-0.161
8.15,344,3.49581,4.0997,2.2956,-0.250,-0.165
8.15,346,3.57242,4.1028,2.3423,-0.350,-0.168
8.15,348,3.64934,4.1053,2.3883,-0.452,-0.170
8.15,350,3.72493,4.1070,2.4336,-0.556,-0.171
8.15,352,3.79759,4.1081,2.4781,-0.663,-0.172
8.15,353,3.83358,4.1083,2.4993,-0.714,-0.172
8.15,354,3.85042,4.1084,2.5092,-0.739,-0.172
8.15,356,3.88331,4.1083,2.5288,-0.789,-0.172
8.15,358,3.91512,4.1081,2.5480,-0.838,-0.172
8.15,360,3.94579,4.1077,2.5667,-0.888,-0.172
8.15,362,3.97526,4.1070,2.5849,-0.937,-0.171
8.15,364,4.00393,4.1061,2.6025,-0.986,-0.170
8.15,366,4.03429,4.1050,2.6196,-1.035,-0.169
8.15,368,4.06321,4.1037,2.6360,-1.083,-0.168
8.15,370,4.09062,4.1021,2.6518,-1.131,-0.167
8.15,372,4.11660,4.1004,2.6669,-1.179,-0.165
8.15,374,4.14115,4.0985,2.6814,-1.225,-0.164
8.15,376,4.16436,4.0964,2.6952,-1.271,-0.162
8.15,378,4.18644,4.0942,2.7084,-1.316,-0.160
8.15,380,4.20741,4.0919,2.7211,-1.361,-0.158
8.15,382,4.22739,4.0894,2.7334,-1.404,-0.155
8.15,384,4.24649,4.0869,2.7452,-1.447,-0.153
8.15,386,4.26481,4.0843,2.7567,-1.490,-0.151
8.15,388,4.28251,4.0817,2.7680,-1.532,-0.148
8.15,390,4.29978,4.0791,2.7793,-1.574,-0.146
8.15,392,4.31695,4.0765,2.7908,-1.617,-0.144
8.15,394,4.33465,4.0743,2.8035,-1.660,-0.141
8.15,396,4.35344,4.0732,2.8186,-1.703,-0.140
8.15,398,4.36881,4.0749,2.8338,-1.733,-0.142
8.15,400,4.37669,4.0785,2.8445,-1.741,-0.145
8.15,402,4.38090,4.0824,2.8523,-1.741,-0.149
8.15,404,4.38356,4.0864,2.8591,-1.737,-0.153
8.15,406,4.38535,4.0904,2.8653,-1.731,-0.156
8.15,408,4.38665,4.0943,2.8713,-1.725,-0.160
8.15,410,4.38760,4.0983,2.8774,-1.719,-0.163
8.15,412,4.38832,4.1022,2.8837,-1.714,-0.167
8.15,414,4.38888,4.1060,2.8901,-1.709,-0.170
8.15,416,4.38931,4.1097,2.8969,-1.706,-0.173
8.15,418,4.38965,4.1132,2.9040,-1.705,-0.176
8.15,420,4.38993,4.1165,2.9111,-1.705,-0.179
8.15,422,4.39015,4.1194,2.9179,-1.705,-0.182
8.15,424,4.39033,4.1217,2.9232,-1.706,-0.184
8.15,426,4.39047,4.1228,2.9252,-1.705,-0.185
8.15,428,4.39058,4.1227,2.9230,-1.700,-0.185
8.15,430,4.39066,4.1216,2.9175,-1.692,-0.184
8.15,432,4.39074,4.1196,2.9093,-1.683,-0.182
8.15,434,4.39082,4.1168,2.8998,-1.674,-0.180
8.15,436,4.39089,4.1137,2.8911,-1.670,-0.177
8.15,438,4.39097,4.1101,2.8847,-1.673,-0.174
8.15,440,4.39106,4.1064,2.8818,-1.686,-0.170
8.15,442,4.39116,4.1026,2.8828,-1.709,-0.167
8.15,444,4.39127,4.0990,2.8874,-1.740,-0.164
8.15,446,4.39139,4.0954,2.8941,-1.776,-0.161
8.15,448,4.39151,4.0919,2.9016,-1.814,-0.157
8.15,450,4.39165,4.0884,2.9088,-1.851,-0.154
8.15,452,4.39179,4.0848,2.9153,-1.886,-0.151
8.15,454,4.39196,4.0811,2.9207,-1.919,-0.147
8.15,455,4.39211,4.0777,2.9249,-1.947,-0.144
8.15,456,4.39227,4.0743,2.9284,-1.973,-0.141
8.15,457,4.39244,4.0709,2.9314,-1.999,-0.137
8.15,458,4.39262,4.0674,2.9339,-2.023,-0.134
8.15,459,4.39281,4.0639,2.9362,-2.046,-0.131
8.15,460,4.39300,4.0603,2.9380,-2.068,-0.127
8.15,461,4.39320,4.0568,2.9396,-2.090,-0.124
8.15,462,4.39341,4.0532,2.9409,-2.111,-0.120
8.15,463,4.39361,4.0496,2.9419,-2.131,-0.117
8.15,464,4.39383,4.0460,2.9428,-2.151,-0.113
8.15,465,4.39404,4.0424,2.9434,-2.171,-0.110
8.15,466,4.39425,4.0388,2.9438,-2.189,-0.106
8.15,467,4.39447,4.0351,2.9441,-2.207,-0.102
8.15,468,4.39468,4.0315,2.9443,-2.225,-0.098
8.15,469,4.39489,4.0278,2.9442,-2.243,-0.094
8.15,470,4.39510,4.0241,2.9441,-2.260,-0.090
8.15,471,4.39531,4.0204,2.9439,-2.276,-0.086
8.15,472,4.39551,4.0167,2.9435,-2.293,-0.082
8.15,473,4.39571,4.0130,2.9429,-2.308,-0.078
8.15,474,4.39590,4.0093,2.9423,-2.324,-0.074
8.15,475,4.39609,4.0055,2.9416,-2.339,-0.070
8.15,476,4.39628,4.0018,2.9408,-2.354,-0.065
8.15,477,4.39646,3.9980,2.9399,-2.368,-0.061
8.15,478,4.39663,3.9943,2.9389,-2.382,-0.056
8.15,479,4.39681,3.9905,2.9378,-2.396,-0.051
8.15,480,4.39697,3.9867,2.9366,-2.410,-0.046
8.15,481,4.39713,3.9829,2.9353,-2.423,-0.041
8.15,482,4.39729,3.9791,2.9339,-2.436,-0.035
8.15,483,4.39744,3.9753,2.9324,-2.448,-0.030
8.15,484,4.39759,3.9715,2.9309,-2.460,-0.024
8.15,485,4.39773,3.9677,2.9292,-2.471,-0.017
8.15,486,4.39787,3.9639,2.9276,-2.482,-0.011
8.15,487,4.39801,3.9601,2.9258,-2.493,-0.004
8.15,488,4.39814,3.9563,2.9240,-2.503,0.003
8.15,489,4.39826,3.9524,2.9221,-2.513,0.011
8.15,490,4.39839,3.9486,2.9201,-2.522,0.018
8.15,491,4.39850,3.9448,2.9181,-2.531,0.026
8.15,492,4.39862,3.9409,2.9160,-2.538,0.035
8.15,493,4.39873,3.9371,2.9138,-2.546,0.044
8.15,494,4.39884,3.9333,2.9116,-2.552,0.053
8.15,495,4.39894,3.9294,2.9093,-2.558,0.063
8.15,496,4.39905,3.9256,2.9070,-2.563,0.074
8.15,497,4.39915,3.9217,2.9046,-2.567,0.085
8.15,498,4.39924,3.9179,2.9021,-2.570,0.096
8.15,499,4.39933,3.9140,2.8996,-2.573,0.108
8.15,500,4.39942,3.9102,2.8971,-2.575,0.120
8.15,501,4.39951,3.9063,2.8944,-2.576,0.132
8.15,502,4.39960,3.9025,2.8918,-2.577,0.146
8.15,503,4.39968,3.8986,2.8890,-2.577,0.160
8.15,504,4.39976,3.8948,2.8863,-2.576,0.174
8.15,505,4.39984,3.8909,2.8835,-2.575,0.188
8.15,506,4.39991,3.8871,2.8806,-2.573,0.203
8.15,507,4.39999,3.8832,2.8777,-2.570,0.218
8.15,508,4.40006,3.8793,2.8748,-2.567,0.234
8.15,509,4.40013,3.8755,2.8718,-2.564,0.251
8.15,510,4.40019,3.8716,2.8687,-2.560,0.268
8.15,511,4.40026,3.8678,2.8657,-2.555,0.286
8.15,512,4.40032,3.8639,2.8626,-2.550,0.304
8.15,513,4.40039,3.8601,2.8594,-2.545,0.322
8.15,514,4.40045,3.8562,2.8563,-2.539,0.340
8.15,515,4.40051,3.8524,2.8531,-2.533,0.358
8.15,516,4.40057,3.8485,2.8498,-2.526,0.377
8.15,517,4.40062,3.8447,2.8465,-2.519,0.395
8.15,518,4.40068,3.8408,2.8432,-2.512,0.413
8.15,519,4.40073,3.8369,2.8398,-2.504,0.431
8.15,520,4.40078,3.8331,2.8365,-2.496,0.448
8.15,521,4.40083,3.8292,2.8331,-2.488,0.466
8.15,522,4.40088,3.8254,2.8297,-2.480,0.484
8.15,523,4.40093,3.8215,2.8262,-2.471,0.501
8.15,524,4.40098,3.8177,2.8227,-2.462,0.519
8.15,525,4.40102,3.8138,2.8192,-2.452,0.536
8.15,526,4.40107,3.8100,2.8157,-2.442,0.554
8.15,527,4.40111,3.8061,2.8121,-2.431,0.572
8.15,528,4.40116,3.8023,2.8085,-2.420,0.590
8.15,529,4.40120,3.7984,2.8049,-2.409,0.608
8.15,530,4.40124,3.7946,2.8013,-2.398,0.626
8.15,531,4.40128,3.7908,2.7976,-2.387,0.644
8.15,532,4.40132,3.7869,2.7939,-2.376,0.661
8.15,533,4.40136,3.7831,2.7902,-2.364,0.679
8.15,534,4.40140,3.7792,2.7865,-2.352,0.697
8.15,535,4.40144,3.7754,2.7827,-2.339,0.714
8.15,536,4.40147,3.7716,2.7788,-2.326,0.732
8.15,537,4.40151,3.7677,2.7749,-2.313,0.750
8.15,538,4.40155,3.7639,2.7708,-2.299,0.768
8.15,539,4.40158,3.7601,2.7667,-2.285,0.785
8.15,540,4.40162,3.7563,2.7624,-2.270,0.803
8.15,541,4.40166,3.7525,2.7581,-2.255,0.820
8.15,542,4.40170,3.7487,2.7535,-2.240,0.838
8.15,543,4.40174,3.7450,2.7487,-2.223,0.855
8.15,544,4.40178,3.7413,2.7434,-2.206,0.872
8.15,545,4.40182,3.7377,2.7377,-2.186,0.889
8.15,546,4.40186,3.7341,2.7316,-2.165,0.906
8.15,547,4.40191,3.7306,2.7251,-2.143,0.922
8.15,548,4.40196,3.7271,2.7183,-2.120,0.939
8.15,549,4.40200,3.7237,2.7112,-2.096,0.955
8.15,550,4.40205,3.7203,2.7037,-2.070,0.970
8.15,551,4.40210,3.7170,2.6958,-2.044,0.985
8.15,552,4.40216,3.7138,2.6872,-2.015,0.999
8.15,553,4.40222,3.7107,2.6774,-1.984,1.013
8.15,554,4.40229,3.7078,2.6672,-1.952,1.027
8.15,555,4.40235,3.7048,2.6569,-1.919,1.040
8.15,556,4.40242,3.7018,2.6469,-1.886,1.055
8.15,557,4.40250,3.6988,2.6377,-1.855,1.070
8.15,558,4.40258,3.6957,2.6302,-1.828,1.085
8.15,559,4.40265,3.6926,2.6244,-1.805,1.099
8.15,560,4.40273,3.6897,2.6201,-1.786,1.113
8.15,561,4.40280,3.6867,2.6169,-1.769,1.126
8.15,562,4.40288,3.6837,2.6155,-1.756,1.140
8.15,563,4.40296,3.6804,2.6171,-1.749,1.155
8.15,564,4.40304,3.6772,2.6232,-1.754,1.171
8.15,565,4.40311,3.6742,2.6327,-1.768,1.185
8.15,566,4.40318,3.6716,2.6443,-1.788,1.198
8.15,567,4.40323,3.6693,2.6569,-1.811,1.209
8.15,568,4.40329,3.6672,2.6701,-1.836,1.220
8.15,569,4.40335,3.6652,2.6836,-1.862,1.230
8.15,570,4.40340,3.6633,2.6974,-1.889,1.240
8.15,571,4.40346,3.6615,2.7114,-1.917,1.249
8.15,572,4.40352,3.6597,2.7254,-1.945,1.258
8.15,573,4.40358,3.6580,2.7396,-1.974,1.267
8.15,574,4.40366,3.6563,2.7538,-2.002,1.276
8.15,575,4.40373,3.6547,2.7680,-2.031,1.284
8.15,576,4.40382,3.6531,2.7822,-2.060,1.293
8.15,577,4.40391,3.6516,2.7964,-2.089,1.302
8.15,578,4.40401,3.6500,2.8106,-2.117,1.310
8.15,579,4.40412,3.6485,2.8248,-2.146,1.319
8.15,580,4.40424,3.6470,2.8388,-2.175,1.327
8.15,581,4.40437,3.6455,2.8528,-2.203,1.335
8.15,582,4.40451,3.6440,2.8668,-2.231,1.344
8.15,583,4.40467,3.6426,2.8806,-2.259,1.352
8.15,584,4.40482,3.6412,2.8945,-2.287,1.360
8.15,585,4.40498,3.6397,2.9083,-2.315,1.368
8.15,586,4.40514,3.6383,2.9222,-2.343,1.376
8.15,587,4.40531,3.6370,2.9360,-2.370,1.384
8.15,588,4.40547,3.6356,2.9499,-2.398,1.392
8.15,589,4.40563,3.6342,2.9638,-2.426,1.400
8.15,590,4.40580,3.6328,2.9776,-2.454,1.408
8.15,591,4.40597,3.6315,2.9915,-2.481,1.416
8.15,592,4.40614,3.6302,3.0055,-2.509,1.424
8.15,593,4.40631,3.6288,3.0194,-2.537,1.433
8.15,594,4.40648,3.6276,3.0333,-2.565,1.441
8.15,595,4.40666,3.6263,3.0473,-2.593,1.448
8.15,596,4.40683,3.6251,3.0614,-2.621,1.456
8.15,597,4.40700,3.6238,3.0755,-2.650,1.464
8.15,598,4.40717,3.6226,3.0896,-2.678,1.472
8.15,599,4.40734,3.6213,3.1039,-2.707,1.480
8.15,600,4.40751,3.6200,3.1182,-2.735,1.488
8.15,601,4.40769,3.6187,3.1326,-2.764,1.497
8.15,602,4.40788,3.6174,3.1470,-2.792,1.505
8.15,603,4.40811,3.6162,3.1597,-2.817,1.513
8.15,604,4.40844,3.6156,3.1673,-2.832,1.517
8.15,605,4.40906,3.6153,3.1704,-2.839,1.519
8.15,606,4.40920,3.6153,3.1704,-2.839,1.518
8.15,607,4.40938,3.6154,3.1702,-2.838,1.518
8.15,608,4.40959,3.6155,3.1695,-2.837,1.518
8.15,609,4.40982,3.6156,3.1686,-2.836,1.517
8.15,610,4.41008,3.6157,3.1675,-2.834,1.516
8.15,611,4.41039,3.6158,3.1665,-2.832,1.515
8.15,612,4.41070,3.6159,3.1655,-2.830,1.515
8.15,613,4.41101,3.6161,3.1644,-2.828,1.514
8.15,614,4.41136,3.6162,3.1634,-2.826,1.513
8.15,615,4.41172,3.6163,3.1624,-2.824,1.512
8.15,616,4.41210,3.6164,3.1614,-2.823,1.511
8.15,617,4.41248,3.6165,3.1604,-2.821,1.511
8.15,618,4.41288,3.6167,3.1594,-2.819,1.510
8.15,619,4.41327,3.6168,3.1584,-2.817,1.509
8.15,620,4.41366,3.6169,3.1573,-2.815,1.508
8.15,621,4.41404,3.6170,3.1562,-2.813,1.507
8.15,622,4.41444,3.6172,3.1550,-2.811,1.506
8.15,623,4.41487,3.6173,3.1539,-2.809,1.506
8.15,624,4.41529,3.6174,3.1527,-2.807,1.505
8.15,625,4.41568,3.6176,3.1514,-2.805,1.504
8.15,626,4.41610,3.6177,3.1502,-2.802,1.503
8.15,627,4.41651,3.6179,3.1488,-2.800,1.502
8.15,628,4.41692,3.6180,3.1475,-2.797,1.501
8.15,629,4.41732,3.6182,3.1460,-2.794,1.500
8.15,630,4.41771,3.6183,3.1446,-2.792,1.499
8.15,631,4.41811,3.6185,3.1432,-2.789,1.498
8.15,632,4.42109,3.6198,3.1318,-2.768,1.490
8.15,633,4.42390,3.6210,3.1202,-2.746,1.482
8.15,634,4.42650,3.6223,3.1081,-2.723,1.474
8.15,635,4.42892,3.6236,3.0959,-2.699,1.466
8.15,636,4.43119,3.6248,3.0834,-2.675,1.458
8.15,637,4.43335,3.6261,3.0709,-2.651,1.450
8.15,638,4.43541,3.6275,3.0583,-2.627,1.441
8.15,639,4.43739,3.6288,3.0456,-2.602,1.433
8.15,640,4.43930,3.6301,3.0329,-2.577,1.425
8.15,641,4.44115,3.6314,3.0202,-2.553,1.417
8.15,642,4.44299,3.6327,3.0074,-2.528,1.409
8.15,643,4.44479,3.6341,2.9946,-2.502,1.401
8.15,644,4.44661,3.6354,2.9819,-2.477,1.393
8.15,645,4.44845,3.6367,2.9691,-2.452,1.385
8.15,646,4.45034,3.6381,2.9563,-2.427,1.378
8.15,647,4.45227,3.6395,2.9436,-2.402,1.370
8.15,648,4.45426,3.6409,2.9310,-2.377,1.361
8.15,649,4.45635,3.6424,2.9184,-2.352,1.353
8.15,650,4.45857,3.6438,2.9059,-2.328,1.345
8.15,651,4.46096,3.6453,2.8935,-2.304,1.337
8.15,652,4.46368,3.6469,2.8813,-2.280,1.328
8.15,653,4.46666,3.6486,2.8694,-2.258,1.319
8.15,654,4.47021,3.6504,2.8579,-2.237,1.309
8.15,655,4.47475,3.6524,2.8474,-2.220,1.298
8.15,656,4.48038,3.6548,2.8384,-2.208,1.285
8.15,657,4.48731,3.6577,2.8334,-2.207,1.270
8.15,658,4.49612,3.6608,2.8365,-2.227,1.255
8.15,659,4.50295,3.6635,2.8437,-2.256,1.241
8.15,660,4.50905,3.6657,2.8532,-2.289,1.230
8.15,661,4.51271,3.6678,2.8629,-2.321,1.220
8.15,662,4.51526,3.6700,2.8720,-2.352,1.209
8.15,663,4.51793,3.6723,2.8812,-2.383,1.198
8.15,664,4.52115,3.6747,2.8908,-2.416,1.187
8.15,665,4.52813,3.6769,2.9030,-2.454,1.176
8.15,666,4.53292,3.6790,2.9156,-2.492,1.167
8.15,667,4.53628,3.6814,2.9269,-2.529,1.155
8.15,668,4.53994,3.6840,2.9391,-2.568,1.144
8.15,669,4.54619,3.6863,2.9524,-2.608,1.133
8.15,670,4.55373,3.6877,2.9684,-2.653,1.127
8.15,671,4.55789,3.6901,2.9823,-2.694,1.116
8.15,672,4.56976,3.6901,2.9980,-2.734,1.117
8.15,673,4.58239,3.6904,3.0173,-2.783,1.115
8.15,674,4.59066,3.6877,3.0211,-2.785,1.128
8.15,675,4.59826,3.6864,3.0279,-2.798,1.134
8.15,676,4.60369,3.6839,3.0261,-2.785,1.146
8.15,677,4.60501,3.6858,3.0359,-2.816,1.137
8.15,678,4.61142,3.6838,3.0350,-2.807,1.146
8.15,679,4.61485,3.6812,3.0297,-2.786,1.158
8.15,680,4.61738,3.6785,3.0232,-2.760,1.171
8.15,681,4.61959,3.6757,3.0161,-2.733,1.184
8.15,682,4.62131,3.6737,3.0098,-2.710,1.194
8.15,683,4.62291,3.6719,3.0030,-2.687,1.203
8.15,684,4.62473,3.6698,2.9961,-2.662,1.213
8.15,685,4.62731,3.6673,2.9923,-2.643,1.225
8.15,686,4.62944,3.6648,2.9861,-2.618,1.237
8.15,687,4.63189,3.6621,2.9832,-2.600,1.250
8.15,688,4.63499,3.6603,2.9861,-2.600,1.259
8.15,689,4.63681,3.6601,2.9898,-2.608,1.260
8.15,690,4.63737,3.6606,2.9953,-2.624,1.258
8.15,691,4.63795,3.6612,3.0006,-2.640,1.255
8.15,692,4.63883,3.6633,3.0044,-2.658,1.244
8.15,693,4.64050,3.6645,2.9985,-2.648,1.239
8.15,694,4.64219,3.6621,2.9893,-2.615,1.250
8.15,695,4.64397,3.6593,2.9831,-2.589,1.264
8.15,696,4.64576,3.6563,2.9789,-2.566,1.279
8.15,697,4.64756,3.6534,2.9786,-2.553,1.294
8.15,698,4.64929,3.6506,2.9821,-2.549,1.309
8.15,699,4.65069,3.6482,2.9881,-2.554,1.322
8.15,700,4.65171,3.6461,2.9959,-2.564,1.334
8.15,701,4.65240,3.6441,3.0049,-2.577,1.345
8.15,702,4.65286,3.6423,3.0144,-2.593,1.354
8.15,703,4.65317,3.6407,3.0240,-2.609,1.364
8.15,704,4.65338,3.6392,3.0337,-2.626,1.372
8.15,705,4.65353,3.6378,3.0434,-2.643,1.380
8.15,706,4.65363,3.6365,3.0527,-2.660,1.388
8.15,707,4.65370,3.6353,3.0619,-2.677,1.395
8.20,202,0.49441,3.5782,-1.4215,8.824,1.861
8.20,204,0.54624,3.5907,-1.2836,8.412,1.759
8.20,206,0.58281,3.6011,-1.1812,8.102,1.678
8.20,208,0.60835,3.6097,-1.1067,7.872,1.612
8.20,210,0.62488,3.6166,-1.0579,7.715,1.561
8.20,212,0.64135,3.6235,-1.0093,7.560,1.511
8.20,214,0.65792,3.6304,-0.9605,7.404,1.462
8.20,216,0.67446,3.6374,-0.9118,7.249,1.414
8.20,218,0.69074,3.6442,-0.8640,7.098,1.368
8.20,220,0.71102,3.6525,-0.8089,6.923,1.315
8.20,222,0.73570,3.6623,-0.7464,6.727,1.256
8.20,224,0.75953,3.6718,-0.6861,6.541,1.203
8.20,226,0.78360,3.6814,-0.6250,6.356,1.151
8.20,228,0.80705,3.6908,-0.5654,6.179,1.104
8.20,230,0.82991,3.7000,-0.5073,6.009,1.058
8.20,232,0.85298,3.7093,-0.4485,5.839,1.014
8.20,234,0.87489,3.7182,-0.3926,5.681,0.975
8.20,236,0.89746,3.7273,-0.3349,5.520,0.936
8.20,238,0.91926,3.7341,-0.2861,5.388,0.906
8.20,240,0.94194,3.7409,-0.2362,5.254,0.877
8.20,242,0.96330,3.7474,-0.1891,5.129,0.849
8.20,244,0.98772,3.7545,-0.1359,4.990,0.819
8.20,246,1.01445,3.7616,-0.0800,4.845,0.790
8.20,248,1.03120,3.7658,-0.0458,4.756,0.772
8.20,250,1.04830,3.7699,-0.0113,4.668,0.755
8.20,252,1.06981,3.7749,0.0310,4.560,0.735
8.20,254,1.09144,3.7798,0.0731,4.453,0.715
8.20,256,1.11720,3.7855,0.1223,4.329,0.692
8.20,258,1.13633,3.7896,0.1580,4.239,0.675
8.20,260,1.15933,3.7944,0.2001,4.133,0.656
8.20,262,1.19001,3.8006,0.2549,3.996,0.631
8.20,264,1.22794,3.8082,0.3204,3.833,0.601
8.20,266,1.26091,3.8147,0.3756,3.697,0.575
8.20,268,1.29782,3.8219,0.4351,3.550,0.547
8.20,270,1.32960,3.8281,0.4844,3.428,0.522
8.20,272,1.35801,3.8335,0.5272,3.323,0.501
8.20,274,1.39011,3.8398,0.5739,3.209,0.477
8.20,276,1.42458,3.8467,0.6222,3.091,0.450
8.20,278,1.45289,3.8526,0.6607,2.998,0.427
8.20,280,1.48663,3.8599,0.7049,2.891,0.398
8.20,282,1.61780,3.8890,0.8638,2.519,0.284
8.20,284,1.65758,3.8970,0.9083,2.416,0.252
8.20,286,1.69738,3.9047,0.9517,2.316,0.221
8.20,288,1.73977,3.9128,0.9966,2.217,0.188
8.20,290,1.78640,3.9217,1.0446,2.113,0.154
8.20,292,1.83045,3.9302,1.0889,2.020,0.122
8.20,294,1.86965,3.9373,1.1272,1.942,0.098
8.20,296,1.91826,3.9456,1.1735,1.849,0.072
8.20,298,1.96739,3.9536,1.2190,1.760,0.050
8.20,300,2.01666,3.9611,1.2634,1.675,0.030
8.20,302,2.06607,3.9682,1.3067,1.594,0.013
8.20,304,2.11467,3.9753,1.3488,1.517,-0.002
8.20,306,2.16452,3.9818,1.3906,1.440,-0.016
8.20,308,2.21518,3.9884,1.4325,1.364,-0.028
8.20,310,2.27145,3.9955,1.4781,1.282,-0.041
8.20,312,2.32617,4.0020,1.5214,1.203,-0.052
8.20,314,2.37728,4.0079,1.5612,1.131,-0.061
8.20,316,2.43288,4.0142,1.6037,1.054,-0.071
8.20,318,2.49325,4.0206,1.6489,0.972,-0.080
8.20,320,2.54919,4.0263,1.6900,0.896,-0.088
8.20,322,2.60214,4.0316,1.7285,0.826,-0.094
8.20,324,2.66340,4.0375,1.7723,0.745,-0.102
8.20,326,2.72324,4.0429,1.8142,0.666,-0.108
8.20,328,2.78734,4.0486,1.8587,0.583,-0.115
8.20,330,2.85420,4.0541,1.9033,0.499,-0.121
8.20,332,2.92028,4.0594,1.9475,0.415,-0.126
8.20,334,2.98586,4.0646,1.9920,0.329,-0.132
8.20,336,3.05358,4.0693,2.0359,0.243,-0.136
8.20,338,3.12138,4.0737,2.0797,0.156,-0.141
8.20,340,3.18858,4.0779,2.1238,0.067,-0.145
8.20,342,3.26071,4.0819,2.1692,-0.026,-0.149
8.20,344,3.33313,4.0857,2.2154,-0.122,-0.152
8.20,346,3.40464,4.0889,2.2616,-0.222,-0.155
8.20,348,3.47940,4.0914,2.3078,-0.324,-0.158
8.20,350,3.55175,4.0933,2.3537,-0.430,-0.159
8.20,352,3.62242,4.0944,2.3985,-0.537,-0.160
8.20,353,3.65758,4.0946,2.4203,-0.590,-0.160
8.20,354,3.67418,4.0946,2.4306,-0.616,-0.160
8.20,356,3.70653,4.0945,2.4510,-0.668,-0.160
8.20,358,3.73772,4.0942,2.4708,-0.719,-0.160
8.20,360,3.76769,4.0936,2.4900,-0.771,-0.159
8.20,362,3.79636,4.0929,2.5087,-0.822,-0.159
8.20,364,3.82464,4.0919,2.5263,-0.871,-0.158
8.20,366,3.85176,4.0908,2.5433,-0.920,-0.157
8.20,368,3.87756,4.0894,2.5596,-0.968,-0.156
8.20,370,3.90203,4.0879,2.5753,-1.015,-0.154
8.20,372,3.92523,4.0861,2.5903,-1.062,-0.153
8.20,374,3.94713,4.0842,2.6047,-1.109,-0.151
8.20,376,3.96786,4.0821,2.6184,-1.154,-0.149
8.20,378,3.98757,4.0799,2.6315,-1.199,-0.147
8.20,380,4.00707,4.0775,2.6441,-1.243,-0.145
8.20,382,4.02717,4.0750,2.6563,-1.286,-0.142
8.20,384,4.04637,4.0724,2.6680,-1.329,-0.140
8.20,386,4.06482,4.0697,2.6794,-1.371,-0.137
8.20,388,4.08267,4.0671,2.6906,-1.413,-0.135
8.20,390,4.10013,4.0644,2.7019,-1.455,-0.132
8.20,392,4.11758,4.0618,2.7136,-1.498,-0.130
8.20,394,4.13581,4.0596,2.7266,-1.541,-0.128
8.20,396,4.15516,4.0591,2.7427,-1.584,-0.128
8.20,398,4.16851,4.0616,2.7570,-1.608,-0.130
8.20,400,4.17507,4.0654,2.7668,-1.613,-0.133
8.20,402,4.17873,4.0694,2.7744,-1.612,-0.137
8.20,404,4.18112,4.0735,2.7812,-1.608,-0.141
8.20,406,4.18275,4.0775,2.7875,-1.603,-0.144
8.20,408,4.18395,4.0816,2.7937,-1.598,-0.148
8.20,410,4.18482,4.0855,2.8000,-1.593,-0.152
8.20,412,4.18549,4.0895,2.8065,-1.588,-0.155
8.20,414,4.18601,4.0933,2.8132,-1.585,-0.159
8.20,416,4.18642,4.0970,2.8203,-1.583,-0.162
8.20,418,4.18674,4.1005,2.8276,-1.582,-0.165
8.20,420,4.18699,4.1038,2.8349,-1.583,-0.168
8.20,422,4.18720,4.1066,2.8416,-1.584,-0.171
8.20,424,4.18737,4.1087,2.8463,-1.585,-0.172
8.20,426,4.18751,4.1094,2.8468,-1.582,-0.173
8.20,428,4.18761,4.1089,2.8430,-1.575,-0.173
8.20,430,4.18769,4.1073,2.8360,-1.566,-0.171
8.20,432,4.18777,4.1049,2.8268,-1.556,-0.169
8.20,434,4.18785,4.1020,2.8172,-1.548,-0.167
8.20,436,4.18793,4.0986,2.8091,-1.546,-0.164
8.20,438,4.18801,4.0949,2.8042,-1.553,-0.160
8.20,440,4.18811,4.0911,2.8034,-1.572,-0.157
8.20,442,4.18822,4.0873,2.8069,-1.600,-0.153
8.20,444,4.18834,4.0837,2.8131,-1.635,-0.150
8.20,446,4.18846,4.0802,2.8207,-1.673,-0.147
8.20,448,4.18860,4.0766,2.8282,-1.710,-0.144
8.20,450,4.18875,4.0730,2.8350,-1.746,-0.140
8.20,452,4.18892,4.0693,2.8407,-1.779,-0.136
8.20,454,4.18910,4.0655,2.8455,-1.811,-0.133
8.20,455,4.18927,4.0622,2.8490,-1.836,-0.130
8.20,456,4.18944,4.0588,2.8520,-1.860,-0.126
8.20,457,4.18963,4.0554,2.8545,-1.883,-0.123
8.20,458,4.18982,4.0520,2.8566,-1.906,-0.120
8.20,459,4.19002,4.0486,2.8585,-1.927,-0.116
8.20,460,4.19023,4.0451,2.8600,-1.948,-0.113
8.20,461,4.19045,4.0417,2.8613,-1.968,-0.109
8.20,462,4.19067,4.0382,2.8623,-1.988,-0.106
8.20,463,4.19089,4.0347,2.8632,-2.007,-0.102
8.20,464,4.19112,4.0312,2.8638,-2.025,-0.098
8.20,465,4.19134,4.0277,2.8642,-2.043,-0.094
8.20,466,4.19157,4.0241,2.8644,-2.060,-0.091
8.20,467,4.19180,4.0206,2.8646,-2.077,-0.087
8.20,468,4.19202,4.0170,2.8645,-2.094,-0.083
8.20,469,4.19224,4.0134,2.8644,-2.110,-0.079
8.20,470,4.19246,4.0098,2.8641,-2.125,-0.075
8.20,471,4.19268,4.0062,2.8637,-2.141,-0.070
8.20,472,4.19289,4.0026,2.8632,-2.156,-0.066
8.20,473,4.19310,3.9990,2.8626,-2.170,-0.062
8.20,474,4.19330,3.9954,2.8619,-2.185,-0.057
8.20,475,4.19350,3.9917,2.8610,-2.199,-0.052
8.20,476,4.19369,3.9881,2.8601,-2.212,-0.047
8.20,477,4.19388,3.9844,2.8591,-2.226,-0.042
8.20,478,4.19406,3.9808,2.8580,-2.239,-0.037
8.20,479,4.19424,3.9771,2.8569,-2.251,-0.032
8.20,480,4.19442,3.9734,2.8556,-2.264,-0.026
8.20,481,4.19458,3.9697,2.8542,-2.276,-0.020
8.20,482,4.19475,3.9660,2.8528,-2.287,-0.014
8.20,483,4.19490,3.9623,2.8512,-2.298,-0.008
8.20,484,4.19506,3.9586,2.8496,-2.308,-0.001
8.20,485,4.19521,3.9549,2.8479,-2.318,0.006
8.20,486,4.19535,3.9512,2.8462,-2.328,0.014
8.20,487,4.19549,3.9475,2.8444,-2.337,0.021
8.20,488,4.19562,3.9438,2.8425,-2.345,0.030
8.20,489,4.19575,3.9400,2.8405,-2.353,0.038
8.20,490,4.19588,3.9363,2.8385,-2.360,0.047
8.20,491,4.19600,3.9326,2.8365,-2.366,0.056
8.20,492,4.19612,3.9288,2.8343,-2.372,0.066
8.20,493,4.19624,3.9251,2.8321,-2.377,0.077
8.20,494,4.19635,3.9214,2.8299,-2.381,0.087
8.20,495,4.19646,3.9176,2.8276,-2.384,0.099
8.20,496,4.19657,3.9139,2.8252,-2.387,0.110
8.20,497,4.19667,3.9101,2.8228,-2.389,0.122
8.20,498,4.19677,3.9064,2.8203,-2.390,0.134
8.20,499,4.19686,3.9026,2.8177,-2.390,0.148
8.20,500,4.19696,3.8989,2.8151,-2.390,0.161
8.20,501,4.19705,3.8952,2.8125,-2.390,0.175
8.20,502,4.19713,3.8914,2.8098,-2.389,0.189
8.20,503,4.19722,3.8877,2.8070,-2.387,0.203
8.20,504,4.19730,3.8839,2.8042,-2.385,0.218
8.20,505,4.19738,3.8802,2.8013,-2.382,0.234
8.20,506,4.19746,3.8764,2.7984,-2.378,0.250
8.20,507,4.19754,3.8727,2.7955,-2.375,0.266
8.20,508,4.19761,3.8689,2.7925,-2.370,0.283
8.20,509,4.19768,3.8652,2.7895,-2.365,0.301
8.20,510,4.19775,3.8614,2.7864,-2.360,0.319
8.20,511,4.19782,3.8577,2.7832,-2.355,0.336
8.20,512,4.19788,3.8539,2.7801,-2.349,0.354
8.20,513,4.19795,3.8502,2.7769,-2.342,0.371
8.20,514,4.19801,3.8464,2.7737,-2.335,0.389
8.20,515,4.19807,3.8427,2.7704,-2.328,0.406
8.20,516,4.19813,3.8389,2.7671,-2.321,0.424
8.20,517,4.19819,3.8352,2.7638,-2.313,0.441
8.20,518,4.19824,3.8314,2.7604,-2.305,0.458
8.20,519,4.19830,3.8277,2.7570,-2.297,0.475
8.20,520,4.19835,3.8239,2.7536,-2.288,0.492
8.20,521,4.19840,3.8202,2.7501,-2.279,0.509
8.20,522,4.19846,3.8165,2.7466,-2.270,0.526
8.20,523,4.19850,3.8127,2.7431,-2.260,0.543
8.20,524,4.19855,3.8090,2.7396,-2.250,0.560
8.20,525,4.19860,3.8052,2.7360,-2.239,0.578
8.20,526,4.19865,3.8015,2.7324,-2.228,0.595
8.20,527,4.19869,3.7977,2.7288,-2.217,0.613
8.20,528,4.19874,3.7940,2.7252,-2.206,0.630
8.20,529,4.19878,3.7903,2.7215,-2.195,0.647
8.20,530,4.19882,3.7865,2.7178,-2.184,0.664
8.20,531,4.19887,3.7828,2.7141,-2.173,0.681
8.20,532,4.19891,3.7791,2.7103,-2.161,0.698
8.20,533,4.19895,3.7753,2.7065,-2.148,0.715
8.20,534,4.19899,3.7716,2.7026,-2.136,0.732
8.20,535,4.19903,3.7679,2.6987,-2.122,0.749
8.20,536,4.19907,3.7642,2.6947,-2.109,0.766
8.20,537,4.19911,3.7604,2.6905,-2.094,0.784
8.20,538,4.19915,3.7568,2.6861,-2.080,0.801
8.20,539,4.19919,3.7531,2.6816,-2.064,0.817
8.20,540,4.19923,3.7494,2.6769,-2.049,0.834
8.20,541,4.19927,3.7458,2.6720,-2.032,0.851
8.20,542,4.19931,3.7422,2.6667,-2.014,0.868
8.20,543,4.19936,3.7386,2.6610,-1.995,0.884
8.20,544,4.19941,3.7352,2.6546,-1.974,0.900
8.20,545,4.19946,3.7319,2.6473,-1.950,0.916
8.20,546,4.19952,3.7286,2.6395,-1.925,0.931
8.20,547,4.19958,3.7255,2.6314,-1.899,0.946
8.20,548,4.19964,3.7224,2.6229,-1.872,0.960
8.20,549,4.19969,3.7194,2.6140,-1.844,0.973
8.20,550,4.19975,3.7164,2.6049,-1.815,0.986
8.20,551,4.19982,3.7135,2.5954,-1.785,0.999
8.20,552,4.19988,3.7107,2.5855,-1.754,1.012
8.20,553,4.19995,3.7079,2.5753,-1.721,1.025
8.20,554,4.20002,3.7051,2.5649,-1.689,1.038
8.20,555,4.20010,3.7023,2.5548,-1.657,1.052
8.20,556,4.20018,3.6993,2.5457,-1.626,1.066
8.20,557,4.20027,3.6960,2.5385,-1.599,1.082
8.20,558,4.20037,3.6927,2.5349,-1.581,1.098
8.20,559,4.20046,3.6895,2.5347,-1.571,1.113
8.20,560,4.20054,3.6865,2.5371,-1.568,1.126
8.20,561,4.20061,3.6838,2.5409,-1.570,1.139
8.20,562,4.20069,3.6811,2.5461,-1.574,1.151
8.20,563,4.20076,3.6784,2.5531,-1.583,1.164
8.20,564,4.20083,3.6759,2.5625,-1.598,1.177
8.20,565,4.20090,3.6735,2.5738,-1.617,1.189
8.20,566,4.20096,3.6713,2.5862,-1.641,1.199
8.20,567,4.20102,3.6693,2.5992,-1.666,1.209
8.20,568,4.20108,3.6674,2.6125,-1.692,1.218
8.20,569,4.20114,3.6656,2.6260,-1.719,1.227
8.20,570,4.20121,3.6639,2.6397,-1.747,1.236
8.20,571,4.20128,3.6623,2.6534,-1.775,1.244
8.20,572,4.20136,3.6606,2.6672,-1.803,1.253
8.20,573,4.20144,3.6590,2.6810,-1.831,1.261
8.20,574,4.20154,3.6575,2.6948,-1.859,1.269
8.20,575,4.20164,3.6560,2.7086,-1.888,1.277
8.20,576,4.20175,3.6545,2.7223,-1.916,1.285
8.20,577,4.20187,3.6530,2.7360,-1.944,1.294
8.20,578,4.20200,3.6515,2.7497,-1.972,1.302
8.20,579,4.20213,3.6501,2.7634,-2.000,1.309
8.20,580,4.20227,3.6487,2.7770,-2.027,1.317
8.20,581,4.20241,3.6473,2.7906,-2.055,1.325
8.20,582,4.20256,3.6459,2.8042,-2.083,1.333
8.20,583,4.20272,3.6445,2.8178,-2.111,1.341
8.20,584,4.20288,3.6432,2.8314,-2.138,1.348
8.20,585,4.20304,3.6418,2.8449,-2.166,1.356
8.20,586,4.20321,3.6405,2.8585,-2.194,1.363
8.20,587,4.20337,3.6392,2.8720,-2.221,1.371
8.20,588,4.20354,3.6378,2.8856,-2.249,1.379
8.20,589,4.20370,3.6365,2.8992,-2.276,1.386
8.20,590,4.20387,3.6352,2.9128,-2.304,1.394
8.20,591,4.20405,3.6340,2.9264,-2.331,1.401
8.20,592,4.20422,3.6327,2.9400,-2.359,1.409
8.20,593,4.20439,3.6315,2.9537,-2.386,1.416
8.20,594,4.20456,3.6302,2.9673,-2.414,1.424
8.20,595,4.20473,3.6290,2.9811,-2.442,1.431
8.20,596,4.20490,3.6278,2.9949,-2.470,1.439
8.20,597,4.20506,3.6266,3.0087,-2.498,1.446
8.20,598,4.20523,3.6254,3.0225,-2.526,1.454
8.20,599,4.20540,3.6242,3.0364,-2.554,1.462
8.20,600,4.20558,3.6229,3.0504,-2.582,1.469
8.20,601,4.20576,3.6217,3.0645,-2.610,1.477
8.20,602,4.20594,3.6204,3.0786,-2.638,1.486
8.20,603,4.20616,3.6192,3.0917,-2.664,1.493
8.20,604,4.20644,3.6184,3.1007,-2.682,1.498
8.20,605,4.20692,3.6182,3.1039,-2.689,1.500
8.20,606,4.20700,3.6182,3.1039,-2.689,1.500
8.20,607,4.20711,3.6182,3.1038,-2.689,1.499
8.20,608,4.20724,3.6182,3.1034,-2.688,1.499
8.20,609,4.20737,3.6183,3.1029,-2.687,1.499
8.20,610,4.20752,3.6184,3.1024,-2.686,1.498
8.20,611,4.20770,3.6184,3.1018,-2.685,1.498
8.20,612,4.20787,3.6185,3.1012,-2.684,1.498
8.20,613,4.20805,3.6186,3.1006,-2.683,1.497
8.20,614,4.20825,3.6186,3.1001,-2.682,1.497
8.20,615,4.20846,3.6187,3.0995,-2.681,1.496
8.20,616,4.20868,3.6188,3.0990,-2.680,1.496
8.20,617,4.20890,3.6188,3.0984,-2.679,1.495
8.20,618,4.20914,3.6189,3.0978,-2.678,1.495
8.20,619,4.20937,3.6190,3.0972,-2.677,1.494
8.20,620,4.20961,3.6191,3.0965,-2.676,1.494
8.20,621,4.20984,3.6192,3.0958,-2.674,1.493
8.20,622,4.21009,3.6192,3.0951,-2.673,1.493
8.20,623,4.21036,3.6193,3.0943,-2.672,1.492
8.20,624,4.21063,3.6194,3.0935,-2.670,1.492
8.20,625,4.21089,3.6195,3.0926,-2.668,1.491
8.20,626,4.21117,3.6196,3.0916,-2.667,1.490
8.20,627,4.21144,3.6197,3.0906,-2.665,1.490
8.20,628,4.21172,3.6199,3.0895,-2.663,1.489
8.20,629,4.21200,3.6200,3.0883,-2.660,1.488
8.20,630,4.21227,3.6201,3.0872,-2.658,1.487
8.20,631,4.21255,3.6202,3.0860,-2.656,1.487
8.20,632,4.21532,3.6214,3.0751,-2.635,1.479
8.20,633,4.21812,3.6226,3.0643,-2.615,1.472
8.20,634,4.22071,3.6238,3.0528,-2.593,1.464
8.20,635,4.22309,3.6251,3.0410,-2.570,1.456
8.20,636,4.22529,3.6263,3.0290,-2.547,1.448
8.20,637,4.22737,3.6275,3.0168,-2.523,1.441
8.20,638,4.22933,3.6288,3.0046,-2.500,1.433
8.20,639,4.23119,3.6300,2.9922,-2.475,1.425
8.20,640,4.23298,3.6313,2.9798,-2.451,1.418
8.20,641,4.23467,3.6325,2.9674,-2.426,1.410
8.20,642,4.23633,3.6338,2.9549,-2.402,1.403
8.20,643,4.23793,3.6351,2.9424,-2.377,1.395
8.20,644,4.23953,3.6363,2.9299,-2.352,1.388
8.20,645,4.24113,3.6376,2.9173,-2.327,1.380
8.20,646,4.24275,3.6389,2.9048,-2.302,1.373
8.20,647,4.24438,3.6402,2.8923,-2.277,1.365
8.20,648,4.24603,3.6415,2.8799,-2.252,1.358
8.20,649,4.24776,3.6428,2.8674,-2.227,1.350
8.20,650,4.24956,3.6442,2.8550,-2.202,1.343
8.20,651,4.25145,3.6456,2.8426,-2.178,1.335
8.20,652,4.25355,3.6470,2.8304,-2.154,1.327
8.20,653,4.25581,3.6485,2.8184,-2.130,1.319
8.20,654,4.25840,3.6500,2.8066,-2.107,1.310
8.20,655,4.26158,3.6517,2.7953,-2.087,1.301
8.20,656,4.26539,3.6536,2.7850,-2.069,1.291
8.20,657,4.26998,3.6558,2.7769,-2.058,1.279
8.20,658,4.27568,3.6581,2.7732,-2.058,1.267
8.20,659,4.28035,3.6602,2.7721,-2.064,1.257
8.20,660,4.28468,3.6621,2.7722,-2.072,1.247
8.20,661,4.28778,3.6639,2.7728,-2.080,1.238
8.20,662,4.29039,3.6659,2.7731,-2.089,1.228
8.20,663,4.29321,3.6679,2.7738,-2.098,1.218
8.20,664,4.29655,3.6700,2.7751,-2.109,1.208
8.20,665,4.30240,3.6722,2.7783,-2.125,1.198
8.20,666,4.30757,3.6744,2.7829,-2.144,1.187
8.20,667,4.31268,3.6771,2.7887,-2.168,1.174
8.20,668,4.31933,3.6799,2.7992,-2.204,1.161
8.20,669,4.32683,3.6824,2.8126,-2.246,1.149
8.20,670,4.33358,3.6842,2.8276,-2.289,1.141
8.20,671,4.33842,3.6865,2.8415,-2.331,1.131
8.20,672,4.35046,3.6870,2.8587,-2.376,1.129
8.20,673,4.36035,3.6878,2.8765,-2.423,1.125
8.20,674,4.36969,3.6866,2.8858,-2.442,1.131
8.20,675,4.37694,3.6862,2.8961,-2.467,1.133
8.20,676,4.38282,3.6850,2.9008,-2.475,1.139
8.20,677,4.38819,3.6857,2.9106,-2.502,1.136
8.20,678,4.39492,3.6845,2.9159,-2.511,1.141
8.20,679,4.39919,3.6831,2.9171,-2.510,1.148
8.20,680,4.40243,3.6805,2.9107,-2.485,1.160
8.20,681,4.40714,3.6787,2.9106,-2.479,1.169
8.20,682,4.41085,3.6771,2.9097,-2.471,1.176
8.20,683,4.41526,3.6745,2.9047,-2.450,1.189
8.20,684,4.42004,3.6722,2.9024,-2.436,1.200
8.20,685,4.42446,3.6695,2.8985,-2.417,1.212
8.20,686,4.42802,3.6668,2.8923,-2.391,1.226
8.20,687,4.43237,3.6639,2.8899,-2.374,1.240
8.20,688,4.43551,3.6625,2.8940,-2.379,1.247
8.20,689,4.43778,3.6627,2.8988,-2.391,1.246
8.20,690,4.43896,3.6629,2.9031,-2.403,1.245
8.20,691,4.44006,3.6633,2.9077,-2.416,1.243
8.20,692,4.44150,3.6650,2.9112,-2.431,1.235
8.20,693,4.44365,3.6659,2.9069,-2.424,1.230
8.20,694,4.44585,3.6636,2.9003,-2.398,1.242
8.20,695,4.44772,3.6610,2.8967,-2.379,1.254
8.20,696,4.44971,3.6583,2.8948,-2.364,1.268
8.20,697,4.45145,3.6556,2.8973,-2.358,1.282
8.20,698,4.45282,3.6531,2.9027,-2.361,1.295
8.20,699,4.45383,3.6509,2.9102,-2.371,1.307
8.20,700,4.45456,3.6490,2.9188,-2.384,1.317
8.20,701,4.45505,3.6472,2.9281,-2.399,1.327
8.20,702,4.45540,3.6456,2.9377,-2.415,1.336
8.20,703,4.45565,3.6440,2.9473,-2.432,1.345
8.20,704,4.45582,3.6426,2.9570,-2.450,1.352
8.20,705,4.45594,3.6413,2.9666,-2.468,1.360
8.20,706,4.45603,3.6400,2.9758,-2.485,1.367
8.20,707,4.45610,3.6389,2.9850,-2.502,1.373
8.25,202,0.38689,3.5540,-1.7250,9.735,2.088
8.25,204,0.46661,3.5710,-1.5066,9.079,1.925
8.25,206,0.51474,3.5819,-1.3748,8.687,1.829
8.25,208,0.56036,3.5939,-1.2465,8.303,1.734
8.25,210,0.59452,3.6043,-1.1467,8.000,1.653
8.25,212,0.61374,3.6117,-1.0901,7.820,1.597
8.25,214,0.63032,3.6187,-1.0414,7.664,1.545
8.25,216,0.64692,3.6256,-0.9926,7.508,1.495
8.25,218,0.66325,3.6325,-0.9446,7.355,1.447
8.25,220,0.67976,3.6394,-0.8961,7.200,1.400
8.25,222,0.69628,3.6463,-0.8475,7.047,1.354
8.25,224,0.71844,3.6553,-0.7899,6.864,1.298
8.25,226,0.74300,3.6651,-0.7276,6.669,1.240
8.25,228,0.76664,3.6745,-0.6676,6.485,1.188
8.25,230,0.78996,3.6839,-0.6084,6.307,1.139
8.25,232,0.81320,3.6932,-0.5492,6.131,1.092
8.25,234,0.83553,3.7022,-0.4923,5.965,1.047
8.25,236,0.85829,3.7114,-0.4342,5.799,1.004
8.25,238,0.87987,3.7202,-0.3790,5.643,0.966
8.25,240,0.90204,3.7290,-0.3231,5.488,0.928
8.25,242,0.92380,3.7356,-0.2752,5.359,0.900
8.25,244,0.94585,3.7422,-0.2265,5.228,0.871
8.25,246,0.96723,3.7487,-0.1793,5.103,0.844
8.25,248,0.99257,3.7559,-0.1246,4.960,0.813
8.25,250,1.01758,3.7624,-0.0726,4.825,0.786
8.25,252,1.03333,3.7664,-0.0405,4.743,0.770
8.25,254,1.05087,3.7706,-0.0053,4.653,0.752
8.25,256,1.07206,3.7755,0.0364,4.546,0.732
8.25,258,1.09406,3.7804,0.0791,4.438,0.712
8.25,260,1.12008,3.7861,0.1287,4.313,0.689
8.25,262,1.13879,3.7901,0.1636,4.225,0.673
8.25,264,1.16276,3.7951,0.2074,4.115,0.653
8.25,266,1.19485,3.8016,0.2646,3.972,0.627
8.25,268,1.23111,3.8089,0.3270,3.817,0.598
8.25,270,1.26704,3.8159,0.3868,3.669,0.570
8.25,272,1.30332,3.8230,0.4451,3.525,0.542
8.25,274,1.33630,3.8294,0.4960,3.399,0.517
8.25,276,1.36238,3.8344,0.5351,3.303,0.497
8.25,278,1.39635,3.8411,0.5844,3.183,0.472
8.25,280,1.42993,3.8478,0.6312,3.069,0.445
8.25,282,1.45878,3.8539,0.6703,2.974,0.421
8.25,284,1.49304,3.8614,0.7150,2.867,0.392
8.25,286,1.62008,3.8895,0.8685,2.508,0.282
8.25,288,1.65899,3.8972,0.9120,2.407,0.251
8.25,290,1.69860,3.9048,0.9553,2.308,0.220
8.25,292,1.74350,3.9133,1.0029,2.202,0.186
8.25,294,1.78855,3.9217,1.0492,2.101,0.153
8.25,296,1.83294,3.9301,1.0939,2.008,0.123
8.25,298,1.87192,3.9370,1.1320,1.929,0.099
8.25,300,1.92113,3.9453,1.1790,1.835,0.073
8.25,302,1.96850,3.9528,1.2230,1.748,0.052
8.25,304,2.01865,3.9604,1.2685,1.660,0.032
8.25,306,2.06748,3.9673,1.3115,1.578,0.015
8.25,308,2.11589,3.9742,1.3537,1.500,-0.000
8.25,310,2.16533,3.9806,1.3956,1.422,-0.013
8.25,312,2.21660,3.9872,1.4383,1.344,-0.026
8.25,314,2.27224,3.9941,1.4839,1.261,-0.039
8.25,316,2.32701,4.0005,1.5277,1.180,-0.050
8.25,318,2.37757,4.0062,1.5675,1.107,-0.059
8.25,320,2.43285,4.0123,1.6103,1.029,-0.068
8.25,322,2.49317,4.0185,1.6561,0.944,-0.077
8.25,324,2.54886,4.0241,1.6977,0.866,-0.085
8.25,326,2.60128,4.0292,1.7364,0.794,-0.092
8.25,328,2.66176,4.0348,1.7803,0.711,-0.099
8.25,330,2.72164,4.0400,1.8231,0.630,-0.105
8.25,332,2.78532,4.0455,1.8682,0.544,-0.112
8.25,334,2.85154,4.0506,1.9134,0.456,-0.117
8.25,336,2.91677,4.0555,1.9581,0.369,-0.123
8.25,338,2.98131,4.0602,2.0030,0.279,-0.128
8.25,340,3.04763,4.0644,2.0472,0.190,-0.132
8.25,342,3.11406,4.0682,2.0914,0.098,-0.136
8.25,344,3.17942,4.0716,2.1358,0.004,-0.139
8.25,346,3.24830,4.0747,2.1810,-0.093,-0.142
8.25,348,3.31779,4.0774,2.2269,-0.195,-0.145
8.25,350,3.38519,4.0794,2.2724,-0.299,-0.147
8.25,352,3.45393,4.0805,2.3173,-0.406,-0.148
8.25,353,3.48766,4.0808,2.3393,-0.460,-0.148
8.25,354,3.50383,4.0808,2.3499,-0.486,-0.148
8.25,356,3.53532,4.0807,2.3708,-0.539,-0.148
8.25,358,3.56567,4.0804,2.3912,-0.592,-0.147
8.25,360,3.59482,4.0799,2.4110,-0.644,-0.147
8.25,362,3.62375,4.0791,2.4298,-0.696,-0.146
8.25,364,3.65157,4.0781,2.4479,-0.747,-0.145
8.25,366,3.67804,4.0769,2.4654,-0.797,-0.144
8.25,368,3.70313,4.0754,2.4821,-0.846,-0.143
8.25,370,3.72682,4.0737,2.4980,-0.895,-0.141
8.25,372,3.74922,4.0719,2.5133,-0.943,-0.139
8.25,374,3.77028,4.0698,2.5277,-0.990,-0.137
8.25,376,3.79017,4.0676,2.5415,-1.036,-0.135
8.25,378,3.80945,4.0652,2.5546,-1.081,-0.133
8.25,380,3.82826,4.0628,2.5671,-1.125,-0.131
8.25,382,3.84618,4.0603,2.5791,-1.168,-0.129
8.25,384,3.86333,4.0577,2.5907,-1.210,-0.126
8.25,386,3.87980,4.0550,2.6020,-1.252,-0.124
8.25,388,3.89579,4.0522,2.6132,-1.293,-0.121
8.25,390,3.91148,4.0496,2.6244,-1.335,-0.118
8.25,392,3.92726,4.0470,2.6362,-1.377,-0.116
8.25,394,3.94395,4.0449,2.6497,-1.421,-0.114
8.25,396,3.96148,4.0450,2.6667,-1.463,-0.114
8.25,398,3.97165,4.0483,2.6801,-1.481,-0.117
8.25,400,3.97643,4.0523,2.6891,-1.484,-0.121
8.25,402,3.97923,4.0564,2.6965,-1.482,-0.125
8.25,404,3.98111,4.0605,2.7033,-1.478,-0.129
8.25,406,3.98243,4.0646,2.7097,-1.474,-0.133
8.25,408,3.98339,4.0687,2.7161,-1.469,-0.136
8.25,410,3.98411,4.0727,2.7227,-1.465,-0.140
8.25,412,3.98466,4.0767,2.7294,-1.462,-0.144
8.25,414,3.98509,4.0806,2.7364,-1.459,-0.147
8.25,416,3.98542,4.0843,2.7437,-1.458,-0.151
8.25,418,3.98568,4.0878,2.7513,-1.458,-0.154
8.25,420,3.98590,4.0910,2.7587,-1.460,-0.157
8.25,422,3.98607,4.0938,2.7654,-1.462,-0.159
8.25,424,3.98621,4.0956,2.7693,-1.462,-0.161
8.25,426,3.98633,4.0959,2.7683,-1.458,-0.161
8.25,428,3.98641,4.0950,2.7630,-1.450,-0.160
8.25,430,3.98648,4.0930,2.7545,-1.439,-0.159
8.25,432,3.98655,4.0903,2.7445,-1.428,-0.156
8.25,434,3.98662,4.0871,2.7348,-1.420,-0.153
8.25,436,3.98669,4.0836,2.7274,-1.420,-0.150
8.25,438,3.98678,4.0797,2.7238,-1.432,-0.146
8.25,440,3.98687,4.0757,2.7253,-1.456,-0.143
8.25,442,3.98697,4.0720,2.7310,-1.490,-0.139
8.25,444,3.98708,4.0685,2.7389,-1.528,-0.136
8.25,446,3.98721,4.0650,2.7471,-1.566,-0.133
8.25,448,3.98734,4.0614,2.7547,-1.603,-0.130
8.25,450,3.98749,4.0576,2.7609,-1.638,-0.126
8.25,452,3.98765,4.0538,2.7660,-1.670,-0.122
8.25,454,3.98783,4.0498,2.7701,-1.699,-0.118
8.25,455,3.98799,4.0466,2.7731,-1.723,-0.115
8.25,456,3.98816,4.0433,2.7755,-1.745,-0.111
8.25,457,3.98833,4.0400,2.7776,-1.766,-0.108
8.25,458,3.98852,4.0367,2.7793,-1.787,-0.104
8.25,459,3.98871,4.0333,2.7808,-1.807,-0.101
8.25,460,3.98891,4.0300,2.7820,-1.826,-0.097
8.25,461,3.98911,4.0266,2.7830,-1.844,-0.094
8.25,462,3.98932,4.0232,2.7838,-1.862,-0.090
8.25,463,3.98953,4.0198,2.7844,-1.880,-0.086
8.25,464,3.98974,4.0164,2.7847,-1.897,-0.082
8.25,465,3.98995,4.0129,2.7850,-1.913,-0.078
8.25,466,3.99017,4.0095,2.7851,-1.929,-0.074
8.25,467,3.99038,4.0060,2.7850,-1.945,-0.070
8.25,468,3.99059,4.0025,2.7848,-1.960,-0.066
8.25,469,3.99079,3.9991,2.7845,-1.975,-0.062
8.25,470,3.99100,3.9956,2.7841,-1.989,-0.057
8.25,471,3.99120,3.9921,2.7836,-2.004,-0.052
8.25,472,3.99139,3.9885,2.7830,-2.017,-0.048
8.25,473,3.99158,3.9850,2.7822,-2.031,-0.043
8.25,474,3.99177,3.9815,2.7814,-2.044,-0.038
8.25,475,3.99195,3.9779,2.7805,-2.057,-0.032
8.25,476,3.99213,3.9744,2.7795,-2.069,-0.027
8.25,477,3.99230,3.9708,2.7784,-2.081,-0.021
8.25,478,3.99247,3.9673,2.7772,-2.093,-0.015
8.25,479,3.99264,3.9637,2.7760,-2.104,-0.009
8.25,480,3.99280,3.9601,2.7746,-2.115,-0.003
8.25,481,3.99295,3.9565,2.7732,-2.125,0.004
8.25,482,3.99310,3.9529,2.7717,-2.135,0.011
8.25,483,3.99324,3.9493,2.7701,-2.144,0.019
8.25,484,3.99338,3.9457,2.7684,-2.153,0.026
8.25,485,3.99352,3.9421,2.7666,-2.161,0.034
8.25,486,3.99365,3.9385,2.7648,-2.168,0.043
8.25,487,3.99378,3.9349,2.7629,-2.175,0.052
8.25,488,3.99390,3.9312,2.7610,-2.181,0.061
8.25,489,3.99402,3.9276,2.7590,-2.186,0.071
8.25,490,3.99414,3.9240,2.7569,-2.191,0.081
8.25,491,3.99425,3.9204,2.7549,-2.195,0.092
8.25,492,3.99436,3.9167,2.7527,-2.198,0.103
8.25,493,3.99446,3.9131,2.7504,-2.201,0.114
8.25,494,3.99457,3.9095,2.7482,-2.203,0.126
8.25,495,3.99467,3.9058,2.7458,-2.204,0.138
8.25,496,3.99476,3.9022,2.7434,-2.205,0.151
8.25,497,3.99486,3.8985,2.7409,-2.205,0.165
8.25,498,3.99495,3.8949,2.7384,-2.204,0.178
8.25,499,3.99503,3.8913,2.7358,-2.203,0.192
8.25,500,3.99512,3.8876,2.7331,-2.201,0.205
8.25,501,3.99520,3.8840,2.7305,-2.199,0.220
8.25,502,3.99528,3.8803,2.7277,-2.196,0.236
8.25,503,3.99536,3.8767,2.7249,-2.193,0.252
8.25,504,3.99543,3.8730,2.7221,-2.189,0.268
8.25,505,3.99551,3.8694,2.7192,-2.185,0.284
8.25,506,3.99558,3.8658,2.7162,-2.181,0.301
8.25,507,3.99565,3.8621,2.7132,-2.176,0.318
8.25,508,3.99571,3.8585,2.7102,-2.170,0.335
8.25,509,3.99578,3.8548,2.7071,-2.164,0.352
8.25,510,3.99584,3.8512,2.7040,-2.158,0.369
8.25,511,3.99590,3.8475,2.7008,-2.152,0.386
8.25,512,3.99596,3.8439,2.6976,-2.144,0.403
8.25,513,3.99602,3.8403,2.6944,-2.137,0.419
8.25,514,3.99608,3.8366,2.6911,-2.130,0.436
8.25,515,3.99613,3.8330,2.6878,-2.122,0.453
8.25,516,3.99619,3.8293,2.6844,-2.114,0.469
8.25,517,3.99624,3.8257,2.6810,-2.105,0.486
8.25,518,3.99629,3.8221,2.6776,-2.097,0.502
8.25,519,3.99634,3.8184,2.6741,-2.088,0.518
8.25,520,3.99639,3.8148,2.6707,-2.078,0.535
8.25,521,3.99644,3.8111,2.6671,-2.068,0.552
8.25,522,3.99648,3.8075,2.6636,-2.058,0.568
8.25,523,3.99653,3.8039,2.6600,-2.047,0.585
8.25,524,3.99657,3.8002,2.6565,-2.037,0.602
8.25,525,3.99662,3.7966,2.6529,-2.026,0.619
8.25,526,3.99666,3.7930,2.6492,-2.015,0.635
8.25,527,3.99670,3.7893,2.6455,-2.004,0.652
8.25,528,3.99674,3.7857,2.6418,-1.993,0.668
8.25,529,3.99678,3.7821,2.6381,-1.982,0.684
8.25,530,3.99682,3.7784,2.6343,-1.970,0.701
8.25,531,3.99686,3.7748,2.6305,-1.958,0.717
8.25,532,3.99689,3.7712,2.6266,-1.945,0.734
8.25,533,3.99693,3.7676,2.6227,-1.932,0.750
8.25,534,3.99697,3.7640,2.6188,-1.919,0.767
8.25,535,3.99700,3.7603,2.6147,-1.905,0.784
8.25,536,3.99704,3.7567,2.6105,-1.891,0.800
8.25,537,3.99708,3.7532,2.6061,-1.876,0.817
8.25,538,3.99712,3.7496,2.6014,-1.860,0.833
8.25,539,3.99716,3.7461,2.5965,-1.843,0.849
8.25,540,3.99720,3.7425,2.5913,-1.826,0.866
8.25,541,3.99724,3.7391,2.5858,-1.807,0.882
8.25,542,3.99728,3.7356,2.5798,-1.787,0.898
8.25,543,3.99733,3.7323,2.5732,-1.765,0.914
8.25,544,3.99738,3.7291,2.5656,-1.740,0.929
8.25,545,3.99744,3.7261,2.5568,-1.713,0.943
8.25,546,3.99750,3.7232,2.5474,-1.684,0.956
8.25,547,3.99756,3.7204,2.5376,-1.654,0.968
8.25,548,3.99762,3.7177,2.5273,-1.623,0.980
8.25,549,3.99769,3.7151,2.5167,-1.591,0.992
8.25,550,3.99775,3.7126,2.5059,-1.558,1.003
8.25,551,3.99781,3.7101,2.4949,-1.525,1.014
8.25,552,3.99788,3.7076,2.4839,-1.492,1.026
8.25,553,3.99794,3.7051,2.4731,-1.459,1.038
8.25,554,3.99802,3.7025,2.4625,-1.426,1.050
8.25,555,3.99809,3.6997,2.4528,-1.395,1.063
8.25,556,3.99818,3.6967,2.4447,-1.366,1.078
8.25,557,3.99827,3.6933,2.4396,-1.344,1.094
8.25,558,3.99837,3.6897,2.4398,-1.334,1.111
8.25,559,3.99846,3.6863,2.4453,-1.338,1.126
8.25,560,3.99854,3.6834,2.4543,-1.351,1.140
8.25,561,3.99861,3.6809,2.4651,-1.370,1.152
8.25,562,3.99867,3.6786,2.4768,-1.392,1.163
8.25,563,3.99872,3.6765,2.4891,-1.416,1.173
8.25,564,3.99878,3.6746,2.5019,-1.441,1.183
8.25,565,3.99883,3.6727,2.5149,-1.467,1.192
8.25,566,3.99889,3.6710,2.5281,-1.494,1.200
8.25,567,3.99895,3.6693,2.5415,-1.522,1.209
8.25,568,3.99900,3.6677,2.5549,-1.549,1.217
8.25,569,3.99907,3.6661,2.5684,-1.577,1.225
8.25,570,3.99913,3.6645,2.5819,-1.605,1.233
8.25,571,3.99921,3.6630,2.5955,-1.633,1.240
8.25,572,3.99929,3.6615,2.6090,-1.661,1.248
8.25,573,3.99938,3.6601,2.6224,-1.689,1.255
8.25,574,3.99948,3.6586,2.6358,-1.717,1.263
8.25,575,3.99960,3.6572,2.6492,-1.744,1.270
8.25,576,3.99972,3.6558,2.6624,-1.771,1.278
8.25,577,3.99985,3.6544,2.6756,-1.798,1.285
8.25,578,3.99999,3.6530,2.6888,-1.826,1.293
8.25,579,4.00014,3.6517,2.7020,-1.853,1.300
8.25,580,4.00030,3.6504,2.7152,-1.880,1.308
8.25,581,4.00045,3.6491,2.7285,-1.908,1.315
8.25,582,4.00061,3.6477,2.7417,-1.935,1.322
8.25,583,4.00078,3.6464,2.7550,-1.962,1.329
8.25,584,4.00094,3.6452,2.7683,-1.990,1.337
8.25,585,4.00110,3.6439,2.7815,-2.017,1.344
8.25,586,4.00127,3.6426,2.7948,-2.044,1.351
8.25,587,4.00144,3.6414,2.8081,-2.072,1.358
8.25,588,4.00160,3.6401,2.8213,-2.099,1.365
8.25,589,4.00178,3.6389,2.8346,-2.126,1.372
8.25,590,4.00195,3.6376,2.8479,-2.153,1.380
8.25,591,4.00212,3.6364,2.8612,-2.181,1.387
8.25,592,4.00229,3.6353,2.8745,-2.208,1.394
8.25,593,4.00246,3.6341,2.8879,-2.236,1.401
8.25,594,4.00263,3.6329,2.9014,-2.263,1.407
8.25,595,4.00280,3.6318,2.9149,-2.291,1.414
8.25,596,4.00297,3.6306,2.9284,-2.319,1.422
8.25,597,4.00313,3.6294,2.9419,-2.346,1.429
8.25,598,4.00330,3.6282,2.9554,-2.374,1.436
8.25,599,4.00347,3.6270,2.9690,-2.401,1.443
8.25,600,4.00364,3.6259,2.9826,-2.429,1.451
8.25,601,4.00382,3.6246,2.9963,-2.456,1.458
8.25,602,4.00400,3.6234,3.0101,-2.484,1.466
8.25,603,4.00420,3.6222,3.0237,-2.511,1.474
8.25,604,4.00444,3.6213,3.0341,-2.532,1.479
8.25,605,4.00477,3.6210,3.0374,-2.539,1.481
8.25,606,4.00481,3.6210,3.0374,-2.539,1.481
8.25,607,4.00484,3.6210,3.0374,-2.539,1.481
8.25,608,4.00488,3.6210,3.0373,-2.539,1.481
8.25,609,4.00492,3.6210,3.0372,-2.539,1.481
8.25,610,4.00496,3.6211,3.0372,-2.538,1.481
8.25,611,4.00500,3.6211,3.0371,-2.538,1.481
8.25,612,4.00505,3.6211,3.0370,-2.538,1.481
8.25,613,4.00510,3.6211,3.0369,-2.538,1.481
8.25,614,4.00515,3.6211,3.0368,-2.538,1.481
8.25,615,4.00520,3.6211,3.0367,-2.538,1.481
8.25,616,4.00527,3.6211,3.0365,-2.537,1.480
8.25,617,4.00533,3.6212,3.0364,-2.537,1.480
8.25,618,4.00540,3.6212,3.0362,-2.537,1.480
8.25,619,4.00548,3.6212,3.0360,-2.536,1.480
8.25,620,4.00556,3.6212,3.0357,-2.536,1.480
8.25,621,4.00565,3.6213,3.0355,-2.535,1.480
8.25,622,4.00575,3.6213,3.0351,-2.535,1.479
8.25,623,4.00585,3.6213,3.0348,-2.534,1.479
8.25,624,4.00597,3.6214,3.0343,-2.533,1.479
8.25,625,4.00610,3.6215,3.0337,-2.532,1.478
8.25,626,4.00623,3.6215,3.0331,-2.531,1.478
8.25,627,4.00638,3.6216,3.0323,-2.529,1.477
8.25,628,4.00652,3.6217,3.0315,-2.528,1.477
8.25,629,4.00667,3.6218,3.0306,-2.526,1.476
8.25,630,4.00682,3.6219,3.0297,-2.524,1.476
8.25,631,4.00698,3.6220,3.0288,-2.523,1.475
8.25,632,4.00954,3.6231,3.0185,-2.503,1.468
8.25,633,4.01234,3.6242,3.0084,-2.484,1.461
8.25,634,4.01491,3.6254,2.9975,-2.463,1.454
8.25,635,4.01725,3.6265,2.9862,-2.441,1.447
8.25,636,4.01939,3.6277,2.9745,-2.419,1.439
8.25,637,4.02139,3.6289,2.9627,-2.395,1.432
8.25,638,4.02325,3.6301,2.9509,-2.373,1.425
8.25,639,4.02500,3.6313,2.9389,-2.349,1.417
8.25,640,4.02666,3.6325,2.9268,-2.325,1.410
8.25,641,4.02819,3.6337,2.9146,-2.300,1.403
8.25,642,4.02967,3.6349,2.9024,-2.276,1.396
8.25,643,4.03107,3.6361,2.8902,-2.251,1.389
8.25,644,4.03245,3.6373,2.8779,-2.227,1.382
8.25,645,4.03382,3.6385,2.8656,-2.202,1.375
8.25,646,4.03515,3.6397,2.8533,-2.177,1.368
8.25,647,4.03648,3.6409,2.8410,-2.152,1.361
8.25,648,4.03781,3.6421,2.8287,-2.127,1.354
8.25,649,4.03916,3.6433,2.8164,-2.102,1.347
8.25,650,4.04054,3.6445,2.8040,-2.076,1.340
8.25,651,4.04193,3.6458,2.7918,-2.051,1.333
8.25,652,4.04341,3.6471,2.7796,-2.027,1.326
8.25,653,4.04495,3.6483,2.7674,-2.002,1.319
8.25,654,4.04659,3.6497,2.7553,-1.977,1.312
8.25,655,4.04840,3.6510,2.7433,-1.953,1.305
8.25,656,4.05040,3.6524,2.7316,-1.930,1.297
8.25,657,4.05264,3.6539,2.7203,-1.908,1.289
8.25,658,4.05523,3.6554,2.7100,-1.889,1.281
8.25,659,4.05775,3.6569,2.7004,-1.871,1.273
8.25,660,4.06032,3.6585,2.6913,-1.855,1.264
8.25,661,4.06285,3.6600,2.6826,-1.839,1.256
8.25,662,4.06553,3.6617,2.6742,-1.825,1.248
8.25,663,4.06849,3.6635,2.6664,-1.812,1.239
8.25,664,4.07196,3.6653,2.6593,-1.802,1.229
8.25,665,4.07667,3.6674,2.6537,-1.796,1.219
8.25,666,4.08222,3.6698,2.6502,-1.796,1.208
8.25,667,4.08909,3.6727,2.6504,-1.807,1.194
8.25,668,4.09873,3.6759,2.6593,-1.840,1.178
8.25,669,4.10747,3.6785,2.6727,-1.883,1.166
8.25,670,4.11344,3.6807,2.6868,-1.925,1.156
8.25,671,4.11895,3.6829,2.7008,-1.967,1.145
8.25,672,4.13116,3.6839,2.7195,-2.017,1.141
8.25,673,4.13831,3.6852,2.7357,-2.062,1.135
8.25,674,4.14872,3.6855,2.7505,-2.100,1.134
8.25,675,4.15563,3.6861,2.7643,-2.136,1.132
8.25,676,4.16140,3.6865,2.7749,-2.164,1.130
8.25,677,4.17081,3.6860,2.7842,-2.186,1.132
8.25,678,4.17694,3.6863,2.7951,-2.214,1.131
8.25,679,4.18183,3.6865,2.8036,-2.236,1.131
8.25,680,4.18559,3.6843,2.7977,-2.215,1.140
8.25,681,4.19298,3.6835,2.8062,-2.233,1.144
8.25,682,4.19858,3.6833,2.8135,-2.251,1.145
8.25,683,4.20587,3.6809,2.8125,-2.241,1.156
8.25,684,4.21397,3.6792,2.8172,-2.247,1.165
8.25,685,4.22035,3.6767,2.8150,-2.233,1.177
8.25,686,4.22545,3.6740,2.8103,-2.212,1.190
8.25,687,4.23196,3.6713,2.8096,-2.200,1.203
8.25,688,4.23491,3.6707,2.8148,-2.211,1.206
8.25,689,4.23776,3.6709,2.8189,-2.222,1.205
8.25,690,4.24002,3.6700,2.8180,-2.217,1.209
8.25,691,4.24208,3.6690,2.8177,-2.212,1.214
8.25,692,4.24443,3.6688,2.8176,-2.211,1.215
8.25,693,4.24725,3.6682,2.8143,-2.201,1.218
8.25,694,4.25012,3.6658,2.8110,-2.183,1.230
8.25,695,4.25234,3.6636,2.8108,-2.174,1.241
8.25,696,4.25466,3.6614,2.8102,-2.164,1.251
8.25,697,4.25639,3.6588,2.8139,-2.163,1.264
8.25,698,4.25767,3.6566,2.8202,-2.170,1.276
8.25,699,4.25861,3.6545,2.8281,-2.181,1.287
8.25,700,4.25927,3.6527,2.8368,-2.195,1.297
8.25,701,4.25974,3.6510,2.8461,-2.211,1.306
8.25,702,4.26006,3.6494,2.8556,-2.227,1.314
8.25,703,4.26028,3.6480,2.8651,-2.245,1.322
8.25,704,4.26044,3.6466,2.8746,-2.262,1.330
8.25,705,4.26056,3.6454,2.8840,-2.280,1.337
8.25,706,4.26065,3.6441,2.8932,-2.298,1.343
8.25,707,4.26071,3.6430,2.9022,-2.315,1.350
8.30,202,0.32942,3.5409,-1.8876,10.233,2.225
8.30,204,0.37359,3.5511,-1.7670,9.860,2.118
8.30,206,0.42748,3.5620,-1.6198,9.418,2.009
8.30,208,0.48642,3.5745,-1.4573,8.935,1.893
8.30,210,0.53429,3.5862,-1.3220,8.531,1.794
8.30,212,0.57262,3.5973,-1.2105,8.195,1.707
8.30,214,0.60272,3.6069,-1.1223,7.926,1.633
8.30,216,0.61938,3.6139,-1.0734,7.768,1.580
8.30,218,0.63576,3.6208,-1.0252,7.613,1.530
8.30,220,0.65223,3.6277,-0.9768,7.458,1.481
8.30,222,0.66881,3.6347,-0.9281,7.303,1.432
8.30,224,0.68488,3.6414,-0.8808,7.153,1.386
8.30,226,0.70241,3.6487,-0.8302,6.993,1.339
8.30,228,0.72622,3.6582,-0.7698,6.802,1.280
8.30,230,0.75001,3.6677,-0.7094,6.614,1.225
8.30,232,0.77343,3.6771,-0.6499,6.432,1.173
8.30,234,0.79618,3.6863,-0.5920,6.258,1.126
8.30,236,0.81911,3.6956,-0.5335,6.086,1.080
8.30,238,0.84109,3.7045,-0.4774,5.923,1.036
8.30,240,0.86338,3.7135,-0.4204,5.760,0.995
8.30,242,0.88480,3.7223,-0.3656,5.606,0.958
8.30,244,0.90648,3.7305,-0.3123,5.459,0.922
8.30,246,0.92824,3.7370,-0.2643,5.329,0.893
8.30,248,0.94946,3.7434,-0.2174,5.204,0.866
8.30,250,0.97100,3.7499,-0.1699,5.079,0.838
8.30,252,0.99786,3.7574,-0.1124,4.929,0.807
8.30,254,1.02023,3.7632,-0.0661,4.809,0.783
8.30,256,1.03512,3.7669,-0.0359,4.731,0.768
8.30,258,1.05365,3.7713,0.0012,4.636,0.749
8.30,260,1.07439,3.7760,0.0419,4.532,0.730
8.30,262,1.09618,3.7810,0.0843,4.425,0.710
8.30,264,1.12210,3.7866,0.1336,4.300,0.687
8.30,266,1.14131,3.7907,0.1693,4.210,0.671
8.30,268,1.16602,3.7958,0.2144,4.097,0.650
8.30,270,1.19954,3.8026,0.2741,3.948,0.623
8.30,272,1.23465,3.8096,0.3344,3.799,0.595
8.30,274,1.27338,3.8172,0.3986,3.640,0.565
8.30,276,1.30853,3.8241,0.4548,3.501,0.538
8.30,278,1.34225,3.8306,0.5067,3.373,0.512
8.30,280,1.36892,3.8358,0.5464,3.276,0.492
8.30,282,1.40206,3.8423,0.5942,3.159,0.467
8.30,284,1.43510,3.8490,0.6402,3.047,0.441
8.30,286,1.46530,3.8553,0.6808,2.949,0.416
8.30,288,1.49984,3.8630,0.7258,2.841,0.385
8.30,290,1.62479,3.8903,0.8762,2.489,0.279
8.30,292,1.66288,3.8978,0.9187,2.390,0.248
8.30,294,1.70178,3.9051,0.9612,2.293,0.219
8.30,296,1.74600,3.9134,1.0081,2.189,0.186
8.30,298,1.79031,3.9214,1.0536,2.090,0.154
8.30,300,1.83541,3.9299,1.0993,1.994,0.123
8.30,302,1.87431,3.9366,1.1373,1.915,0.100
8.30,304,1.92373,3.9448,1.1846,1.819,0.074
8.30,306,1.97057,3.9521,1.2284,1.732,0.053
8.30,308,2.02079,3.9595,1.2741,1.643,0.034
8.30,310,2.06918,3.9662,1.3171,1.560,0.017
8.30,312,2.11689,3.9729,1.3591,1.481,0.002
8.30,314,2.16607,3.9792,1.4011,1.402,-0.011
8.30,316,2.21794,3.9857,1.4448,1.321,-0.024
8.30,318,2.27280,3.9924,1.4902,1.237,-0.036
8.30,320,2.32757,3.9987,1.5346,1.155,-0.047
8.30,322,2.37801,4.0043,1.5749,1.080,-0.056
8.30,324,2.43272,4.0101,1.6178,0.999,-0.065
8.30,326,2.49268,4.0161,1.6641,0.912,-0.074
8.30,328,2.54808,4.0215,1.7062,0.832,-0.082
8.30,330,2.59978,4.0263,1.7450,0.758,-0.088
8.30,332,2.65953,4.0316,1.7893,0.673,-0.095
8.30,334,2.71948,4.0365,1.8331,0.587,-0.101
8.30,336,2.78207,4.0416,1.8785,0.499,-0.107
8.30,338,2.84748,4.0463,1.9243,0.407,-0.113
8.30,340,2.91152,4.0506,1.9693,0.316,-0.118
8.30,342,2.97465,4.0547,2.0145,0.222,-0.122
8.30,344,3.03876,4.0581,2.0591,0.128,-0.126
8.30,346,3.10296,4.0610,2.1031,0.032,-0.129
8.30,348,3.16554,4.0634,2.1470,-0.066,-0.131
8.30,350,3.22910,4.0652,2.1911,-0.168,-0.133
8.30,352,3.29418,4.0665,2.2358,-0.274,-0.134
8.30,353,3.32567,4.0668,2.2576,-0.327,-0.135
8.30,354,3.34101,4.0669,2.2683,-0.353,-0.135
8.30,356,3.37089,4.0669,2.2894,-0.406,-0.135
8.30,358,3.39972,4.0666,2.3100,-0.459,-0.135
8.30,360,3.42939,4.0661,2.3299,-0.512,-0.134
8.30,362,3.45780,4.0654,2.3492,-0.564,-0.133
8.30,364,3.48491,4.0644,2.3678,-0.616,-0.132
8.30,366,3.51065,4.0631,2.3857,-0.667,-0.131
8.30,368,3.53501,4.0616,2.4028,-0.718,-0.130
8.30,370,3.55800,4.0599,2.4191,-0.767,-0.128
8.30,372,3.57968,4.0580,2.4346,-0.816,-0.126
8.30,374,3.60005,4.0559,2.4493,-0.864,-0.124
8.30,376,3.62025,4.0536,2.4631,-0.910,-0.122
8.30,378,3.63937,4.0512,2.4763,-0.955,-0.120
8.30,380,3.65751,4.0487,2.4889,-0.999,-0.117
8.30,382,3.67475,4.0460,2.5010,-1.042,-0.115
8.30,384,3.69122,4.0433,2.5127,-1.085,-0.112
8.30,386,3.70700,4.0405,2.5240,-1.127,-0.109
8.30,388,3.72231,4.0376,2.5351,-1.169,-0.106
8.30,390,3.73736,4.0348,2.5464,-1.211,-0.103
8.30,392,3.75256,4.0322,2.5584,-1.254,-0.100
8.30,394,3.76885,4.0302,2.5725,-1.299,-0.098
8.30,396,3.78519,4.0309,2.5899,-1.339,-0.099
8.30,398,3.79349,4.0344,2.6024,-1.354,-0.103
8.30,400,3.79759,4.0385,2.6113,-1.356,-0.107
8.30,402,3.80005,4.0427,2.6187,-1.355,-0.111
8.30,404,3.80180,4.0468,2.6255,-1.351,-0.116
8.30,406,3.80305,4.0510,2.6321,-1.347,-0.120
8.30,408,3.80395,4.0551,2.6387,-1.344,-0.124
8.30,410,3.80464,4.0592,2.6455,-1.340,-0.128
8.30,412,3.80516,4.0631,2.6525,-1.338,-0.131
8.30,414,3.80557,4.0670,2.6597,-1.336,-0.135
8.30,416,3.80589,4.0707,2.6673,-1.336,-0.138
8.30,418,3.80614,4.0743,2.6751,-1.338,-0.142
8.30,420,3.80634,4.0775,2.6826,-1.340,-0.144
8.30,422,3.80651,4.0801,2.6891,-1.343,-0.147
8.30,424,3.80665,4.0817,2.6923,-1.342,-0.148
8.30,426,3.80675,4.0817,2.6902,-1.337,-0.148
8.30,428,3.80683,4.0806,2.6841,-1.328,-0.147
8.30,430,3.80691,4.0784,2.6747,-1.316,-0.145
8.30,432,3.80698,4.0755,2.6643,-1.304,-0.143
8.30,434,3.80705,4.0722,2.6548,-1.297,-0.140
8.30,436,3.80713,4.0685,2.6480,-1.299,-0.136
8.30,438,3.80722,4.0645,2.6459,-1.314,-0.133
8.30,440,3.80732,4.0606,2.6490,-1.342,-0.129
8.30,442,3.80743,4.0569,2.6560,-1.378,-0.126
8.30,444,3.80754,4.0534,2.6644,-1.417,-0.122
8.30,446,3.80768,4.0498,2.6725,-1.455,-0.119
8.30,448,3.80782,4.0461,2.6795,-1.491,-0.115
8.30,450,3.80799,4.0423,2.6853,-1.524,-0.111
8.30,452,3.80817,4.0384,2.6900,-1.555,-0.107
8.30,454,3.80837,4.0344,2.6937,-1.583,-0.102
8.30,455,3.80854,4.0312,2.6962,-1.605,-0.099
8.30,456,3.80872,4.0280,2.6983,-1.625,-0.095
8.30,457,3.80890,4.0247,2.7001,-1.645,-0.092
8.30,458,3.80910,4.0215,2.7016,-1.664,-0.088
8.30,459,3.80930,4.0182,2.7028,-1.683,-0.084
8.30,460,3.80951,4.0149,2.7038,-1.700,-0.081
8.30,461,3.80972,4.0116,2.7045,-1.718,-0.077
8.30,462,3.80994,4.0083,2.7051,-1.734,-0.073
8.30,463,3.81016,4.0049,2.7055,-1.750,-0.069
8.30,464,3.81038,4.0016,2.7057,-1.766,-0.065
8.30,465,3.81060,3.9982,2.7058,-1.781,-0.060
8.30,466,3.81082,3.9949,2.7058,-1.796,-0.056
8.30,467,3.81104,3.9915,2.7056,-1.811,-0.051
8.30,468,3.81126,3.9881,2.7053,-1.825,-0.047
8.30,469,3.81147,3.9847,2.7048,-1.839,-0.042
8.30,470,3.81168,3.9813,2.7043,-1.852,-0.037
8.30,471,3.81189,3.9778,2.7037,-1.865,-0.031
8.30,472,3.81209,3.9744,2.7029,-1.878,-0.026
8.30,473,3.81229,3.9710,2.7021,-1.890,-0.020
8.30,474,3.81248,3.9675,2.7012,-1.902,-0.015
8.30,475,3.81266,3.9640,2.7002,-1.913,-0.009
8.30,476,3.81284,3.9606,2.6990,-1.924,-0.002
8.30,477,3.81302,3.9571,2.6978,-1.935,0.004
8.30,478,3.81319,3.9536,2.6965,-1.945,0.011
8.30,479,3.81336,3.9501,2.6952,-1.954,0.018
8.30,480,3.81352,3.9466,2.6938,-1.963,0.026
8.30,481,3.81367,3.9431,2.6922,-1.971,0.034
8.30,482,3.81382,3.9396,2.6906,-1.979,0.042
8.30,483,3.81397,3.9361,2.6890,-1.986,0.050
8.30,484,3.81411,3.9326,2.6872,-1.993,0.059
8.30,485,3.81425,3.9290,2.6854,-1.998,0.069
8.30,486,3.81438,3.9255,2.6836,-2.003,0.079
8.30,487,3.81451,3.9220,2.6816,-2.007,0.089
8.30,488,3.81463,3.9184,2.6796,-2.011,0.100
8.30,489,3.81475,3.9149,2.6775,-2.014,0.111
8.30,490,3.81487,3.9114,2.6753,-2.016,0.122
8.30,491,3.81498,3.9078,2.6731,-2.018,0.133
8.30,492,3.81509,3.9043,2.6709,-2.019,0.146
8.30,493,3.81520,3.9007,2.6686,-2.019,0.159
8.30,494,3.81530,3.8972,2.6663,-2.019,0.172
8.30,495,3.81540,3.8936,2.6639,-2.019,0.185
8.30,496,3.81549,3.8901,2.6614,-2.018,0.198
8.30,497,3.81559,3.8865,2.6589,-2.016,0.212
8.30,498,3.81568,3.8830,2.6563,-2.014,0.227
8.30,499,3.81577,3.8794,2.6537,-2.011,0.243
8.30,500,3.81585,3.8759,2.6510,-2.008,0.259
8.30,501,3.81594,3.8723,2.6483,-2.004,0.274
8.30,502,3.81602,3.8687,2.6455,-2.000,0.291
8.30,503,3.81610,3.8652,2.6427,-1.996,0.307
8.30,504,3.81617,3.8616,2.6399,-1.991,0.324
8.30,505,3.81625,3.8581,2.6369,-1.986,0.340
8.30,506,3.81632,3.8545,2.6340,-1.980,0.356
8.30,507,3.81639,3.8510,2.6310,-1.974,0.373
8.30,508,3.81646,3.8474,2.6279,-1.968,0.389
8.30,509,3.81653,3.8438,2.6248,-1.961,0.405
8.30,510,3.81659,3.8403,2.6217,-1.954,0.421
8.30,511,3.81665,3.8367,2.6186,-1.947,0.437
8.30,512,3.81672,3.8332,2.6154,-1.939,0.453
8.30,513,3.81678,3.8296,2.6121,-1.932,0.469
8.30,514,3.81683,3.8261,2.6089,-1.924,0.485
8.30,515,3.81689,3.8225,2.6056,-1.915,0.501
8.30,516,3.81695,3.8190,2.6022,-1.907,0.517
8.30,517,3.81700,3.8154,2.5989,-1.898,0.533
8.30,518,3.81705,3.8119,2.5955,-1.888,0.549
8.30,519,3.81711,3.8083,2.5920,-1.878,0.566
8.30,520,3.81716,3.8048,2.5885,-1.868,0.582
8.30,521,3.81721,3.8012,2.5850,-1.858,0.598
8.30,522,3.81725,3.7977,2.5815,-1.847,0.615
8.30,523,3.81730,3.7941,2.5779,-1.836,0.631
8.30,524,3.81735,3.7906,2.5743,-1.826,0.647
8.30,525,3.81739,3.7870,2.5706,-1.815,0.663
8.30,526,3.81744,3.7835,2.5669,-1.804,0.679
8.30,527,3.81748,3.7799,2.5632,-1.793,0.694
8.30,528,3.81752,3.7764,2.5594,-1.781,0.710
8.30,529,3.81756,3.7729,2.5556,-1.769,0.726
8.30,530,3.81761,3.7693,2.5517,-1.756,0.742
8.30,531,3.81765,3.7658,2.5478,-1.743,0.758
8.30,532,3.81769,3.7623,2.5436,-1.729,0.775
8.30,533,3.81773,3.7588,2.5393,-1.715,0.791
8.30,534,3.81777,3.7553,2.5348,-1.700,0.807
8.30,535,3.81782,3.7519,2.5301,-1.684,0.823
8.30,536,3.81786,3.7484,2.5251,-1.667,0.838
8.30,537,3.81791,3.7450,2.5198,-1.650,0.854
8.30,538,3.81795,3.7417,2.5141,-1.631,0.869
8.30,539,3.81800,3.7383,2.5079,-1.611,0.885
8.30,540,3.81806,3.7352,2.5009,-1.588,0.900
8.30,541,3.81812,3.7322,2.4928,-1.563,0.914
8.30,542,3.81818,3.7293,2.4840,-1.536,0.927
8.30,543,3.81825,3.7265,2.4747,-1.508,0.940
8.30,544,3.81831,3.7238,2.4650,-1.479,0.952
8.30,545,3.81838,3.7213,2.4548,-1.448,0.964
8.30,546,3.81844,3.7187,2.4444,-1.417,0.975
8.30,547,3.81851,3.7163,2.4337,-1.385,0.986
8.30,548,3.81858,3.7139,2.4228,-1.353,0.996
8.30,549,3.81864,3.7116,2.4119,-1.320,1.007
8.30,550,3.81871,3.7092,2.4009,-1.288,1.018
8.30,551,3.81879,3.7068,2.3902,-1.255,1.029
8.30,552,3.81887,3.7042,2.3800,-1.224,1.041
8.30,553,3.81895,3.7015,2.3709,-1.194,1.054
8.30,554,3.81904,3.6984,2.3637,-1.168,1.069
8.30,555,3.81915,3.6951,2.3605,-1.151,1.085
8.30,556,3.81925,3.6917,2.3625,-1.146,1.101
8.30,557,3.81934,3.6886,2.3688,-1.153,1.115
8.30,558,3.81942,3.6859,2.3776,-1.167,1.128
8.30,559,3.81949,3.6834,2.3882,-1.186,1.139
8.30,560,3.81956,3.6813,2.3997,-1.208,1.149
8.30,561,3.81962,3.6793,2.4118,-1.232,1.159
8.30,562,3.81968,3.6774,2.4243,-1.257,1.168
8.30,563,3.81974,3.6756,2.4371,-1.283,1.177
8.30,564,3.81980,3.6739,2.4500,-1.309,1.185
8.30,565,3.81987,3.6723,2.4630,-1.336,1.193
8.30,566,3.81993,3.6708,2.4762,-1.364,1.201
8.30,567,3.82000,3.6692,2.4893,-1.391,1.209
8.30,568,3.82007,3.6678,2.5026,-1.419,1.216
8.30,569,3.82016,3.6663,2.5158,-1.446,1.223
8.30,570,3.82025,3.6649,2.5290,-1.474,1.231
8.30,571,3.82035,3.6634,2.5421,-1.501,1.238
8.30,572,3.82046,3.6621,2.5552,-1.529,1.245
8.30,573,3.82058,3.6607,2.5682,-1.556,1.252
8.30,574,3.82071,3.6594,2.5811,-1.583,1.259
8.30,575,3.82085,3.6581,2.5941,-1.610,1.266
8.30,576,3.82098,3.6568,2.6071,-1.637,1.272
8.30,577,3.82112,3.6554,2.6199,-1.664,1.279
8.30,578,3.82127,3.6542,2.6329,-1.691,1.286
8.30,579,3.82141,3.6529,2.6458,-1.718,1.293
8.30,580,3.82155,3.6517,2.6588,-1.745,1.300
8.30,581,3.82170,3.6504,2.6718,-1.772,1.307
8.30,582,3.82185,3.6492,2.6848,-1.799,1.314
8.30,583,3.82199,3.6480,2.6978,-1.826,1.321
8.30,584,3.82214,3.6467,2.7108,-1.853,1.328
8.30,585,3.82229,3.6455,2.7238,-1.880,1.334
8.30,586,3.82244,3.6443,2.7368,-1.907,1.341
8.30,587,3.82258,3.6431,2.7499,-1.934,1.348
8.30,588,3.82273,3.6419,2.7630,-1.961,1.355
8.30,589,3.82288,3.6407,2.7760,-1.988,1.362
8.30,590,3.82303,3.6395,2.7891,-2.016,1.368
8.30,591,3.82318,3.6384,2.8023,-2.043,1.375
8.30,592,3.82334,3.6373,2.8154,-2.070,1.381
8.30,593,3.82349,3.6361,2.8286,-2.098,1.388
8.30,594,3.82363,3.6350,2.8418,-2.125,1.395
8.30,595,3.82378,3.6339,2.8550,-2.152,1.402
8.30,596,3.82393,3.6328,2.8683,-2.180,1.408
8.30,597,3.82408,3.6316,2.8816,-2.207,1.415
8.30,598,3.82423,3.6305,2.8949,-2.234,1.422
8.30,599,3.82438,3.6293,2.9081,-2.261,1.429
8.30,600,3.82453,3.6282,2.9215,-2.288,1.436
8.30,601,3.82468,3.6270,2.9349,-2.315,1.444
8.30,602,3.82484,3.6258,2.9484,-2.343,1.451
8.30,603,3.82501,3.6246,2.9618,-2.370,1.458
8.30,604,3.82521,3.6236,2.9731,-2.393,1.464
8.30,605,3.82547,3.6233,2.9768,-2.400,1.466
8.30,606,3.82550,3.6233,2.9768,-2.400,1.466
8.30,607,3.82553,3.6233,2.9767,-2.400,1.466
8.30,608,3.82556,3.6233,2.9767,-2.400,1.466
8.30,609,3.82559,3.6233,2.9766,-2.400,1.466
8.30,610,3.82563,3.6234,2.9765,-2.399,1.466
8.30,611,3.82566,3.6234,2.9763,-2.399,1.466
8.30,612,3.82570,3.6234,2.9762,-2.399,1.466
8.30,613,3.82574,3.6234,2.9761,-2.399,1.466
8.30,614,3.82579,3.6234,2.9759,-2.398,1.466
8.30,615,3.82584,3.6234,2.9757,-2.398,1.466
8.30,616,3.82589,3.6235,2.9755,-2.398,1.465
8.30,617,3.82594,3.6235,2.9753,-2.397,1.465
8.30,618,3.82600,3.6235,2.9751,-2.397,1.465
8.30,619,3.82607,3.6235,2.9749,-2.396,1.465
8.30,620,3.82614,3.6236,2.9745,-2.396,1.465
8.30,621,3.82622,3.6236,2.9741,-2.395,1.464
8.30,622,3.82630,3.6237,2.9736,-2.394,1.464
8.30,623,3.82640,3.6237,2.9730,-2.393,1.464
8.30,624,3.82649,3.6238,2.9723,-2.392,1.463
8.30,625,3.82660,3.6239,2.9715,-2.390,1.463
8.30,626,3.82671,3.6240,2.9706,-2.388,1.462
8.30,627,3.82683,3.6241,2.9696,-2.386,1.462
8.30,628,3.82697,3.6242,2.9686,-2.385,1.461
8.30,629,3.82712,3.6243,2.9676,-2.383,1.460
8.30,630,3.82727,3.6244,2.9665,-2.380,1.460
8.30,631,3.82742,3.6245,2.9654,-2.378,1.459
8.30,632,3.82951,3.6257,2.9543,-2.357,1.452
8.30,633,3.83168,3.6268,2.9434,-2.336,1.445
8.30,634,3.83366,3.6280,2.9319,-2.314,1.437
8.30,635,3.83550,3.6292,2.9201,-2.291,1.430
8.30,636,3.83717,3.6304,2.9080,-2.267,1.422
8.30,637,3.83874,3.6316,2.8957,-2.242,1.415
8.30,638,3.84020,3.6328,2.8833,-2.218,1.408
8.30,639,3.84156,3.6340,2.8710,-2.193,1.401
8.30,640,3.84283,3.6352,2.8584,-2.168,1.394
8.30,641,3.84405,3.6364,2.8459,-2.142,1.387
8.30,642,3.84520,3.6376,2.8333,-2.117,1.380
8.30,643,3.84631,3.6388,2.8207,-2.091,1.373
8.30,644,3.84740,3.6400,2.8080,-2.065,1.366
8.30,645,3.84846,3.6413,2.7954,-2.040,1.359
8.30,646,3.84950,3.6425,2.7828,-2.014,1.352
8.30,647,3.85053,3.6436,2.7701,-1.987,1.345
8.30,648,3.85157,3.6448,2.7574,-1.961,1.338
8.30,649,3.85260,3.6461,2.7449,-1.935,1.331
8.30,650,3.85365,3.6473,2.7322,-1.909,1.325
8.30,651,3.85471,3.6485,2.7196,-1.883,1.318
8.30,652,3.85580,3.6497,2.7070,-1.857,1.311
8.30,653,3.85691,3.6510,2.6945,-1.831,1.304
8.30,654,3.85806,3.6522,2.6820,-1.805,1.298
8.30,655,3.85928,3.6535,2.6696,-1.779,1.291
8.30,656,3.86056,3.6547,2.6572,-1.754,1.284
8.30,657,3.86189,3.6560,2.6449,-1.728,1.277
8.30,658,3.86332,3.6573,2.6326,-1.703,1.270
8.30,659,3.86484,3.6586,2.6205,-1.678,1.263
8.30,660,3.86648,3.6600,2.6085,-1.654,1.256
8.30,661,3.86832,3.6614,2.5967,-1.630,1.248
8.30,662,3.87036,3.6629,2.5852,-1.607,1.241
8.30,663,3.87267,3.6645,2.5739,-1.585,1.233
8.30,664,3.87539,3.6661,2.5632,-1.564,1.225
8.30,665,3.87871,3.6680,2.5533,-1.546,1.216
8.30,666,3.88296,3.6701,2.5450,-1.534,1.205
8.30,667,3.88880,3.6727,2.5399,-1.530,1.192
8.30,668,3.89740,3.6758,2.5434,-1.550,1.178
8.30,669,3.90533,3.6785,2.5541,-1.586,1.165
8.30,670,3.91171,3.6805,2.5677,-1.626,1.155
8.30,671,3.91701,3.6825,2.5812,-1.667,1.146
8.30,672,3.92689,3.6835,2.5983,-1.713,1.142
8.30,673,3.93133,3.6850,2.6126,-1.753,1.135
8.30,674,3.94114,3.6857,2.6286,-1.795,1.132
8.30,675,3.94711,3.6869,2.6441,-1.838,1.127
8.30,676,3.95356,3.6880,2.6588,-1.878,1.122
8.30,677,3.96413,3.6866,2.6673,-1.895,1.128
8.30,678,3.96908,3.6879,2.6819,-1.936,1.122
8.30,679,3.97364,3.6893,2.6951,-1.973,1.116
8.30,680,3.97747,3.6875,2.6901,-1.955,1.124
8.30,681,3.98453,3.6879,2.7048,-1.993,1.123
8.30,682,3.99016,3.6890,2.7182,-2.030,1.118
8.30,683,3.99746,3.6872,2.7206,-2.030,1.126
8.30,684,4.00790,3.6862,2.7320,-2.056,1.131
8.30,685,4.01624,3.6838,2.7314,-2.047,1.142
8.30,686,4.02287,3.6811,2.7284,-2.031,1.154
8.30,687,4.03156,3.6786,2.7293,-2.025,1.166
8.30,688,4.03430,3.6788,2.7357,-2.041,1.165
8.30,689,4.03775,3.6792,2.7391,-2.051,1.164
8.30,690,4.04109,3.6770,2.7329,-2.028,1.174
8.30,691,4.04409,3.6747,2.7277,-2.008,1.185
8.30,692,4.04737,3.6726,2.7239,-1.990,1.195
8.30,693,4.05084,3.6704,2.7216,-1.977,1.206
8.30,694,4.05439,3.6679,2.7216,-1.968,1.218
8.30,695,4.05697,3.6661,2.7248,-1.969,1.227
8.30,696,4.05960,3.6644,2.7255,-1.964,1.235
8.30,697,4.06132,3.6621,2.7306,-1.968,1.247
8.30,698,4.06253,3.6600,2.7377,-1.977,1.257
8.30,699,4.06339,3.6581,2.7460,-1.990,1.267
8.30,700,4.06399,3.6564,2.7549,-2.005,1.276
8.30,701,4.06442,3.6548,2.7641,-2.022,1.285
8.30,702,4.06471,3.6533,2.7735,-2.039,1.293
8.30,703,4.06492,3.6519,2.7829,-2.056,1.300
8.30,704,4.06507,3.6506,2.7922,-2.074,1.307
8.30,705,4.06518,3.6494,2.8015,-2.092,1.314
8.30,706,4.06527,3.6483,2.8106,-2.110,1.320
8.30,707,4.06533,3.6472,2.8195,-2.127,1.326
8.35,202,0.31998,3.5384,-1.9172,10.325,2.251
8.35,204,0.32773,3.5404,-1.8965,10.259,2.231
8.35,206,0.35581,3.5470,-1.8192,10.018,2.160
8.35,208,0.38701,3.5536,-1.7340,9.760,2.092
8.35,210,0.46102,3.5685,-1.5302,9.154,1.948
8.35,212,0.50546,3.5784,-1.4052,8.783,1.859
8.35,214,0.55163,3.5906,-1.2718,8.384,1.760
8.35,216,0.58419,3.6007,-1.1765,8.093,1.681
8.35,218,0.60828,3.6091,-1.1059,7.874,1.617
8.35,220,0.62469,3.6160,-1.0576,7.718,1.565
8.35,222,0.64134,3.6230,-1.0086,7.561,1.514
8.35,224,0.65744,3.6297,-0.9613,7.409,1.466
8.35,226,0.67419,3.6368,-0.9120,7.252,1.417
8.35,228,0.69038,3.6436,-0.8643,7.101,1.372
8.35,230,0.71005,3.6516,-0.8105,6.931,1.320
8.35,232,0.73365,3.6611,-0.7506,6.742,1.263
8.35,234,0.75683,3.6704,-0.6916,6.560,1.210
8.35,236,0.77994,3.6797,-0.6328,6.381,1.160
8.35,238,0.80231,3.6887,-0.5757,6.210,1.114
8.35,240,0.82478,3.6979,-0.5183,6.042,1.069
8.35,242,0.84657,3.7067,-0.4626,5.880,1.026
8.35,244,0.86822,3.7156,-0.4071,5.723,0.986
8.35,246,0.88961,3.7243,-0.3522,5.569,0.949
8.35,248,0.91060,3.7318,-0.3021,5.432,0.916
8.35,250,0.93251,3.7384,-0.2538,5.301,0.887
8.35,252,0.95279,3.7445,-0.2090,5.182,0.861
8.35,254,0.97450,3.7511,-0.1611,5.056,0.833
8.35,256,1.00213,3.7586,-0.1025,4.903,0.802
8.35,258,1.02203,3.7637,-0.0615,4.797,0.781
8.35,260,1.03690,3.7674,-0.0312,4.719,0.766
8.35,262,1.05615,3.7719,0.0073,4.621,0.747
8.35,264,1.07697,3.7767,0.0480,4.517,0.727
8.35,266,1.09802,3.7814,0.0890,4.413,0.708
8.35,268,1.12463,3.7872,0.1395,4.286,0.685
8.35,270,1.14380,3.7913,0.1752,4.196,0.668
8.35,272,1.16916,3.7965,0.2214,4.080,0.647
8.35,274,1.20534,3.8039,0.2855,3.920,0.618
8.35,276,1.23751,3.8102,0.3407,3.783,0.593
8.35,278,1.28082,3.8187,0.4123,3.606,0.559
8.35,280,1.31415,3.8252,0.4653,3.475,0.533
8.35,282,1.34659,3.8315,0.5150,3.353,0.509
8.35,284,1.37500,3.8370,0.5572,3.249,0.487
8.35,286,1.41044,3.8440,0.6079,3.125,0.460
8.35,288,1.43999,3.8500,0.6490,3.025,0.437
8.35,290,1.47168,3.8567,0.6914,2.923,0.410
8.35,292,1.58679,3.8822,0.8347,2.585,0.311
8.35,294,1.62713,3.8906,0.8815,2.476,0.277
8.35,296,1.66558,3.8981,0.9245,2.376,0.247
8.35,298,1.70453,3.9052,0.9669,2.279,0.218
8.35,300,1.74815,3.9133,1.0132,2.175,0.186
8.35,302,1.79205,3.9211,1.0585,2.077,0.155
8.35,304,1.83788,3.9295,1.1049,1.978,0.124
8.35,306,1.87651,3.9360,1.1427,1.900,0.101
8.35,308,1.92535,3.9439,1.1898,1.803,0.076
8.35,310,1.97176,3.9510,1.2335,1.716,0.056
8.35,312,2.02231,3.9583,1.2798,1.624,0.036
8.35,314,2.07080,3.9649,1.3233,1.539,0.020
8.35,316,2.11781,3.9714,1.3651,1.460,0.005
8.35,318,2.16670,3.9775,1.4073,1.380,-0.008
8.35,320,2.21913,3.9840,1.4520,1.296,-0.021
8.35,322,2.27340,3.9904,1.4976,1.210,-0.033
8.35,324,2.32793,3.9965,1.5424,1.125,-0.044
8.35,326,2.37795,4.0019,1.5830,1.048,-0.053
8.35,328,2.43224,4.0075,1.6262,0.966,-0.062
8.35,330,2.49156,4.0132,1.6729,0.876,-0.071
8.35,332,2.54661,4.0183,1.7155,0.794,-0.078
8.35,334,2.59826,4.0228,1.7551,0.716,-0.084
8.35,336,2.65725,4.0277,1.7999,0.628,-0.091
8.35,338,2.71680,4.0322,1.8443,0.538,-0.096
8.35,340,2.77786,4.0367,1.8899,0.446,-0.102
8.35,342,2.84129,4.0407,1.9358,0.351,-0.107
8.35,344,2.90355,4.0443,1.9809,0.255,-0.111
8.35,346,2.96447,4.0474,2.0257,0.158,-0.115
8.35,348,3.02513,4.0499,2.0702,0.059,-0.118
8.35,350,3.08587,4.0515,2.1134,-0.042,-0.120
8.35,352,3.14444,4.0525,2.1559,-0.143,-0.121
8.35,353,3.17276,4.0527,2.1768,-0.195,-0.121
8.35,354,3.18674,4.0528,2.1871,-0.221,-0.121
8.35,356,3.21561,4.0527,2.2079,-0.273,-0.121
8.35,358,3.24493,4.0525,2.2287,-0.326,-0.121
8.35,360,3.27312,4.0521,2.2488,-0.379,-0.120
8.35,362,3.30008,4.0514,2.2682,-0.431,-0.120
8.35,364,3.32585,4.0504,2.2870,-0.483,-0.119
8.35,366,3.35034,4.0493,2.3050,-0.534,-0.118
8.35,368,3.37351,4.0478,2.3223,-0.585,-0.116
8.35,370,3.39544,4.0462,2.3387,-0.634,-0.114
8.35,372,3.41717,4.0442,2.3543,-0.683,-0.112
8.35,374,3.43793,4.0421,2.3691,-0.731,-0.110
8.35,376,3.45752,4.0398,2.3832,-0.777,-0.108
8.35,378,3.47604,4.0373,2.3966,-0.823,-0.105
8.35,380,3.49358,4.0347,2.4093,-0.868,-0.102
8.35,382,3.51022,4.0320,2.4216,-0.911,-0.100
8.35,384,3.52613,4.0292,2.4333,-0.955,-0.097
8.35,386,3.54137,4.0263,2.4448,-0.997,-0.093
8.35,388,3.55612,4.0234,2.4560,-1.039,-0.090
8.35,390,3.57063,4.0206,2.4675,-1.081,-0.087
8.35,392,3.58535,4.0179,2.4796,-1.124,-0.084
8.35,394,3.60130,4.0159,2.4941,-1.170,-0.082
8.35,396,3.61749,4.0170,2.5117,-1.209,-0.083
8.35,398,3.62530,4.0207,2.5240,-1.222,-0.088
8.35,400,3.62917,4.0248,2.5328,-1.225,-0.092
8.35,402,3.63155,4.0291,2.5404,-1.224,-0.097
8.35,404,3.63316,4.0333,2.5474,-1.221,-0.101
8.35,406,3.63429,4.0375,2.5542,-1.218,-0.106
8.35,408,3.63512,4.0417,2.5610,-1.215,-0.110
8.35,410,3.63574,4.0458,2.5679,-1.212,-0.115
8.35,412,3.63622,4.0498,2.5752,-1.210,-0.119
8.35,414,3.63659,4.0537,2.5827,-1.210,-0.122
8.35,416,3.63688,4.0575,2.5905,-1.211,-0.126
8.35,418,3.63712,4.0610,2.5984,-1.213,-0.129
8.35,420,3.63730,4.0642,2.6061,-1.216,-0.132
8.35,422,3.63746,4.0668,2.6124,-1.219,-0.135
8.35,424,3.63758,4.0681,2.6148,-1.218,-0.136
8.35,426,3.63768,4.0679,2.6116,-1.211,-0.136
8.35,428,3.63775,4.0665,2.6046,-1.201,-0.134
8.35,430,3.63782,4.0640,2.5945,-1.188,-0.132
8.35,432,3.63789,4.0611,2.5839,-1.176,-0.129
8.35,434,3.63796,4.0576,2.5748,-1.171,-0.126
8.35,436,3.63804,4.0538,2.5692,-1.176,-0.122
8.35,438,3.63813,4.0497,2.5689,-1.195,-0.118
8.35,440,3.63823,4.0458,2.5739,-1.227,-0.115
8.35,442,3.63834,4.0422,2.5818,-1.264,-0.111
8.35,444,3.63847,4.0386,2.5904,-1.303,-0.107
8.35,446,3.63860,4.0349,2.5981,-1.341,-0.103
8.35,448,3.63876,4.0311,2.6044,-1.375,-0.099
8.35,450,3.63893,4.0272,2.6096,-1.407,-0.095
8.35,452,3.63912,4.0232,2.6138,-1.436,-0.090
8.35,454,3.63933,4.0191,2.6171,-1.464,-0.086
8.35,455,3.63951,4.0159,2.6192,-1.484,-0.082
8.35,456,3.63969,4.0128,2.6210,-1.503,-0.078
8.35,457,3.63988,4.0096,2.6224,-1.521,-0.075
8.35,458,3.64008,4.0064,2.6236,-1.539,-0.071
8.35,459,3.64028,4.0032,2.6246,-1.556,-0.067
8.35,460,3.64049,3.9999,2.6254,-1.572,-0.062
8.35,461,3.64071,3.9967,2.6259,-1.588,-0.058
8.35,462,3.64093,3.9934,2.6263,-1.604,-0.054
8.35,463,3.64115,3.9902,2.6265,-1.619,-0.049
8.35,464,3.64137,3.9869,2.6266,-1.633,-0.044
8.35,465,3.64159,3.9836,2.6266,-1.647,-0.040
8.35,466,3.64181,3.9803,2.6264,-1.661,-0.035
8.35,467,3.64203,3.9770,2.6261,-1.674,-0.029
8.35,468,3.64225,3.9737,2.6257,-1.687,-0.024
8.35,469,3.64246,3.9703,2.6252,-1.700,-0.019
8.35,470,3.64267,3.9670,2.6245,-1.712,-0.013
8.35,471,3.64287,3.9636,2.6238,-1.724,-0.007
8.35,472,3.64307,3.9603,2.6230,-1.735,-0.001
8.35,473,3.64326,3.9569,2.6221,-1.746,0.006
8.35,474,3.64345,3.9535,2.6210,-1.756,0.013
8.35,475,3.64364,3.9501,2.6199,-1.765,0.020
8.35,476,3.64382,3.9467,2.6187,-1.775,0.027
8.35,477,3.64399,3.9433,2.6175,-1.783,0.035
8.35,478,3.64416,3.9399,2.6161,-1.791,0.043
8.35,479,3.64432,3.9365,2.6147,-1.799,0.051
8.35,480,3.64448,3.9331,2.6132,-1.805,0.060
8.35,481,3.64463,3.9297,2.6116,-1.811,0.069
8.35,482,3.64478,3.9262,2.6099,-1.817,0.079
8.35,483,3.64492,3.9228,2.6082,-1.821,0.088
8.35,484,3.64506,3.9193,2.6064,-1.825,0.099
8.35,485,3.64519,3.9159,2.6045,-1.829,0.109
8.35,486,3.64532,3.9124,2.6026,-1.831,0.120
8.35,487,3.64544,3.9090,2.6006,-1.833,0.131
8.35,488,3.64556,3.9055,2.5985,-1.835,0.143
8.35,489,3.64568,3.9021,2.5964,-1.836,0.156
8.35,490,3.64579,3.8986,2.5942,-1.836,0.169
8.35,491,3.64590,3.8951,2.5919,-1.836,0.182
8.35,492,3.64601,3.8917,2.5896,-1.835,0.195
8.35,493,3.64611,3.8882,2.5872,-1.834,0.208
8.35,494,3.64621,3.8847,2.5848,-1.832,0.222
8.35,495,3.64631,3.8812,2.5823,-1.829,0.238
8.35,496,3.64640,3.8778,2.5797,-1.827,0.253
8.35,497,3.64649,3.8743,2.5771,-1.824,0.269
8.35,498,3.64658,3.8708,2.5745,-1.820,0.284
8.35,499,3.64666,3.8673,2.5717,-1.816,0.300
8.35,500,3.64675,3.8639,2.5690,-1.811,0.316
8.35,501,3.64683,3.8604,2.5662,-1.806,0.332
8.35,502,3.64690,3.8569,2.5633,-1.801,0.348
8.35,503,3.64698,3.8534,2.5604,-1.795,0.364
8.35,504,3.64705,3.8500,2.5574,-1.789,0.380
8.35,505,3.64712,3.8465,2.5544,-1.783,0.395
8.35,506,3.64719,3.8430,2.5514,-1.776,0.411
8.35,507,3.64726,3.8395,2.5483,-1.769,0.427
8.35,508,3.64732,3.8361,2.5452,-1.762,0.442
8.35,509,3.64739,3.8326,2.5421,-1.755,0.458
8.35,510,3.64745,3.8291,2.5389,-1.747,0.474
8.35,511,3.64751,3.8256,2.5357,-1.739,0.489
8.35,512,3.64757,3.8222,2.5324,-1.731,0.505
8.35,513,3.64762,3.8187,2.5291,-1.723,0.520
8.35,514,3.64768,3.8152,2.5257,-1.714,0.536
8.35,515,3.64773,3.8117,2.5224,-1.704,0.551
8.35,516,3.64779,3.8083,2.5190,-1.695,0.567
8.35,517,3.64784,3.8048,2.5155,-1.685,0.583
8.35,518,3.64789,3.8013,2.5120,-1.674,0.599
8.35,519,3.64794,3.7979,2.5085,-1.664,0.615
8.35,520,3.64799,3.7944,2.5049,-1.653,0.630
8.35,521,3.64803,3.7909,2.5013,-1.643,0.646
8.35,522,3.64808,3.7875,2.4977,-1.632,0.661
8.35,523,3.64813,3.7840,2.4940,-1.621,0.677
8.35,524,3.64817,3.7805,2.4903,-1.610,0.692
8.35,525,3.64821,3.7771,2.4865,-1.598,0.708
8.35,526,3.64826,3.7736,2.4826,-1.586,0.723
8.35,527,3.64830,3.7702,2.4787,-1.574,0.739
8.35,528,3.64835,3.7668,2.4745,-1.560,0.754
8.35,529,3.64839,3.7633,2.4702,-1.546,0.770
8.35,530,3.64843,3.7599,2.4657,-1.532,0.785
8.35,531,3.64848,3.7566,2.4610,-1.516,0.801
8.35,532,3.64852,3.7532,2.4561,-1.500,0.816
8.35,533,3.64857,3.7499,2.4509,-1.483,0.831
8.35,534,3.64862,3.7466,2.4453,-1.465,0.846
8.35,535,3.64867,3.7434,2.4391,-1.445,0.861
8.35,536,3.64873,3.7403,2.4321,-1.423,0.875
8.35,537,3.64879,3.7374,2.4243,-1.399,0.889
8.35,538,3.64885,3.7345,2.4160,-1.374,0.902
8.35,539,3.64891,3.7317,2.4074,-1.348,0.915
8.35,540,3.64897,3.7291,2.3981,-1.320,0.928
8.35,541,3.64904,3.7265,2.3884,-1.292,0.940
8.35,542,3.64910,3.7240,2.3783,-1.262,0.951
8.35,543,3.64917,3.7216,2.3679,-1.231,0.962
8.35,544,3.64924,3.7193,2.3573,-1.200,0.972
8.35,545,3.64930,3.7170,2.3465,-1.168,0.982
8.35,546,3.64937,3.7147,2.3356,-1.136,0.992
8.35,547,3.64944,3.7125,2.3248,-1.104,1.002
8.35,548,3.64951,3.7101,2.3142,-1.073,1.013
8.35,549,3.64959,3.7077,2.3041,-1.042,1.024
8.35,550,3.64967,3.7051,2.2950,-1.012,1.036
8.35,551,3.64977,3.7022,2.2877,-0.987,1.050
8.35,552,3.64987,3.6990,2.2839,-0.969,1.065
8.35,553,3.64996,3.6958,2.2844,-0.962,1.081
8.35,554,3.65006,3.6929,2.2885,-0.964,1.095
8.35,555,3.65014,3.6902,2.2952,-0.973,1.107
8.35,556,3.65022,3.6877,2.3042,-0.989,1.119
8.35,557,3.65029,3.6854,2.3148,-1.008,1.129
8.35,558,3.65036,3.6833,2.3262,-1.031,1.139
8.35,559,3.65042,3.6815,2.3383,-1.055,1.148
8.35,560,3.65048,3.6797,2.3506,-1.080,1.156
8.35,561,3.65055,3.6780,2.3632,-1.106,1.165
8.35,562,3.65061,3.6764,2.3759,-1.132,1.172
8.35,563,3.65068,3.6749,2.3887,-1.159,1.180
8.35,564,3.65075,3.6734,2.4015,-1.186,1.188
8.35,565,3.65083,3.6719,2.4144,-1.213,1.195
8.35,566,3.65091,3.6705,2.4273,-1.240,1.202
8.35,567,3.65100,3.6691,2.4402,-1.267,1.209
8.35,568,3.65110,3.6677,2.4531,-1.295,1.216
8.35,569,3.65120,3.6664,2.4659,-1.322,1.223
8.35,570,3.65131,3.6651,2.4787,-1.349,1.229
8.35,571,3.65143,3.6637,2.4914,-1.375,1.236
8.35,572,3.65156,3.6625,2.5042,-1.402,1.243
8.35,573,3.65169,3.6612,2.5169,-1.429,1.249
8.35,574,3.65182,3.6599,2.5297,-1.456,1.255
8.35,575,3.65195,3.6587,2.5424,-1.483,1.262
8.35,576,3.65209,3.6575,2.5551,-1.510,1.268
8.35,577,3.65222,3.6563,2.5678,-1.537,1.275
8.35,578,3.65236,3.6551,2.5806,-1.564,1.281
8.35,579,3.65250,3.6539,2.5933,-1.590,1.288
8.35,580,3.65264,3.6527,2.6061,-1.617,1.294
8.35,581,3.65278,3.6515,2.6189,-1.644,1.301
8.35,582,3.65292,3.6503,2.6317,-1.671,1.307
8.35,583,3.65306,3.6491,2.6445,-1.698,1.314
8.35,584,3.65320,3.6480,2.6573,-1.725,1.320
8.35,585,3.65334,3.6468,2.6701,-1.752,1.327
8.35,586,3.65348,3.6456,2.6829,-1.778,1.333
8.35,587,3.65362,3.6445,2.6958,-1.805,1.340
8.35,588,3.65377,3.6433,2.7086,-1.832,1.346
8.35,589,3.65391,3.6422,2.7215,-1.859,1.353
8.35,590,3.65405,3.6411,2.7345,-1.886,1.359
8.35,591,3.65419,3.6400,2.7474,-1.914,1.365
8.35,592,3.65433,3.6389,2.7604,-1.941,1.372
8.35,593,3.65447,3.6378,2.7734,-1.968,1.378
8.35,594,3.65461,3.6367,2.7864,-1.995,1.384
8.35,595,3.65475,3.6356,2.7994,-2.022,1.391
8.35,596,3.65489,3.6346,2.8125,-2.049,1.397
8.35,597,3.65503,3.6334,2.8255,-2.076,1.404
8.35,598,3.65517,3.6323,2.8385,-2.103,1.411
8.35,599,3.65531,3.6312,2.8516,-2.130,1.418
8.35,600,3.65545,3.6301,2.8647,-2.157,1.424
8.35,601,3.65560,3.6289,2.8779,-2.183,1.432
8.35,602,3.65574,3.6278,2.8911,-2.210,1.439
8.35,603,3.65590,3.6266,2.9043,-2.237,1.446
8.35,604,3.65608,3.6256,2.9160,-2.260,1.452
8.35,605,3.65630,3.6252,2.9203,-2.269,1.455
8.35,606,3.65633,3.6252,2.9203,-2.269,1.454
8.35,607,3.65636,3.6252,2.9202,-2.269,1.454
8.35,608,3.65639,3.6252,2.9201,-2.269,1.454
8.35,609,3.65643,3.6253,2.9199,-2.268,1.454
8.35,610,3.65646,3.6253,2.9196,-2.268,1.454
8.35,611,3.65650,3.6253,2.9193,-2.267,1.454
8.35,612,3.65653,3.6254,2.9189,-2.267,1.454
8.35,613,3.65657,3.6254,2.9186,-2.266,1.453
8.35,614,3.65662,3.6254,2.9181,-2.265,1.453
8.35,615,3.65666,3.6255,2.9177,-2.264,1.453
8.35,616,3.65671,3.6255,2.9173,-2.263,1.453
8.35,617,3.65677,3.6256,2.9168,-2.262,1.452
8.35,618,3.65682,3.6256,2.9163,-2.261,1.452
8.35,619,3.65689,3.6257,2.9157,-2.260,1.452
8.35,620,3.65696,3.6257,2.9151,-2.259,1.451
8.35,621,3.65704,3.6258,2.9145,-2.258,1.451
8.35,622,3.65712,3.6259,2.9137,-2.256,1.450
8.35,623,3.65722,3.6260,2.9128,-2.255,1.450
8.35,624,3.65731,3.6261,2.9118,-2.253,1.449
8.35,625,3.65741,3.6262,2.9107,-2.250,1.449
8.35,626,3.65752,3.6263,2.9095,-2.248,1.448
8.35,627,3.65763,3.6264,2.9082,-2.246,1.447
8.35,628,3.65775,3.6266,2.9069,-2.243,1.446
8.35,629,3.65789,3.6267,2.9055,-2.240,1.445
8.35,630,3.65804,3.6268,2.9042,-2.238,1.445
8.35,631,3.65819,3.6270,2.9028,-2.235,1.444
8.35,632,3.65977,3.6281,2.8918,-2.214,1.437
8.35,633,3.66149,3.6292,2.8810,-2.193,1.430
8.35,634,3.66304,3.6303,2.8699,-2.171,1.423
8.35,635,3.66446,3.6314,2.8583,-2.148,1.416
8.35,636,3.66575,3.6326,2.8466,-2.125,1.409
8.35,637,3.66694,3.6337,2.8347,-2.101,1.402
8.35,638,3.66807,3.6348,2.8227,-2.076,1.396
8.35,639,3.66913,3.6360,2.8106,-2.052,1.389
8.35,640,3.67015,3.6371,2.7985,-2.027,1.382
8.35,641,3.67113,3.6383,2.7863,-2.003,1.376
8.35,642,3.67208,3.6394,2.7741,-1.977,1.369
8.35,643,3.67299,3.6406,2.7619,-1.952,1.362
8.35,644,3.67388,3.6417,2.7496,-1.927,1.356
8.35,645,3.67475,3.6429,2.7374,-1.902,1.349
8.35,646,3.67560,3.6441,2.7251,-1.877,1.343
8.35,647,3.67645,3.6452,2.7127,-1.851,1.336
8.35,648,3.67728,3.6463,2.7003,-1.825,1.330
8.35,649,3.67812,3.6475,2.6880,-1.800,1.323
8.35,650,3.67897,3.6487,2.6756,-1.774,1.317
8.35,651,3.67982,3.6498,2.6633,-1.748,1.310
8.35,652,3.68068,3.6510,2.6508,-1.722,1.304
8.35,653,3.68155,3.6522,2.6385,-1.696,1.297
8.35,654,3.68245,3.6534,2.6261,-1.670,1.291
8.35,655,3.68339,3.6545,2.6137,-1.644,1.284
8.35,656,3.68437,3.6557,2.6014,-1.618,1.278
8.35,657,3.68538,3.6569,2.5890,-1.593,1.271
8.35,658,3.68644,3.6581,2.5767,-1.567,1.265
8.35,659,3.68757,3.6594,2.5644,-1.541,1.259
8.35,660,3.68878,3.6607,2.5522,-1.515,1.252
8.35,661,3.69010,3.6620,2.5401,-1.491,1.245
8.35,662,3.69154,3.6633,2.5280,-1.466,1.238
8.35,663,3.69315,3.6647,2.5160,-1.441,1.231
8.35,664,3.69502,3.6662,2.5043,-1.417,1.224
8.35,665,3.69722,3.6678,2.4929,-1.395,1.216
8.35,666,3.69991,3.6696,2.4821,-1.374,1.207
8.35,667,3.70356,3.6717,2.4725,-1.358,1.197
8.35,668,3.70889,3.6742,2.4670,-1.353,1.184
8.35,669,3.71458,3.6768,2.4669,-1.362,1.172
8.35,670,3.72115,3.6791,2.4713,-1.380,1.161
8.35,671,3.72669,3.6813,2.4771,-1.402,1.151
8.35,672,3.73548,3.6833,2.4877,-1.435,1.142
8.35,673,3.74121,3.6855,2.4985,-1.469,1.132
8.35,674,3.75383,3.6869,2.5164,-1.518,1.125
8.35,675,3.76298,3.6886,2.5359,-1.572,1.118
8.35,676,3.77762,3.6890,2.5591,-1.631,1.116
8.35,677,3.79559,3.6884,2.5827,-1.689,1.119
8.35,678,3.80490,3.6892,2.6018,-1.739,1.116
8.35,679,3.81239,3.6892,2.6119,-1.764,1.116
8.35,680,3.82113,3.6871,2.6148,-1.765,1.125
8.35,681,3.82806,3.6880,2.6304,-1.807,1.121
8.35,682,3.83769,3.6863,2.6354,-1.814,1.129
8.35,683,3.84671,3.6846,2.6406,-1.822,1.137
8.35,684,3.85256,3.6829,2.6416,-1.819,1.145
8.35,685,3.85828,3.6809,2.6409,-1.811,1.155
8.35,686,3.86278,3.6792,2.6402,-1.804,1.162
8.35,687,3.86742,3.6768,2.6389,-1.792,1.174
8.35,688,3.86987,3.6763,2.6428,-1.801,1.176
8.35,689,3.87268,3.6750,2.6449,-1.801,1.183
8.35,690,3.87482,3.6735,2.6459,-1.798,1.190
8.35,691,3.87604,3.6733,2.6471,-1.801,1.191
8.35,692,3.87731,3.6732,2.6486,-1.804,1.191
8.35,693,3.87898,3.6741,2.6455,-1.799,1.187
8.35,694,3.88159,3.6721,2.6418,-1.783,1.196
8.35,695,3.88379,3.6698,2.6432,-1.778,1.208
8.35,696,3.88589,3.6677,2.6461,-1.778,1.218
8.35,697,3.88737,3.6654,2.6520,-1.784,1.229
8.35,698,3.88841,3.6634,2.6596,-1.795,1.239
8.35,699,3.88915,3.6616,2.6682,-1.810,1.249
8.35,700,3.88967,3.6599,2.6775,-1.826,1.257
8.35,701,3.89003,3.6583,2.6870,-1.844,1.265
8.35,702,3.89029,3.6569,2.6967,-1.862,1.273
8.35,703,3.89047,3.6555,2.7063,-1.880,1.280
8.35,704,3.89060,3.6542,2.7159,-1.899,1.287
8.35,705,3.89070,3.6530,2.7255,-1.917,1.294
8.35,706,3.89077,3.6518,2.7348,-1.936,1.300
8.35,707,3.89083,3.6507,2.7439,-1.954,1.306
8.40,202,0.31808,3.5379,-1.9241,10.345,2.257
8.40,204,0.31964,3.5382,-1.9210,10.335,2.253
8.40,206,0.32599,3.5398,-1.9037,10.280,2.236
8.40,208,0.35184,3.5459,-1.8320,10.058,2.171
8.40,210,0.37788,3.5515,-1.7606,9.841,2.113
8.40,212,0.42188,3.5602,-1.6397,9.481,2.027
8.40,214,0.48021,3.5723,-1.4769,8.998,1.913
8.40,216,0.52378,3.5829,-1.3522,8.626,1.822
8.40,218,0.56347,3.5940,-1.2369,8.278,1.733
8.40,220,0.59475,3.6038,-1.1454,7.999,1.657
8.40,222,0.61387,3.6113,-1.0892,7.821,1.600
8.40,224,0.63001,3.6181,-1.0417,7.668,1.550
8.40,226,0.64675,3.6251,-0.9924,7.510,1.499
8.40,228,0.66298,3.6319,-0.9447,7.357,1.451
8.40,230,0.67950,3.6389,-0.8961,7.203,1.403
8.40,232,0.69578,3.6457,-0.8482,7.051,1.358
8.40,234,0.71748,3.6544,-0.7913,6.871,1.303
8.40,236,0.74076,3.6638,-0.7321,6.685,1.247
8.40,238,0.76352,3.6730,-0.6740,6.507,1.196
8.40,240,0.78618,3.6822,-0.6162,6.332,1.147
8.40,242,0.80833,3.6912,-0.5596,6.163,1.102
8.40,244,0.83018,3.7001,-0.5037,5.999,1.058
8.40,246,0.85191,3.7090,-0.4480,5.839,1.015
8.40,248,0.87274,3.7175,-0.3945,5.687,0.978
8.40,250,0.89423,3.7263,-0.3393,5.533,0.940
8.40,252,0.91458,3.7331,-0.2923,5.405,0.911
8.40,254,0.93650,3.7397,-0.2439,5.275,0.882
8.40,256,0.95694,3.7459,-0.1988,5.155,0.855
8.40,258,0.97761,3.7521,-0.1532,5.035,0.829
8.40,260,1.00527,3.7595,-0.0949,4.883,0.798
8.40,262,1.02447,3.7643,-0.0554,4.781,0.778
8.40,264,1.03910,3.7679,-0.0257,4.705,0.763
8.40,266,1.05826,3.7725,0.0126,4.607,0.744
8.40,268,1.07975,3.7774,0.0546,4.500,0.724
8.40,270,1.10143,3.7822,0.0968,4.393,0.705
8.40,272,1.12693,3.7878,0.1451,4.271,0.682
8.40,274,1.14600,3.7918,0.1806,4.182,0.666
8.40,276,1.17212,3.7972,0.2282,4.063,0.644
8.40,278,1.21060,3.8050,0.2962,3.894,0.613
8.40,280,1.24347,3.8115,0.3524,3.754,0.588
8.40,282,1.28728,3.8200,0.4245,3.576,0.554
8.40,284,1.31954,3.8263,0.4757,3.449,0.529
8.40,286,1.35033,3.8323,0.5227,3.334,0.506
8.40,288,1.38006,3.8380,0.5668,3.225,0.483
8.40,290,1.41812,3.8456,0.6210,3.094,0.454
8.40,292,1.44496,3.8511,0.6582,3.003,0.432
8.40,294,1.47945,3.8585,0.7042,2.892,0.403
8.40,296,1.58994,3.8828,0.8412,2.569,0.308
8.40,298,1.62896,3.8908,0.8865,2.464,0.276
8.40,300,1.66790,3.8982,0.9302,2.362,0.246
8.40,302,1.70679,3.9052,0.9725,2.265,0.218
8.40,304,1.75029,3.9130,1.0187,2.161,0.187
8.40,306,1.79359,3.9206,1.0634,2.063,0.156
8.40,308,1.83979,3.9288,1.1104,1.963,0.126
8.40,310,1.87871,3.9352,1.1487,1.882,0.104
8.40,312,1.92764,3.9430,1.1961,1.785,0.079
8.40,314,1.97328,3.9498,1.2394,1.697,0.058
8.40,316,2.02381,3.9570,1.2862,1.603,0.039
8.40,318,2.07208,3.9634,1.3300,1.517,0.023
8.40,320,2.11848,3.9697,1.3717,1.437,0.008
8.40,322,2.16707,3.9756,1.4142,1.354,-0.004
8.40,324,2.21979,3.9819,1.4597,1.267,-0.017
8.40,326,2.27360,3.9881,1.5056,1.179,-0.029
8.40,328,2.32787,3.9939,1.5509,1.092,-0.040
8.40,330,2.37736,3.9990,1.5918,1.013,-0.049
8.40,332,2.43145,4.0043,1.6357,0.928,-0.058
8.40,334,2.48970,4.0097,1.6825,0.836,-0.066
8.40,336,2.54413,4.0144,1.7256,0.750,-0.073
8.40,338,2.59580,4.0185,1.7661,0.668,-0.079
8.40,340,2.65369,4.0229,1.8112,0.576,-0.085
8.40,342,2.71269,4.0269,1.8568,0.481,-0.090
8.40,344,2.77219,4.0305,1.9025,0.384,-0.095
8.40,346,2.83161,4.0335,1.9469,0.287,-0.099
8.40,348,2.89112,4.0360,1.9916,0.187,-0.102
8.40,350,2.94867,4.0378,2.0356,0.086,-0.105
8.40,352,3.00430,4.0389,2.0785,-0.016,-0.106
8.40,353,3.03270,4.0392,2.0994,-0.068,-0.106
8.40,354,3.04682,4.0392,2.1098,-0.094,-0.106
8.40,356,3.07443,4.0391,2.1302,-0.146,-0.106
8.40,358,3.10112,4.0388,2.1503,-0.197,-0.106
8.40,360,3.12683,4.0382,2.1697,-0.249,-0.106
8.40,362,3.15149,4.0374,2.1885,-0.300,-0.105
8.40,364,3.17510,4.0364,2.2067,-0.351,-0.104
8.40,366,3.19759,4.0352,2.2242,-0.401,-0.102
8.40,368,3.22092,4.0337,2.2415,-0.451,-0.101
8.40,370,3.24320,4.0320,2.2580,-0.501,-0.099
8.40,372,3.26421,4.0301,2.2737,-0.549,-0.097
8.40,374,3.28396,4.0280,2.2885,-0.597,-0.095
8.40,376,3.30257,4.0257,2.3027,-0.643,-0.092
8.40,378,3.32018,4.0233,2.3161,-0.689,-0.089
8.40,380,3.33685,4.0207,2.3289,-0.733,-0.086
8.40,382,3.35266,4.0180,2.3412,-0.777,-0.083
8.40,384,3.36778,4.0151,2.3530,-0.820,-0.080
8.40,386,3.38226,4.0123,2.3644,-0.862,-0.077
8.40,388,3.39628,4.0094,2.3757,-0.904,-0.073
8.40,390,3.41078,4.0065,2.3871,-0.946,-0.070
8.40,392,3.42574,4.0037,2.3992,-0.988,-0.066
8.40,394,3.44197,4.0017,2.4138,-1.034,-0.064
8.40,396,3.45758,4.0029,2.4318,-1.074,-0.066
8.40,398,3.46485,4.0067,2.4442,-1.087,-0.071
8.40,400,3.46847,4.0109,2.4532,-1.091,-0.076
8.40,402,3.47067,4.0152,2.4609,-1.090,-0.081
8.40,404,3.47217,4.0195,2.4681,-1.088,-0.086
8.40,406,3.47323,4.0238,2.4751,-1.085,-0.091
8.40,408,3.47401,4.0280,2.4821,-1.083,-0.096
8.40,410,3.47459,4.0321,2.4893,-1.081,-0.100
8.40,412,3.47504,4.0362,2.4967,-1.080,-0.104
8.40,414,3.47538,4.0402,2.5045,-1.080,-0.109
8.40,416,3.47565,4.0440,2.5125,-1.082,-0.113
8.40,418,3.47587,4.0475,2.5206,-1.085,-0.116
8.40,420,3.47605,4.0508,2.5285,-1.088,-0.120
8.40,422,3.47619,4.0534,2.5348,-1.091,-0.122
8.40,424,3.47631,4.0547,2.5369,-1.090,-0.123
8.40,426,3.47640,4.0543,2.5333,-1.083,-0.123
8.40,428,3.47647,4.0528,2.5256,-1.071,-0.121
8.40,430,3.47654,4.0502,2.5150,-1.057,-0.119
8.40,432,3.47660,4.0472,2.5044,-1.046,-0.116
8.40,434,3.47667,4.0436,2.4954,-1.040,-0.112
8.40,436,3.47675,4.0397,2.4903,-1.047,-0.108
8.40,438,3.47684,4.0356,2.4912,-1.069,-0.104
8.40,440,3.47694,4.0317,2.4973,-1.103,-0.100
8.40,442,3.47705,4.0281,2.5057,-1.142,-0.096
8.40,444,3.47718,4.0244,2.5143,-1.181,-0.092
8.40,446,3.47732,4.0207,2.5217,-1.217,-0.088
8.40,448,3.47748,4.0167,2.5276,-1.250,-0.083
8.40,450,3.47766,4.0127,2.5323,-1.281,-0.078
8.40,452,3.47786,4.0086,2.5361,-1.309,-0.073
8.40,454,3.47808,4.0045,2.5391,-1.336,-0.068
8.40,455,3.47825,4.0014,2.5410,-1.354,-0.064
8.40,456,3.47844,3.9983,2.5425,-1.372,-0.060
8.40,457,3.47863,3.9952,2.5437,-1.389,-0.056
8.40,458,3.47883,3.9920,2.5447,-1.406,-0.051
8.40,459,3.47904,3.9889,2.5455,-1.421,-0.047
8.40,460,3.47925,3.9857,2.5460,-1.437,-0.042
8.40,461,3.47946,3.9825,2.5464,-1.452,-0.037
8.40,462,3.47968,3.9793,2.5466,-1.466,-0.032
8.40,463,3.47990,3.9761,2.5467,-1.480,-0.027
8.40,464,3.48012,3.9729,2.5467,-1.493,-0.022
8.40,465,3.48033,3.9697,2.5465,-1.506,-0.016
8.40,466,3.48055,3.9664,2.5462,-1.518,-0.011
8.40,467,3.48076,3.9632,2.5458,-1.530,-0.005
8.40,468,3.48097,3.9599,2.5452,-1.542,0.001
8.40,469,3.48118,3.9567,2.5446,-1.553,0.008
8.40,470,3.48138,3.9534,2.5438,-1.563,0.014
8.40,471,3.48158,3.9501,2.5430,-1.573,0.021
8.40,472,3.48177,3.9468,2.5421,-1.583,0.028
8.40,473,3.48196,3.9435,2.5411,-1.591,0.036
8.40,474,3.48214,3.9401,2.5399,-1.600,0.044
8.40,475,3.48231,3.9368,2.5387,-1.607,0.052
8.40,476,3.48249,3.9335,2.5374,-1.614,0.061
8.40,477,3.48265,3.9301,2.5361,-1.620,0.070
8.40,478,3.48281,3.9268,2.5346,-1.626,0.079
8.40,479,3.48296,3.9234,2.5331,-1.631,0.089
8.40,480,3.48311,3.9201,2.5315,-1.635,0.099
8.40,481,3.48326,3.9167,2.5298,-1.639,0.109
8.40,482,3.48340,3.9134,2.5280,-1.642,0.120
8.40,483,3.48354,3.9100,2.5262,-1.644,0.131
8.40,484,3.48367,3.9066,2.5243,-1.646,0.142
8.40,485,3.48379,3.9032,2.5224,-1.648,0.154
8.40,486,3.48392,3.8998,2.5204,-1.648,0.167
8.40,487,3.48403,3.8965,2.5183,-1.649,0.180
8.40,488,3.48415,3.8931,2.5161,-1.648,0.192
8.40,489,3.48426,3.8897,2.5139,-1.647,0.205
8.40,490,3.48437,3.8863,2.5116,-1.646,0.218
8.40,491,3.48447,3.8829,2.5093,-1.644,0.233
8.40,492,3.48457,3.8795,2.5069,-1.642,0.249
8.40,493,3.48467,3.8761,2.5044,-1.639,0.264
8.40,494,3.48477,3.8727,2.5019,-1.636,0.279
8.40,495,3.48486,3.8693,2.4994,-1.632,0.295
8.40,496,3.48495,3.8659,2.4967,-1.628,0.310
8.40,497,3.48503,3.8625,2.4941,-1.623,0.326
8.40,498,3.48512,3.8591,2.4914,-1.619,0.341
8.40,499,3.48520,3.8557,2.4886,-1.614,0.356
8.40,500,3.48528,3.8522,2.4858,-1.608,0.372
8.40,501,3.48535,3.8488,2.4830,-1.602,0.387
8.40,502,3.48543,3.8454,2.4801,-1.596,0.402
8.40,503,3.48550,3.8420,2.4771,-1.590,0.418
8.40,504,3.48557,3.8386,2.4742,-1.583,0.433
8.40,505,3.48564,3.8352,2.4711,-1.576,0.448
8.40,506,3.48570,3.8318,2.4681,-1.569,0.463
8.40,507,3.48577,3.8284,2.4650,-1.561,0.478
8.40,508,3.48583,3.8250,2.4619,-1.554,0.494
8.40,509,3.48589,3.8216,2.4587,-1.545,0.509
8.40,510,3.48595,3.8182,2.4555,-1.537,0.524
8.40,511,3.48601,3.8148,2.4522,-1.528,0.539
8.40,512,3.48607,3.8114,2.4489,-1.519,0.554
8.40,513,3.48613,3.8080,2.4456,-1.510,0.570
8.40,514,3.48618,3.8046,2.4422,-1.500,0.585
8.40,515,3.48623,3.8012,2.4388,-1.490,0.600
8.40,516,3.48629,3.7978,2.4353,-1.480,0.616
8.40,517,3.48634,3.7944,2.4318,-1.470,0.631
8.40,518,3.48639,3.7910,2.4283,-1.459,0.646
8.40,519,3.48644,3.7876,2.4247,-1.449,0.661
8.40,520,3.48648,3.7842,2.4211,-1.438,0.676
8.40,521,3.48653,3.7808,2.4173,-1.427,0.691
8.40,522,3.48658,3.7775,2.4135,-1.415,0.706
8.40,523,3.48662,3.7741,2.4096,-1.403,0.722
8.40,524,3.48667,3.7707,2.4055,-1.390,0.737
8.40,525,3.48672,3.7674,2.4013,-1.377,0.752
8.40,526,3.48677,3.7641,2.3969,-1.363,0.767
8.40,527,3.48681,3.7607,2.3924,-1.348,0.782
8.40,528,3.48686,3.7575,2.3876,-1.333,0.797
8.40,529,3.48691,3.7542,2.3824,-1.317,0.812
8.40,530,3.48697,3.7510,2.3767,-1.299,0.826
8.40,531,3.48702,3.7479,2.3704,-1.279,0.840
8.40,532,3.48708,3.7449,2.3636,-1.258,0.854
8.40,533,3.48714,3.7420,2.3563,-1.236,0.868
8.40,534,3.48721,3.7391,2.3486,-1.212,0.881
8.40,535,3.48727,3.7364,2.3404,-1.187,0.893
8.40,536,3.48733,3.7337,2.3315,-1.161,0.906
8.40,537,3.48740,3.7312,2.3220,-1.133,0.918
8.40,538,3.48747,3.7288,2.3122,-1.105,0.929
8.40,539,3.48754,3.7264,2.3021,-1.075,0.940
8.40,540,3.48760,3.7241,2.2917,-1.045,0.950
8.40,541,3.48767,3.7219,2.2812,-1.014,0.960
8.40,542,3.48774,3.7197,2.2705,-0.983,0.970
8.40,543,3.48781,3.7175,2.2597,-0.952,0.979
8.40,544,3.48788,3.7153,2.2491,-0.921,0.989
8.40,545,3.48795,3.7131,2.2386,-0.889,0.999
8.40,546,3.48803,3.7107,2.2285,-0.859,1.009
8.40,547,3.48811,3.7082,2.2193,-0.831,1.021
8.40,548,3.48821,3.7055,2.2119,-0.806,1.033
8.40,549,3.48830,3.7026,2.2075,-0.787,1.047
8.40,550,3.48840,3.6996,2.2066,-0.778,1.061
8.40,551,3.48850,3.6968,2.2085,-0.775,1.075
8.40,552,3.48859,3.6940,2.2133,-0.779,1.089
8.40,553,3.48867,3.6914,2.2210,-0.791,1.101
8.40,554,3.48875,3.6891,2.2309,-0.809,1.112
8.40,555,3.48882,3.6870,2.2418,-0.830,1.121
8.40,556,3.48889,3.6851,2.2534,-0.854,1.130
8.40,557,3.48896,3.6834,2.2654,-0.878,1.138
8.40,558,3.48902,3.6817,2.2777,-0.904,1.146
8.40,559,3.48909,3.6802,2.2901,-0.930,1.154
8.40,560,3.48916,3.6787,2.3026,-0.956,1.161
8.40,561,3.48923,3.6772,2.3152,-0.983,1.168
8.40,562,3.48931,3.6758,2.3278,-1.010,1.175
8.40,563,3.48940,3.6744,2.3405,-1.037,1.182
8.40,564,3.48949,3.6730,2.3531,-1.063,1.189
8.40,565,3.48958,3.6717,2.3657,-1.090,1.196
8.40,566,3.48968,3.6704,2.3783,-1.117,1.202
8.40,567,3.48979,3.6691,2.3909,-1.144,1.209
8.40,568,3.48991,3.6678,2.4034,-1.171,1.215
8.40,569,3.49003,3.6666,2.4159,-1.197,1.221
8.40,570,3.49015,3.6653,2.4285,-1.224,1.228
8.40,571,3.49028,3.6641,2.4410,-1.251,1.234
8.40,572,3.49040,3.6629,2.4535,-1.277,1.240
8.40,573,3.49053,3.6617,2.4660,-1.304,1.246
8.40,574,3.49066,3.6605,2.4786,-1.331,1.252
8.40,575,3.49080,3.6594,2.4911,-1.358,1.258
8.40,576,3.49093,3.6582,2.5037,-1.384,1.264
8.40,577,3.49106,3.6571,2.5162,-1.411,1.270
8.40,578,3.49120,3.6559,2.5288,-1.438,1.276
8.40,579,3.49133,3.6548,2.5414,-1.464,1.282
8.40,580,3.49147,3.6537,2.5540,-1.491,1.289
8.40,581,3.49160,3.6525,2.5666,-1.518,1.295
8.40,582,3.49173,3.6514,2.5792,-1.544,1.301
8.40,583,3.49187,3.6502,2.5918,-1.571,1.307
8.40,584,3.49200,3.6491,2.6045,-1.598,1.314
8.40,585,3.49214,3.6480,2.6172,-1.625,1.320
8.40,586,3.49227,3.6469,2.6298,-1.651,1.326
8.40,587,3.49241,3.6459,2.6426,-1.678,1.332
8.40,588,3.49254,3.6447,2.6552,-1.705,1.338
8.40,589,3.49268,3.6437,2.6680,-1.732,1.344
8.40,590,3.49281,3.6426,2.6807,-1.759,1.350
8.40,591,3.49295,3.6416,2.6936,-1.786,1.356
8.40,592,3.49308,3.6405,2.7063,-1.813,1.363
8.40,593,3.49321,3.6394,2.7192,-1.840,1.369
8.40,594,3.49335,3.6383,2.7320,-1.867,1.375
8.40,595,3.49348,3.6373,2.7448,-1.894,1.381
8.40,596,3.49361,3.6362,2.7576,-1.920,1.387
8.40,597,3.49375,3.6351,2.7704,-1.947,1.394
8.40,598,3.49388,3.6340,2.7832,-1.973,1.400
8.40,599,3.49402,3.6329,2.7961,-2.000,1.407
8.40,600,3.49415,3.6318,2.8090,-2.026,1.414
8.40,601,3.49429,3.6307,2.8219,-2.053,1.420
8.40,602,3.49443,3.6296,2.8350,-2.080,1.427
8.40,603,3.49457,3.6284,2.8479,-2.106,1.434
8.40,604,3.49474,3.6274,2.8599,-2.130,1.441
8.40,605,3.49494,3.6270,2.8648,-2.140,1.443
8.40,606,3.49497,3.6270,2.8646,-2.140,1.443
8.40,607,3.49500,3.6270,2.8645,-2.139,1.443
8.40,608,3.49503,3.6270,2.8641,-2.139,1.443
8.40,609,3.49506,3.6271,2.8637,-2.138,1.443
8.40,610,3.49510,3.6271,2.8632,-2.137,1.442
8.40,611,3.49513,3.6272,2.8626,-2.136,1.442
8.40,612,3.49517,3.6273,2.8620,-2.135,1.442
8.40,613,3.49521,3.6273,2.8613,-2.133,1.441
8.40,614,3.49525,3.6274,2.8606,-2.132,1.441
8.40,615,3.49530,3.6275,2.8598,-2.130,1.441
8.40,616,3.49535,3.6275,2.8591,-2.129,1.440
8.40,617,3.49540,3.6276,2.8583,-2.127,1.440
8.40,618,3.49546,3.6277,2.8574,-2.125,1.439
8.40,619,3.49553,3.6278,2.8565,-2.124,1.439
8.40,620,3.49560,3.6279,2.8556,-2.122,1.438
8.40,621,3.49568,3.6280,2.8546,-2.120,1.437
8.40,622,3.49577,3.6281,2.8534,-2.118,1.437
8.40,623,3.49586,3.6282,2.8522,-2.115,1.436
8.40,624,3.49596,3.6283,2.8508,-2.112,1.435
8.40,625,3.49606,3.6285,2.8493,-2.109,1.434
8.40,626,3.49617,3.6286,2.8477,-2.106,1.433
8.40,627,3.49628,3.6288,2.8461,-2.103,1.432
8.40,628,3.49639,3.6289,2.8444,-2.100,1.431
8.40,629,3.49652,3.6291,2.8427,-2.096,1.430
8.40,630,3.49666,3.6293,2.8410,-2.093,1.429
8.40,631,3.49680,3.6294,2.8392,-2.089,1.428
8.40,632,3.49803,3.6306,2.8279,-2.067,1.421
8.40,633,3.49940,3.6316,2.8169,-2.045,1.415
8.40,634,3.50062,3.6327,2.8056,-2.023,1.408
8.40,635,3.50173,3.6338,2.7940,-2.000,1.402
8.40,636,3.50275,3.6350,2.7824,-1.976,1.395
8.40,637,3.50369,3.6361,2.7705,-1.952,1.388
8.40,638,3.50457,3.6372,2.7587,-1.928,1.382
8.40,639,3.50542,3.6383,2.7467,-1.903,1.375
8.40,640,3.50623,3.6394,2.7348,-1.879,1.369
8.40,641,3.50701,3.6405,2.7228,-1.854,1.362
8.40,642,3.50777,3.6416,2.7107,-1.829,1.356
8.40,643,3.50850,3.6427,2.6987,-1.804,1.350
8.40,644,3.50922,3.6438,2.6866,-1.779,1.344
8.40,645,3.50991,3.6450,2.6746,-1.754,1.337
8.40,646,3.51059,3.6460,2.6625,-1.729,1.331
8.40,647,3.51127,3.6472,2.6504,-1.704,1.325
8.40,648,3.51193,3.6483,2.6383,-1.679,1.319
8.40,649,3.51259,3.6494,2.6262,-1.653,1.312
8.40,650,3.51325,3.6505,2.6141,-1.628,1.306
8.40,651,3.51392,3.6516,2.6020,-1.602,1.300
8.40,652,3.51459,3.6527,2.5899,-1.577,1.294
8.40,653,3.51526,3.6538,2.5778,-1.551,1.288
8.40,654,3.51595,3.6549,2.5657,-1.526,1.282
8.40,655,3.51664,3.6560,2.5536,-1.500,1.276
8.40,656,3.51736,3.6571,2.5415,-1.474,1.270
8.40,657,3.51810,3.6582,2.5295,-1.449,1.264
8.40,658,3.51886,3.6593,2.5175,-1.423,1.259
8.40,659,3.51966,3.6605,2.5055,-1.398,1.253
8.40,660,3.52049,3.6616,2.4935,-1.372,1.247
8.40,661,3.52136,3.6628,2.4817,-1.348,1.241
8.40,662,3.52228,3.6639,2.4698,-1.322,1.235
8.40,663,3.52326,3.6651,2.4581,-1.297,1.229
8.40,664,3.52433,3.6663,2.4464,-1.273,1.223
8.40,665,3.52548,3.6676,2.4348,-1.248,1.217
8.40,666,3.52673,3.6689,2.4234,-1.224,1.210
8.40,667,3.52813,3.6702,2.4120,-1.201,1.204
8.40,668,3.52971,3.6715,2.4009,-1.178,1.197
8.40,669,3.53150,3.6730,2.3902,-1.156,1.190
8.40,670,3.53361,3.6746,2.3799,-1.136,1.182
8.40,671,3.53629,3.6763,2.3702,-1.118,1.173
8.40,672,3.53971,3.6784,2.3621,-1.104,1.163
8.40,673,3.54488,3.6808,2.3575,-1.101,1.152
8.40,674,3.55253,3.6837,2.3611,-1.119,1.138
8.40,675,3.56094,3.6860,2.3726,-1.155,1.128
8.40,676,3.57033,3.6876,2.3882,-1.199,1.121
8.40,677,3.58007,3.6886,2.4054,-1.245,1.116
8.40,678,3.59107,3.6889,2.4231,-1.290,1.115
8.40,679,3.59928,3.6898,2.4397,-1.334,1.111
8.40,680,3.61451,3.6890,2.4587,-1.380,1.115
8.40,681,3.62364,3.6900,2.4778,-1.431,1.111
8.40,682,3.63732,3.6894,2.4948,-1.471,1.114
8.40,683,3.65084,3.6887,2.5127,-1.514,1.117
8.40,684,3.66601,3.6871,2.5282,-1.548,1.125
8.40,685,3.67782,3.6856,2.5402,-1.574,1.131
8.40,686,3.68839,3.6832,2.5444,-1.577,1.143
8.40,687,3.69284,3.6822,2.5495,-1.586,1.147
8.40,688,3.69945,3.6808,2.5538,-1.592,1.154
8.40,689,3.70571,3.6779,2.5552,-1.587,1.167
8.40,690,3.70958,3.6760,2.5575,-1.586,1.177
8.40,691,3.71223,3.6758,2.5614,-1.595,1.178
8.40,692,3.71423,3.6755,2.5648,-1.602,1.179
8.40,693,3.71584,3.6767,2.5646,-1.606,1.173
8.40,694,3.71837,3.6756,2.5610,-1.593,1.179
8.40,695,3.72064,3.6731,2.5622,-1.587,1.191
8.40,696,3.72263,3.6707,2.5671,-1.591,1.202
8.40,697,3.72410,3.6687,2.5737,-1.600,1.213
8.40,698,3.72517,3.6668,2.5816,-1.613,1.222
8.40,699,3.72592,3.6650,2.5902,-1.628,1.231
8.40,700,3.72645,3.6634,2.5994,-1.645,1.239
8.40,701,3.72682,3.6619,2.6089,-1.663,1.246
8.40,702,3.72708,3.6605,2.6186,-1.681,1.254
8.40,703,3.72726,3.6592,2.6282,-1.700,1.261
8.40,704,3.72739,3.6579,2.6378,-1.719,1.267
8.40,705,3.72749,3.6567,2.6473,-1.737,1.273
8.40,706,3.72756,3.6556,2.6565,-1.756,1.280
8.40,707,3.72762,3.6545,2.6656,-1.774,1.285
8.45,202,0.31619,3.5374,-1.9309,10.366,2.262
8.45,204,0.31773,3.5378,-1.9273,10.354,2.258
8.45,206,0.31929,3.5381,-1.9233,10.342,2.254
8.45,208,0.32427,3.5394,-1.9099,10.299,2.241
8.45,210,0.34324,3.5438,-1.8563,10.133,2.193
8.45,212,0.36123,3.5478,-1.8065,9.981,2.151
8.45,214,0.38717,3.5531,-1.7353,9.766,2.097
8.45,216,0.45625,3.5667,-1.5444,9.200,1.964
8.45,218,0.49760,3.5758,-1.4276,8.854,1.882
8.45,220,0.54154,3.5874,-1.3006,8.473,1.785
8.45,222,0.57477,3.5974,-1.2037,8.178,1.706
8.45,224,0.60257,3.6064,-1.1222,7.928,1.637
8.45,226,0.61932,3.6135,-1.0729,7.769,1.583
8.45,228,0.63558,3.6203,-1.0250,7.615,1.533
8.45,230,0.65210,3.6272,-0.9764,7.460,1.484
8.45,232,0.66842,3.6341,-0.9284,7.306,1.436
8.45,234,0.68480,3.6409,-0.8802,7.153,1.389
8.45,236,0.70158,3.6479,-0.8313,6.999,1.343
8.45,238,0.72474,3.6573,-0.7724,6.812,1.286
8.45,240,0.74759,3.6665,-0.7141,6.630,1.232
8.45,242,0.77010,3.6756,-0.6566,6.454,1.182
8.45,244,0.79215,3.6846,-0.6003,6.284,1.135
8.45,246,0.81421,3.6936,-0.5438,6.117,1.090
8.45,248,0.83525,3.7022,-0.4898,5.959,1.047
8.45,250,0.85705,3.7111,-0.4339,5.799,1.005
8.45,252,0.87717,3.7194,-0.3821,5.653,0.970
8.45,254,0.89855,3.7282,-0.3271,5.500,0.932
8.45,256,0.91925,3.7346,-0.2809,5.374,0.904
8.45,258,0.94009,3.7409,-0.2349,5.251,0.877
8.45,260,0.96087,3.7471,-0.1890,5.129,0.850
8.45,262,0.98032,3.7530,-0.1461,5.016,0.825
8.45,264,1.00787,3.7602,-0.0884,4.867,0.795
8.45,266,1.02647,3.7649,-0.0502,4.768,0.776
8.45,268,1.04145,3.7686,-0.0198,4.690,0.760
8.45,270,1.05982,3.7729,0.0170,4.596,0.743
8.45,272,1.08184,3.7779,0.0600,4.487,0.722
8.45,274,1.10498,3.7831,0.1050,4.373,0.701
8.45,276,1.12881,3.7882,0.1501,4.259,0.680
8.45,278,1.14920,3.7925,0.1880,4.164,0.663
8.45,280,1.17531,3.7979,0.2355,4.045,0.642
8.45,282,1.22052,3.8070,0.3152,3.847,0.605
8.45,284,1.25219,3.8133,0.3690,3.713,0.580
8.45,286,1.29255,3.8211,0.4351,3.550,0.549
8.45,288,1.32588,3.8276,0.4876,3.420,0.524
8.45,290,1.35577,3.8334,0.5332,3.308,0.501
8.45,292,1.38613,3.8393,0.5780,3.198,0.478
8.45,294,1.42330,3.8467,0.6308,3.069,0.450
8.45,296,1.45112,3.8524,0.6692,2.976,0.427
8.45,298,1.48655,3.8601,0.7163,2.863,0.397
8.45,300,1.59192,3.8830,0.8468,2.555,0.307
8.45,302,1.63230,3.8911,0.8936,2.446,0.275
8.45,304,1.67034,3.8983,0.9363,2.346,0.245
8.45,306,1.70908,3.9050,0.9784,2.249,0.218
8.45,308,1.75218,3.9125,1.0243,2.146,0.188
8.45,310,1.79553,3.9199,1.0693,2.047,0.158
8.45,312,1.84159,3.9279,1.1163,1.946,0.129
8.45,314,1.88081,3.9342,1.1552,1.864,0.106
8.45,316,1.92945,3.9417,1.2027,1.764,0.082
8.45,318,1.97470,3.9484,1.2461,1.675,0.062
8.45,320,2.02508,3.9553,1.2932,1.580,0.043
8.45,322,2.07346,3.9616,1.3376,1.491,0.027
8.45,324,2.11899,3.9676,1.3791,1.410,0.012
8.45,326,2.16725,3.9733,1.4219,1.326,-0.000
8.45,328,2.22013,3.9794,1.4683,1.235,-0.013
8.45,330,2.27336,3.9853,1.5144,1.145,-0.025
8.45,332,2.32720,3.9908,1.5602,1.055,-0.035
8.45,334,2.37626,3.9956,1.6015,0.973,-0.044
8.45,336,2.43006,4.0005,1.6462,0.884,-0.052
8.45,338,2.48661,4.0053,1.6927,0.789,-0.060
8.45,340,2.54008,4.0095,1.7362,0.700,-0.067
8.45,342,2.59174,4.0131,1.7779,0.612,-0.072
8.45,344,2.64811,4.0166,1.8230,0.516,-0.078
8.45,346,2.70630,4.0198,1.8694,0.415,-0.082
8.45,348,2.76309,4.0223,1.9148,0.313,-0.086
8.45,350,2.81634,4.0239,1.9565,0.216,-0.088
8.45,352,2.87201,4.0250,1.9994,0.114,-0.090
8.45,353,2.89890,4.0253,2.0206,0.062,-0.090
8.45,354,2.91231,4.0254,2.0312,0.036,-0.090
8.45,356,2.93857,4.0253,2.0520,-0.016,-0.090
8.45,358,2.96397,4.0251,2.0724,-0.069,-0.090
8.45,360,2.98845,4.0246,2.0923,-0.121,-0.090
8.45,362,3.01267,4.0238,2.1113,-0.173,-0.089
8.45,364,3.03653,4.0228,2.1295,-0.223,-0.088
8.45,366,3.05925,4.0215,2.1470,-0.273,-0.086
8.45,368,3.08081,4.0199,2.1637,-0.323,-0.085
8.45,370,3.10122,4.0182,2.1797,-0.371,-0.083
8.45,372,3.12051,4.0162,2.1949,-0.418,-0.080
8.45,374,3.13868,4.0140,2.2093,-0.465,-0.078
8.45,376,3.15583,4.0116,2.2230,-0.510,-0.075
8.45,378,3.17206,4.0091,2.2360,-0.555,-0.072
8.45,380,3.18746,4.0065,2.2485,-0.598,-0.068
8.45,382,3.20231,4.0037,2.2604,-0.641,-0.065
8.45,384,3.21767,4.0009,2.2721,-0.683,-0.061
8.45,386,3.23242,3.9979,2.2835,-0.725,-0.057
8.45,388,3.24670,3.9950,2.2948,-0.766,-0.053
8.45,390,3.26075,3.9921,2.3062,-0.808,-0.050
8.45,392,3.27504,3.9894,2.3184,-0.851,-0.046
8.45,394,3.29062,3.9874,2.3333,-0.897,-0.043
8.45,396,3.30515,3.9889,2.3515,-0.936,-0.046
8.45,398,3.31173,3.9928,2.3638,-0.949,-0.051
8.45,400,3.31506,3.9971,2.3729,-0.953,-0.057
8.45,402,3.31710,4.0014,2.3808,-0.953,-0.063
8.45,404,3.31847,4.0057,2.3881,-0.952,-0.069
8.45,406,3.31946,4.0100,2.3953,-0.950,-0.075
8.45,408,3.32018,4.0143,2.4026,-0.948,-0.080
8.45,410,3.32071,4.0185,2.4099,-0.947,-0.085
8.45,412,3.32113,4.0226,2.4176,-0.947,-0.089
8.45,414,3.32145,4.0266,2.4256,-0.948,-0.094
8.45,416,3.32170,4.0304,2.4338,-0.950,-0.098
8.45,418,3.32190,4.0341,2.4422,-0.954,-0.102
8.45,420,3.32207,4.0373,2.4502,-0.958,-0.105
8.45,422,3.32220,4.0399,2.4564,-0.961,-0.108
8.45,424,3.32231,4.0411,2.4581,-0.959,-0.109
8.45,426,3.32239,4.0406,2.4539,-0.951,-0.109
8.45,428,3.32246,4.0389,2.4455,-0.939,-0.107
8.45,430,3.32253,4.0363,2.4346,-0.924,-0.104
8.45,432,3.32259,4.0331,2.4239,-0.913,-0.101
8.45,434,3.32266,4.0294,2.4152,-0.908,-0.097
8.45,436,3.32273,4.0254,2.4111,-0.917,-0.092
8.45,438,3.32282,4.0213,2.4133,-0.942,-0.088
8.45,440,3.32293,4.0174,2.4203,-0.978,-0.084
8.45,442,3.32304,4.0138,2.4291,-1.017,-0.079
8.45,444,3.32317,4.0101,2.4375,-1.055,-0.075
8.45,446,3.32332,4.0062,2.4444,-1.090,-0.070
8.45,448,3.32348,4.0022,2.4499,-1.123,-0.065
8.45,450,3.32367,3.9981,2.4542,-1.152,-0.060
8.45,452,3.32388,3.9940,2.4576,-1.179,-0.054
8.45,454,3.32411,3.9898,2.4602,-1.204,-0.048
8.45,455,3.32428,3.9867,2.4618,-1.221,-0.043
8.45,456,3.32447,3.9837,2.4630,-1.238,-0.039
8.45,457,3.32466,3.9806,2.4640,-1.254,-0.034
8.45,458,3.32486,3.9775,2.4648,-1.269,-0.029
8.45,459,3.32507,3.9744,2.4654,-1.283,-0.024
8.45,460,3.32528,3.9713,2.4658,-1.297,-0.018
8.45,461,3.32549,3.9682,2.4660,-1.311,-0.013
8.45,462,3.32571,3.9651,2.4661,-1.323,-0.007
8.45,463,3.32592,3.9619,2.4661,-1.336,-0.001
8.45,464,3.32614,3.9588,2.4658,-1.348,0.005
8.45,465,3.32635,3.9556,2.4655,-1.359,0.011
8.45,466,3.32656,3.9524,2.4651,-1.370,0.018
8.45,467,3.32677,3.9492,2.4645,-1.380,0.025
8.45,468,3.32697,3.9460,2.4639,-1.389,0.032
8.45,469,3.32717,3.9428,2.4631,-1.398,0.039
8.45,470,3.32736,3.9396,2.4623,-1.407,0.047
8.45,471,3.32755,3.9364,2.4613,-1.414,0.055
8.45,472,3.32773,3.9331,2.4603,-1.422,0.064
8.45,473,3.32791,3.9299,2.4591,-1.428,0.072
8.45,474,3.32808,3.9266,2.4579,-1.434,0.082
8.45,475,3.32825,3.9234,2.4566,-1.439,0.091
8.45,476,3.32841,3.9201,2.4552,-1.444,0.101
8.45,477,3.32857,3.9168,2.4537,-1.447,0.111
8.45,478,3.32872,3.9135,2.4522,-1.451,0.122
8.45,479,3.32887,3.9102,2.4506,-1.454,0.132
8.45,480,3.32901,3.9069,2.4489,-1.456,0.144
8.45,481,3.32914,3.9036,2.4471,-1.457,0.155
8.45,482,3.32928,3.9003,2.4452,-1.458,0.168
8.45,483,3.32940,3.8970,2.4433,-1.459,0.180
8.45,484,3.32953,3.8937,2.4414,-1.459,0.193
8.45,485,3.32965,3.8904,2.4393,-1.459,0.205
8.45,486,3.32976,3.8871,2.4372,-1.458,0.218
8.45,487,3.32987,3.8838,2.4350,-1.456,0.232
8.45,488,3.32998,3.8804,2.4328,-1.454,0.247
8.45,489,3.33009,3.8771,2.4305,-1.452,0.263
8.45,490,3.33019,3.8738,2.4281,-1.449,0.278
8.45,491,3.33029,3.8704,2.4257,-1.446,0.293
8.45,492,3.33038,3.8671,2.4233,-1.442,0.308
8.45,493,3.33047,3.8638,2.4208,-1.438,0.323
8.45,494,3.33056,3.8604,2.4182,-1.434,0.338
8.45,495,3.33065,3.8571,2.4156,-1.429,0.353
8.45,496,3.33073,3.8538,2.4129,-1.424,0.367
8.45,497,3.33081,3.8504,2.4102,-1.418,0.382
8.45,498,3.33089,3.8471,2.4074,-1.413,0.397
8.45,499,3.33097,3.8438,2.4046,-1.407,0.412
8.45,500,3.33105,3.8404,2.4018,-1.400,0.427
8.45,501,3.33112,3.8371,2.3989,-1.394,0.442
8.45,502,3.33119,3.8338,2.3959,-1.387,0.456
8.45,503,3.33126,3.8304,2.3930,-1.380,0.471
8.45,504,3.33133,3.8271,2.3900,-1.372,0.486
8.45,505,3.33139,3.8237,2.3869,-1.365,0.501
8.45,506,3.33145,3.8204,2.3838,-1.357,0.515
8.45,507,3.33152,3.8171,2.3807,-1.349,0.530
8.45,508,3.33158,3.8137,2.3775,-1.340,0.545
8.45,509,3.33164,3.8104,2.3742,-1.331,0.560
8.45,510,3.33169,3.8071,2.3710,-1.322,0.575
8.45,511,3.33175,3.8037,2.3676,-1.312,0.590
8.45,512,3.33181,3.8004,2.3643,-1.303,0.605
8.45,513,3.33186,3.7971,2.3608,-1.293,0.620
8.45,514,3.33191,3.7938,2.3574,-1.282,0.635
8.45,515,3.33196,3.7904,2.3538,-1.272,0.649
8.45,516,3.33202,3.7871,2.3502,-1.262,0.664
8.45,517,3.33207,3.7838,2.3465,-1.251,0.679
8.45,518,3.33212,3.7805,2.3428,-1.240,0.693
8.45,519,3.33217,3.7772,2.3389,-1.228,0.708
8.45,520,3.33222,3.7739,2.3348,-1.215,0.723
8.45,521,3.33226,3.7706,2.3307,-1.202,0.737
8.45,522,3.33231,3.7674,2.3263,-1.189,0.752
8.45,523,3.33237,3.7642,2.3217,-1.174,0.767
8.45,524,3.33242,3.7610,2.3168,-1.159,0.781
8.45,525,3.33247,3.7578,2.3114,-1.142,0.795
8.45,526,3.33253,3.7548,2.3057,-1.125,0.809
8.45,527,3.33259,3.7517,2.2996,-1.106,0.823
8.45,528,3.33265,3.7488,2.2932,-1.086,0.837
8.45,529,3.33271,3.7459,2.2863,-1.065,0.850
8.45,530,3.33277,3.7430,2.2788,-1.043,0.863
8.45,531,3.33283,3.7404,2.2706,-1.019,0.875
8.45,532,3.33290,3.7378,2.2618,-0.993,0.887
8.45,533,3.33297,3.7353,2.2526,-0.966,0.898
8.45,534,3.33304,3.7329,2.2430,-0.938,0.909
8.45,535,3.33310,3.7306,2.2331,-0.909,0.920
8.45,536,3.33317,3.7283,2.2230,-0.880,0.931
8.45,537,3.33324,3.7262,2.2126,-0.850,0.941
8.45,538,3.33331,3.7240,2.2021,-0.820,0.950
8.45,539,3.33338,3.7219,2.1914,-0.790,0.960
8.45,540,3.33345,3.7198,2.1808,-0.759,0.969
8.45,541,3.33352,3.7177,2.1702,-0.728,0.978
8.45,542,3.33359,3.7155,2.1599,-0.698,0.988
8.45,543,3.33367,3.7132,2.1502,-0.669,0.998
8.45,544,3.33376,3.7108,2.1416,-0.642,1.008
8.45,545,3.33384,3.7082,2.1348,-0.619,1.020
8.45,546,3.33394,3.7056,2.1302,-0.601,1.032
8.45,547,3.33403,3.7030,2.1277,-0.589,1.045
8.45,548,3.33413,3.7002,2.1276,-0.581,1.058
8.45,549,3.33422,3.6973,2.1310,-0.582,1.072
8.45,550,3.33432,3.6947,2.1381,-0.593,1.085
8.45,551,3.33440,3.6924,2.1475,-0.610,1.096
8.45,552,3.33448,3.6903,2.1582,-0.631,1.105
8.45,553,3.33455,3.6884,2.1695,-0.654,1.114
8.45,554,3.33462,3.6867,2.1812,-0.678,1.122
8.45,555,3.33469,3.6851,2.1931,-0.703,1.130
8.45,556,3.33476,3.6835,2.2053,-0.728,1.137
8.45,557,3.33483,3.6821,2.2176,-0.754,1.144
8.45,558,3.33491,3.6807,2.2299,-0.781,1.151
8.45,559,3.33499,3.6793,2.2422,-0.807,1.158
8.45,560,3.33508,3.6779,2.2546,-0.834,1.164
8.45,561,3.33517,3.6766,2.2670,-0.860,1.171
8.45,562,3.33527,3.6753,2.2794,-0.887,1.177
8.45,563,3.33537,3.6741,2.2918,-0.914,1.184
8.45,564,3.33548,3.6728,2.3041,-0.940,1.190
8.45,565,3.33559,3.6716,2.3164,-0.967,1.196
8.45,566,3.33571,3.6704,2.3287,-0.993,1.202
8.45,567,3.33582,3.6692,2.3410,-1.020,1.208
8.45,568,3.33595,3.6680,2.3534,-1.046,1.214
8.45,569,3.33607,3.6668,2.3657,-1.073,1.220
8.45,570,3.33619,3.6657,2.3780,-1.099,1.226
8.45,571,3.33632,3.6646,2.3904,-1.126,1.231
8.45,572,3.33644,3.6634,2.4027,-1.152,1.237
8.45,573,3.33657,3.6623,2.4151,-1.179,1.243
8.45,574,3.33670,3.6612,2.4275,-1.205,1.249
8.45,575,3.33683,3.6601,2.4398,-1.232,1.254
8.45,576,3.33696,3.6590,2.4522,-1.259,1.260
8.45,577,3.33709,3.6579,2.4646,-1.285,1.266
8.45,578,3.33722,3.6568,2.4770,-1.312,1.272
8.45,579,3.33735,3.6557,2.4895,-1.338,1.278
8.45,580,3.33748,3.6546,2.5019,-1.365,1.283
8.45,581,3.33760,3.6535,2.5144,-1.391,1.289
8.45,582,3.33773,3.6524,2.5269,-1.418,1.295
8.45,583,3.33786,3.6513,2.5393,-1.444,1.301
8.45,584,3.33799,3.6503,2.5519,-1.471,1.307
8.45,585,3.33812,3.6492,2.5644,-1.498,1.313
8.45,586,3.33825,3.6482,2.5769,-1.525,1.318
8.45,587,3.33837,3.6472,2.5895,-1.552,1.324
8.45,588,3.33850,3.6461,2.6021,-1.578,1.330
8.45,589,3.33863,3.6451,2.6147,-1.605,1.336
8.45,590,3.33876,3.6441,2.6273,-1.632,1.342
8.45,591,3.33889,3.6430,2.6399,-1.659,1.348
8.45,592,3.33901,3.6420,2.6525,-1.685,1.354
8.45,593,3.33914,3.6409,2.6651,-1.712,1.360
8.45,594,3.33927,3.6399,2.6777,-1.739,1.366
8.45,595,3.33940,3.6388,2.6903,-1.765,1.372
8.45,596,3.33952,3.6378,2.7030,-1.792,1.378
8.45,597,3.33965,3.6367,2.7156,-1.818,1.384
8.45,598,3.33978,3.6356,2.7282,-1.844,1.391
8.45,599,3.33991,3.6346,2.7409,-1.870,1.397
8.45,600,3.34004,3.6335,2.7536,-1.897,1.403
8.45,601,3.34017,3.6324,2.7663,-1.923,1.410
8.45,602,3.34029,3.6313,2.7791,-1.949,1.417
8.45,603,3.34043,3.6302,2.7919,-1.975,1.423
8.45,604,3.34058,3.6292,2.8040,-2.000,1.430
8.45,605,3.34076,3.6287,2.8096,-2.011,1.433
8.45,606,3.34080,3.6287,2.8094,-2.011,1.433
8.45,607,3.34083,3.6287,2.8091,-2.010,1.432
8.45,608,3.34086,3.6288,2.8085,-2.009,1.432
8.45,609,3.34089,3.6288,2.8078,-2.008,1.432
8.45,610,3.34093,3.6289,2.8070,-2.006,1.431
8.45,611,3.34096,3.6290,2.8061,-2.004,1.431
8.45,612,3.34100,3.6291,2.8052,-2.002,1.430
8.45,613,3.34104,3.6292,2.8041,-2.000,1.430
8.45,614,3.34108,3.6293,2.8030,-1.998,1.429
8.45,615,3.34113,3.6294,2.8018,-1.996,1.428
8.45,616,3.34117,3.6295,2.8006,-1.993,1.428
8.45,617,3.34123,3.6296,2.7994,-1.991,1.427
8.45,618,3.34129,3.6297,2.7981,-1.988,1.426
8.45,619,3.34135,3.6299,2.7968,-1.986,1.425
8.45,620,3.34142,3.6300,2.7954,-1.983,1.425
8.45,621,3.34150,3.6301,2.7939,-1.980,1.424
8.45,622,3.34159,3.6303,2.7923,-1.977,1.423
8.45,623,3.34168,3.6304,2.7906,-1.973,1.422
8.45,624,3.34178,3.6306,2.7888,-1.970,1.421
8.45,625,3.34188,3.6308,2.7869,-1.966,1.420
8.45,626,3.34199,3.6310,2.7848,-1.962,1.419
8.45,627,3.34210,3.6312,2.7828,-1.957,1.417
8.45,628,3.34221,3.6314,2.7807,-1.953,1.416
8.45,629,3.34233,3.6316,2.7785,-1.949,1.415
8.45,630,3.34246,3.6318,2.7764,-1.945,1.414
8.45,631,3.34259,3.6320,2.7743,-1.941,1.412
8.45,632,3.34360,3.6332,2.7623,-1.917,1.405
8.45,633,3.34468,3.6343,2.7506,-1.893,1.399
8.45,634,3.34564,3.6354,2.7387,-1.869,1.392
8.45,635,3.34653,3.6365,2.7266,-1.844,1.386
8.45,636,3.34736,3.6377,2.7145,-1.820,1.379
8.45,637,3.34813,3.6388,2.7022,-1.794,1.372
8.45,638,3.34884,3.6399,2.6899,-1.769,1.366
8.45,639,3.34953,3.6410,2.6775,-1.743,1.359
8.45,640,3.35019,3.6421,2.6651,-1.718,1.353
8.45,641,3.35083,3.6433,2.6527,-1.692,1.346
8.45,642,3.35143,3.6444,2.6402,-1.666,1.340
8.45,643,3.35202,3.6455,2.6277,-1.640,1.334
8.45,644,3.35260,3.6466,2.6152,-1.614,1.327
8.45,645,3.35317,3.6478,2.6027,-1.587,1.321
8.45,646,3.35372,3.6489,2.5902,-1.561,1.315
8.45,647,3.35427,3.6500,2.5777,-1.535,1.309
8.45,648,3.35481,3.6511,2.5652,-1.508,1.303
8.45,649,3.35534,3.6523,2.5527,-1.482,1.296
8.45,650,3.35588,3.6534,2.5401,-1.455,1.290
8.45,651,3.35643,3.6545,2.5276,-1.428,1.284
8.45,652,3.35697,3.6556,2.5151,-1.402,1.278
8.45,653,3.35752,3.6567,2.5025,-1.375,1.272
8.45,654,3.35809,3.6578,2.4901,-1.349,1.266
8.45,655,3.35866,3.6589,2.4775,-1.322,1.261
8.45,656,3.35925,3.6600,2.4651,-1.295,1.255
8.45,657,3.35986,3.6611,2.4526,-1.268,1.249
8.45,658,3.36049,3.6623,2.4402,-1.241,1.243
8.45,659,3.36114,3.6634,2.4278,-1.215,1.238
8.45,660,3.36183,3.6645,2.4154,-1.188,1.232
8.45,661,3.36255,3.6657,2.4030,-1.162,1.226
8.45,662,3.36331,3.6668,2.3907,-1.135,1.220
8.45,663,3.36411,3.6680,2.3785,-1.109,1.214
8.45,664,3.36497,3.6692,2.3664,-1.083,1.208
8.45,665,3.36590,3.6704,2.3543,-1.057,1.202
8.45,666,3.36691,3.6717,2.3423,-1.032,1.196
8.45,667,3.36803,3.6730,2.3304,-1.007,1.189
8.45,668,3.36927,3.6743,2.3188,-0.982,1.183
8.45,669,3.37068,3.6757,2.3073,-0.958,1.176
8.45,670,3.37230,3.6772,2.2962,-0.935,1.168
8.45,671,3.37424,3.6788,2.2855,-0.914,1.161
8.45,672,3.37665,3.6806,2.2757,-0.895,1.152
8.45,673,3.37993,3.6826,2.2673,-0.881,1.142
8.45,674,3.38500,3.6852,2.2630,-0.878,1.130
8.45,675,3.39329,3.6880,2.2689,-0.902,1.117
8.45,676,3.40283,3.6900,2.2834,-0.944,1.108
8.45,677,3.41558,3.6908,2.3022,-0.993,1.105
8.45,678,3.42719,3.6913,2.3201,-1.040,1.103
8.45,679,3.43976,3.6912,2.3383,-1.085,1.104
8.45,680,3.45206,3.6911,2.3555,-1.127,1.104
8.45,681,3.46001,3.6915,2.3704,-1.166,1.103
8.45,682,3.47175,3.6914,2.3875,-1.209,1.103
8.45,683,3.48372,3.6908,2.4037,-1.247,1.106
8.45,684,3.49513,3.6908,2.4221,-1.293,1.106
8.45,685,3.50696,3.6906,2.4403,-1.339,1.107
8.45,686,3.51900,3.6889,2.4503,-1.359,1.116
8.45,687,3.52657,3.6886,2.4620,-1.387,1.117
8.45,688,3.53439,3.6877,2.4694,-1.403,1.121
8.45,689,3.54210,3.6854,2.4715,-1.401,1.132
8.45,690,3.54762,3.6831,2.4713,-1.394,1.142
8.45,691,3.55223,3.6816,2.4737,-1.395,1.149
8.45,692,3.55553,3.6800,2.4745,-1.392,1.157
8.45,693,3.55817,3.6786,2.4775,-1.394,1.164
8.45,694,3.56077,3.6776,2.4783,-1.393,1.168
8.45,695,3.56299,3.6754,2.4820,-1.395,1.179
8.45,696,3.56479,3.6734,2.4880,-1.403,1.189
8.45,697,3.56606,3.6716,2.4950,-1.414,1.198
8.45,698,3.56700,3.6698,2.5030,-1.428,1.206
8.45,699,3.56765,3.6683,2.5115,-1.443,1.214
8.45,700,3.56810,3.6668,2.5204,-1.460,1.222
8.45,701,3.56841,3.6654,2.5295,-1.477,1.228
8.45,702,3.56862,3.6640,2.5387,-1.495,1.235
8.45,703,3.56878,3.6628,2.5479,-1.513,1.241
8.45,704,3.56889,3.6617,2.5570,-1.532,1.247
8.45,705,3.56898,3.6605,2.5660,-1.550,1.253
8.45,706,3.56904,3.6595,2.5748,-1.567,1.258
8.45,707,3.56909,3.6585,2.5835,-1.585,1.264
8.50,202,0.31430,3.5369,-1.9377,10.386,2.267
8.50,204,0.31583,3.5373,-1.9337,10.373,2.263
8.50,206,0.31737,3.5377,-1.9295,10.360,2.259
8.50,208,0.31892,3.5381,-1.9257,10.348,2.255
8.50,210,0.32253,3.5389,-1.9158,10.317,2.245
8.50,212,0.33250,3.5413,-1.8859,10.226,2.221
8.50,214,0.35652,3.5467,-1.8187,10.019,2.163
8.50,216,0.37890,3.5513,-1.7573,9.834,2.115
8.50,218,0.41794,3.5589,-1.6499,9.515,2.039
8.50,220,0.47478,3.5706,-1.4915,9.045,1.929
8.50,222,0.51495,3.5801,-1.3772,8.704,1.845
8.50,224,0.55526,3.5911,-1.2606,8.353,1.755
8.50,226,0.58548,3.6007,-1.1720,8.082,1.681
8.50,228,0.60819,3.6087,-1.1054,7.874,1.619
8.50,230,0.62471,3.6156,-1.0568,7.718,1.568
8.50,232,0.64106,3.6225,-1.0087,7.563,1.518
8.50,234,0.65745,3.6294,-0.9604,7.409,1.469
8.50,236,0.67378,3.6362,-0.9123,7.256,1.421
8.50,238,0.69012,3.6431,-0.8641,7.103,1.375
8.50,240,0.70899,3.6508,-0.8120,6.938,1.325
8.50,242,0.73186,3.6601,-0.7537,6.754,1.269
8.50,244,0.75411,3.6691,-0.6969,6.578,1.217
8.50,246,0.77651,3.6782,-0.6396,6.403,1.168
8.50,248,0.79777,3.6869,-0.5851,6.239,1.123
8.50,250,0.81987,3.6959,-0.5284,6.072,1.078
8.50,252,0.84026,3.7043,-0.4760,5.920,1.037
8.50,254,0.86190,3.7132,-0.4204,5.761,0.996
8.50,256,0.88219,3.7216,-0.3682,5.614,0.961
8.50,258,0.90257,3.7297,-0.3166,5.471,0.925
8.50,260,0.92365,3.7360,-0.2701,5.345,0.898
8.50,262,0.94320,3.7419,-0.2269,5.230,0.872
8.50,264,0.96439,3.7483,-0.1801,5.106,0.845
8.50,266,0.98623,3.7546,-0.1325,4.981,0.818
8.50,268,1.01093,3.7611,-0.0809,4.847,0.791
8.50,270,1.02838,3.7655,-0.0450,4.755,0.773
8.50,272,1.04358,3.7692,-0.0142,4.676,0.758
8.50,274,1.06299,3.7737,0.0246,4.577,0.739
8.50,276,1.08416,3.7785,0.0660,4.471,0.720
8.50,278,1.10814,3.7839,0.1126,4.354,0.698
8.50,280,1.13057,3.7887,0.1550,4.247,0.679
8.50,282,1.15172,3.7931,0.1944,4.148,0.661
8.50,284,1.17818,3.7986,0.2425,4.027,0.639
8.50,286,1.22416,3.8078,0.3235,3.826,0.602
8.50,288,1.26085,3.8150,0.3857,3.672,0.573
8.50,290,1.29837,3.8223,0.4468,3.521,0.545
8.50,292,1.33271,3.8290,0.5006,3.388,0.519
8.50,294,1.36106,3.8345,0.5439,3.282,0.497
8.50,296,1.39418,3.8409,0.5925,3.163,0.472
8.50,298,1.42794,3.8476,0.6402,3.046,0.446
8.50,300,1.45716,3.8537,0.6805,2.948,0.422
8.50,302,1.49210,3.8613,0.7267,2.837,0.392
8.50,304,1.59362,3.8831,0.8524,2.541,0.307
8.50,306,1.63535,3.8913,0.9007,2.428,0.274
8.50,308,1.67283,3.8981,0.9429,2.330,0.246
8.50,310,1.71119,3.9046,0.9846,2.233,0.220
8.50,312,1.75484,3.9120,1.0312,2.128,0.190
8.50,314,1.79712,3.9190,1.0753,2.030,0.161
8.50,316,1.84302,3.9267,1.1224,1.928,0.132
8.50,318,1.88292,3.9330,1.1623,1.842,0.110
8.50,320,1.93105,3.9402,1.2099,1.742,0.086
8.50,322,1.97596,3.9466,1.2533,1.652,0.066
8.50,324,2.02612,3.9534,1.3009,1.554,0.047
8.50,326,2.07432,3.9594,1.3457,1.463,0.031
8.50,328,2.11914,3.9651,1.3872,1.380,0.018
8.50,330,2.16717,3.9706,1.4305,1.293,0.005
8.50,332,2.21976,3.9764,1.4775,1.199,-0.008
8.50,334,2.27260,3.9819,1.5241,1.106,-0.019
8.50,336,2.32550,3.9869,1.5701,1.013,-0.029
8.50,338,2.37422,3.9913,1.6121,0.927,-0.037
8.50,340,2.42784,3.9958,1.6578,0.833,-0.045
8.50,342,2.48155,3.9998,1.7032,0.737,-0.052
8.50,344,2.53434,4.0031,1.7474,0.642,-0.058
8.50,346,2.58518,4.0059,1.7898,0.549,-0.063
8.50,348,2.63899,4.0084,1.8343,0.449,-0.067
8.50,350,2.69386,4.0103,1.8798,0.344,-0.070
8.50,352,2.73781,4.0111,1.9160,0.257,-0.072
8.50,353,2.76941,4.0115,1.9420,0.194,-0.072
8.50,354,2.77990,4.0115,1.9508,0.172,-0.072
8.50,356,2.80701,4.0114,1.9727,0.116,-0.072
8.50,358,2.83262,4.0111,1.9931,0.064,-0.072
8.50,360,2.85731,4.0106,2.0129,0.012,-0.072
8.50,362,2.88102,4.0099,2.0321,-0.040,-0.071
8.50,364,2.90374,4.0089,2.0506,-0.091,-0.070
8.50,366,2.92537,4.0076,2.0685,-0.142,-0.068
8.50,368,2.94592,4.0061,2.0855,-0.191,-0.066
8.50,370,2.96537,4.0044,2.1018,-0.240,-0.064
8.50,372,2.98374,4.0024,2.1172,-0.288,-0.062
8.50,374,3.00112,4.0002,2.1319,-0.335,-0.059
8.50,376,3.01847,3.9978,2.1455,-0.380,-0.056
8.50,378,3.03489,3.9953,2.1585,-0.424,-0.052
8.50,380,3.05046,3.9926,2.1709,-0.467,-0.048
8.50,382,3.06528,3.9898,2.1827,-0.509,-0.044
8.50,384,3.07943,3.9868,2.1940,-0.550,-0.040
8.50,386,3.09301,3.9839,2.2050,-0.591,-0.035
8.50,388,3.10621,3.9809,2.2159,-0.631,-0.031
8.50,390,3.11924,3.9779,2.2270,-0.672,-0.026
8.50,392,3.13256,3.9752,2.2390,-0.714,-0.022
8.50,394,3.14723,3.9733,2.2541,-0.759,-0.019
8.50,396,3.16016,3.9751,2.2719,-0.796,-0.022
8.50,398,3.16583,3.9791,2.2838,-0.809,-0.029
8.50,400,3.16877,3.9834,2.2929,-0.813,-0.036
8.50,402,3.17062,3.9878,2.3009,-0.814,-0.043
8.50,404,3.17183,3.9922,2.3084,-0.813,-0.050
8.50,406,3.17273,3.9965,2.3158,-0.812,-0.056
8.50,408,3.17337,4.0008,2.3232,-0.812,-0.062
8.50,410,3.17386,4.0050,2.3308,-0.811,-0.068
8.50,412,3.17423,4.0092,2.3387,-0.812,-0.073
8.50,414,3.17452,4.0132,2.3469,-0.814,-0.078
8.50,416,3.17474,4.0171,2.3554,-0.817,-0.083
8.50,418,3.17492,4.0207,2.3640,-0.822,-0.087
8.50,420,3.17507,4.0239,2.3720,-0.826,-0.091
8.50,422,3.17520,4.0264,2.3780,-0.830,-0.093
8.50,424,3.17530,4.0274,2.3789,-0.827,-0.095
8.50,426,3.17537,4.0267,2.3740,-0.818,-0.094
8.50,428,3.17543,4.0248,2.3648,-0.804,-0.092
8.50,430,3.17549,4.0221,2.3536,-0.789,-0.088
8.50,432,3.17555,4.0188,2.3429,-0.778,-0.085
8.50,434,3.17562,4.0150,2.3348,-0.775,-0.080
8.50,436,3.17569,4.0109,2.3320,-0.787,-0.075
8.50,438,3.17578,4.0068,2.3359,-0.816,-0.070
8.50,440,3.17588,4.0030,2.3439,-0.853,-0.065
8.50,442,3.17600,3.9993,2.3528,-0.892,-0.060
8.50,444,3.17613,3.9955,2.3608,-0.930,-0.055
8.50,446,3.17628,3.9916,2.3671,-0.963,-0.050
8.50,448,3.17645,3.9875,2.3721,-0.994,-0.044
8.50,450,3.17664,3.9833,2.3760,-1.021,-0.037
8.50,452,3.17686,3.9791,2.3789,-1.047,-0.031
8.50,454,3.17709,3.9749,2.3812,-1.071,-0.024
8.50,455,3.17727,3.9719,2.3824,-1.086,-0.018
8.50,456,3.17745,3.9689,2.3834,-1.101,-0.013
8.50,457,3.17764,3.9659,2.3842,-1.115,-0.008
8.50,458,3.17784,3.9628,2.3847,-1.129,-0.002
8.50,459,3.17804,3.9598,2.3851,-1.142,0.004
8.50,460,3.17825,3.9567,2.3854,-1.154,0.010
8.50,461,3.17846,3.9537,2.3854,-1.166,0.017
8.50,462,3.17867,3.9506,2.3853,-1.177,0.023
8.50,463,3.17887,3.9475,2.3851,-1.187,0.030
8.50,464,3.17908,3.9444,2.3848,-1.197,0.037
8.50,465,3.17929,3.9413,2.3843,-1.206,0.045
8.50,466,3.17949,3.9382,2.3837,-1.214,0.052
8.50,467,3.17969,3.9350,2.3831,-1.222,0.061
8.50,468,3.17988,3.9319,2.3823,-1.230,0.069
8.50,469,3.18007,3.9287,2.3814,-1.236,0.078
8.50,470,3.18025,3.9255,2.3805,-1.242,0.087
8.50,471,3.18043,3.9224,2.3794,-1.248,0.096
8.50,472,3.18060,3.9192,2.3782,-1.252,0.106
8.50,473,3.18077,3.9160,2.3770,-1.256,0.116
8.50,474,3.18093,3.9128,2.3757,-1.260,0.127
8.50,475,3.18109,3.9096,2.3743,-1.263,0.137
8.50,476,3.18124,3.9064,2.3728,-1.265,0.148
8.50,477,3.18139,3.9032,2.3712,-1.267,0.160
8.50,478,3.18153,3.8999,2.3696,-1.269,0.172
8.50,479,3.18167,3.8967,2.3679,-1.270,0.185
8.50,480,3.18180,3.8935,2.3661,-1.270,0.197
8.50,481,3.18193,3.8902,2.3643,-1.270,0.209
8.50,482,3.18205,3.8870,2.3624,-1.269,0.222
8.50,483,3.18217,3.8837,2.3604,-1.268,0.236
8.50,484,3.18229,3.8805,2.3583,-1.266,0.250
8.50,485,3.18240,3.8772,2.3562,-1.264,0.265
8.50,486,3.18251,3.8740,2.3540,-1.262,0.280
8.50,487,3.18261,3.8707,2.3517,-1.259,0.294
8.50,488,3.18271,3.8675,2.3495,-1.256,0.309
8.50,489,3.18281,3.8642,2.3471,-1.252,0.324
8.50,490,3.18291,3.8609,2.3447,-1.248,0.339
8.50,491,3.18300,3.8577,2.3422,-1.244,0.353
8.50,492,3.18309,3.8544,2.3397,-1.239,0.367
8.50,493,3.18317,3.8511,2.3371,-1.234,0.382
8.50,494,3.18326,3.8479,2.3345,-1.229,0.396
8.50,495,3.18334,3.8446,2.3318,-1.223,0.410
8.50,496,3.18341,3.8413,2.3291,-1.217,0.425
8.50,497,3.18349,3.8381,2.3263,-1.210,0.439
8.50,498,3.18357,3.8348,2.3234,-1.204,0.454
8.50,499,3.18364,3.8315,2.3205,-1.197,0.468
8.50,500,3.18371,3.8283,2.3176,-1.190,0.482
8.50,501,3.18377,3.8250,2.3146,-1.183,0.497
8.50,502,3.18384,3.8217,2.3116,-1.175,0.511
8.50,503,3.18391,3.8184,2.3085,-1.167,0.526
8.50,504,3.18397,3.8152,2.3054,-1.159,0.540
8.50,505,3.18403,3.8119,2.3022,-1.150,0.554
8.50,506,3.18409,3.8086,2.2990,-1.142,0.569
8.50,507,3.18415,3.8054,2.2958,-1.132,0.583
8.50,508,3.18420,3.8021,2.2924,-1.123,0.598
8.50,509,3.18426,3.7989,2.2891,-1.113,0.613
8.50,510,3.18431,3.7956,2.2857,-1.103,0.627
8.50,511,3.18436,3.7923,2.2822,-1.093,0.642
8.50,512,3.18442,3.7891,2.2786,-1.083,0.656
8.50,513,3.18447,3.7858,2.2750,-1.072,0.670
8.50,514,3.18452,3.7826,2.2713,-1.061,0.685
8.50,515,3.18457,3.7794,2.2675,-1.050,0.699
8.50,516,3.18462,3.7761,2.2635,-1.038,0.713
8.50,517,3.18467,3.7729,2.2593,-1.025,0.728
8.50,518,3.18472,3.7698,2.2549,-1.012,0.742
8.50,519,3.18477,3.7666,2.2503,-0.997,0.756
8.50,520,3.18483,3.7635,2.2454,-0.982,0.770
8.50,521,3.18488,3.7604,2.2402,-0.966,0.784
8.50,522,3.18493,3.7573,2.2348,-0.950,0.798
8.50,523,3.18499,3.7543,2.2289,-0.932,0.811
8.50,524,3.18505,3.7514,2.2225,-0.912,0.825
8.50,525,3.18511,3.7486,2.2154,-0.891,0.838
8.50,526,3.18518,3.7459,2.2074,-0.868,0.850
8.50,527,3.18525,3.7433,2.1989,-0.843,0.861
8.50,528,3.18531,3.7409,2.1900,-0.817,0.873
8.50,529,3.18538,3.7385,2.1808,-0.791,0.883
8.50,530,3.18545,3.7362,2.1712,-0.763,0.894
8.50,531,3.18551,3.7339,2.1612,-0.735,0.904
8.50,532,3.18558,3.7318,2.1511,-0.706,0.914
8.50,533,3.18564,3.7297,2.1406,-0.676,0.924
8.50,534,3.18571,3.7277,2.1301,-0.646,0.933
8.50,535,3.18577,3.7257,2.1194,-0.616,0.942
8.50,536,3.18584,3.7237,2.1087,-0.586,0.951
8.50,537,3.18591,3.7217,2.0980,-0.555,0.960
8.50,538,3.18597,3.7197,2.0874,-0.525,0.969
8.50,539,3.18604,3.7177,2.0771,-0.495,0.978
8.50,540,3.18612,3.7156,2.0672,-0.466,0.987
8.50,541,3.18619,3.7133,2.0582,-0.438,0.997
8.50,542,3.18628,3.7110,2.0501,-0.413,1.007
8.50,543,3.18637,3.7083,2.0435,-0.391,1.019
8.50,544,3.18647,3.7054,2.0398,-0.374,1.033
8.50,545,3.18658,3.7023,2.0406,-0.369,1.047
8.50,546,3.18668,3.6995,2.0461,-0.375,1.061
8.50,547,3.18677,3.6970,2.0546,-0.390,1.073
8.50,548,3.18685,3.6948,2.0645,-0.409,1.084
8.50,549,3.18692,3.6929,2.0753,-0.431,1.093
8.50,550,3.18699,3.6911,2.0866,-0.454,1.101
8.50,551,3.18706,3.6895,2.0983,-0.478,1.109
8.50,552,3.18713,3.6880,2.1101,-0.504,1.116
8.50,553,3.18720,3.6865,2.1221,-0.529,1.123
8.50,554,3.18727,3.6851,2.1342,-0.555,1.129
8.50,555,3.18735,3.6837,2.1463,-0.581,1.136
8.50,556,3.18743,3.6824,2.1585,-0.608,1.142
8.50,557,3.18751,3.6811,2.1707,-0.634,1.148
8.50,558,3.18761,3.6798,2.1829,-0.660,1.155
8.50,559,3.18771,3.6785,2.1949,-0.686,1.161
8.50,560,3.18781,3.6773,2.2070,-0.713,1.167
8.50,561,3.18792,3.6762,2.2191,-0.739,1.173
8.50,562,3.18804,3.6750,2.2311,-0.765,1.179
8.50,563,3.18815,3.6738,2.2432,-0.791,1.184
8.50,564,3.18827,3.6727,2.2553,-0.817,1.190
8.50,565,3.18839,3.6715,2.2674,-0.844,1.196
8.50,566,3.18851,3.6704,2.2795,-0.870,1.201
8.50,567,3.18863,3.6693,2.2916,-0.896,1.207
8.50,568,3.18874,3.6682,2.3038,-0.923,1.212
8.50,569,3.18886,3.6672,2.3160,-0.949,1.218
8.50,570,3.18898,3.6661,2.3282,-0.976,1.223
8.50,571,3.18910,3.6650,2.3404,-1.002,1.229
8.50,572,3.18923,3.6639,2.3525,-1.029,1.234
8.50,573,3.18935,3.6629,2.3648,-1.055,1.240
8.50,574,3.18947,3.6618,2.3770,-1.081,1.245
8.50,575,3.18959,3.6607,2.3892,-1.108,1.251
8.50,576,3.18972,3.6597,2.4014,-1.134,1.256
8.50,577,3.18984,3.6586,2.4136,-1.161,1.262
8.50,578,3.18996,3.6576,2.4259,-1.187,1.267
8.50,579,3.19009,3.6565,2.4382,-1.213,1.273
8.50,580,3.19021,3.6555,2.4505,-1.240,1.278
8.50,581,3.19033,3.6545,2.4628,-1.266,1.284
8.50,582,3.19045,3.6534,2.4751,-1.293,1.289
8.50,583,3.19057,3.6524,2.4875,-1.319,1.295
8.50,584,3.19069,3.6515,2.4999,-1.346,1.300
8.50,585,3.19081,3.6505,2.5123,-1.373,1.306
8.50,586,3.19093,3.6494,2.5247,-1.400,1.311
8.50,587,3.19105,3.6484,2.5372,-1.426,1.317
8.50,588,3.19117,3.6475,2.5496,-1.453,1.322
8.50,589,3.19129,3.6465,2.5620,-1.480,1.328
8.50,590,3.19141,3.6455,2.5744,-1.506,1.334
8.50,591,3.19153,3.6445,2.5868,-1.533,1.339
8.50,592,3.19165,3.6434,2.5992,-1.559,1.345
8.50,593,3.19177,3.6424,2.6117,-1.585,1.351
8.50,594,3.19189,3.6414,2.6241,-1.611,1.357
8.50,595,3.19201,3.6403,2.6365,-1.638,1.363
8.50,596,3.19213,3.6393,2.6490,-1.664,1.369
8.50,597,3.19225,3.6383,2.6614,-1.690,1.375
8.50,598,3.19237,3.6372,2.6739,-1.716,1.381
8.50,599,3.19249,3.6362,2.6863,-1.742,1.387
8.50,600,3.19261,3.6351,2.6988,-1.768,1.394
8.50,601,3.19273,3.6340,2.7113,-1.793,1.400
8.50,602,3.19285,3.6330,2.7239,-1.820,1.406
8.50,603,3.19297,3.6319,2.7365,-1.845,1.413
8.50,604,3.19311,3.6308,2.7487,-1.870,1.419
8.50,605,3.19328,3.6303,2.7553,-1.884,1.423
8.50,606,3.19331,3.6303,2.7551,-1.883,1.423
8.50,607,3.19334,3.6303,2.7546,-1.882,1.422
8.50,608,3.19338,3.6304,2.7538,-1.881,1.422
8.50,609,3.19341,3.6305,2.7528,-1.879,1.421
8.50,610,3.19344,3.6306,2.7516,-1.876,1.421
8.50,611,3.19348,3.6307,2.7503,-1.874,1.420
8.50,612,3.19351,3.6308,2.7489,-1.871,1.419
8.50,613,3.19355,3.6310,2.7473,-1.868,1.418
8.50,614,3.19359,3.6311,2.7457,-1.865,1.418
8.50,615,3.19363,3.6313,2.7440,-1.861,1.417
8.50,616,3.19368,3.6314,2.7422,-1.857,1.416
8.50,617,3.19373,3.6316,2.7404,-1.854,1.415
8.50,618,3.19378,3.6318,2.7385,-1.850,1.414
8.50,619,3.19384,3.6319,2.7366,-1.846,1.413
8.50,620,3.19391,3.6321,2.7346,-1.842,1.411
8.50,621,3.19398,3.6323,2.7326,-1.838,1.410
8.50,622,3.19407,3.6325,2.7305,-1.834,1.409
8.50,623,3.19416,3.6327,2.7283,-1.829,1.408
8.50,624,3.19425,3.6329,2.7259,-1.824,1.407
8.50,625,3.19435,3.6331,2.7235,-1.820,1.405
8.50,626,3.19444,3.6334,2.7210,-1.814,1.404
8.50,627,3.19454,3.6336,2.7184,-1.809,1.403
8.50,628,3.19465,3.6339,2.7158,-1.804,1.401
8.50,629,3.19477,3.6341,2.7132,-1.799,1.399
8.50,630,3.19489,3.6344,2.7107,-1.794,1.398
8.50,631,3.19502,3.6346,2.7080,-1.788,1.396
8.50,632,3.19584,3.6358,2.6954,-1.763,1.390
8.50,633,3.19669,3.6369,2.6829,-1.737,1.383
8.50,634,3.19742,3.6380,2.6704,-1.711,1.376
8.50,635,3.19808,3.6392,2.6578,-1.686,1.369
8.50,636,3.19871,3.6404,2.6451,-1.660,1.362
8.50,637,3.19931,3.6415,2.6323,-1.633,1.356
8.50,638,3.19988,3.6427,2.6195,-1.606,1.349
8.50,639,3.20046,3.6438,2.6065,-1.579,1.343
8.50,640,3.20103,3.6450,2.5936,-1.552,1.336
8.50,641,3.20158,3.6462,2.5808,-1.525,1.330
8.50,642,3.20211,3.6473,2.5678,-1.498,1.323
8.50,643,3.20263,3.6484,2.5548,-1.471,1.317
8.50,644,3.20315,3.6496,2.5418,-1.443,1.311
8.50,645,3.20364,3.6507,2.5289,-1.415,1.304
8.50,646,3.20413,3.6519,2.5159,-1.388,1.298
8.50,647,3.20462,3.6530,2.5029,-1.360,1.292
8.50,648,3.20511,3.6541,2.4898,-1.332,1.286
8.50,649,3.20559,3.6552,2.4769,-1.305,1.280
8.50,650,3.20607,3.6563,2.4638,-1.277,1.274
8.50,651,3.20656,3.6575,2.4509,-1.249,1.268
8.50,652,3.20706,3.6586,2.4379,-1.221,1.262
8.50,653,3.20756,3.6597,2.4248,-1.193,1.256
8.50,654,3.20807,3.6609,2.4119,-1.165,1.250
8.50,655,3.20859,3.6620,2.3990,-1.137,1.244
8.50,656,3.20913,3.6631,2.3860,-1.109,1.239
8.50,657,3.20969,3.6642,2.3730,-1.081,1.233
8.50,658,3.21026,3.6654,2.3601,-1.053,1.227
8.50,659,3.21086,3.6665,2.3471,-1.025,1.221
8.50,660,3.21148,3.6677,2.3343,-0.997,1.216
8.50,661,3.21213,3.6688,2.3214,-0.969,1.210
8.50,662,3.21282,3.6700,2.3086,-0.941,1.204
8.50,663,3.21356,3.6712,2.2959,-0.914,1.198
8.50,664,3.21435,3.6724,2.2833,-0.887,1.192
8.50,665,3.21519,3.6736,2.2706,-0.859,1.186
8.50,666,3.21611,3.6748,2.2581,-0.832,1.180
8.50,667,3.21714,3.6761,2.2457,-0.805,1.173
8.50,668,3.21826,3.6775,2.2335,-0.779,1.167
8.50,669,3.21956,3.6788,2.2214,-0.754,1.160
8.50,670,3.22104,3.6803,2.2097,-0.729,1.153
8.50,671,3.22282,3.6819,2.1984,-0.706,1.145
8.50,672,3.22506,3.6836,2.1876,-0.684,1.137
8.50,673,3.22807,3.6856,2.1783,-0.667,1.128
8.50,674,3.23296,3.6880,2.1724,-0.660,1.116
8.50,675,3.24320,3.6907,2.1781,-0.682,1.104
8.50,676,3.25616,3.6922,2.1949,-0.728,1.098
8.50,677,3.26942,3.6928,2.2137,-0.777,1.095
8.50,678,3.28206,3.6928,2.2318,-0.823,1.095
8.50,679,3.29407,3.6928,2.2495,-0.867,1.096
8.50,680,3.30544,3.6927,2.2663,-0.909,1.096
8.50,681,3.31527,3.6927,2.2817,-0.947,1.096
8.50,682,3.32675,3.6928,2.2995,-0.992,1.096
8.50,683,3.33893,3.6919,2.3152,-1.029,1.100
8.50,684,3.34833,3.6923,2.3327,-1.074,1.099
8.50,685,3.35913,3.6921,2.3497,-1.116,1.100
8.50,686,3.37058,3.6912,2.3642,-1.150,1.104
8.50,687,3.38278,3.6893,2.3758,-1.173,1.113
8.50,688,3.38992,3.6888,2.3850,-1.195,1.116
8.50,689,3.39690,3.6864,2.3873,-1.193,1.126
8.50,690,3.40324,3.6844,2.3905,-1.195,1.136
8.50,691,3.40788,3.6833,2.3960,-1.205,1.141
8.50,692,3.41005,3.6841,2.3995,-1.217,1.137
8.50,693,3.41353,3.6820,2.3997,-1.210,1.147
8.50,694,3.41630,3.6798,2.4028,-1.211,1.157
8.50,695,3.41856,3.6777,2.4081,-1.217,1.167
8.50,696,3.42025,3.6758,2.4148,-1.228,1.177
8.50,697,3.42139,3.6740,2.4227,-1.241,1.186
8.50,698,3.42220,3.6723,2.4313,-1.257,1.194
8.50,699,3.42278,3.6707,2.4405,-1.274,1.201
8.50,700,3.42319,3.6693,2.4500,-1.293,1.209
8.50,701,3.42348,3.6679,2.4597,-1.312,1.216
8.50,702,3.42369,3.6666,2.4694,-1.331,1.222
8.50,703,3.42384,3.6653,2.4791,-1.351,1.228
8.50,704,3.42395,3.6642,2.4887,-1.370,1.234
8.50,705,3.42404,3.6630,2.4981,-1.390,1.240
8.50,706,3.42410,3.6620,2.5075,-1.409,1.245
8.50,707,3.42415,3.6610,2.5166,-1.428,1.250
8.55,202,0.31241,3.5364,-1.9445,10.406,2.272
8.55,204,0.31392,3.5368,-1.9401,10.393,2.268
8.55,206,0.31545,3.5372,-1.9356,10.379,2.264
8.55,208,0.31699,3.5376,-1.9316,10.366,2.260
8.55,210,0.31856,3.5380,-1.9276,10.353,2.256
8.55,212,0.32081,3.5385,-1.9212,10.333,2.250
8.55,214,0.32870,3.5404,-1.8963,10.258,2.230
8.55,216,0.35289,3.5458,-1.8275,10.048,2.172
8.55,218,0.36871,3.5491,-1.7839,9.916,2.138
8.55,220,0.38729,3.5528,-1.7330,9.763,2.100
8.55,222,0.45242,3.5655,-1.5538,9.232,1.976
8.55,224,0.49139,3.5741,-1.4442,8.906,1.897
8.55,226,0.53195,3.5845,-1.3279,8.556,1.808
8.55,228,0.56605,3.5944,-1.2288,8.256,1.729
8.55,230,0.59535,3.6037,-1.1429,7.994,1.658
8.55,232,0.61370,3.6109,-1.0890,7.822,1.603
8.55,234,0.63011,3.6178,-1.0407,7.667,1.552
8.55,236,0.64646,3.6246,-0.9925,7.512,1.502
8.55,238,0.66282,3.6315,-0.9442,7.358,1.454
8.55,240,0.67907,3.6383,-0.8962,7.206,1.407
8.55,242,0.69546,3.6452,-0.8479,7.053,1.361
8.55,244,0.71607,3.6536,-0.7934,6.880,1.308
8.55,246,0.73880,3.6628,-0.7353,6.697,1.253
8.55,248,0.76028,3.6716,-0.6804,6.528,1.203
8.55,250,0.78270,3.6808,-0.6229,6.353,1.154
8.55,252,0.80335,3.6892,-0.5699,6.195,1.112
8.55,254,0.82524,3.6982,-0.5137,6.029,1.067
8.55,256,0.84577,3.7066,-0.4609,5.876,1.026
8.55,258,0.86634,3.7151,-0.4079,5.726,0.988
8.55,260,0.88690,3.7236,-0.3549,5.577,0.952
8.55,262,0.90620,3.7309,-0.3074,5.446,0.920
8.55,264,0.92763,3.7373,-0.2601,5.319,0.892
8.55,266,0.94751,3.7433,-0.2162,5.201,0.866
8.55,268,0.96736,3.7493,-0.1723,5.085,0.841
8.55,270,0.99103,3.7560,-0.1211,4.952,0.813
8.55,272,1.01450,3.7621,-0.0721,4.825,0.787
8.55,274,1.03014,3.7660,-0.0400,4.742,0.771
8.55,276,1.04553,3.7697,-0.0088,4.662,0.756
8.55,278,1.06574,3.7744,0.0315,4.559,0.736
8.55,280,1.08688,3.7792,0.0730,4.454,0.717
8.55,282,1.11123,3.7846,0.1202,4.334,0.695
8.55,284,1.13271,3.7892,0.1609,4.232,0.676
8.55,286,1.15445,3.7938,0.2014,4.130,0.658
8.55,288,1.18290,3.7996,0.2531,4.001,0.635
8.55,290,1.22761,3.8086,0.3317,3.806,0.599
8.55,292,1.26739,3.8164,0.3988,3.640,0.568
8.55,294,1.30472,3.8236,0.4596,3.489,0.539
8.55,296,1.33816,3.8301,0.5118,3.360,0.514
8.55,298,1.36602,3.8355,0.5542,3.256,0.493
8.55,300,1.40148,3.8424,0.6062,3.129,0.466
8.55,302,1.43324,3.8488,0.6510,3.020,0.441
8.55,304,1.46402,3.8552,0.6932,2.917,0.416
8.55,306,1.49832,3.8627,0.7384,2.809,0.386
8.55,308,1.59565,3.8832,0.8588,2.525,0.306
8.55,310,1.63787,3.8912,0.9078,2.410,0.274
8.55,312,1.67517,3.8978,0.9497,2.312,0.247
8.55,314,1.71355,3.9040,0.9915,2.215,0.221
8.55,316,1.75711,3.9111,1.0383,2.108,0.193
8.55,318,1.79886,3.9178,1.0820,2.010,0.165
8.55,320,1.84433,3.9253,1.1292,1.907,0.137
8.55,322,1.88487,3.9314,1.1700,1.819,0.115
8.55,324,1.93241,3.9384,1.2176,1.717,0.091
8.55,326,1.97689,3.9445,1.2612,1.625,0.072
8.55,328,2.02684,3.9510,1.3092,1.525,0.053
8.55,330,2.07467,3.9568,1.3545,1.431,0.037
8.55,332,2.11887,3.9621,1.3960,1.346,0.024
8.55,334,2.16645,3.9672,1.4398,1.256,0.011
8.55,336,2.21858,3.9726,1.4873,1.159,-0.001
8.55,338,2.27101,3.9776,1.5347,1.061,-0.012
8.55,340,2.32232,3.9820,1.5803,0.965,-0.021
8.55,342,2.37062,3.9859,1.6231,0.875,-0.028
8.55,344,2.42422,3.9896,1.6700,0.774,-0.036
8.55,346,2.47423,3.9925,1.7135,0.678,-0.041
8.55,348,2.52532,3.9947,1.7579,0.577,-0.046
8.55,350,2.57383,3.9965,1.7999,0.480,-0.049
8.55,352,2.62229,3.9976,1.8416,0.381,-0.051
8.55,353,2.64575,3.9978,1.8616,0.331,-0.052
8.55,354,2.65621,3.9978,1.8706,0.309,-0.052
8.55,356,2.68430,3.9978,1.8947,0.249,-0.052
8.55,358,2.70730,3.9975,1.9141,0.198,-0.052
8.55,360,2.72618,3.9969,1.9302,0.155,-0.051
8.55,362,2.75269,3.9961,1.9529,0.095,-0.051
8.55,364,2.77427,3.9951,1.9714,0.044,-0.049
8.55,366,2.79483,3.9937,1.9887,-0.006,-0.047
8.55,368,2.81559,3.9921,2.0059,-0.056,-0.045
8.55,370,2.83523,3.9904,2.0221,-0.104,-0.043
8.55,372,2.85377,3.9884,2.0375,-0.152,-0.040
8.55,374,2.87126,3.9862,2.0521,-0.198,-0.037
8.55,376,2.88781,3.9838,2.0659,-0.243,-0.033
8.55,378,2.90347,3.9813,2.0791,-0.287,-0.029
8.55,380,2.91834,3.9786,2.0917,-0.330,-0.025
8.55,382,2.93249,3.9758,2.1037,-0.372,-0.020
8.55,384,2.94599,3.9728,2.1152,-0.413,-0.015
8.55,386,2.95896,3.9698,2.1264,-0.454,-0.010
8.55,388,2.97157,3.9668,2.1374,-0.494,-0.005
8.55,390,2.98405,3.9639,2.1487,-0.534,0.001
8.55,392,2.99688,3.9611,2.1611,-0.576,0.006
8.55,394,3.01184,3.9594,2.1768,-0.622,0.009
8.55,396,3.02410,3.9618,2.1944,-0.657,0.004
8.55,398,3.02931,3.9659,2.2060,-0.669,-0.005
8.55,400,3.03210,3.9703,2.2151,-0.674,-0.013
8.55,402,3.03387,3.9747,2.2232,-0.676,-0.021
8.55,404,3.03504,3.9791,2.2309,-0.676,-0.028
8.55,406,3.03590,3.9835,2.2384,-0.676,-0.036
8.55,408,3.03652,3.9878,2.2461,-0.677,-0.043
8.55,410,3.03699,3.9921,2.2539,-0.677,-0.049
8.55,412,3.03736,3.9962,2.2619,-0.679,-0.055
8.55,414,3.03764,4.0003,2.2704,-0.682,-0.061
8.55,416,3.03786,4.0041,2.2790,-0.686,-0.066
8.55,418,3.03804,4.0078,2.2878,-0.691,-0.071
8.55,420,3.03818,4.0110,2.2959,-0.697,-0.075
8.55,422,3.03830,4.0134,2.3017,-0.700,-0.078
8.55,424,3.03840,4.0142,2.3020,-0.697,-0.079
8.55,426,3.03847,4.0134,2.2963,-0.686,-0.078
8.55,428,3.03853,4.0113,2.2863,-0.671,-0.075
8.55,430,3.03860,4.0084,2.2748,-0.655,-0.072
8.55,432,3.03866,4.0050,2.2642,-0.645,-0.067
8.55,434,3.03872,4.0011,2.2567,-0.643,-0.062
8.55,436,3.03881,3.9969,2.2553,-0.659,-0.056
8.55,438,3.03890,3.9929,2.2606,-0.691,-0.050
8.55,440,3.03901,3.9891,2.2692,-0.729,-0.045
8.55,442,3.03913,3.9854,2.2780,-0.767,-0.040
8.55,444,3.03927,3.9815,2.2855,-0.803,-0.034
8.55,446,3.03944,3.9775,2.2912,-0.835,-0.027
8.55,448,3.03963,3.9733,2.2957,-0.863,-0.020
8.55,450,3.03984,3.9691,2.2992,-0.890,-0.012
8.55,452,3.04008,3.9648,2.3018,-0.913,-0.004
8.55,454,3.04033,3.9605,2.3038,-0.935,0.004
8.55,455,3.04052,3.9576,2.3048,-0.949,0.010
8.55,456,3.04072,3.9546,2.3056,-0.962,0.016
8.55,457,3.04093,3.9517,2.3061,-0.974,0.022
8.55,458,3.04114,3.9487,2.3065,-0.986,0.029
8.55,459,3.04135,3.9457,2.3067,-0.997,0.036
8.55,460,3.04157,3.9427,2.3068,-1.007,0.043
8.55,461,3.04179,3.9396,2.3067,-1.017,0.050
8.55,462,3.04201,3.9366,2.3065,-1.026,0.058
8.55,463,3.04223,3.9336,2.3062,-1.034,0.066
8.55,464,3.04245,3.9305,2.3058,-1.041,0.075
8.55,465,3.04266,3.9275,2.3052,-1.048,0.084
8.55,466,3.04287,3.9244,2.3046,-1.055,0.093
8.55,467,3.04308,3.9213,2.3038,-1.060,0.102
8.55,468,3.04328,3.9182,2.3030,-1.065,0.112
8.55,469,3.04348,3.9151,2.3021,-1.070,0.121
8.55,470,3.04367,3.9120,2.3010,-1.074,0.132
8.55,471,3.04386,3.9089,2.2999,-1.077,0.142
8.55,472,3.04404,3.9057,2.2987,-1.080,0.153
8.55,473,3.04422,3.9026,2.2974,-1.082,0.165
8.55,474,3.04439,3.8994,2.2960,-1.084,0.177
8.55,475,3.04455,3.8963,2.2945,-1.085,0.189
8.55,476,3.04471,3.8931,2.2930,-1.086,0.201
8.55,477,3.04486,3.8900,2.2913,-1.086,0.213
8.55,478,3.04501,3.8868,2.2896,-1.086,0.226
8.55,479,3.04515,3.8836,2.2878,-1.085,0.240
8.55,480,3.04528,3.8804,2.2860,-1.084,0.254
8.55,481,3.04542,3.8773,2.2841,-1.083,0.268
8.55,482,3.04554,3.8741,2.2821,-1.081,0.282
8.55,483,3.04567,3.8709,2.2800,-1.078,0.297
8.55,484,3.04578,3.8677,2.2779,-1.075,0.311
8.55,485,3.04590,3.8645,2.2757,-1.072,0.325
8.55,486,3.04601,3.8613,2.2734,-1.068,0.339
8.55,487,3.04612,3.8581,2.2711,-1.064,0.354
8.55,488,3.04622,3.8549,2.2687,-1.060,0.368
8.55,489,3.04632,3.8517,2.2663,-1.055,0.382
8.55,490,3.04642,3.8485,2.2638,-1.050,0.396
8.55,491,3.04651,3.8453,2.2613,-1.045,0.410
8.55,492,3.04660,3.8421,2.2587,-1.039,0.424
8.55,493,3.04669,3.8389,2.2560,-1.033,0.438
8.55,494,3.04677,3.8356,2.2533,-1.027,0.452
8.55,495,3.04686,3.8324,2.2505,-1.021,0.466
8.55,496,3.04694,3.8292,2.2477,-1.014,0.480
8.55,497,3.04701,3.8260,2.2449,-1.007,0.494
8.55,498,3.04709,3.8228,2.2419,-1.000,0.508
8.55,499,3.04716,3.8196,2.2389,-0.992,0.522
8.55,500,3.04723,3.8164,2.2359,-0.984,0.536
8.55,501,3.04730,3.8132,2.2328,-0.976,0.550
8.55,502,3.04737,3.8100,2.2297,-0.968,0.564
8.55,503,3.04744,3.8068,2.2266,-0.959,0.578
8.55,504,3.04750,3.8035,2.2233,-0.950,0.593
8.55,505,3.04756,3.8003,2.2200,-0.940,0.607
8.55,506,3.04762,3.7971,2.2167,-0.931,0.621
8.55,507,3.04768,3.7939,2.2133,-0.921,0.635
8.55,508,3.04774,3.7907,2.2098,-0.911,0.649
8.55,509,3.04780,3.7876,2.2062,-0.900,0.663
8.55,510,3.04786,3.7844,2.2025,-0.889,0.677
8.55,511,3.04792,3.7812,2.1986,-0.878,0.691
8.55,512,3.04797,3.7781,2.1946,-0.866,0.705
8.55,513,3.04803,3.7749,2.1904,-0.854,0.719
8.55,514,3.04809,3.7718,2.1861,-0.840,0.733
8.55,515,3.04815,3.7687,2.1815,-0.826,0.747
8.55,516,3.04821,3.7656,2.1766,-0.812,0.761
8.55,517,3.04827,3.7626,2.1713,-0.796,0.774
8.55,518,3.04833,3.7597,2.1655,-0.778,0.787
8.55,519,3.04840,3.7568,2.1590,-0.759,0.800
8.55,520,3.04847,3.7541,2.1520,-0.739,0.813
8.55,521,3.04855,3.7514,2.1447,-0.717,0.825
8.55,522,3.04862,3.7488,2.1369,-0.694,0.836
8.55,523,3.04869,3.7463,2.1287,-0.671,0.848
8.55,524,3.04876,3.7439,2.1202,-0.646,0.859
8.55,525,3.04883,3.7415,2.1112,-0.621,0.869
8.55,526,3.04890,3.7393,2.1019,-0.594,0.880
8.55,527,3.04898,3.7371,2.0922,-0.566,0.890
8.55,528,3.04905,3.7350,2.0822,-0.538,0.899
8.55,529,3.04912,3.7329,2.0721,-0.510,0.909
8.55,530,3.04919,3.7309,2.0618,-0.481,0.918
8.55,531,3.04926,3.7290,2.0513,-0.451,0.927
8.55,532,3.04933,3.7270,2.0408,-0.421,0.936
8.55,533,3.04940,3.7251,2.0302,-0.392,0.945
8.55,534,3.04947,3.7232,2.0197,-0.362,0.953
8.55,535,3.04954,3.7212,2.0093,-0.332,0.962
8.55,536,3.04962,3.7192,1.9991,-0.302,0.971
8.55,537,3.04970,3.7170,1.9895,-0.274,0.980
8.55,538,3.04979,3.7147,1.9807,-0.247,0.990
8.55,539,3.04989,3.7121,1.9736,-0.224,1.002
8.55,540,3.05000,3.7094,1.9696,-0.208,1.014
8.55,541,3.05011,3.7066,1.9694,-0.201,1.027
8.55,542,3.05022,3.7040,1.9723,-0.202,1.039
8.55,543,3.05031,3.7016,1.9770,-0.208,1.050
8.55,544,3.05040,3.6994,1.9835,-0.218,1.061
8.55,545,3.05049,3.6973,1.9916,-0.233,1.072
8.55,546,3.05058,3.6953,2.0012,-0.252,1.081
8.55,547,3.05066,3.6935,2.0119,-0.274,1.090
8.55,548,3.05075,3.6919,2.0231,-0.297,1.097
8.55,549,3.05083,3.6903,2.0345,-0.321,1.105
8.55,550,3.05091,3.6889,2.0462,-0.346,1.111
8.55,551,3.05099,3.6875,2.0580,-0.372,1.118
8.55,552,3.05108,3.6862,2.0699,-0.398,1.124
8.55,553,3.05118,3.6849,2.0817,-0.423,1.130
8.55,554,3.05127,3.6836,2.0937,-0.449,1.136
8.55,555,3.05137,3.6824,2.1056,-0.475,1.142
8.55,556,3.05148,3.6812,2.1176,-0.501,1.147
8.55,557,3.05159,3.6800,2.1295,-0.527,1.153
8.55,558,3.05170,3.6789,2.1414,-0.554,1.159
8.55,559,3.05182,3.6778,2.1534,-0.580,1.164
8.55,560,3.05193,3.6766,2.1653,-0.606,1.170
8.55,561,3.05205,3.6756,2.1773,-0.632,1.175
8.55,562,3.05217,3.6745,2.1892,-0.658,1.181
8.55,563,3.05230,3.6734,2.2012,-0.685,1.186
8.55,564,3.05242,3.6723,2.2131,-0.711,1.192
8.55,565,3.05254,3.6712,2.2252,-0.737,1.197
8.55,566,3.05266,3.6702,2.2372,-0.763,1.202
8.55,567,3.05279,3.6692,2.2493,-0.790,1.207
8.55,568,3.05291,3.6681,2.2613,-0.816,1.213
8.55,569,3.05303,3.6671,2.2734,-0.843,1.218
8.55,570,3.05316,3.6661,2.2855,-0.869,1.223
8.55,571,3.05328,3.6651,2.2975,-0.895,1.228
8.55,572,3.05341,3.6640,2.3096,-0.922,1.234
8.55,573,3.05353,3.6630,2.3217,-0.948,1.239
8.55,574,3.05366,3.6620,2.3338,-0.974,1.244
8.55,575,3.05378,3.6610,2.3459,-1.001,1.249
8.55,576,3.05391,3.6600,2.3581,-1.027,1.255
8.55,577,3.05403,3.6589,2.3702,-1.053,1.260
8.55,578,3.05416,3.6580,2.3824,-1.080,1.265
8.55,579,3.05428,3.6570,2.3946,-1.106,1.270
8.55,580,3.05441,3.6560,2.4068,-1.133,1.275
8.55,581,3.05453,3.6550,2.4190,-1.159,1.281
8.55,582,3.05465,3.6540,2.4312,-1.185,1.286
8.55,583,3.05478,3.6531,2.4434,-1.212,1.291
8.55,584,3.05490,3.6521,2.4557,-1.239,1.296
8.55,585,3.05503,3.6511,2.4680,-1.265,1.302
8.55,586,3.05515,3.6502,2.4802,-1.291,1.307
8.55,587,3.05528,3.6492,2.4925,-1.318,1.312
8.55,588,3.05540,3.6482,2.5048,-1.344,1.318
8.55,589,3.05552,3.6473,2.5171,-1.371,1.323
8.55,590,3.05565,3.6462,2.5293,-1.397,1.329
8.55,591,3.05577,3.6453,2.5416,-1.423,1.335
8.55,592,3.05590,3.6443,2.5539,-1.449,1.340
8.55,593,3.05602,3.6433,2.5662,-1.475,1.346
8.55,594,3.05614,3.6422,2.5784,-1.501,1.352
8.55,595,3.05626,3.6412,2.5907,-1.527,1.358
8.55,596,3.05638,3.6402,2.6030,-1.553,1.363
8.55,597,3.05650,3.6392,2.6153,-1.579,1.369
8.55,598,3.05663,3.6382,2.6276,-1.605,1.375
8.55,599,3.05675,3.6371,2.6399,-1.631,1.381
8.55,600,3.05687,3.6361,2.6522,-1.656,1.388
8.55,601,3.05699,3.6350,2.6646,-1.682,1.394
8.55,602,3.05711,3.6340,2.6769,-1.707,1.400
8.55,603,3.05724,3.6329,2.6893,-1.733,1.407
8.55,604,3.05737,3.6319,2.7014,-1.758,1.413
8.55,605,3.05754,3.6314,2.7072,-1.769,1.416
8.55,606,3.05758,3.6314,2.7066,-1.768,1.416
8.55,607,3.05761,3.6315,2.7054,-1.766,1.415
8.55,608,3.05765,3.6317,2.7039,-1.763,1.414
8.55,609,3.05768,3.6318,2.7021,-1.759,1.413
8.55,610,3.05772,3.6320,2.7001,-1.755,1.412
8.55,611,3.05775,3.6322,2.6980,-1.751,1.411
8.55,612,3.05779,3.6324,2.6957,-1.746,1.410
8.55,613,3.05783,3.6326,2.6934,-1.741,1.408
8.55,614,3.05787,3.6328,2.6911,-1.737,1.407
8.55,615,3.05792,3.6330,2.6886,-1.732,1.406
8.55,616,3.05797,3.6333,2.6861,-1.727,1.404
8.55,617,3.05802,3.6335,2.6835,-1.721,1.403
8.55,618,3.05808,3.6337,2.6809,-1.716,1.402
8.55,619,3.05814,3.6340,2.6782,-1.710,1.400
8.55,620,3.05821,3.6342,2.6754,-1.705,1.399
8.55,621,3.05829,3.6344,2.6726,-1.699,1.397
8.55,622,3.05837,3.6347,2.6696,-1.693,1.396
8.55,623,3.05846,3.6350,2.6667,-1.687,1.394
8.55,624,3.05855,3.6353,2.6636,-1.681,1.392
8.55,625,3.05865,3.6356,2.6604,-1.674,1.391
8.55,626,3.05876,3.6359,2.6572,-1.668,1.389
8.55,627,3.05886,3.6362,2.6539,-1.661,1.387
8.55,628,3.05898,3.6365,2.6507,-1.654,1.385
8.55,629,3.05910,3.6367,2.6474,-1.647,1.384
8.55,630,3.05922,3.6370,2.6441,-1.641,1.382
8.55,631,3.05936,3.6373,2.6408,-1.634,1.380
8.55,632,3.06003,3.6385,2.6278,-1.607,1.373
8.55,633,3.06075,3.6397,2.6149,-1.580,1.367
8.55,634,3.06138,3.6408,2.6020,-1.554,1.360
8.55,635,3.06195,3.6420,2.5890,-1.527,1.353
8.55,636,3.06248,3.6432,2.5760,-1.500,1.346
8.55,637,3.06300,3.6443,2.5628,-1.472,1.340
8.55,638,3.06349,3.6455,2.5497,-1.445,1.333
8.55,639,3.06395,3.6466,2.5365,-1.417,1.327
8.55,640,3.06441,3.6478,2.5233,-1.389,1.320
8.55,641,3.06485,3.6489,2.5101,-1.361,1.314
8.55,642,3.06528,3.6501,2.4969,-1.333,1.308
8.55,643,3.06569,3.6512,2.4837,-1.305,1.301
8.55,644,3.06611,3.6523,2.4704,-1.276,1.295
8.55,645,3.06651,3.6535,2.4571,-1.248,1.289
8.55,646,3.06691,3.6546,2.4439,-1.220,1.283
8.55,647,3.06731,3.6558,2.4305,-1.191,1.277
8.55,648,3.06771,3.6569,2.4172,-1.162,1.271
8.55,649,3.06811,3.6580,2.4039,-1.134,1.265
8.55,650,3.06850,3.6592,2.3907,-1.105,1.259
8.55,651,3.06891,3.6603,2.3774,-1.077,1.253
8.55,652,3.06931,3.6614,2.3641,-1.048,1.247
8.55,653,3.06973,3.6625,2.3508,-1.019,1.242
8.55,654,3.07015,3.6636,2.3375,-0.990,1.236
8.55,655,3.07059,3.6648,2.3242,-0.961,1.230
8.55,656,3.07103,3.6659,2.3110,-0.932,1.224
8.55,657,3.07149,3.6670,2.2977,-0.903,1.219
8.55,658,3.07196,3.6682,2.2845,-0.874,1.213
8.55,659,3.07245,3.6693,2.2712,-0.845,1.207
8.55,660,3.07297,3.6704,2.2580,-0.816,1.202
8.55,661,3.07352,3.6716,2.2449,-0.787,1.196
8.55,662,3.07410,3.6727,2.2317,-0.759,1.190
8.55,663,3.07471,3.6739,2.2186,-0.730,1.184
8.55,664,3.07538,3.6751,2.2056,-0.702,1.178
8.55,665,3.07608,3.6763,2.1926,-0.673,1.172
8.55,666,3.07686,3.6775,2.1797,-0.645,1.166
8.55,667,3.07771,3.6788,2.1670,-0.617,1.160
8.55,668,3.07866,3.6801,2.1543,-0.590,1.153
8.55,669,3.07974,3.6815,2.1418,-0.563,1.147
8.55,670,3.08099,3.6829,2.1295,-0.537,1.140
8.55,671,3.08247,3.6844,2.1177,-0.512,1.133
8.55,672,3.08431,3.6860,2.1062,-0.488,1.125
8.55,673,3.08678,3.6880,2.0959,-0.468,1.116
8.55,674,3.09069,3.6903,2.0881,-0.455,1.106
8.55,675,3.09956,3.6930,2.0900,-0.468,1.093
8.55,676,3.11391,3.6942,2.1072,-0.514,1.088
8.55,677,3.12833,3.6944,2.1269,-0.564,1.087
8.55,678,3.14245,3.6942,2.1462,-0.612,1.088
8.55,679,3.15479,3.6943,2.1647,-0.659,1.088
8.55,680,3.16649,3.6942,2.1820,-0.702,1.088
8.55,681,3.17889,3.6938,2.1996,-0.745,1.090
8.55,682,3.19067,3.6940,2.2188,-0.793,1.090
8.55,683,3.20301,3.6935,2.2368,-0.837,1.092
8.55,684,3.21467,3.6935,2.2553,-0.884,1.092
8.55,685,3.22536,3.6929,2.2700,-0.918,1.095
8.55,686,3.23815,3.6919,2.2859,-0.956,1.100
8.55,687,3.25015,3.6902,2.2986,-0.982,1.108
8.55,688,3.25706,3.6897,2.3081,-1.005,1.111
8.55,689,3.26367,3.6883,2.3126,-1.012,1.117
8.55,690,3.26909,3.6859,2.3156,-1.012,1.128
8.55,691,3.27346,3.6842,2.3214,-1.021,1.136
8.55,692,3.27639,3.6836,2.3267,-1.033,1.139
8.55,693,3.27862,3.6827,2.3294,-1.037,1.143
8.55,694,3.28083,3.6820,2.3299,-1.036,1.146
8.55,695,3.28305,3.6799,2.3363,-1.045,1.156
8.55,696,3.28461,3.6780,2.3440,-1.058,1.165
8.55,697,3.28568,3.6763,2.3526,-1.074,1.174
8.55,698,3.28645,3.6746,2.3619,-1.091,1.182
8.55,699,3.28699,3.6731,2.3717,-1.111,1.189
8.55,700,3.28739,3.6717,2.3818,-1.131,1.196
8.55,701,3.28767,3.6703,2.3921,-1.151,1.203
8.55,702,3.28786,3.6690,2.4023,-1.172,1.210
8.55,703,3.28801,3.6677,2.4125,-1.193,1.216
8.55,704,3.28811,3.6665,2.4227,-1.214,1.222
8.55,705,3.28819,3.6654,2.4327,-1.235,1.228
8.55,706,3.28825,3.6643,2.4426,-1.256,1.233
8.55,707,3.28830,3.6633,2.4524,-1.276,1.239
8.60,202,0.31052,3.5359,-1.9513,10.427,2.277
8.60,204,0.31202,3.5363,-1.9464,10.412,2.273
8.60,206,0.31353,3.5367,-1.9418,10.398,2.269
8.60,208,0.31505,3.5371,-1.9375,10.384,2.265
8.60,210,0.31661,3.5375,-1.9334,10.371,2.261
8.60,212,0.31820,3.5379,-1.9289,10.357,2.257
8.60,214,0.31981,3.5383,-1.9246,10.343,2.252
8.60,216,0.32697,3.5399,-1.9012,10.274,2.235
8.60,218,0.34864,3.5448,-1.8377,10.081,2.183
8.60,220,0.36123,3.5475,-1.8029,9.975,2.155
8.60,222,0.37940,3.5512,-1.7531,9.825,2.117
8.60,224,0.41475,3.5580,-1.6565,9.538,2.049
8.60,226,0.46965,3.5691,-1.5047,9.087,1.942
8.60,228,0.50719,3.5778,-1.3990,8.772,1.865
8.60,230,0.54729,3.5885,-1.2834,8.424,1.776
8.60,232,0.57635,3.5976,-1.1983,8.164,1.705
8.60,234,0.60276,3.6062,-1.1209,7.926,1.638
8.60,236,0.61913,3.6131,-1.0727,7.770,1.586
8.60,238,0.63553,3.6200,-1.0243,7.615,1.536
8.60,240,0.65178,3.6268,-0.9763,7.462,1.487
8.60,242,0.66821,3.6337,-0.9278,7.307,1.438
8.60,244,0.68426,3.6404,-0.8804,7.156,1.393
8.60,246,0.70110,3.6475,-0.8311,7.001,1.346
8.60,248,0.72279,3.6563,-0.7757,6.824,1.291
8.60,250,0.74552,3.6656,-0.7175,6.642,1.237
8.60,252,0.76643,3.6741,-0.6638,6.477,1.190
8.60,254,0.78859,3.6832,-0.6070,6.305,1.142
8.60,256,0.80936,3.6917,-0.5536,6.147,1.099
8.60,258,0.83022,3.7003,-0.4999,5.989,1.057
8.60,260,0.85099,3.7089,-0.4464,5.835,1.015
8.60,262,0.87036,3.7169,-0.3964,5.693,0.980
8.60,264,0.89121,3.7255,-0.3426,5.543,0.944
8.60,266,0.91100,3.7324,-0.2956,5.414,0.913
8.60,268,0.93108,3.7385,-0.2512,5.295,0.887
8.60,270,0.95143,3.7446,-0.2062,5.175,0.861
8.60,272,0.97030,3.7502,-0.1645,5.065,0.837
8.60,274,0.99456,3.7570,-0.1122,4.929,0.808
8.60,276,1.01748,3.7629,-0.0644,4.805,0.784
8.60,278,1.03225,3.7666,-0.0341,4.727,0.769
8.60,280,1.04827,3.7704,-0.0017,4.644,0.753
8.60,282,1.06782,3.7750,0.0373,4.544,0.734
8.60,284,1.08930,3.7799,0.0796,4.437,0.714
8.60,286,1.11429,3.7854,0.1280,4.315,0.692
8.60,288,1.13506,3.7898,0.1674,4.216,0.674
8.60,290,1.15759,3.7946,0.2094,4.110,0.655
8.60,292,1.18762,3.8007,0.2638,3.975,0.630
8.60,294,1.23079,3.8093,0.3397,3.786,0.596
8.60,296,1.27429,3.8178,0.4129,3.605,0.562
8.60,298,1.31059,3.8249,0.4719,3.459,0.535
8.60,300,1.34415,3.8313,0.5243,3.330,0.509
8.60,302,1.37133,3.8366,0.5654,3.228,0.489
8.60,304,1.40745,3.8436,0.6183,3.099,0.461
8.60,306,1.43863,3.8499,0.6623,2.992,0.437
8.60,308,1.47093,3.8566,0.7062,2.885,0.410
8.60,310,1.56116,3.8759,0.8215,2.612,0.335
8.60,312,1.59792,3.8831,0.8659,2.507,0.306
8.60,314,1.64091,3.8911,0.9158,2.390,0.274
8.60,316,1.67775,3.8972,0.9574,2.292,0.248
8.60,318,1.71565,3.9031,0.9987,2.195,0.224
8.60,320,1.75939,3.9100,1.0460,2.087,0.196
8.60,322,1.80070,3.9164,1.0896,1.988,0.170
8.60,324,1.84558,3.9235,1.1366,1.885,0.142
8.60,326,1.88649,3.9295,1.1783,1.793,0.120
8.60,328,1.93342,3.9361,1.2259,1.690,0.097
8.60,330,1.97743,3.9420,1.2698,1.596,0.078
8.60,332,2.02715,3.9481,1.3184,1.493,0.060
8.60,334,2.07448,3.9535,1.3640,1.396,0.045
8.60,336,2.11802,3.9584,1.4057,1.308,0.032
8.60,338,2.16494,3.9631,1.4499,1.215,0.020
8.60,340,2.21603,3.9678,1.4975,1.114,0.008
8.60,342,2.26801,3.9722,1.5456,1.011,-0.002
8.60,344,2.31685,3.9758,1.5904,0.913,-0.010
8.60,346,2.36459,3.9787,1.6338,0.817,-0.016
8.60,348,2.41630,3.9814,1.6809,0.711,-0.022
8.60,350,2.46273,3.9830,1.7224,0.614,-0.026
8.60,352,2.51070,3.9839,1.7653,0.510,-0.028
8.60,353,2.53265,3.9841,1.7851,0.462,-0.029
8.60,354,2.54389,3.9842,1.7951,0.437,-0.029
8.60,356,2.56690,3.9840,1.8154,0.385,-0.029
8.60,358,2.58738,3.9838,1.8338,0.338,-0.029
8.60,360,2.60886,3.9833,1.8529,0.288,-0.029
8.60,362,2.63215,3.9825,1.8735,0.233,-0.028
8.60,364,2.65151,3.9815,1.8907,0.186,-0.026
8.60,366,2.67231,3.9801,1.9091,0.134,-0.024
8.60,368,2.69375,3.9785,1.9281,0.079,-0.022
8.60,370,2.71008,3.9768,1.9423,0.036,-0.019
8.60,372,2.72519,3.9749,1.9554,-0.005,-0.016
8.60,374,2.74226,3.9727,1.9705,-0.052,-0.012
8.60,376,2.76202,3.9699,1.9879,-0.107,-0.007
8.60,378,2.77540,3.9675,1.9995,-0.146,-0.003
8.60,380,2.78939,3.9647,2.0115,-0.187,0.002
8.60,382,2.80337,3.9617,2.0234,-0.229,0.008
8.60,384,2.81704,3.9588,2.0348,-0.268,0.014
8.60,386,2.83018,3.9558,2.0459,-0.307,0.020
8.60,388,2.84298,3.9527,2.0569,-0.346,0.026
8.60,390,2.85569,3.9498,2.0682,-0.385,0.033
8.60,392,2.86883,3.9471,2.0808,-0.426,0.039
8.60,394,2.88354,3.9457,2.0973,-0.472,0.041
8.60,396,2.89447,3.9484,2.1147,-0.507,0.034
8.60,398,2.89910,3.9526,2.1262,-0.520,0.025
8.60,400,2.90161,3.9570,2.1354,-0.527,0.015
8.60,402,2.90322,3.9615,2.1436,-0.530,0.005
8.60,404,2.90430,3.9659,2.1514,-0.533,-0.003
8.60,406,2.90509,3.9703,2.1592,-0.534,-0.012
8.60,408,2.90566,3.9747,2.1670,-0.535,-0.020
8.60,410,2.90610,3.9789,2.1750,-0.537,-0.027
8.60,412,2.90643,3.9831,2.1833,-0.540,-0.034
8.60,414,2.90669,3.9872,2.1919,-0.544,-0.041
8.60,416,2.90690,3.9910,2.2008,-0.549,-0.047
8.60,418,2.90706,3.9947,2.2097,-0.555,-0.052
8.60,420,2.90720,3.9979,2.2179,-0.561,-0.057
8.60,422,2.90731,4.0002,2.2235,-0.565,-0.060
8.60,424,2.90740,4.0009,2.2233,-0.561,-0.061
8.60,426,2.90747,4.0000,2.2172,-0.550,-0.060
8.60,428,2.90753,3.9978,2.2068,-0.533,-0.057
8.60,430,2.90759,3.9948,2.1951,-0.518,-0.052
8.60,432,2.90765,3.9914,2.1846,-0.507,-0.047
8.60,434,2.90771,3.9874,2.1776,-0.507,-0.041
8.60,436,2.90779,3.9832,2.1772,-0.525,-0.034
8.60,438,2.90789,3.9792,2.1834,-0.557,-0.028
8.60,440,2.90800,3.9754,2.1924,-0.596,-0.022
8.60,442,2.90812,3.9717,2.2010,-0.633,-0.015
8.60,444,2.90827,3.9677,2.2080,-0.667,-0.008
8.60,446,2.90844,3.9636,2.2133,-0.697,-0.001
8.60,448,2.90863,3.9594,2.2175,-0.724,0.008
8.60,450,2.90885,3.9551,2.2206,-0.748,0.016
8.60,452,2.90909,3.9508,2.2229,-0.769,0.026
8.60,454,2.90936,3.9465,2.2245,-0.788,0.036
8.60,455,2.90955,3.9436,2.2253,-0.800,0.043
8.60,456,2.90975,3.9407,2.2260,-0.811,0.050
8.60,457,2.90996,3.9378,2.2264,-0.821,0.057
8.60,458,2.91017,3.9348,2.2266,-0.830,0.065
8.60,459,2.91038,3.9319,2.2267,-0.839,0.073
8.60,460,2.91060,3.9289,2.2266,-0.847,0.082
8.60,461,2.91082,3.9259,2.2264,-0.854,0.090
8.60,462,2.91104,3.9229,2.2261,-0.861,0.099
8.60,463,2.91125,3.9199,2.2257,-0.867,0.108
8.60,464,2.91147,3.9169,2.2252,-0.873,0.118
8.60,465,2.91168,3.9139,2.2245,-0.878,0.128
8.60,466,2.91189,3.9108,2.2238,-0.882,0.138
8.60,467,2.91209,3.9078,2.2229,-0.886,0.148
8.60,468,2.91229,3.9047,2.2220,-0.889,0.160
8.60,469,2.91248,3.9017,2.2210,-0.892,0.171
8.60,470,2.91267,3.8986,2.2199,-0.894,0.183
8.60,471,2.91285,3.8955,2.2186,-0.895,0.195
8.60,472,2.91302,3.8924,2.2174,-0.897,0.207
8.60,473,2.91319,3.8894,2.2160,-0.897,0.219
8.60,474,2.91336,3.8863,2.2145,-0.898,0.232
8.60,475,2.91352,3.8831,2.2130,-0.897,0.245
8.60,476,2.91367,3.8800,2.2113,-0.896,0.259
8.60,477,2.91382,3.8769,2.2096,-0.895,0.273
8.60,478,2.91396,3.8738,2.2079,-0.894,0.287
8.60,479,2.91410,3.8707,2.2060,-0.892,0.301
8.60,480,2.91423,3.8675,2.2041,-0.889,0.314
8.60,481,2.91436,3.8644,2.2021,-0.886,0.328
8.60,482,2.91448,3.8613,2.2000,-0.883,0.342
8.60,483,2.91460,3.8581,2.1979,-0.880,0.356
8.60,484,2.91472,3.8550,2.1957,-0.876,0.370
8.60,485,2.91483,3.8518,2.1935,-0.872,0.383
8.60,486,2.91493,3.8487,2.1912,-0.867,0.397
8.60,487,2.91504,3.8455,2.1888,-0.862,0.411
8.60,488,2.91514,3.8424,2.1864,-0.857,0.424
8.60,489,2.91524,3.8392,2.1839,-0.851,0.438
8.60,490,2.91533,3.8360,2.1813,-0.846,0.452
8.60,491,2.91542,3.8329,2.1787,-0.840,0.466
8.60,492,2.91551,3.8297,2.1760,-0.833,0.479
8.60,493,2.91559,3.8266,2.1733,-0.827,0.493
8.60,494,2.91568,3.8234,2.1705,-0.820,0.507
8.60,495,2.91576,3.8203,2.1677,-0.813,0.521
8.60,496,2.91584,3.8171,2.1648,-0.805,0.534
8.60,497,2.91591,3.8139,2.1619,-0.798,0.548
8.60,498,2.91599,3.8108,2.1589,-0.790,0.562
8.60,499,2.91606,3.8076,2.1558,-0.781,0.576
8.60,500,2.91613,3.8045,2.1527,-0.772,0.590
8.60,501,2.91620,3.8013,2.1495,-0.763,0.603
8.60,502,2.91626,3.7982,2.1462,-0.754,0.617
8.60,503,2.91633,3.7950,2.1428,-0.744,0.631
8.60,504,2.91640,3.7919,2.1393,-0.734,0.645
8.60,505,2.91646,3.7888,2.1356,-0.724,0.659
8.60,506,2.91652,3.7857,2.1319,-0.713,0.672
8.60,507,2.91659,3.7826,2.1280,-0.701,0.686
8.60,508,2.91665,3.7795,2.1240,-0.690,0.700
8.60,509,2.91672,3.7764,2.1197,-0.677,0.713
8.60,510,2.91678,3.7734,2.1151,-0.663,0.726
8.60,511,2.91685,3.7704,2.1101,-0.648,0.740
8.60,512,2.91692,3.7675,2.1047,-0.633,0.753
8.60,513,2.91699,3.7646,2.0990,-0.616,0.765
8.60,514,2.91706,3.7618,2.0930,-0.598,0.778
8.60,515,2.91713,3.7590,2.0867,-0.580,0.790
8.60,516,2.91720,3.7563,2.0800,-0.560,0.803
8.60,517,2.91727,3.7537,2.0730,-0.540,0.815
8.60,518,2.91734,3.7511,2.0654,-0.518,0.826
8.60,519,2.91742,3.7487,2.0572,-0.494,0.837
8.60,520,2.91750,3.7463,2.0486,-0.470,0.848
8.60,521,2.91757,3.7441,2.0396,-0.445,0.858
8.60,522,2.91765,3.7419,2.0304,-0.418,0.868
8.60,523,2.91772,3.7397,2.0208,-0.391,0.877
8.60,524,2.91779,3.7377,2.0110,-0.364,0.887
8.60,525,2.91786,3.7357,2.0010,-0.336,0.896
8.60,526,2.91794,3.7337,1.9908,-0.307,0.905
8.60,527,2.91801,3.7318,1.9805,-0.278,0.914
8.60,528,2.91808,3.7299,1.9701,-0.249,0.923
8.60,529,2.91815,3.7280,1.9597,-0.220,0.931
8.60,530,2.91822,3.7261,1.9494,-0.191,0.940
8.60,531,2.91830,3.7242,1.9391,-0.162,0.949
8.60,532,2.91838,3.7222,1.9291,-0.133,0.957
8.60,533,2.91846,3.7201,1.9197,-0.105,0.966
8.60,534,2.91855,3.7179,1.9113,-0.080,0.976
8.60,535,2.91865,3.7155,1.9047,-0.058,0.986
8.60,536,2.91874,3.7131,1.9002,-0.042,0.997
8.60,537,2.91884,3.7108,1.8976,-0.031,1.007
8.60,538,2.91894,3.7085,1.8965,-0.023,1.018
8.60,539,2.91904,3.7061,1.8970,-0.018,1.029
8.60,540,2.91914,3.7036,1.9002,-0.020,1.040
8.60,541,2.91925,3.7012,1.9064,-0.030,1.052
8.60,542,2.91934,3.6991,1.9151,-0.046,1.063
8.60,543,2.91944,3.6971,1.9250,-0.066,1.072
8.60,544,2.91952,3.6954,1.9358,-0.088,1.080
8.60,545,2.91961,3.6939,1.9469,-0.112,1.088
8.60,546,2.91970,3.6924,1.9582,-0.136,1.095
8.60,547,2.91978,3.6910,1.9698,-0.161,1.101
8.60,548,2.91987,3.6897,1.9814,-0.186,1.107
8.60,549,2.91997,3.6884,1.9931,-0.212,1.113
8.60,550,2.92006,3.6872,2.0048,-0.238,1.119
8.60,551,2.92016,3.6860,2.0166,-0.264,1.125
8.60,552,2.92027,3.6848,2.0284,-0.290,1.130
8.60,553,2.92037,3.6836,2.0402,-0.315,1.136
8.60,554,2.92048,3.6825,2.0520,-0.341,1.141
8.60,555,2.92060,3.6814,2.0638,-0.367,1.146
8.60,556,2.92071,3.6803,2.0756,-0.394,1.151
8.60,557,2.92083,3.6793,2.0874,-0.420,1.157
8.60,558,2.92095,3.6782,2.0993,-0.446,1.162
8.60,559,2.92107,3.6771,2.1111,-0.472,1.167
8.60,560,2.92118,3.6761,2.1230,-0.498,1.172
8.60,561,2.92130,3.6751,2.1348,-0.524,1.177
8.60,562,2.92142,3.6741,2.1467,-0.551,1.182
8.60,563,2.92154,3.6731,2.1586,-0.577,1.188
8.60,564,2.92166,3.6720,2.1705,-0.603,1.193
8.60,565,2.92178,3.6710,2.1825,-0.629,1.198
8.60,566,2.92191,3.6700,2.1944,-0.656,1.203
8.60,567,2.92203,3.6691,2.2064,-0.682,1.208
8.60,568,2.92215,3.6681,2.2184,-0.709,1.213
8.60,569,2.92227,3.6671,2.2304,-0.735,1.218
8.60,570,2.92239,3.6661,2.2424,-0.761,1.223
8.60,571,2.92251,3.6651,2.2544,-0.788,1.228
8.60,572,2.92263,3.6642,2.2664,-0.814,1.233
8.60,573,2.92275,3.6632,2.2784,-0.840,1.238
8.60,574,2.92288,3.6622,2.2904,-0.867,1.243
8.60,575,2.92300,3.6612,2.3025,-0.893,1.248
8.60,576,2.92312,3.6603,2.3145,-0.919,1.253
8.60,577,2.92324,3.6593,2.3266,-0.946,1.258
8.60,578,2.92336,3.6584,2.3387,-0.972,1.263
8.60,579,2.92349,3.6575,2.3508,-0.999,1.268
8.60,580,2.92361,3.6565,2.3629,-1.025,1.273
8.60,581,2.92373,3.6556,2.3750,-1.051,1.278
8.60,582,2.92385,3.6546,2.3871,-1.078,1.283
8.60,583,2.92397,3.6537,2.3993,-1.104,1.288
8.60,584,2.92409,3.6527,2.4114,-1.130,1.293
8.60,585,2.92421,3.6518,2.4235,-1.157,1.298
8.60,586,2.92434,3.6508,2.4357,-1.183,1.303
8.60,587,2.92446,3.6499,2.4478,-1.209,1.308
8.60,588,2.92458,3.6489,2.4600,-1.235,1.314
8.60,589,2.92470,3.6479,2.4721,-1.261,1.319
8.60,590,2.92482,3.6470,2.4843,-1.287,1.325
8.60,591,2.92493,3.6460,2.4964,-1.313,1.330
8.60,592,2.92505,3.6450,2.5086,-1.340,1.336
8.60,593,2.92517,3.6440,2.5207,-1.365,1.341
8.60,594,2.92529,3.6430,2.5329,-1.391,1.347
8.60,595,2.92541,3.6420,2.5450,-1.417,1.353
8.60,596,2.92553,3.6410,2.5572,-1.443,1.358
8.60,597,2.92564,3.6400,2.5694,-1.468,1.364
8.60,598,2.92576,3.6390,2.5815,-1.494,1.370
8.60,599,2.92587,3.6380,2.5937,-1.519,1.376
8.60,600,2.92599,3.6369,2.6059,-1.545,1.382
8.60,601,2.92611,3.6359,2.6181,-1.570,1.388
8.60,602,2.92623,3.6349,2.6303,-1.595,1.395
8.60,603,2.92635,3.6338,2.6426,-1.620,1.401
8.60,604,2.92648,3.6328,2.6545,-1.645,1.407
8.60,605,2.92663,3.6322,2.6612,-1.659,1.411
8.60,606,2.92668,3.6323,2.6604,-1.657,1.410
8.60,607,2.92672,3.6324,2.6587,-1.654,1.409
8.60,608,2.92675,3.6326,2.6563,-1.649,1.408
8.60,609,2.92679,3.6329,2.6536,-1.643,1.407
8.60,610,2.92682,3.6331,2.6507,-1.637,1.405
8.60,611,2.92685,3.6334,2.6476,-1.631,1.403
8.60,612,2.92689,3.6337,2.6443,-1.624,1.402
8.60,613,2.92693,3.6340,2.6410,-1.618,1.400
8.60,614,2.92697,3.6343,2.6377,-1.611,1.398
8.60,615,2.92701,3.6346,2.6343,-1.604,1.396
8.60,616,2.92706,3.6349,2.6308,-1.597,1.394
8.60,617,2.92712,3.6352,2.6272,-1.589,1.393
8.60,618,2.92717,3.6355,2.6236,-1.582,1.391
8.60,619,2.92724,3.6359,2.6199,-1.574,1.389
8.60,620,2.92730,3.6362,2.6161,-1.566,1.387
8.60,621,2.92738,3.6365,2.6122,-1.558,1.385
8.60,622,2.92746,3.6369,2.6083,-1.550,1.383
8.60,623,2.92754,3.6373,2.6043,-1.542,1.380
8.60,624,2.92763,3.6376,2.6002,-1.534,1.378
8.60,625,2.92773,3.6380,2.5961,-1.525,1.376
8.60,626,2.92782,3.6384,2.5920,-1.517,1.374
8.60,627,2.92793,3.6387,2.5878,-1.508,1.372
8.60,628,2.92804,3.6391,2.5836,-1.499,1.370
8.60,629,2.92816,3.6395,2.5793,-1.490,1.368
8.60,630,2.92828,3.6398,2.5751,-1.481,1.366
8.60,631,2.92842,3.6402,2.5709,-1.473,1.363
8.60,632,2.92894,3.6414,2.5575,-1.445,1.357
8.60,633,2.92950,3.6426,2.5442,-1.417,1.350
8.60,634,2.93001,3.6437,2.5309,-1.389,1.343
8.60,635,2.93047,3.6449,2.5175,-1.361,1.337
8.60,636,2.93089,3.6461,2.5041,-1.333,1.330
8.60,637,2.93131,3.6472,2.4906,-1.304,1.323
8.60,638,2.93170,3.6484,2.4772,-1.276,1.317
8.60,639,2.93207,3.6496,2.4637,-1.247,1.310
8.60,640,2.93244,3.6507,2.4501,-1.218,1.304
8.60,641,2.93281,3.6518,2.4365,-1.189,1.298
8.60,642,2.93316,3.6530,2.4230,-1.160,1.292
8.60,643,2.93350,3.6542,2.4095,-1.132,1.285
8.60,644,2.93384,3.6553,2.3958,-1.102,1.279
8.60,645,2.93418,3.6564,2.3822,-1.073,1.273
8.60,646,2.93452,3.6576,2.3687,-1.044,1.267
8.60,647,2.93485,3.6587,2.3550,-1.014,1.261
8.60,648,2.93519,3.6598,2.3415,-0.985,1.255
8.60,649,2.93552,3.6609,2.3278,-0.955,1.250
8.60,650,2.93586,3.6621,2.3143,-0.926,1.243
8.60,651,2.93620,3.6632,2.3006,-0.896,1.238
8.60,652,2.93655,3.6643,2.2871,-0.866,1.232
8.60,653,2.93690,3.6655,2.2735,-0.837,1.226
8.60,654,2.93727,3.6666,2.2599,-0.807,1.221
8.60,655,2.93764,3.6677,2.2463,-0.777,1.215
8.60,656,2.93803,3.6688,2.2327,-0.747,1.209
8.60,657,2.93842,3.6699,2.2191,-0.717,1.204
8.60,658,2.93882,3.6711,2.2056,-0.687,1.198
8.60,659,2.93925,3.6722,2.1921,-0.658,1.192
8.60,660,2.93971,3.6733,2.1785,-0.627,1.187
8.60,661,2.94019,3.6745,2.1651,-0.598,1.181
8.60,662,2.94070,3.6756,2.1517,-0.568,1.175
8.60,663,2.94124,3.6768,2.1383,-0.539,1.169
8.60,664,2.94183,3.6780,2.1250,-0.509,1.163
8.60,665,2.94246,3.6791,2.1116,-0.480,1.157
8.60,666,2.94315,3.6804,2.0985,-0.451,1.151
8.60,667,2.94391,3.6816,2.0854,-0.422,1.145
8.60,668,2.94476,3.6829,2.0725,-0.394,1.139
8.60,669,2.94574,3.6843,2.0597,-0.366,1.133
8.60,670,2.94688,3.6857,2.0472,-0.339,1.126
8.60,671,2.94825,3.6872,2.0350,-0.313,1.119
8.60,672,2.94998,3.6888,2.0234,-0.289,1.112
8.60,673,2.95246,3.6907,2.0131,-0.269,1.103
8.60,674,2.95739,3.6928,2.0071,-0.260,1.093
8.60,675,2.96563,3.6949,2.0093,-0.271,1.083
8.60,676,2.97860,3.6958,2.0244,-0.311,1.079
8.60,677,2.99178,3.6957,2.0421,-0.355,1.080
8.60,678,3.00532,3.6955,2.0604,-0.401,1.081
8.60,679,3.01917,3.6955,2.0798,-0.450,1.081
8.60,680,3.03285,3.6953,2.0990,-0.497,1.082
8.60,681,3.04582,3.6948,2.1170,-0.540,1.085
8.60,682,3.05816,3.6951,2.1363,-0.590,1.084
8.60,683,3.07162,3.6946,2.1555,-0.637,1.086
8.60,684,3.08304,3.6943,2.1729,-0.679,1.088
8.60,685,3.09458,3.6939,2.1901,-0.721,1.090
8.60,686,3.10764,3.6929,2.2072,-0.761,1.095
8.60,687,3.11999,3.6916,2.2224,-0.795,1.101
8.60,688,3.12706,3.6911,2.2325,-0.819,1.103
8.60,689,3.13409,3.6897,2.2394,-0.833,1.110
8.60,690,3.13936,3.6875,2.2439,-0.837,1.120
8.60,691,3.14354,3.6856,2.2498,-0.846,1.129
8.60,692,3.14677,3.6838,2.2564,-0.857,1.137
8.60,693,3.14834,3.6838,2.2608,-0.868,1.137
8.60,694,3.15039,3.6837,2.2608,-0.868,1.137
8.60,695,3.15243,3.6817,2.2682,-0.881,1.147
8.60,696,3.15380,3.6799,2.2768,-0.896,1.155
8.60,697,3.15479,3.6782,2.2861,-0.914,1.164
8.60,698,3.15550,3.6766,2.2960,-0.933,1.171
8.60,699,3.15600,3.6751,2.3064,-0.954,1.179
8.60,700,3.15637,3.6737,2.3170,-0.976,1.186
8.60,701,3.15663,3.6723,2.3277,-0.998,1.193
8.60,702,3.15681,3.6711,2.3384,-1.020,1.199
8.60,703,3.15695,3.6698,2.3491,-1.042,1.205
8.60,704,3.15704,3.6686,2.3598,-1.065,1.211
8.60,705,3.15712,3.6675,2.3703,-1.087,1.217
8.60,706,3.15718,3.6664,2.3808,-1.109,1.223
8.60,707,3.15722,3.6653,2.3910,-1.130,1.228
8.65,202,0.30152,3.5335,-1.9784,10.512,2.303
8.65,204,0.31011,3.5358,-1.9528,10.431,2.278
8.65,206,0.31161,3.5362,-1.9479,10.416,2.274
8.65,208,0.31311,3.5366,-1.9435,10.403,2.270
8.65,210,0.31466,3.5370,-1.9391,10.389,2.266
8.65,212,0.31623,3.5374,-1.9346,10.375,2.262
8.65,214,0.31782,3.5378,-1.9302,10.361,2.257
8.65,216,0.31945,3.5382,-1.9256,10.347,2.253
8.65,218,0.32526,3.5396,-1.9076,10.292,2.238
8.65,220,0.34221,3.5434,-1.8546,10.133,2.199
8.65,222,0.35710,3.5466,-1.8124,10.005,2.165
8.65,224,0.37171,3.5495,-1.7724,9.885,2.134
8.65,226,0.38748,3.5526,-1.7295,9.756,2.102
8.65,228,0.44819,3.5643,-1.5640,9.266,1.988
8.65,230,0.48591,3.5726,-1.4587,8.951,1.911
8.65,232,0.52264,3.5818,-1.3542,8.637,1.830
8.65,234,0.55866,3.5919,-1.2499,8.322,1.749
8.65,236,0.58617,3.6006,-1.1693,8.076,1.681
8.65,238,0.60823,3.6084,-1.1044,7.873,1.621
8.65,240,0.62449,3.6152,-1.0564,7.719,1.570
8.65,242,0.64096,3.6222,-1.0078,7.563,1.520
8.65,244,0.65701,3.6289,-0.9604,7.411,1.472
8.65,246,0.67359,3.6359,-0.9114,7.255,1.423
8.65,248,0.68933,3.6425,-0.8649,7.108,1.379
8.65,250,0.70834,3.6504,-0.8120,6.940,1.328
8.65,252,0.72952,3.6590,-0.7577,6.768,1.275
8.65,254,0.75193,3.6682,-0.7003,6.590,1.222
8.65,256,0.77294,3.6768,-0.6463,6.424,1.175
8.65,258,0.79409,3.6855,-0.5919,6.261,1.130
8.65,260,0.81508,3.6941,-0.5379,6.101,1.087
8.65,262,0.83475,3.7023,-0.4871,5.953,1.047
8.65,264,0.85581,3.7110,-0.4328,5.797,1.006
8.65,266,0.87538,3.7191,-0.3823,5.654,0.971
8.65,268,0.89500,3.7272,-0.3315,5.512,0.936
8.65,270,0.91538,3.7339,-0.2846,5.385,0.907
8.65,272,0.93447,3.7396,-0.2424,5.271,0.882
8.65,274,0.95478,3.7457,-0.1974,5.152,0.856
8.65,276,0.97416,3.7515,-0.1545,5.039,0.832
8.65,278,0.99969,3.7585,-0.0998,4.896,0.802
8.65,280,1.01972,3.7636,-0.0581,4.789,0.781
8.65,282,1.03374,3.7671,-0.0293,4.715,0.767
8.65,284,1.05081,3.7712,0.0053,4.626,0.750
8.65,286,1.06991,3.7756,0.0434,4.529,0.732
8.65,288,1.09089,3.7803,0.0847,4.424,0.712
8.65,290,1.11882,3.7865,0.1388,4.288,0.687
8.65,292,1.13685,3.7903,0.1731,4.201,0.672
8.65,294,1.16032,3.7952,0.2169,4.092,0.652
8.65,296,1.19145,3.8016,0.2734,3.951,0.627
8.65,298,1.23442,3.8101,0.3489,3.764,0.593
8.65,300,1.28099,3.8192,0.4272,3.570,0.557
8.65,302,1.31681,3.8261,0.4853,3.426,0.529
8.65,304,1.34883,3.8323,0.5351,3.303,0.505
8.65,306,1.37777,3.8378,0.5788,3.195,0.484
8.65,308,1.41416,3.8450,0.6320,3.066,0.456
8.65,310,1.44400,3.8509,0.6738,2.964,0.432
8.65,312,1.47771,3.8580,0.7197,2.852,0.404
8.65,314,1.56408,3.8760,0.8300,2.590,0.334
8.65,316,1.59996,3.8828,0.8732,2.488,0.307
8.65,318,1.64269,3.8904,0.9230,2.371,0.276
8.65,320,1.68012,3.8963,0.9651,2.271,0.252
8.65,322,1.71784,3.9019,1.0068,2.173,0.228
8.65,324,1.76148,3.9085,1.0542,2.063,0.202
8.65,326,1.80257,3.9146,1.0980,1.964,0.176
8.65,328,1.84662,3.9213,1.1447,1.859,0.149
8.65,330,1.88776,3.9271,1.1873,1.765,0.128
8.65,332,1.93407,3.9333,1.2350,1.660,0.106
8.65,334,1.97758,3.9388,1.2791,1.563,0.087
8.65,336,2.02686,3.9445,1.3282,1.456,0.069
8.65,338,2.07330,3.9493,1.3739,1.357,0.055
8.65,340,2.11626,3.9538,1.4161,1.266,0.042
8.65,342,2.16217,3.9579,1.4604,1.169,0.031
8.65,344,2.21130,3.9617,1.5074,1.065,0.021
8.65,346,2.26282,3.9651,1.5565,0.955,0.012
8.65,348,2.30808,3.9676,1.5994,0.857,0.006
8.65,350,2.35521,3.9694,1.6436,0.754,0.001
8.65,352,2.39726,3.9705,1.6830,0.659,-0.002
8.65,353,2.42353,3.9708,1.7076,0.599,-0.003
8.65,354,2.43088,3.9707,1.7141,0.582,-0.003
8.65,356,2.45406,3.9707,1.7356,0.528,-0.003
8.65,358,2.47762,3.9703,1.7575,0.472,-0.003
8.65,360,2.50007,3.9698,1.7784,0.417,-0.003
8.65,362,2.51988,3.9686,1.7961,0.368,-0.001
8.65,364,2.53894,3.9678,1.8139,0.321,0.001
8.65,366,2.55780,3.9664,1.8310,0.272,0.003
8.65,368,2.57533,3.9649,1.8471,0.226,0.006
8.65,370,2.59132,3.9633,1.8616,0.183,0.009
8.65,372,2.60808,3.9613,1.8770,0.137,0.012
8.65,374,2.62551,3.9590,1.8930,0.088,0.017
8.65,376,2.64058,3.9565,1.9065,0.045,0.022
8.65,378,2.65406,3.9541,1.9185,0.006,0.027
8.65,380,2.66821,3.9512,1.9312,-0.036,0.033
8.65,382,2.68251,3.9481,1.9439,-0.079,0.040
8.65,384,2.69601,3.9451,1.9561,-0.120,0.047
8.65,386,2.70736,3.9422,1.9661,-0.154,0.054
8.65,388,2.71784,3.9393,1.9754,-0.186,0.061
8.65,390,2.72954,3.9364,1.9863,-0.222,0.069
8.65,392,2.74238,3.9336,1.9991,-0.263,0.076
8.65,394,2.75962,3.9320,2.0195,-0.318,0.080
8.65,396,2.76878,3.9350,2.0357,-0.351,0.071
8.65,398,2.77274,3.9392,2.0466,-0.366,0.059
8.65,400,2.77500,3.9437,2.0557,-0.374,0.047
8.65,402,2.77641,3.9481,2.0640,-0.380,0.036
8.65,404,2.77741,3.9526,2.0719,-0.384,0.026
8.65,406,2.77811,3.9570,2.0798,-0.388,0.016
8.65,408,2.77864,3.9613,2.0877,-0.391,0.007
8.65,410,2.77903,3.9656,2.0959,-0.395,-0.002
8.65,412,2.77934,3.9698,2.1043,-0.399,-0.010
8.65,414,2.77958,3.9739,2.1131,-0.404,-0.018
8.65,416,2.77977,3.9778,2.1222,-0.410,-0.025
8.65,418,2.77991,3.9814,2.1313,-0.417,-0.031
8.65,420,2.78004,3.9847,2.1395,-0.424,-0.036
8.65,422,2.78014,3.9870,2.1452,-0.428,-0.040
8.65,424,2.78023,3.9877,2.1448,-0.424,-0.041
8.65,426,2.78029,3.9867,2.1385,-0.412,-0.040
8.65,428,2.78035,3.9845,2.1278,-0.395,-0.036
8.65,430,2.78040,3.9815,2.1159,-0.379,-0.031
8.65,432,2.78046,3.9779,2.1055,-0.368,-0.024
8.65,434,2.78053,3.9739,2.0988,-0.368,-0.017
8.65,436,2.78061,3.9696,2.0993,-0.387,-0.010
8.65,438,2.78070,3.9657,2.1062,-0.420,-0.002
8.65,440,2.78081,3.9619,2.1154,-0.458,0.005
8.65,442,2.78093,3.9581,2.1238,-0.494,0.012
8.65,444,2.78108,3.9541,2.1303,-0.526,0.021
8.65,446,2.78125,3.9499,2.1353,-0.553,0.030
8.65,448,2.78145,3.9457,2.1390,-0.577,0.039
8.65,450,2.78167,3.9414,2.1419,-0.598,0.050
8.65,452,2.78192,3.9371,2.1439,-0.617,0.061
8.65,454,2.78220,3.9327,2.1453,-0.633,0.073
8.65,455,2.78239,3.9298,2.1459,-0.642,0.081
8.65,456,2.78259,3.9269,2.1463,-0.651,0.090
8.65,457,2.78279,3.9240,2.1466,-0.659,0.098
8.65,458,2.78300,3.9211,2.1467,-0.666,0.107
8.65,459,2.78322,3.9182,2.1466,-0.672,0.116
8.65,460,2.78343,3.9153,2.1464,-0.678,0.126
8.65,461,2.78365,3.9123,2.1461,-0.683,0.136
8.65,462,2.78386,3.9094,2.1457,-0.688,0.146
8.65,463,2.78407,3.9064,2.1451,-0.692,0.156
8.65,464,2.78428,3.9034,2.1445,-0.696,0.167
8.65,465,2.78448,3.9005,2.1437,-0.699,0.179
8.65,466,2.78468,3.8975,2.1429,-0.702,0.191
8.65,467,2.78488,3.8945,2.1419,-0.704,0.203
8.65,468,2.78507,3.8914,2.1409,-0.705,0.214
8.65,469,2.78526,3.8884,2.1398,-0.707,0.226
8.65,470,2.78544,3.8854,2.1386,-0.707,0.239
8.65,471,2.78561,3.8823,2.1373,-0.707,0.252
8.65,472,2.78578,3.8793,2.1359,-0.707,0.266
8.65,473,2.78594,3.8762,2.1345,-0.706,0.279
8.65,474,2.78610,3.8732,2.1329,-0.705,0.293
8.65,475,2.78625,3.8701,2.1313,-0.704,0.306
8.65,476,2.78640,3.8670,2.1296,-0.702,0.319
8.65,477,2.78654,3.8640,2.1278,-0.699,0.333
8.65,478,2.78668,3.8609,2.1259,-0.696,0.346
8.65,479,2.78681,3.8578,2.1240,-0.693,0.360
8.65,480,2.78693,3.8547,2.1220,-0.690,0.373
8.65,481,2.78706,3.8516,2.1199,-0.686,0.386
8.65,482,2.78717,3.8485,2.1178,-0.682,0.400
8.65,483,2.78729,3.8454,2.1156,-0.678,0.413
8.65,484,2.78740,3.8423,2.1134,-0.673,0.427
8.65,485,2.78751,3.8392,2.1111,-0.668,0.440
8.65,486,2.78761,3.8361,2.1087,-0.663,0.454
8.65,487,2.78771,3.8330,2.1062,-0.657,0.467
8.65,488,2.78781,3.8299,2.1038,-0.651,0.480
8.65,489,2.78790,3.8268,2.1012,-0.645,0.494
8.65,490,2.78799,3.8236,2.0986,-0.639,0.507
8.65,491,2.78808,3.8205,2.0959,-0.632,0.521
8.65,492,2.78816,3.8174,2.0932,-0.625,0.534
8.65,493,2.78824,3.8143,2.0904,-0.618,0.548
8.65,494,2.78832,3.8112,2.0875,-0.610,0.561
8.65,495,2.78840,3.8081,2.0847,-0.602,0.575
8.65,496,2.78848,3.8050,2.0817,-0.594,0.588
8.65,497,2.78855,3.8018,2.0787,-0.586,0.602
8.65,498,2.78862,3.7987,2.0756,-0.577,0.616
8.65,499,2.78869,3.7956,2.0724,-0.568,0.629
8.65,500,2.78876,3.7925,2.0691,-0.558,0.643
8.65,501,2.78883,3.7894,2.0657,-0.548,0.656
8.65,502,2.78890,3.7864,2.0622,-0.538,0.670
8.65,503,2.78897,3.7833,2.0584,-0.527,0.683
8.65,504,2.78904,3.7802,2.0545,-0.516,0.697
8.65,505,2.78911,3.7772,2.0504,-0.503,0.710
8.65,506,2.78918,3.7742,2.0461,-0.491,0.723
8.65,507,2.78925,3.7712,2.0415,-0.477,0.736
8.65,508,2.78932,3.7683,2.0366,-0.462,0.750
8.65,509,2.78939,3.7654,2.0312,-0.446,0.762
8.65,510,2.78947,3.7626,2.0253,-0.429,0.775
8.65,511,2.78955,3.7599,2.0186,-0.410,0.787
8.65,512,2.78963,3.7573,2.0113,-0.389,0.798
8.65,513,2.78971,3.7548,2.0036,-0.367,0.810
8.65,514,2.78979,3.7524,1.9954,-0.344,0.820
8.65,515,2.78988,3.7501,1.9869,-0.320,0.831
8.65,516,2.78996,3.7478,1.9781,-0.295,0.841
8.65,517,2.79003,3.7456,1.9689,-0.269,0.851
8.65,518,2.79011,3.7435,1.9595,-0.243,0.860
8.65,519,2.79019,3.7415,1.9497,-0.216,0.869
8.65,520,2.79026,3.7396,1.9397,-0.188,0.878
8.65,521,2.79033,3.7377,1.9295,-0.160,0.887
8.65,522,2.79040,3.7358,1.9192,-0.131,0.895
8.65,523,2.79047,3.7340,1.9087,-0.102,0.903
8.65,524,2.79054,3.7323,1.8982,-0.073,0.911
8.65,525,2.79061,3.7305,1.8876,-0.044,0.920
8.65,526,2.79068,3.7288,1.8770,-0.014,0.927
8.65,527,2.79075,3.7270,1.8664,0.015,0.935
8.65,528,2.79082,3.7252,1.8560,0.045,0.943
8.65,529,2.79089,3.7234,1.8457,0.074,0.952
8.65,530,2.79097,3.7215,1.8357,0.102,0.960
8.65,531,2.79105,3.7194,1.8262,0.130,0.969
8.65,532,2.79114,3.7172,1.8175,0.156,0.978
8.65,533,2.79124,3.7147,1.8103,0.180,0.989
8.65,534,2.79136,3.7119,1.8059,0.197,1.002
8.65,535,2.79148,3.7090,1.8058,0.203,1.015
8.65,536,2.79160,3.7062,1.8104,0.198,1.028
8.65,537,2.79170,3.7038,1.8180,0.185,1.039
8.65,538,2.79180,3.7018,1.8273,0.167,1.049
8.65,539,2.79188,3.6999,1.8375,0.146,1.058
8.65,540,2.79197,3.6983,1.8483,0.123,1.066
8.65,541,2.79205,3.6967,1.8593,0.099,1.074
8.65,542,2.79213,3.6953,1.8706,0.075,1.080
8.65,543,2.79222,3.6940,1.8821,0.050,1.087
8.65,544,2.79231,3.6927,1.8936,0.025,1.093
8.65,545,2.79240,3.6914,1.9052,-0.001,1.099
8.65,546,2.79249,3.6902,1.9168,-0.026,1.105
8.65,547,2.79259,3.6891,1.9284,-0.052,1.110
8.65,548,2.79270,3.6879,1.9400,-0.078,1.115
8.65,549,2.79280,3.6868,1.9517,-0.104,1.120
8.65,550,2.79291,3.6857,1.9633,-0.129,1.126
8.65,551,2.79303,3.6847,1.9749,-0.155,1.131
8.65,552,2.79314,3.6836,1.9866,-0.181,1.135
8.65,553,2.79326,3.6826,1.9983,-0.207,1.140
8.65,554,2.79337,3.6816,2.0100,-0.233,1.145
8.65,555,2.79349,3.6806,2.0217,-0.259,1.150
8.65,556,2.79361,3.6796,2.0335,-0.286,1.155
8.65,557,2.79372,3.6786,2.0452,-0.312,1.159
8.65,558,2.79384,3.6776,2.0570,-0.338,1.164
8.65,559,2.79396,3.6766,2.0688,-0.364,1.169
8.65,560,2.79407,3.6757,2.0806,-0.391,1.174
8.65,561,2.79419,3.6747,2.0924,-0.417,1.179
8.65,562,2.79431,3.6737,2.1043,-0.443,1.184
8.65,563,2.79442,3.6728,2.1161,-0.470,1.189
8.65,564,2.79454,3.6718,2.1280,-0.496,1.193
8.65,565,2.79466,3.6709,2.1398,-0.522,1.198
8.65,566,2.79478,3.6699,2.1517,-0.548,1.203
8.65,567,2.79489,3.6690,2.1636,-0.575,1.208
8.65,568,2.79501,3.6680,2.1755,-0.601,1.213
8.65,569,2.79513,3.6671,2.1874,-0.627,1.218
8.65,570,2.79524,3.6662,2.1993,-0.654,1.222
8.65,571,2.79536,3.6652,2.2113,-0.680,1.227
8.65,572,2.79548,3.6643,2.2232,-0.707,1.232
8.65,573,2.79560,3.6634,2.2352,-0.733,1.236
8.65,574,2.79572,3.6625,2.2472,-0.759,1.241
8.65,575,2.79583,3.6616,2.2592,-0.786,1.246
8.65,576,2.79596,3.6607,2.2711,-0.812,1.250
8.65,577,2.79607,3.6598,2.2831,-0.839,1.255
8.65,578,2.79619,3.6588,2.2951,-0.865,1.260
8.65,579,2.79631,3.6579,2.3071,-0.891,1.265
8.65,580,2.79643,3.6570,2.3191,-0.917,1.270
8.65,581,2.79655,3.6561,2.3311,-0.944,1.275
8.65,582,2.79666,3.6552,2.3432,-0.970,1.279
8.65,583,2.79678,3.6543,2.3552,-0.996,1.284
8.65,584,2.79690,3.6533,2.3672,-1.022,1.290
8.65,585,2.79702,3.6524,2.3793,-1.049,1.295
8.65,586,2.79713,3.6514,2.3913,-1.074,1.300
8.65,587,2.79725,3.6505,2.4033,-1.100,1.305
8.65,588,2.79736,3.6495,2.4153,-1.126,1.310
8.65,589,2.79748,3.6486,2.4274,-1.152,1.316
8.65,590,2.79760,3.6476,2.4394,-1.178,1.321
8.65,591,2.79771,3.6466,2.4515,-1.204,1.326
8.65,592,2.79782,3.6457,2.4635,-1.230,1.332
8.65,593,2.79794,3.6447,2.4755,-1.255,1.337
8.65,594,2.79805,3.6437,2.4876,-1.281,1.343
8.65,595,2.79817,3.6427,2.4996,-1.307,1.349
8.65,596,2.79828,3.6417,2.5117,-1.332,1.354
8.65,597,2.79839,3.6407,2.5237,-1.357,1.360
8.65,598,2.79850,3.6397,2.5358,-1.383,1.366
8.65,599,2.79861,3.6387,2.5479,-1.408,1.372
8.65,600,2.79872,3.6377,2.5600,-1.433,1.378
8.65,601,2.79883,3.6367,2.5720,-1.459,1.384
8.65,602,2.79895,3.6357,2.5841,-1.484,1.390
8.65,603,2.79906,3.6346,2.5962,-1.509,1.396
8.65,604,2.79918,3.6336,2.6081,-1.533,1.402
8.65,605,2.79933,3.6329,2.6168,-1.551,1.406
8.65,606,2.79938,3.6329,2.6161,-1.550,1.406
8.65,607,2.79943,3.6331,2.6138,-1.545,1.405
8.65,608,2.79946,3.6334,2.6105,-1.538,1.403
8.65,609,2.79950,3.6337,2.6068,-1.531,1.401
8.65,610,2.79953,3.6341,2.6028,-1.522,1.399
8.65,611,2.79956,3.6344,2.5986,-1.514,1.397
8.65,612,2.79960,3.6348,2.5943,-1.505,1.395
8.65,613,2.79963,3.6352,2.5898,-1.495,1.393
8.65,614,2.79967,3.6356,2.5853,-1.487,1.390
8.65,615,2.79971,3.6360,2.5807,-1.477,1.388
8.65,616,2.79976,3.6364,2.5760,-1.467,1.385
8.65,617,2.79981,3.6368,2.5713,-1.457,1.383
8.65,618,2.79987,3.6373,2.5665,-1.448,1.380
8.65,619,2.79993,3.6377,2.5616,-1.437,1.378
8.65,620,2.79999,3.6381,2.5567,-1.427,1.375
8.65,621,2.80007,3.6385,2.5516,-1.417,1.373
8.65,622,2.80015,3.6390,2.5465,-1.406,1.370
8.65,623,2.80024,3.6394,2.5413,-1.395,1.368
8.65,624,2.80033,3.6399,2.5361,-1.384,1.365
8.65,625,2.80043,3.6404,2.5309,-1.374,1.362
8.65,626,2.80053,3.6409,2.5256,-1.363,1.359
8.65,627,2.80063,3.6413,2.5203,-1.352,1.357
8.65,628,2.80075,3.6418,2.5149,-1.340,1.354
8.65,629,2.80087,3.6422,2.5096,-1.329,1.352
8.65,630,2.80101,3.6427,2.5042,-1.318,1.349
8.65,631,2.80115,3.6431,2.4989,-1.307,1.346
8.65,632,2.80157,3.6443,2.4850,-1.277,1.340
8.65,633,2.80204,3.6455,2.4712,-1.248,1.333
8.65,634,2.80248,3.6467,2.4575,-1.219,1.326
8.65,635,2.80287,3.6479,2.4437,-1.190,1.319
8.65,636,2.80324,3.6491,2.4299,-1.161,1.313
8.65,637,2.80359,3.6502,2.4160,-1.131,1.307
8.65,638,2.80392,3.6514,2.4021,-1.101,1.300
8.65,639,2.80424,3.6526,2.3882,-1.072,1.294
8.65,640,2.80456,3.6537,2.3742,-1.042,1.287
8.65,641,2.80488,3.6548,2.3602,-1.011,1.281
8.65,642,2.80519,3.6560,2.3463,-0.982,1.275
8.65,643,2.80549,3.6572,2.3324,-0.952,1.269
8.65,644,2.80580,3.6583,2.3184,-0.921,1.263
8.65,645,2.80610,3.6595,2.3044,-0.891,1.257
8.65,646,2.80640,3.6606,2.2905,-0.861,1.251
8.65,647,2.80670,3.6617,2.2764,-0.830,1.245
8.65,648,2.80700,3.6629,2.2625,-0.799,1.239
8.65,649,2.80731,3.6641,2.2485,-0.769,1.233
8.65,650,2.80762,3.6652,2.2346,-0.738,1.227
8.65,651,2.80794,3.6663,2.2205,-0.707,1.222
8.65,652,2.80827,3.6674,2.2065,-0.677,1.216
8.65,653,2.80859,3.6685,2.1926,-0.646,1.210
8.65,654,2.80893,3.6697,2.1786,-0.615,1.205
8.65,655,2.80928,3.6708,2.1646,-0.584,1.199
8.65,656,2.80964,3.6719,2.1507,-0.553,1.193
8.65,657,2.81001,3.6731,2.1367,-0.522,1.187
8.65,658,2.81040,3.6742,2.1228,-0.491,1.182
8.65,659,2.81082,3.6753,2.1089,-0.460,1.176
8.65,660,2.81126,3.6764,2.0950,-0.429,1.170
8.65,661,2.81173,3.6776,2.0812,-0.399,1.165
8.65,662,2.81224,3.6787,2.0674,-0.368,1.159
8.65,663,2.81278,3.6799,2.0536,-0.337,1.153
8.65,664,2.81335,3.6811,2.0399,-0.307,1.148
8.65,665,2.81399,3.6823,2.0263,-0.276,1.142
8.65,666,2.81469,3.6835,2.0127,-0.246,1.136
8.65,667,2.81547,3.6847,1.9992,-0.216,1.131
8.65,668,2.81635,3.6861,1.9860,-0.187,1.124
8.65,669,2.81739,3.6874,1.9729,-0.159,1.118
8.65,670,2.81863,3.6889,1.9602,-0.131,1.111
8.65,671,2.82018,3.6905,1.9479,-0.105,1.104
8.65,672,2.82229,3.6922,1.9364,-0.081,1.096
8.65,673,2.82576,3.6942,1.9270,-0.063,1.086
8.65,674,2.83571,3.6962,1.9290,-0.074,1.077
8.65,675,2.84877,3.6965,1.9436,-0.111,1.076
8.65,676,2.86272,3.6967,1.9609,-0.155,1.075
8.65,677,2.87628,3.6966,1.9788,-0.199,1.075
8.65,678,2.88927,3.6964,1.9965,-0.243,1.077
8.65,679,2.90166,3.6963,2.0140,-0.287,1.077
8.65,680,2.91389,3.6961,2.0316,-0.330,1.078
8.65,681,2.92568,3.6957,2.0485,-0.372,1.080
8.65,682,2.93647,3.6959,2.0655,-0.415,1.080
8.65,683,2.94870,3.6955,2.0833,-0.458,1.081
8.65,684,2.95897,3.6950,2.0986,-0.495,1.084
8.65,685,2.96946,3.6948,2.1154,-0.537,1.085
8.65,686,2.98093,3.6940,2.1314,-0.575,1.089
8.65,687,2.99241,3.6931,2.1477,-0.613,1.093
8.65,688,2.99929,3.6928,2.1579,-0.637,1.095
8.65,689,3.00784,3.6909,2.1674,-0.656,1.103
8.65,690,3.01411,3.6890,2.1754,-0.670,1.113
8.65,691,3.01839,3.6876,2.1817,-0.682,1.119
8.65,692,3.02141,3.6855,2.1894,-0.695,1.129
8.65,693,3.02322,3.6858,2.1933,-0.706,1.127
8.65,694,3.02585,3.6847,2.1970,-0.712,1.132
8.65,695,3.02760,3.6829,2.2056,-0.727,1.141
8.65,696,3.02879,3.6812,2.2151,-0.746,1.149
8.65,697,3.02965,3.6796,2.2253,-0.766,1.157
8.65,698,3.03027,3.6781,2.2358,-0.787,1.164
8.65,699,3.03072,3.6766,2.2466,-0.809,1.171
8.65,700,3.03105,3.6752,2.2577,-0.832,1.178
8.65,701,3.03129,3.6739,2.2688,-0.856,1.185
8.65,702,3.03146,3.6726,2.2799,-0.879,1.191
8.65,703,3.03158,3.6714,2.2910,-0.902,1.197
8.65,704,3.03168,3.6702,2.3020,-0.926,1.203
8.65,705,3.03175,3.6691,2.3129,-0.949,1.208
8.65,706,3.03180,3.6680,2.3235,-0.972,1.214
8.65,707,3.03185,3.6670,2.3341,-0.994,1.219
8.70,202,0.27232,3.5265,-2.0691,10.790,2.379
8.70,204,0.29741,3.5325,-1.9909,10.550,2.314
8.70,206,0.30813,3.5353,-1.9586,10.450,2.284
8.70,208,0.31117,3.5361,-1.9494,10.421,2.275
8.70,210,0.31270,3.5365,-1.9448,10.407,2.271
8.70,212,0.31426,3.5369,-1.9402,10.392,2.267
8.70,214,0.31583,3.5373,-1.9359,10.379,2.263
8.70,216,0.31745,3.5377,-1.9312,10.364,2.258
8.70,218,0.31908,3.5381,-1.9265,10.350,2.254
8.70,220,0.32346,3.5392,-1.9136,10.310,2.243
8.70,222,0.33546,3.5419,-1.8751,10.195,2.214
8.70,224,0.35371,3.5458,-1.8199,10.030,2.173
8.70,226,0.36594,3.5483,-1.7864,9.928,2.147
8.70,228,0.37974,3.5510,-1.7489,9.816,2.119
8.70,230,0.41264,3.5573,-1.6597,9.551,2.056
8.70,232,0.46526,3.5679,-1.5157,9.122,1.954
8.70,234,0.50100,3.5759,-1.4162,8.826,1.881
8.70,236,0.53723,3.5857,-1.3118,8.510,1.799
8.70,238,0.56876,3.5950,-1.2200,8.231,1.725
8.70,240,0.59541,3.6034,-1.1417,7.992,1.659
8.70,242,0.61371,3.6106,-1.0877,7.820,1.604
8.70,244,0.62975,3.6174,-1.0403,7.668,1.554
8.70,246,0.64638,3.6244,-0.9912,7.511,1.504
8.70,248,0.66210,3.6310,-0.9448,7.362,1.457
8.70,250,0.67893,3.6381,-0.8951,7.204,1.408
8.70,252,0.69457,3.6446,-0.8488,7.058,1.364
8.70,254,0.71528,3.6532,-0.7935,6.882,1.310
8.70,256,0.73653,3.6619,-0.7390,6.710,1.258
8.70,258,0.75796,3.6707,-0.6839,6.540,1.208
8.70,260,0.77917,3.6794,-0.6294,6.373,1.161
8.70,262,0.79915,3.6877,-0.5779,6.219,1.119
8.70,264,0.82041,3.6964,-0.5230,6.057,1.076
8.70,266,0.84014,3.7046,-0.4721,5.909,1.036
8.70,268,0.86012,3.7128,-0.4204,5.762,0.998
8.70,270,0.88008,3.7211,-0.3688,5.616,0.962
8.70,272,0.89868,3.7288,-0.3206,5.482,0.929
8.70,274,0.91921,3.7351,-0.2747,5.358,0.901
8.70,276,0.93877,3.7410,-0.2314,5.242,0.876
8.70,278,0.95746,3.7466,-0.1899,5.132,0.852
8.70,280,0.97742,3.7526,-0.1456,5.016,0.827
8.70,282,1.00309,3.7595,-0.0909,4.874,0.798
8.70,284,1.02184,3.7643,-0.0519,4.773,0.778
8.70,286,1.03581,3.7677,-0.0232,4.699,0.764
8.70,288,1.05272,3.7717,0.0112,4.611,0.747
8.70,290,1.07296,3.7764,0.0515,4.508,0.728
8.70,292,1.09381,3.7811,0.0928,4.404,0.709
8.70,294,1.12150,3.7872,0.1465,4.269,0.684
8.70,296,1.13815,3.7907,0.1781,4.189,0.670
8.70,298,1.16240,3.7958,0.2234,4.075,0.650
8.70,300,1.19511,3.8024,0.2829,3.927,0.623
8.70,302,1.23803,3.8109,0.3585,3.740,0.589
8.70,304,1.28830,3.8207,0.4428,3.531,0.551
8.70,306,1.32260,3.8273,0.4984,3.393,0.525
8.70,308,1.35284,3.8331,0.5454,3.277,0.502
8.70,310,1.38381,3.8390,0.5921,3.163,0.479
8.70,312,1.42120,3.8463,0.6467,3.029,0.450
8.70,314,1.44943,3.8520,0.6862,2.933,0.428
8.70,316,1.48410,3.8592,0.7332,2.819,0.399
8.70,318,1.56675,3.8759,0.8385,2.569,0.334
8.70,320,1.60235,3.8823,0.8815,2.467,0.308
8.70,322,1.64466,3.8894,0.9310,2.349,0.279
8.70,324,1.68196,3.8949,0.9730,2.249,0.256
8.70,326,1.71962,3.9003,1.0151,2.150,0.234
8.70,328,1.76353,3.9066,1.0632,2.037,0.208
8.70,330,1.80416,3.9125,1.1073,1.936,0.184
8.70,332,1.84738,3.9186,1.1537,1.831,0.158
8.70,334,1.88853,3.9241,1.1970,1.734,0.137
8.70,336,1.93406,3.9299,1.2447,1.627,0.116
8.70,338,1.97700,3.9349,1.2891,1.527,0.098
8.70,340,2.02569,3.9399,1.3387,1.417,0.081
8.70,342,2.07061,3.9441,1.3840,1.315,0.068
8.70,344,2.11310,3.9479,1.4268,1.219,0.056
8.70,346,2.15771,3.9510,1.4710,1.118,0.047
8.70,348,2.20322,3.9536,1.5160,1.014,0.039
8.70,350,2.25296,3.9557,1.5647,0.899,0.033
8.70,352,2.29463,3.9570,1.6054,0.801,0.029
8.70,353,2.31731,3.9572,1.6275,0.747,0.028
8.70,354,2.32985,3.9573,1.6394,0.717,0.027
8.70,356,2.35071,3.9573,1.6597,0.666,0.027
8.70,358,2.36910,3.9568,1.6772,0.621,0.027
8.70,360,2.38855,3.9564,1.6961,0.572,0.028
8.70,362,2.41064,3.9556,1.7174,0.516,0.029
8.70,364,2.42829,3.9545,1.7340,0.470,0.031
8.70,366,2.44315,3.9534,1.7481,0.431,0.033
8.70,368,2.46580,3.9516,1.7697,0.370,0.037
8.70,370,2.48247,3.9497,1.7855,0.324,0.041
8.70,372,2.49952,3.9476,1.8017,0.277,0.045
8.70,374,2.51392,3.9451,1.8149,0.235,0.051
8.70,376,2.52808,3.9427,1.8280,0.195,0.057
8.70,378,2.54198,3.9403,1.8411,0.154,0.063
8.70,380,2.55459,3.9375,1.8524,0.117,0.070
8.70,382,2.56686,3.9346,1.8637,0.081,0.078
8.70,384,2.57890,3.9318,1.8749,0.045,0.085
8.70,386,2.58989,3.9289,1.8848,0.012,0.094
8.70,388,2.60069,3.9260,1.8947,-0.020,0.102
8.70,390,2.61359,3.9228,1.9073,-0.059,0.111
8.70,392,2.62625,3.9200,1.9203,-0.099,0.119
8.70,394,2.63982,3.9185,1.9368,-0.143,0.123
8.70,396,2.64949,3.9215,1.9540,-0.180,0.113
8.70,398,2.65355,3.9258,1.9656,-0.199,0.100
8.70,400,2.65577,3.9303,1.9749,-0.211,0.086
8.70,402,2.65720,3.9348,1.9834,-0.220,0.073
8.70,404,2.65815,3.9392,1.9915,-0.227,0.060
8.70,406,2.65886,3.9437,1.9995,-0.233,0.049
8.70,408,2.65936,3.9481,2.0076,-0.239,0.038
8.70,410,2.65975,3.9524,2.0160,-0.245,0.028
8.70,412,2.66005,3.9566,2.0246,-0.251,0.018
8.70,414,2.66029,3.9607,2.0335,-0.258,0.009
8.70,416,2.66048,3.9646,2.0427,-0.266,0.001
8.70,418,2.66063,3.9683,2.0519,-0.274,-0.006
8.70,420,2.66076,3.9715,2.0604,-0.282,-0.013
8.70,422,2.66086,3.9740,2.0665,-0.287,-0.017
8.70,424,2.66095,3.9748,2.0668,-0.284,-0.019
8.70,426,2.66101,3.9740,2.0607,-0.272,-0.017
8.70,428,2.66107,3.9718,2.0500,-0.255,-0.013
8.70,430,2.66112,3.9688,2.0381,-0.237,-0.007
8.70,432,2.66118,3.9653,2.0275,-0.224,0.000
8.70,434,2.66125,3.9613,2.0207,-0.223,0.008
8.70,436,2.66133,3.9570,2.0210,-0.241,0.017
8.70,438,2.66142,3.9531,2.0281,-0.273,0.026
8.70,440,2.66153,3.9493,2.0372,-0.309,0.034
8.70,442,2.66166,3.9455,2.0455,-0.343,0.043
8.70,444,2.66181,3.9415,2.0519,-0.372,0.052
8.70,446,2.66199,3.9373,2.0567,-0.397,0.063
8.70,448,2.66220,3.9330,2.0603,-0.419,0.074
8.70,450,2.66244,3.9287,2.0629,-0.437,0.087
8.70,452,2.66270,3.9244,2.0647,-0.452,0.100
8.70,454,2.66299,3.9200,2.0659,-0.465,0.113
8.70,455,2.66319,3.9172,2.0664,-0.473,0.122
8.70,456,2.66340,3.9143,2.0668,-0.480,0.132
8.70,457,2.66362,3.9114,2.0670,-0.486,0.141
8.70,458,2.66384,3.9086,2.0670,-0.492,0.151
8.70,459,2.66406,3.9057,2.0668,-0.497,0.162
8.70,460,2.66429,3.9027,2.0665,-0.501,0.173
8.70,461,2.66451,3.8998,2.0662,-0.505,0.185
8.70,462,2.66473,3.8969,2.0657,-0.508,0.196
8.70,463,2.66495,3.8940,2.0651,-0.511,0.208
8.70,464,2.66517,3.8910,2.0643,-0.513,0.220
8.70,465,2.66538,3.8880,2.0635,-0.515,0.231
8.70,466,2.66559,3.8851,2.0626,-0.516,0.244
8.70,467,2.66579,3.8821,2.0616,-0.517,0.257
8.70,468,2.66598,3.8791,2.0605,-0.517,0.270
8.70,469,2.66618,3.8761,2.0594,-0.517,0.283
8.70,470,2.66636,3.8731,2.0580,-0.516,0.296
8.70,471,2.66654,3.8701,2.0567,-0.515,0.309
8.70,472,2.66671,3.8671,2.0552,-0.514,0.322
8.70,473,2.66687,3.8640,2.0537,-0.512,0.335
8.70,474,2.66703,3.8610,2.0521,-0.510,0.348
8.70,475,2.66719,3.8580,2.0503,-0.508,0.361
8.70,476,2.66734,3.8549,2.0486,-0.505,0.374
8.70,477,2.66748,3.8519,2.0467,-0.502,0.387
8.70,478,2.66762,3.8488,2.0448,-0.498,0.401
8.70,479,2.66775,3.8457,2.0428,-0.494,0.414
8.70,480,2.66788,3.8427,2.0407,-0.490,0.427
8.70,481,2.66801,3.8396,2.0386,-0.485,0.440
8.70,482,2.66813,3.8365,2.0364,-0.480,0.453
8.70,483,2.66825,3.8335,2.0341,-0.475,0.467
8.70,484,2.66836,3.8304,2.0318,-0.470,0.480
8.70,485,2.66847,3.8273,2.0294,-0.464,0.493
8.70,486,2.66857,3.8242,2.0270,-0.458,0.506
8.70,487,2.66868,3.8211,2.0244,-0.452,0.520
8.70,488,2.66878,3.8181,2.0219,-0.445,0.533
8.70,489,2.66887,3.8150,2.0192,-0.439,0.546
8.70,490,2.66896,3.8119,2.0165,-0.431,0.559
8.70,491,2.66905,3.8088,2.0137,-0.424,0.573
8.70,492,2.66914,3.8057,2.0109,-0.416,0.586
8.70,493,2.66923,3.8027,2.0080,-0.408,0.599
8.70,494,2.66931,3.7996,2.0050,-0.400,0.613
8.70,495,2.66939,3.7965,2.0019,-0.391,0.626
8.70,496,2.66948,3.7935,1.9987,-0.382,0.639
8.70,497,2.66956,3.7904,1.9953,-0.372,0.653
8.70,498,2.66964,3.7874,1.9918,-0.362,0.666
8.70,499,2.66972,3.7843,1.9881,-0.351,0.679
8.70,500,2.66980,3.7813,1.9842,-0.340,0.692
8.70,501,2.66988,3.7783,1.9801,-0.328,0.706
8.70,502,2.66996,3.7754,1.9758,-0.315,0.719
8.70,503,2.67004,3.7724,1.9712,-0.301,0.732
8.70,504,2.67012,3.7695,1.9662,-0.287,0.744
8.70,505,2.67021,3.7667,1.9606,-0.270,0.757
8.70,506,2.67031,3.7640,1.9543,-0.252,0.769
8.70,507,2.67040,3.7614,1.9475,-0.233,0.780
8.70,508,2.67050,3.7589,1.9402,-0.212,0.791
8.70,509,2.67059,3.7565,1.9326,-0.190,0.802
8.70,510,2.67068,3.7541,1.9245,-0.168,0.813
8.70,511,2.67078,3.7518,1.9160,-0.144,0.823
8.70,512,2.67087,3.7496,1.9072,-0.119,0.833
8.70,513,2.67095,3.7475,1.8981,-0.094,0.843
8.70,514,2.67104,3.7454,1.8886,-0.068,0.852
8.70,515,2.67112,3.7435,1.8790,-0.041,0.861
8.70,516,2.67121,3.7416,1.8690,-0.013,0.869
8.70,517,2.67129,3.7397,1.8589,0.014,0.877
8.70,518,2.67136,3.7379,1.8487,0.043,0.886
8.70,519,2.67144,3.7361,1.8383,0.071,0.894
8.70,520,2.67152,3.7344,1.8279,0.100,0.902
8.70,521,2.67159,3.7327,1.8174,0.129,0.909
8.70,522,2.67167,3.7309,1.8069,0.158,0.917
8.70,523,2.67174,3.7292,1.7964,0.187,0.925
8.70,524,2.67182,3.7275,1.7860,0.216,0.933
8.70,525,2.67190,3.7257,1.7757,0.245,0.941
8.70,526,2.67198,3.7239,1.7657,0.274,0.949
8.70,527,2.67206,3.7219,1.7560,0.301,0.958
8.70,528,2.67216,3.7198,1.7469,0.328,0.967
8.70,529,2.67226,3.7175,1.7390,0.352,0.977
8.70,530,2.67238,3.7149,1.7330,0.373,0.988
8.70,531,2.67251,3.7121,1.7305,0.385,1.000
8.70,532,2.67264,3.7093,1.7327,0.386,1.013
8.70,533,2.67277,3.7067,1.7387,0.376,1.025
8.70,534,2.67288,3.7045,1.7471,0.361,1.035
8.70,535,2.67299,3.7026,1.7568,0.341,1.044
8.70,536,2.67308,3.7009,1.7672,0.319,1.053
8.70,537,2.67318,3.6993,1.7779,0.296,1.060
8.70,538,2.67327,3.6979,1.7889,0.273,1.068
8.70,539,2.67337,3.6965,1.8002,0.248,1.074
8.70,540,2.67346,3.6952,1.8115,0.223,1.081
8.70,541,2.67356,3.6940,1.8229,0.198,1.086
8.70,542,2.67366,3.6928,1.8344,0.173,1.092
8.70,543,2.67377,3.6917,1.8459,0.147,1.098
8.70,544,2.67388,3.6905,1.8575,0.121,1.103
8.70,545,2.67399,3.6895,1.8690,0.095,1.108
8.70,546,2.67410,3.6884,1.8806,0.069,1.113
8.70,547,2.67421,3.6874,1.8923,0.043,1.118
8.70,548,2.67433,3.6864,1.9039,0.017,1.122
8.70,549,2.67444,3.6853,1.9155,-0.009,1.127
8.70,550,2.67456,3.6844,1.9273,-0.035,1.132
8.70,551,2.67468,3.6834,1.9390,-0.061,1.136
8.70,552,2.67479,3.6824,1.9507,-0.088,1.141
8.70,553,2.67491,3.6815,1.9624,-0.114,1.145
8.70,554,2.67503,3.6805,1.9742,-0.140,1.150
8.70,555,2.67516,3.6796,1.9859,-0.167,1.155
8.70,556,2.67528,3.6787,1.9977,-0.193,1.159
8.70,557,2.67540,3.6777,2.0095,-0.220,1.164
8.70,558,2.67553,3.6768,2.0212,-0.246,1.168
8.70,559,2.67565,3.6759,2.0330,-0.272,1.173
8.70,560,2.67577,3.6750,2.0448,-0.299,1.177
8.70,561,2.67589,3.6740,2.0566,-0.325,1.182
8.70,562,2.67601,3.6731,2.0684,-0.351,1.187
8.70,563,2.67614,3.6722,2.0803,-0.378,1.191
8.70,564,2.67626,3.6713,2.0921,-0.404,1.196
8.70,565,2.67638,3.6704,2.1040,-0.431,1.201
8.70,566,2.67650,3.6694,2.1159,-0.457,1.205
8.70,567,2.67662,3.6685,2.1278,-0.483,1.210
8.70,568,2.67674,3.6676,2.1397,-0.510,1.214
8.70,569,2.67686,3.6667,2.1516,-0.536,1.219
8.70,570,2.67698,3.6658,2.1635,-0.563,1.224
8.70,571,2.67710,3.6650,2.1754,-0.589,1.228
8.70,572,2.67723,3.6641,2.1874,-0.616,1.233
8.70,573,2.67735,3.6632,2.1993,-0.642,1.237
8.70,574,2.67747,3.6623,2.2113,-0.669,1.242
8.70,575,2.67760,3.6615,2.2232,-0.695,1.246
8.70,576,2.67772,3.6606,2.2352,-0.722,1.251
8.70,577,2.67784,3.6597,2.2471,-0.748,1.256
8.70,578,2.67796,3.6588,2.2591,-0.775,1.260
8.70,579,2.67808,3.6579,2.2711,-0.801,1.265
8.70,580,2.67821,3.6570,2.2830,-0.827,1.270
8.70,581,2.67833,3.6560,2.2950,-0.853,1.275
8.70,582,2.67845,3.6551,2.3069,-0.879,1.280
8.70,583,2.67857,3.6542,2.3189,-0.905,1.285
8.70,584,2.67869,3.6533,2.3309,-0.931,1.290
8.70,585,2.67881,3.6523,2.3429,-0.957,1.295
8.70,586,2.67893,3.6514,2.3549,-0.983,1.300
8.70,587,2.67904,3.6504,2.3668,-1.009,1.305
8.70,588,2.67916,3.6495,2.3788,-1.035,1.310
8.70,589,2.67928,3.6485,2.3908,-1.060,1.316
8.70,590,2.67940,3.6476,2.4027,-1.086,1.321
8.70,591,2.67952,3.6466,2.4147,-1.112,1.326
8.70,592,2.67964,3.6457,2.4267,-1.137,1.332
8.70,593,2.67975,3.6447,2.4386,-1.163,1.337
8.70,594,2.67987,3.6437,2.4507,-1.189,1.343
8.70,595,2.67998,3.6427,2.4627,-1.214,1.348
8.70,596,2.68010,3.6418,2.4747,-1.239,1.354
8.70,597,2.68021,3.6408,2.4867,-1.265,1.360
8.70,598,2.68033,3.6398,2.4986,-1.290,1.365
8.70,599,2.68044,3.6388,2.5106,-1.315,1.371
8.70,600,2.68056,3.6378,2.5226,-1.340,1.377
8.70,601,2.68067,3.6368,2.5346,-1.366,1.383
8.70,602,2.68079,3.6357,2.5466,-1.390,1.389
8.70,603,2.68091,3.6347,2.5586,-1.415,1.395
8.70,604,2.68103,3.6337,2.5704,-1.440,1.401
8.70,605,2.68118,3.6331,2.5778,-1.455,1.405
8.70,606,2.68124,3.6333,2.5753,-1.450,1.404
8.70,607,2.68128,3.6337,2.5712,-1.441,1.401
8.70,608,2.68131,3.6341,2.5664,-1.431,1.399
8.70,609,2.68134,3.6345,2.5612,-1.421,1.396
8.70,610,2.68137,3.6350,2.5559,-1.410,1.393
8.70,611,2.68140,3.6355,2.5503,-1.398,1.391
8.70,612,2.68144,3.6360,2.5446,-1.386,1.388
8.70,613,2.68147,3.6364,2.5387,-1.374,1.385
8.70,614,2.68151,3.6370,2.5329,-1.362,1.382
8.70,615,2.68155,3.6375,2.5269,-1.350,1.379
8.70,616,2.68159,3.6380,2.5209,-1.337,1.376
8.70,617,2.68164,3.6385,2.5147,-1.324,1.373
8.70,618,2.68170,3.6391,2.5086,-1.311,1.370
8.70,619,2.68176,3.6396,2.5024,-1.299,1.366
8.70,620,2.68182,3.6401,2.4960,-1.285,1.363
8.70,621,2.68190,3.6407,2.4896,-1.272,1.360
8.70,622,2.68197,3.6412,2.4832,-1.258,1.357
8.70,623,2.68205,3.6418,2.4767,-1.245,1.354
8.70,624,2.68214,3.6423,2.4701,-1.231,1.351
8.70,625,2.68223,3.6429,2.4636,-1.217,1.347
8.70,626,2.68232,3.6435,2.4570,-1.203,1.344
8.70,627,2.68242,3.6441,2.4504,-1.189,1.341
8.70,628,2.68253,3.6446,2.4437,-1.175,1.338
8.70,629,2.68264,3.6452,2.4371,-1.161,1.334
8.70,630,2.68277,3.6457,2.4304,-1.147,1.331
8.70,631,2.68291,3.6463,2.4238,-1.133,1.328
8.70,632,2.68325,3.6475,2.4094,-1.102,1.321
8.70,633,2.68363,3.6487,2.3950,-1.072,1.315
8.70,634,2.68399,3.6499,2.3806,-1.041,1.308
8.70,635,2.68432,3.6511,2.3662,-1.010,1.302
8.70,636,2.68461,3.6523,2.3518,-0.980,1.295
8.70,637,2.68489,3.6535,2.3373,-0.948,1.288
8.70,638,2.68516,3.6547,2.3228,-0.917,1.282
8.70,639,2.68542,3.6559,2.3083,-0.886,1.276
8.70,640,2.68568,3.6571,2.2937,-0.854,1.269
8.70,641,2.68593,3.6583,2.2792,-0.823,1.263
8.70,642,2.68619,3.6594,2.2646,-0.791,1.257
8.70,643,2.68644,3.6606,2.2499,-0.759,1.251
8.70,644,2.68670,3.6618,2.2353,-0.727,1.245
8.70,645,2.68696,3.6630,2.2208,-0.695,1.238
8.70,646,2.68722,3.6641,2.2061,-0.663,1.233
8.70,647,2.68748,3.6653,2.1914,-0.631,1.226
8.70,648,2.68774,3.6664,2.1767,-0.598,1.221
8.70,649,2.68802,3.6676,2.1620,-0.566,1.215
8.70,650,2.68829,3.6688,2.1474,-0.533,1.209
8.70,651,2.68858,3.6699,2.1326,-0.501,1.203
8.70,652,2.68887,3.6711,2.1180,-0.468,1.197
8.70,653,2.68917,3.6723,2.1033,-0.436,1.191
8.70,654,2.68948,3.6734,2.0886,-0.403,1.185
8.70,655,2.68981,3.6746,2.0738,-0.370,1.180
8.70,656,2.69016,3.6758,2.0592,-0.337,1.174
8.70,657,2.69053,3.6769,2.0444,-0.304,1.168
8.70,658,2.69092,3.6781,2.0296,-0.271,1.162
8.70,659,2.69134,3.6793,2.0149,-0.238,1.156
8.70,660,2.69178,3.6804,2.0002,-0.205,1.151
8.70,661,2.69227,3.6816,1.9854,-0.172,1.145
8.70,662,2.69280,3.6829,1.9708,-0.139,1.139
8.70,663,2.69338,3.6841,1.9561,-0.106,1.133
8.70,664,2.69404,3.6854,1.9414,-0.074,1.127
8.70,665,2.69479,3.6867,1.9269,-0.041,1.121
8.70,666,2.69566,3.6881,1.9123,-0.009,1.115
8.70,667,2.69669,3.6895,1.8979,0.023,1.108
8.70,668,2.69800,3.6911,1.8837,0.054,1.100
8.70,669,2.69980,3.6929,1.8698,0.084,1.092
8.70,670,2.72248,3.6965,1.8721,0.068,1.075
8.70,671,2.72716,3.6956,1.8842,0.040,1.080
8.70,672,2.73004,3.6957,1.8858,0.036,1.079
8.70,673,2.73226,3.6966,1.8827,0.041,1.075
8.70,674,2.73543,3.6974,1.8827,0.039,1.071
8.70,675,2.73877,3.6974,1.8863,0.030,1.071
8.70,676,2.75502,3.6972,1.9075,-0.023,1.072
8.70,677,2.79298,3.6968,1.9613,-0.156,1.074
8.70,678,2.79538,3.6966,1.9640,-0.162,1.075
8.70,679,2.79768,3.6965,1.9666,-0.169,1.076
8.70,680,2.79995,3.6968,1.9696,-0.177,1.075
8.70,681,2.81234,3.6967,1.9875,-0.222,1.075
8.70,682,2.82324,3.6964,2.0038,-0.262,1.077
8.70,683,2.83581,3.6961,2.0220,-0.306,1.078
8.70,684,2.84747,3.6957,2.0395,-0.349,1.080
8.70,685,2.85758,3.6952,2.0548,-0.386,1.083
8.70,686,2.86900,3.6944,2.0712,-0.425,1.087
8.70,687,2.87954,3.6933,2.0864,-0.460,1.092
8.70,688,2.88599,3.6929,2.0962,-0.483,1.094
8.70,689,2.89296,3.6911,2.1058,-0.502,1.102
8.70,690,2.89803,3.6896,2.1138,-0.518,1.109
8.70,691,2.90172,3.6882,2.1216,-0.533,1.116
8.70,692,2.90401,3.6876,2.1250,-0.540,1.118
8.70,693,2.90617,3.6869,2.1312,-0.554,1.122
8.70,694,2.90836,3.6854,2.1383,-0.567,1.129
8.70,695,2.90982,3.6837,2.1480,-0.586,1.137
8.70,696,2.91085,3.6821,2.1583,-0.606,1.144
8.70,697,2.91158,3.6805,2.1692,-0.629,1.152
8.70,698,2.91212,3.6791,2.1803,-0.652,1.159
8.70,699,2.91250,3.6777,2.1917,-0.676,1.166
8.70,700,2.91278,3.6763,2.2033,-0.700,1.172
8.70,701,2.91299,3.6750,2.2149,-0.725,1.179
8.70,702,2.91314,3.6738,2.2265,-0.749,1.185
8.70,703,2.91325,3.6725,2.2381,-0.774,1.191
8.70,704,2.91333,3.6714,2.2495,-0.799,1.197
8.70,705,2.91340,3.6702,2.2609,-0.823,1.203
8.70,706,2.91345,3.6691,2.2721,-0.847,1.208
8.70,707,2.91349,3.6681,2.2832,-0.871,1.213
8.75,202,0.24539,3.5201,-2.1558,11.057,2.458
8.75,204,0.26653,3.5251,-2.0872,10.845,2.396
8.75,206,0.29079,3.5309,-2.0114,10.613,2.331
8.75,208,0.30534,3.5346,-1.9668,10.475,2.292
8.75,210,0.31075,3.5360,-1.9506,10.424,2.276
8.75,212,0.31230,3.5364,-1.9459,10.410,2.272
8.75,214,0.31384,3.5368,-1.9415,10.396,2.268
8.75,216,0.31544,3.5372,-1.9368,10.382,2.264
8.75,218,0.31706,3.5376,-1.9321,10.367,2.259
8.75,220,0.31868,3.5380,-1.9277,10.353,2.255
8.75,222,0.32176,3.5388,-1.9180,10.324,2.247
8.75,224,0.32967,3.5406,-1.8935,10.249,2.228
8.75,226,0.35041,3.5450,-1.8270,10.053,2.181
8.75,228,0.36101,3.5472,-1.7979,9.965,2.158
8.75,230,0.37358,3.5497,-1.7638,9.862,2.132
8.75,232,0.38766,3.5525,-1.7258,9.749,2.105
8.75,234,0.44257,3.5630,-1.5776,9.309,2.001
8.75,236,0.48037,3.5712,-1.4732,8.996,1.924
8.75,238,0.51622,3.5799,-1.3720,8.692,1.846
8.75,240,0.55065,3.5892,-1.2729,8.394,1.770
8.75,242,0.57834,3.5980,-1.1914,8.144,1.702
8.75,244,0.60250,3.6059,-1.1203,7.926,1.640
8.75,246,0.61918,3.6129,-1.0710,7.767,1.588
8.75,248,0.63488,3.6195,-1.0246,7.618,1.539
8.75,250,0.65176,3.6266,-0.9748,7.459,1.488
8.75,252,0.66745,3.6332,-0.9283,7.311,1.442
8.75,254,0.68417,3.6402,-0.8789,7.153,1.394
8.75,256,0.70012,3.6470,-0.8317,7.004,1.349
8.75,258,0.72183,3.6559,-0.7759,6.827,1.294
8.75,260,0.74325,3.6647,-0.7208,6.654,1.242
8.75,262,0.76354,3.6730,-0.6686,6.493,1.195
8.75,264,0.78501,3.6819,-0.6133,6.325,1.148
8.75,266,0.80490,3.6901,-0.5619,6.172,1.107
8.75,268,0.82525,3.6985,-0.5094,6.018,1.065
8.75,270,0.84534,3.7068,-0.4574,5.867,1.025
8.75,272,0.86426,3.7147,-0.4084,5.728,0.990
8.75,274,0.88426,3.7230,-0.3566,5.582,0.954
8.75,276,0.90339,3.7305,-0.3082,5.449,0.922
8.75,278,0.92237,3.7362,-0.2661,5.335,0.897
8.75,280,0.94250,3.7423,-0.2214,5.216,0.871
8.75,282,0.96121,3.7479,-0.1798,5.106,0.847
8.75,284,0.97996,3.7535,-0.1381,4.996,0.823
8.75,286,1.00563,3.7603,-0.0837,4.855,0.795
8.75,288,1.02399,3.7649,-0.0453,4.756,0.775
8.75,290,1.03773,3.7683,-0.0170,4.683,0.761
8.75,292,1.05432,3.7723,0.0167,4.597,0.745
8.75,294,1.07503,3.7770,0.0581,4.492,0.726
8.75,296,1.09642,3.7818,0.1005,4.384,0.706
8.75,298,1.12298,3.7876,0.1521,4.255,0.682
8.75,300,1.14095,3.7915,0.1864,4.168,0.667
8.75,302,1.16653,3.7968,0.2341,4.049,0.646
8.75,304,1.20156,3.8038,0.2979,3.890,0.617
8.75,306,1.24637,3.8127,0.3765,3.696,0.582
8.75,308,1.29371,3.8218,0.4560,3.499,0.546
8.75,310,1.32822,3.8284,0.5116,3.361,0.520
8.75,312,1.35689,3.8339,0.5563,3.250,0.499
8.75,314,1.39037,3.8403,0.6067,3.127,0.474
8.75,316,1.42603,3.8472,0.6587,3.000,0.447
8.75,318,1.45475,3.8529,0.6991,2.901,0.424
8.75,320,1.49033,3.8602,0.7472,2.785,0.395
8.75,322,1.56933,3.8755,0.8477,2.545,0.335
8.75,324,1.60470,3.8815,0.8905,2.443,0.311
8.75,326,1.64660,3.8881,0.9395,2.326,0.284
8.75,328,1.68381,3.8932,0.9818,2.225,0.263
8.75,330,1.72145,3.8983,1.0243,2.124,0.241
8.75,332,1.76521,3.9041,1.0728,2.009,0.217
8.75,334,1.80524,3.9096,1.1170,1.907,0.194
8.75,336,1.84775,3.9153,1.1634,1.800,0.170
8.75,338,1.88851,3.9204,1.2071,1.700,0.149
8.75,340,1.93321,3.9255,1.2550,1.590,0.130
8.75,342,1.97530,3.9298,1.2995,1.488,0.113
8.75,344,2.02313,3.9341,1.3494,1.373,0.098
8.75,346,2.06552,3.9372,1.3933,1.271,0.087
8.75,348,2.10762,3.9401,1.4368,1.170,0.077
8.75,350,2.15079,3.9420,1.4811,1.064,0.070
8.75,352,2.18992,3.9431,1.5207,0.968,0.065
8.75,353,2.21370,3.9435,1.5445,0.909,0.064
8.75,354,2.22554,3.9437,1.5567,0.879,0.063
8.75,356,2.24787,3.9437,1.5792,0.822,0.062
8.75,358,2.26768,3.9434,1.5991,0.772,0.062
8.75,360,2.28619,3.9431,1.6176,0.724,0.062
8.75,362,2.30549,3.9422,1.6368,0.673,0.064
8.75,364,2.32563,3.9411,1.6568,0.620,0.066
8.75,366,2.34461,3.9399,1.6759,0.568,0.069
8.75,368,2.35935,3.9382,1.6900,0.528,0.073
8.75,370,2.37467,3.9365,1.7050,0.485,0.078
8.75,372,2.38992,3.9346,1.7200,0.442,0.082
8.75,374,2.40548,3.9323,1.7352,0.398,0.089
8.75,376,2.42106,3.9296,1.7502,0.353,0.096
8.75,378,2.43159,3.9273,1.7600,0.322,0.103
8.75,380,2.44290,3.9248,1.7706,0.290,0.110
8.75,382,2.45824,3.9215,1.7853,0.245,0.120
8.75,384,2.47016,3.9184,1.7966,0.210,0.130
8.75,386,2.48144,3.9152,1.8072,0.176,0.140
8.75,388,2.49324,3.9121,1.8186,0.141,0.151
8.75,390,2.50445,3.9090,1.8297,0.107,0.161
8.75,392,2.51548,3.9063,1.8414,0.073,0.170
8.75,394,2.52890,3.9055,1.8591,0.027,0.172
8.75,396,2.53767,3.9089,1.8762,-0.010,0.159
8.75,398,2.54128,3.9133,1.8875,-0.030,0.143
8.75,400,2.54322,3.9178,1.8967,-0.044,0.127
8.75,402,2.54448,3.9222,1.9052,-0.056,0.113
8.75,404,2.54534,3.9267,1.9133,-0.065,0.099
8.75,406,2.54597,3.9311,1.9214,-0.074,0.085
8.75,408,2.54643,3.9354,1.9296,-0.083,0.072
8.75,410,2.54679,3.9397,1.9380,-0.091,0.060
8.75,412,2.54706,3.9439,1.9468,-0.100,0.049
8.75,414,2.54727,3.9480,1.9558,-0.109,0.039
8.75,416,2.54744,3.9519,1.9651,-0.119,0.030
8.75,418,2.54757,3.9555,1.9743,-0.129,0.021
8.75,420,2.54768,3.9588,1.9829,-0.138,0.014
8.75,422,2.54778,3.9612,1.9890,-0.144,0.009
8.75,424,2.54785,3.9620,1.9891,-0.142,0.007
8.75,426,2.54791,3.9611,1.9829,-0.129,0.009
8.75,428,2.54796,3.9589,1.9720,-0.111,0.014
8.75,430,2.54801,3.9559,1.9600,-0.092,0.021
8.75,432,2.54807,3.9524,1.9494,-0.078,0.029
8.75,434,2.54813,3.9484,1.9428,-0.075,0.039
8.75,436,2.54820,3.9441,1.9437,-0.092,0.049
8.75,438,2.54829,3.9402,1.9510,-0.123,0.059
8.75,440,2.54839,3.9365,1.9602,-0.157,0.068
8.75,442,2.54852,3.9326,1.9682,-0.188,0.079
8.75,444,2.54866,3.9286,1.9742,-0.214,0.090
8.75,446,2.54883,3.9244,1.9787,-0.236,0.102
8.75,448,2.54903,3.9202,1.9820,-0.254,0.115
8.75,450,2.54926,3.9159,1.9844,-0.270,0.129
8.75,452,2.54952,3.9116,1.9861,-0.283,0.144
8.75,454,2.54980,3.9072,1.9871,-0.293,0.159
8.75,455,2.55000,3.9044,1.9875,-0.299,0.170
8.75,456,2.55020,3.9016,1.9877,-0.305,0.181
8.75,457,2.55041,3.8987,1.9878,-0.309,0.192
8.75,458,2.55062,3.8959,1.9877,-0.313,0.203
8.75,459,2.55084,3.8930,1.9875,-0.317,0.215
8.75,460,2.55106,3.8902,1.9872,-0.320,0.226
8.75,461,2.55128,3.8873,1.9867,-0.322,0.238
8.75,462,2.55149,3.8844,1.9861,-0.324,0.250
8.75,463,2.55170,3.8815,1.9855,-0.325,0.263
8.75,464,2.55191,3.8786,1.9847,-0.326,0.276
8.75,465,2.55212,3.8757,1.9839,-0.327,0.288
8.75,466,2.55231,3.8727,1.9829,-0.327,0.301
8.75,467,2.55251,3.8698,1.9818,-0.327,0.313
8.75,468,2.55270,3.8668,1.9806,-0.326,0.326
8.75,469,2.55288,3.8638,1.9794,-0.325,0.339
8.75,470,2.55305,3.8609,1.9781,-0.323,0.351
8.75,471,2.55322,3.8579,1.9767,-0.322,0.364
8.75,472,2.55339,3.8549,1.9751,-0.319,0.377
8.75,473,2.55355,3.8519,1.9735,-0.317,0.390
8.75,474,2.55370,3.8489,1.9718,-0.314,0.402
8.75,475,2.55385,3.8459,1.9701,-0.311,0.415
8.75,476,2.55399,3.8429,1.9682,-0.307,0.428
8.75,477,2.55412,3.8398,1.9663,-0.303,0.441
8.75,478,2.55426,3.8368,1.9643,-0.298,0.454
8.75,479,2.55438,3.8338,1.9622,-0.294,0.467
8.75,480,2.55450,3.8308,1.9600,-0.289,0.480
8.75,481,2.55462,3.8277,1.9578,-0.284,0.493
8.75,482,2.55473,3.8247,1.9555,-0.278,0.506
8.75,483,2.55484,3.8216,1.9531,-0.272,0.519
8.75,484,2.55495,3.8186,1.9507,-0.266,0.532
8.75,485,2.55505,3.8155,1.9482,-0.260,0.545
8.75,486,2.55515,3.8125,1.9456,-0.253,0.558
8.75,487,2.55525,3.8095,1.9429,-0.246,0.571
8.75,488,2.55534,3.8064,1.9401,-0.239,0.584
8.75,489,2.55543,3.8034,1.9373,-0.231,0.597
8.75,490,2.55552,3.8003,1.9344,-0.223,0.610
8.75,491,2.55560,3.7973,1.9313,-0.214,0.623
8.75,492,2.55569,3.7943,1.9281,-0.205,0.637
8.75,493,2.55578,3.7912,1.9248,-0.195,0.650
8.75,494,2.55586,3.7882,1.9212,-0.185,0.663
8.75,495,2.55595,3.7852,1.9176,-0.175,0.676
8.75,496,2.55603,3.7823,1.9137,-0.163,0.689
8.75,497,2.55612,3.7793,1.9097,-0.151,0.702
8.75,498,2.55620,3.7764,1.9053,-0.139,0.714
8.75,499,2.55629,3.7735,1.9005,-0.125,0.727
8.75,500,2.55638,3.7707,1.8952,-0.109,0.739
8.75,501,2.55648,3.7680,1.8893,-0.092,0.751
8.75,502,2.55658,3.7654,1.8828,-0.074,0.763
8.75,503,2.55668,3.7629,1.8759,-0.054,0.774
8.75,504,2.55678,3.7604,1.8686,-0.034,0.785
8.75,505,2.55687,3.7580,1.8608,-0.012,0.796
8.75,506,2.55697,3.7557,1.8527,0.011,0.806
8.75,507,2.55706,3.7535,1.8442,0.034,0.816
8.75,508,2.55715,3.7513,1.8354,0.059,0.825
8.75,509,2.55724,3.7492,1.8263,0.084,0.835
8.75,510,2.55733,3.7473,1.8169,0.110,0.844
8.75,511,2.55741,3.7453,1.8072,0.137,0.852
8.75,512,2.55749,3.7434,1.7973,0.164,0.861
8.75,513,2.55757,3.7416,1.7873,0.191,0.869
8.75,514,2.55765,3.7398,1.7772,0.219,0.877
8.75,515,2.55773,3.7381,1.7669,0.247,0.885
8.75,516,2.55781,3.7364,1.7565,0.276,0.892
8.75,517,2.55788,3.7347,1.7461,0.305,0.900
8.75,518,2.55796,3.7330,1.7357,0.333,0.908
8.75,519,2.55803,3.7313,1.7253,0.362,0.916
8.75,520,2.55811,3.7295,1.7149,0.391,0.923
8.75,521,2.55819,3.7278,1.7047,0.419,0.931
8.75,522,2.55827,3.7260,1.6947,0.448,0.939
8.75,523,2.55835,3.7241,1.6849,0.475,0.948
8.75,524,2.55844,3.7221,1.6757,0.502,0.957
8.75,525,2.55854,3.7199,1.6674,0.527,0.966
8.75,526,2.55865,3.7175,1.6605,0.549,0.976
8.75,527,2.55878,3.7148,1.6562,0.565,0.988
8.75,528,2.55892,3.7120,1.6559,0.572,1.001
8.75,529,2.55905,3.7093,1.6601,0.567,1.013
8.75,530,2.55917,3.7070,1.6673,0.555,1.023
8.75,531,2.55928,3.7050,1.6762,0.537,1.033
8.75,532,2.55939,3.7032,1.6861,0.516,1.041
8.75,533,2.55949,3.7016,1.6966,0.494,1.049
8.75,534,2.55958,3.7002,1.7074,0.471,1.056
8.75,535,2.55968,3.6988,1.7185,0.447,1.063
8.75,536,2.55978,3.6975,1.7297,0.422,1.069
8.75,537,2.55988,3.6963,1.7410,0.397,1.075
8.75,538,2.55998,3.6952,1.7524,0.371,1.081
8.75,539,2.56009,3.6940,1.7638,0.346,1.086
8.75,540,2.56020,3.6930,1.7753,0.320,1.091
8.75,541,2.56032,3.6919,1.7869,0.294,1.096
8.75,542,2.56044,3.6909,1.7985,0.268,1.101
8.75,543,2.56056,3.6898,1.8101,0.242,1.106
8.75,544,2.56068,3.6889,1.8217,0.216,1.111
8.75,545,2.56080,3.6879,1.8334,0.189,1.115
8.75,546,2.56092,3.6869,1.8451,0.163,1.120
8.75,547,2.56105,3.6860,1.8568,0.136,1.124
8.75,548,2.56118,3.6850,1.8685,0.110,1.128
8.75,549,2.56130,3.6841,1.8802,0.083,1.133
8.75,550,2.56143,3.6832,1.8919,0.057,1.137
8.75,551,2.56156,3.6823,1.9037,0.030,1.141
8.75,552,2.56170,3.6814,1.9154,0.004,1.146
8.75,553,2.56183,3.6805,1.9272,-0.023,1.150
8.75,554,2.56196,3.6796,1.9390,-0.049,1.154
8.75,555,2.56209,3.6787,1.9508,-0.076,1.159
8.75,556,2.56222,3.6778,1.9625,-0.102,1.163
8.75,557,2.56235,3.6769,1.9743,-0.129,1.167
8.75,558,2.56248,3.6760,1.9862,-0.155,1.172
8.75,559,2.56261,3.6751,1.9980,-0.182,1.176
8.75,560,2.56274,3.6743,2.0099,-0.209,1.181
8.75,561,2.56286,3.6734,2.0217,-0.235,1.185
8.75,562,2.56299,3.6725,2.0336,-0.262,1.190
8.75,563,2.56312,3.6716,2.0455,-0.289,1.194
8.75,564,2.56324,3.6707,2.0574,-0.315,1.198
8.75,565,2.56337,3.6699,2.0694,-0.342,1.203
8.75,566,2.56350,3.6690,2.0813,-0.369,1.207
8.75,567,2.56363,3.6681,2.0932,-0.396,1.212
8.75,568,2.56376,3.6673,2.1052,-0.422,1.216
8.75,569,2.56389,3.6664,2.1171,-0.449,1.221
8.75,570,2.56402,3.6655,2.1290,-0.475,1.225
8.75,571,2.56415,3.6647,2.1410,-0.502,1.229
8.75,572,2.56428,3.6638,2.1529,-0.529,1.234
8.75,573,2.56442,3.6629,2.1649,-0.555,1.238
8.75,574,2.56455,3.6620,2.1768,-0.582,1.243
8.75,575,2.56468,3.6612,2.1888,-0.608,1.248
8.75,576,2.56481,3.6603,2.2007,-0.634,1.252
8.75,577,2.56494,3.6594,2.2127,-0.661,1.257
8.75,578,2.56507,3.6585,2.2246,-0.687,1.262
8.75,579,2.56520,3.6576,2.2366,-0.714,1.266
8.75,580,2.56532,3.6567,2.2486,-0.740,1.271
8.75,581,2.56545,3.6558,2.2606,-0.766,1.276
8.75,582,2.56558,3.6549,2.2726,-0.792,1.281
8.75,583,2.56571,3.6539,2.2845,-0.818,1.286
8.75,584,2.56583,3.6530,2.2965,-0.844,1.291
8.75,585,2.56596,3.6521,2.3085,-0.870,1.296
8.75,586,2.56609,3.6511,2.3205,-0.896,1.301
8.75,587,2.56621,3.6502,2.3324,-0.922,1.306
8.75,588,2.56634,3.6492,2.3444,-0.948,1.312
8.75,589,2.56646,3.6483,2.3564,-0.973,1.317
8.75,590,2.56658,3.6473,2.3684,-0.999,1.322
8.75,591,2.56671,3.6464,2.3804,-1.025,1.327
8.75,592,2.56683,3.6454,2.3924,-1.050,1.333
8.75,593,2.56695,3.6444,2.4043,-1.076,1.338
8.75,594,2.56707,3.6434,2.4163,-1.101,1.344
8.75,595,2.56719,3.6425,2.4283,-1.127,1.350
8.75,596,2.56731,3.6415,2.4403,-1.152,1.355
8.75,597,2.56743,3.6405,2.4523,-1.178,1.361
8.75,598,2.56755,3.6395,2.4643,-1.203,1.367
8.75,599,2.56767,3.6385,2.4763,-1.228,1.372
8.75,600,2.56779,3.6375,2.4883,-1.253,1.378
8.75,601,2.56791,3.6365,2.5003,-1.278,1.384
8.75,602,2.56803,3.6355,2.5123,-1.303,1.390
8.75,603,2.56816,3.6345,2.5243,-1.328,1.396
8.75,604,2.56828,3.6335,2.5361,-1.353,1.402
8.75,605,2.56844,3.6327,2.5451,-1.371,1.407
8.75,606,2.56851,3.6330,2.5419,-1.365,1.405
8.75,607,2.56855,3.6335,2.5360,-1.353,1.402
8.75,608,2.56858,3.6341,2.5292,-1.338,1.399
8.75,609,2.56861,3.6347,2.5220,-1.324,1.395
8.75,610,2.56864,3.6354,2.5145,-1.308,1.391
8.75,611,2.56867,3.6360,2.5068,-1.292,1.387
8.75,612,2.56870,3.6367,2.4990,-1.276,1.383
8.75,613,2.56874,3.6374,2.4911,-1.260,1.379
8.75,614,2.56877,3.6380,2.4831,-1.243,1.375
8.75,615,2.56881,3.6387,2.4749,-1.226,1.371
8.75,616,2.56886,3.6394,2.4668,-1.209,1.367
8.75,617,2.56890,3.6401,2.4586,-1.191,1.363
8.75,618,2.56896,3.6408,2.4503,-1.174,1.359
8.75,619,2.56902,3.6415,2.4419,-1.156,1.355
8.75,620,2.56909,3.6422,2.4335,-1.139,1.351
8.75,621,2.56916,3.6429,2.4251,-1.121,1.347
8.75,622,2.56923,3.6436,2.4165,-1.103,1.343
8.75,623,2.56931,3.6444,2.4079,-1.085,1.339
8.75,624,2.56940,3.6451,2.3993,-1.066,1.335
8.75,625,2.56949,3.6458,2.3907,-1.048,1.331
8.75,626,2.56959,3.6466,2.3821,-1.030,1.326
8.75,627,2.56969,3.6473,2.3734,-1.011,1.322
8.75,628,2.56981,3.6480,2.3648,-0.993,1.318
8.75,629,2.56993,3.6487,2.3561,-0.974,1.315
8.75,630,2.57006,3.6494,2.3475,-0.956,1.311
8.75,631,2.57021,3.6501,2.3389,-0.938,1.307
8.75,632,2.57051,3.6513,2.3242,-0.906,1.300
8.75,633,2.57085,3.6525,2.3093,-0.874,1.293
8.75,634,2.57118,3.6538,2.2946,-0.842,1.287
8.75,635,2.57147,3.6550,2.2797,-0.811,1.280
8.75,636,2.57173,3.6562,2.2649,-0.778,1.274
8.75,637,2.57197,3.6574,2.2500,-0.746,1.267
8.75,638,2.57221,3.6586,2.2350,-0.713,1.261
8.75,639,2.57243,3.6598,2.2200,-0.681,1.255
8.75,640,2.57266,3.6610,2.2050,-0.648,1.249
8.75,641,2.57289,3.6621,2.1900,-0.615,1.243
8.75,642,2.57312,3.6633,2.1749,-0.582,1.236
8.75,643,2.57336,3.6645,2.1598,-0.549,1.230
8.75,644,2.57359,3.6657,2.1448,-0.516,1.224
8.75,645,2.57384,3.6669,2.1296,-0.482,1.218
8.75,646,2.57409,3.6681,2.1146,-0.449,1.212
8.75,647,2.57434,3.6692,2.0994,-0.415,1.206
8.75,648,2.57459,3.6704,2.0843,-0.381,1.200
8.75,649,2.57486,3.6716,2.0692,-0.348,1.194
8.75,650,2.57513,3.6728,2.0540,-0.314,1.188
8.75,651,2.57541,3.6739,2.0388,-0.280,1.183
8.75,652,2.57570,3.6751,2.0237,-0.246,1.177
8.75,653,2.57601,3.6763,2.0085,-0.212,1.171
8.75,654,2.57634,3.6774,1.9933,-0.178,1.165
8.75,655,2.57668,3.6786,1.9781,-0.144,1.159
8.75,656,2.57705,3.6798,1.9630,-0.110,1.154
8.75,657,2.57744,3.6809,1.9478,-0.076,1.148
8.75,658,2.57786,3.6821,1.9327,-0.042,1.142
8.75,659,2.57832,3.6833,1.9175,-0.007,1.137
8.75,660,2.57882,3.6845,1.9024,0.027,1.131
8.75,661,2.57938,3.6857,1.8872,0.061,1.125
8.75,662,2.58001,3.6870,1.8722,0.095,1.119
8.75,663,2.58076,3.6885,1.8557,0.131,1.113
8.75,664,2.58171,3.6901,1.8390,0.169,1.105
8.75,665,2.58317,3.6919,1.8215,0.207,1.097
8.75,666,2.59517,3.6964,1.7956,0.260,1.075
8.75,667,2.60603,3.6954,1.8174,0.208,1.080
8.75,668,2.60955,3.6948,1.8261,0.188,1.083
8.75,669,2.61172,3.6951,1.8258,0.188,1.082
8.75,670,2.61328,3.6958,1.8212,0.197,1.078
8.75,671,2.61487,3.6971,1.8137,0.212,1.072
8.75,672,2.61759,3.6976,1.8133,0.212,1.070
8.75,673,2.64518,3.6976,1.8473,0.127,1.070
8.75,674,2.64910,3.6975,1.8528,0.113,1.070
8.75,675,2.65301,3.6975,1.8579,0.101,1.070
8.75,676,2.65673,3.6975,1.8627,0.089,1.071
8.75,677,2.66268,3.6975,1.8704,0.069,1.070
8.75,678,2.68196,3.6970,1.8988,-0.000,1.073
8.75,679,2.72470,3.6962,1.9621,-0.157,1.077
8.75,680,2.72766,3.6960,1.9666,-0.167,1.078
8.75,681,2.73055,3.6958,1.9705,-0.177,1.079
8.75,682,2.73310,3.6954,1.9746,-0.186,1.081
8.75,683,2.73582,3.6956,1.9787,-0.197,1.080
8.75,684,2.73896,3.6959,1.9833,-0.209,1.079
8.75,685,2.75117,3.6954,2.0019,-0.254,1.082
8.75,686,2.78490,3.6860,2.0794,-0.421,1.125
8.75,687,2.78616,3.6852,2.0875,-0.439,1.129
8.75,688,2.78718,3.6859,2.0861,-0.438,1.126
8.75,689,2.78847,3.6866,2.0817,-0.429,1.123
8.75,690,2.78966,3.6873,2.0785,-0.423,1.119
8.75,691,2.79084,3.6877,2.0769,-0.420,1.117
8.75,692,2.79160,3.6895,2.0700,-0.408,1.109
8.75,693,2.79313,3.6886,2.0706,-0.407,1.113
8.75,694,2.79464,3.6866,2.0806,-0.426,1.123
8.75,695,2.79571,3.6847,2.0916,-0.448,1.131
8.75,696,2.79646,3.6831,2.1031,-0.471,1.139
8.75,697,2.79699,3.6815,2.1148,-0.496,1.147
8.75,698,2.79736,3.6801,2.1268,-0.521,1.154
8.75,699,2.79762,3.6786,2.1389,-0.547,1.160
8.75,700,2.79781,3.6773,2.1512,-0.573,1.167
8.75,701,2.79795,3.6760,2.1635,-0.599,1.174
8.75,702,2.79806,3.6747,2.1758,-0.626,1.180
8.75,703,2.79813,3.6735,2.1880,-0.652,1.186
8.75,704,2.79819,3.6723,2.2002,-0.678,1.192
8.75,705,2.79823,3.6711,2.2122,-0.704,1.198
8.75,706,2.79827,3.6700,2.2241,-0.730,1.204
8.75,707,2.79830,3.6689,2.2359,-0.756,1.209
8.80,202,0.22997,3.5163,-2.2132,11.232,2.508
8.80,204,0.24287,3.5195,-2.1652,11.086,2.466
8.80,206,0.26082,3.5238,-2.1049,10.900,2.412
8.80,208,0.28406,3.5293,-2.0323,10.677,2.348
8.80,210,0.30278,3.5339,-1.9742,10.499,2.299
8.80,212,0.31033,3.5359,-1.9516,10.428,2.277
8.80,214,0.31184,3.5363,-1.9471,10.414,2.273
8.80,216,0.31344,3.5367,-1.9424,10.399,2.269
8.80,218,0.31503,3.5371,-1.9377,10.385,2.265
8.80,220,0.31664,3.5375,-1.9332,10.370,2.260
8.80,222,0.31832,3.5379,-1.9278,10.354,2.256
8.80,224,0.32002,3.5383,-1.9231,10.339,2.251
8.80,226,0.32802,3.5402,-1.8972,10.262,2.232
8.80,228,0.34590,3.5440,-1.8384,10.088,2.192
8.80,230,0.35755,3.5465,-1.8055,9.989,2.167
8.80,232,0.36848,3.5487,-1.7758,9.900,2.144
8.80,234,0.37982,3.5509,-1.7453,9.808,2.121
8.80,236,0.41054,3.5567,-1.6629,9.563,2.062
8.80,238,0.46147,3.5669,-1.5251,9.152,1.963
8.80,240,0.49443,3.5742,-1.4337,8.879,1.896
8.80,242,0.53037,3.5837,-1.3308,8.568,1.815
8.80,244,0.56072,3.5924,-1.2426,8.302,1.745
8.80,246,0.58744,3.6008,-1.1641,8.062,1.680
8.80,248,0.60765,3.6080,-1.1045,7.876,1.624
8.80,250,0.62459,3.6151,-1.0545,7.715,1.571
8.80,252,0.64033,3.6217,-1.0079,7.565,1.523
8.80,254,0.65704,3.6288,-0.9585,7.407,1.472
8.80,256,0.67301,3.6355,-0.9112,7.257,1.426
8.80,258,0.68927,3.6424,-0.8630,7.104,1.379
8.80,260,0.70734,3.6500,-0.8123,6.943,1.330
8.80,262,0.72794,3.6584,-0.7593,6.775,1.278
8.80,264,0.74960,3.6674,-0.7035,6.601,1.227
8.80,266,0.76966,3.6756,-0.6518,6.442,1.181
8.80,268,0.79037,3.6842,-0.5983,6.281,1.137
8.80,270,0.81060,3.6926,-0.5460,6.125,1.095
8.80,272,0.82983,3.7005,-0.4962,5.980,1.055
8.80,274,0.85003,3.7089,-0.4439,5.829,1.015
8.80,276,0.86913,3.7168,-0.3944,5.688,0.980
8.80,278,0.88779,3.7246,-0.3459,5.553,0.948
8.80,280,0.90758,3.7319,-0.2973,5.419,0.916
8.80,282,0.92644,3.7376,-0.2554,5.307,0.891
8.80,284,0.94553,3.7433,-0.2129,5.193,0.866
8.80,286,0.96482,3.7491,-0.1699,5.080,0.842
8.80,288,0.98435,3.7548,-0.1267,4.967,0.818
8.80,290,1.00811,3.7611,-0.0763,4.836,0.791
8.80,292,1.02577,3.7655,-0.0394,4.741,0.773
8.80,294,1.03920,3.7688,-0.0116,4.669,0.759
8.80,296,1.05713,3.7731,0.0250,4.576,0.742
8.80,298,1.07714,3.7776,0.0650,4.475,0.723
8.80,300,1.09797,3.7823,0.1065,4.369,0.704
8.80,302,1.12505,3.7882,0.1592,4.237,0.680
8.80,304,1.14377,3.7922,0.1950,4.147,0.664
8.80,306,1.16967,3.7975,0.2434,4.026,0.642
8.80,308,1.21878,3.8074,0.3325,3.805,0.603
8.80,310,1.25742,3.8149,0.3998,3.639,0.573
8.80,312,1.29844,3.8228,0.4686,3.467,0.542
8.80,314,1.33452,3.8297,0.5266,3.323,0.515
8.80,316,1.36199,3.8349,0.5695,3.218,0.495
8.80,318,1.39723,3.8416,0.6225,3.088,0.469
8.80,320,1.43099,3.8480,0.6715,2.968,0.443
8.80,322,1.46083,3.8539,0.7136,2.865,0.420
8.80,324,1.49699,3.8611,0.7623,2.747,0.391
8.80,326,1.57183,3.8747,0.8575,2.519,0.337
8.80,328,1.60688,3.8803,0.8999,2.418,0.315
8.80,330,1.64818,3.8863,0.9485,2.301,0.291
8.80,332,1.68534,3.8910,0.9912,2.199,0.271
8.80,334,1.72278,3.8956,1.0340,2.096,0.251
8.80,336,1.76620,3.9010,1.0829,1.979,0.228
8.80,338,1.80556,3.9060,1.1271,1.875,0.207
8.80,340,1.84750,3.9111,1.1738,1.766,0.185
8.80,342,1.88737,3.9155,1.2175,1.664,0.166
8.80,344,1.93107,3.9199,1.2655,1.552,0.148
8.80,346,1.97181,3.9233,1.3096,1.448,0.134
8.80,348,2.01751,3.9264,1.3587,1.331,0.121
8.80,350,2.05692,3.9282,1.4006,1.230,0.113
8.80,352,2.09853,3.9298,1.4447,1.122,0.106
8.80,353,2.11573,3.9303,1.4632,1.077,0.104
8.80,354,2.12683,3.9304,1.4748,1.048,0.104
8.80,356,2.14785,3.9303,1.4966,0.993,0.103
8.80,358,2.16395,3.9300,1.5131,0.951,0.103
8.80,360,2.18213,3.9296,1.5320,0.902,0.104
8.80,362,2.20342,3.9289,1.5543,0.844,0.105
8.80,364,2.22288,3.9278,1.5742,0.791,0.108
8.80,366,2.24123,3.9265,1.5933,0.740,0.111
8.80,368,2.25824,3.9249,1.6107,0.693,0.116
8.80,370,2.27339,3.9234,1.6261,0.650,0.120
8.80,372,2.28800,3.9215,1.6410,0.608,0.126
8.80,374,2.30206,3.9192,1.6550,0.568,0.133
8.80,376,2.31638,3.9165,1.6692,0.527,0.142
8.80,378,2.33062,3.9139,1.6835,0.485,0.150
8.80,380,2.34352,3.9112,1.6963,0.448,0.160
8.80,382,2.35424,3.9082,1.7064,0.417,0.170
8.80,384,2.36488,3.9053,1.7166,0.386,0.180
8.80,386,2.37550,3.9024,1.7271,0.355,0.191
8.80,388,2.38626,3.8994,1.7377,0.323,0.202
8.80,390,2.39728,3.8964,1.7489,0.290,0.214
8.80,392,2.40944,3.8935,1.7623,0.252,0.225
8.80,394,2.42264,3.8926,1.7804,0.206,0.228
8.80,396,2.42982,3.8958,1.7954,0.172,0.214
8.80,398,2.43308,3.9000,1.8063,0.151,0.196
8.80,400,2.43495,3.9045,1.8156,0.135,0.178
8.80,402,2.43616,3.9089,1.8241,0.121,0.161
8.80,404,2.43699,3.9134,1.8324,0.109,0.145
8.80,406,2.43760,3.9178,1.8406,0.097,0.129
8.80,408,2.43804,3.9222,1.8489,0.086,0.114
8.80,410,2.43838,3.9265,1.8574,0.075,0.101
8.80,412,2.43864,3.9308,1.8663,0.063,0.088
8.80,414,2.43884,3.9349,1.8754,0.052,0.075
8.80,416,2.43900,3.9388,1.8848,0.040,0.064
8.80,418,2.43913,3.9425,1.8942,0.027,0.054
8.80,420,2.43924,3.9458,1.9031,0.016,0.046
8.80,422,2.43932,3.9484,1.9098,0.007,0.039
8.80,424,2.43940,3.9495,1.9109,0.008,0.037
8.80,426,2.43945,3.9488,1.9054,0.020,0.038
8.80,428,2.43950,3.9467,1.8947,0.040,0.044
8.80,430,2.43955,3.9438,1.8826,0.061,0.052
8.80,432,2.43960,3.9403,1.8717,0.077,0.061
8.80,434,2.43966,3.9363,1.8649,0.082,0.072
8.80,436,2.43973,3.9320,1.8655,0.069,0.084
8.80,438,2.43981,3.9281,1.8729,0.040,0.095
8.80,440,2.43991,3.9243,1.8820,0.007,0.106
8.80,442,2.44004,3.9204,1.8900,-0.022,0.118
8.80,444,2.44021,3.9164,1.8959,-0.046,0.131
8.80,446,2.44041,3.9122,1.9002,-0.065,0.145
8.80,448,2.44064,3.9079,1.9033,-0.081,0.160
8.80,450,2.44091,3.9036,1.9056,-0.094,0.176
8.80,452,2.44122,3.8992,1.9071,-0.105,0.193
8.80,454,2.44155,3.8948,1.9080,-0.114,0.211
8.80,455,2.44178,3.8920,1.9083,-0.119,0.223
8.80,456,2.44202,3.8892,1.9084,-0.123,0.234
8.80,457,2.44226,3.8863,1.9084,-0.126,0.246
8.80,458,2.44251,3.8835,1.9083,-0.129,0.258
8.80,459,2.44276,3.8806,1.9080,-0.131,0.270
8.80,460,2.44301,3.8777,1.9076,-0.133,0.283
8.80,461,2.44326,3.8748,1.9071,-0.134,0.295
8.80,462,2.44351,3.8719,1.9065,-0.135,0.307
8.80,463,2.44375,3.8690,1.9058,-0.136,0.319
8.80,464,2.44399,3.8661,1.9050,-0.136,0.332
8.80,465,2.44422,3.8632,1.9040,-0.135,0.344
8.80,466,2.44445,3.8602,1.9030,-0.135,0.357
8.80,467,2.44467,3.8573,1.9019,-0.133,0.369
8.80,468,2.44488,3.8543,1.9007,-0.132,0.382
8.80,469,2.44509,3.8513,1.8994,-0.130,0.394
8.80,470,2.44529,3.8483,1.8980,-0.128,0.407
8.80,471,2.44548,3.8454,1.8965,-0.125,0.419
8.80,472,2.44567,3.8424,1.8949,-0.122,0.432
8.80,473,2.44585,3.8394,1.8933,-0.119,0.445
8.80,474,2.44602,3.8363,1.8915,-0.115,0.458
8.80,475,2.44619,3.8333,1.8897,-0.111,0.471
8.80,476,2.44635,3.8303,1.8878,-0.107,0.484
8.80,477,2.44651,3.8273,1.8858,-0.102,0.496
8.80,478,2.44666,3.8243,1.8837,-0.097,0.509
8.80,479,2.44680,3.8212,1.8816,-0.092,0.522
8.80,480,2.44694,3.8182,1.8794,-0.087,0.535
8.80,481,2.44708,3.8152,1.8771,-0.081,0.548
8.80,482,2.44721,3.8121,1.8747,-0.075,0.561
8.80,483,2.44734,3.8091,1.8722,-0.068,0.574
8.80,484,2.44746,3.8061,1.8697,-0.061,0.587
8.80,485,2.44759,3.8030,1.8670,-0.054,0.600
8.80,486,2.44771,3.8000,1.8643,-0.046,0.613
8.80,487,2.44782,3.7970,1.8613,-0.038,0.626
8.80,488,2.44794,3.7940,1.8582,-0.029,0.639
8.80,489,2.44806,3.7910,1.8550,-0.020,0.651
8.80,490,2.44817,3.7880,1.8516,-0.010,0.664
8.80,491,2.44829,3.7850,1.8479,0.000,0.677
8.80,492,2.44840,3.7821,1.8441,0.012,0.690
8.80,493,2.44852,3.7792,1.8399,0.024,0.703
8.80,494,2.44864,3.7763,1.8353,0.037,0.715
8.80,495,2.44876,3.7735,1.8301,0.052,0.727
8.80,496,2.44889,3.7709,1.8244,0.068,0.739
8.80,497,2.44902,3.7682,1.8182,0.086,0.751
8.80,498,2.44915,3.7657,1.8115,0.105,0.762
8.80,499,2.44927,3.7632,1.8044,0.125,0.773
8.80,500,2.44940,3.7608,1.7969,0.146,0.783
8.80,501,2.44952,3.7585,1.7890,0.168,0.793
8.80,502,2.44964,3.7563,1.7807,0.191,0.803
8.80,503,2.44975,3.7541,1.7721,0.214,0.813
8.80,504,2.44987,3.7521,1.7632,0.239,0.822
8.80,505,2.44997,3.7500,1.7539,0.264,0.831
8.80,506,2.45008,3.7481,1.7445,0.291,0.840
8.80,507,2.45018,3.7462,1.7347,0.317,0.848
8.80,508,2.45028,3.7444,1.7248,0.344,0.856
8.80,509,2.45037,3.7426,1.7147,0.372,0.864
8.80,510,2.45047,3.7409,1.7045,0.400,0.872
8.80,511,2.45056,3.7392,1.6942,0.428,0.880
8.80,512,2.45065,3.7375,1.6838,0.456,0.887
8.80,513,2.45074,3.7358,1.6734,0.485,0.895
8.80,514,2.45082,3.7342,1.6629,0.514,0.902
8.80,515,2.45091,3.7325,1.6525,0.542,0.910
8.80,516,2.45100,3.7308,1.6421,0.571,0.918
8.80,517,2.45109,3.7291,1.6319,0.600,0.925
8.80,518,2.45119,3.7273,1.6218,0.628,0.933
8.80,519,2.45128,3.7254,1.6121,0.655,0.942
8.80,520,2.45139,3.7235,1.6028,0.682,0.951
8.80,521,2.45150,3.7213,1.5944,0.707,0.960
8.80,522,2.45163,3.7190,1.5874,0.729,0.970
8.80,523,2.45178,3.7163,1.5828,0.746,0.981
8.80,524,2.45194,3.7135,1.5821,0.754,0.994
8.80,525,2.45209,3.7108,1.5858,0.750,1.005
8.80,526,2.45224,3.7085,1.5928,0.738,1.016
8.80,527,2.45237,3.7065,1.6016,0.720,1.025
8.80,528,2.45250,3.7047,1.6115,0.700,1.033
8.80,529,2.45262,3.7032,1.6219,0.677,1.041
8.80,530,2.45273,3.7017,1.6328,0.654,1.048
8.80,531,2.45285,3.7004,1.6439,0.629,1.054
8.80,532,2.45296,3.6991,1.6551,0.604,1.061
8.80,533,2.45308,3.6980,1.6664,0.579,1.067
8.80,534,2.45320,3.6968,1.6778,0.553,1.072
8.80,535,2.45333,3.6957,1.6893,0.528,1.077
8.80,536,2.45345,3.6947,1.7008,0.502,1.083
8.80,537,2.45358,3.6937,1.7123,0.476,1.088
8.80,538,2.45370,3.6927,1.7239,0.449,1.092
8.80,539,2.45383,3.6917,1.7356,0.423,1.097
8.80,540,2.45396,3.6907,1.7472,0.397,1.101
8.80,541,2.45409,3.6898,1.7589,0.370,1.106
8.80,542,2.45422,3.6889,1.7706,0.343,1.110
8.80,543,2.45435,3.6880,1.7824,0.317,1.114
8.80,544,2.45448,3.6871,1.7941,0.290,1.119
8.80,545,2.45461,3.6862,1.8059,0.263,1.123
8.80,546,2.45475,3.6853,1.8176,0.237,1.127
8.80,547,2.45488,3.6844,1.8294,0.210,1.131
8.80,548,2.45502,3.6835,1.8412,0.183,1.135
8.80,549,2.45515,3.6826,1.8530,0.156,1.140
8.80,550,2.45529,3.6818,1.8648,0.129,1.144
8.80,551,2.45543,3.6809,1.8766,0.103,1.148
8.80,552,2.45556,3.6800,1.8884,0.076,1.152
8.80,553,2.45570,3.6792,1.9003,0.049,1.156
8.80,554,2.45583,3.6783,1.9122,0.022,1.160
8.80,555,2.45596,3.6774,1.9240,-0.005,1.165
8.80,556,2.45610,3.6766,1.9359,-0.032,1.169
8.80,557,2.45623,3.6757,1.9478,-0.058,1.173
8.80,558,2.45636,3.6748,1.9597,-0.085,1.178
8.80,559,2.45649,3.6740,1.9717,-0.112,1.182
8.80,560,2.45663,3.6732,1.9836,-0.139,1.186
8.80,561,2.45676,3.6723,1.9955,-0.166,1.190
8.80,562,2.45690,3.6715,2.0075,-0.193,1.195
8.80,563,2.45704,3.6706,2.0194,-0.220,1.199
8.80,564,2.45718,3.6698,2.0314,-0.247,1.203
8.80,565,2.45731,3.6689,2.0433,-0.274,1.207
8.80,566,2.45745,3.6681,2.0553,-0.300,1.212
8.80,567,2.45759,3.6672,2.0672,-0.327,1.216
8.80,568,2.45772,3.6664,2.0792,-0.354,1.220
8.80,569,2.45786,3.6655,2.0912,-0.381,1.225
8.80,570,2.45800,3.6647,2.1031,-0.407,1.229
8.80,571,2.45813,3.6638,2.1151,-0.434,1.234
8.80,572,2.45827,3.6629,2.1271,-0.461,1.238
8.80,573,2.45841,3.6620,2.1390,-0.487,1.243
8.80,574,2.45854,3.6612,2.1510,-0.514,1.247
8.80,575,2.45868,3.6603,2.1630,-0.540,1.252
8.80,576,2.45881,3.6594,2.1750,-0.567,1.257
8.80,577,2.45895,3.6585,2.1870,-0.593,1.261
8.80,578,2.45908,3.6576,2.1989,-0.619,1.266
8.80,579,2.45922,3.6567,2.2109,-0.645,1.271
8.80,580,2.45935,3.6558,2.2229,-0.672,1.276
8.80,581,2.45948,3.6549,2.2349,-0.698,1.281
8.80,582,2.45961,3.6539,2.2469,-0.724,1.286
8.80,583,2.45975,3.6530,2.2589,-0.750,1.291
8.80,584,2.45988,3.6521,2.2709,-0.776,1.296
8.80,585,2.46001,3.6512,2.2829,-0.802,1.301
8.80,586,2.46013,3.6502,2.2948,-0.828,1.306
8.80,587,2.46025,3.6493,2.3068,-0.854,1.311
8.80,588,2.46036,3.6483,2.3187,-0.879,1.316
8.80,589,2.46048,3.6474,2.3307,-0.905,1.322
8.80,590,2.46059,3.6464,2.3427,-0.931,1.327
8.80,591,2.46070,3.6455,2.3547,-0.956,1.332
8.80,592,2.46082,3.6445,2.3666,-0.982,1.338
8.80,593,2.46094,3.6435,2.3786,-1.007,1.343
8.80,594,2.46105,3.6426,2.3906,-1.033,1.349
8.80,595,2.46116,3.6416,2.4025,-1.058,1.354
8.80,596,2.46127,3.6406,2.4145,-1.083,1.360
8.80,597,2.46139,3.6396,2.4265,-1.109,1.366
8.80,598,2.46150,3.6386,2.4384,-1.134,1.372
8.80,599,2.46161,3.6377,2.4504,-1.159,1.377
8.80,600,2.46173,3.6367,2.4624,-1.184,1.383
8.80,601,2.46184,3.6357,2.4743,-1.209,1.389
8.80,602,2.46195,3.6347,2.4863,-1.234,1.395
8.80,603,2.46207,3.6337,2.4982,-1.259,1.401
8.80,604,2.46219,3.6327,2.5100,-1.283,1.407
8.80,605,2.46233,3.6320,2.5183,-1.300,1.411
8.80,606,2.46239,3.6325,2.5125,-1.288,1.408
8.80,607,2.46243,3.6332,2.5039,-1.270,1.404
8.80,608,2.46245,3.6340,2.4944,-1.251,1.399
8.80,609,2.46247,3.6349,2.4846,-1.231,1.394
8.80,610,2.46250,3.6357,2.4745,-1.210,1.389
8.80,611,2.46252,3.6365,2.4641,-1.188,1.384
8.80,612,2.46254,3.6374,2.4537,-1.166,1.379
8.80,613,2.46257,3.6383,2.4431,-1.144,1.373
8.80,614,2.46260,3.6393,2.4325,-1.122,1.368
8.80,615,2.46263,3.6401,2.4217,-1.099,1.363
8.80,616,2.46267,3.6410,2.4109,-1.076,1.358
8.80,617,2.46271,3.6419,2.4000,-1.054,1.352
8.80,618,2.46276,3.6428,2.3890,-1.030,1.347
8.80,619,2.46281,3.6437,2.3780,-1.007,1.342
8.80,620,2.46287,3.6447,2.3670,-0.984,1.337
8.80,621,2.46293,3.6456,2.3559,-0.960,1.332
8.80,622,2.46300,3.6465,2.3447,-0.936,1.326
8.80,623,2.46307,3.6474,2.3335,-0.912,1.321
8.80,624,2.46315,3.6484,2.3222,-0.888,1.316
8.80,625,2.46323,3.6493,2.3109,-0.864,1.311
8.80,626,2.46332,3.6502,2.2996,-0.840,1.306
8.80,627,2.46342,3.6511,2.2883,-0.815,1.301
8.80,628,2.46352,3.6520,2.2770,-0.791,1.296
8.80,629,2.46364,3.6529,2.2657,-0.767,1.291
8.80,630,2.46377,3.6539,2.2545,-0.743,1.286
8.80,631,2.46393,3.6548,2.2432,-0.718,1.281
8.80,632,2.46420,3.6560,2.2270,-0.683,1.274
8.80,633,2.46451,3.6573,2.2109,-0.648,1.268
8.80,634,2.46480,3.6586,2.1947,-0.613,1.261
8.80,635,2.46504,3.6599,2.1786,-0.578,1.254
8.80,636,2.46526,3.6611,2.1624,-0.542,1.248
8.80,637,2.46546,3.6624,2.1462,-0.507,1.241
8.80,638,2.46566,3.6637,2.1300,-0.471,1.234
8.80,639,2.46585,3.6649,2.1137,-0.435,1.228
8.80,640,2.46605,3.6662,2.0976,-0.399,1.221
8.80,641,2.46625,3.6675,2.0813,-0.363,1.215
8.80,642,2.46646,3.6687,2.0651,-0.327,1.209
8.80,643,2.46668,3.6699,2.0489,-0.291,1.202
8.80,644,2.46691,3.6712,2.0326,-0.255,1.196
8.80,645,2.46715,3.6724,2.0165,-0.219,1.190
8.80,646,2.46739,3.6736,2.0003,-0.183,1.184
8.80,647,2.46765,3.6748,1.9842,-0.146,1.178
8.80,648,2.46791,3.6760,1.9681,-0.110,1.172
8.80,649,2.46819,3.6772,1.9520,-0.074,1.166
8.80,650,2.46847,3.6784,1.9359,-0.038,1.160
8.80,651,2.46878,3.6796,1.9199,-0.002,1.154
8.80,652,2.46911,3.6808,1.9039,0.035,1.148
8.80,653,2.46946,3.6820,1.8880,0.070,1.143
8.80,654,2.46984,3.6832,1.8722,0.106,1.137
8.80,655,2.47025,3.6844,1.8565,0.142,1.131
8.80,656,2.47071,3.6857,1.8408,0.177,1.125
8.80,657,2.47120,3.6869,1.8253,0.212,1.120
8.80,658,2.47176,3.6882,1.8099,0.247,1.114
8.80,659,2.47240,3.6894,1.7948,0.281,1.108
8.80,660,2.47313,3.6908,1.7799,0.315,1.102
8.80,661,2.47401,3.6921,1.7654,0.347,1.095
8.80,662,2.47513,3.6935,1.7514,0.378,1.089
8.80,663,2.47699,3.6949,1.7393,0.405,1.082
8.80,664,2.47921,3.6963,1.7288,0.427,1.075
8.80,665,2.48581,3.6960,1.7408,0.398,1.077
8.80,666,2.49042,3.6955,1.7495,0.377,1.079
8.80,667,2.49305,3.6961,1.7472,0.382,1.076
8.80,668,2.49512,3.6972,1.7400,0.397,1.071
8.80,669,2.49867,3.6975,1.7415,0.392,1.070
8.80,670,2.50662,3.6975,1.7505,0.369,1.069
8.80,671,2.51686,3.6976,1.7627,0.339,1.069
8.80,672,2.54939,3.6976,1.8047,0.234,1.069
8.80,673,2.55386,3.6975,1.8107,0.219,1.070
8.80,674,2.60215,3.6969,1.8809,0.045,1.073
8.80,675,2.60484,3.6969,1.8853,0.034,1.074
8.80,676,2.60731,3.6966,1.8895,0.024,1.075
8.80,677,2.60974,3.6963,1.8931,0.016,1.076
8.80,678,2.61189,3.6960,1.8967,0.008,1.078
8.80,679,2.61411,3.6960,1.8996,0.000,1.078
8.80,680,2.61615,3.6957,1.9037,-0.009,1.079
8.80,681,2.61878,3.6964,1.9063,-0.017,1.076
8.80,682,2.64635,3.6949,1.9479,-0.118,1.083
8.80,683,2.64903,3.6944,1.9532,-0.130,1.086
8.80,684,2.65168,3.6942,1.9578,-0.140,1.087
8.80,685,2.65485,3.6941,1.9635,-0.154,1.088
8.80,686,2.65849,3.6942,1.9673,-0.164,1.087
8.80,687,2.66593,3.6927,1.9802,-0.193,1.094
8.80,688,2.67169,3.6919,1.9906,-0.216,1.098
8.80,689,2.67684,3.6902,2.0031,-0.243,1.106
8.80,690,2.67940,3.6903,2.0052,-0.248,1.105
8.80,691,2.68191,3.6883,2.0175,-0.273,1.115
8.80,692,2.68359,3.6864,2.0303,-0.299,1.123
8.80,693,2.68468,3.6853,2.0390,-0.318,1.129
8.80,694,2.68552,3.6846,2.0449,-0.331,1.132
8.80,695,2.68654,3.6848,2.0453,-0.332,1.131
8.80,696,2.68757,3.6837,2.0530,-0.348,1.136
8.80,697,2.68822,3.6822,2.0651,-0.374,1.143
8.80,698,2.68870,3.6808,2.0775,-0.400,1.150
8.80,699,2.68906,3.6794,2.0902,-0.427,1.156
8.80,700,2.68932,3.6781,2.1029,-0.455,1.163
8.80,701,2.68952,3.6768,2.1157,-0.482,1.169
8.80,702,2.68966,3.6755,2.1284,-0.510,1.176
8.80,703,2.68977,3.6743,2.1411,-0.537,1.182
8.80,704,2.68986,3.6731,2.1537,-0.565,1.188
8.80,705,2.68992,3.6719,2.1662,-0.592,1.194
8.80,706,2.68997,3.6708,2.1786,-0.619,1.199
8.80,707,2.69001,3.6697,2.1908,-0.646,1.205
8.85,202,0.21454,3.5126,-2.2705,11.408,2.561
8.85,204,0.22752,3.5157,-2.2222,11.260,2.516
8.85,206,0.24023,3.5188,-2.1750,11.115,2.474
8.85,208,0.25500,3.5224,-2.1230,10.956,2.429
8.85,210,0.27828,3.5280,-2.0502,10.731,2.363
8.85,212,0.30014,3.5332,-1.9817,10.523,2.307
8.85,214,0.30912,3.5356,-1.9549,10.438,2.281
8.85,216,0.31144,3.5362,-1.9479,10.417,2.274
8.85,218,0.31301,3.5366,-1.9433,10.402,2.270
8.85,220,0.31460,3.5370,-1.9387,10.388,2.266
8.85,222,0.31626,3.5374,-1.9335,10.372,2.261
8.85,224,0.31792,3.5378,-1.9287,10.357,2.257
8.85,226,0.31961,3.5383,-1.9243,10.343,2.252
8.85,228,0.32625,3.5398,-1.9029,10.279,2.236
8.85,230,0.34185,3.5432,-1.8489,10.121,2.201
8.85,232,0.35444,3.5458,-1.8127,10.012,2.174
8.85,234,0.36440,3.5478,-1.7849,9.929,2.153
8.85,236,0.37474,3.5498,-1.7572,9.846,2.132
8.85,238,0.38753,3.5523,-1.7231,9.744,2.107
8.85,240,0.43841,3.5620,-1.5872,9.339,2.010
8.85,242,0.47624,3.5701,-1.4835,9.028,1.933
8.85,244,0.50834,3.5777,-1.3938,8.759,1.865
8.85,246,0.54350,3.5872,-1.2923,8.453,1.786
8.85,248,0.57010,3.5953,-1.2144,8.216,1.722
8.85,250,0.59605,3.6035,-1.1381,7.983,1.659
8.85,252,0.61321,3.6103,-1.0875,7.822,1.607
8.85,254,0.62990,3.6173,-1.0381,7.663,1.555
8.85,256,0.64593,3.6241,-0.9906,7.511,1.506
8.85,258,0.66216,3.6309,-0.9425,7.357,1.457
8.85,260,0.67848,3.6378,-0.8941,7.203,1.410
8.85,262,0.69417,3.6445,-0.8476,7.055,1.365
8.85,264,0.71420,3.6528,-0.7937,6.884,1.312
8.85,266,0.73442,3.6612,-0.7416,6.720,1.262
8.85,268,0.75549,3.6699,-0.6872,6.551,1.213
8.85,270,0.77586,3.6783,-0.6346,6.390,1.167
8.85,272,0.79541,3.6864,-0.5840,6.238,1.126
8.85,274,0.81580,3.6948,-0.5312,6.082,1.084
8.85,276,0.83499,3.7028,-0.4814,5.937,1.044
8.85,278,0.85410,3.7107,-0.4318,5.795,1.007
8.85,280,0.87367,3.7189,-0.3809,5.651,0.972
8.85,282,0.89201,3.7265,-0.3332,5.518,0.939
8.85,284,0.91110,3.7331,-0.2876,5.393,0.910
8.85,286,0.93052,3.7390,-0.2443,5.277,0.885
8.85,288,0.94863,3.7444,-0.2039,5.170,0.861
8.85,290,0.96770,3.7501,-0.1613,5.057,0.837
8.85,292,0.98913,3.7563,-0.1142,4.934,0.811
8.85,294,1.01166,3.7621,-0.0663,4.810,0.787
8.85,296,1.02729,3.7661,-0.0336,4.726,0.771
8.85,298,1.04096,3.7694,-0.0052,4.653,0.757
8.85,300,1.05934,3.7738,0.0324,4.557,0.739
8.85,302,1.07998,3.7784,0.0737,4.452,0.720
8.85,304,1.10086,3.7832,0.1156,4.347,0.700
8.85,306,1.12735,3.7889,0.1672,4.217,0.677
8.85,308,1.14605,3.7928,0.2030,4.127,0.661
8.85,310,1.17283,3.7983,0.2533,4.001,0.639
8.85,312,1.22279,3.8083,0.3442,3.776,0.599
8.85,314,1.26561,3.8166,0.4187,3.592,0.566
8.85,316,1.30488,3.8241,0.4845,3.428,0.537
8.85,318,1.34044,3.8308,0.5418,3.286,0.511
8.85,320,1.36751,3.8359,0.5840,3.182,0.491
8.85,322,1.40408,3.8427,0.6390,3.047,0.464
8.85,324,1.43615,3.8487,0.6856,2.933,0.440
8.85,326,1.46738,3.8547,0.7293,2.826,0.416
8.85,328,1.53947,3.8679,0.8244,2.596,0.364
8.85,330,1.57409,3.8735,0.8676,2.492,0.342
8.85,332,1.60878,3.8784,0.9098,2.391,0.322
8.85,334,1.64943,3.8838,0.9580,2.274,0.299
8.85,336,1.68646,3.8882,1.0014,2.169,0.281
8.85,338,1.72359,3.8923,1.0443,2.066,0.263
8.85,340,1.76632,3.8970,1.0933,1.947,0.243
8.85,342,1.80484,3.9013,1.1374,1.842,0.224
8.85,344,1.84626,3.9057,1.1846,1.729,0.205
8.85,346,1.88433,3.9092,1.2274,1.627,0.190
8.85,348,1.92680,3.9124,1.2752,1.512,0.175
8.85,350,1.96539,3.9145,1.3181,1.408,0.165
8.85,352,2.00548,3.9163,1.3626,1.299,0.156
8.85,353,2.02694,3.9166,1.3859,1.241,0.154
8.85,354,2.03516,3.9167,1.3948,1.219,0.153
8.85,356,2.05401,3.9168,1.4153,1.167,0.152
8.85,358,2.07442,3.9166,1.4376,1.111,0.151
8.85,360,2.09230,3.9163,1.4568,1.062,0.152
8.85,362,2.10851,3.9158,1.4745,1.016,0.153
8.85,364,2.12549,3.9149,1.4926,0.968,0.155
8.85,366,2.14385,3.9134,1.5120,0.917,0.160
8.85,368,2.15748,3.9122,1.5265,0.878,0.164
8.85,370,2.17175,3.9105,1.5413,0.837,0.169
8.85,372,2.18671,3.9085,1.5569,0.794,0.176
8.85,374,2.20222,3.9062,1.5734,0.749,0.184
8.85,376,2.21610,3.9037,1.5876,0.709,0.193
8.85,378,2.22914,3.9010,1.6009,0.671,0.202
8.85,380,2.24143,3.8982,1.6135,0.635,0.213
8.85,382,2.25323,3.8953,1.6252,0.601,0.224
8.85,384,2.26445,3.8924,1.6367,0.568,0.235
8.85,386,2.27515,3.8896,1.6477,0.537,0.246
8.85,388,2.28553,3.8866,1.6582,0.507,0.258
8.85,390,2.29577,3.8836,1.6689,0.476,0.270
8.85,392,2.30712,3.8808,1.6817,0.441,0.281
8.85,394,2.32045,3.8798,1.7003,0.393,0.284
8.85,396,2.32879,3.8832,1.7179,0.352,0.269
8.85,398,2.33233,3.8876,1.7297,0.327,0.250
8.85,400,2.33435,3.8920,1.7395,0.308,0.231
8.85,402,2.33565,3.8965,1.7484,0.292,0.213
8.85,404,2.33655,3.9010,1.7569,0.277,0.194
8.85,406,2.33720,3.9054,1.7653,0.263,0.177
8.85,408,2.33769,3.9097,1.7739,0.249,0.160
8.85,410,2.33805,3.9140,1.7826,0.235,0.144
8.85,412,2.33834,3.9182,1.7916,0.221,0.130
8.85,414,2.33856,3.9223,1.8008,0.207,0.116
8.85,416,2.33873,3.9262,1.8103,0.192,0.103
8.85,418,2.33887,3.9298,1.8198,0.178,0.092
8.85,420,2.33898,3.9331,1.8287,0.164,0.082
8.85,422,2.33908,3.9357,1.8355,0.154,0.074
8.85,424,2.33916,3.9367,1.8367,0.154,0.071
8.85,426,2.33922,3.9361,1.8313,0.166,0.073
8.85,428,2.33928,3.9340,1.8207,0.187,0.080
8.85,430,2.33933,3.9311,1.8087,0.209,0.088
8.85,432,2.33939,3.9276,1.7979,0.227,0.099
8.85,434,2.33945,3.9237,1.7910,0.235,0.112
8.85,436,2.33953,3.9194,1.7916,0.224,0.126
8.85,438,2.33963,3.9155,1.7990,0.197,0.138
8.85,440,2.33974,3.9118,1.8081,0.166,0.151
8.85,442,2.33988,3.9079,1.8158,0.140,0.164
8.85,444,2.34004,3.9039,1.8215,0.118,0.179
8.85,446,2.34021,3.8997,1.8257,0.101,0.195
8.85,448,2.34041,3.8955,1.8286,0.087,0.212
8.85,450,2.34064,3.8912,1.8306,0.076,0.230
8.85,452,2.34091,3.8868,1.8320,0.067,0.247
8.85,454,2.34120,3.8825,1.8327,0.061,0.266
8.85,455,2.34140,3.8797,1.8329,0.057,0.278
8.85,456,2.34161,3.8768,1.8330,0.054,0.290
8.85,457,2.34183,3.8740,1.8329,0.052,0.302
8.85,458,2.34205,3.8711,1.8327,0.050,0.314
8.85,459,2.34227,3.8683,1.8323,0.049,0.326
8.85,460,2.34249,3.8654,1.8318,0.048,0.338
8.85,461,2.34272,3.8625,1.8312,0.048,0.350
8.85,462,2.34293,3.8596,1.8306,0.048,0.362
8.85,463,2.34315,3.8567,1.8297,0.048,0.374
8.85,464,2.34336,3.8538,1.8288,0.049,0.386
8.85,465,2.34357,3.8508,1.8278,0.050,0.398
8.85,466,2.34377,3.8479,1.8267,0.052,0.411
8.85,467,2.34396,3.8449,1.8255,0.054,0.423
8.85,468,2.34415,3.8420,1.8242,0.056,0.436
8.85,469,2.34434,3.8390,1.8228,0.059,0.448
8.85,470,2.34451,3.8360,1.8213,0.062,0.461
8.85,471,2.34468,3.8330,1.8197,0.065,0.474
8.85,472,2.34485,3.8300,1.8180,0.069,0.486
8.85,473,2.34500,3.8270,1.8162,0.073,0.499
8.85,474,2.34516,3.8240,1.8143,0.078,0.512
8.85,475,2.34530,3.8210,1.8124,0.082,0.524
8.85,476,2.34544,3.8180,1.8103,0.087,0.537
8.85,477,2.34558,3.8150,1.8082,0.092,0.549
8.85,478,2.34571,3.8120,1.8060,0.098,0.562
8.85,479,2.34584,3.8090,1.8037,0.104,0.575
8.85,480,2.34596,3.8060,1.8013,0.111,0.588
8.85,481,2.34609,3.8030,1.7987,0.118,0.601
8.85,482,2.34621,3.8000,1.7960,0.125,0.614
8.85,483,2.34633,3.7970,1.7931,0.133,0.626
8.85,484,2.34644,3.7940,1.7901,0.142,0.639
8.85,485,2.34656,3.7910,1.7869,0.151,0.652
8.85,486,2.34667,3.7881,1.7835,0.161,0.665
8.85,487,2.34679,3.7851,1.7798,0.171,0.677
8.85,488,2.34691,3.7822,1.7759,0.183,0.690
8.85,489,2.34702,3.7794,1.7715,0.195,0.702
8.85,490,2.34715,3.7766,1.7666,0.209,0.714
8.85,491,2.34727,3.7739,1.7611,0.225,0.726
8.85,492,2.34740,3.7713,1.7552,0.242,0.738
8.85,493,2.34752,3.7688,1.7488,0.260,0.749
8.85,494,2.34765,3.7663,1.7420,0.279,0.760
8.85,495,2.34777,3.7639,1.7348,0.299,0.770
8.85,496,2.34788,3.7615,1.7271,0.320,0.780
8.85,497,2.34800,3.7593,1.7191,0.342,0.790
8.85,498,2.34811,3.7571,1.7107,0.365,0.800
8.85,499,2.34822,3.7550,1.7020,0.389,0.809
8.85,500,2.34832,3.7530,1.6929,0.414,0.818
8.85,501,2.34842,3.7510,1.6836,0.440,0.827
8.85,502,2.34851,3.7491,1.6741,0.466,0.836
8.85,503,2.34861,3.7472,1.6643,0.492,0.844
8.85,504,2.34870,3.7454,1.6544,0.519,0.852
8.85,505,2.34878,3.7436,1.6443,0.547,0.860
8.85,506,2.34887,3.7419,1.6341,0.575,0.867
8.85,507,2.34895,3.7402,1.6238,0.603,0.875
8.85,508,2.34903,3.7385,1.6135,0.631,0.883
8.85,509,2.34912,3.7369,1.6030,0.660,0.890
8.85,510,2.34920,3.7352,1.5926,0.688,0.898
8.85,511,2.34928,3.7335,1.5822,0.717,0.905
8.85,512,2.34936,3.7319,1.5719,0.745,0.913
8.85,513,2.34944,3.7301,1.5617,0.774,0.921
8.85,514,2.34953,3.7284,1.5517,0.802,0.929
8.85,515,2.34962,3.7265,1.5420,0.829,0.937
8.85,516,2.34971,3.7245,1.5327,0.856,0.946
8.85,517,2.34982,3.7224,1.5243,0.881,0.955
8.85,518,2.34993,3.7201,1.5172,0.903,0.965
8.85,519,2.35006,3.7175,1.5124,0.920,0.976
8.85,520,2.35021,3.7147,1.5113,0.928,0.988
8.85,521,2.35036,3.7121,1.5146,0.926,1.000
8.85,522,2.35049,3.7097,1.5212,0.914,1.010
8.85,523,2.35062,3.7077,1.5298,0.897,1.019
8.85,524,2.35074,3.7060,1.5396,0.877,1.027
8.85,525,2.35085,3.7045,1.5499,0.854,1.035
8.85,526,2.35096,3.7030,1.5606,0.831,1.041
8.85,527,2.35107,3.7017,1.5716,0.807,1.048
8.85,528,2.35118,3.7005,1.5827,0.782,1.054
8.85,529,2.35130,3.6993,1.5939,0.757,1.059
8.85,530,2.35141,3.6982,1.6052,0.732,1.065
8.85,531,2.35153,3.6972,1.6166,0.706,1.070
8.85,532,2.35164,3.6962,1.6281,0.680,1.075
8.85,533,2.35176,3.6952,1.6396,0.654,1.080
8.85,534,2.35188,3.6942,1.6512,0.627,1.085
8.85,535,2.35199,3.6933,1.6628,0.601,1.089
8.85,536,2.35211,3.6924,1.6744,0.574,1.093
8.85,537,2.35223,3.6915,1.6861,0.548,1.098
8.85,538,2.35235,3.6906,1.6977,0.521,1.102
8.85,539,2.35246,3.6897,1.7095,0.494,1.106
8.85,540,2.35258,3.6888,1.7212,0.467,1.110
8.85,541,2.35270,3.6879,1.7330,0.440,1.114
8.85,542,2.35282,3.6871,1.7447,0.413,1.118
8.85,543,2.35294,3.6863,1.7565,0.386,1.122
8.85,544,2.35306,3.6854,1.7683,0.360,1.126
8.85,545,2.35318,3.6846,1.7801,0.333,1.130
8.85,546,2.35331,3.6837,1.7919,0.306,1.134
8.85,547,2.35343,3.6829,1.8037,0.279,1.138
8.85,548,2.35355,3.6820,1.8156,0.252,1.142
8.85,549,2.35367,3.6812,1.8274,0.225,1.146
8.85,550,2.35379,3.6803,1.8393,0.198,1.150
8.85,551,2.35391,3.6795,1.8512,0.171,1.154
8.85,552,2.35403,3.6787,1.8631,0.144,1.158
8.85,553,2.35415,3.6778,1.8749,0.117,1.163
8.85,554,2.35427,3.6770,1.8869,0.090,1.167
8.85,555,2.35439,3.6762,1.8988,0.063,1.171
8.85,556,2.35451,3.6753,1.9107,0.036,1.175
8.85,557,2.35463,3.6745,1.9226,0.009,1.179
8.85,558,2.35476,3.6737,1.9346,-0.018,1.183
8.85,559,2.35488,3.6729,1.9465,-0.045,1.187
8.85,560,2.35500,3.6721,1.9584,-0.072,1.191
8.85,561,2.35513,3.6712,1.9704,-0.099,1.195
8.85,562,2.35525,3.6704,1.9823,-0.126,1.200
8.85,563,2.35537,3.6696,1.9943,-0.153,1.204
8.85,564,2.35550,3.6687,2.0063,-0.180,1.208
8.85,565,2.35563,3.6679,2.0182,-0.207,1.212
8.85,566,2.35575,3.6671,2.0301,-0.234,1.217
8.85,567,2.35587,3.6662,2.0421,-0.261,1.221
8.85,568,2.35600,3.6654,2.0540,-0.287,1.225
8.85,569,2.35612,3.6645,2.0660,-0.314,1.230
8.85,570,2.35624,3.6636,2.0779,-0.340,1.234
8.85,571,2.35637,3.6628,2.0899,-0.367,1.239
8.85,572,2.35649,3.6619,2.1018,-0.393,1.243
8.85,573,2.35661,3.6610,2.1138,-0.420,1.248
8.85,574,2.35673,3.6601,2.1258,-0.446,1.253
8.85,575,2.35685,3.6592,2.1378,-0.473,1.257
8.85,576,2.35697,3.6583,2.1497,-0.499,1.262
8.85,577,2.35709,3.6575,2.1617,-0.525,1.267
8.85,578,2.35721,3.6565,2.1736,-0.552,1.272
8.85,579,2.35733,3.6556,2.1856,-0.578,1.276
8.85,580,2.35745,3.6547,2.1976,-0.604,1.281
8.85,581,2.35757,3.6538,2.2096,-0.630,1.286
8.85,582,2.35768,3.6529,2.2216,-0.656,1.291
8.85,583,2.35780,3.6520,2.2336,-0.682,1.296
8.85,584,2.35792,3.6511,2.2456,-0.708,1.301
8.85,585,2.35804,3.6501,2.2575,-0.734,1.306
8.85,586,2.35815,3.6492,2.2695,-0.760,1.312
8.85,587,2.35827,3.6482,2.2815,-0.786,1.317
8.85,588,2.35838,3.6473,2.2934,-0.812,1.322
8.85,589,2.35850,3.6464,2.3054,-0.837,1.327
8.85,590,2.35862,3.6454,2.3174,-0.863,1.332
8.85,591,2.35873,3.6445,2.3293,-0.889,1.338
8.85,592,2.35885,3.6435,2.3413,-0.914,1.343
8.85,593,2.35896,3.6425,2.3532,-0.939,1.349
8.85,594,2.35908,3.6416,2.3652,-0.965,1.354
8.85,595,2.35919,3.6406,2.3772,-0.990,1.360
8.85,596,2.35931,3.6396,2.3891,-1.015,1.366
8.85,597,2.35942,3.6386,2.4011,-1.041,1.371
8.85,598,2.35954,3.6377,2.4130,-1.066,1.377
8.85,599,2.35965,3.6367,2.4250,-1.091,1.383
8.85,600,2.35977,3.6357,2.4369,-1.116,1.389
8.85,601,2.35988,3.6347,2.4489,-1.141,1.395
8.85,602,2.36000,3.6337,2.4607,-1.165,1.401
8.85,603,2.36013,3.6327,2.4726,-1.190,1.407
8.85,604,2.36027,3.6317,2.4845,-1.214,1.413
8.85,605,2.36043,3.6309,2.4940,-1.234,1.418
8.85,606,2.36050,3.6316,2.4859,-1.217,1.413
8.85,607,2.36053,3.6326,2.4739,-1.192,1.407
8.85,608,2.36055,3.6337,2.4609,-1.166,1.401
8.85,609,2.36057,3.6349,2.4474,-1.138,1.394
8.85,610,2.36059,3.6360,2.4336,-1.109,1.387
8.85,611,2.36061,3.6372,2.4196,-1.080,1.380
8.85,612,2.36063,3.6384,2.4054,-1.050,1.373
8.85,613,2.36065,3.6396,2.3910,-1.020,1.366
8.85,614,2.36067,3.6407,2.3766,-0.990,1.359
8.85,615,2.36070,3.6419,2.3621,-0.959,1.352
8.85,616,2.36073,3.6432,2.3476,-0.928,1.345
8.85,617,2.36077,3.6443,2.3330,-0.897,1.338
8.85,618,2.36081,3.6456,2.3184,-0.866,1.332
8.85,619,2.36086,3.6467,2.3036,-0.834,1.325
8.85,620,2.36091,3.6479,2.2888,-0.803,1.319
8.85,621,2.36097,3.6492,2.2740,-0.771,1.312
8.85,622,2.36104,3.6503,2.2591,-0.739,1.305
8.85,623,2.36111,3.6515,2.2441,-0.707,1.299
8.85,624,2.36119,3.6527,2.2292,-0.674,1.292
8.85,625,2.36127,3.6539,2.2141,-0.642,1.286
8.85,626,2.36136,3.6551,2.1991,-0.609,1.279
8.85,627,2.36146,3.6563,2.1842,-0.577,1.273
8.85,628,2.36158,3.6574,2.1691,-0.544,1.267
8.85,629,2.36171,3.6587,2.1542,-0.512,1.260
8.85,630,2.36186,3.6598,2.1393,-0.479,1.255
8.85,631,2.36206,3.6609,2.1245,-0.446,1.249
8.85,632,2.36233,3.6620,2.1102,-0.415,1.243
8.85,633,2.36266,3.6631,2.0959,-0.383,1.237
8.85,634,2.36294,3.6642,2.0815,-0.352,1.231
8.85,635,2.36317,3.6654,2.0670,-0.320,1.226
8.85,636,2.36336,3.6665,2.0526,-0.288,1.220
8.85,637,2.36353,3.6676,2.0381,-0.255,1.214
8.85,638,2.36370,3.6687,2.0235,-0.223,1.209
8.85,639,2.36386,3.6698,2.0089,-0.191,1.203
8.85,640,2.36403,3.6709,1.9942,-0.158,1.197
8.85,641,2.36421,3.6719,1.9795,-0.125,1.192
8.85,642,2.36439,3.6730,1.9649,-0.092,1.186
8.85,643,2.36459,3.6741,1.9502,-0.059,1.181
8.85,644,2.36481,3.6752,1.9355,-0.026,1.176
8.85,645,2.36504,3.6763,1.9210,0.007,1.170
8.85,646,2.36528,3.6774,1.9063,0.040,1.165
8.85,647,2.36555,3.6785,1.8916,0.073,1.160
8.85,648,2.36582,3.6795,1.8770,0.106,1.155
8.85,649,2.36610,3.6806,1.8624,0.139,1.149
8.85,650,2.36640,3.6817,1.8477,0.172,1.144
8.85,651,2.36672,3.6828,1.8331,0.206,1.139
8.85,652,2.36706,3.6839,1.8185,0.239,1.134
8.85,653,2.36743,3.6849,1.8040,0.272,1.129
8.85,654,2.36784,3.6860,1.7894,0.305,1.123
8.85,655,2.36829,3.6872,1.7749,0.338,1.118
8.85,656,2.36879,3.6883,1.7604,0.371,1.113
8.85,657,2.36935,3.6894,1.7461,0.403,1.108
8.85,658,2.37000,3.6906,1.7317,0.436,1.102
8.85,659,2.37078,3.6918,1.7175,0.468,1.097
8.85,660,2.37176,3.6931,1.7036,0.499,1.090
8.85,661,2.37310,3.6944,1.6900,0.529,1.084
8.85,662,2.37530,3.6959,1.6774,0.557,1.077
8.85,663,2.38042,3.6969,1.6737,0.564,1.072
8.85,664,2.38684,3.6961,1.6886,0.528,1.076
8.85,665,2.39074,3.6965,1.6892,0.526,1.074
8.85,666,2.39509,3.6970,1.6899,0.523,1.072
8.85,667,2.39994,3.6971,1.6951,0.509,1.071
8.85,668,2.40673,3.6972,1.7027,0.490,1.071
8.85,669,2.41339,3.6972,1.7107,0.470,1.071
8.85,670,2.47023,3.6972,1.7849,0.284,1.071
8.85,671,2.47660,3.6973,1.7934,0.263,1.071
8.85,672,2.48164,3.6972,1.8008,0.244,1.071
8.85,673,2.48520,3.6972,1.8064,0.230,1.072
8.85,674,2.48861,3.6971,1.8116,0.218,1.072
8.85,675,2.49168,3.6968,1.8170,0.205,1.073
8.85,676,2.49511,3.6969,1.8212,0.194,1.073
8.85,677,2.49836,3.6970,1.8255,0.183,1.073
8.85,678,2.50468,3.6970,1.8348,0.160,1.073
8.85,679,2.51372,3.6968,1.8486,0.126,1.074
8.85,680,2.54643,3.6948,1.9016,-0.001,1.084
8.85,681,2.54969,3.6947,1.9066,-0.014,1.084
8.85,682,2.55328,3.6942,1.9131,-0.028,1.087
8.85,683,2.55731,3.6938,1.9196,-0.044,1.089
8.85,684,2.56244,3.6932,1.9280,-0.063,1.092
8.85,685,2.56803,3.6913,1.9429,-0.095,1.100
8.85,686,2.57165,3.6900,1.9538,-0.118,1.106
8.85,687,2.57425,3.6886,1.9650,-0.143,1.113
8.85,688,2.57628,3.6874,1.9747,-0.163,1.118
8.85,689,2.57762,3.6857,1.9889,-0.193,1.126
8.85,690,2.57826,3.6862,1.9876,-0.192,1.124
8.85,691,2.57851,3.6873,1.9830,-0.184,1.119
8.85,692,2.57879,3.6891,1.9712,-0.160,1.111
8.85,693,2.58018,3.6886,1.9718,-0.160,1.113
8.85,694,2.58196,3.6870,1.9841,-0.186,1.120
8.85,695,2.58330,3.6854,1.9970,-0.213,1.128
8.85,696,2.58437,3.6838,2.0104,-0.242,1.135
8.85,697,2.58516,3.6823,2.0240,-0.271,1.142
8.85,698,2.58576,3.6808,2.0379,-0.301,1.149
8.85,699,2.58620,3.6794,2.0519,-0.331,1.156
8.85,700,2.58653,3.6779,2.0660,-0.362,1.163
8.85,701,2.58678,3.6766,2.0802,-0.393,1.170
8.85,702,2.58697,3.6752,2.0944,-0.424,1.177
8.85,703,2.58711,3.6739,2.1084,-0.455,1.183
8.85,704,2.58722,3.6727,2.1224,-0.485,1.190
8.85,705,2.58731,3.6714,2.1361,-0.515,1.196
8.85,706,2.58737,3.6702,2.1498,-0.545,1.202
8.85,707,2.58742,3.6691,2.1633,-0.574,1.208
8.90,202,0.19756,3.5084,-2.3364,11.612,2.626
8.90,204,0.21217,3.5120,-2.2793,11.435,2.570
8.90,206,0.22493,3.5151,-2.2318,11.289,2.525
8.90,208,0.23735,3.5181,-2.1856,11.148,2.483
8.90,210,0.24991,3.5212,-2.1388,11.005,2.444
8.90,212,0.27274,3.5266,-2.0673,10.784,2.378
8.90,214,0.29379,3.5317,-2.0013,10.582,2.323
8.90,216,0.30664,3.5349,-1.9619,10.460,2.288
8.90,218,0.31099,3.5361,-1.9488,10.420,2.275
8.90,220,0.31256,3.5365,-1.9442,10.405,2.271
8.90,222,0.31420,3.5369,-1.9391,10.389,2.267
8.90,224,0.31583,3.5373,-1.9343,10.375,2.262
8.90,226,0.31752,3.5377,-1.9297,10.360,2.258
8.90,228,0.31923,3.5382,-1.9250,10.345,2.253
8.90,230,0.32446,3.5395,-1.9095,10.298,2.240
8.90,232,0.33700,3.5423,-1.8668,10.172,2.211
8.90,234,0.35134,3.5452,-1.8211,10.038,2.180
8.90,236,0.36107,3.5471,-1.7920,9.952,2.161
8.90,238,0.37004,3.5488,-1.7679,9.879,2.142
8.90,240,0.37984,3.5507,-1.7420,9.802,2.123
8.90,242,0.40847,3.5562,-1.6661,9.575,2.068
8.90,244,0.45793,3.5660,-1.5336,9.180,1.972
8.90,246,0.49011,3.5732,-1.4446,8.913,1.905
8.90,248,0.52221,3.5814,-1.3532,8.637,1.833
8.90,250,0.55448,3.5904,-1.2598,8.355,1.761
8.90,252,0.57919,3.5981,-1.1871,8.133,1.700
8.90,254,0.60276,3.6058,-1.1177,7.920,1.641
8.90,256,0.61885,3.6126,-1.0701,7.766,1.589
8.90,258,0.63505,3.6195,-1.0221,7.612,1.539
8.90,260,0.65143,3.6264,-0.9735,7.456,1.489
8.90,262,0.66708,3.6330,-0.9271,7.308,1.443
8.90,264,0.68382,3.6401,-0.8774,7.150,1.394
8.90,266,0.69937,3.6468,-0.8312,7.004,1.351
8.90,268,0.72061,3.6555,-0.7761,6.829,1.296
8.90,270,0.74111,3.6640,-0.7232,6.663,1.246
8.90,272,0.76098,3.6722,-0.6718,6.504,1.200
8.90,274,0.78157,3.6807,-0.6185,6.342,1.154
8.90,276,0.80086,3.6887,-0.5685,6.193,1.114
8.90,278,0.82040,3.6969,-0.5178,6.043,1.074
8.90,280,0.84004,3.7050,-0.4667,5.895,1.033
8.90,282,0.85863,3.7128,-0.4184,5.757,0.998
8.90,284,0.87757,3.7206,-0.3690,5.617,0.964
8.90,286,0.89635,3.7285,-0.3199,5.481,0.931
8.90,288,0.91444,3.7343,-0.2781,5.368,0.905
8.90,290,0.93389,3.7402,-0.2346,5.252,0.879
8.90,292,0.95257,3.7458,-0.1928,5.141,0.856
8.90,294,0.97009,3.7510,-0.1535,5.037,0.833
8.90,296,0.99242,3.7573,-0.1045,4.909,0.807
8.90,298,1.01441,3.7630,-0.0577,4.788,0.783
8.90,300,1.02939,3.7668,-0.0262,4.707,0.767
8.90,302,1.04373,3.7703,0.0036,4.631,0.753
8.90,304,1.06086,3.7743,0.0388,4.541,0.736
8.90,306,1.08211,3.7791,0.0815,4.433,0.717
8.90,308,1.10490,3.7842,0.1272,4.317,0.696
8.90,310,1.12916,3.7895,0.1747,4.198,0.675
8.90,312,1.14902,3.7936,0.2129,4.102,0.658
8.90,314,1.17582,3.7991,0.2635,3.976,0.636
8.90,316,1.22581,3.8090,0.3547,3.751,0.596
8.90,318,1.27360,3.8182,0.4381,3.544,0.560
8.90,320,1.31105,3.8253,0.5008,3.387,0.532
8.90,322,1.34480,3.8316,0.5552,3.252,0.507
8.90,324,1.37311,3.8368,0.5994,3.143,0.487
8.90,326,1.41064,3.8437,0.6559,3.005,0.460
8.90,328,1.44101,3.8492,0.7000,2.897,0.438
8.90,330,1.47409,3.8552,0.7460,2.784,0.414
8.90,332,1.54112,3.8665,0.8345,2.569,0.369
8.90,334,1.57619,3.8716,0.8785,2.463,0.348
8.90,336,1.61029,3.8759,0.9202,2.362,0.330
8.90,338,1.65032,3.8807,0.9683,2.245,0.311
8.90,340,1.68695,3.8844,1.0119,2.139,0.295
8.90,342,1.72346,3.8879,1.0548,2.034,0.280
8.90,344,1.76505,3.8918,1.1036,1.915,0.263
8.90,346,1.80228,3.8952,1.1472,1.808,0.248
8.90,348,1.84340,3.8986,1.1952,1.691,0.232
8.90,350,1.87829,3.9008,1.2355,1.593,0.222
8.90,352,1.91923,3.9026,1.2826,1.476,0.212
8.90,353,1.93648,3.9032,1.3024,1.427,0.209
8.90,354,1.94537,3.9033,1.3125,1.402,0.208
8.90,356,1.96334,3.9033,1.3326,1.351,0.207
8.90,358,1.98095,3.9035,1.3530,1.300,0.205
8.90,360,1.99896,3.9033,1.3732,1.249,0.205
8.90,362,2.01949,3.9023,1.3957,1.191,0.208
8.90,364,2.03428,3.9015,1.4123,1.148,0.210
8.90,366,2.04999,3.9004,1.4295,1.102,0.214
8.90,368,2.06644,3.8989,1.4476,1.054,0.218
8.90,370,2.08222,3.8972,1.4650,1.008,0.224
8.90,372,2.09559,3.8955,1.4797,0.969,0.230
8.90,374,2.10827,3.8935,1.4933,0.932,0.238
8.90,376,2.12056,3.8914,1.5067,0.895,0.246
8.90,378,2.13399,3.8884,1.5206,0.856,0.257
8.90,380,2.14555,3.8856,1.5326,0.823,0.268
8.90,382,2.15583,3.8830,1.5433,0.793,0.278
8.90,384,2.16606,3.8801,1.5537,0.764,0.289
8.90,386,2.17612,3.8772,1.5639,0.735,0.301
8.90,388,2.18689,3.8740,1.5753,0.704,0.313
8.90,390,2.19820,3.8709,1.5877,0.669,0.325
8.90,392,2.20947,3.8682,1.6009,0.634,0.336
8.90,394,2.22200,3.8674,1.6191,0.587,0.338
8.90,396,2.22958,3.8708,1.6361,0.547,0.324
8.90,398,2.23280,3.8752,1.6477,0.521,0.305
8.90,400,2.23464,3.8796,1.6574,0.501,0.286
8.90,402,2.23581,3.8841,1.6663,0.483,0.267
8.90,404,2.23664,3.8885,1.6748,0.466,0.249
8.90,406,2.23722,3.8929,1.6833,0.451,0.230
8.90,408,2.23766,3.8972,1.6919,0.435,0.212
8.90,410,2.23800,3.9015,1.7007,0.419,0.194
8.90,412,2.23825,3.9057,1.7097,0.403,0.178
8.90,414,2.23845,3.9097,1.7190,0.387,0.162
8.90,416,2.23861,3.9136,1.7286,0.370,0.148
8.90,418,2.23873,3.9173,1.7381,0.354,0.134
8.90,420,2.23884,3.9206,1.7472,0.338,0.123
8.90,422,2.23893,3.9233,1.7544,0.326,0.114
8.90,424,2.23900,3.9246,1.7566,0.324,0.110
8.90,426,2.23906,3.9241,1.7520,0.334,0.111
8.90,428,2.23911,3.9222,1.7419,0.355,0.118
8.90,430,2.23916,3.9194,1.7298,0.379,0.128
8.90,432,2.23921,3.9160,1.7188,0.400,0.140
8.90,434,2.23927,3.9121,1.7115,0.410,0.154
8.90,436,2.23934,3.9079,1.7118,0.402,0.169
8.90,438,2.23943,3.9040,1.7190,0.377,0.183
8.90,440,2.23953,3.9004,1.7280,0.348,0.197
8.90,442,2.23966,3.8965,1.7356,0.323,0.212
8.90,444,2.23982,3.8925,1.7411,0.304,0.228
8.90,446,2.24000,3.8884,1.7451,0.288,0.245
8.90,448,2.24023,3.8841,1.7480,0.276,0.263
8.90,450,2.24050,3.8799,1.7499,0.267,0.280
8.90,452,2.24081,3.8756,1.7512,0.260,0.298
8.90,454,2.24116,3.8713,1.7519,0.254,0.316
8.90,455,2.24140,3.8685,1.7521,0.252,0.328
8.90,456,2.24164,3.8657,1.7522,0.249,0.339
8.90,457,2.24190,3.8629,1.7521,0.248,0.351
8.90,458,2.24216,3.8600,1.7518,0.247,0.363
8.90,459,2.24242,3.8572,1.7515,0.246,0.375
8.90,460,2.24268,3.8543,1.7511,0.245,0.386
8.90,461,2.24294,3.8514,1.7505,0.245,0.398
8.90,462,2.24320,3.8485,1.7499,0.246,0.410
8.90,463,2.24345,3.8457,1.7490,0.247,0.422
8.90,464,2.24370,3.8427,1.7481,0.248,0.434
8.90,465,2.24393,3.8398,1.7471,0.250,0.447
8.90,466,2.24417,3.8369,1.7460,0.252,0.459
8.90,467,2.24439,3.8339,1.7447,0.255,0.472
8.90,468,2.24460,3.8310,1.7434,0.258,0.484
8.90,469,2.24481,3.8280,1.7420,0.261,0.497
8.90,470,2.24501,3.8250,1.7404,0.264,0.509
8.90,471,2.24520,3.8221,1.7388,0.268,0.521
8.90,472,2.24539,3.8191,1.7371,0.272,0.534
8.90,473,2.24557,3.8161,1.7353,0.276,0.546
8.90,474,2.24574,3.8131,1.7333,0.281,0.559
8.90,475,2.24591,3.8101,1.7313,0.286,0.571
8.90,476,2.24607,3.8071,1.7291,0.292,0.584
8.90,477,2.24623,3.8041,1.7268,0.298,0.597
8.90,478,2.24639,3.8012,1.7243,0.305,0.609
8.90,479,2.24655,3.7982,1.7217,0.313,0.622
8.90,480,2.24671,3.7952,1.7189,0.321,0.635
8.90,481,2.24686,3.7923,1.7158,0.329,0.647
8.90,482,2.24701,3.7894,1.7126,0.339,0.660
8.90,483,2.24716,3.7865,1.7090,0.349,0.672
8.90,484,2.24731,3.7836,1.7051,0.360,0.685
8.90,485,2.24747,3.7808,1.7007,0.372,0.697
8.90,486,2.24763,3.7781,1.6958,0.386,0.708
8.90,487,2.24779,3.7755,1.6904,0.401,0.720
8.90,488,2.24795,3.7729,1.6846,0.418,0.731
8.90,489,2.24810,3.7704,1.6783,0.435,0.742
8.90,490,2.24826,3.7679,1.6716,0.454,0.753
8.90,491,2.24840,3.7655,1.6645,0.473,0.763
8.90,492,2.24855,3.7632,1.6569,0.494,0.773
8.90,493,2.24869,3.7610,1.6490,0.516,0.783
8.90,494,2.24882,3.7588,1.6407,0.539,0.793
8.90,495,2.24895,3.7567,1.6320,0.563,0.802
8.90,496,2.24907,3.7547,1.6230,0.587,0.811
8.90,497,2.24919,3.7528,1.6138,0.613,0.819
8.90,498,2.24930,3.7509,1.6043,0.639,0.828
8.90,499,2.24941,3.7490,1.5946,0.665,0.836
8.90,500,2.24951,3.7472,1.5847,0.692,0.844
8.90,501,2.24961,3.7454,1.5746,0.719,0.852
8.90,502,2.24971,3.7437,1.5645,0.747,0.859
8.90,503,2.24981,3.7420,1.5542,0.775,0.867
8.90,504,2.24990,3.7404,1.5438,0.803,0.874
8.90,505,2.25000,3.7387,1.5334,0.831,0.882
8.90,506,2.25009,3.7370,1.5230,0.860,0.889
8.90,507,2.25018,3.7354,1.5126,0.888,0.897
8.90,508,2.25027,3.7337,1.5022,0.917,0.904
8.90,509,2.25037,3.7320,1.4920,0.945,0.912
8.90,510,2.25046,3.7302,1.4819,0.973,0.920
8.90,511,2.25056,3.7284,1.4720,1.001,0.928
8.90,512,2.25067,3.7265,1.4626,1.028,0.937
8.90,513,2.25078,3.7245,1.4538,1.053,0.946
8.90,514,2.25091,3.7222,1.4460,1.077,0.956
8.90,515,2.25106,3.7198,1.4399,1.097,0.966
8.90,516,2.25122,3.7171,1.4368,1.110,0.978
8.90,517,2.25139,3.7143,1.4379,1.113,0.990
8.90,518,2.25156,3.7118,1.4432,1.105,1.001
8.90,519,2.25172,3.7097,1.4510,1.090,1.010
8.90,520,2.25187,3.7079,1.4603,1.071,1.019
8.90,521,2.25201,3.7063,1.4705,1.049,1.026
8.90,522,2.25214,3.7048,1.4811,1.026,1.033
8.90,523,2.25228,3.7035,1.4920,1.002,1.039
8.90,524,2.25241,3.7023,1.5031,0.977,1.045
8.90,525,2.25255,3.7011,1.5143,0.952,1.050
8.90,526,2.25268,3.7000,1.5257,0.926,1.056
8.90,527,2.25282,3.6990,1.5371,0.900,1.061
8.90,528,2.25295,3.6980,1.5487,0.874,1.066
8.90,529,2.25309,3.6970,1.5603,0.847,1.071
8.90,530,2.25322,3.6960,1.5720,0.821,1.076
8.90,531,2.25336,3.6951,1.5837,0.794,1.080
8.90,532,2.25349,3.6942,1.5955,0.767,1.084
8.90,533,2.25363,3.6933,1.6073,0.740,1.089
8.90,534,2.25377,3.6924,1.6191,0.713,1.093
8.90,535,2.25390,3.6916,1.6309,0.685,1.097
8.90,536,2.25404,3.6908,1.6428,0.658,1.101
8.90,537,2.25418,3.6899,1.6547,0.631,1.105
8.90,538,2.25432,3.6891,1.6666,0.603,1.109
8.90,539,2.25446,3.6882,1.6785,0.576,1.113
8.90,540,2.25460,3.6874,1.6904,0.548,1.117
8.90,541,2.25474,3.6866,1.7024,0.521,1.120
8.90,542,2.25488,3.6858,1.7143,0.494,1.124
8.90,543,2.25502,3.6849,1.7263,0.466,1.128
8.90,544,2.25516,3.6841,1.7383,0.438,1.132
8.90,545,2.25530,3.6833,1.7503,0.411,1.136
8.90,546,2.25543,3.6825,1.7624,0.383,1.140
8.90,547,2.25557,3.6817,1.7744,0.356,1.144
8.90,548,2.25572,3.6808,1.7864,0.329,1.148
8.90,549,2.25586,3.6800,1.7984,0.301,1.152
8.90,550,2.25600,3.6792,1.8105,0.274,1.156
8.90,551,2.25614,3.6784,1.8226,0.246,1.160
8.90,552,2.25628,3.6776,1.8346,0.219,1.164
8.90,553,2.25642,3.6768,1.8467,0.191,1.168
8.90,554,2.25656,3.6760,1.8588,0.163,1.172
8.90,555,2.25670,3.6751,1.8709,0.136,1.176
8.90,556,2.25685,3.6743,1.8830,0.109,1.180
8.90,557,2.25700,3.6735,1.8950,0.081,1.184
8.90,558,2.25714,3.6727,1.9072,0.054,1.188
8.90,559,2.25728,3.6719,1.9193,0.026,1.192
8.90,560,2.25743,3.6711,1.9314,-0.001,1.196
8.90,561,2.25758,3.6702,1.9435,-0.028,1.200
8.90,562,2.25773,3.6694,1.9556,-0.056,1.204
8.90,563,2.25787,3.6686,1.9677,-0.083,1.209
8.90,564,2.25801,3.6677,1.9798,-0.110,1.213
8.90,565,2.25815,3.6669,1.9920,-0.138,1.217
8.90,566,2.25828,3.6660,2.0041,-0.165,1.222
8.90,567,2.25843,3.6651,2.0162,-0.192,1.226
8.90,568,2.25857,3.6643,2.0284,-0.219,1.231
8.90,569,2.25871,3.6634,2.0405,-0.246,1.235
8.90,570,2.25886,3.6625,2.0526,-0.273,1.240
8.90,571,2.25900,3.6617,2.0647,-0.300,1.244
8.90,572,2.25913,3.6608,2.0769,-0.327,1.249
8.90,573,2.25927,3.6599,2.0890,-0.353,1.254
8.90,574,2.25942,3.6590,2.1011,-0.380,1.258
8.90,575,2.25956,3.6581,2.1132,-0.407,1.263
8.90,576,2.25970,3.6572,2.1254,-0.434,1.268
8.90,577,2.25984,3.6563,2.1375,-0.460,1.273
8.90,578,2.25997,3.6554,2.1497,-0.487,1.278
8.90,579,2.26012,3.6545,2.1618,-0.513,1.283
8.90,580,2.26026,3.6535,2.1739,-0.540,1.288
8.90,581,2.26040,3.6526,2.1860,-0.566,1.292
8.90,582,2.26055,3.6517,2.1981,-0.592,1.298
8.90,583,2.26069,3.6508,2.2102,-0.619,1.303
8.90,584,2.26083,3.6499,2.2223,-0.645,1.308
8.90,585,2.26097,3.6489,2.2344,-0.671,1.313
8.90,586,2.26111,3.6480,2.2465,-0.697,1.318
8.90,587,2.26125,3.6470,2.2586,-0.723,1.323
8.90,588,2.26139,3.6461,2.2706,-0.749,1.329
8.90,589,2.26154,3.6451,2.2827,-0.775,1.334
8.90,590,2.26167,3.6442,2.2948,-0.801,1.339
8.90,591,2.26181,3.6432,2.3069,-0.827,1.345
8.90,592,2.26195,3.6423,2.3190,-0.852,1.350
8.90,593,2.26209,3.6413,2.3310,-0.878,1.356
8.90,594,2.26223,3.6403,2.3431,-0.904,1.361
8.90,595,2.26237,3.6393,2.3552,-0.929,1.367
8.90,596,2.26251,3.6384,2.3672,-0.955,1.373
8.90,597,2.26265,3.6374,2.3793,-0.980,1.379
8.90,598,2.26279,3.6364,2.3913,-1.005,1.384
8.90,599,2.26293,3.6354,2.4034,-1.030,1.390
8.90,600,2.26308,3.6344,2.4154,-1.055,1.396
8.90,601,2.26323,3.6335,2.4274,-1.081,1.402
8.90,602,2.26338,3.6325,2.4394,-1.105,1.408
8.90,603,2.26355,3.6315,2.4512,-1.130,1.414
8.90,604,2.26372,3.6305,2.4630,-1.154,1.420
8.90,605,2.26392,3.6298,2.4720,-1.173,1.425
8.90,606,2.26400,3.6309,2.4580,-1.144,1.418
8.90,607,2.26402,3.6324,2.4405,-1.108,1.409
8.90,608,2.26403,3.6340,2.4220,-1.070,1.399
8.90,609,2.26405,3.6356,2.4027,-1.030,1.389
8.90,610,2.26406,3.6372,2.3831,-0.989,1.380
8.90,611,2.26407,3.6388,2.3632,-0.947,1.370
8.90,612,2.26408,3.6405,2.3431,-0.904,1.360
8.90,613,2.26410,3.6421,2.3229,-0.862,1.351
8.90,614,2.26411,3.6438,2.3027,-0.819,1.341
8.90,615,2.26413,3.6454,2.2823,-0.775,1.332
8.90,616,2.26416,3.6471,2.2619,-0.731,1.323
8.90,617,2.26418,3.6487,2.2415,-0.688,1.314
8.90,618,2.26422,3.6503,2.2209,-0.644,1.305
8.90,619,2.26425,3.6520,2.2004,-0.599,1.296
8.90,620,2.26430,3.6536,2.1798,-0.554,1.287
8.90,621,2.26435,3.6552,2.1591,-0.510,1.279
8.90,622,2.26441,3.6568,2.1384,-0.464,1.270
8.90,623,2.26447,3.6584,2.1177,-0.419,1.262
8.90,624,2.26454,3.6599,2.0968,-0.373,1.253
8.90,625,2.26462,3.6615,2.0761,-0.328,1.245
8.90,626,2.26471,3.6631,2.0553,-0.282,1.237
8.90,627,2.26481,3.6647,2.0345,-0.236,1.229
8.90,628,2.26492,3.6663,2.0138,-0.190,1.221
8.90,629,2.26506,3.6678,1.9931,-0.144,1.213
8.90,630,2.26524,3.6693,1.9727,-0.098,1.205
8.90,631,2.26553,3.6708,1.9528,-0.054,1.198
8.90,632,2.26595,3.6717,1.9404,-0.026,1.193
8.90,633,2.26640,3.6726,1.9273,0.004,1.188
8.90,634,2.26664,3.6736,1.9136,0.034,1.183
8.90,635,2.26683,3.6747,1.8998,0.065,1.178
8.90,636,2.26700,3.6757,1.8858,0.097,1.173
8.90,637,2.26717,3.6767,1.8718,0.128,1.168
8.90,638,2.26733,3.6777,1.8577,0.161,1.163
8.90,639,2.26751,3.6787,1.8435,0.192,1.158
8.90,640,2.26770,3.6798,1.8292,0.225,1.153
8.90,641,2.26791,3.6808,1.8150,0.257,1.148
8.90,642,2.26817,3.6818,1.8007,0.290,1.143
8.90,643,2.26847,3.6828,1.7863,0.322,1.138
8.90,644,2.26881,3.6839,1.7720,0.355,1.133
8.90,645,2.26919,3.6850,1.7576,0.388,1.128
8.90,646,2.26959,3.6860,1.7430,0.421,1.123
8.90,647,2.27001,3.6871,1.7285,0.454,1.118
8.90,648,2.27047,3.6882,1.7138,0.487,1.113
8.90,649,2.27101,3.6893,1.6990,0.521,1.108
8.90,650,2.27167,3.6905,1.6842,0.555,1.102
8.90,651,2.27252,3.6917,1.6692,0.589,1.097
8.90,652,2.27372,3.6930,1.6539,0.624,1.090
8.90,653,2.27585,3.6946,1.6383,0.658,1.083
8.90,654,2.28375,3.6957,1.6338,0.667,1.077
8.90,655,2.29139,3.6961,1.6390,0.652,1.076
8.90,656,2.29991,3.6963,1.6472,0.631,1.075
8.90,657,2.30483,3.6958,1.6601,0.601,1.078
8.90,658,2.30786,3.6959,1.6631,0.593,1.077
8.90,659,2.31016,3.6964,1.6607,0.597,1.075
8.90,660,2.31331,3.6965,1.6637,0.590,1.074
8.90,661,2.31653,3.6965,1.6667,0.582,1.074
8.90,662,2.31981,3.6967,1.6686,0.577,1.073
8.90,663,2.32454,3.6967,1.6748,0.561,1.073
8.90,664,2.32918,3.6967,1.6811,0.545,1.073
8.90,665,2.33404,3.6968,1.6867,0.531,1.073
8.90,666,2.33885,3.6969,1.6924,0.517,1.072
8.90,667,2.34624,3.6968,1.7023,0.492,1.073
8.90,668,2.35513,3.6969,1.7136,0.464,1.072
8.90,669,2.36395,3.6969,1.7258,0.433,1.073
8.90,670,2.37345,3.6970,1.7391,0.400,1.072
8.90,671,2.38122,3.6969,1.7509,0.370,1.073
8.90,672,2.38578,3.6969,1.7572,0.354,1.073
8.90,673,2.38978,3.6967,1.7640,0.338,1.074
8.90,674,2.39411,3.6968,1.7698,0.323,1.074
8.90,675,2.39827,3.6968,1.7756,0.309,1.073
8.90,676,2.40270,3.6965,1.7835,0.290,1.075
8.90,677,2.40913,3.6966,1.7926,0.267,1.075
8.90,678,2.41537,3.6965,1.8021,0.243,1.075
8.90,679,2.46593,3.6922,1.8910,0.032,1.096
8.90,680,2.46849,3.6918,1.8953,0.023,1.098
8.90,681,2.47076,3.6903,1.9064,-0.001,1.105
8.90,682,2.47257,3.6889,1.9175,-0.024,1.111
8.90,683,2.47396,3.6888,1.9205,-0.032,1.112
8.90,684,2.47528,3.6876,1.9295,-0.051,1.117
8.90,685,2.47629,3.6862,1.9417,-0.077,1.124
8.90,686,2.47713,3.6847,1.9545,-0.105,1.131
8.90,687,2.47765,3.6843,1.9602,-0.117,1.133
8.90,688,2.47781,3.6856,1.9521,-0.101,1.127
8.90,689,2.47794,3.6871,1.9423,-0.081,1.120
8.90,690,2.47804,3.6886,1.9339,-0.065,1.113
8.90,691,2.47822,3.6905,1.9191,-0.033,1.104
8.90,692,2.47958,3.6899,1.9199,-0.033,1.107
8.90,693,2.48101,3.6882,1.9324,-0.060,1.115
8.90,694,2.48207,3.6865,1.9457,-0.088,1.123
8.90,695,2.48283,3.6849,1.9591,-0.117,1.130
8.90,696,2.48340,3.6834,1.9728,-0.146,1.137
8.90,697,2.48384,3.6819,1.9867,-0.176,1.144
8.90,698,2.48416,3.6805,2.0005,-0.207,1.150
8.90,699,2.48440,3.6792,2.0145,-0.237,1.157
8.90,700,2.48458,3.6778,2.0286,-0.268,1.164
8.90,701,2.48471,3.6765,2.0426,-0.299,1.170
8.90,702,2.48481,3.6752,2.0566,-0.329,1.177
8.90,703,2.48489,3.6740,2.0705,-0.360,1.183
8.90,704,2.48495,3.6728,2.0844,-0.390,1.189
8.90,705,2.48500,3.6716,2.0981,-0.420,1.195
8.90,706,2.48503,3.6704,2.1117,-0.450,1.201
8.90,707,2.48506,3.6692,2.1252,-0.480,1.207
8.95,202,0.15509,3.4965,-2.5426,12.246,2.838
8.95,204,0.19140,3.5067,-2.3662,11.703,2.654
8.95,206,0.20964,3.5114,-2.2886,11.464,2.579
8.95,208,0.22207,3.5144,-2.2424,11.322,2.534
8.95,210,0.23477,3.5175,-2.1951,11.177,2.492
8.95,212,0.24734,3.5206,-2.1482,11.034,2.451
8.95,214,0.26693,3.5253,-2.0853,10.840,2.394
8.95,216,0.28843,3.5304,-2.0178,10.633,2.336
8.95,218,0.30385,3.5342,-1.9698,10.486,2.296
8.95,220,0.31053,3.5360,-1.9497,10.423,2.277
8.95,222,0.31215,3.5364,-1.9447,10.407,2.272
8.95,224,0.31375,3.5368,-1.9399,10.392,2.268
8.95,226,0.31543,3.5372,-1.9352,10.377,2.263
8.95,228,0.31711,3.5376,-1.9304,10.363,2.259
8.95,230,0.31885,3.5381,-1.9255,10.347,2.254
8.95,232,0.32261,3.5390,-1.9145,10.313,2.245
8.95,234,0.33193,3.5412,-1.8850,10.224,2.222
8.95,236,0.34777,3.5445,-1.8325,10.071,2.187
8.95,238,0.35799,3.5464,-1.7991,9.974,2.168
8.95,240,0.36676,3.5481,-1.7750,9.902,2.149
8.95,242,0.37555,3.5498,-1.7517,9.832,2.132
8.95,244,0.38789,3.5522,-1.7193,9.735,2.108
8.95,246,0.43398,3.5610,-1.5973,9.371,2.019
8.95,248,0.47177,3.5690,-1.4948,9.063,1.943
8.95,250,0.50337,3.5763,-1.4070,8.800,1.877
8.95,252,0.53541,3.5850,-1.3145,8.520,1.804
8.95,254,0.56349,3.5932,-1.2326,8.272,1.739
8.95,256,0.58792,3.6008,-1.1607,8.053,1.679
8.95,258,0.60794,3.6080,-1.1016,7.869,1.624
8.95,260,0.62439,3.6150,-1.0528,7.711,1.572
8.95,262,0.63999,3.6216,-1.0066,7.563,1.524
8.95,264,0.65680,3.6287,-0.9567,7.403,1.473
8.95,266,0.67241,3.6353,-0.9103,7.255,1.427
8.95,268,0.68896,3.6424,-0.8611,7.099,1.379
8.95,270,0.70637,3.6497,-0.8118,6.942,1.332
8.95,272,0.72656,3.6581,-0.7596,6.777,1.280
8.95,274,0.74734,3.6667,-0.7058,6.609,1.230
8.95,276,0.76672,3.6747,-0.6556,6.455,1.186
8.95,278,0.78671,3.6830,-0.6037,6.298,1.142
8.95,280,0.80641,3.6912,-0.5526,6.146,1.102
8.95,282,0.82525,3.6990,-0.5035,6.002,1.063
8.95,284,0.84447,3.7070,-0.4534,5.857,1.024
8.95,286,0.86328,3.7149,-0.4043,5.717,0.989
8.95,288,0.88116,3.7223,-0.3576,5.586,0.957
8.95,290,0.90008,3.7302,-0.3080,5.449,0.923
8.95,292,0.91885,3.7359,-0.2660,5.336,0.898
8.95,294,0.93664,3.7412,-0.2260,5.229,0.875
8.95,296,0.95577,3.7470,-0.1830,5.115,0.851
8.95,298,0.97382,3.7524,-0.1423,5.008,0.828
8.95,300,0.99693,3.7587,-0.0918,4.876,0.801
8.95,302,1.01623,3.7637,-0.0506,4.770,0.780
8.95,304,1.03097,3.7674,-0.0196,4.690,0.765
8.95,306,1.04582,3.7710,0.0114,4.611,0.750
8.95,308,1.06352,3.7751,0.0479,4.518,0.733
8.95,310,1.08414,3.7798,0.0896,4.413,0.714
8.95,312,1.10811,3.7852,0.1378,4.291,0.692
8.95,314,1.13062,3.7900,0.1821,4.180,0.673
8.95,316,1.15157,3.7944,0.2227,4.078,0.655
8.95,318,1.17810,3.7998,0.2731,3.953,0.633
8.95,320,1.22942,3.8099,0.3671,3.721,0.592
8.95,322,1.28141,3.8198,0.4581,3.494,0.553
8.95,324,1.31726,3.8265,0.5181,3.344,0.527
8.95,326,1.34891,3.8323,0.5692,3.217,0.504
8.95,328,1.37861,3.8376,0.6157,3.103,0.483
8.95,330,1.41771,3.8445,0.6745,2.958,0.456
8.95,332,1.44645,3.8494,0.7159,2.857,0.437
8.95,334,1.48051,3.8552,0.7632,2.741,0.413
8.95,336,1.54254,3.8644,0.8449,2.541,0.376
8.95,338,1.57775,3.8689,0.8895,2.433,0.358
8.95,340,1.61112,3.8725,0.9307,2.332,0.343
8.95,342,1.65054,3.8766,0.9791,2.213,0.326
8.95,344,1.68647,3.8795,1.0226,2.106,0.313
8.95,346,1.72199,3.8822,1.0653,2.001,0.301
8.95,348,1.76159,3.8849,1.1129,1.883,0.289
8.95,350,1.79775,3.8871,1.1562,1.776,0.279
8.95,352,1.83724,3.8891,1.2034,1.659,0.269
8.95,353,1.85193,3.8896,1.2208,1.615,0.266
8.95,354,1.85861,3.8898,1.2288,1.595,0.265
8.95,356,1.87674,3.8900,1.2496,1.543,0.263
8.95,358,1.89520,3.8901,1.2714,1.488,0.262
8.95,360,1.91315,3.8898,1.2926,1.434,0.262
8.95,362,1.92935,3.8894,1.3114,1.386,0.263
8.95,364,1.94472,3.8887,1.3292,1.340,0.264
8.95,366,1.95989,3.8874,1.3462,1.296,0.269
8.95,368,1.97533,3.8863,1.3644,1.249,0.272
8.95,370,1.99027,3.8849,1.3816,1.204,0.277
8.95,372,2.00486,3.8830,1.3979,1.160,0.284
8.95,374,2.01932,3.8804,1.4138,1.118,0.294
8.95,376,2.03072,3.8782,1.4261,1.084,0.302
8.95,378,2.04181,3.8758,1.4382,1.052,0.311
8.95,380,2.05373,3.8731,1.4512,1.016,0.321
8.95,382,2.06526,3.8703,1.4637,0.982,0.332
8.95,384,2.07648,3.8672,1.4758,0.949,0.344
8.95,386,2.08661,3.8643,1.4866,0.920,0.355
8.95,388,2.09622,3.8615,1.4971,0.892,0.366
8.95,390,2.10602,3.8587,1.5082,0.862,0.377
8.95,392,2.11635,3.8562,1.5207,0.829,0.387
8.95,394,2.12871,3.8552,1.5392,0.781,0.390
8.95,396,2.13608,3.8589,1.5567,0.739,0.375
8.95,398,2.13899,3.8634,1.5683,0.713,0.356
8.95,400,2.14065,3.8679,1.5780,0.691,0.338
8.95,402,2.14179,3.8722,1.5869,0.672,0.319
8.95,404,2.14258,3.8766,1.5955,0.654,0.301
8.95,406,2.14316,3.8810,1.6041,0.637,0.282
8.95,408,2.14359,3.8853,1.6128,0.619,0.264
8.95,410,2.14392,3.8895,1.6217,0.602,0.246
8.95,412,2.14417,3.8937,1.6309,0.584,0.229
8.95,414,2.14436,3.8977,1.6403,0.566,0.212
8.95,416,2.14452,3.9016,1.6499,0.547,0.196
8.95,418,2.14465,3.9053,1.6596,0.529,0.181
8.95,420,2.14475,3.9086,1.6687,0.512,0.168
8.95,422,2.14484,3.9112,1.6759,0.498,0.158
8.95,424,2.14491,3.9124,1.6780,0.495,0.154
8.95,426,2.14497,3.9120,1.6735,0.506,0.156
8.95,428,2.14502,3.9101,1.6633,0.528,0.163
8.95,430,2.14507,3.9072,1.6513,0.553,0.174
8.95,432,2.14512,3.9038,1.6404,0.575,0.188
8.95,434,2.14518,3.8999,1.6338,0.585,0.204
8.95,436,2.14526,3.8957,1.6350,0.576,0.221
8.95,438,2.14535,3.8919,1.6429,0.551,0.235
8.95,440,2.14546,3.8883,1.6518,0.524,0.250
8.95,442,2.14560,3.8844,1.6589,0.502,0.265
8.95,444,2.14577,3.8803,1.6640,0.484,0.282
8.95,446,2.14597,3.8762,1.6676,0.471,0.299
8.95,448,2.14622,3.8720,1.6702,0.461,0.316
8.95,450,2.14651,3.8677,1.6719,0.454,0.334
8.95,452,2.14684,3.8635,1.6730,0.448,0.351
8.95,454,2.14722,3.8592,1.6735,0.444,0.369
8.95,455,2.14746,3.8565,1.6736,0.442,0.380
8.95,456,2.14772,3.8537,1.6736,0.441,0.391
8.95,457,2.14798,3.8510,1.6734,0.439,0.402
8.95,458,2.14825,3.8482,1.6731,0.439,0.414
8.95,459,2.14852,3.8455,1.6728,0.439,0.425
8.95,460,2.14878,3.8427,1.6723,0.439,0.437
8.95,461,2.14905,3.8399,1.6717,0.440,0.448
8.95,462,2.14931,3.8371,1.6710,0.441,0.460
8.95,463,2.14956,3.8343,1.6701,0.443,0.472
8.95,464,2.14981,3.8315,1.6692,0.445,0.484
8.95,465,2.15005,3.8286,1.6682,0.447,0.496
8.95,466,2.15028,3.8258,1.6671,0.449,0.508
8.95,467,2.15051,3.8229,1.6658,0.452,0.519
8.95,468,2.15072,3.8200,1.6644,0.455,0.531
8.95,469,2.15093,3.8172,1.6630,0.458,0.543
8.95,470,2.15114,3.8143,1.6614,0.462,0.555
8.95,471,2.15134,3.8114,1.6598,0.466,0.567
8.95,472,2.15154,3.8086,1.6579,0.471,0.579
8.95,473,2.15174,3.8057,1.6560,0.476,0.591
8.95,474,2.15193,3.8028,1.6539,0.482,0.603
8.95,475,2.15212,3.8000,1.6516,0.488,0.615
8.95,476,2.15230,3.7971,1.6491,0.495,0.627
8.95,477,2.15248,3.7943,1.6465,0.503,0.639
8.95,478,2.15266,3.7915,1.6436,0.511,0.651
8.95,479,2.15284,3.7887,1.6405,0.520,0.663
8.95,480,2.15302,3.7860,1.6369,0.530,0.675
8.95,481,2.15321,3.7833,1.6330,0.541,0.687
8.95,482,2.15340,3.7807,1.6285,0.554,0.698
8.95,483,2.15359,3.7781,1.6237,0.567,0.709
8.95,484,2.15377,3.7756,1.6184,0.582,0.720
8.95,485,2.15395,3.7732,1.6127,0.598,0.730
8.95,486,2.15412,3.7708,1.6066,0.615,0.741
8.95,487,2.15429,3.7685,1.6000,0.633,0.751
8.95,488,2.15445,3.7662,1.5931,0.652,0.761
8.95,489,2.15460,3.7640,1.5857,0.672,0.770
8.95,490,2.15475,3.7619,1.5780,0.694,0.780
8.95,491,2.15489,3.7598,1.5699,0.716,0.789
8.95,492,2.15503,3.7578,1.5615,0.739,0.797
8.95,493,2.15516,3.7558,1.5528,0.762,0.806
8.95,494,2.15528,3.7540,1.5438,0.787,0.814
8.95,495,2.15540,3.7521,1.5346,0.812,0.822
8.95,496,2.15551,3.7503,1.5252,0.837,0.830
8.95,497,2.15562,3.7486,1.5157,0.863,0.838
8.95,498,2.15573,3.7468,1.5060,0.890,0.846
8.95,499,2.15583,3.7452,1.4961,0.916,0.853
8.95,500,2.15593,3.7435,1.4862,0.943,0.860
8.95,501,2.15603,3.7419,1.4762,0.971,0.868
8.95,502,2.15613,3.7402,1.4661,0.998,0.875
8.95,503,2.15622,3.7386,1.4560,1.025,0.882
8.95,504,2.15632,3.7370,1.4459,1.053,0.889
8.95,505,2.15641,3.7354,1.4359,1.081,0.897
8.95,506,2.15651,3.7337,1.4259,1.108,0.904
8.95,507,2.15661,3.7320,1.4160,1.135,0.912
8.95,508,2.15671,3.7303,1.4064,1.162,0.920
8.95,509,2.15682,3.7285,1.3970,1.189,0.928
8.95,510,2.15693,3.7266,1.3881,1.214,0.936
8.95,511,2.15706,3.7245,1.3799,1.238,0.946
8.95,512,2.15719,3.7223,1.3728,1.260,0.955
8.95,513,2.15735,3.7198,1.3676,1.278,0.966
8.95,514,2.15752,3.7172,1.3654,1.288,0.977
8.95,515,2.15771,3.7146,1.3673,1.289,0.989
8.95,516,2.15789,3.7122,1.3728,1.280,0.999
8.95,517,2.15806,3.7102,1.3806,1.265,1.008
8.95,518,2.15821,3.7085,1.3897,1.246,1.016
8.95,519,2.15836,3.7069,1.3995,1.225,1.023
8.95,520,2.15851,3.7055,1.4099,1.202,1.029
8.95,521,2.15865,3.7043,1.4205,1.179,1.035
8.95,522,2.15879,3.7031,1.4314,1.154,1.041
8.95,523,2.15893,3.7020,1.4424,1.129,1.046
8.95,524,2.15906,3.7010,1.4536,1.104,1.051
8.95,525,2.15920,3.7000,1.4649,1.078,1.056
8.95,526,2.15933,3.6990,1.4763,1.052,1.061
8.95,527,2.15947,3.6981,1.4877,1.026,1.065
8.95,528,2.15960,3.6973,1.4993,0.999,1.069
8.95,529,2.15974,3.6964,1.5108,0.973,1.073
8.95,530,2.15988,3.6955,1.5223,0.946,1.078
8.95,531,2.16002,3.6947,1.5339,0.920,1.082
8.95,532,2.16016,3.6939,1.5454,0.893,1.086
8.95,533,2.16030,3.6931,1.5570,0.866,1.089
8.95,534,2.16044,3.6923,1.5686,0.839,1.093
8.95,535,2.16058,3.6915,1.5802,0.813,1.097
8.95,536,2.16072,3.6907,1.5918,0.786,1.101
8.95,537,2.16085,3.6899,1.6035,0.759,1.105
8.95,538,2.16099,3.6891,1.6152,0.732,1.108
8.95,539,2.16113,3.6883,1.6268,0.705,1.112
8.95,540,2.16126,3.6876,1.6386,0.678,1.116
8.95,541,2.16140,3.6868,1.6503,0.651,1.119
8.95,542,2.16154,3.6860,1.6621,0.624,1.123
8.95,543,2.16168,3.6852,1.6738,0.596,1.127
8.95,544,2.16181,3.6844,1.6856,0.570,1.130
8.95,545,2.16195,3.6837,1.6974,0.542,1.134
8.95,546,2.16209,3.6829,1.7092,0.515,1.137
8.95,547,2.16223,3.6822,1.7210,0.488,1.141
8.95,548,2.16237,3.6814,1.7328,0.461,1.145
8.95,549,2.16251,3.6806,1.7446,0.434,1.149
8.95,550,2.16265,3.6798,1.7565,0.407,1.152
8.95,551,2.16279,3.6791,1.7683,0.380,1.156
8.95,552,2.16294,3.6783,1.7801,0.353,1.160
8.95,553,2.16308,3.6775,1.7919,0.326,1.164
8.95,554,2.16322,3.6767,1.8038,0.299,1.168
8.95,555,2.16336,3.6759,1.8156,0.272,1.172
8.95,556,2.16350,3.6751,1.8275,0.245,1.176
8.95,557,2.16365,3.6744,1.8393,0.218,1.179
8.95,558,2.16379,3.6736,1.8512,0.191,1.183
8.95,559,2.16394,3.6728,1.8631,0.164,1.187
8.95,560,2.16409,3.6720,1.8750,0.137,1.191
8.95,561,2.16424,3.6712,1.8868,0.110,1.195
8.95,562,2.16438,3.6704,1.8987,0.083,1.199
8.95,563,2.16452,3.6696,1.9106,0.056,1.203
8.95,564,2.16467,3.6688,1.9225,0.029,1.207
8.95,565,2.16481,3.6680,1.9344,0.003,1.211
8.95,566,2.16495,3.6671,1.9462,-0.024,1.216
8.95,567,2.16510,3.6663,1.9581,-0.051,1.220
8.95,568,2.16524,3.6655,1.9700,-0.077,1.224
8.95,569,2.16538,3.6647,1.9820,-0.104,1.229
8.95,570,2.16552,3.6638,1.9939,-0.131,1.233
8.95,571,2.16566,3.6630,2.0058,-0.157,1.237
8.95,572,2.16580,3.6621,2.0177,-0.184,1.242
8.95,573,2.16594,3.6613,2.0296,-0.210,1.246
8.95,574,2.16608,3.6604,2.0415,-0.237,1.251
8.95,575,2.16622,3.6595,2.0534,-0.263,1.255
8.95,576,2.16636,3.6587,2.0653,-0.289,1.260
8.95,577,2.16650,3.6578,2.0772,-0.315,1.265
8.95,578,2.16664,3.6569,2.0891,-0.342,1.269
8.95,579,2.16677,3.6560,2.1010,-0.368,1.274
8.95,580,2.16691,3.6551,2.1129,-0.394,1.279
8.95,581,2.16705,3.6543,2.1249,-0.420,1.284
8.95,582,2.16719,3.6534,2.1368,-0.446,1.288
8.95,583,2.16733,3.6525,2.1487,-0.472,1.293
8.95,584,2.16746,3.6516,2.1606,-0.498,1.298
8.95,585,2.16760,3.6507,2.1725,-0.524,1.303
8.95,586,2.16774,3.6498,2.1844,-0.550,1.308
8.95,587,2.16788,3.6488,2.1964,-0.575,1.313
8.95,588,2.16802,3.6479,2.2083,-0.601,1.318
8.95,589,2.16815,3.6470,2.2202,-0.627,1.323
8.95,590,2.16829,3.6461,2.2321,-0.652,1.329
8.95,591,2.16843,3.6451,2.2440,-0.678,1.334
8.95,592,2.16856,3.6442,2.2559,-0.704,1.339
8.95,593,2.16870,3.6433,2.2677,-0.729,1.344
8.95,594,2.16884,3.6423,2.2796,-0.754,1.350
8.95,595,2.16898,3.6414,2.2915,-0.780,1.355
8.95,596,2.16912,3.6404,2.3034,-0.805,1.360
8.95,597,2.16926,3.6395,2.3153,-0.830,1.366
8.95,598,2.16941,3.6385,2.3271,-0.855,1.371
8.95,599,2.16956,3.6376,2.3390,-0.880,1.377
8.95,600,2.16971,3.6366,2.3508,-0.905,1.383
8.95,601,2.16988,3.6357,2.3626,-0.930,1.388
8.95,602,2.17006,3.6348,2.3743,-0.954,1.394
8.95,603,2.17025,3.6338,2.3860,-0.979,1.400
8.95,604,2.17048,3.6329,2.3975,-1.003,1.405
8.95,605,2.17085,3.6322,2.4068,-1.022,1.410
8.95,606,2.17123,3.6339,2.3857,-0.979,1.399
8.95,607,2.17126,3.6359,2.3621,-0.929,1.387
8.95,608,2.17127,3.6379,2.3378,-0.879,1.375
8.95,609,2.17128,3.6400,2.3126,-0.825,1.363
8.95,610,2.17129,3.6421,2.2864,-0.770,1.351
8.95,611,2.17129,3.6442,2.2598,-0.714,1.339
8.95,612,2.17130,3.6464,2.2328,-0.656,1.327
8.95,613,2.17130,3.6485,2.2055,-0.597,1.315
8.95,614,2.17131,3.6507,2.1782,-0.538,1.303
8.95,615,2.17132,3.6528,2.1506,-0.478,1.291
8.95,616,2.17133,3.6550,2.1231,-0.418,1.280
8.95,617,2.17134,3.6571,2.0954,-0.358,1.268
8.95,618,2.17135,3.6591,2.0677,-0.297,1.257
8.95,619,2.17136,3.6613,2.0401,-0.237,1.246
8.95,620,2.17138,3.6633,2.0124,-0.175,1.236
8.95,621,2.17140,3.6654,1.9847,-0.114,1.225
8.95,622,2.17143,3.6674,1.9569,-0.052,1.215
8.95,623,2.17147,3.6694,1.9291,0.011,1.204
8.95,624,2.17151,3.6714,1.9013,0.073,1.194
8.95,625,2.17157,3.6734,1.8734,0.136,1.184
8.95,626,2.17164,3.6753,1.8455,0.199,1.175
8.95,627,2.17172,3.6773,1.8176,0.262,1.165
8.95,628,2.17182,3.6792,1.7897,0.325,1.155
8.95,629,2.17195,3.6812,1.7620,0.389,1.146
8.95,630,2.17213,3.6831,1.7345,0.451,1.137
8.95,631,2.17262,3.6846,1.7126,0.501,1.130
8.95,632,2.17299,3.6841,1.7211,0.482,1.132
8.95,633,2.17350,3.6840,1.7230,0.477,1.133
8.95,634,2.17373,3.6847,1.7138,0.498,1.129
8.95,635,2.17389,3.6854,1.7039,0.521,1.126
8.95,636,2.17404,3.6861,1.6939,0.544,1.123
8.95,637,2.17420,3.6868,1.6838,0.567,1.119
8.95,638,2.17437,3.6875,1.6736,0.590,1.116
8.95,639,2.17457,3.6882,1.6635,0.613,1.113
8.95,640,2.17487,3.6890,1.6536,0.636,1.109
8.95,641,2.17532,3.6897,1.6441,0.658,1.106
8.95,642,2.17587,3.6904,1.6349,0.679,1.103
8.95,643,2.17662,3.6911,1.6263,0.698,1.099
8.95,644,2.17758,3.6917,1.6188,0.715,1.096
8.95,645,2.17855,3.6923,1.6114,0.732,1.093
8.95,646,2.17937,3.6930,1.6029,0.751,1.090
8.95,647,2.18049,3.6939,1.5936,0.772,1.086
8.95,648,2.19093,3.6949,1.5939,0.769,1.081
8.95,649,2.20317,3.6948,1.6098,0.729,1.082
8.95,650,2.20834,3.6945,1.6212,0.701,1.083
8.95,651,2.21222,3.6944,1.6279,0.685,1.084
8.95,652,2.21522,3.6945,1.6310,0.677,1.083
8.95,653,2.21766,3.6947,1.6315,0.675,1.082
8.95,654,2.21971,3.6951,1.6301,0.678,1.081
8.95,655,2.22229,3.6955,1.6281,0.681,1.078
8.95,656,2.22567,3.6957,1.6310,0.674,1.078
8.95,657,2.22907,3.6958,1.6339,0.666,1.077
8.95,658,2.23254,3.6959,1.6361,0.660,1.077
8.95,659,2.23579,3.6960,1.6392,0.652,1.076
8.95,660,2.23909,3.6961,1.6421,0.645,1.076
8.95,661,2.24938,3.6962,1.6552,0.612,1.076
8.95,662,2.28840,3.6961,1.7110,0.472,1.076
8.95,663,2.29725,3.6963,1.7227,0.442,1.075
8.95,664,2.30167,3.6961,1.7311,0.422,1.077
8.95,665,2.30482,3.6962,1.7355,0.411,1.076
8.95,666,2.30756,3.6959,1.7406,0.398,1.077
8.95,667,2.31033,3.6959,1.7447,0.388,1.077
8.95,668,2.31303,3.6959,1.7485,0.379,1.078
8.95,669,2.31549,3.6956,1.7534,0.367,1.079
8.95,670,2.31847,3.6959,1.7565,0.359,1.078
8.95,671,2.32231,3.6960,1.7617,0.345,1.077
8.95,672,2.32668,3.6959,1.7689,0.328,1.078
8.95,673,2.33018,3.6956,1.7758,0.311,1.079
8.95,674,2.33445,3.6955,1.7824,0.295,1.080
8.95,675,2.33865,3.6954,1.7890,0.279,1.080
8.95,676,2.34443,3.6952,1.7985,0.256,1.081
8.95,677,2.35141,3.6946,1.8105,0.227,1.084
8.95,678,2.35726,3.6938,1.8225,0.199,1.088
8.95,679,2.36199,3.6931,1.8321,0.177,1.091
8.95,680,2.36559,3.6919,1.8436,0.152,1.097
8.95,681,2.36849,3.6917,1.8481,0.141,1.098
8.95,682,2.37090,3.6902,1.8607,0.114,1.105
8.95,683,2.37300,3.6898,1.8666,0.100,1.107
8.95,684,2.37460,3.6884,1.8786,0.074,1.114
8.95,685,2.37574,3.6870,1.8909,0.048,1.120
8.95,686,2.37689,3.6860,1.9011,0.025,1.125
8.95,687,2.37761,3.6857,1.9051,0.016,1.126
8.95,688,2.37786,3.6870,1.8964,0.034,1.120
8.95,689,2.37803,3.6883,1.8878,0.052,1.114
8.95,690,2.37828,3.6899,1.8756,0.077,1.107
8.95,691,2.37949,3.6892,1.8787,0.072,1.110
8.95,692,2.38054,3.6877,1.8909,0.046,1.117
8.95,693,2.38134,3.6862,1.9036,0.018,1.123
8.95,694,2.38198,3.6848,1.9165,-0.010,1.130
8.95,695,2.38253,3.6835,1.9297,-0.039,1.136
8.95,696,2.38292,3.6822,1.9427,-0.067,1.143
8.95,697,2.38321,3.6809,1.9560,-0.096,1.149
8.95,698,2.38343,3.6796,1.9694,-0.126,1.155
8.95,699,2.38360,3.6784,1.9828,-0.155,1.161
8.95,700,2.38373,3.6772,1.9962,-0.185,1.167
8.95,701,2.38384,3.6760,2.0096,-0.214,1.173
8.95,702,2.38392,3.6748,2.0229,-0.244,1.178
8.95,703,2.38398,3.6737,2.0362,-0.273,1.184
8.95,704,2.38403,3.6725,2.0494,-0.302,1.190
8.95,705,2.38407,3.6714,2.0625,-0.331,1.196
8.95,706,2.38410,3.6703,2.0755,-0.359,1.201
8.95,707,2.38412,3.6692,2.0883,-0.387,1.207
9.00,202,0.14120,3.4890,-2.6438,12.578,2.988
9.00,204,0.14995,3.4951,-2.5677,12.323,2.866
9.00,206,0.18496,3.5049,-2.3975,11.799,2.684
9.00,208,0.20679,3.5107,-2.2992,11.497,2.589
9.00,210,0.21963,3.5138,-2.2514,11.349,2.543
9.00,212,0.23222,3.5169,-2.2045,11.205,2.500
9.00,214,0.24443,3.5199,-2.1590,11.067,2.460
9.00,216,0.26212,3.5241,-2.1001,10.885,2.408
9.00,218,0.28270,3.5290,-2.0354,10.687,2.351
9.00,220,0.30121,3.5335,-1.9772,10.509,2.303
9.00,222,0.31009,3.5359,-1.9503,10.425,2.278
9.00,224,0.31166,3.5363,-1.9455,10.410,2.273
9.00,226,0.31334,3.5367,-1.9406,10.395,2.269
9.00,228,0.31499,3.5371,-1.9358,10.380,2.265
9.00,230,0.31672,3.5376,-1.9308,10.364,2.260
9.00,232,0.31842,3.5380,-1.9260,10.349,2.255
9.00,234,0.32096,3.5386,-1.9185,10.326,2.249
9.00,236,0.32894,3.5405,-1.8932,10.250,2.229
9.00,238,0.34441,3.5438,-1.8445,10.105,2.194
9.00,240,0.35496,3.5458,-1.8062,9.997,2.174
9.00,242,0.36376,3.5475,-1.7812,9.922,2.156
9.00,244,0.37161,3.5490,-1.7604,9.860,2.140
9.00,246,0.38010,3.5507,-1.7382,9.793,2.123
9.00,248,0.40751,3.5559,-1.6665,9.578,2.071
9.00,250,0.45427,3.5651,-1.5425,9.208,1.981
9.00,252,0.48498,3.5720,-1.4576,8.952,1.916
9.00,254,0.51632,3.5798,-1.3690,8.685,1.847
9.00,256,0.54773,3.5883,-1.2782,8.412,1.777
9.00,258,0.57189,3.5958,-1.2071,8.195,1.718
9.00,260,0.59618,3.6034,-1.1356,7.977,1.659
9.00,262,0.61290,3.6101,-1.0861,7.819,1.608
9.00,264,0.62978,3.6172,-1.0360,7.658,1.555
9.00,266,0.64546,3.6239,-0.9894,7.508,1.507
9.00,268,0.66196,3.6309,-0.9403,7.352,1.457
9.00,270,0.67801,3.6378,-0.8926,7.199,1.410
9.00,272,0.69384,3.6445,-0.8454,7.050,1.365
9.00,274,0.71311,3.6526,-0.7931,6.883,1.313
9.00,276,0.73258,3.6607,-0.7427,6.724,1.265
9.00,278,0.75302,3.6692,-0.6897,6.560,1.216
9.00,280,0.77278,3.6774,-0.6384,6.403,1.172
9.00,282,0.79188,3.6853,-0.5887,6.253,1.131
9.00,284,0.81137,3.6934,-0.5379,6.103,1.091
9.00,286,0.83020,3.7013,-0.4888,5.959,1.051
9.00,288,0.84854,3.7089,-0.4408,5.821,1.015
9.00,290,0.86753,3.7169,-0.3911,5.680,0.980
9.00,292,0.88570,3.7244,-0.3434,5.547,0.948
9.00,294,0.90319,3.7314,-0.2986,5.424,0.918
9.00,296,0.92255,3.7372,-0.2551,5.307,0.892
9.00,298,0.94064,3.7426,-0.2143,5.198,0.869
9.00,300,0.95815,3.7479,-0.1747,5.093,0.846
9.00,302,0.97683,3.7535,-0.1323,4.982,0.823
9.00,304,1.00084,3.7600,-0.0799,4.846,0.795
9.00,306,1.01950,3.7648,-0.0400,4.743,0.776
9.00,308,1.03279,3.7681,-0.0119,4.671,0.762
9.00,310,1.04722,3.7716,0.0183,4.594,0.748
9.00,312,1.06618,3.7760,0.0575,4.494,0.729
9.00,314,1.08667,3.7806,0.0993,4.388,0.711
9.00,316,1.11133,3.7861,0.1491,4.263,0.688
9.00,318,1.13240,3.7906,0.1908,4.158,0.670
9.00,320,1.15361,3.7950,0.2321,4.055,0.652
9.00,322,1.18158,3.8007,0.2855,3.922,0.629
9.00,324,1.23300,3.8107,0.3803,3.688,0.589
9.00,326,1.28674,3.8209,0.4747,3.453,0.549
9.00,328,1.32282,3.8275,0.5352,3.302,0.523
9.00,330,1.35363,3.8330,0.5851,3.178,0.501
9.00,332,1.38486,3.8384,0.6339,3.057,0.480
9.00,334,1.42321,3.8447,0.6915,2.916,0.455
9.00,336,1.45185,3.8492,0.7326,2.814,0.437
9.00,338,1.48686,3.8544,0.7810,2.695,0.416
9.00,340,1.54349,3.8615,0.8558,2.511,0.387
9.00,342,1.57852,3.8652,0.9007,2.401,0.371
9.00,344,1.61105,3.8681,0.9416,2.300,0.359
9.00,346,1.64972,3.8711,0.9900,2.180,0.346
9.00,348,1.68438,3.8731,1.0328,2.074,0.337
9.00,350,1.71847,3.8746,1.0748,1.969,0.330
9.00,352,1.75494,3.8759,1.1196,1.857,0.323
9.00,353,1.77483,3.8763,1.1436,1.796,0.321
9.00,354,1.78297,3.8764,1.1537,1.771,0.320
9.00,356,1.79665,3.8767,1.1705,1.729,0.318
9.00,358,1.81371,3.8770,1.1914,1.676,0.316
9.00,360,1.83071,3.8768,1.2119,1.624,0.316
9.00,362,1.84537,3.8763,1.2294,1.580,0.317
9.00,364,1.85790,3.8758,1.2445,1.541,0.318
9.00,366,1.87346,3.8749,1.2629,1.494,0.321
9.00,368,1.88907,3.8737,1.2813,1.446,0.326
9.00,370,1.90389,3.8721,1.2987,1.401,0.331
9.00,372,1.91795,3.8702,1.3152,1.357,0.338
9.00,374,1.93051,3.8684,1.3299,1.319,0.345
9.00,376,1.94238,3.8663,1.3436,1.283,0.352
9.00,378,1.95356,3.8637,1.3558,1.250,0.362
9.00,380,1.96475,3.8611,1.3683,1.217,0.372
9.00,382,1.97636,3.8585,1.3817,1.181,0.382
9.00,384,1.98723,3.8557,1.3940,1.148,0.393
9.00,386,1.99756,3.8528,1.4056,1.117,0.404
9.00,388,2.00783,3.8496,1.4169,1.087,0.417
9.00,390,2.01820,3.8464,1.4286,1.056,0.429
9.00,392,2.02831,3.8440,1.4414,1.023,0.439
9.00,394,2.03921,3.8439,1.4593,0.978,0.439
9.00,396,2.04599,3.8473,1.4758,0.937,0.424
9.00,398,2.04911,3.8514,1.4875,0.910,0.407
9.00,400,2.05091,3.8558,1.4975,0.887,0.389
9.00,402,2.05211,3.8601,1.5067,0.866,0.371
9.00,404,2.05294,3.8645,1.5155,0.847,0.353
9.00,406,2.05354,3.8688,1.5242,0.828,0.335
9.00,408,2.05398,3.8731,1.5331,0.809,0.318
9.00,410,2.05432,3.8773,1.5421,0.790,0.300
9.00,412,2.05457,3.8814,1.5514,0.770,0.283
9.00,414,2.05478,3.8854,1.5609,0.750,0.266
9.00,416,2.05494,3.8893,1.5706,0.730,0.249
9.00,418,2.05506,3.8929,1.5804,0.710,0.234
9.00,420,2.05517,3.8962,1.5897,0.691,0.220
9.00,422,2.05526,3.8989,1.5972,0.676,0.209
9.00,424,2.05534,3.9003,1.5999,0.671,0.203
9.00,426,2.05540,3.8999,1.5959,0.681,0.205
9.00,428,2.05545,3.8981,1.5862,0.703,0.213
9.00,430,2.05550,3.8954,1.5743,0.729,0.224
9.00,432,2.05555,3.8920,1.5635,0.752,0.239
9.00,434,2.05562,3.8881,1.5568,0.764,0.255
9.00,436,2.05570,3.8840,1.5582,0.756,0.272
9.00,438,2.05580,3.8803,1.5661,0.732,0.286
9.00,440,2.05591,3.8766,1.5749,0.706,0.301
9.00,442,2.05606,3.8728,1.5817,0.685,0.316
9.00,444,2.05625,3.8688,1.5866,0.670,0.333
9.00,446,2.05647,3.8647,1.5900,0.658,0.349
9.00,448,2.05675,3.8605,1.5924,0.649,0.366
9.00,450,2.05707,3.8563,1.5940,0.643,0.383
9.00,452,2.05745,3.8521,1.5950,0.638,0.400
9.00,454,2.05787,3.8479,1.5955,0.635,0.417
9.00,455,2.05814,3.8453,1.5956,0.634,0.428
9.00,456,2.05842,3.8427,1.5956,0.633,0.439
9.00,457,2.05870,3.8401,1.5954,0.632,0.450
9.00,458,2.05899,3.8375,1.5952,0.633,0.461
9.00,459,2.05927,3.8348,1.5948,0.633,0.472
9.00,460,2.05956,3.8322,1.5943,0.634,0.483
9.00,461,2.05984,3.8295,1.5938,0.634,0.494
9.00,462,2.06011,3.8268,1.5931,0.636,0.505
9.00,463,2.06037,3.8242,1.5924,0.637,0.516
9.00,464,2.06063,3.8215,1.5915,0.639,0.527
9.00,465,2.06088,3.8188,1.5905,0.641,0.538
9.00,466,2.06113,3.8161,1.5894,0.643,0.549
9.00,467,2.06137,3.8134,1.5882,0.646,0.560
9.00,468,2.06161,3.8107,1.5868,0.649,0.571
9.00,469,2.06184,3.8080,1.5853,0.653,0.582
9.00,470,2.06207,3.8053,1.5837,0.658,0.594
9.00,471,2.06230,3.8026,1.5819,0.663,0.605
9.00,472,2.06251,3.7999,1.5799,0.669,0.616
9.00,473,2.06273,3.7972,1.5777,0.675,0.628
9.00,474,2.06294,3.7945,1.5753,0.682,0.639
9.00,475,2.06315,3.7919,1.5727,0.689,0.650
9.00,476,2.06337,3.7893,1.5697,0.697,0.661
9.00,477,2.06359,3.7868,1.5663,0.707,0.672
9.00,478,2.06381,3.7843,1.5626,0.717,0.683
9.00,479,2.06402,3.7818,1.5585,0.729,0.693
9.00,480,2.06424,3.7794,1.5541,0.741,0.704
9.00,481,2.06445,3.7770,1.5492,0.755,0.714
9.00,482,2.06465,3.7747,1.5441,0.769,0.724
9.00,483,2.06484,3.7725,1.5384,0.785,0.734
9.00,484,2.06503,3.7702,1.5324,0.801,0.743
9.00,485,2.06521,3.7681,1.5259,0.819,0.753
9.00,486,2.06539,3.7660,1.5192,0.838,0.762
9.00,487,2.06556,3.7639,1.5120,0.857,0.771
9.00,488,2.06572,3.7619,1.5046,0.878,0.779
9.00,489,2.06587,3.7600,1.4968,0.899,0.788
9.00,490,2.06602,3.7581,1.4888,0.921,0.796
9.00,491,2.06616,3.7562,1.4804,0.943,0.804
9.00,492,2.06629,3.7544,1.4719,0.967,0.812
9.00,493,2.06642,3.7527,1.4631,0.990,0.820
9.00,494,2.06655,3.7510,1.4542,1.015,0.828
9.00,495,2.06667,3.7493,1.4451,1.039,0.835
9.00,496,2.06678,3.7476,1.4359,1.064,0.842
9.00,497,2.06689,3.7460,1.4266,1.090,0.849
9.00,498,2.06700,3.7444,1.4171,1.115,0.857
9.00,499,2.06711,3.7428,1.4076,1.141,0.864
9.00,500,2.06721,3.7412,1.3980,1.167,0.870
9.00,501,2.06732,3.7397,1.3884,1.193,0.877
9.00,502,2.06742,3.7381,1.3789,1.219,0.884
9.00,503,2.06753,3.7365,1.3693,1.246,0.891
9.00,504,2.06763,3.7349,1.3598,1.272,0.899
9.00,505,2.06774,3.7333,1.3503,1.298,0.906
9.00,506,2.06785,3.7317,1.3411,1.324,0.913
9.00,507,2.06796,3.7300,1.3320,1.349,0.921
9.00,508,2.06808,3.7282,1.3233,1.374,0.929
9.00,509,2.06820,3.7263,1.3151,1.397,0.938
9.00,510,2.06834,3.7243,1.3076,1.420,0.947
9.00,511,2.06849,3.7221,1.3013,1.439,0.956
9.00,512,2.06866,3.7197,1.2969,1.455,0.966
9.00,513,2.06884,3.7172,1.2954,1.464,0.977
9.00,514,2.06904,3.7147,1.2977,1.463,0.988
9.00,515,2.06923,3.7125,1.3032,1.454,0.997
9.00,516,2.06941,3.7106,1.3108,1.439,1.006
9.00,517,2.06957,3.7090,1.3195,1.421,1.013
9.00,518,2.06973,3.7075,1.3290,1.400,1.020
9.00,519,2.06988,3.7062,1.3390,1.378,1.026
9.00,520,2.07003,3.7050,1.3493,1.355,1.031
9.00,521,2.07018,3.7039,1.3598,1.332,1.037
9.00,522,2.07032,3.7029,1.3705,1.307,1.041
9.00,523,2.07047,3.7019,1.3813,1.283,1.046
9.00,524,2.07061,3.7010,1.3921,1.258,1.051
9.00,525,2.07075,3.7001,1.4031,1.232,1.055
9.00,526,2.07090,3.6993,1.4142,1.207,1.059
9.00,527,2.07104,3.6985,1.4253,1.181,1.063
9.00,528,2.07119,3.6977,1.4364,1.156,1.067
9.00,529,2.07134,3.6969,1.4475,1.130,1.071
9.00,530,2.07148,3.6961,1.4587,1.104,1.075
9.00,531,2.07163,3.6953,1.4699,1.078,1.078
9.00,532,2.07178,3.6946,1.4812,1.052,1.082
9.00,533,2.07193,3.6938,1.4924,1.026,1.086
9.00,534,2.07208,3.6931,1.5037,1.000,1.089
9.00,535,2.07223,3.6924,1.5150,0.973,1.093
9.00,536,2.07238,3.6916,1.5263,0.947,1.096
9.00,537,2.07253,3.6909,1.5376,0.921,1.100
9.00,538,2.07268,3.6902,1.5490,0.895,1.103
9.00,539,2.07282,3.6894,1.5603,0.868,1.107
9.00,540,2.07297,3.6887,1.5717,0.842,1.110
9.00,541,2.07312,3.6880,1.5831,0.815,1.113
9.00,542,2.07327,3.6872,1.5945,0.789,1.117
9.00,543,2.07342,3.6865,1.6060,0.762,1.120
9.00,544,2.07357,3.6858,1.6174,0.736,1.124
9.00,545,2.07372,3.6851,1.6288,0.710,1.127
9.00,546,2.07387,3.6844,1.6403,0.683,1.131
9.00,547,2.07403,3.6836,1.6517,0.657,1.134
9.00,548,2.07418,3.6829,1.6632,0.630,1.137
9.00,549,2.07433,3.6822,1.6747,0.604,1.141
9.00,550,2.07449,3.6814,1.6861,0.578,1.144
9.00,551,2.07464,3.6807,1.6976,0.551,1.148
9.00,552,2.07480,3.6800,1.7091,0.525,1.151
9.00,553,2.07496,3.6793,1.7206,0.498,1.155
9.00,554,2.07512,3.6785,1.7321,0.472,1.159
9.00,555,2.07527,3.6778,1.7436,0.446,1.162
9.00,556,2.07543,3.6770,1.7551,0.419,1.166
9.00,557,2.07558,3.6763,1.7666,0.393,1.170
9.00,558,2.07574,3.6756,1.7781,0.367,1.173
9.00,559,2.07590,3.6748,1.7896,0.340,1.177
9.00,560,2.07606,3.6741,1.8012,0.314,1.181
9.00,561,2.07623,3.6733,1.8127,0.288,1.184
9.00,562,2.07639,3.6726,1.8242,0.262,1.188
9.00,563,2.07654,3.6718,1.8358,0.235,1.192
9.00,564,2.07670,3.6710,1.8473,0.209,1.196
9.00,565,2.07686,3.6703,1.8589,0.183,1.200
9.00,566,2.07702,3.6695,1.8704,0.157,1.204
9.00,567,2.07717,3.6687,1.8820,0.131,1.207
9.00,568,2.07733,3.6680,1.8935,0.105,1.211
9.00,569,2.07749,3.6672,1.9050,0.079,1.215
9.00,570,2.07764,3.6664,1.9166,0.053,1.220
9.00,571,2.07780,3.6656,1.9282,0.027,1.224
9.00,572,2.07796,3.6648,1.9397,0.001,1.228
9.00,573,2.07811,3.6640,1.9513,-0.025,1.232
9.00,574,2.07827,3.6632,1.9628,-0.051,1.236
9.00,575,2.07842,3.6623,1.9744,-0.076,1.240
9.00,576,2.07858,3.6615,1.9859,-0.102,1.245
9.00,577,2.07874,3.6607,1.9975,-0.128,1.249
9.00,578,2.07889,3.6598,2.0090,-0.153,1.253
9.00,579,2.07905,3.6590,2.0206,-0.179,1.258
9.00,580,2.07920,3.6582,2.0322,-0.205,1.262
9.00,581,2.07936,3.6574,2.0438,-0.230,1.267
9.00,582,2.07951,3.6565,2.0553,-0.255,1.271
9.00,583,2.07966,3.6557,2.0669,-0.281,1.276
9.00,584,2.07982,3.6548,2.0784,-0.306,1.280
9.00,585,2.07997,3.6540,2.0900,-0.331,1.285
9.00,586,2.08012,3.6531,2.1015,-0.357,1.290
9.00,587,2.08027,3.6522,2.1130,-0.382,1.294
9.00,588,2.08042,3.6514,2.1245,-0.407,1.299
9.00,589,2.08057,3.6505,2.1360,-0.432,1.304
9.00,590,2.08071,3.6496,2.1475,-0.457,1.309
9.00,591,2.08086,3.6488,2.1590,-0.482,1.313
9.00,592,2.08101,3.6479,2.1705,-0.507,1.318
9.00,593,2.08117,3.6470,2.1820,-0.532,1.323
9.00,594,2.08132,3.6462,2.1935,-0.556,1.328
9.00,595,2.08147,3.6453,2.2050,-0.581,1.333
9.00,596,2.08163,3.6444,2.2165,-0.606,1.338
9.00,597,2.08179,3.6435,2.2279,-0.630,1.343
9.00,598,2.08195,3.6426,2.2393,-0.655,1.348
9.00,599,2.08212,3.6417,2.2508,-0.679,1.353
9.00,600,2.08230,3.6409,2.2622,-0.704,1.358
9.00,601,2.08249,3.6400,2.2735,-0.728,1.363
9.00,602,2.08268,3.6391,2.2848,-0.752,1.368
9.00,603,2.08290,3.6382,2.2961,-0.776,1.373
9.00,604,2.08317,3.6374,2.3071,-0.799,1.378
9.00,605,2.08359,3.6366,2.3163,-0.819,1.383
9.00,606,2.08423,3.6390,2.2872,-0.758,1.368
9.00,607,2.08448,3.6417,2.2553,-0.690,1.353
9.00,608,2.08469,3.6443,2.2232,-0.622,1.339
9.00,609,2.08489,3.6468,2.1911,-0.553,1.324
9.00,610,2.08512,3.6493,2.1591,-0.484,1.310
9.00,611,2.08537,3.6517,2.1288,-0.419,1.297
9.00,612,2.08546,3.6535,2.1056,-0.369,1.287
9.00,613,2.08547,3.6550,2.0872,-0.329,1.280
9.00,614,2.08547,3.6567,2.0651,-0.281,1.270
9.00,615,2.08548,3.6589,2.0370,-0.219,1.259
9.00,616,2.08548,3.6612,2.0062,-0.151,1.246
9.00,617,2.08549,3.6636,1.9744,-0.081,1.234
9.00,618,2.08549,3.6660,1.9423,-0.010,1.222
9.00,619,2.08550,3.6683,1.9100,0.062,1.210
9.00,620,2.08551,3.6706,1.8777,0.135,1.198
9.00,621,2.08552,3.6729,1.8452,0.208,1.187
9.00,622,2.08553,3.6752,1.8128,0.281,1.175
9.00,623,2.08554,3.6774,1.7801,0.355,1.164
9.00,624,2.08556,3.6797,1.7476,0.429,1.153
9.00,625,2.08559,3.6819,1.7151,0.504,1.143
9.00,626,2.08563,3.6841,1.6825,0.578,1.132
9.00,627,2.08568,3.6862,1.6499,0.653,1.122
9.00,628,2.08577,3.6884,1.6173,0.728,1.112
9.00,629,2.08591,3.6907,1.5848,0.803,1.101
9.00,630,2.08614,3.6930,1.5530,0.876,1.090
9.00,631,2.08676,3.6933,1.5466,0.891,1.088
9.00,632,2.08692,3.6927,1.5554,0.871,1.091
9.00,633,2.08706,3.6921,1.5648,0.849,1.094
9.00,634,2.08719,3.6914,1.5744,0.827,1.098
9.00,635,2.08733,3.6907,1.5842,0.805,1.101
9.00,636,2.08748,3.6900,1.5942,0.782,1.104
9.00,637,2.08772,3.6897,1.6003,0.767,1.106
9.00,638,2.08794,3.6900,1.5957,0.778,1.104
9.00,639,2.08812,3.6906,1.5877,0.796,1.101
9.00,640,2.08831,3.6913,1.5786,0.817,1.098
9.00,641,2.08856,3.6919,1.5690,0.839,1.095
9.00,642,2.08918,3.6925,1.5617,0.856,1.092
9.00,643,2.09104,3.6926,1.5626,0.853,1.092
9.00,644,2.09851,3.6932,1.5630,0.851,1.089
9.00,645,2.13156,3.6947,1.5868,0.787,1.082
9.00,646,2.14130,3.6950,1.5971,0.760,1.081
9.00,647,2.14510,3.6951,1.6017,0.749,1.081
9.00,648,2.14862,3.6951,1.6064,0.737,1.081
9.00,649,2.15224,3.6951,1.6105,0.726,1.080
9.00,650,2.15578,3.6952,1.6143,0.717,1.080
9.00,651,2.15912,3.6953,1.6181,0.707,1.080
9.00,652,2.16195,3.6952,1.6228,0.695,1.080
9.00,653,2.16511,3.6954,1.6263,0.686,1.079
9.00,654,2.16804,3.6954,1.6303,0.676,1.079
9.00,655,2.17094,3.6954,1.6340,0.667,1.079
9.00,656,2.17366,3.6955,1.6378,0.657,1.079
9.00,657,2.17650,3.6955,1.6412,0.648,1.079
9.00,658,2.17862,3.6953,1.6460,0.637,1.080
9.00,659,2.20349,3.6954,1.6816,0.547,1.079
9.00,660,2.20687,3.6956,1.6862,0.536,1.079
9.00,661,2.21001,3.6955,1.6912,0.523,1.079
9.00,662,2.21300,3.6954,1.6966,0.510,1.080
9.00,663,2.21596,3.6953,1.7011,0.499,1.080
9.00,664,2.21865,3.6951,1.7063,0.487,1.081
9.00,665,2.22131,3.6949,1.7112,0.475,1.082
9.00,666,2.22381,3.6947,1.7157,0.464,1.083
9.00,667,2.22659,3.6947,1.7201,0.453,1.083
9.00,668,2.22887,3.6943,1.7255,0.441,1.085
9.00,669,2.23187,3.6946,1.7284,0.433,1.084
9.00,670,2.23526,3.6949,1.7324,0.422,1.082
9.00,671,2.23901,3.6952,1.7361,0.412,1.081
9.00,672,2.25555,3.6942,1.7658,0.340,1.086
9.00,673,2.27177,3.6910,1.8086,0.242,1.101
9.00,674,2.27755,3.6885,1.8349,0.183,1.113
9.00,675,2.28001,3.6872,1.8485,0.153,1.119
9.00,676,2.28036,3.6886,1.8384,0.174,1.112
9.00,677,2.28143,3.6889,1.8362,0.179,1.111
9.00,678,2.28253,3.6872,1.8510,0.147,1.119
9.00,679,2.28335,3.6857,1.8656,0.115,1.126
9.00,680,2.28396,3.6842,1.8803,0.083,1.133
9.00,681,2.28446,3.6827,1.8952,0.050,1.140
9.00,682,2.28482,3.6818,1.9055,0.027,1.144
9.00,683,2.28507,3.6811,1.9139,0.008,1.147
9.00,684,2.28523,3.6816,1.9107,0.015,1.145
9.00,685,2.28531,3.6828,1.9001,0.038,1.139
9.00,686,2.28537,3.6842,1.8882,0.063,1.133
9.00,687,2.28543,3.6856,1.8769,0.087,1.126
9.00,688,2.28549,3.6871,1.8642,0.114,1.119
9.00,689,2.28558,3.6887,1.8502,0.144,1.112
9.00,690,2.28611,3.6896,1.8398,0.168,1.108
9.00,691,2.28722,3.6887,1.8449,0.157,1.112
9.00,692,2.28831,3.6872,1.8581,0.129,1.119
9.00,693,2.28916,3.6858,1.8716,0.100,1.126
9.00,694,2.28983,3.6843,1.8855,0.069,1.132
9.00,695,2.29036,3.6829,1.8996,0.038,1.139
9.00,696,2.29077,3.6816,1.9139,0.007,1.145
9.00,697,2.29109,3.6802,1.9284,-0.025,1.152
9.00,698,2.29134,3.6789,1.9430,-0.057,1.158
9.00,699,2.29153,3.6776,1.9576,-0.090,1.164
9.00,700,2.29168,3.6763,1.9724,-0.122,1.171
9.00,701,2.29180,3.6750,1.9870,-0.154,1.177
9.00,702,2.29189,3.6738,2.0017,-0.187,1.183
9.00,703,2.29196,3.6725,2.0162,-0.219,1.190
9.00,704,2.29202,3.6713,2.0307,-0.251,1.196
9.00,705,2.29206,3.6701,2.0451,-0.282,1.202
9.00,706,2.29210,3.6689,2.0593,-0.314,1.208
9.00,707,2.29213,3.6677,2.0734,-0.345,1.214
9.05,202,0.13121,3.4820,-2.7309,12.870,3.134
9.05,204,0.13993,3.4881,-2.6549,12.615,3.007
9.05,206,0.14859,3.4941,-2.5795,12.363,2.885
9.05,208,0.17798,3.5029,-2.4313,11.903,2.718
9.05,210,0.20449,3.5102,-2.3077,11.523,2.598
9.05,212,0.21709,3.5132,-2.2607,11.378,2.552
9.05,214,0.22936,3.5162,-2.2150,11.237,2.509
9.05,216,0.24193,3.5193,-2.1681,11.094,2.468
9.05,218,0.25725,3.5230,-2.1152,10.932,2.422
9.05,220,0.27738,3.5278,-2.0518,10.737,2.365
9.05,222,0.29695,3.5325,-1.9898,10.548,2.314
9.05,224,0.30758,3.5352,-1.9572,10.447,2.285
9.05,226,0.31125,3.5362,-1.9460,10.412,2.274
9.05,228,0.31287,3.5366,-1.9412,10.397,2.270
9.05,230,0.31458,3.5370,-1.9362,10.381,2.266
9.05,232,0.31626,3.5375,-1.9313,10.366,2.261
9.05,234,0.31804,3.5379,-1.9262,10.350,2.256
9.05,236,0.31982,3.5383,-1.9212,10.335,2.252
9.05,238,0.32708,3.5401,-1.9001,10.270,2.233
9.05,240,0.34125,3.5432,-1.8544,10.134,2.201
9.05,242,0.35207,3.5452,-1.8126,10.017,2.181
9.05,244,0.36097,3.5469,-1.7867,9.940,2.163
9.05,246,0.36837,3.5484,-1.7673,9.882,2.147
9.05,248,0.37618,3.5499,-1.7469,9.820,2.132
9.05,250,0.38788,3.5521,-1.7166,9.729,2.109
9.05,252,0.43109,3.5604,-1.6033,9.390,2.026
9.05,254,0.46818,3.5682,-1.5034,9.090,1.951
9.05,256,0.49763,3.5748,-1.4220,8.846,1.890
9.05,258,0.52816,3.5830,-1.3340,8.580,1.820
9.05,260,0.55729,3.5912,-1.2494,8.325,1.754
9.05,262,0.57992,3.5983,-1.1827,8.121,1.699
9.05,264,0.60276,3.6058,-1.1152,7.914,1.641
9.05,266,0.61850,3.6125,-1.0685,7.763,1.590
9.05,268,0.63496,3.6195,-1.0196,7.606,1.539
9.05,270,0.65108,3.6263,-0.9716,7.452,1.489
9.05,272,0.66686,3.6331,-0.9246,7.302,1.442
9.05,274,0.68340,3.6402,-0.8753,7.145,1.394
9.05,276,0.69878,3.6468,-0.8294,7.000,1.350
9.05,278,0.71933,3.6553,-0.7756,6.828,1.297
9.05,280,0.73915,3.6635,-0.7242,6.667,1.248
9.05,282,0.75850,3.6716,-0.6738,6.511,1.203
9.05,284,0.77827,3.6798,-0.6224,6.355,1.159
9.05,286,0.79713,3.6877,-0.5732,6.207,1.119
9.05,288,0.81592,3.6955,-0.5240,6.062,1.080
9.05,290,0.83498,3.7035,-0.4742,5.917,1.041
9.05,292,0.85329,3.7111,-0.4261,5.780,1.005
9.05,294,0.87105,3.7186,-0.3794,5.648,0.973
9.05,296,0.88970,3.7264,-0.3303,5.511,0.940
9.05,298,0.90747,3.7329,-0.2862,5.390,0.911
9.05,300,0.92544,3.7383,-0.2456,5.281,0.887
9.05,302,0.94415,3.7440,-0.2032,5.169,0.863
9.05,304,0.96168,3.7492,-0.1633,5.064,0.841
9.05,306,0.97898,3.7544,-0.1239,4.960,0.819
9.05,308,1.00290,3.7608,-0.0717,4.825,0.792
9.05,310,1.02159,3.7656,-0.0314,4.721,0.772
9.05,312,1.03450,3.7688,-0.0040,4.651,0.759
9.05,314,1.04968,3.7724,0.0280,4.569,0.744
9.05,316,1.06793,3.7766,0.0659,4.473,0.727
9.05,318,1.08873,3.7813,0.1086,4.365,0.707
9.05,320,1.11458,3.7871,0.1612,4.233,0.684
9.05,322,1.13430,3.7912,0.2005,4.134,0.667
9.05,324,1.15633,3.7958,0.2437,4.026,0.649
9.05,326,1.18585,3.8017,0.3004,3.885,0.625
9.05,328,1.23656,3.8115,0.3945,3.654,0.585
9.05,330,1.29218,3.8219,0.4926,3.408,0.545
9.05,332,1.32875,3.8284,0.5540,3.255,0.519
9.05,334,1.35798,3.8333,0.6014,3.137,0.500
9.05,336,1.39146,3.8388,0.6537,3.008,0.478
9.05,338,1.42786,3.8442,0.7080,2.874,0.457
9.05,340,1.45700,3.8481,0.7497,2.771,0.441
9.05,342,1.49284,3.8525,0.7992,2.648,0.423
9.05,344,1.54383,3.8576,0.8671,2.480,0.401
9.05,346,1.57807,3.8602,0.9116,2.369,0.390
9.05,348,1.60944,3.8621,0.9519,2.269,0.382
9.05,350,1.64724,3.8639,1.0002,2.148,0.373
9.05,352,1.67977,3.8647,1.0413,2.045,0.369
9.05,353,1.69602,3.8648,1.0616,1.994,0.368
9.05,354,1.70304,3.8648,1.0704,1.972,0.367
9.05,356,1.71716,3.8648,1.0881,1.927,0.367
9.05,358,1.73148,3.8647,1.1060,1.881,0.367
9.05,360,1.74690,3.8644,1.1253,1.833,0.367
9.05,362,1.76371,3.8638,1.1461,1.780,0.369
9.05,364,1.77996,3.8629,1.1661,1.728,0.372
9.05,366,1.79271,3.8622,1.1818,1.688,0.374
9.05,368,1.80648,3.8612,1.1986,1.645,0.377
9.05,370,1.82154,3.8599,1.2173,1.597,0.382
9.05,372,1.83473,3.8581,1.2330,1.556,0.388
9.05,374,1.84623,3.8563,1.2467,1.521,0.395
9.05,376,1.85669,3.8545,1.2591,1.488,0.402
9.05,378,1.86826,3.8523,1.2725,1.453,0.410
9.05,380,1.87997,3.8497,1.2861,1.418,0.420
9.05,382,1.89110,3.8470,1.2988,1.384,0.431
9.05,384,1.90175,3.8441,1.3109,1.352,0.442
9.05,386,1.91204,3.8411,1.3228,1.321,0.454
9.05,388,1.92201,3.8381,1.3344,1.291,0.465
9.05,390,1.93177,3.8354,1.3462,1.260,0.476
9.05,392,1.94192,3.8330,1.3593,1.227,0.485
9.05,394,1.95283,3.8324,1.3770,1.182,0.487
9.05,396,1.95930,3.8358,1.3937,1.141,0.473
9.05,398,1.96252,3.8399,1.4059,1.111,0.456
9.05,400,1.96444,3.8442,1.4163,1.086,0.438
9.05,402,1.96567,3.8485,1.4257,1.064,0.420
9.05,404,1.96655,3.8528,1.4347,1.044,0.403
9.05,406,1.96717,3.8571,1.4436,1.023,0.385
9.05,408,1.96763,3.8613,1.4526,1.003,0.368
9.05,410,1.96798,3.8655,1.4616,0.983,0.351
9.05,412,1.96825,3.8696,1.4710,0.963,0.334
9.05,414,1.96846,3.8735,1.4805,0.942,0.317
9.05,416,1.96862,3.8774,1.4903,0.921,0.301
9.05,418,1.96876,3.8810,1.5001,0.899,0.286
9.05,420,1.96887,3.8843,1.5095,0.879,0.272
9.05,422,1.96896,3.8870,1.5173,0.862,0.261
9.05,424,1.96904,3.8885,1.5207,0.855,0.254
9.05,426,1.96910,3.8884,1.5175,0.863,0.255
9.05,428,1.96916,3.8868,1.5087,0.884,0.262
9.05,430,1.96921,3.8841,1.4971,0.910,0.273
9.05,432,1.96927,3.8809,1.4864,0.934,0.287
9.05,434,1.96933,3.8770,1.4797,0.947,0.303
9.05,436,1.96942,3.8730,1.4811,0.940,0.319
9.05,438,1.96952,3.8693,1.4890,0.917,0.334
9.05,440,1.96965,3.8658,1.4976,0.892,0.348
9.05,442,1.96981,3.8620,1.5042,0.873,0.363
9.05,444,1.97002,3.8580,1.5088,0.859,0.379
9.05,446,1.97027,3.8540,1.5121,0.848,0.395
9.05,448,1.97059,3.8499,1.5144,0.840,0.412
9.05,450,1.97097,3.8457,1.5159,0.835,0.428
9.05,452,1.97141,3.8416,1.5169,0.831,0.446
9.05,454,1.97191,3.8374,1.5174,0.829,0.463
9.05,455,1.97243,3.8333,1.5176,0.827,0.480
9.05,456,1.97296,3.8291,1.5175,0.827,0.497
9.05,457,1.97351,3.8250,1.5172,0.827,0.514
9.05,458,1.97404,3.8208,1.5166,0.827,0.531
9.05,459,1.97458,3.8167,1.5156,0.829,0.548
9.05,460,1.97510,3.8125,1.5144,0.832,0.565
9.05,461,1.97561,3.8083,1.5128,0.836,0.582
9.05,462,1.97609,3.8042,1.5108,0.841,0.599
9.05,463,1.97656,3.8001,1.5083,0.849,0.617
9.05,464,1.97702,3.7960,1.5053,0.857,0.634
9.05,465,1.97748,3.7920,1.5016,0.868,0.651
9.05,466,1.97794,3.7881,1.4971,0.880,0.667
9.05,467,1.97838,3.7843,1.4917,0.895,0.683
9.05,468,1.97881,3.7807,1.4855,0.913,0.699
9.05,469,1.97921,3.7771,1.4783,0.933,0.714
9.05,470,1.97959,3.7736,1.4701,0.955,0.729
9.05,471,1.97994,3.7702,1.4609,0.981,0.744
9.05,472,1.98026,3.7670,1.4508,1.008,0.758
9.05,473,1.98055,3.7639,1.4399,1.038,0.771
9.05,474,1.98082,3.7608,1.4281,1.070,0.784
9.05,475,1.98107,3.7579,1.4157,1.104,0.797
9.05,476,1.98130,3.7551,1.4027,1.139,0.809
9.05,477,1.98152,3.7524,1.3892,1.176,0.821
9.05,478,1.98173,3.7498,1.3753,1.214,0.833
9.05,479,1.98192,3.7472,1.3610,1.252,0.844
9.05,480,1.98211,3.7447,1.3466,1.291,0.855
9.05,481,1.98229,3.7423,1.3319,1.331,0.866
9.05,482,1.98247,3.7398,1.3172,1.371,0.877
9.05,483,1.98265,3.7374,1.3025,1.412,0.888
9.05,484,1.98283,3.7349,1.2880,1.452,0.899
9.05,485,1.98301,3.7323,1.2737,1.491,0.910
9.05,486,1.98321,3.7296,1.2601,1.530,0.923
9.05,487,1.98343,3.7267,1.2475,1.566,0.936
9.05,488,1.98367,3.7235,1.2367,1.598,0.950
9.05,489,1.98396,3.7199,1.2297,1.623,0.965
9.05,490,1.98429,3.7162,1.2293,1.631,0.981
9.05,491,1.98463,3.7128,1.2363,1.621,0.996
9.05,492,1.98493,3.7100,1.2482,1.597,1.008
9.05,493,1.98521,3.7078,1.2626,1.566,1.019
9.05,494,1.98548,3.7059,1.2781,1.531,1.027
9.05,495,1.98573,3.7042,1.2943,1.495,1.035
9.05,496,1.98598,3.7027,1.3109,1.457,1.042
9.05,497,1.98623,3.7013,1.3277,1.418,1.049
9.05,498,1.98648,3.7001,1.3447,1.379,1.055
9.05,499,1.98672,3.6988,1.3618,1.339,1.061
9.05,500,1.98697,3.6976,1.3790,1.299,1.067
9.05,501,1.98722,3.6965,1.3963,1.259,1.073
9.05,502,1.98748,3.6954,1.4136,1.219,1.078
9.05,503,1.98773,3.6943,1.4309,1.178,1.083
9.05,504,1.98799,3.6932,1.4483,1.138,1.088
9.05,505,1.98825,3.6921,1.4657,1.097,1.093
9.05,506,1.98851,3.6911,1.4832,1.057,1.098
9.05,507,1.98877,3.6900,1.5006,1.016,1.104
9.05,508,1.98902,3.6889,1.5182,0.975,1.109
9.05,509,1.98928,3.6879,1.5357,0.934,1.114
9.05,510,1.98953,3.6868,1.5532,0.894,1.119
9.05,511,1.98979,3.6857,1.5708,0.853,1.124
9.05,512,1.99005,3.6846,1.5883,0.812,1.129
9.05,513,1.99031,3.6836,1.6059,0.772,1.134
9.05,514,1.99058,3.6825,1.6235,0.731,1.139
9.05,515,1.99085,3.6814,1.6410,0.690,1.144
9.05,516,1.99112,3.6803,1.6586,0.650,1.150
9.05,517,1.99139,3.6793,1.6762,0.610,1.155
9.05,518,1.99166,3.6782,1.6938,0.569,1.160
9.05,519,1.99193,3.6771,1.7113,0.529,1.166
9.05,520,1.99221,3.6760,1.7289,0.488,1.171
9.05,521,1.99247,3.6748,1.7465,0.448,1.177
9.05,522,1.99274,3.6737,1.7640,0.408,1.182
9.05,523,1.99301,3.6726,1.7816,0.368,1.188
9.05,524,1.99328,3.6714,1.7992,0.328,1.194
9.05,525,1.99355,3.6703,1.8168,0.288,1.199
9.05,526,1.99382,3.6691,1.8343,0.249,1.205
9.05,527,1.99409,3.6680,1.8519,0.209,1.211
9.05,528,1.99435,3.6668,1.8694,0.169,1.217
9.05,529,1.99462,3.6656,1.8870,0.130,1.223
9.05,530,1.99489,3.6644,1.9045,0.091,1.229
9.05,531,1.99516,3.6632,1.9220,0.051,1.236
9.05,532,1.99542,3.6620,1.9395,0.012,1.242
9.05,533,1.99569,3.6608,1.9570,-0.027,1.248
9.05,534,1.99596,3.6595,1.9745,-0.065,1.255
9.05,535,1.99622,3.6583,1.9920,-0.104,1.262
9.05,536,1.99649,3.6570,2.0095,-0.143,1.268
9.05,537,1.99675,3.6558,2.0269,-0.181,1.275
9.05,538,1.99702,3.6545,2.0444,-0.220,1.282
9.05,539,1.99729,3.6532,2.0618,-0.258,1.289
9.05,540,1.99755,3.6519,2.0793,-0.296,1.296
9.05,541,1.99782,3.6507,2.0967,-0.334,1.303
9.05,542,1.99809,3.6494,2.1141,-0.372,1.310
9.05,543,1.99836,3.6481,2.1315,-0.410,1.317
9.05,544,1.99864,3.6468,2.1488,-0.447,1.324
9.05,545,1.99893,3.6455,2.1661,-0.485,1.332
9.05,546,1.99925,3.6442,2.1832,-0.522,1.339
9.05,547,1.99959,3.6429,2.1996,-0.557,1.346
9.05,548,2.00005,3.6417,2.2164,-0.593,1.353
9.05,549,2.00074,3.6420,2.2134,-0.587,1.351
9.05,550,2.00099,3.6433,2.1971,-0.552,1.344
9.05,551,2.00115,3.6446,2.1814,-0.519,1.337
9.05,552,2.00129,3.6458,2.1660,-0.486,1.330
9.05,553,2.00143,3.6469,2.1510,-0.454,1.324
9.05,554,2.00160,3.6481,2.1359,-0.421,1.317
9.05,555,2.00174,3.6495,2.1191,-0.385,1.310
9.05,556,2.00188,3.6508,2.1022,-0.348,1.302
9.05,557,2.00203,3.6520,2.0853,-0.311,1.295
9.05,558,2.00221,3.6534,2.0688,-0.276,1.288
9.05,559,2.00249,3.6546,2.0529,-0.241,1.282
9.05,560,2.00318,3.6543,2.0581,-0.253,1.283
9.05,561,2.00354,3.6534,2.0712,-0.282,1.288
9.05,562,2.00383,3.6525,2.0830,-0.308,1.293
9.05,563,2.00410,3.6517,2.0939,-0.332,1.297
9.05,564,2.00437,3.6510,2.1040,-0.354,1.301
9.05,565,2.00476,3.6502,2.1148,-0.377,1.305
9.05,566,2.00508,3.6490,2.1309,-0.413,1.312
9.05,567,2.00538,3.6478,2.1473,-0.448,1.319
9.05,568,2.00565,3.6466,2.1638,-0.484,1.326
9.05,569,2.00593,3.6453,2.1802,-0.519,1.333
9.05,570,2.00620,3.6441,2.1966,-0.555,1.340
9.05,571,2.00646,3.6428,2.2131,-0.590,1.347
9.05,572,2.00672,3.6415,2.2295,-0.625,1.354
9.05,573,2.00698,3.6403,2.2459,-0.660,1.361
9.05,574,2.00723,3.6390,2.2623,-0.695,1.369
9.05,575,2.00749,3.6377,2.2786,-0.730,1.376
9.05,576,2.00773,3.6364,2.2950,-0.764,1.384
9.05,577,2.00798,3.6351,2.3114,-0.799,1.392
9.05,578,2.00822,3.6338,2.3277,-0.833,1.400
9.05,579,2.00845,3.6325,2.3440,-0.867,1.408
9.05,580,2.00869,3.6312,2.3604,-0.901,1.416
9.05,581,2.00892,3.6299,2.3767,-0.935,1.424
9.05,582,2.00914,3.6285,2.3930,-0.968,1.432
9.05,583,2.00936,3.6272,2.4093,-1.002,1.441
9.05,584,2.00958,3.6259,2.4256,-1.035,1.449
9.05,585,2.00979,3.6245,2.4418,-1.068,1.457
9.05,586,2.01000,3.6232,2.4581,-1.102,1.466
9.05,587,2.01020,3.6218,2.4744,-1.135,1.474
9.05,588,2.01040,3.6204,2.4906,-1.168,1.483
9.05,589,2.01060,3.6191,2.5069,-1.201,1.492
9.05,590,2.01079,3.6177,2.5231,-1.233,1.500
9.05,591,2.01098,3.6163,2.5394,-1.266,1.509
9.05,592,2.01117,3.6149,2.5557,-1.299,1.518
9.05,593,2.01135,3.6135,2.5719,-1.331,1.528
9.05,594,2.01152,3.6121,2.5881,-1.363,1.537
9.05,595,2.01170,3.6107,2.6043,-1.394,1.547
9.05,596,2.01187,3.6093,2.6206,-1.426,1.557
9.05,597,2.01203,3.6078,2.6368,-1.457,1.567
9.05,598,2.01219,3.6064,2.6530,-1.488,1.578
9.05,599,2.01235,3.6050,2.6692,-1.518,1.589
9.05,600,2.01251,3.6035,2.6853,-1.548,1.600
9.05,601,2.01266,3.6020,2.7015,-1.578,1.612
9.05,602,2.01281,3.6006,2.7177,-1.607,1.624
9.05,603,2.01295,3.5991,2.7338,-1.637,1.635
9.05,604,2.01310,3.5977,2.7495,-1.666,1.646
9.05,605,2.01320,3.5967,2.7606,-1.686,1.654
9.05,606,2.01321,3.5970,2.7570,-1.679,1.651
9.05,607,2.01321,3.5970,2.7570,-1.679,1.651
9.05,608,2.01321,3.5970,2.7569,-1.679,1.651
9.05,609,2.01321,3.5971,2.7565,-1.678,1.651
9.05,610,2.01321,3.5994,2.7324,-1.636,1.633
9.05,611,2.01321,3.6044,2.6795,-1.540,1.593
9.05,612,2.01321,3.6094,2.6259,-1.440,1.556
9.05,613,2.01321,3.6143,2.5721,-1.336,1.523
9.05,614,2.01321,3.6191,2.5181,-1.229,1.491
9.05,615,2.01322,3.6239,2.4639,-1.120,1.461
9.05,616,2.01322,3.6286,2.4096,-1.010,1.432
9.05,617,2.01322,3.6333,2.3553,-0.899,1.403
9.05,618,2.01322,3.6379,2.3009,-0.786,1.375
9.05,619,2.01322,3.6424,2.2464,-0.672,1.349
9.05,620,2.01322,3.6469,2.1917,-0.555,1.324
9.05,621,2.01323,3.6513,2.1371,-0.438,1.300
9.05,622,2.01323,3.6557,2.0824,-0.320,1.276
9.05,623,2.01323,3.6601,2.0276,-0.201,1.253
9.05,624,2.01324,3.6644,1.9730,-0.081,1.230
9.05,625,2.01324,3.6684,1.9179,0.042,1.210
9.05,626,2.01325,3.6724,1.8628,0.166,1.190
9.05,627,2.01327,3.6765,1.8079,0.289,1.169
9.05,628,2.01329,3.6805,1.7525,0.414,1.150
9.05,629,2.01332,3.6845,1.6973,0.540,1.130
9.05,630,2.01338,3.6886,1.6421,0.666,1.111
9.05,631,2.01357,3.6925,1.5896,0.786,1.093
9.05,632,2.01367,3.6925,1.5870,0.792,1.093
9.05,633,2.01378,3.6919,1.5932,0.779,1.096
9.05,634,2.01388,3.6912,1.6014,0.760,1.099
9.05,635,2.01399,3.6906,1.6090,0.743,1.102
9.05,636,2.01449,3.6901,1.6153,0.728,1.104
9.05,637,2.01547,3.6895,1.6227,0.712,1.107
9.05,638,2.01973,3.6898,1.6232,0.710,1.106
9.05,639,2.02324,3.6904,1.6133,0.733,1.103
9.05,640,2.02590,3.6908,1.6069,0.748,1.101
9.05,641,2.02936,3.6913,1.5965,0.772,1.098
9.05,642,2.03360,3.6921,1.5826,0.805,1.095
9.05,643,2.03871,3.6929,1.5661,0.844,1.091
9.05,644,2.04259,3.6931,1.5649,0.846,1.090
9.05,645,2.04567,3.6932,1.5679,0.838,1.089
9.05,646,2.04862,3.6933,1.5697,0.834,1.089
9.05,647,2.05150,3.6934,1.5712,0.829,1.088
9.05,648,2.05416,3.6935,1.5727,0.825,1.088
9.05,649,2.05691,3.6937,1.5735,0.823,1.087
9.05,650,2.05952,3.6939,1.5742,0.821,1.086
9.05,651,2.06507,3.6940,1.5800,0.806,1.086
9.05,652,2.07114,3.6942,1.5868,0.788,1.085
9.05,653,2.07603,3.6941,1.5940,0.770,1.085
9.05,654,2.08277,3.6944,1.6013,0.752,1.084
9.05,655,2.08910,3.6943,1.6114,0.726,1.085
9.05,656,2.09788,3.6946,1.6217,0.700,1.083
9.05,657,2.14187,3.6944,1.6895,0.531,1.084
9.05,658,2.14497,3.6944,1.6940,0.519,1.084
9.05,659,2.14752,3.6941,1.6996,0.506,1.086
9.05,660,2.15020,3.6941,1.7039,0.495,1.086
9.05,661,2.15276,3.6941,1.7077,0.486,1.086
9.05,662,2.15554,3.6940,1.7126,0.474,1.087
9.05,663,2.15841,3.6940,1.7166,0.464,1.087
9.05,664,2.16107,3.6937,1.7221,0.451,1.088
9.05,665,2.16286,3.6935,1.7258,0.442,1.089
9.05,666,2.16463,3.6931,1.7314,0.429,1.091
9.05,667,2.16633,3.6927,1.7366,0.417,1.093
9.05,668,2.16799,3.6927,1.7391,0.411,1.093
9.05,669,2.16964,3.6924,1.7437,0.401,1.094
9.05,670,2.17145,3.6921,1.7481,0.390,1.096
9.05,671,2.17324,3.6922,1.7497,0.386,1.095
9.05,672,2.17487,3.6916,1.7563,0.371,1.098
9.05,673,2.17633,3.6913,1.7605,0.362,1.100
9.05,674,2.17809,3.6908,1.7663,0.348,1.102
9.05,675,2.17980,3.6908,1.7686,0.343,1.102
9.05,676,2.18201,3.6895,1.7813,0.315,1.108
9.05,677,2.18366,3.6883,1.7933,0.288,1.113
9.05,678,2.18495,3.6883,1.7961,0.281,1.114
9.05,679,2.18594,3.6877,1.8024,0.267,1.116
9.05,680,2.18665,3.6873,1.8071,0.257,1.118
9.05,681,2.18719,3.6870,1.8107,0.248,1.119
9.05,682,2.18763,3.6869,1.8133,0.242,1.120
9.05,683,2.18796,3.6876,1.8086,0.252,1.117
9.05,684,2.18835,3.6886,1.7994,0.272,1.112
9.05,685,2.18952,3.6881,1.8037,0.263,1.114
9.05,686,2.19059,3.6872,1.8123,0.244,1.118
9.05,687,2.19150,3.6863,1.8212,0.224,1.123
9.05,688,2.19229,3.6854,1.8306,0.203,1.127
9.05,689,2.19299,3.6845,1.8404,0.182,1.131
9.05,690,2.19360,3.6835,1.8506,0.159,1.136
9.05,691,2.19411,3.6826,1.8609,0.136,1.140
9.05,692,2.19457,3.6816,1.8715,0.113,1.145
9.05,693,2.19492,3.6806,1.8823,0.089,1.149
9.05,694,2.19522,3.6797,1.8932,0.065,1.154
9.05,695,2.19547,3.6787,1.9043,0.040,1.159
9.05,696,2.19568,3.6778,1.9155,0.015,1.163
9.05,697,2.19585,3.6768,1.9267,-0.010,1.168
9.05,698,2.19599,3.6759,1.9380,-0.035,1.173
9.05,699,2.19611,3.6749,1.9493,-0.060,1.177
9.05,700,2.19621,3.6740,1.9606,-0.085,1.182
9.05,701,2.19629,3.6730,1.9719,-0.110,1.187
9.05,702,2.19636,3.6721,1.9831,-0.134,1.192
9.05,703,2.19642,3.6712,1.9943,-0.159,1.196
9.05,704,2.19646,3.6702,2.0054,-0.184,1.201
9.05,705,2.19651,3.6693,2.0165,-0.208,1.206
9.05,706,2.19654,3.6684,2.0275,-0.232,1.210
9.05,707,2.19657,3.6675,2.0385,-0.257,1.215
9.10,202,0.12122,3.4750,-2.8179,13.166,3.281
9.10,204,0.12991,3.4811,-2.7422,12.908,3.153
9.10,206,0.13853,3.4871,-2.6671,12.655,3.027
9.10,208,0.14703,3.4931,-2.5930,12.408,2.906
9.10,210,0.17241,3.5014,-2.4583,11.985,2.746
9.10,212,0.20197,3.5096,-2.3170,11.552,2.607
9.10,214,0.21430,3.5126,-2.2710,11.410,2.562
9.10,216,0.22696,3.5156,-2.2238,11.264,2.517
9.10,218,0.23928,3.5186,-2.1778,11.124,2.477
9.10,220,0.25219,3.5218,-2.1308,10.981,2.436
9.10,222,0.27260,3.5267,-2.0663,10.782,2.378
9.10,224,0.29140,3.5311,-2.0068,10.600,2.329
9.10,226,0.30512,3.5346,-1.9638,10.468,2.292
9.10,228,0.31075,3.5361,-1.9466,10.414,2.276
9.10,230,0.31244,3.5365,-1.9415,10.399,2.271
9.10,232,0.31411,3.5369,-1.9365,10.383,2.267
9.10,234,0.31586,3.5374,-1.9314,10.367,2.262
9.10,236,0.31762,3.5378,-1.9263,10.351,2.258
9.10,238,0.31939,3.5382,-1.9213,10.336,2.253
9.10,240,0.32540,3.5397,-1.9030,10.280,2.238
9.10,242,0.33738,3.5423,-1.8652,10.167,2.210
9.10,244,0.34930,3.5447,-1.8201,10.040,2.186
9.10,246,0.35831,3.5464,-1.7929,9.960,2.168
9.10,248,0.36567,3.5478,-1.7734,9.901,2.153
9.10,250,0.37273,3.5492,-1.7543,9.844,2.139
9.10,252,0.38015,3.5506,-1.7353,9.786,2.124
9.10,254,0.40618,3.5555,-1.6679,9.584,2.074
9.10,256,0.45151,3.5644,-1.5488,9.228,1.987
9.10,258,0.48097,3.5711,-1.4673,8.982,1.924
9.10,260,0.51049,3.5782,-1.3843,8.732,1.861
9.10,262,0.53954,3.5860,-1.3002,8.479,1.795
9.10,264,0.56581,3.5939,-1.2233,8.246,1.733
9.10,266,0.58826,3.6009,-1.1571,8.044,1.678
9.10,268,0.60797,3.6080,-1.0988,7.861,1.623
9.10,270,0.62415,3.6149,-1.0506,7.706,1.572
9.10,272,0.63988,3.6216,-1.0038,7.556,1.523
9.10,274,0.65649,3.6287,-0.9543,7.397,1.472
9.10,276,0.67193,3.6353,-0.9082,7.250,1.426
9.10,278,0.68854,3.6425,-0.8586,7.092,1.378
9.10,280,0.70552,3.6497,-0.8100,6.938,1.331
9.10,282,0.72512,3.6579,-0.7590,6.776,1.281
9.10,284,0.74517,3.6662,-0.7068,6.613,1.233
9.10,286,0.76405,3.6741,-0.6576,6.462,1.189
9.10,288,0.78330,3.6821,-0.6073,6.310,1.147
9.10,290,0.80243,3.6901,-0.5572,6.160,1.107
9.10,292,0.82088,3.6978,-0.5088,6.018,1.069
9.10,294,0.83905,3.7054,-0.4611,5.880,1.031
9.10,296,0.85766,3.7132,-0.4121,5.740,0.996
9.10,298,0.87542,3.7207,-0.3652,5.608,0.964
9.10,300,0.89301,3.7280,-0.3186,5.479,0.932
9.10,302,0.91148,3.7344,-0.2740,5.358,0.904
9.10,304,0.92903,3.7397,-0.2341,5.251,0.881
9.10,306,0.94683,3.7451,-0.1935,5.143,0.858
9.10,308,0.96498,3.7505,-0.1520,5.034,0.835
9.10,310,0.98300,3.7558,-0.1109,4.927,0.813
9.10,312,1.00589,3.7619,-0.0608,4.797,0.787
9.10,314,1.02299,3.7662,-0.0238,4.702,0.769
9.10,316,1.03570,3.7694,0.0034,4.632,0.756
9.10,318,1.05177,3.7732,0.0376,4.545,0.741
9.10,320,1.06977,3.7774,0.0752,4.450,0.724
9.10,322,1.09042,3.7820,0.1180,4.342,0.705
9.10,324,1.11783,3.7880,0.1742,4.200,0.680
9.10,326,1.13595,3.7919,0.2106,4.109,0.665
9.10,328,1.15882,3.7966,0.2558,3.996,0.645
9.10,330,1.18980,3.8027,0.3157,3.848,0.621
9.10,332,1.23975,3.8123,0.4091,3.618,0.582
9.10,334,1.29765,3.8227,0.5118,3.360,0.541
9.10,336,1.33415,3.8289,0.5731,3.207,0.517
9.10,338,1.36265,3.8334,0.6194,3.092,0.499
9.10,340,1.39806,3.8386,0.6744,2.955,0.479
9.10,342,1.43231,3.8428,0.7251,2.830,0.461
9.10,344,1.46209,3.8460,0.7677,2.724,0.448
9.10,346,1.49819,3.8493,0.8178,2.600,0.434
9.10,348,1.54314,3.8522,0.8782,2.449,0.422
9.10,350,1.57581,3.8536,0.9216,2.340,0.415
9.10,352,1.60573,3.8543,0.9608,2.242,0.412
9.10,353,1.62318,3.8546,0.9836,2.184,0.410
9.10,354,1.63170,3.8546,0.9947,2.156,0.409
9.10,356,1.64583,3.8545,1.0129,2.110,0.409
9.10,358,1.65726,3.8543,1.0277,2.073,0.409
9.10,360,1.67100,3.8539,1.0452,2.028,0.411
9.10,362,1.68484,3.8531,1.0626,1.984,0.413
9.10,364,1.69796,3.8524,1.0794,1.941,0.416
9.10,366,1.71112,3.8515,1.0961,1.898,0.419
9.10,368,1.72404,3.8503,1.1122,1.857,0.423
9.10,370,1.73691,3.8490,1.1285,1.815,0.427
9.10,372,1.75069,3.8473,1.1455,1.772,0.434
9.10,374,1.76425,3.8452,1.1621,1.729,0.442
9.10,376,1.77705,3.8429,1.1777,1.688,0.450
9.10,378,1.78805,3.8408,1.1910,1.654,0.458
9.10,380,1.79836,3.8386,1.2033,1.622,0.467
9.10,382,1.80982,3.8361,1.2171,1.586,0.476
9.10,384,1.82097,3.8334,1.2305,1.551,0.486
9.10,386,1.83098,3.8307,1.2423,1.521,0.497
9.10,388,1.84071,3.8279,1.2537,1.491,0.508
9.10,390,1.84984,3.8255,1.2649,1.462,0.517
9.10,392,1.85929,3.8234,1.2774,1.430,0.526
9.10,394,1.87097,3.8225,1.2961,1.383,0.529
9.10,396,1.87848,3.8253,1.3145,1.337,0.517
9.10,398,1.88172,3.8292,1.3274,1.306,0.501
9.10,400,1.88345,3.8334,1.3379,1.280,0.484
9.10,402,1.88455,3.8376,1.3475,1.258,0.467
9.10,404,1.88530,3.8418,1.3565,1.236,0.449
9.10,406,1.88584,3.8460,1.3654,1.215,0.432
9.10,408,1.88623,3.8501,1.3743,1.195,0.415
9.10,410,1.88653,3.8542,1.3834,1.174,0.399
9.10,412,1.88676,3.8582,1.3926,1.153,0.382
9.10,414,1.88694,3.8620,1.4021,1.131,0.366
9.10,416,1.88708,3.8658,1.4117,1.109,0.351
9.10,418,1.88720,3.8693,1.4214,1.087,0.336
9.10,420,1.88730,3.8725,1.4307,1.067,0.323
9.10,422,1.88738,3.8752,1.4385,1.049,0.312
9.10,424,1.88745,3.8767,1.4421,1.041,0.305
9.10,426,1.88750,3.8766,1.4394,1.048,0.306
9.10,428,1.88755,3.8752,1.4312,1.068,0.312
9.10,430,1.88760,3.8726,1.4201,1.093,0.323
9.10,432,1.88765,3.8695,1.4098,1.117,0.336
9.10,434,1.88771,3.8657,1.4035,1.130,0.351
9.10,436,1.88779,3.8618,1.4054,1.123,0.367
9.10,438,1.88788,3.8584,1.4135,1.100,0.381
9.10,440,1.88800,3.8549,1.4217,1.077,0.394
9.10,442,1.88815,3.8512,1.4278,1.060,0.409
9.10,444,1.88835,3.8474,1.4321,1.047,0.424
9.10,446,1.88860,3.8435,1.4352,1.038,0.440
9.10,448,1.88891,3.8395,1.4373,1.031,0.456
9.10,450,1.88930,3.8356,1.4386,1.027,0.472
9.10,452,1.88976,3.8316,1.4395,1.024,0.489
9.10,454,1.89028,3.8276,1.4401,1.021,0.505
9.10,455,1.89085,3.8235,1.4403,1.020,0.522
9.10,456,1.89145,3.8193,1.4403,1.019,0.538
9.10,457,1.89206,3.8152,1.4400,1.019,0.555
9.10,458,1.89267,3.8111,1.4392,1.021,0.572
9.10,459,1.89326,3.8070,1.4381,1.024,0.589
9.10,460,1.89383,3.8029,1.4364,1.029,0.606
9.10,461,1.89439,3.7988,1.4341,1.035,0.623
9.10,462,1.89493,3.7948,1.4312,1.044,0.640
9.10,463,1.89546,3.7909,1.4274,1.054,0.656
9.10,464,1.89597,3.7870,1.4227,1.068,0.672
9.10,465,1.89645,3.7833,1.4170,1.084,0.688
9.10,466,1.89690,3.7796,1.4103,1.102,0.704
9.10,467,1.89733,3.7760,1.4025,1.124,0.720
9.10,468,1.89772,3.7725,1.3937,1.148,0.735
9.10,469,1.89809,3.7691,1.3838,1.175,0.749
9.10,470,1.89843,3.7658,1.3729,1.205,0.763
9.10,471,1.89875,3.7626,1.3611,1.237,0.777
9.10,472,1.89904,3.7595,1.3486,1.271,0.791
9.10,473,1.89931,3.7565,1.3355,1.307,0.803
9.10,474,1.89956,3.7536,1.3217,1.344,0.816
9.10,475,1.89980,3.7508,1.3075,1.382,0.828
9.10,476,1.90003,3.7481,1.2929,1.422,0.840
9.10,477,1.90024,3.7455,1.2781,1.462,0.852
9.10,478,1.90045,3.7428,1.2630,1.503,0.863
9.10,479,1.90065,3.7402,1.2478,1.545,0.875
9.10,480,1.90086,3.7376,1.2327,1.586,0.886
9.10,481,1.90106,3.7350,1.2177,1.628,0.898
9.10,482,1.90127,3.7322,1.2030,1.668,0.911
9.10,483,1.90149,3.7294,1.1891,1.708,0.924
9.10,484,1.90174,3.7263,1.1764,1.745,0.937
9.10,485,1.90201,3.7229,1.1660,1.777,0.952
9.10,486,1.90233,3.7191,1.1603,1.798,0.968
9.10,487,1.90268,3.7154,1.1616,1.802,0.985
9.10,488,1.90303,3.7120,1.1704,1.787,0.999
9.10,489,1.90336,3.7093,1.1839,1.759,1.011
9.10,490,1.90366,3.7071,1.1997,1.725,1.021
9.10,491,1.90394,3.7053,1.2165,1.687,1.030
9.10,492,1.90423,3.7037,1.2339,1.647,1.037
9.10,493,1.90452,3.7023,1.2516,1.606,1.044
9.10,494,1.90480,3.7009,1.2694,1.565,1.051
9.10,495,1.90509,3.6997,1.2875,1.523,1.057
9.10,496,1.90537,3.6985,1.3057,1.481,1.063
9.10,497,1.90566,3.6973,1.3239,1.438,1.068
9.10,498,1.90594,3.6962,1.3422,1.395,1.074
9.10,499,1.90623,3.6951,1.3606,1.352,1.079
9.10,500,1.90652,3.6940,1.3791,1.309,1.085
9.10,501,1.90681,3.6929,1.3976,1.266,1.090
9.10,502,1.90709,3.6918,1.4162,1.222,1.095
9.10,503,1.90738,3.6907,1.4347,1.179,1.100
9.10,504,1.90767,3.6897,1.4533,1.135,1.105
9.10,505,1.90797,3.6886,1.4719,1.092,1.110
9.10,506,1.90827,3.6875,1.4906,1.048,1.115
9.10,507,1.90857,3.6864,1.5092,1.005,1.120
9.10,508,1.90888,3.6853,1.5278,0.962,1.125
9.10,509,1.90917,3.6842,1.5465,0.918,1.131
9.10,510,1.90949,3.6831,1.5651,0.875,1.136
9.10,511,1.90980,3.6820,1.5837,0.832,1.141
9.10,512,1.91011,3.6809,1.6024,0.789,1.147
9.10,513,1.91042,3.6798,1.6211,0.746,1.152
9.10,514,1.91074,3.6786,1.6398,0.703,1.158
9.10,515,1.91104,3.6775,1.6585,0.660,1.163
9.10,516,1.91135,3.6763,1.6772,0.617,1.169
9.10,517,1.91166,3.6752,1.6958,0.574,1.175
9.10,518,1.91197,3.6740,1.7145,0.531,1.181
9.10,519,1.91229,3.6728,1.7332,0.489,1.187
9.10,520,1.91261,3.6716,1.7519,0.446,1.192
9.10,521,1.91292,3.6704,1.7705,0.404,1.199
9.10,522,1.91325,3.6692,1.7892,0.361,1.205
9.10,523,1.91356,3.6680,1.8079,0.319,1.211
9.10,524,1.91388,3.6668,1.8265,0.277,1.217
9.10,525,1.91420,3.6656,1.8451,0.235,1.223
9.10,526,1.91453,3.6643,1.8638,0.193,1.230
9.10,527,1.91485,3.6631,1.8824,0.151,1.236
9.10,528,1.91519,3.6618,1.9010,0.110,1.243
9.10,529,1.91552,3.6605,1.9196,0.068,1.250
9.10,530,1.91586,3.6592,1.9381,0.027,1.256
9.10,531,1.91621,3.6579,1.9567,-0.014,1.263
9.10,532,1.91656,3.6566,1.9752,-0.055,1.270
9.10,533,1.91692,3.6553,1.9936,-0.096,1.277
9.10,534,1.91730,3.6540,2.0120,-0.137,1.284
9.10,535,1.91772,3.6528,2.0293,-0.175,1.291
9.10,536,1.91814,3.6515,2.0466,-0.213,1.298
9.10,537,1.91862,3.6503,2.0644,-0.252,1.305
9.10,538,1.91924,3.6490,2.0825,-0.291,1.312
9.10,539,1.92018,3.6492,2.0813,-0.289,1.311
9.10,540,1.92055,3.6505,2.0642,-0.252,1.303
9.10,541,1.92088,3.6519,2.0475,-0.216,1.296
9.10,542,1.92118,3.6532,2.0301,-0.178,1.289
9.10,543,1.92152,3.6545,2.0128,-0.141,1.282
9.10,544,1.92194,3.6558,1.9961,-0.104,1.275
9.10,545,1.92289,3.6564,1.9895,-0.090,1.271
9.10,546,1.92345,3.6555,2.0033,-0.121,1.276
9.10,547,1.92385,3.6547,2.0154,-0.148,1.281
9.10,548,1.92432,3.6539,2.0269,-0.173,1.285
9.10,549,1.92476,3.6526,2.0444,-0.212,1.292
9.10,550,1.92512,3.6513,2.0623,-0.251,1.299
9.10,551,1.92547,3.6500,2.0802,-0.290,1.306
9.10,552,1.92581,3.6487,2.0982,-0.329,1.314
9.10,553,1.92614,3.6474,2.1161,-0.368,1.321
9.10,554,1.92647,3.6461,2.1341,-0.407,1.328
9.10,555,1.92679,3.6447,2.1520,-0.446,1.336
9.10,556,1.92710,3.6433,2.1700,-0.485,1.344
9.10,557,1.92742,3.6420,2.1879,-0.523,1.351
9.10,558,1.92772,3.6406,2.2058,-0.562,1.359
9.10,559,1.92802,3.6392,2.2238,-0.600,1.367
9.10,560,1.92831,3.6378,2.2417,-0.638,1.375
9.10,561,1.92860,3.6364,2.2596,-0.676,1.383
9.10,562,1.92888,3.6350,2.2776,-0.714,1.392
9.10,563,1.92916,3.6336,2.2955,-0.752,1.400
9.10,564,1.92943,3.6322,2.3135,-0.789,1.409
9.10,565,1.92969,3.6308,2.3314,-0.826,1.418
9.10,566,1.92995,3.6293,2.3493,-0.864,1.427
9.10,567,1.93020,3.6279,2.3673,-0.901,1.436
9.10,568,1.93045,3.6264,2.3852,-0.937,1.445
9.10,569,1.93069,3.6250,2.4032,-0.974,1.454
9.10,570,1.93093,3.6235,2.4211,-1.011,1.463
9.10,571,1.93116,3.6220,2.4390,-1.048,1.473
9.10,572,1.93138,3.6205,2.4570,-1.084,1.482
9.10,573,1.93160,3.6190,2.4749,-1.120,1.492
9.10,574,1.93181,3.6175,2.4928,-1.157,1.501
9.10,575,1.93202,3.6160,2.5107,-1.193,1.511
9.10,576,1.93222,3.6145,2.5287,-1.228,1.521
9.10,577,1.93241,3.6129,2.5466,-1.264,1.531
9.10,578,1.93261,3.6114,2.5645,-1.299,1.542
9.10,579,1.93279,3.6098,2.5824,-1.334,1.553
9.10,580,1.93297,3.6083,2.6004,-1.369,1.564
9.10,581,1.93315,3.6067,2.6183,-1.403,1.575
9.10,582,1.93332,3.6051,2.6361,-1.437,1.587
9.10,583,1.93349,3.6035,2.6540,-1.470,1.600
9.10,584,1.93365,3.6019,2.6719,-1.503,1.613
9.10,585,1.93381,3.6003,2.6897,-1.536,1.625
9.10,586,1.93397,3.5987,2.7076,-1.568,1.638
9.10,587,1.93412,3.5971,2.7255,-1.601,1.651
9.10,588,1.93427,3.5955,2.7433,-1.633,1.663
9.10,589,1.93441,3.5939,2.7612,-1.665,1.676
9.10,590,1.93455,3.5922,2.7790,-1.697,1.689
9.10,591,1.93469,3.5906,2.7969,-1.729,1.702
9.10,592,1.93482,3.5889,2.8148,-1.761,1.715
9.10,593,1.93495,3.5873,2.8326,-1.792,1.729
9.10,594,1.93507,3.5856,2.8504,-1.822,1.744
9.10,595,1.93520,3.5839,2.8682,-1.852,1.759
9.10,596,1.93531,3.5822,2.8860,-1.881,1.775
9.10,597,1.93543,3.5806,2.9038,-1.910,1.791
9.10,598,1.93554,3.5789,2.9216,-1.938,1.809
9.10,599,1.93565,3.5772,2.9394,-1.966,1.828
9.10,600,1.93576,3.5755,2.9572,-1.992,1.849
9.10,601,1.93587,3.5738,2.9750,-2.018,1.870
9.10,602,1.93597,3.5720,2.9927,-2.042,1.893
9.10,603,1.93607,3.5704,3.0104,-2.067,1.916
9.10,604,1.93617,3.5686,3.0279,-2.090,1.940
9.10,605,1.93622,3.5678,3.0372,-2.103,1.953
9.10,606,1.93622,3.5680,3.0352,-2.100,1.950
9.10,607,1.93622,3.5680,3.0352,-2.100,1.950
9.10,608,1.93622,3.5680,3.0352,-2.100,1.950
9.10,609,1.93622,3.5680,3.0351,-2.100,1.950
9.10,610,1.93622,3.5695,3.0204,-2.081,1.929
9.10,611,1.93622,3.5758,2.9580,-1.997,1.845
9.10,612,1.93622,3.5821,2.8942,-1.901,1.776
9.10,613,1.93622,3.5884,2.8301,-1.795,1.719
9.10,614,1.93622,3.5946,2.7658,-1.683,1.670
9.10,615,1.93622,3.6008,2.7016,-1.569,1.622
9.10,616,1.93623,3.6069,2.6370,-1.451,1.575
9.10,617,1.93623,3.6128,2.5723,-1.328,1.532
9.10,618,1.93623,3.6187,2.5075,-1.200,1.494
9.10,619,1.93623,3.6245,2.4426,-1.070,1.458
9.10,620,1.93623,3.6301,2.3774,-0.938,1.422
9.10,621,1.93623,3.6357,2.3122,-0.804,1.388
9.10,622,1.93623,3.6413,2.2469,-0.668,1.356
9.10,623,1.93624,3.6467,2.1815,-0.529,1.325
9.10,624,1.93624,3.6521,2.1160,-0.389,1.295
9.10,625,1.93624,3.6575,2.0506,-0.248,1.266
9.10,626,1.93625,3.6629,1.9856,-0.107,1.238
9.10,627,1.93626,3.6681,1.9199,0.038,1.211
9.10,628,1.93627,3.6727,1.8537,0.187,1.188
9.10,629,1.93629,3.6778,1.7879,0.335,1.163
9.10,630,1.93633,3.6829,1.7220,0.483,1.138
9.10,631,1.93644,3.6879,1.6574,0.630,1.115
9.10,632,1.93647,3.6883,1.6503,0.646,1.113
9.10,633,1.93653,3.6885,1.6455,0.658,1.112
9.10,634,1.93663,3.6878,1.6520,0.643,1.115
9.10,635,1.93670,3.6871,1.6595,0.626,1.118
9.10,636,1.93683,3.6866,1.6667,0.610,1.121
9.10,637,1.93736,3.6860,1.6740,0.594,1.124
9.10,638,1.93812,3.6854,1.6815,0.577,1.126
9.10,639,1.93974,3.6849,1.6885,0.561,1.129
9.10,640,1.94361,3.6855,1.6867,0.563,1.126
9.10,641,1.94754,3.6860,1.6862,0.563,1.124
9.10,642,1.95114,3.6864,1.6868,0.560,1.122
9.10,643,1.95461,3.6867,1.6873,0.558,1.120
9.10,644,1.95776,3.6870,1.6883,0.555,1.119
9.10,645,1.98290,3.6888,1.6946,0.534,1.111
9.10,646,1.98631,3.6890,1.6950,0.532,1.110
9.10,647,1.98922,3.6891,1.6963,0.528,1.109
9.10,648,1.99201,3.6893,1.6970,0.526,1.109
9.10,649,1.99416,3.6892,1.6993,0.521,1.109
9.10,650,1.99696,3.6895,1.6991,0.520,1.108
9.10,651,1.99974,3.6898,1.6985,0.521,1.106
9.10,652,2.00989,3.6903,1.7009,0.513,1.104
9.10,653,2.02751,3.6917,1.6818,0.557,1.097
9.10,654,2.04199,3.6934,1.6479,0.637,1.089
9.10,655,2.04430,3.6933,1.6514,0.629,1.090
9.10,656,2.04639,3.6932,1.6546,0.621,1.090
9.10,657,2.04835,3.6930,1.6579,0.613,1.091
9.10,658,2.05006,3.6927,1.6617,0.605,1.092
9.10,659,2.05192,3.6928,1.6633,0.600,1.092
9.10,660,2.05389,3.6928,1.6658,0.594,1.092
9.10,661,2.05604,3.6932,1.6654,0.594,1.090
9.10,662,2.05850,3.6933,1.6673,0.589,1.089
9.10,663,2.06185,3.6934,1.6712,0.579,1.089
9.10,664,2.06546,3.6933,1.6775,0.564,1.090
9.10,665,2.06850,3.6930,1.6838,0.549,1.091
9.10,666,2.07169,3.6928,1.6904,0.533,1.092
9.10,667,2.07445,3.6925,1.6963,0.519,1.093
9.10,668,2.07737,3.6924,1.7012,0.507,1.094
9.10,669,2.07984,3.6922,1.7060,0.495,1.095
9.10,670,2.08238,3.6914,1.7154,0.474,1.099
9.10,671,2.08460,3.6908,1.7236,0.455,1.102
9.10,672,2.08647,3.6905,1.7286,0.444,1.103
9.10,673,2.08824,3.6900,1.7347,0.430,1.105
9.10,674,2.08967,3.6895,1.7413,0.415,1.108
9.10,675,2.09073,3.6899,1.7393,0.418,1.106
9.10,676,2.09194,3.6897,1.7418,0.413,1.107
9.10,677,2.09292,3.6889,1.7499,0.395,1.111
9.10,678,2.09378,3.6881,1.7581,0.377,1.114
9.10,679,2.09458,3.6873,1.7665,0.358,1.118
9.10,680,2.09531,3.6866,1.7742,0.341,1.121
9.10,681,2.09587,3.6861,1.7798,0.329,1.124
9.10,682,2.09645,3.6852,1.7887,0.309,1.128
9.10,683,2.09698,3.6844,1.7978,0.289,1.132
9.10,684,2.09731,3.6842,1.8001,0.283,1.132
9.10,685,2.09780,3.6841,1.8014,0.280,1.133
9.10,686,2.09814,3.6833,1.8101,0.261,1.137
9.10,687,2.09842,3.6825,1.8189,0.242,1.140
9.10,688,2.09866,3.6817,1.8277,0.222,1.144
9.10,689,2.09886,3.6810,1.8366,0.202,1.148
9.10,690,2.09903,3.6802,1.8455,0.182,1.151
9.10,691,2.09918,3.6794,1.8544,0.163,1.155
9.10,692,2.09930,3.6786,1.8634,0.143,1.159
9.10,693,2.09941,3.6779,1.8724,0.123,1.163
9.10,694,2.09950,3.6771,1.8815,0.103,1.166
9.10,695,2.09958,3.6764,1.8905,0.083,1.170
9.10,696,2.09965,3.6756,1.8995,0.063,1.174
9.10,697,2.09971,3.6749,1.9085,0.043,1.177
9.10,698,2.09976,3.6742,1.9175,0.023,1.181
9.10,699,2.09980,3.6734,1.9265,0.003,1.185
9.10,700,2.09984,3.6727,1.9354,-0.017,1.188
9.10,701,2.09987,3.6720,1.9443,-0.037,1.192
9.10,702,2.09990,3.6712,1.9532,-0.057,1.196
9.10,703,2.09992,3.6705,1.9621,-0.076,1.199
9.10,704,2.09994,3.6698,1.9709,-0.096,1.203
9.10,705,2.09996,3.6691,1.9797,-0.115,1.207
9.10,706,2.09998,3.6684,1.9884,-0.134,1.210
9.10,707,2.09999,3.6677,1.9972,-0.154,1.214
9.15,202,0.11123,3.4681,-2.9049,13.467,3.432
9.15,204,0.11989,3.4741,-2.8294,13.206,3.301
9.15,206,0.12847,3.4801,-2.7547,12.951,3.174
9.15,208,0.13692,3.4860,-2.6810,12.702,3.050
9.15,210,0.14567,3.4921,-2.6048,12.447,2.925
9.15,212,0.16678,3.4998,-2.4856,12.069,2.775
9.15,214,0.19809,3.5086,-2.3335,11.603,2.623
9.15,216,0.21200,3.5120,-2.2795,11.436,2.570
9.15,218,0.22429,3.5150,-2.2336,11.295,2.526
9.15,220,0.23648,3.5180,-2.1880,11.155,2.485
9.15,222,0.24894,3.5210,-2.1413,11.013,2.446
9.15,224,0.26751,3.5255,-2.0819,10.830,2.392
9.15,226,0.28655,3.5300,-2.0214,10.645,2.341
9.15,228,0.30215,3.5338,-1.9719,10.494,2.300
9.15,230,0.31031,3.5360,-1.9468,10.416,2.277
9.15,232,0.31196,3.5364,-1.9418,10.400,2.272
9.15,234,0.31368,3.5368,-1.9366,10.384,2.268
9.15,236,0.31542,3.5373,-1.9315,10.368,2.263
9.15,238,0.31717,3.5377,-1.9264,10.352,2.259
9.15,240,0.31901,3.5382,-1.9211,10.336,2.254
9.15,242,0.32352,3.5392,-1.9081,10.296,2.242
9.15,244,0.33342,3.5415,-1.8762,10.201,2.219
9.15,246,0.34612,3.5441,-1.8341,10.078,2.191
9.15,248,0.35543,3.5460,-1.8054,9.993,2.172
9.15,250,0.36318,3.5474,-1.7807,9.922,2.158
9.15,252,0.36951,3.5485,-1.7614,9.866,2.146
9.15,254,0.37673,3.5499,-1.7427,9.810,2.132
9.15,256,0.38813,3.5521,-1.7135,9.722,2.109
9.15,258,0.42846,3.5599,-1.6086,9.407,2.031
9.15,260,0.46471,3.5674,-1.5115,9.115,1.958
9.15,262,0.49262,3.5737,-1.4342,8.883,1.900
9.15,264,0.52255,3.5815,-1.3485,8.625,1.833
9.15,266,0.55084,3.5891,-1.2665,8.378,1.770
9.15,268,0.57372,3.5964,-1.1990,8.172,1.714
9.15,270,0.59621,3.6035,-1.1326,7.969,1.658
9.15,272,0.61289,3.6102,-1.0830,7.811,1.607
9.15,274,0.62959,3.6173,-1.0332,7.651,1.554
9.15,276,0.64509,3.6239,-0.9870,7.502,1.506
9.15,278,0.66165,3.6310,-0.9375,7.344,1.456
9.15,280,0.67758,3.6379,-0.8899,7.192,1.409
9.15,282,0.69335,3.6447,-0.8426,7.042,1.363
9.15,284,0.71207,3.6526,-0.7913,6.879,1.313
9.15,286,0.73097,3.6605,-0.7420,6.723,1.266
9.15,288,0.75068,3.6687,-0.6905,6.563,1.219
9.15,290,0.76987,3.6767,-0.6403,6.410,1.175
9.15,292,0.78846,3.6845,-0.5916,6.263,1.135
9.15,294,0.80705,3.6923,-0.5427,6.118,1.096
9.15,296,0.82562,3.7001,-0.4938,5.975,1.057
9.15,298,0.84371,3.7076,-0.4461,5.837,1.021
9.15,300,0.86152,3.7151,-0.3990,5.703,0.987
9.15,302,0.87956,3.7227,-0.3511,5.569,0.955
9.15,304,0.89655,3.7298,-0.3059,5.444,0.924
9.15,306,0.91469,3.7357,-0.2632,5.329,0.898
9.15,308,0.93282,3.7412,-0.2217,5.218,0.875
9.15,310,0.94986,3.7463,-0.1825,5.115,0.853
9.15,312,0.96740,3.7516,-0.1421,5.008,0.831
9.15,314,0.98697,3.7572,-0.0976,4.892,0.807
9.15,316,1.00875,3.7630,-0.0496,4.768,0.783
9.15,318,1.02458,3.7670,-0.0150,4.680,0.766
9.15,320,1.03741,3.7701,0.0127,4.609,0.753
9.15,322,1.05344,3.7739,0.0470,4.522,0.738
9.15,324,1.07221,3.7782,0.0865,4.421,0.720
9.15,326,1.09222,3.7827,0.1284,4.316,0.701
9.15,328,1.12065,3.7889,0.1872,4.168,0.676
9.15,330,1.13746,3.7925,0.2213,4.083,0.662
9.15,332,1.16121,3.7973,0.2688,3.964,0.642
9.15,334,1.19386,3.8037,0.3325,3.807,0.616
9.15,336,1.25588,3.8152,0.4486,3.520,0.570
9.15,338,1.30320,3.8234,0.5323,3.308,0.538
9.15,340,1.33937,3.8291,0.5931,3.156,0.516
9.15,342,1.36751,3.8330,0.6384,3.043,0.500
9.15,344,1.40436,3.8374,0.6953,2.902,0.482
9.15,346,1.43637,3.8404,0.7425,2.785,0.470
9.15,348,1.46686,3.8426,0.7862,2.676,0.461
9.15,350,1.50321,3.8444,0.8370,2.549,0.453
9.15,352,1.54101,3.8453,0.8887,2.419,0.448
9.15,353,1.55479,3.8454,0.9073,2.372,0.447
9.15,354,1.56017,3.8454,0.9146,2.353,0.447
9.15,356,1.57442,3.8453,0.9338,2.305,0.447
9.15,358,1.58645,3.8450,0.9498,2.264,0.448
9.15,360,1.59715,3.8447,0.9640,2.229,0.449
9.15,362,1.60964,3.8442,0.9806,2.187,0.451
9.15,364,1.62323,3.8435,0.9985,2.141,0.453
9.15,366,1.63845,3.8423,1.0179,2.091,0.457
9.15,368,1.64989,3.8414,1.0330,2.053,0.460
9.15,370,1.66089,3.8402,1.0473,2.016,0.464
9.15,372,1.67350,3.8385,1.0632,1.975,0.470
9.15,374,1.68542,3.8367,1.0784,1.936,0.477
9.15,376,1.69651,3.8348,1.0922,1.900,0.484
9.15,378,1.70760,3.8327,1.1060,1.865,0.492
9.15,380,1.71850,3.8305,1.1195,1.830,0.500
9.15,382,1.72921,3.8281,1.1326,1.796,0.509
9.15,384,1.73960,3.8256,1.1452,1.764,0.519
9.15,386,1.75089,3.8228,1.1588,1.729,0.530
9.15,388,1.76199,3.8198,1.1722,1.694,0.541
9.15,390,1.77292,3.8171,1.1859,1.659,0.552
9.15,392,1.78377,3.8149,1.2007,1.622,0.561
9.15,394,1.79407,3.8142,1.2183,1.577,0.563
9.15,396,1.80091,3.8163,1.2360,1.533,0.554
9.15,398,1.80425,3.8198,1.2498,1.499,0.540
9.15,400,1.80603,3.8237,1.2610,1.472,0.524
9.15,402,1.80714,3.8276,1.2710,1.447,0.509
9.15,404,1.80787,3.8316,1.2805,1.424,0.492
9.15,406,1.80838,3.8355,1.2896,1.403,0.476
9.15,408,1.80876,3.8395,1.2987,1.381,0.460
9.15,410,1.80904,3.8434,1.3078,1.360,0.444
9.15,412,1.80926,3.8472,1.3170,1.338,0.428
9.15,414,1.80943,3.8509,1.3264,1.316,0.413
9.15,416,1.80956,3.8545,1.3359,1.294,0.398
9.15,418,1.80968,3.8579,1.3454,1.271,0.384
9.15,420,1.80977,3.8609,1.3544,1.250,0.372
9.15,422,1.80985,3.8634,1.3618,1.233,0.362
9.15,424,1.80992,3.8648,1.3651,1.226,0.356
9.15,426,1.80997,3.8646,1.3623,1.233,0.357
9.15,428,1.81002,3.8632,1.3546,1.252,0.363
9.15,430,1.81007,3.8608,1.3441,1.277,0.373
9.15,432,1.81012,3.8577,1.3343,1.299,0.386
9.15,434,1.81018,3.8541,1.3289,1.311,0.400
9.15,436,1.81026,3.8504,1.3316,1.302,0.415
9.15,438,1.81036,3.8471,1.3397,1.280,0.428
9.15,440,1.81049,3.8438,1.3474,1.259,0.441
9.15,442,1.81065,3.8402,1.3530,1.244,0.455
9.15,444,1.81087,3.8366,1.3570,1.233,0.470
9.15,446,1.81115,3.8328,1.3598,1.225,0.485
9.15,448,1.81152,3.8291,1.3618,1.219,0.500
9.15,450,1.81198,3.8254,1.3632,1.214,0.515
9.15,452,1.81253,3.8216,1.3642,1.211,0.530
9.15,454,1.81317,3.8179,1.3649,1.209,0.545
9.15,455,1.81390,3.8139,1.3654,1.207,0.561
9.15,456,1.81466,3.8099,1.3655,1.206,0.578
9.15,457,1.81542,3.8060,1.3653,1.207,0.594
9.15,458,1.81618,3.8020,1.3646,1.209,0.610
9.15,459,1.81693,3.7982,1.3632,1.214,0.626
9.15,460,1.81765,3.7944,1.3610,1.220,0.642
9.15,461,1.81833,3.7907,1.3579,1.229,0.658
9.15,462,1.81896,3.7870,1.3538,1.241,0.673
9.15,463,1.81955,3.7833,1.3486,1.255,0.689
9.15,464,1.82009,3.7797,1.3423,1.273,0.704
9.15,465,1.82058,3.7762,1.3350,1.293,0.719
9.15,466,1.82103,3.7728,1.3264,1.316,0.734
9.15,467,1.82145,3.7694,1.3168,1.343,0.748
9.15,468,1.82183,3.7662,1.3063,1.371,0.762
9.15,469,1.82218,3.7630,1.2949,1.402,0.776
9.15,470,1.82251,3.7599,1.2827,1.436,0.789
9.15,471,1.82282,3.7569,1.2698,1.471,0.802
9.15,472,1.82310,3.7540,1.2562,1.508,0.815
9.15,473,1.82336,3.7511,1.2422,1.546,0.827
9.15,474,1.82361,3.7484,1.2277,1.585,0.839
9.15,475,1.82385,3.7457,1.2129,1.625,0.851
9.15,476,1.82408,3.7431,1.1979,1.666,0.862
9.15,477,1.82430,3.7404,1.1827,1.708,0.874
9.15,478,1.82452,3.7378,1.1676,1.749,0.886
9.15,479,1.82474,3.7351,1.1526,1.790,0.898
9.15,480,1.82497,3.7323,1.1381,1.831,0.910
9.15,481,1.82521,3.7294,1.1242,1.870,0.923
9.15,482,1.82548,3.7262,1.1115,1.907,0.937
9.15,483,1.82578,3.7228,1.1011,1.939,0.953
9.15,484,1.82615,3.7190,1.0953,1.961,0.969
9.15,485,1.82655,3.7151,1.0970,1.964,0.985
9.15,486,1.82696,3.7118,1.1064,1.948,1.000
9.15,487,1.82733,3.7092,1.1203,1.919,1.012
9.15,488,1.82768,3.7071,1.1363,1.884,1.021
9.15,489,1.82801,3.7053,1.1532,1.845,1.030
9.15,490,1.82834,3.7038,1.1707,1.805,1.037
9.15,491,1.82867,3.7024,1.1885,1.764,1.044
9.15,492,1.82899,3.7011,1.2066,1.722,1.050
9.15,493,1.82931,3.6998,1.2248,1.679,1.056
9.15,494,1.82963,3.6987,1.2432,1.636,1.062
9.15,495,1.82995,3.6976,1.2617,1.593,1.067
9.15,496,1.83028,3.6965,1.2802,1.549,1.072
9.15,497,1.83060,3.6954,1.2989,1.506,1.078
9.15,498,1.83093,3.6944,1.3175,1.462,1.083
9.15,499,1.83126,3.6933,1.3362,1.418,1.088
9.15,500,1.83160,3.6923,1.3549,1.374,1.092
9.15,501,1.83194,3.6912,1.3737,1.330,1.097
9.15,502,1.83227,3.6902,1.3925,1.286,1.102
9.15,503,1.83262,3.6892,1.4113,1.242,1.107
9.15,504,1.83298,3.6881,1.4300,1.198,1.112
9.15,505,1.83333,3.6871,1.4488,1.154,1.117
9.15,506,1.83368,3.6860,1.4676,1.110,1.122
9.15,507,1.83402,3.6850,1.4865,1.066,1.127
9.15,508,1.83438,3.6839,1.5053,1.022,1.132
9.15,509,1.83473,3.6828,1.5242,0.979,1.137
9.15,510,1.83508,3.6817,1.5430,0.935,1.142
9.15,511,1.83544,3.6806,1.5619,0.891,1.148
9.15,512,1.83579,3.6795,1.5808,0.848,1.153
9.15,513,1.83615,3.6784,1.5996,0.804,1.159
9.15,514,1.83651,3.6773,1.6185,0.761,1.164
9.15,515,1.83687,3.6761,1.6374,0.717,1.170
9.15,516,1.83724,3.6750,1.6562,0.674,1.175
9.15,517,1.83761,3.6738,1.6750,0.631,1.181
9.15,518,1.83798,3.6727,1.6939,0.588,1.187
9.15,519,1.83835,3.6715,1.7127,0.545,1.193
9.15,520,1.83872,3.6703,1.7315,0.502,1.199
9.15,521,1.83910,3.6691,1.7503,0.459,1.205
9.15,522,1.83947,3.6679,1.7691,0.416,1.211
9.15,523,1.83986,3.6667,1.7879,0.374,1.217
9.15,524,1.84026,3.6655,1.8067,0.331,1.223
9.15,525,1.84068,3.6642,1.8254,0.289,1.230
9.15,526,1.84113,3.6630,1.8441,0.247,1.236
9.15,527,1.84160,3.6618,1.8628,0.205,1.243
9.15,528,1.84209,3.6606,1.8813,0.163,1.249
9.15,529,1.84262,3.6593,1.8998,0.122,1.256
9.15,530,1.84321,3.6581,1.9181,0.081,1.262
9.15,531,1.84379,3.6569,1.9364,0.041,1.269
9.15,532,1.84440,3.6556,1.9547,-0.000,1.275
9.15,533,1.84522,3.6545,1.9720,-0.038,1.282
9.15,534,1.84621,3.6549,1.9680,-0.030,1.279
9.15,535,1.84697,3.6560,1.9540,0.000,1.273
9.15,536,1.84778,3.6573,1.9383,0.034,1.267
9.15,537,1.84870,3.6573,1.9407,0.028,1.267
9.15,538,1.84958,3.6570,1.9459,0.016,1.268
9.15,539,1.85017,3.6558,1.9638,-0.024,1.274
9.15,540,1.85058,3.6545,1.9823,-0.064,1.281
9.15,541,1.85096,3.6532,2.0008,-0.105,1.289
9.15,542,1.85132,3.6519,2.0194,-0.146,1.296
9.15,543,1.85166,3.6505,2.0379,-0.187,1.303
9.15,544,1.85200,3.6492,2.0565,-0.227,1.311
9.15,545,1.85233,3.6478,2.0751,-0.268,1.318
9.15,546,1.85266,3.6465,2.0937,-0.308,1.326
9.15,547,1.85298,3.6451,2.1122,-0.348,1.334
9.15,548,1.85329,3.6437,2.1308,-0.388,1.341
9.15,549,1.85359,3.6424,2.1494,-0.429,1.349
9.15,550,1.85389,3.6410,2.1680,-0.468,1.357
9.15,551,1.85418,3.6395,2.1865,-0.508,1.365
9.15,552,1.85446,3.6381,2.2051,-0.548,1.374
9.15,553,1.85474,3.6367,2.2236,-0.587,1.382
9.15,554,1.85501,3.6352,2.2422,-0.626,1.391
9.15,555,1.85527,3.6338,2.2607,-0.665,1.399
9.15,556,1.85553,3.6323,2.2793,-0.704,1.408
9.15,557,1.85578,3.6309,2.2978,-0.743,1.417
9.15,558,1.85602,3.6294,2.3164,-0.782,1.426
9.15,559,1.85626,3.6280,2.3349,-0.820,1.436
9.15,560,1.85649,3.6265,2.3534,-0.858,1.445
9.15,561,1.85671,3.6249,2.3720,-0.896,1.454
9.15,562,1.85693,3.6234,2.3905,-0.934,1.464
9.15,563,1.85714,3.6219,2.4090,-0.972,1.473
9.15,564,1.85735,3.6204,2.4275,-1.010,1.483
9.15,565,1.85755,3.6189,2.4460,-1.047,1.493
9.15,566,1.85774,3.6173,2.4645,-1.085,1.502
9.15,567,1.85793,3.6158,2.4830,-1.122,1.513
9.15,568,1.85812,3.6142,2.5014,-1.158,1.523
9.15,569,1.85829,3.6126,2.5199,-1.195,1.534
9.15,570,1.85847,3.6110,2.5384,-1.232,1.544
9.15,571,1.85864,3.6095,2.5568,-1.268,1.555
9.15,572,1.85880,3.6079,2.5753,-1.303,1.567
9.15,573,1.85896,3.6062,2.5937,-1.338,1.579
9.15,574,1.85911,3.6046,2.6121,-1.373,1.591
9.15,575,1.85926,3.6030,2.6305,-1.407,1.604
9.15,576,1.85941,3.6014,2.6489,-1.441,1.617
9.15,577,1.85955,3.5997,2.6672,-1.474,1.631
9.15,578,1.85969,3.5981,2.6856,-1.508,1.643
9.15,579,1.85982,3.5964,2.7039,-1.541,1.656
9.15,580,1.85995,3.5947,2.7223,-1.575,1.669
9.15,581,1.86008,3.5930,2.7406,-1.608,1.682
9.15,582,1.86021,3.5914,2.7589,-1.640,1.696
9.15,583,1.86033,3.5897,2.7772,-1.673,1.709
9.15,584,1.86045,3.5880,2.7955,-1.705,1.723
9.15,585,1.86056,3.5863,2.8137,-1.736,1.737
9.15,586,1.86068,3.5846,2.8320,-1.767,1.753
9.15,587,1.86079,3.5829,2.8503,-1.798,1.768
9.15,588,1.86089,3.5812,2.8684,-1.827,1.785
9.15,589,1.86100,3.5795,2.8867,-1.857,1.803
9.15,590,1.86110,3.5777,2.9049,-1.885,1.822
9.15,591,1.86120,3.5760,2.9231,-1.912,1.842
9.15,592,1.86129,3.5743,2.9412,-1.939,1.864
9.15,593,1.86138,3.5725,2.9594,-1.965,1.886
9.15,594,1.86147,3.5708,2.9776,-1.989,1.911
9.15,595,1.86156,3.5690,2.9957,-2.014,1.935
9.15,596,1.86165,3.5673,3.0139,-2.038,1.960
9.15,597,1.86173,3.5655,3.0321,-2.062,1.985
9.15,598,1.86181,3.5637,3.0503,-2.084,2.012
9.15,599,1.86189,3.5619,3.0684,-2.107,2.039
9.15,600,1.86197,3.5602,3.0866,-2.128,2.067
9.15,601,1.86205,3.5584,3.1048,-2.150,2.096
9.15,602,1.86212,3.5566,3.1229,-2.170,2.125
9.15,603,1.86219,3.5547,3.1410,-2.189,2.156
9.15,604,1.86227,3.5529,3.1590,-2.208,2.188
9.15,605,1.86234,3.5512,3.1763,-2.225,2.219
9.15,606,1.86234,3.5514,3.1741,-2.223,2.215
9.15,607,1.86234,3.5514,3.1742,-2.223,2.215
9.15,608,1.86234,3.5514,3.1742,-2.223,2.215
9.15,609,1.86234,3.5514,3.1740,-2.223,2.215
9.15,610,1.86234,3.5531,3.1581,-2.208,2.185
9.15,611,1.86234,3.5590,3.1026,-2.152,2.086
9.15,612,1.86234,3.5648,3.0461,-2.087,1.996
9.15,613,1.86234,3.5705,2.9893,-2.016,1.914
9.15,614,1.86234,3.5762,2.9325,-1.939,1.839
9.15,615,1.86234,3.5820,2.8756,-1.853,1.778
9.15,616,1.86234,3.5876,2.8186,-1.759,1.727
9.15,617,1.86234,3.5931,2.7614,-1.660,1.682
9.15,618,1.86234,3.5986,2.7041,-1.558,1.640
9.15,619,1.86234,3.6040,2.6468,-1.455,1.596
9.15,620,1.86234,3.6094,2.5894,-1.349,1.556
9.15,621,1.86234,3.6147,2.5318,-1.238,1.520
9.15,622,1.86234,3.6199,2.4742,-1.124,1.486
9.15,623,1.86234,3.6251,2.4164,-1.008,1.454
9.15,624,1.86235,3.6302,2.3585,-0.891,1.422
9.15,625,1.86235,3.6352,2.3005,-0.772,1.392
9.15,626,1.86235,3.6401,2.2424,-0.651,1.362
9.15,627,1.86235,3.6451,2.1845,-0.529,1.334
9.15,628,1.86235,3.6499,2.1262,-0.405,1.307
9.15,629,1.86236,3.6548,2.0681,-0.280,1.281
9.15,630,1.86236,3.6597,2.0099,-0.155,1.255
9.15,631,1.86237,3.6646,1.9525,-0.030,1.230
9.15,632,1.86238,3.6659,1.9386,-0.000,1.223
9.15,633,1.86238,3.6670,1.9246,0.030,1.217
9.15,634,1.86238,3.6682,1.9110,0.060,1.211
9.15,635,1.86239,3.6692,1.8973,0.091,1.206
9.15,636,1.86239,3.6701,1.8835,0.122,1.201
9.15,637,1.86241,3.6710,1.8695,0.154,1.197
9.15,638,1.86243,3.6717,1.8555,0.186,1.193
9.15,639,1.86247,3.6724,1.8414,0.219,1.189
9.15,640,1.86260,3.6739,1.8293,0.244,1.182
9.15,641,1.86281,3.6752,1.8154,0.274,1.176
9.15,642,1.86309,3.6764,1.8013,0.306,1.170
9.15,643,1.86341,3.6775,1.7871,0.338,1.165
9.15,644,1.86378,3.6784,1.7730,0.370,1.160
9.15,645,1.86417,3.6795,1.7594,0.400,1.155
9.15,646,1.86479,3.6807,1.7459,0.430,1.149
9.15,647,1.86545,3.6817,1.7329,0.459,1.144
9.15,648,1.86651,3.6828,1.7202,0.488,1.139
9.15,649,1.86791,3.6837,1.7086,0.514,1.134
9.15,650,1.86930,3.6845,1.6985,0.537,1.131
9.15,651,1.87257,3.6841,1.7037,0.525,1.133
9.15,652,1.87716,3.6840,1.7109,0.507,1.133
9.15,653,1.88287,3.6841,1.7183,0.488,1.133
9.15,654,1.89213,3.6843,1.7296,0.460,1.132
9.15,655,1.90959,3.6845,1.7516,0.404,1.131
9.15,656,1.92187,3.6845,1.7673,0.364,1.131
9.15,657,1.92353,3.6841,1.7719,0.354,1.133
9.15,658,1.92559,3.6838,1.7766,0.343,1.135
9.15,659,1.92685,3.6835,1.7797,0.336,1.136
9.15,660,1.92793,3.6830,1.7859,0.323,1.138
9.15,661,1.92887,3.6824,1.7922,0.309,1.141
9.15,662,1.92981,3.6820,1.7966,0.299,1.143
9.15,663,1.93047,3.6821,1.7966,0.299,1.143
9.15,664,1.93120,3.6816,1.8012,0.289,1.145
9.15,665,1.93178,3.6809,1.8082,0.273,1.148
9.15,666,1.93231,3.6808,1.8105,0.268,1.149
9.15,667,1.93267,3.6809,1.8094,0.270,1.148
9.15,668,1.93323,3.6804,1.8142,0.260,1.150
9.15,669,1.93363,3.6798,1.8208,0.246,1.153
9.15,670,1.93399,3.6792,1.8275,0.231,1.156
9.15,671,1.93432,3.6785,1.8343,0.216,1.159
9.15,672,1.93463,3.6779,1.8412,0.201,1.163
9.15,673,1.93490,3.6773,1.8480,0.186,1.166
9.15,674,1.93510,3.6769,1.8523,0.176,1.167
9.15,675,1.93531,3.6766,1.8565,0.167,1.169
9.15,676,1.93554,3.6759,1.8633,0.152,1.172
9.15,677,1.93576,3.6755,1.8684,0.141,1.174
9.15,678,1.93586,3.6759,1.8654,0.147,1.173
9.15,679,1.93596,3.6762,1.8614,0.156,1.171
9.15,680,1.93606,3.6767,1.8567,0.166,1.169
9.15,681,1.93628,3.6768,1.8542,0.172,1.168
9.15,682,1.93647,3.6762,1.8608,0.157,1.171
9.15,683,1.93664,3.6756,1.8677,0.142,1.174
9.15,684,1.93679,3.6750,1.8746,0.127,1.177
9.15,685,1.93692,3.6744,1.8816,0.111,1.180
9.15,686,1.93703,3.6738,1.8887,0.096,1.183
9.15,687,1.93714,3.6731,1.8957,0.080,1.186
9.15,688,1.93723,3.6725,1.9029,0.065,1.189
9.15,689,1.93731,3.6719,1.9100,0.049,1.192
9.15,690,1.93738,3.6713,1.9172,0.033,1.196
9.15,691,1.93744,3.6707,1.9244,0.018,1.199
9.15,692,1.93750,3.6700,1.9316,0.002,1.202
9.15,693,1.93755,3.6694,1.9388,-0.014,1.205
9.15,694,1.93759,3.6688,1.9460,-0.030,1.208
9.15,695,1.93763,3.6682,1.9532,-0.046,1.211
9.15,696,1.93766,3.6676,1.9603,-0.061,1.214
9.15,697,1.93769,3.6670,1.9675,-0.077,1.217
9.15,698,1.93771,3.6664,1.9747,-0.093,1.221
9.15,699,1.93774,3.6658,1.9819,-0.108,1.224
9.15,700,1.93776,3.6652,1.9890,-0.124,1.227
9.15,701,1.93778,3.6646,1.9961,-0.139,1.230
9.15,702,1.93779,3.6640,2.0032,-0.155,1.233
9.15,703,1.93781,3.6634,2.0103,-0.170,1.236
9.15,704,1.93782,3.6628,2.0173,-0.186,1.239
9.15,705,1.93783,3.6622,2.0244,-0.201,1.242
9.15,706,1.93784,3.6616,2.0314,-0.216,1.245
9.15,707,1.93785,3.6610,2.0383,-0.231,1.248
9.20,202,0.10123,3.4611,-2.9919,13.772,3.585
9.20,204,0.10987,3.4671,-2.9167,13.508,3.453
9.20,206,0.11841,3.4731,-2.8423,13.250,3.323
9.20,208,0.12681,3.4790,-2.7691,12.999,3.198
9.20,210,0.13556,3.4851,-2.6928,12.742,3.069
9.20,212,0.14430,3.4912,-2.6167,12.486,2.944
9.20,214,0.16055,3.4981,-2.5158,12.163,2.808
9.20,216,0.19267,3.5071,-2.3597,11.683,2.647
9.20,218,0.20930,3.5114,-2.2894,11.467,2.579
9.20,220,0.22167,3.5144,-2.2432,11.324,2.535
9.20,222,0.23410,3.5174,-2.1966,11.181,2.493
9.20,224,0.24606,3.5203,-2.1518,11.045,2.455
9.20,226,0.26319,3.5244,-2.0951,10.870,2.404
9.20,228,0.28135,3.5288,-2.0372,10.693,2.354
9.20,230,0.29935,3.5331,-1.9794,10.518,2.308
9.20,232,0.30889,3.5356,-1.9499,10.426,2.281
9.20,234,0.31150,3.5363,-1.9418,10.401,2.274
9.20,236,0.31322,3.5367,-1.9367,10.385,2.269
9.20,238,0.31496,3.5372,-1.9315,10.369,2.264
9.20,240,0.31677,3.5376,-1.9261,10.353,2.260
9.20,242,0.31855,3.5381,-1.9210,10.337,2.255
9.20,244,0.32190,3.5389,-1.9110,10.306,2.247
9.20,246,0.32986,3.5407,-1.8877,10.235,2.227
9.20,248,0.34336,3.5437,-1.8459,10.110,2.196
9.20,250,0.35245,3.5457,-1.8207,10.032,2.174
9.20,252,0.36096,3.5470,-1.7864,9.939,2.162
9.20,254,0.36714,3.5481,-1.7671,9.884,2.151
9.20,256,0.37350,3.5493,-1.7495,9.831,2.138
9.20,258,0.38039,3.5506,-1.7321,9.779,2.125
9.20,260,0.40427,3.5551,-1.6710,9.595,2.078
9.20,262,0.44877,3.5638,-1.5547,9.246,1.992
9.20,264,0.47715,3.5702,-1.4762,9.009,1.932
9.20,266,0.50401,3.5765,-1.4012,8.785,1.875
9.20,268,0.53353,3.5845,-1.3156,8.526,1.808
9.20,270,0.55954,3.5919,-1.2397,8.297,1.748
9.20,272,0.58096,3.5987,-1.1765,8.104,1.695
9.20,274,0.60268,3.6059,-1.1122,7.906,1.640
9.20,276,0.61825,3.6125,-1.0658,7.756,1.589
9.20,278,0.63476,3.6196,-1.0165,7.597,1.537
9.20,280,0.65076,3.6265,-0.9686,7.444,1.488
9.20,282,0.66648,3.6333,-0.9215,7.293,1.440
9.20,284,0.68297,3.6404,-0.8721,7.136,1.392
9.20,286,0.69830,3.6470,-0.8260,6.990,1.348
9.20,288,0.71807,3.6553,-0.7738,6.824,1.297
9.20,290,0.73732,3.6634,-0.7234,6.666,1.249
9.20,292,0.75605,3.6712,-0.6743,6.514,1.205
9.20,294,0.77505,3.6791,-0.6244,6.362,1.162
9.20,296,0.79358,3.6869,-0.5756,6.216,1.123
9.20,298,0.81199,3.6946,-0.5271,6.072,1.084
9.20,300,0.83002,3.7022,-0.4793,5.933,1.047
9.20,302,0.84806,3.7098,-0.4315,5.796,1.011
9.20,304,0.86547,3.7171,-0.3852,5.665,0.979
9.20,306,0.88315,3.7246,-0.3380,5.533,0.947
9.20,308,0.90067,3.7319,-0.2913,5.405,0.915
9.20,310,0.91770,3.7370,-0.2522,5.300,0.893
9.20,312,0.93578,3.7425,-0.2105,5.189,0.869
9.20,314,0.95337,3.7478,-0.1698,5.081,0.847
9.20,316,0.96995,3.7527,-0.1313,4.980,0.826
9.20,318,0.99012,3.7585,-0.0853,4.861,0.802
9.20,320,1.01098,3.7639,-0.0389,4.741,0.779
9.20,322,1.02630,3.7678,-0.0052,4.655,0.763
9.20,324,1.03896,3.7709,0.0224,4.584,0.750
9.20,326,1.05504,3.7747,0.0571,4.496,0.734
9.20,328,1.07426,3.7791,0.0980,4.393,0.716
9.20,330,1.09422,3.7835,0.1403,4.286,0.698
9.20,332,1.12243,3.7896,0.1992,4.138,0.673
9.20,334,1.13879,3.7931,0.2328,4.054,0.659
9.20,336,1.16418,3.7982,0.2841,3.927,0.638
9.20,338,1.19737,3.8046,0.3496,3.765,0.612
9.20,340,1.26651,3.8169,0.4795,3.442,0.563
9.20,342,1.30894,3.8236,0.5543,3.253,0.537
9.20,344,1.34347,3.8284,0.6121,3.108,0.518
9.20,346,1.37212,3.8316,0.6578,2.994,0.505
9.20,348,1.40995,3.8349,0.7158,2.849,0.492
9.20,350,1.43974,3.8365,0.7600,2.739,0.484
9.20,352,1.47027,3.8375,0.8039,2.628,0.480
9.20,353,1.48720,3.8377,0.8278,2.568,0.479
9.20,354,1.49339,3.8377,0.8367,2.546,0.478
9.20,356,1.50637,3.8377,0.8550,2.499,0.478
9.20,358,1.51983,3.8374,0.8738,2.452,0.479
9.20,360,1.53196,3.8370,0.8905,2.410,0.480
9.20,362,1.54345,3.8365,0.9063,2.370,0.481
9.20,364,1.55360,3.8359,0.9199,2.335,0.484
9.20,366,1.56505,3.8352,0.9357,2.295,0.486
9.20,368,1.57827,3.8341,0.9536,2.249,0.490
9.20,370,1.58872,3.8330,0.9672,2.214,0.494
9.20,372,1.59873,3.8317,0.9806,2.180,0.498
9.20,374,1.61037,3.8302,0.9959,2.141,0.504
9.20,376,1.62225,3.8285,1.0113,2.102,0.510
9.20,378,1.63535,3.8263,1.0283,2.058,0.519
9.20,380,1.64629,3.8242,1.0420,2.023,0.526
9.20,382,1.65608,3.8222,1.0544,1.991,0.534
9.20,384,1.66651,3.8199,1.0673,1.958,0.543
9.20,386,1.67723,3.8173,1.0803,1.925,0.553
9.20,388,1.68742,3.8148,1.0930,1.893,0.563
9.20,390,1.69744,3.8125,1.1057,1.860,0.572
9.20,392,1.70791,3.8104,1.1201,1.824,0.580
9.20,394,1.71835,3.8092,1.1374,1.781,0.585
9.20,396,1.72591,3.8102,1.1555,1.735,0.580
9.20,398,1.72970,3.8128,1.1703,1.698,0.569
9.20,400,1.73170,3.8160,1.1826,1.667,0.556
9.20,402,1.73285,3.8194,1.1933,1.641,0.543
9.20,404,1.73360,3.8230,1.2032,1.617,0.528
9.20,406,1.73412,3.8266,1.2127,1.594,0.514
9.20,408,1.73448,3.8301,1.2220,1.571,0.499
9.20,410,1.73476,3.8337,1.2313,1.549,0.485
9.20,412,1.73496,3.8372,1.2405,1.527,0.470
9.20,414,1.73512,3.8407,1.2498,1.505,0.456
9.20,416,1.73525,3.8441,1.2590,1.483,0.442
9.20,418,1.73535,3.8473,1.2681,1.461,0.429
9.20,420,1.73544,3.8502,1.2768,1.440,0.417
9.20,422,1.73551,3.8526,1.2842,1.423,0.407
9.20,424,1.73558,3.8541,1.2882,1.413,0.401
9.20,426,1.73563,3.8542,1.2867,1.417,0.401
9.20,428,1.73568,3.8531,1.2806,1.432,0.405
9.20,430,1.73573,3.8510,1.2711,1.455,0.414
9.20,432,1.73578,3.8482,1.2618,1.478,0.426
9.20,434,1.73583,3.8449,1.2557,1.491,0.439
9.20,436,1.73591,3.8414,1.2570,1.487,0.453
9.20,438,1.73600,3.8383,1.2642,1.467,0.465
9.20,440,1.73612,3.8352,1.2717,1.447,0.478
9.20,442,1.73628,3.8319,1.2773,1.432,0.490
9.20,444,1.73649,3.8286,1.2814,1.421,0.504
9.20,446,1.73678,3.8252,1.2843,1.413,0.517
9.20,448,1.73718,3.8218,1.2864,1.407,0.531
9.20,450,1.73769,3.8184,1.2879,1.402,0.544
9.20,452,1.73832,3.8150,1.2891,1.399,0.558
9.20,454,1.73905,3.8117,1.2901,1.396,0.572
9.20,455,1.73994,3.8079,1.2909,1.394,0.587
9.20,456,1.74090,3.8041,1.2914,1.393,0.602
9.20,457,1.74186,3.8005,1.2914,1.394,0.618
9.20,458,1.74279,3.7968,1.2905,1.397,0.633
9.20,459,1.74365,3.7932,1.2888,1.402,0.648
9.20,460,1.74445,3.7896,1.2861,1.410,0.663
9.20,461,1.74518,3.7860,1.2823,1.420,0.678
9.20,462,1.74586,3.7825,1.2775,1.434,0.693
9.20,463,1.74647,3.7790,1.2714,1.451,0.708
9.20,464,1.74704,3.7755,1.2642,1.471,0.722
9.20,465,1.74756,3.7721,1.2558,1.494,0.737
9.20,466,1.74803,3.7688,1.2463,1.520,0.751
9.20,467,1.74846,3.7655,1.2358,1.549,0.765
9.20,468,1.74885,3.7623,1.2243,1.580,0.779
9.20,469,1.74921,3.7592,1.2120,1.614,0.792
9.20,470,1.74955,3.7562,1.1989,1.649,0.805
9.20,471,1.74986,3.7533,1.1853,1.686,0.818
9.20,472,1.75015,3.7504,1.1711,1.725,0.830
9.20,473,1.75042,3.7476,1.1565,1.764,0.843
9.20,474,1.75069,3.7449,1.1416,1.805,0.855
9.20,475,1.75094,3.7422,1.1266,1.846,0.866
9.20,476,1.75120,3.7394,1.1115,1.887,0.878
9.20,477,1.75145,3.7367,1.0965,1.929,0.891
9.20,478,1.75171,3.7339,1.0817,1.970,0.903
9.20,479,1.75198,3.7309,1.0676,2.009,0.916
9.20,480,1.75228,3.7278,1.0545,2.047,0.930
9.20,481,1.75262,3.7244,1.0431,2.081,0.945
9.20,482,1.75303,3.7208,1.0350,2.109,0.961
9.20,483,1.75351,3.7169,1.0326,2.122,0.978
9.20,484,1.75402,3.7132,1.0381,2.116,0.994
9.20,485,1.75451,3.7102,1.0500,2.092,1.007
9.20,486,1.75497,3.7079,1.0652,2.060,1.017
9.20,487,1.75539,3.7060,1.0818,2.022,1.026
9.20,488,1.75580,3.7044,1.0994,1.982,1.034
9.20,489,1.75621,3.7029,1.1173,1.941,1.041
9.20,490,1.75661,3.7016,1.1356,1.898,1.047
9.20,491,1.75702,3.7004,1.1541,1.855,1.053
9.20,492,1.75742,3.6993,1.1727,1.811,1.058
9.20,493,1.75783,3.6982,1.1915,1.767,1.064
9.20,494,1.75822,3.6971,1.2104,1.723,1.069
9.20,495,1.75863,3.6961,1.2293,1.678,1.074
9.20,496,1.75904,3.6951,1.2483,1.633,1.079
9.20,497,1.75947,3.6941,1.2672,1.589,1.084
9.20,498,1.75989,3.6931,1.2863,1.544,1.089
9.20,499,1.76031,3.6920,1.3054,1.499,1.093
9.20,500,1.76076,3.6911,1.3244,1.454,1.098
9.20,501,1.76121,3.6901,1.3434,1.409,1.103
9.20,502,1.76165,3.6891,1.3625,1.364,1.107
9.20,503,1.76208,3.6881,1.3817,1.319,1.112
9.20,504,1.76251,3.6870,1.4009,1.274,1.117
9.20,505,1.76295,3.6860,1.4201,1.229,1.122
9.20,506,1.76338,3.6850,1.4393,1.184,1.127
9.20,507,1.76384,3.6839,1.4584,1.140,1.132
9.20,508,1.76428,3.6829,1.4776,1.095,1.137
9.20,509,1.76474,3.6818,1.4968,1.050,1.142
9.20,510,1.76521,3.6807,1.5159,1.006,1.147
9.20,511,1.76568,3.6796,1.5351,0.962,1.152
9.20,512,1.76616,3.6785,1.5542,0.917,1.158
9.20,513,1.76663,3.6774,1.5734,0.873,1.163
9.20,514,1.76711,3.6763,1.5925,0.829,1.169
9.20,515,1.76759,3.6752,1.6117,0.785,1.174
9.20,516,1.76808,3.6740,1.6308,0.741,1.180
9.20,517,1.76857,3.6729,1.6499,0.697,1.186
9.20,518,1.76908,3.6718,1.6690,0.653,1.192
9.20,519,1.76961,3.6706,1.6880,0.609,1.197
9.20,520,1.77016,3.6695,1.7070,0.566,1.203
9.20,521,1.77072,3.6683,1.7260,0.523,1.209
9.20,522,1.77130,3.6671,1.7449,0.480,1.215
9.20,523,1.77191,3.6659,1.7638,0.437,1.221
9.20,524,1.77250,3.6647,1.7827,0.394,1.227
9.20,525,1.77310,3.6635,1.8016,0.351,1.233
9.20,526,1.77376,3.6624,1.8203,0.309,1.239
9.20,527,1.77445,3.6612,1.8390,0.267,1.246
9.20,528,1.77520,3.6600,1.8576,0.225,1.252
9.20,529,1.77609,3.6589,1.8751,0.186,1.258
9.20,530,1.77744,3.6582,1.8881,0.156,1.262
9.20,531,1.77888,3.6591,1.8788,0.176,1.257
9.20,532,1.78011,3.6582,1.8943,0.141,1.262
9.20,533,1.78062,3.6570,1.9127,0.100,1.268
9.20,534,1.78106,3.6557,1.9313,0.058,1.275
9.20,535,1.78145,3.6544,1.9500,0.017,1.282
9.20,536,1.78181,3.6531,1.9687,-0.024,1.289
9.20,537,1.78216,3.6517,1.9875,-0.065,1.297
9.20,538,1.78250,3.6504,2.0062,-0.107,1.304
9.20,539,1.78284,3.6490,2.0250,-0.148,1.312
9.20,540,1.78316,3.6477,2.0438,-0.189,1.319
9.20,541,1.78348,3.6463,2.0626,-0.230,1.327
9.20,542,1.78379,3.6450,2.0814,-0.271,1.334
9.20,543,1.78409,3.6436,2.1001,-0.311,1.342
9.20,544,1.78438,3.6422,2.1189,-0.352,1.350
9.20,545,1.78467,3.6408,2.1377,-0.392,1.358
9.20,546,1.78495,3.6394,2.1565,-0.433,1.366
9.20,547,1.78521,3.6380,2.1753,-0.472,1.374
9.20,548,1.78548,3.6365,2.1941,-0.512,1.383
9.20,549,1.78573,3.6351,2.2129,-0.552,1.391
9.20,550,1.78598,3.6336,2.2316,-0.592,1.400
9.20,551,1.78622,3.6322,2.2504,-0.631,1.409
9.20,552,1.78646,3.6307,2.2692,-0.670,1.418
9.20,553,1.78668,3.6292,2.2880,-0.709,1.427
9.20,554,1.78691,3.6277,2.3068,-0.748,1.437
9.20,555,1.78712,3.6263,2.3255,-0.787,1.446
9.20,556,1.78733,3.6247,2.3443,-0.826,1.456
9.20,557,1.78753,3.6232,2.3631,-0.864,1.465
9.20,558,1.78773,3.6217,2.3818,-0.903,1.475
9.20,559,1.78792,3.6202,2.4006,-0.941,1.484
9.20,560,1.78810,3.6186,2.4193,-0.979,1.494
9.20,561,1.78828,3.6171,2.4381,-1.017,1.504
9.20,562,1.78845,3.6155,2.4568,-1.055,1.514
9.20,563,1.78862,3.6139,2.4755,-1.092,1.525
9.20,564,1.78878,3.6123,2.4943,-1.129,1.536
9.20,565,1.78894,3.6107,2.5130,-1.166,1.546
9.20,566,1.78910,3.6091,2.5317,-1.202,1.558
9.20,567,1.78925,3.6075,2.5504,-1.239,1.569
9.20,568,1.78939,3.6059,2.5690,-1.274,1.581
9.20,569,1.78953,3.6043,2.5877,-1.309,1.594
9.20,570,1.78967,3.6026,2.6064,-1.344,1.607
9.20,571,1.78980,3.6009,2.6250,-1.378,1.620
9.20,572,1.78993,3.5993,2.6437,-1.412,1.634
9.20,573,1.79005,3.5976,2.6623,-1.446,1.647
9.20,574,1.79017,3.5959,2.6809,-1.480,1.660
9.20,575,1.79029,3.5942,2.6995,-1.514,1.673
9.20,576,1.79040,3.5925,2.7181,-1.547,1.686
9.20,577,1.79051,3.5909,2.7368,-1.581,1.700
9.20,578,1.79062,3.5891,2.7554,-1.614,1.714
9.20,579,1.79072,3.5874,2.7739,-1.646,1.728
9.20,580,1.79083,3.5857,2.7925,-1.678,1.743
9.20,581,1.79092,3.5840,2.8111,-1.709,1.758
9.20,582,1.79102,3.5823,2.8296,-1.740,1.775
9.20,583,1.79111,3.5805,2.8482,-1.770,1.792
9.20,584,1.79120,3.5788,2.8667,-1.800,1.811
9.20,585,1.79129,3.5770,2.8852,-1.828,1.831
9.20,586,1.79138,3.5753,2.9037,-1.856,1.852
9.20,587,1.79146,3.5735,2.9222,-1.882,1.874
9.20,588,1.79154,3.5717,2.9407,-1.908,1.898
9.20,589,1.79162,3.5699,2.9591,-1.933,1.923
9.20,590,1.79169,3.5682,2.9776,-1.958,1.947
9.20,591,1.79177,3.5664,2.9961,-1.982,1.973
9.20,592,1.79184,3.5646,3.0145,-2.005,2.000
9.20,593,1.79191,3.5628,3.0330,-2.028,2.027
9.20,594,1.79198,3.5610,3.0514,-2.051,2.055
9.20,595,1.79204,3.5592,3.0699,-2.073,2.084
9.20,596,1.79211,3.5573,3.0883,-2.094,2.113
9.20,597,1.79217,3.5555,3.1067,-2.114,2.144
9.20,598,1.79223,3.5536,3.1251,-2.133,2.176
9.20,599,1.79229,3.5518,3.1435,-2.151,2.209
9.20,600,1.79235,3.5500,3.1619,-2.169,2.243
9.20,601,1.79241,3.5481,3.1802,-2.185,2.279
9.20,602,1.79246,3.5462,3.1986,-2.201,2.317
9.20,603,1.79252,3.5444,3.2170,-2.215,2.356
9.20,604,1.79257,3.5425,3.2353,-2.227,2.399
9.20,605,1.79263,3.5407,3.2536,-2.237,2.445
9.20,606,1.79264,3.5409,3.2512,-2.236,2.438
9.20,607,1.79264,3.5409,3.2512,-2.236,2.438
9.20,608,1.79264,3.5420,3.2408,-2.231,2.411
9.20,609,1.79264,3.5507,3.1592,-2.174,2.230
9.20,610,1.79264,3.5596,3.0746,-2.090,2.076
9.20,611,1.79264,3.5683,2.9895,-1.990,1.945
9.20,612,1.79264,3.5769,2.9042,-1.875,1.831
9.20,613,1.79264,3.5854,2.8187,-1.742,1.745
9.20,614,1.79264,3.5938,2.7330,-1.595,1.676
9.20,615,1.79264,3.6020,2.6470,-1.442,1.612
9.20,616,1.79264,3.6101,2.5608,-1.282,1.551
9.20,617,1.79264,3.6180,2.4743,-1.113,1.498
9.20,618,1.79264,3.6258,2.3876,-0.940,1.450
9.20,619,1.79264,3.6335,2.3008,-0.764,1.402
9.20,620,1.79264,3.6410,2.2138,-0.583,1.358
9.20,621,1.79265,3.6484,2.1266,-0.399,1.316
9.20,622,1.79265,3.6558,2.0395,-0.213,1.275
9.20,623,1.79266,3.6634,1.9525,-0.026,1.236
9.20,624,1.79267,3.6712,1.8660,0.162,1.196
9.20,625,1.79269,3.6784,1.7786,0.355,1.160
9.20,626,1.79272,3.6827,1.7042,0.528,1.139
9.20,627,1.79280,3.6794,1.7255,0.485,1.155
9.20,628,1.79284,3.6749,1.7877,0.345,1.177
9.20,629,1.79289,3.6766,1.7726,0.377,1.169
9.20,630,1.79299,3.6766,1.7649,0.396,1.169
9.20,631,1.79307,3.6783,1.7503,0.427,1.160
9.20,632,1.79307,3.6783,1.7501,0.427,1.160
9.20,633,1.79307,3.6783,1.7500,0.427,1.160
9.20,634,1.79307,3.6783,1.7500,0.428,1.160
9.20,635,1.79307,3.6783,1.7500,0.428,1.160
9.20,636,1.79307,3.6783,1.7500,0.428,1.160
9.20,637,1.79307,3.6783,1.7500,0.428,1.160
9.20,638,1.79307,3.6783,1.7500,0.428,1.160
9.20,639,1.79307,3.6783,1.7500,0.428,1.160
9.20,640,1.79307,3.6783,1.7500,0.428,1.160
9.20,641,1.79307,3.6783,1.7500,0.428,1.160
9.20,642,1.79307,3.6783,1.7500,0.428,1.160
9.20,643,1.79307,3.6783,1.7500,0.428,1.160
9.20,644,1.79307,3.6783,1.7500,0.428,1.160
9.20,645,1.79307,3.6783,1.7500,0.428,1.160
9.20,646,1.79307,3.6783,1.7500,0.428,1.160
9.20,647,1.79307,3.6783,1.7499,0.428,1.160
9.20,648,1.79307,3.6783,1.7499,0.428,1.160
9.20,649,1.79307,3.6783,1.7499,0.428,1.160
9.20,650,1.79307,3.6783,1.7499,0.428,1.160
9.20,651,1.79307,3.6783,1.7499,0.428,1.160
9.20,652,1.79307,3.6783,1.7499,0.428,1.160
9.20,653,1.79307,3.6783,1.7499,0.428,1.160
9.20,654,1.79307,3.6783,1.7498,0.428,1.160
9.20,655,1.79308,3.6783,1.7497,0.428,1.160
9.20,656,1.79308,3.6784,1.7494,0.429,1.160
9.20,657,1.79308,3.6787,1.7445,0.440,1.158
9.20,658,1.79310,3.6793,1.7377,0.455,1.156
9.20,659,1.79314,3.6800,1.7284,0.476,1.152
9.20,660,1.79334,3.6805,1.7223,0.490,1.150
9.20,661,1.79394,3.6797,1.7320,0.468,1.153
9.20,662,1.79532,3.6791,1.7407,0.448,1.156
9.20,663,1.80016,3.6800,1.7403,0.446,1.152
9.20,664,1.81171,3.6813,1.7482,0.422,1.146
9.20,665,1.82147,3.6823,1.7556,0.401,1.141
9.20,666,1.82436,3.6822,1.7606,0.388,1.142
9.20,667,1.82786,3.6823,1.7653,0.376,1.142
9.20,668,1.83062,3.6821,1.7708,0.363,1.142
9.20,669,1.83288,3.6819,1.7752,0.353,1.143
9.20,670,1.83460,3.6817,1.7793,0.343,1.144
9.20,671,1.83604,3.6811,1.7868,0.326,1.147
9.20,672,1.83724,3.6804,1.7948,0.309,1.151
9.20,673,1.83846,3.6797,1.8022,0.292,1.154
9.20,674,1.83918,3.6789,1.8106,0.274,1.158
9.20,675,1.83992,3.6790,1.8110,0.273,1.157
9.20,676,1.84020,3.6782,1.8188,0.256,1.161
9.20,677,1.84045,3.6774,1.8270,0.238,1.165
9.20,678,1.84087,3.6768,1.8344,0.221,1.168
9.20,679,1.84122,3.6764,1.8392,0.211,1.170
9.20,680,1.84149,3.6771,1.8320,0.226,1.166
9.20,681,1.84173,3.6779,1.8251,0.241,1.163
9.20,682,1.84219,3.6783,1.8203,0.252,1.161
9.20,683,1.84261,3.6775,1.8284,0.234,1.164
9.20,684,1.84296,3.6767,1.8377,0.214,1.169
9.20,685,1.84327,3.6758,1.8472,0.193,1.173
9.20,686,1.84353,3.6749,1.8569,0.172,1.178
9.20,687,1.84377,3.6740,1.8668,0.150,1.182
9.20,688,1.84397,3.6730,1.8769,0.128,1.187
9.20,689,1.84415,3.6722,1.8861,0.108,1.191
9.20,690,1.84427,3.6718,1.8915,0.096,1.193
9.20,691,1.84438,3.6714,1.8960,0.086,1.195
9.20,692,1.84452,3.6706,1.9046,0.067,1.199
9.20,693,1.84463,3.6697,1.9148,0.045,1.204
9.20,694,1.84473,3.6688,1.9250,0.023,1.208
9.20,695,1.84481,3.6679,1.9354,0.000,1.213
9.20,696,1.84488,3.6669,1.9458,-0.023,1.218
9.20,697,1.84493,3.6660,1.9563,-0.045,1.222
9.20,698,1.84498,3.6651,1.9668,-0.068,1.227
9.20,699,1.84501,3.6642,1.9773,-0.091,1.232
9.20,700,1.84504,3.6633,1.9878,-0.114,1.236
9.20,701,1.84507,3.6624,1.9983,-0.137,1.241
9.20,702,1.84509,3.6615,2.0088,-0.159,1.246
9.20,703,1.84511,3.6606,2.0193,-0.182,1.250
9.20,704,1.84512,3.6597,2.0297,-0.205,1.255
9.20,705,1.84513,3.6588,2.0401,-0.227,1.260
9.20,706,1.84514,3.6579,2.0504,-0.249,1.264
9.20,707,1.84515,3.6571,2.0606,-0.271,1.269
9.25,204,0.10000,3.4602,-3.0026,13.809,3.604
9.25,206,0.10835,3.4661,-2.9298,13.554,3.476
9.25,208,0.11670,3.4719,-2.8571,13.301,3.349
9.25,210,0.12545,3.4780,-2.7809,13.039,3.218
9.25,212,0.13413,3.4841,-2.7052,12.783,3.090
9.25,214,0.14268,3.4901,-2.6307,12.533,2.966
9.25,216,0.15570,3.4968,-2.5392,12.235,2.833
9.25,218,0.18640,3.5053,-2.3901,11.776,2.677
9.25,220,0.20686,3.5108,-2.2983,11.494,2.588
9.25,222,0.21927,3.5138,-2.2519,11.351,2.543
9.25,224,0.23129,3.5167,-2.2069,11.213,2.502
9.25,226,0.24361,3.5197,-2.1606,11.072,2.462
9.25,228,0.25871,3.5234,-2.1087,10.913,2.416
9.25,230,0.27688,3.5277,-2.0506,10.734,2.366
9.25,232,0.29385,3.5318,-1.9960,10.569,2.322
9.25,234,0.30624,3.5349,-1.9567,10.448,2.288
9.25,236,0.31102,3.5362,-1.9418,10.402,2.275
9.25,238,0.31274,3.5366,-1.9366,10.386,2.270
9.25,240,0.31452,3.5371,-1.9312,10.369,2.266
9.25,242,0.31629,3.5375,-1.9260,10.353,2.261
9.25,244,0.31816,3.5380,-1.9205,10.336,2.256
9.25,246,0.32005,3.5385,-1.9150,10.319,2.251
9.25,248,0.32811,3.5403,-1.8906,10.245,2.231
9.25,250,0.34081,3.5431,-1.8512,10.128,2.203
9.25,252,0.34965,3.5451,-1.8310,10.062,2.181
9.25,254,0.35830,3.5465,-1.7939,9.961,2.167
9.25,256,0.36490,3.5476,-1.7719,9.899,2.155
9.25,258,0.37068,3.5487,-1.7554,9.850,2.144
9.25,260,0.37703,3.5499,-1.7394,9.802,2.131
9.25,262,0.38808,3.5520,-1.7116,9.717,2.110
9.25,264,0.42495,3.5592,-1.6161,9.430,2.037
9.25,266,0.46153,3.5667,-1.5186,9.137,1.965
9.25,268,0.48885,3.5729,-1.4427,8.909,1.907
9.25,270,0.51635,3.5798,-1.3644,8.673,1.846
9.25,272,0.54341,3.5871,-1.2859,8.437,1.786
9.25,274,0.56766,3.5945,-1.2146,8.220,1.728
9.25,276,0.58865,3.6012,-1.1525,8.031,1.676
9.25,278,0.60787,3.6082,-1.0954,7.852,1.622
9.25,280,0.62394,3.6151,-1.0474,7.697,1.570
9.25,282,0.63961,3.6218,-1.0005,7.546,1.521
9.25,284,0.65617,3.6290,-0.9508,7.387,1.470
9.25,286,0.67156,3.6356,-0.9046,7.240,1.424
9.25,288,0.68805,3.6428,-0.8550,7.082,1.376
9.25,290,0.70477,3.6500,-0.8065,6.928,1.329
9.25,292,0.72364,3.6579,-0.7570,6.771,1.281
9.25,294,0.74305,3.6660,-0.7061,6.612,1.234
9.25,296,0.76154,3.6738,-0.6574,6.463,1.191
9.25,298,0.78027,3.6816,-0.6080,6.313,1.149
9.25,300,0.79853,3.6893,-0.5597,6.169,1.111
9.25,302,0.81657,3.6969,-0.5119,6.028,1.073
9.25,304,0.83439,3.7044,-0.4645,5.891,1.036
9.25,306,0.85214,3.7119,-0.4171,5.756,1.001
9.25,308,0.86979,3.7193,-0.3698,5.622,0.969
9.25,310,0.88629,3.7263,-0.3255,5.499,0.940
9.25,312,0.90417,3.7333,-0.2789,5.372,0.909
9.25,314,0.92174,3.7386,-0.2382,5.263,0.886
9.25,316,0.93842,3.7437,-0.1995,5.160,0.864
9.25,318,0.95605,3.7490,-0.1583,5.051,0.841
9.25,320,0.97297,3.7541,-0.1186,4.948,0.820
9.25,322,0.99359,3.7598,-0.0714,4.825,0.796
9.25,324,1.01310,3.7649,-0.0277,4.713,0.775
9.25,326,1.02778,3.7686,0.0049,4.629,0.759
9.25,328,1.04046,3.7717,0.0330,4.558,0.747
9.25,330,1.05670,3.7755,0.0684,4.468,0.731
9.25,332,1.07612,3.7799,0.1101,4.362,0.713
9.25,334,1.09627,3.7844,0.1535,4.253,0.694
9.25,336,1.12411,3.7903,0.2123,4.106,0.670
9.25,338,1.14052,3.7937,0.2465,4.020,0.656
9.25,340,1.16659,3.7989,0.2998,3.888,0.635
9.25,342,1.22152,3.8091,0.4083,3.621,0.593
9.25,344,1.27533,3.8179,0.5086,3.369,0.559
9.25,346,1.31456,3.8232,0.5771,3.195,0.538
9.25,348,1.34726,3.8267,0.6312,3.059,0.524
9.25,350,1.37624,3.8289,0.6773,2.944,0.515
9.25,352,1.41438,3.8307,0.7357,2.797,0.507
9.25,353,1.42916,3.8310,0.7577,2.742,0.505
9.25,354,1.43363,3.8310,0.7642,2.725,0.505
9.25,356,1.44289,3.8311,0.7780,2.690,0.505
9.25,358,1.45284,3.8310,0.7925,2.654,0.505
9.25,360,1.46317,3.8308,0.8076,2.616,0.505
9.25,362,1.47449,3.8305,0.8238,2.575,0.506
9.25,364,1.48613,3.8300,0.8405,2.532,0.508
9.25,366,1.49811,3.8294,0.8577,2.489,0.510
9.25,368,1.51033,3.8285,0.8748,2.445,0.513
9.25,370,1.52218,3.8274,0.8912,2.404,0.517
9.25,372,1.53345,3.8262,0.9066,2.365,0.521
9.25,374,1.54408,3.8249,0.9211,2.328,0.526
9.25,376,1.55368,3.8236,0.9340,2.295,0.531
9.25,378,1.56399,3.8220,0.9478,2.260,0.537
9.25,380,1.57562,3.8199,0.9630,2.221,0.545
9.25,382,1.58573,3.8179,0.9761,2.187,0.552
9.25,384,1.59498,3.8160,0.9879,2.157,0.560
9.25,386,1.60478,3.8139,1.0004,2.126,0.568
9.25,388,1.61525,3.8116,1.0139,2.091,0.577
9.25,390,1.62640,3.8092,1.0286,2.054,0.586
9.25,392,1.63820,3.8070,1.0454,2.012,0.595
9.25,394,1.64777,3.8061,1.0621,1.970,0.598
9.25,396,1.65446,3.8070,1.0789,1.928,0.594
9.25,398,1.65811,3.8091,1.0933,1.891,0.585
9.25,400,1.66012,3.8118,1.1058,1.860,0.574
9.25,402,1.66131,3.8148,1.1173,1.831,0.562
9.25,404,1.66208,3.8178,1.1280,1.805,0.550
9.25,406,1.66259,3.8210,1.1381,1.780,0.537
9.25,408,1.66294,3.8242,1.1477,1.757,0.524
9.25,410,1.66319,3.8274,1.1572,1.734,0.511
9.25,412,1.66338,3.8306,1.1665,1.711,0.498
9.25,414,1.66353,3.8338,1.1758,1.689,0.485
9.25,416,1.66365,3.8368,1.1850,1.667,0.473
9.25,418,1.66375,3.8397,1.1939,1.645,0.461
9.25,420,1.66383,3.8423,1.2021,1.625,0.451
9.25,422,1.66390,3.8445,1.2088,1.610,0.442
9.25,424,1.66396,3.8457,1.2120,1.602,0.437
9.25,426,1.66401,3.8457,1.2103,1.606,0.437
9.25,428,1.66405,3.8446,1.2046,1.620,0.442
9.25,430,1.66410,3.8426,1.1959,1.641,0.450
9.25,432,1.66415,3.8400,1.1875,1.661,0.461
9.25,434,1.66421,3.8369,1.1827,1.672,0.473
9.25,436,1.66429,3.8337,1.1852,1.665,0.485
9.25,438,1.66438,3.8309,1.1924,1.646,0.496
9.25,440,1.66451,3.8281,1.1992,1.628,0.507
9.25,442,1.66469,3.8251,1.2042,1.615,0.519
9.25,444,1.66494,3.8221,1.2078,1.605,0.531
9.25,446,1.66530,3.8191,1.2104,1.597,0.543
9.25,448,1.66580,3.8160,1.2123,1.592,0.555
9.25,450,1.66646,3.8131,1.2140,1.588,0.567
9.25,452,1.66726,3.8101,1.2155,1.584,0.579
9.25,454,1.66817,3.8072,1.2168,1.580,0.591
9.25,455,1.66930,3.8037,1.2180,1.578,0.605
9.25,456,1.67042,3.8002,1.2186,1.577,0.619
9.25,457,1.67147,3.7967,1.2184,1.578,0.634
9.25,458,1.67244,3.7932,1.2172,1.582,0.649
9.25,459,1.67334,3.7896,1.2150,1.588,0.663
9.25,460,1.67416,3.7861,1.2117,1.598,0.678
9.25,461,1.67492,3.7826,1.2073,1.610,0.693
9.25,462,1.67561,3.7791,1.2018,1.626,0.708
9.25,463,1.67625,3.7756,1.1951,1.644,0.722
9.25,464,1.67682,3.7721,1.1870,1.667,0.737
9.25,465,1.67735,3.7687,1.1779,1.692,0.751
9.25,466,1.67783,3.7654,1.1677,1.720,0.766
9.25,467,1.67828,3.7621,1.1564,1.750,0.780
9.25,468,1.67868,3.7590,1.1443,1.783,0.793
9.25,469,1.67906,3.7559,1.1313,1.819,0.807
9.25,470,1.67941,3.7528,1.1177,1.856,0.820
9.25,471,1.67975,3.7499,1.1036,1.894,0.833
9.25,472,1.68008,3.7470,1.0894,1.933,0.846
9.25,473,1.68041,3.7441,1.0748,1.973,0.858
9.25,474,1.68073,3.7412,1.0601,2.013,0.870
9.25,475,1.68105,3.7384,1.0455,2.054,0.883
9.25,476,1.68138,3.7355,1.0311,2.094,0.896
9.25,477,1.68171,3.7325,1.0170,2.134,0.909
9.25,478,1.68207,3.7295,1.0034,2.172,0.923
9.25,479,1.68244,3.7262,0.9910,2.209,0.937
9.25,480,1.68286,3.7227,0.9805,2.241,0.953
9.25,481,1.68335,3.7189,0.9739,2.265,0.969
9.25,482,1.68391,3.7149,0.9744,2.272,0.986
9.25,483,1.68451,3.7114,0.9832,2.257,1.001
9.25,484,1.68509,3.7087,0.9971,2.228,1.013
9.25,485,1.68568,3.7067,1.0131,2.193,1.023
9.25,486,1.68626,3.7049,1.0303,2.154,1.031
9.25,487,1.68680,3.7034,1.0482,2.113,1.038
9.25,488,1.68734,3.7021,1.0666,2.070,1.045
9.25,489,1.68787,3.7008,1.0854,2.026,1.051
9.25,490,1.68839,3.6997,1.1043,1.981,1.056
9.25,491,1.68891,3.6986,1.1235,1.936,1.062
9.25,492,1.68944,3.6976,1.1427,1.891,1.067
9.25,493,1.68997,3.6965,1.1620,1.845,1.072
9.25,494,1.69053,3.6956,1.1813,1.799,1.076
9.25,495,1.69110,3.6946,1.2007,1.754,1.081
9.25,496,1.69167,3.6936,1.2201,1.708,1.086
9.25,497,1.69224,3.6927,1.2395,1.662,1.090
9.25,498,1.69281,3.6917,1.2590,1.616,1.095
9.25,499,1.69335,3.6908,1.2786,1.569,1.099
9.25,500,1.69391,3.6898,1.2982,1.523,1.104
9.25,501,1.69449,3.6888,1.3178,1.477,1.108
9.25,502,1.69507,3.6878,1.3373,1.431,1.113
9.25,503,1.69566,3.6868,1.3569,1.385,1.118
9.25,504,1.69627,3.6859,1.3764,1.339,1.122
9.25,505,1.69687,3.6848,1.3960,1.293,1.127
9.25,506,1.69750,3.6838,1.4155,1.247,1.132
9.25,507,1.69812,3.6828,1.4350,1.202,1.137
9.25,508,1.69872,3.6817,1.4546,1.156,1.142
9.25,509,1.69938,3.6807,1.4741,1.111,1.147
9.25,510,1.70004,3.6797,1.4935,1.065,1.152
9.25,511,1.70072,3.6786,1.5131,1.020,1.157
9.25,512,1.70142,3.6775,1.5326,0.975,1.163
9.25,513,1.70211,3.6764,1.5521,0.930,1.168
9.25,514,1.70279,3.6753,1.5717,0.884,1.174
9.25,515,1.70347,3.6742,1.5912,0.839,1.179
9.25,516,1.70413,3.6731,1.6108,0.794,1.185
9.25,517,1.70476,3.6719,1.6304,0.749,1.191
9.25,518,1.70536,3.6708,1.6500,0.704,1.196
9.25,519,1.70598,3.6696,1.6695,0.659,1.202
9.25,520,1.70659,3.6684,1.6891,0.615,1.208
9.25,521,1.70721,3.6673,1.7086,0.570,1.214
9.25,522,1.70793,3.6661,1.7280,0.526,1.220
9.25,523,1.70886,3.6649,1.7469,0.483,1.226
9.25,524,1.70966,3.6638,1.7661,0.439,1.232
9.25,525,1.71031,3.6626,1.7855,0.396,1.238
9.25,526,1.71098,3.6614,1.8048,0.352,1.244
9.25,527,1.71182,3.6602,1.8239,0.309,1.251
9.25,528,1.71340,3.6594,1.8397,0.272,1.255
9.25,529,1.71452,3.6583,1.8574,0.232,1.261
9.25,530,1.71518,3.6571,1.8767,0.189,1.267
9.25,531,1.71569,3.6558,1.8962,0.146,1.274
9.25,532,1.71610,3.6545,1.9156,0.103,1.281
9.25,533,1.71648,3.6531,1.9351,0.060,1.289
9.25,534,1.71684,3.6518,1.9546,0.017,1.296
9.25,535,1.71717,3.6504,1.9741,-0.026,1.304
9.25,536,1.71750,3.6490,1.9936,-0.069,1.312
9.25,537,1.71783,3.6476,2.0130,-0.112,1.319
9.25,538,1.71815,3.6463,2.0325,-0.154,1.327
9.25,539,1.71845,3.6448,2.0519,-0.196,1.335
9.25,540,1.71874,3.6434,2.0713,-0.238,1.343
9.25,541,1.71903,3.6420,2.0907,-0.280,1.351
9.25,542,1.71930,3.6406,2.1101,-0.322,1.359
9.25,543,1.71957,3.6392,2.1295,-0.364,1.367
9.25,544,1.71983,3.6377,2.1489,-0.405,1.376
9.25,545,1.72008,3.6362,2.1682,-0.446,1.384
9.25,546,1.72032,3.6348,2.1875,-0.487,1.393
9.25,547,1.72056,3.6333,2.2067,-0.528,1.402
9.25,548,1.72079,3.6318,2.2260,-0.568,1.411
9.25,549,1.72101,3.6303,2.2452,-0.608,1.421
9.25,550,1.72122,3.6288,2.2644,-0.648,1.430
9.25,551,1.72143,3.6273,2.2836,-0.688,1.439
9.25,552,1.72163,3.6258,2.3029,-0.728,1.449
9.25,553,1.72182,3.6242,2.3221,-0.767,1.459
9.25,554,1.72201,3.6227,2.3412,-0.807,1.468
9.25,555,1.72219,3.6211,2.3604,-0.846,1.478
9.25,556,1.72237,3.6196,2.3796,-0.885,1.488
9.25,557,1.72254,3.6180,2.3987,-0.924,1.498
9.25,558,1.72270,3.6164,2.4178,-0.963,1.508
9.25,559,1.72286,3.6148,2.4370,-1.001,1.519
9.25,560,1.72301,3.6132,2.4561,-1.039,1.529
9.25,561,1.72316,3.6116,2.4751,-1.077,1.540
9.25,562,1.72331,3.6100,2.4942,-1.114,1.552
9.25,563,1.72345,3.6083,2.5133,-1.151,1.563
9.25,564,1.72358,3.6067,2.5323,-1.188,1.575
9.25,565,1.72371,3.6050,2.5514,-1.224,1.588
9.25,566,1.72384,3.6034,2.5704,-1.260,1.601
9.25,567,1.72397,3.6017,2.5894,-1.295,1.614
9.25,568,1.72408,3.6000,2.6084,-1.330,1.628
9.25,569,1.72420,3.5983,2.6273,-1.364,1.641
9.25,570,1.72431,3.5967,2.6463,-1.399,1.654
9.25,571,1.72442,3.5949,2.6652,-1.433,1.668
9.25,572,1.72453,3.5932,2.6842,-1.468,1.681
9.25,573,1.72463,3.5915,2.7031,-1.501,1.694
9.25,574,1.72473,3.5898,2.7220,-1.535,1.708
9.25,575,1.72482,3.5880,2.7409,-1.568,1.723
9.25,576,1.72492,3.5863,2.7598,-1.601,1.737
9.25,577,1.72501,3.5846,2.7786,-1.633,1.753
9.25,578,1.72510,3.5828,2.7975,-1.665,1.769
9.25,579,1.72518,3.5811,2.8163,-1.695,1.787
9.25,580,1.72526,3.5793,2.8352,-1.726,1.805
9.25,581,1.72534,3.5775,2.8540,-1.755,1.825
9.25,582,1.72542,3.5757,2.8728,-1.783,1.846
9.25,583,1.72550,3.5740,2.8915,-1.811,1.868
9.25,584,1.72557,3.5721,2.9103,-1.837,1.892
9.25,585,1.72564,3.5704,2.9290,-1.863,1.916
9.25,586,1.72571,3.5685,2.9477,-1.887,1.942
9.25,587,1.72578,3.5668,2.9665,-1.912,1.968
9.25,588,1.72584,3.5649,2.9852,-1.936,1.994
9.25,589,1.72591,3.5631,3.0039,-1.960,2.022
9.25,590,1.72597,3.5613,3.0227,-1.983,2.050
9.25,591,1.72603,3.5595,3.0414,-2.005,2.079
9.25,592,1.72609,3.5576,3.0601,-2.026,2.109
9.25,593,1.72614,3.5558,3.0788,-2.047,2.140
9.25,594,1.72620,3.5539,3.0974,-2.067,2.172
9.25,595,1.72625,3.5520,3.1161,-2.086,2.206
9.25,596,1.72631,3.5501,3.1347,-2.103,2.240
9.25,597,1.72636,3.5482,3.1533,-2.120,2.277
9.25,598,1.72641,3.5464,3.1719,-2.136,2.315
9.25,599,1.72645,3.5445,3.1906,-2.150,2.355
9.25,600,1.72650,3.5426,3.2092,-2.163,2.397
9.25,601,1.72655,3.5407,3.2277,-2.173,2.444
9.25,602,1.72659,3.5388,3.2463,-2.180,2.496
9.25,603,1.72664,3.5369,3.2649,-2.185,2.551
9.25,604,1.72668,3.5351,3.2835,-2.189,2.609
9.25,605,1.72673,3.5332,3.3020,-2.192,2.670
9.25,606,1.72673,3.5334,3.2998,-2.192,2.662
9.25,607,1.72673,3.5334,3.2996,-2.192,2.661
9.25,608,1.72673,3.5402,3.2364,-2.185,2.457
9.25,609,1.72673,3.5505,3.1394,-2.121,2.233
9.25,610,1.72673,3.5607,3.0422,-2.024,2.059
9.25,611,1.72673,3.5707,2.9445,-1.906,1.911
9.25,612,1.72673,3.5806,2.8465,-1.767,1.791
9.25,613,1.72673,3.5903,2.7483,-1.605,1.704
9.25,614,1.72674,3.5998,2.6497,-1.431,1.630
9.25,615,1.72674,3.6091,2.5508,-1.250,1.558
9.25,616,1.72674,3.6182,2.4517,-1.058,1.497
9.25,617,1.72674,3.6271,2.3522,-0.859,1.441
9.25,618,1.72674,3.6359,2.2524,-0.655,1.387
9.25,619,1.72674,3.6445,2.1526,-0.447,1.337
9.25,620,1.72675,3.6531,2.0527,-0.235,1.290
9.25,621,1.72675,3.6618,1.9529,-0.021,1.244
9.25,622,1.72676,3.6704,1.8532,0.197,1.200
9.25,623,1.72677,3.6782,1.7525,0.422,1.161
9.25,624,1.72680,3.6787,1.7243,0.491,1.159
9.25,625,1.72684,3.6747,1.7670,0.397,1.178
9.25,626,1.72687,3.6772,1.7504,0.430,1.165
9.25,627,1.72693,3.6770,1.7446,0.446,1.167
9.25,628,1.72698,3.6753,1.7728,0.380,1.175
9.25,629,1.72705,3.6752,1.7684,0.392,1.175
9.25,630,1.72711,3.6741,1.7867,0.350,1.181
9.25,631,1.72721,3.6762,1.7604,0.409,1.171
9.25,632,1.72721,3.6762,1.7603,0.409,1.171
9.25,633,1.72721,3.6762,1.7603,0.409,1.171
9.25,634,1.72721,3.6762,1.7603,0.409,1.171
9.25,635,1.72721,3.6762,1.7602,0.409,1.171
9.25,636,1.72721,3.6762,1.7602,0.409,1.171
9.25,637,1.72721,3.6762,1.7602,0.409,1.171
9.25,638,1.72721,3.6762,1.7602,0.409,1.171
9.25,639,1.72721,3.6762,1.7602,0.409,1.171
9.25,640,1.72721,3.6762,1.7602,0.409,1.171
9.25,641,1.72721,3.6762,1.7602,0.409,1.171
9.25,642,1.72721,3.6762,1.7602,0.409,1.171
9.25,643,1.72721,3.6762,1.7602,0.409,1.171
9.25,644,1.72721,3.6762,1.7602,0.409,1.171
9.25,645,1.72721,3.6762,1.7602,0.409,1.171
9.25,646,1.72721,3.6762,1.7602,0.409,1.171
9.25,647,1.72721,3.6762,1.7602,0.409,1.171
9.25,648,1.72721,3.6762,1.7602,0.409,1.171
9.25,649,1.72721,3.6762,1.7602,0.409,1.171
9.25,650,1.72721,3.6762,1.7602,0.409,1.171
9.25,651,1.72721,3.6762,1.7602,0.409,1.171
9.25,652,1.72721,3.6762,1.7602,0.409,1.171
9.25,653,1.72721,3.6762,1.7602,0.409,1.171
9.25,654,1.72721,3.6762,1.7602,0.409,1.171
9.25,655,1.72721,3.6762,1.7602,0.409,1.171
9.25,656,1.72721,3.6762,1.7601,0.409,1.171
9.25,657,1.72721,3.6762,1.7601,0.409,1.171
9.25,658,1.72721,3.6762,1.7600,0.410,1.171
9.25,659,1.72722,3.6764,1.7579,0.414,1.170
9.25,660,1.72724,3.6770,1.7510,0.430,1.167
9.25,661,1.72735,3.6774,1.7453,0.442,1.165
9.25,662,1.72763,3.6776,1.7430,0.447,1.164
9.25,663,1.72836,3.6779,1.7403,0.453,1.162
9.25,664,1.73124,3.6780,1.7458,0.439,1.162
9.25,665,1.73620,3.6784,1.7526,0.421,1.160
9.25,666,1.74166,3.6792,1.7567,0.408,1.156
9.25,667,1.74554,3.6797,1.7600,0.398,1.154
9.25,668,1.74934,3.6800,1.7643,0.386,1.152
9.25,669,1.75273,3.6801,1.7695,0.373,1.152
9.25,670,1.75548,3.6799,1.7756,0.358,1.153
9.25,671,1.75732,3.6796,1.7816,0.344,1.154
9.25,672,1.75897,3.6791,1.7890,0.327,1.157
9.25,673,1.76037,3.6785,1.7964,0.311,1.160
9.25,674,1.76146,3.6780,1.8024,0.298,1.162
9.25,675,1.76235,3.6778,1.8049,0.292,1.163
9.25,676,1.76301,3.6776,1.8078,0.285,1.164
9.25,677,1.76351,3.6768,1.8164,0.266,1.168
9.25,678,1.76392,3.6760,1.8251,0.247,1.172
9.25,679,1.76428,3.6751,1.8339,0.228,1.176
9.25,680,1.76459,3.6743,1.8428,0.209,1.180
9.25,681,1.76487,3.6735,1.8518,0.189,1.184
9.25,682,1.76511,3.6727,1.8607,0.170,1.189
9.25,683,1.76530,3.6721,1.8673,0.155,1.192
9.25,684,1.76545,3.6722,1.8662,0.158,1.191
9.25,685,1.76565,3.6721,1.8678,0.154,1.192
9.25,686,1.76580,3.6712,1.8768,0.134,1.196
9.25,687,1.76592,3.6704,1.8859,0.115,1.200
9.25,688,1.76603,3.6696,1.8950,0.095,1.204
9.25,689,1.76612,3.6688,1.9042,0.075,1.208
9.25,690,1.76620,3.6679,1.9133,0.055,1.213
9.25,691,1.76627,3.6671,1.9225,0.035,1.217
9.25,692,1.76633,3.6663,1.9318,0.015,1.221
9.25,693,1.76637,3.6655,1.9410,-0.005,1.225
9.25,694,1.76641,3.6647,1.9502,-0.025,1.229
9.25,695,1.76645,3.6639,1.9595,-0.045,1.233
9.25,696,1.76648,3.6630,1.9687,-0.065,1.238
9.25,697,1.76650,3.6622,1.9779,-0.085,1.242
9.25,698,1.76652,3.6615,1.9871,-0.105,1.246
9.25,699,1.76654,3.6606,1.9963,-0.125,1.250
9.25,700,1.76656,3.6599,2.0054,-0.144,1.254
9.25,701,1.76657,3.6591,2.0145,-0.164,1.258
9.25,702,1.76658,3.6583,2.0236,-0.184,1.262
9.25,703,1.76659,3.6575,2.0327,-0.203,1.266
9.25,704,1.76660,3.6567,2.0417,-0.222,1.271
9.25,705,1.76661,3.6560,2.0506,-0.242,1.275
9.25,706,1.76661,3.6552,2.0595,-0.261,1.279
9.25,707,1.76662,3.6544,2.0684,-0.280,1.283
9.30,206,0.10000,3.4602,-3.0026,13.809,3.604
9.30,208,0.10660,3.4649,-2.9451,13.607,3.502
9.30,210,0.11534,3.4710,-2.8689,13.342,3.369
9.30,212,0.12397,3.4770,-2.7937,13.083,3.240
9.30,214,0.13250,3.4830,-2.7194,12.831,3.114
9.30,216,0.14136,3.4892,-2.6421,12.571,2.985
9.30,218,0.15058,3.4954,-2.5640,12.311,2.861
9.30,220,0.18074,3.5038,-2.4174,11.860,2.704
9.30,222,0.20444,3.5102,-2.3072,11.522,2.597
9.30,224,0.21652,3.5131,-2.2619,11.382,2.553
9.30,226,0.22893,3.5162,-2.2154,11.239,2.510
9.30,228,0.24093,3.5191,-2.1702,11.101,2.470
9.30,230,0.25441,3.5224,-2.1218,10.953,2.429
9.30,232,0.27225,3.5266,-2.0645,10.777,2.378
9.30,234,0.28952,3.5308,-2.0087,10.608,2.333
9.30,236,0.30332,3.5342,-1.9642,10.472,2.297
9.30,238,0.31052,3.5361,-1.9417,10.402,2.276
9.30,240,0.31228,3.5365,-1.9363,10.386,2.271
9.30,242,0.31402,3.5370,-1.9310,10.369,2.267
9.30,244,0.31587,3.5374,-1.9254,10.352,2.262
9.30,246,0.31770,3.5379,-1.9200,10.336,2.257
9.30,248,0.31959,3.5384,-1.9145,10.319,2.252
9.30,250,0.32632,3.5399,-1.8943,10.257,2.236
9.30,252,0.33766,3.5425,-1.8632,10.161,2.209
9.30,254,0.34714,3.5444,-1.8329,10.072,2.189
9.30,256,0.35566,3.5459,-1.8013,9.984,2.173
9.30,258,0.36277,3.5472,-1.7761,9.912,2.160
9.30,260,0.36828,3.5483,-1.7605,9.866,2.149
9.30,262,0.37429,3.5494,-1.7451,9.820,2.137
9.30,264,0.38037,3.5506,-1.7300,9.774,2.125
9.30,266,0.40454,3.5552,-1.6686,9.588,2.077
9.30,268,0.44415,3.5630,-1.5650,9.277,2.000
9.30,270,0.47337,3.5694,-1.4847,9.036,1.939
9.30,272,0.49977,3.5754,-1.4112,8.816,1.885
9.30,274,0.52766,3.5829,-1.3304,8.571,1.820
9.30,276,0.55320,3.5900,-1.2561,8.348,1.763
9.30,278,0.57514,3.5970,-1.1912,8.149,1.709
9.30,280,0.59627,3.6037,-1.1285,7.958,1.656
9.30,282,0.61273,3.6104,-1.0794,7.801,1.605
9.30,284,0.62937,3.6175,-1.0295,7.640,1.552
9.30,286,0.64482,3.6242,-0.9831,7.491,1.504
9.30,288,0.66127,3.6313,-0.9337,7.333,1.454
9.30,290,0.67720,3.6383,-0.8856,7.180,1.406
9.30,292,0.69275,3.6451,-0.8387,7.030,1.361
9.30,294,0.71105,3.6529,-0.7877,6.869,1.311
9.30,296,0.72950,3.6606,-0.7392,6.716,1.265
9.30,298,0.74856,3.6686,-0.6890,6.560,1.219
9.30,300,0.76704,3.6764,-0.6401,6.410,1.176
9.30,302,0.78507,3.6840,-0.5923,6.266,1.137
9.30,304,0.80330,3.6917,-0.5438,6.123,1.099
9.30,306,0.82112,3.6992,-0.4963,5.984,1.061
9.30,308,0.83894,3.7067,-0.4486,5.846,1.025
9.30,310,0.85579,3.7138,-0.4033,5.717,0.993
9.30,312,0.87346,3.7213,-0.3556,5.583,0.961
9.30,314,0.89054,3.7285,-0.3094,5.455,0.930
9.30,316,0.90689,3.7346,-0.2676,5.342,0.903
9.30,318,0.92489,3.7401,-0.2256,5.230,0.879
9.30,320,0.94183,3.7452,-0.1858,5.124,0.857
9.30,322,0.95842,3.7502,-0.1467,5.021,0.836
9.30,324,0.97551,3.7553,-0.1061,4.916,0.815
9.30,326,0.99695,3.7612,-0.0567,4.788,0.790
9.30,328,1.01532,3.7659,-0.0151,4.681,0.770
9.30,330,1.02922,3.7694,0.0160,4.601,0.756
9.30,332,1.04214,3.7725,0.0449,4.528,0.743
9.30,334,1.05832,3.7763,0.0808,4.437,0.727
9.30,336,1.07780,3.7807,0.1231,4.330,0.709
9.30,338,1.09807,3.7852,0.1675,4.218,0.691
9.30,340,1.12539,3.7910,0.2260,4.072,0.667
9.30,342,1.14243,3.7944,0.2620,3.982,0.653
9.30,344,1.16887,3.7996,0.3169,3.846,0.632
9.30,346,1.22435,3.8094,0.4277,3.574,0.592
9.30,348,1.28206,3.8177,0.5349,3.302,0.559
9.30,350,1.31996,3.8216,0.6002,3.136,0.544
9.30,352,1.35057,3.8237,0.6502,3.010,0.535
9.30,353,1.36439,3.8243,0.6723,2.955,0.533
9.30,354,1.36954,3.8244,0.6804,2.934,0.532
9.30,356,1.37980,3.8247,0.6965,2.894,0.531
9.30,358,1.39290,3.8248,0.7166,2.843,0.530
9.30,360,1.40568,3.8248,0.7362,2.794,0.530
9.30,362,1.41809,3.8245,0.7550,2.746,0.530
9.30,364,1.42754,3.8243,0.7692,2.710,0.531
9.30,366,1.43649,3.8239,0.7825,2.676,0.532
9.30,368,1.44590,3.8233,0.7964,2.641,0.534
9.30,370,1.45553,3.8227,0.8105,2.606,0.536
9.30,372,1.46554,3.8218,0.8247,2.570,0.540
9.30,374,1.47611,3.8207,0.8397,2.531,0.544
9.30,376,1.48703,3.8195,0.8554,2.492,0.548
9.30,378,1.49810,3.8180,0.8709,2.452,0.554
9.30,380,1.50874,3.8163,0.8854,2.415,0.560
9.30,382,1.51896,3.8145,0.8991,2.381,0.567
9.30,384,1.52931,3.8125,0.9129,2.346,0.575
9.30,386,1.53955,3.8104,0.9265,2.311,0.583
9.30,388,1.54843,3.8086,0.9382,2.282,0.590
9.30,390,1.55719,3.8068,0.9502,2.252,0.597
9.30,392,1.56719,3.8048,0.9644,2.216,0.605
9.30,394,1.57753,3.8035,0.9816,2.173,0.610
9.30,396,1.58470,3.8038,0.9982,2.131,0.608
9.30,398,1.58884,3.8054,1.0128,2.094,0.601
9.30,400,1.59114,3.8077,1.0255,2.062,0.592
9.30,402,1.59253,3.8102,1.0370,2.033,0.582
9.30,404,1.59341,3.8128,1.0479,2.006,0.571
9.30,406,1.59400,3.8155,1.0583,1.980,0.560
9.30,408,1.59442,3.8183,1.0686,1.954,0.549
9.30,410,1.59471,3.8210,1.0786,1.930,0.538
9.30,412,1.59493,3.8237,1.0884,1.906,0.527
9.30,414,1.59509,3.8265,1.0979,1.883,0.516
9.30,416,1.59522,3.8291,1.1072,1.860,0.505
9.30,418,1.59532,3.8317,1.1160,1.838,0.495
9.30,420,1.59540,3.8341,1.1243,1.818,0.485
9.30,422,1.59547,3.8361,1.1313,1.802,0.477
9.30,424,1.59554,3.8374,1.1356,1.791,0.472
9.30,426,1.59559,3.8377,1.1355,1.792,0.470
9.30,428,1.59563,3.8371,1.1316,1.801,0.473
9.30,430,1.59568,3.8356,1.1246,1.818,0.479
9.30,432,1.59573,3.8335,1.1167,1.837,0.488
9.30,434,1.59579,3.8308,1.1113,1.850,0.498
9.30,436,1.59586,3.8280,1.1124,1.847,0.510
9.30,438,1.59596,3.8255,1.1188,1.830,0.519
9.30,440,1.59609,3.8230,1.1254,1.812,0.529
9.30,442,1.59628,3.8204,1.1302,1.800,0.539
9.30,444,1.59655,3.8178,1.1338,1.790,0.549
9.30,446,1.59698,3.8152,1.1365,1.783,0.560
9.30,448,1.59760,3.8127,1.1386,1.777,0.570
9.30,450,1.59843,3.8102,1.1406,1.772,0.580
9.30,452,1.59943,3.8077,1.1427,1.767,0.590
9.30,454,1.60050,3.8051,1.1447,1.762,0.600
9.30,455,1.60191,3.8018,1.1467,1.757,0.614
9.30,456,1.60322,3.7984,1.1479,1.755,0.628
9.30,457,1.60443,3.7950,1.1482,1.755,0.642
9.30,458,1.60553,3.7915,1.1473,1.758,0.656
9.30,459,1.60653,3.7880,1.1452,1.764,0.671
9.30,460,1.60742,3.7844,1.1419,1.773,0.686
9.30,461,1.60824,3.7809,1.1374,1.786,0.701
9.30,462,1.60898,3.7773,1.1316,1.803,0.715
9.30,463,1.60965,3.7738,1.1246,1.822,0.730
9.30,464,1.61027,3.7703,1.1164,1.845,0.745
9.30,465,1.61083,3.7669,1.1071,1.870,0.760
9.30,466,1.61135,3.7635,1.0967,1.899,0.774
9.30,467,1.61183,3.7601,1.0854,1.930,0.789
9.30,468,1.61227,3.7569,1.0731,1.964,0.803
9.30,469,1.61268,3.7537,1.0601,1.999,0.816
9.30,470,1.61307,3.7506,1.0464,2.037,0.830
9.30,471,1.61344,3.7476,1.0323,2.075,0.843
9.30,472,1.61380,3.7446,1.0178,2.115,0.856
9.30,473,1.61415,3.7416,1.0032,2.155,0.869
9.30,474,1.61451,3.7386,0.9886,2.196,0.882
9.30,475,1.61488,3.7356,0.9742,2.236,0.896
9.30,476,1.61526,3.7324,0.9604,2.275,0.910
9.30,477,1.61568,3.7292,0.9473,2.313,0.924
9.30,478,1.61613,3.7259,0.9352,2.349,0.939
9.30,479,1.61664,3.7223,0.9252,2.380,0.954
9.30,480,1.61725,3.7185,0.9193,2.402,0.971
9.30,481,1.61796,3.7146,0.9199,2.409,0.987
9.30,482,1.61873,3.7111,0.9281,2.395,1.002
9.30,483,1.61948,3.7084,0.9415,2.368,1.015
9.30,484,1.62022,3.7062,0.9577,2.332,1.025
9.30,485,1.62097,3.7045,0.9753,2.293,1.033
9.30,486,1.62172,3.7030,0.9937,2.250,1.040
9.30,487,1.62245,3.7016,1.0127,2.206,1.047
9.30,488,1.62318,3.7004,1.0319,2.161,1.053
9.30,489,1.62389,3.6993,1.0515,2.115,1.058
9.30,490,1.62464,3.6982,1.0711,2.068,1.063
9.30,491,1.62543,3.6972,1.0908,2.022,1.068
9.30,492,1.62622,3.6963,1.1107,1.974,1.073
9.30,493,1.62697,3.6953,1.1307,1.927,1.077
9.30,494,1.62771,3.6944,1.1508,1.879,1.082
9.30,495,1.62849,3.6935,1.1709,1.831,1.086
9.30,496,1.62928,3.6926,1.1910,1.783,1.091
9.30,497,1.63004,3.6916,1.2112,1.735,1.095
9.30,498,1.63086,3.6907,1.2314,1.688,1.099
9.30,499,1.63164,3.6898,1.2516,1.640,1.104
9.30,500,1.63247,3.6888,1.2718,1.592,1.108
9.30,501,1.63327,3.6879,1.2921,1.544,1.113
9.30,502,1.63407,3.6869,1.3123,1.496,1.117
9.30,503,1.63486,3.6859,1.3326,1.449,1.122
9.30,504,1.63567,3.6849,1.3528,1.401,1.126
9.30,505,1.63645,3.6839,1.3731,1.353,1.131
9.30,506,1.63724,3.6829,1.3934,1.306,1.136
9.30,507,1.63804,3.6819,1.4137,1.258,1.141
9.30,508,1.63883,3.6808,1.4339,1.211,1.146
9.30,509,1.63961,3.6798,1.4542,1.164,1.151
9.30,510,1.64039,3.6787,1.4744,1.116,1.156
9.30,511,1.64116,3.6776,1.4946,1.069,1.162
9.30,512,1.64188,3.6765,1.5148,1.022,1.168
9.30,513,1.64256,3.6754,1.5351,0.975,1.173
9.30,514,1.64322,3.6743,1.5554,0.929,1.179
9.30,515,1.64386,3.6731,1.5756,0.882,1.184
9.30,516,1.64450,3.6720,1.5958,0.835,1.190
9.30,517,1.64513,3.6708,1.6160,0.789,1.196
9.30,518,1.64574,3.6696,1.6362,0.743,1.202
9.30,519,1.64639,3.6685,1.6563,0.697,1.208
9.30,520,1.64706,3.6673,1.6764,0.651,1.214
9.30,521,1.64769,3.6661,1.6965,0.605,1.220
9.30,522,1.64828,3.6648,1.7166,0.559,1.226
9.30,523,1.64884,3.6636,1.7367,0.514,1.233
9.30,524,1.64943,3.6624,1.7567,0.468,1.239
9.30,525,1.65010,3.6611,1.7767,0.423,1.246
9.30,526,1.65100,3.6600,1.7962,0.379,1.252
9.30,527,1.65210,3.6589,1.8151,0.336,1.257
9.30,528,1.65296,3.6577,1.8346,0.292,1.264
9.30,529,1.65359,3.6565,1.8545,0.247,1.271
9.30,530,1.65406,3.6551,1.8745,0.203,1.278
9.30,531,1.65445,3.6538,1.8945,0.158,1.285
9.30,532,1.65481,3.6524,1.9145,0.114,1.293
9.30,533,1.65514,3.6510,1.9345,0.070,1.300
9.30,534,1.65546,3.6496,1.9544,0.026,1.308
9.30,535,1.65577,3.6482,1.9744,-0.017,1.316
9.30,536,1.65607,3.6468,1.9943,-0.061,1.324
9.30,537,1.65636,3.6454,2.0143,-0.105,1.332
9.30,538,1.65663,3.6440,2.0342,-0.148,1.340
9.30,539,1.65690,3.6425,2.0541,-0.191,1.348
9.30,540,1.65716,3.6411,2.0740,-0.234,1.356
9.30,541,1.65742,3.6396,2.0939,-0.277,1.364
9.30,542,1.65766,3.6382,2.1138,-0.320,1.373
9.30,543,1.65789,3.6367,2.1336,-0.362,1.382
9.30,544,1.65812,3.6352,2.1534,-0.404,1.390
9.30,545,1.65834,3.6337,2.1732,-0.446,1.400
9.30,546,1.65855,3.6322,2.1930,-0.488,1.409
9.30,547,1.65876,3.6306,2.2128,-0.529,1.418
9.30,548,1.65895,3.6291,2.2325,-0.570,1.428
9.30,549,1.65914,3.6276,2.2523,-0.611,1.438
9.30,550,1.65933,3.6260,2.2720,-0.652,1.447
9.30,551,1.65951,3.6245,2.2917,-0.693,1.457
9.30,552,1.65968,3.6229,2.3114,-0.733,1.467
9.30,553,1.65984,3.6213,2.3311,-0.774,1.477
9.30,554,1.66000,3.6197,2.3508,-0.814,1.487
9.30,555,1.66016,3.6181,2.3704,-0.854,1.497
9.30,556,1.66031,3.6165,2.3900,-0.894,1.508
9.30,557,1.66046,3.6149,2.4096,-0.933,1.518
9.30,558,1.66060,3.6132,2.4292,-0.972,1.529
9.30,559,1.66073,3.6116,2.4487,-1.010,1.540
9.30,560,1.66086,3.6099,2.4683,-1.049,1.552
9.30,561,1.66099,3.6083,2.4878,-1.087,1.564
9.30,562,1.66111,3.6066,2.5073,-1.124,1.576
9.30,563,1.66123,3.6049,2.5268,-1.162,1.589
9.30,564,1.66135,3.6032,2.5463,-1.198,1.602
9.30,565,1.66146,3.6015,2.5657,-1.234,1.616
9.30,566,1.66157,3.5998,2.5852,-1.270,1.630
9.30,567,1.66167,3.5981,2.6046,-1.305,1.643
9.30,568,1.66177,3.5963,2.6240,-1.341,1.657
9.30,569,1.66187,3.5946,2.6434,-1.376,1.670
9.30,570,1.66197,3.5928,2.6628,-1.411,1.684
9.30,571,1.66206,3.5911,2.6822,-1.446,1.698
9.30,572,1.66215,3.5893,2.7015,-1.480,1.712
9.30,573,1.66223,3.5876,2.7209,-1.514,1.727
9.30,574,1.66232,3.5858,2.7402,-1.548,1.742
9.30,575,1.66240,3.5840,2.7595,-1.580,1.759
9.30,576,1.66247,3.5822,2.7788,-1.612,1.775
9.30,577,1.66255,3.5804,2.7981,-1.644,1.793
9.30,578,1.66262,3.5786,2.8173,-1.674,1.813
9.30,579,1.66269,3.5768,2.8366,-1.704,1.833
9.30,580,1.66276,3.5750,2.8558,-1.732,1.856
9.30,581,1.66283,3.5732,2.8750,-1.760,1.879
9.30,582,1.66289,3.5713,2.8941,-1.786,1.903
9.30,583,1.66296,3.5695,2.9133,-1.813,1.929
9.30,584,1.66302,3.5676,2.9325,-1.838,1.955
9.30,585,1.66308,3.5658,2.9516,-1.863,1.982
9.30,586,1.66314,3.5639,2.9707,-1.887,2.010
9.30,587,1.66319,3.5621,2.9899,-1.911,2.038
9.30,588,1.66325,3.5602,3.0090,-1.934,2.068
9.30,589,1.66330,3.5583,3.0282,-1.956,2.098
9.30,590,1.66335,3.5564,3.0473,-1.978,2.129
9.30,591,1.66340,3.5545,3.0664,-1.998,2.161
9.30,592,1.66345,3.5526,3.0855,-2.018,2.195
9.30,593,1.66350,3.5507,3.1045,-2.036,2.230
9.30,594,1.66354,3.5488,3.1236,-2.054,2.267
9.30,595,1.66359,3.5469,3.1426,-2.070,2.305
9.30,596,1.66363,3.5449,3.1616,-2.085,2.345
9.30,597,1.66367,3.5430,3.1807,-2.099,2.388
9.30,598,1.66371,3.5411,3.1997,-2.109,2.435
9.30,599,1.66375,3.5392,3.2186,-2.118,2.487
9.30,600,1.66379,3.5373,3.2376,-2.124,2.542
9.30,601,1.66383,3.5353,3.2566,-2.127,2.601
9.30,602,1.66387,3.5334,3.2756,-2.129,2.664
9.30,603,1.66391,3.5314,3.2945,-2.130,2.729
9.30,604,1.66394,3.5295,3.3134,-2.129,2.797
9.30,605,1.66398,3.5275,3.3323,-2.128,2.866
9.30,606,1.66399,3.5278,3.3296,-2.128,2.855
9.30,607,1.66399,3.5281,3.3267,-2.129,2.844
9.30,608,1.66399,3.5388,3.2274,-2.133,2.495
9.30,609,1.66399,3.5502,3.1203,-2.069,2.239
9.30,610,1.66399,3.5615,3.0129,-1.962,2.047
9.30,611,1.66399,3.5725,2.9051,-1.829,1.887
9.30,612,1.66399,3.5834,2.7969,-1.669,1.764
9.30,613,1.66399,3.5940,2.6884,-1.485,1.675
9.30,614,1.66399,3.6045,2.5796,-1.291,1.593
9.30,615,1.66399,3.6146,2.4702,-1.083,1.520
9.30,616,1.66399,3.6245,2.3607,-0.866,1.457
9.30,617,1.66399,3.6343,2.2507,-0.643,1.397
9.30,618,1.66399,3.6438,2.1406,-0.414,1.341
9.30,619,1.66399,3.6534,2.0304,-0.180,1.288
9.30,620,1.66400,3.6628,1.9202,0.057,1.238
9.30,621,1.66401,3.6717,1.8092,0.302,1.193
9.30,622,1.66402,3.6755,1.7274,0.494,1.174
9.30,623,1.66404,3.6682,1.8204,0.287,1.211
9.30,624,1.66405,3.6636,1.8858,0.140,1.234
9.30,625,1.66408,3.6723,1.7958,0.333,1.190
9.30,626,1.66413,3.6744,1.7545,0.430,1.179
9.30,627,1.66416,3.6760,1.7559,0.420,1.172
9.30,628,1.66422,3.6740,1.7596,0.418,1.181
9.30,629,1.66425,3.6744,1.7725,0.385,1.180
9.30,630,1.66434,3.6723,1.7833,0.365,1.190
9.30,631,1.66441,3.6760,1.7462,0.445,1.172
9.30,632,1.66441,3.6760,1.7462,0.445,1.172
9.30,633,1.66441,3.6760,1.7461,0.445,1.172
9.30,634,1.66441,3.6760,1.7461,0.445,1.172
9.30,635,1.66441,3.6760,1.7461,0.445,1.172
9.30,636,1.66441,3.6760,1.7461,0.445,1.172
9.30,637,1.66441,3.6760,1.7461,0.445,1.172
9.30,638,1.66441,3.6760,1.7461,0.445,1.172
9.30,639,1.66441,3.6760,1.7461,0.445,1.172
9.30,640,1.66441,3.6760,1.7461,0.445,1.172
9.30,641,1.66441,3.6760,1.7461,0.445,1.172
9.30,642,1.66441,3.6760,1.7461,0.445,1.172
9.30,643,1.66441,3.6760,1.7461,0.445,1.172
9.30,644,1.66441,3.6760,1.7461,0.445,1.172
9.30,645,1.66441,3.6760,1.7461,0.445,1.172
9.30,646,1.66441,3.6760,1.7461,0.445,1.172
9.30,647,1.66441,3.6760,1.7461,0.445,1.172
9.30,648,1.66441,3.6760,1.7461,0.445,1.172
9.30,649,1.66441,3.6760,1.7461,0.445,1.172
9.30,650,1.66441,3.6760,1.7461,0.445,1.172
9.30,651,1.66441,3.6760,1.7461,0.445,1.172
9.30,652,1.66441,3.6760,1.7461,0.445,1.172
9.30,653,1.66441,3.6760,1.7461,0.445,1.172
9.30,654,1.66441,3.6760,1.7461,0.445,1.172
9.30,655,1.66441,3.6760,1.7461,0.445,1.172
9.30,656,1.66441,3.6760,1.7461,0.445,1.172
9.30,657,1.66441,3.6760,1.7461,0.445,1.172
9.30,658,1.66441,3.6760,1.7460,0.445,1.172
9.30,659,1.66447,3.6766,1.7388,0.461,1.169
9.30,660,1.66481,3.6761,1.7440,0.450,1.171
9.30,661,1.66517,3.6759,1.7470,0.443,1.172
9.30,662,1.66597,3.6756,1.7518,0.432,1.174
9.30,663,1.66759,3.6758,1.7543,0.425,1.173
9.30,664,1.66992,3.6763,1.7554,0.421,1.170
9.30,665,1.67295,3.6770,1.7564,0.416,1.167
9.30,666,1.67593,3.6776,1.7583,0.409,1.164
9.30,667,1.67852,3.6779,1.7614,0.400,1.162
9.30,668,1.68367,3.6778,1.7729,0.372,1.163
9.30,669,1.68859,3.6770,1.7900,0.331,1.167
9.30,670,1.69036,3.6761,1.8018,0.305,1.171
9.30,671,1.69181,3.6751,1.8146,0.277,1.177
9.30,672,1.69265,3.6742,1.8246,0.255,1.181
9.30,673,1.69332,3.6737,1.8304,0.242,1.183
9.30,674,1.69373,3.6727,1.8412,0.218,1.188
9.30,675,1.69407,3.6717,1.8523,0.194,1.194
9.30,676,1.69439,3.6709,1.8619,0.173,1.198
9.30,677,1.69461,3.6701,1.8707,0.154,1.202
9.30,678,1.69479,3.6690,1.8818,0.130,1.207
9.30,679,1.69495,3.6680,1.8929,0.106,1.212
9.30,680,1.69511,3.6673,1.9018,0.086,1.216
9.30,681,1.69519,3.6677,1.8971,0.096,1.214
9.30,682,1.69526,3.6685,1.8896,0.112,1.210
9.30,683,1.69532,3.6691,1.8834,0.126,1.207
9.30,684,1.69537,3.6697,1.8767,0.140,1.203
9.30,685,1.69542,3.6703,1.8711,0.152,1.201
9.30,686,1.69546,3.6709,1.8639,0.168,1.197
9.30,687,1.69556,3.6711,1.8612,0.174,1.197
9.30,688,1.69571,3.6701,1.8715,0.152,1.201
9.30,689,1.69584,3.6692,1.8818,0.129,1.206
9.30,690,1.69596,3.6682,1.8923,0.107,1.211
9.30,691,1.69605,3.6673,1.9028,0.084,1.216
9.30,692,1.69613,3.6663,1.9135,0.061,1.221
9.30,693,1.69620,3.6653,1.9242,0.037,1.226
9.30,694,1.69625,3.6644,1.9350,0.014,1.231
9.30,695,1.69630,3.6634,1.9458,-0.009,1.236
9.30,696,1.69634,3.6624,1.9567,-0.033,1.241
9.30,697,1.69637,3.6615,1.9676,-0.056,1.246
9.30,698,1.69639,3.6605,1.9784,-0.080,1.251
9.30,699,1.69642,3.6596,1.9893,-0.103,1.256
9.30,700,1.69643,3.6586,2.0002,-0.126,1.261
9.30,701,1.69645,3.6577,2.0110,-0.150,1.266
9.30,702,1.69646,3.6567,2.0218,-0.173,1.271
9.30,703,1.69647,3.6558,2.0325,-0.196,1.276
9.30,704,1.69648,3.6549,2.0432,-0.219,1.280
9.30,705,1.69649,3.6540,2.0538,-0.241,1.286
9.30,706,1.69650,3.6530,2.0643,-0.264,1.290
9.30,707,1.69650,3.6522,2.0748,-0.286,1.295
9.35,208,0.10000,3.4603,-3.0025,13.809,3.604
9.35,210,0.10523,3.4639,-2.9569,13.649,3.523
9.35,212,0.11380,3.4699,-2.8823,13.388,3.392
9.35,214,0.12232,3.4759,-2.8080,13.132,3.264
9.35,216,0.13115,3.4820,-2.7311,12.870,3.133
9.35,218,0.13987,3.4881,-2.6551,12.615,3.006
9.35,220,0.14853,3.4942,-2.5796,12.362,2.884
9.35,222,0.17565,3.5024,-2.4421,11.935,2.729
9.35,224,0.20176,3.5096,-2.3170,11.552,2.607
9.35,226,0.21425,3.5126,-2.2702,11.407,2.561
9.35,228,0.22619,3.5155,-2.2253,11.269,2.519
9.35,230,0.23832,3.5185,-2.1795,11.129,2.479
9.35,232,0.25065,3.5215,-2.1331,10.989,2.440
9.35,234,0.26786,3.5256,-2.0776,10.818,2.390
9.35,236,0.28475,3.5297,-2.0228,10.651,2.345
9.35,238,0.30073,3.5335,-1.9706,10.493,2.304
9.35,240,0.31004,3.5360,-1.9413,10.402,2.277
9.35,242,0.31176,3.5364,-1.9359,10.386,2.273
9.35,244,0.31358,3.5369,-1.9304,10.369,2.268
9.35,246,0.31538,3.5373,-1.9250,10.352,2.263
9.35,248,0.31726,3.5378,-1.9194,10.335,2.258
9.35,250,0.31916,3.5383,-1.9138,10.318,2.253
9.35,252,0.32450,3.5395,-1.8985,10.271,2.240
9.35,254,0.33442,3.5417,-1.8690,10.182,2.217
9.35,256,0.34477,3.5439,-1.8389,10.091,2.194
9.35,258,0.35289,3.5454,-1.8080,10.004,2.179
9.35,260,0.36094,3.5469,-1.7793,9.923,2.164
9.35,262,0.36627,3.5479,-1.7646,9.879,2.153
9.35,264,0.37154,3.5489,-1.7508,9.838,2.142
9.35,266,0.37747,3.5500,-1.7361,9.793,2.130
9.35,268,0.38825,3.5521,-1.7093,9.711,2.109
9.35,270,0.42377,3.5590,-1.6174,9.435,2.039
9.35,272,0.45857,3.5661,-1.5248,9.157,1.970
9.35,274,0.48483,3.5720,-1.4517,8.937,1.915
9.35,276,0.51053,3.5783,-1.3788,8.718,1.859
9.35,278,0.53792,3.5858,-1.2993,8.478,1.797
9.35,280,0.56153,3.5927,-1.2301,8.268,1.742
9.35,282,0.58191,3.5992,-1.1696,8.084,1.691
9.35,284,0.60257,3.6061,-1.1082,7.895,1.638
9.35,286,0.61809,3.6128,-1.0616,7.744,1.587
9.35,288,0.63448,3.6199,-1.0123,7.585,1.535
9.35,290,0.65048,3.6268,-0.9641,7.431,1.485
9.35,292,0.66598,3.6336,-0.9174,7.281,1.438
9.35,294,0.68253,3.6408,-0.8673,7.122,1.388
9.35,296,0.69789,3.6476,-0.8207,6.974,1.344
9.35,298,0.71684,3.6556,-0.7699,6.813,1.294
9.35,300,0.73555,3.6635,-0.7204,6.658,1.248
9.35,302,0.75357,3.6711,-0.6727,6.510,1.205
9.35,304,0.77222,3.6789,-0.6231,6.360,1.163
9.35,306,0.79010,3.6865,-0.5754,6.217,1.124
9.35,308,0.80808,3.6941,-0.5273,6.075,1.087
9.35,310,0.82530,3.7014,-0.4811,5.940,1.050
9.35,312,0.84289,3.7088,-0.4336,5.804,1.015
9.35,314,0.86028,3.7162,-0.3866,5.670,0.982
9.35,316,0.87656,3.7231,-0.3423,5.547,0.953
9.35,318,0.89397,3.7305,-0.2947,5.416,0.921
9.35,320,0.91068,3.7363,-0.2531,5.303,0.896
9.35,322,0.92762,3.7414,-0.2130,5.197,0.873
9.35,324,0.94477,3.7466,-0.1723,5.089,0.851
9.35,326,0.96094,3.7515,-0.1337,4.988,0.831
9.35,328,0.97787,3.7566,-0.0930,4.882,0.809
9.35,330,1.00003,3.7625,-0.0416,4.749,0.784
9.35,332,1.01757,3.7670,-0.0014,4.646,0.766
9.35,334,1.03059,3.7702,0.0282,4.571,0.752
9.35,336,1.04361,3.7734,0.0577,4.496,0.739
9.35,338,1.05971,3.7771,0.0940,4.404,0.724
9.35,340,1.07969,3.7816,0.1381,4.292,0.706
9.35,342,1.09951,3.7859,0.1822,4.182,0.688
9.35,344,1.12673,3.7916,0.2415,4.033,0.664
9.35,346,1.14429,3.7951,0.2792,3.939,0.650
9.35,348,1.17073,3.8001,0.3351,3.801,0.630
9.35,350,1.22688,3.8093,0.4481,3.524,0.591
9.35,352,1.28643,3.8161,0.5573,3.245,0.565
9.35,353,1.30457,3.8174,0.5886,3.165,0.560
9.35,354,1.31158,3.8178,0.6004,3.135,0.558
9.35,356,1.32438,3.8184,0.6217,3.081,0.556
9.35,358,1.33546,3.8187,0.6399,3.035,0.554
9.35,360,1.34517,3.8189,0.6556,2.995,0.553
9.35,362,1.35389,3.8189,0.6696,2.960,0.553
9.35,364,1.36290,3.8189,0.6839,2.924,0.553
9.35,366,1.37294,3.8186,0.6996,2.884,0.554
9.35,368,1.38360,3.8182,0.7160,2.843,0.555
9.35,370,1.39569,3.8176,0.7345,2.796,0.557
9.35,372,1.40737,3.8169,0.7524,2.751,0.560
9.35,374,1.41876,3.8159,0.7697,2.707,0.563
9.35,376,1.42769,3.8150,0.7828,2.674,0.567
9.35,378,1.43636,3.8139,0.7951,2.643,0.571
9.35,380,1.44519,3.8127,0.8079,2.610,0.576
9.35,382,1.45407,3.8113,0.8206,2.578,0.581
9.35,384,1.46311,3.8098,0.8334,2.546,0.587
9.35,386,1.47259,3.8081,0.8465,2.513,0.593
9.35,388,1.48204,3.8063,0.8596,2.480,0.600
9.35,390,1.49207,3.8043,0.8736,2.444,0.608
9.35,392,1.50188,3.8025,0.8880,2.408,0.615
9.35,394,1.51087,3.8012,0.9029,2.371,0.620
9.35,396,1.51836,3.8012,0.9193,2.329,0.620
9.35,398,1.52314,3.8025,0.9348,2.290,0.614
9.35,400,1.52580,3.8045,0.9482,2.257,0.606
9.35,402,1.52736,3.8068,0.9600,2.227,0.596
9.35,404,1.52835,3.8092,0.9711,2.199,0.587
9.35,406,1.52901,3.8117,0.9817,2.172,0.577
9.35,408,1.52947,3.8142,0.9920,2.147,0.566
9.35,410,1.52979,3.8166,1.0022,2.121,0.557
9.35,412,1.53003,3.8190,1.0122,2.096,0.547
9.35,414,1.53021,3.8214,1.0221,2.072,0.537
9.35,416,1.53035,3.8236,1.0317,2.048,0.528
9.35,418,1.53046,3.8258,1.0409,2.026,0.519
9.35,420,1.53055,3.8278,1.0494,2.005,0.511
9.35,422,1.53062,3.8295,1.0564,1.988,0.505
9.35,424,1.53069,3.8306,1.0610,1.977,0.500
9.35,426,1.53074,3.8310,1.0617,1.975,0.499
9.35,428,1.53079,3.8306,1.0589,1.982,0.500
9.35,430,1.53083,3.8295,1.0531,1.996,0.505
9.35,432,1.53088,3.8277,1.0460,2.014,0.512
9.35,434,1.53095,3.8255,1.0412,2.025,0.521
9.35,436,1.53104,3.8231,1.0429,2.020,0.530
9.35,438,1.53114,3.8209,1.0492,2.004,0.539
9.35,440,1.53130,3.8188,1.0552,1.988,0.547
9.35,442,1.53152,3.8165,1.0595,1.977,0.556
9.35,444,1.53189,3.8143,1.0627,1.968,0.564
9.35,446,1.53247,3.8121,1.0652,1.962,0.573
9.35,448,1.53331,3.8098,1.0676,1.956,0.582
9.35,450,1.53439,3.8076,1.0702,1.949,0.591
9.35,452,1.53560,3.8053,1.0728,1.943,0.600
9.35,454,1.53682,3.8030,1.0753,1.937,0.610
9.35,455,1.53845,3.7997,1.0780,1.930,0.623
9.35,456,1.53994,3.7964,1.0796,1.927,0.637
9.35,457,1.54129,3.7930,1.0801,1.926,0.651
9.35,458,1.54251,3.7896,1.0794,1.929,0.665
9.35,459,1.54361,3.7861,1.0775,1.934,0.679
9.35,460,1.54460,3.7826,1.0743,1.944,0.694
9.35,461,1.54549,3.7791,1.0698,1.957,0.709
9.35,462,1.54630,3.7755,1.0641,1.973,0.723
9.35,463,1.54703,3.7720,1.0571,1.992,0.739
9.35,464,1.54770,3.7684,1.0489,2.015,0.753
9.35,465,1.54831,3.7649,1.0396,2.041,0.768
9.35,466,1.54888,3.7615,1.0292,2.070,0.783
9.35,467,1.54941,3.7582,1.0178,2.101,0.797
9.35,468,1.54991,3.7549,1.0057,2.134,0.811
9.35,469,1.55038,3.7517,0.9928,2.170,0.825
9.35,470,1.55084,3.7485,0.9794,2.207,0.839
9.35,471,1.55129,3.7454,0.9657,2.245,0.853
9.35,472,1.55173,3.7422,0.9518,2.283,0.866
9.35,473,1.55217,3.7391,0.9378,2.322,0.880
9.35,474,1.55262,3.7360,0.9239,2.361,0.894
9.35,475,1.55309,3.7329,0.9103,2.400,0.908
9.35,476,1.55358,3.7296,0.8973,2.438,0.922
9.35,477,1.55413,3.7262,0.8855,2.473,0.937
9.35,478,1.55474,3.7226,0.8756,2.504,0.953
9.35,479,1.55548,3.7188,0.8692,2.527,0.969
9.35,480,1.55637,3.7150,0.8687,2.536,0.985
9.35,481,1.55737,3.7115,0.8750,2.527,1.001
9.35,482,1.55839,3.7086,0.8870,2.504,1.013
9.35,483,1.55939,3.7064,0.9023,2.471,1.024
9.35,484,1.56043,3.7046,0.9195,2.432,1.032
9.35,485,1.56142,3.7030,0.9379,2.390,1.040
9.35,486,1.56238,3.7016,0.9572,2.345,1.047
9.35,487,1.56333,3.7003,0.9769,2.299,1.053
9.35,488,1.56433,3.6992,0.9967,2.252,1.058
9.35,489,1.56526,3.6981,1.0170,2.204,1.063
9.35,490,1.56627,3.6972,1.0372,2.156,1.068
9.35,491,1.56727,3.6963,1.0576,2.107,1.073
9.35,492,1.56817,3.6953,1.0782,2.058,1.077
9.35,493,1.56899,3.6944,1.0990,2.009,1.082
9.35,494,1.57007,3.6935,1.1195,1.960,1.086
9.35,495,1.57106,3.6927,1.1402,1.910,1.090
9.35,496,1.57203,3.6918,1.1610,1.861,1.094
9.35,497,1.57305,3.6909,1.1817,1.811,1.098
9.35,498,1.57397,3.6900,1.2026,1.762,1.103
9.35,499,1.57488,3.6891,1.2235,1.712,1.107
9.35,500,1.57576,3.6881,1.2444,1.663,1.111
9.35,501,1.57669,3.6871,1.2652,1.613,1.116
9.35,502,1.57762,3.6862,1.2861,1.564,1.120
9.35,503,1.57854,3.6852,1.3069,1.515,1.125
9.35,504,1.57944,3.6842,1.3278,1.466,1.129
9.35,505,1.58030,3.6832,1.3486,1.417,1.134
9.35,506,1.58113,3.6822,1.3695,1.368,1.139
9.35,507,1.58191,3.6812,1.3903,1.319,1.144
9.35,508,1.58266,3.6801,1.4111,1.270,1.149
9.35,509,1.58339,3.6790,1.4319,1.222,1.155
9.35,510,1.58409,3.6780,1.4528,1.173,1.160
9.35,511,1.58477,3.6768,1.4735,1.125,1.166
9.35,512,1.58544,3.6757,1.4943,1.076,1.171
9.35,513,1.58609,3.6746,1.5151,1.028,1.177
9.35,514,1.58675,3.6734,1.5358,0.980,1.183
9.35,515,1.58737,3.6723,1.5565,0.933,1.188
9.35,516,1.58796,3.6711,1.5772,0.885,1.194
9.35,517,1.58850,3.6699,1.5979,0.837,1.200
9.35,518,1.58903,3.6687,1.6186,0.790,1.206
9.35,519,1.58954,3.6675,1.6393,0.743,1.213
9.35,520,1.59004,3.6663,1.6599,0.696,1.219
9.35,521,1.59054,3.6650,1.6805,0.649,1.225
9.35,522,1.59104,3.6638,1.7011,0.602,1.232
9.35,523,1.59155,3.6625,1.7216,0.555,1.238
9.35,524,1.59207,3.6613,1.7421,0.509,1.245
9.35,525,1.59266,3.6600,1.7626,0.463,1.251
9.35,526,1.59345,3.6588,1.7828,0.417,1.258
9.35,527,1.59457,3.6577,1.8020,0.373,1.263
9.35,528,1.59540,3.6566,1.8220,0.328,1.270
9.35,529,1.59592,3.6553,1.8424,0.282,1.277
9.35,530,1.59629,3.6539,1.8629,0.237,1.284
9.35,531,1.59663,3.6525,1.8833,0.192,1.292
9.35,532,1.59693,3.6511,1.9037,0.147,1.300
9.35,533,1.59724,3.6497,1.9242,0.102,1.307
9.35,534,1.59753,3.6483,1.9445,0.057,1.315
9.35,535,1.59781,3.6469,1.9649,0.012,1.323
9.35,536,1.59808,3.6454,1.9853,-0.032,1.331
9.35,537,1.59835,3.6440,2.0056,-0.076,1.340
9.35,538,1.59860,3.6425,2.0260,-0.121,1.348
9.35,539,1.59884,3.6410,2.0463,-0.165,1.356
9.35,540,1.59908,3.6396,2.0666,-0.208,1.365
9.35,541,1.59931,3.6381,2.0869,-0.252,1.373
9.35,542,1.59952,3.6366,2.1072,-0.295,1.382
9.35,543,1.59973,3.6351,2.1274,-0.338,1.391
9.35,544,1.59994,3.6336,2.1477,-0.381,1.400
9.35,545,1.60013,3.6320,2.1679,-0.424,1.410
9.35,546,1.60032,3.6305,2.1881,-0.466,1.419
9.35,547,1.60050,3.6289,2.2083,-0.508,1.429
9.35,548,1.60067,3.6273,2.2284,-0.550,1.439
9.35,549,1.60084,3.6258,2.2486,-0.592,1.449
9.35,550,1.60100,3.6242,2.2687,-0.633,1.459
9.35,551,1.60115,3.6226,2.2888,-0.675,1.469
9.35,552,1.60130,3.6210,2.3089,-0.716,1.479
9.35,553,1.60145,3.6194,2.3289,-0.757,1.489
9.35,554,1.60159,3.6177,2.3490,-0.798,1.500
9.35,555,1.60172,3.6161,2.3690,-0.839,1.510
9.35,556,1.60185,3.6144,2.3890,-0.879,1.521
9.35,557,1.60198,3.6127,2.4090,-0.918,1.532
9.35,558,1.60210,3.6111,2.4290,-0.958,1.544
9.35,559,1.60221,3.6094,2.4490,-0.997,1.556
9.35,560,1.60233,3.6077,2.4689,-1.036,1.568
9.35,561,1.60244,3.6060,2.4889,-1.074,1.580
9.35,562,1.60254,3.6043,2.5088,-1.112,1.593
9.35,563,1.60264,3.6025,2.5287,-1.149,1.607
9.35,564,1.60274,3.6008,2.5486,-1.186,1.621
9.35,565,1.60284,3.5991,2.5684,-1.222,1.635
9.35,566,1.60293,3.5973,2.5883,-1.259,1.649
9.35,567,1.60302,3.5955,2.6081,-1.295,1.663
9.35,568,1.60310,3.5938,2.6279,-1.331,1.676
9.35,569,1.60318,3.5920,2.6477,-1.366,1.691
9.35,570,1.60326,3.5902,2.6674,-1.402,1.705
9.35,571,1.60334,3.5884,2.6872,-1.437,1.720
9.35,572,1.60342,3.5866,2.7069,-1.471,1.735
9.35,573,1.60349,3.5848,2.7267,-1.505,1.751
9.35,574,1.60356,3.5830,2.7464,-1.538,1.768
9.35,575,1.60363,3.5811,2.7661,-1.570,1.786
9.35,576,1.60369,3.5793,2.7859,-1.602,1.805
9.35,577,1.60376,3.5775,2.8055,-1.632,1.826
9.35,578,1.60382,3.5756,2.8251,-1.662,1.848
9.35,579,1.60388,3.5737,2.8447,-1.691,1.871
9.35,580,1.60394,3.5719,2.8643,-1.718,1.896
9.35,581,1.60399,3.5700,2.8839,-1.745,1.921
9.35,582,1.60405,3.5681,2.9035,-1.771,1.948
9.35,583,1.60410,3.5662,2.9231,-1.797,1.976
9.35,584,1.60415,3.5644,2.9427,-1.822,2.004
9.35,585,1.60420,3.5625,2.9622,-1.846,2.033
9.35,586,1.60425,3.5606,2.9817,-1.870,2.062
9.35,587,1.60430,3.5586,3.0013,-1.893,2.093
9.35,588,1.60434,3.5567,3.0208,-1.915,2.125
9.35,589,1.60439,3.5548,3.0403,-1.936,2.158
9.35,590,1.60443,3.5528,3.0598,-1.956,2.192
9.35,591,1.60447,3.5509,3.0793,-1.976,2.227
9.35,592,1.60451,3.5489,3.0987,-1.993,2.265
9.35,593,1.60455,3.5470,3.1182,-2.010,2.304
9.35,594,1.60459,3.5450,3.1376,-2.026,2.345
9.35,595,1.60463,3.5430,3.1570,-2.039,2.388
9.35,596,1.60466,3.5411,3.1764,-2.050,2.436
9.35,597,1.60470,3.5391,3.1958,-2.059,2.489
9.35,598,1.60473,3.5371,3.2152,-2.065,2.546
9.35,599,1.60477,3.5352,3.2346,-2.068,2.607
9.35,600,1.60480,3.5332,3.2539,-2.070,2.671
9.35,601,1.60483,3.5312,3.2733,-2.071,2.738
9.35,602,1.60486,3.5292,3.2926,-2.070,2.807
9.35,603,1.60489,3.5272,3.3120,-2.068,2.877
9.35,604,1.60492,3.5252,3.3313,-2.065,2.950
9.35,605,1.60496,3.5232,3.3506,-2.061,3.023
9.35,606,1.60496,3.5234,3.3480,-2.062,3.013
9.35,607,1.60496,3.5262,3.3231,-2.071,2.913
9.35,608,1.60496,3.5388,3.2062,-2.079,2.497
9.35,609,1.60496,3.5513,3.0887,-2.007,2.218
9.35,610,1.60496,3.5637,2.9706,-1.884,2.013
9.35,611,1.60496,3.5758,2.8521,-1.732,1.845
9.35,612,1.60496,3.5876,2.7331,-1.545,1.726
9.35,613,1.60496,3.5992,2.6138,-1.337,1.634
9.35,614,1.60496,3.6105,2.4940,-1.117,1.548
9.35,615,1.60496,3.6215,2.3738,-0.882,1.476
9.35,616,1.60496,3.6323,2.2532,-0.639,1.409
9.35,617,1.60496,3.6428,2.1323,-0.388,1.347
9.35,618,1.60497,3.6533,2.0113,-0.132,1.289
9.35,619,1.60497,3.6635,1.8900,0.130,1.235
9.35,620,1.60497,3.6719,1.7666,0.408,1.192
9.35,621,1.60498,3.6664,1.8144,0.309,1.220
9.35,622,1.60499,3.6572,1.9368,0.038,1.267
9.35,623,1.60501,3.6556,1.9678,-0.033,1.276
9.35,624,1.60502,3.6655,1.8530,0.215,1.224
9.35,625,1.60505,3.6694,1.7948,0.346,1.204
9.35,626,1.60508,3.6708,1.7968,0.336,1.197
9.35,627,1.60512,3.6741,1.7410,0.464,1.181
9.35,628,1.60515,3.6740,1.7619,0.412,1.182
9.35,629,1.60521,3.6717,1.7713,0.397,1.193
9.35,630,1.60524,3.6744,1.7494,0.442,1.180
9.35,631,1.60533,3.6732,1.7631,0.412,1.185
9.35,632,1.60533,3.6732,1.7630,0.412,1.185
9.35,633,1.60533,3.6732,1.7630,0.412,1.185
9.35,634,1.60533,3.6732,1.7630,0.412,1.185
9.35,635,1.60533,3.6732,1.7629,0.412,1.185
9.35,636,1.60533,3.6732,1.7629,0.412,1.185
9.35,637,1.60533,3.6732,1.7629,0.412,1.185
9.35,638,1.60533,3.6732,1.7629,0.412,1.185
9.35,639,1.60533,3.6732,1.7629,0.412,1.185
9.35,640,1.60533,3.6733,1.7629,0.412,1.185
9.35,641,1.60533,3.6733,1.7629,0.412,1.185
9.35,642,1.60533,3.6733,1.7629,0.412,1.185
9.35,643,1.60533,3.6733,1.7629,0.412,1.185
9.35,644,1.60533,3.6733,1.7629,0.412,1.185
9.35,645,1.60533,3.6733,1.7629,0.412,1.185
9.35,646,1.60533,3.6733,1.7629,0.412,1.185
9.35,647,1.60533,3.6733,1.7629,0.412,1.185
9.35,648,1.60533,3.6733,1.7629,0.412,1.185
9.35,649,1.60533,3.6733,1.7629,0.412,1.185
9.35,650,1.60533,3.6733,1.7628,0.413,1.185
9.35,651,1.60533,3.6733,1.7628,0.413,1.185
9.35,652,1.60533,3.6733,1.7628,0.413,1.185
9.35,653,1.60533,3.6733,1.7627,0.413,1.185
9.35,654,1.60533,3.6733,1.7624,0.413,1.185
9.35,655,1.60533,3.6738,1.7564,0.427,1.183
9.35,656,1.60536,3.6746,1.7463,0.449,1.178
9.35,657,1.60551,3.6748,1.7436,0.455,1.178
9.35,658,1.60593,3.6743,1.7491,0.443,1.180
9.35,659,1.60735,3.6747,1.7492,0.442,1.178
9.35,660,1.60928,3.6749,1.7531,0.431,1.177
9.35,661,1.61106,3.6751,1.7573,0.420,1.176
9.35,662,1.61362,3.6758,1.7577,0.417,1.173
9.35,663,1.61565,3.6761,1.7610,0.407,1.171
9.35,664,1.61862,3.6768,1.7624,0.401,1.168
9.35,665,1.62096,3.6769,1.7674,0.389,1.168
9.35,666,1.62209,3.6767,1.7717,0.379,1.169
9.35,667,1.62321,3.6762,1.7785,0.363,1.171
9.35,668,1.62421,3.6758,1.7838,0.351,1.173
9.35,669,1.62509,3.6753,1.7909,0.335,1.175
9.35,670,1.62608,3.6752,1.7938,0.328,1.176
9.35,671,1.62677,3.6746,1.8015,0.311,1.179
9.35,672,1.62735,3.6741,1.8069,0.299,1.181
9.35,673,1.62772,3.6745,1.8042,0.305,1.180
9.35,674,1.62816,3.6738,1.8117,0.288,1.183
9.35,675,1.62852,3.6731,1.8193,0.272,1.186
9.35,676,1.62879,3.6723,1.8280,0.253,1.191
9.35,677,1.62905,3.6716,1.8350,0.238,1.194
9.35,678,1.62924,3.6713,1.8383,0.230,1.195
9.35,679,1.62943,3.6705,1.8472,0.211,1.199
9.35,680,1.62961,3.6697,1.8564,0.191,1.204
9.35,681,1.62979,3.6689,1.8654,0.171,1.208
9.35,682,1.62995,3.6682,1.8727,0.156,1.211
9.35,683,1.63004,3.6682,1.8727,0.155,1.211
9.35,684,1.63011,3.6683,1.8726,0.156,1.211
9.35,685,1.63017,3.6684,1.8721,0.156,1.210
9.35,686,1.63023,3.6684,1.8711,0.159,1.210
9.35,687,1.63033,3.6677,1.8783,0.143,1.214
9.35,688,1.63041,3.6668,1.8881,0.122,1.218
9.35,689,1.63048,3.6659,1.8979,0.101,1.223
9.35,690,1.63054,3.6651,1.9077,0.080,1.227
9.35,691,1.63059,3.6642,1.9175,0.059,1.232
9.35,692,1.63064,3.6633,1.9273,0.038,1.236
9.35,693,1.63067,3.6624,1.9371,0.016,1.241
9.35,694,1.63070,3.6615,1.9469,-0.005,1.245
9.35,695,1.63073,3.6607,1.9567,-0.026,1.250
9.35,696,1.63075,3.6598,1.9665,-0.047,1.254
9.35,697,1.63077,3.6589,1.9763,-0.068,1.259
9.35,698,1.63078,3.6581,1.9861,-0.089,1.263
9.35,699,1.63080,3.6572,1.9959,-0.110,1.268
9.35,700,1.63081,3.6564,2.0056,-0.131,1.273
9.35,701,1.63082,3.6555,2.0153,-0.151,1.277
9.35,702,1.63082,3.6546,2.0250,-0.172,1.282
9.35,703,1.63083,3.6538,2.0346,-0.193,1.286
9.35,704,1.63084,3.6530,2.0442,-0.213,1.291
9.35,705,1.63084,3.6522,2.0537,-0.233,1.295
9.35,706,1.63085,3.6513,2.0632,-0.254,1.300
9.35,707,1.63085,3.6505,2.0726,-0.273,1.304
9.40,212,0.10363,3.4628,-2.9708,13.697,3.548
9.40,214,0.11214,3.4687,-2.8967,13.438,3.417
9.40,216,0.12094,3.4749,-2.8200,13.173,3.284
9.40,218,0.12957,3.4809,-2.7447,12.917,3.156
9.40,220,0.13828,3.4870,-2.6688,12.661,3.029
9.40,222,0.14729,3.4933,-2.5903,12.398,2.901
9.40,224,0.16991,3.5008,-2.4698,12.021,2.758
9.40,226,0.19900,3.5089,-2.3282,11.587,2.618
9.40,228,0.21145,3.5119,-2.2804,11.439,2.571
9.40,230,0.22378,3.5150,-2.2339,11.296,2.527
9.40,232,0.23585,3.5179,-2.1882,11.156,2.486
9.40,234,0.24748,3.5207,-2.1440,11.022,2.449
9.40,236,0.26396,3.5247,-2.0891,10.853,2.400
9.40,238,0.28048,3.5287,-2.0352,10.690,2.356
9.40,240,0.29631,3.5324,-1.9832,10.533,2.315
9.40,242,0.30734,3.5353,-1.9478,10.424,2.285
9.40,244,0.31130,3.5364,-1.9353,10.385,2.274
9.40,246,0.31307,3.5368,-1.9299,10.368,2.269
9.40,248,0.31493,3.5373,-1.9242,10.351,2.264
9.40,250,0.31679,3.5377,-1.9186,10.334,2.259
9.40,252,0.31870,3.5382,-1.9130,10.316,2.254
9.40,254,0.32282,3.5392,-1.9011,10.280,2.244
9.40,256,0.33136,3.5411,-1.8769,10.206,2.224
9.40,258,0.34258,3.5434,-1.8419,10.102,2.199
9.40,260,0.35035,3.5449,-1.8144,10.024,2.184
9.40,262,0.35857,3.5464,-1.7860,9.943,2.168
9.40,264,0.36434,3.5475,-1.7702,9.895,2.156
9.40,266,0.36928,3.5485,-1.7556,9.853,2.147
9.40,268,0.37479,3.5495,-1.7417,9.810,2.136
9.40,270,0.38080,3.5507,-1.7270,9.765,2.123
9.40,272,0.40302,3.5549,-1.6708,9.595,2.080
9.40,274,0.44139,3.5625,-1.5701,9.293,2.004
9.40,276,0.47004,3.5687,-1.4917,9.057,1.945
9.40,278,0.49576,3.5746,-1.4199,8.842,1.892
9.40,280,0.52144,3.5813,-1.3458,8.618,1.833
9.40,282,0.54707,3.5883,-1.2713,8.394,1.776
9.40,284,0.56925,3.5953,-1.2056,8.194,1.721
9.40,286,0.58910,3.6016,-1.1466,8.014,1.672
9.40,288,0.60770,3.6084,-1.0910,7.840,1.619
9.40,290,0.62377,3.6154,-1.0427,7.683,1.567
9.40,292,0.63921,3.6221,-0.9960,7.534,1.518
9.40,294,0.65583,3.6294,-0.9458,7.373,1.467
9.40,296,0.67125,3.6362,-0.8990,7.223,1.420
9.40,298,0.68748,3.6433,-0.8497,7.066,1.372
9.40,300,0.70406,3.6506,-0.8008,6.911,1.325
9.40,302,0.72207,3.6582,-0.7531,6.760,1.279
9.40,304,0.74114,3.6662,-0.7024,6.602,1.232
9.40,306,0.75909,3.6738,-0.6546,6.456,1.190
9.40,308,0.77723,3.6815,-0.6061,6.309,1.149
9.40,310,0.79480,3.6889,-0.5589,6.168,1.112
9.40,312,0.81233,3.6964,-0.5116,6.029,1.075
9.40,314,0.83002,3.7039,-0.4638,5.891,1.038
9.40,316,0.84656,3.7109,-0.4188,5.762,1.005
9.40,318,0.86397,3.7183,-0.3712,5.628,0.973
9.40,320,0.88049,3.7253,-0.3258,5.502,0.943
9.40,322,0.89695,3.7323,-0.2804,5.377,0.913
9.40,324,0.91402,3.7379,-0.2386,5.265,0.888
9.40,326,0.93042,3.7429,-0.1994,5.161,0.867
9.40,328,0.94746,3.7480,-0.1584,5.053,0.845
9.40,330,0.96349,3.7528,-0.1196,4.952,0.825
9.40,332,0.98018,3.7578,-0.0789,4.846,0.804
9.40,334,1.00209,3.7636,-0.0275,4.713,0.779
9.40,336,1.01963,3.7681,0.0134,4.609,0.761
9.40,338,1.03193,3.7711,0.0417,4.537,0.748
9.40,340,1.04531,3.7743,0.0725,4.458,0.735
9.40,342,1.06130,3.7780,0.1091,4.366,0.720
9.40,344,1.08108,3.7823,0.1537,4.254,0.702
9.40,346,1.10155,3.7868,0.2001,4.137,0.684
9.40,348,1.12775,3.7921,0.2582,3.992,0.662
9.40,350,1.14564,3.7956,0.2975,3.894,0.648
9.40,352,1.17213,3.8004,0.3544,3.754,0.628
9.40,353,1.18843,3.8030,0.3885,3.670,0.617
9.40,354,1.19630,3.8043,0.4046,3.630,0.612
9.40,356,1.23109,3.8087,0.4726,3.463,0.593
9.40,358,1.25464,3.8108,0.5161,3.352,0.585
9.40,360,1.28140,3.8125,0.5638,3.229,0.578
9.40,362,1.29303,3.8130,0.5837,3.178,0.577
9.40,364,1.30507,3.8132,0.6042,3.125,0.576
9.40,366,1.31815,3.8133,0.6260,3.070,0.575
9.40,368,1.32898,3.8131,0.6436,3.025,0.576
9.40,370,1.33925,3.8128,0.6603,2.983,0.577
9.40,372,1.34760,3.8124,0.6736,2.949,0.578
9.40,374,1.35564,3.8118,0.6862,2.917,0.580
9.40,376,1.36421,3.8111,0.6989,2.885,0.583
9.40,378,1.37368,3.8102,0.7139,2.847,0.586
9.40,380,1.38358,3.8091,0.7288,2.809,0.591
9.40,382,1.39418,3.8078,0.7449,2.769,0.596
9.40,384,1.40450,3.8063,0.7602,2.730,0.601
9.40,386,1.41451,3.8046,0.7749,2.693,0.608
9.40,388,1.42361,3.8030,0.7880,2.660,0.614
9.40,390,1.43177,3.8015,0.7999,2.630,0.620
9.40,392,1.43988,3.8000,0.8122,2.599,0.626
9.40,394,1.44789,3.7988,0.8255,2.566,0.630
9.40,396,1.45528,3.7983,0.8403,2.528,0.632
9.40,398,1.46072,3.7990,0.8555,2.490,0.629
9.40,400,1.46409,3.8006,0.8695,2.455,0.622
9.40,402,1.46601,3.8027,0.8818,2.424,0.614
9.40,404,1.46721,3.8049,0.8932,2.395,0.605
9.40,406,1.46800,3.8071,0.9041,2.368,0.596
9.40,408,1.46854,3.8094,0.9146,2.341,0.587
9.40,410,1.46892,3.8117,0.9249,2.315,0.577
9.40,412,1.46919,3.8139,0.9351,2.290,0.568
9.40,414,1.46940,3.8160,0.9452,2.265,0.560
9.40,416,1.46956,3.8181,0.9551,2.240,0.551
9.40,418,1.46968,3.8200,0.9647,2.216,0.543
9.40,420,1.46977,3.8218,0.9736,2.194,0.536
9.40,422,1.46986,3.8233,0.9814,2.175,0.530
9.40,424,1.46992,3.8244,0.9870,2.161,0.526
9.40,426,1.46998,3.8249,0.9894,2.155,0.524
9.40,428,1.47003,3.8247,0.9882,2.158,0.524
9.40,430,1.47007,3.8241,0.9841,2.168,0.527
9.40,432,1.47013,3.8228,0.9780,2.184,0.532
9.40,434,1.47019,3.8210,0.9732,2.195,0.540
9.40,436,1.47028,3.8189,0.9745,2.191,0.548
9.40,438,1.47040,3.8169,0.9804,2.176,0.555
9.40,440,1.47056,3.8150,0.9858,2.162,0.563
9.40,442,1.47083,3.8130,0.9898,2.152,0.571
9.40,444,1.47129,3.8111,0.9928,2.144,0.578
9.40,446,1.47205,3.8091,0.9956,2.137,0.586
9.40,448,1.47314,3.8071,0.9986,2.130,0.594
9.40,450,1.47445,3.8052,1.0019,2.121,0.602
9.40,452,1.47582,3.8031,1.0053,2.113,0.610
9.40,454,1.47716,3.8011,1.0084,2.105,0.618
9.40,455,1.47896,3.7980,1.0119,2.097,0.631
9.40,456,1.48061,3.7948,1.0142,2.091,0.644
9.40,457,1.48213,3.7914,1.0151,2.090,0.658
9.40,458,1.48348,3.7879,1.0147,2.092,0.672
9.40,459,1.48467,3.7843,1.0129,2.097,0.687
9.40,460,1.48574,3.7808,1.0097,2.107,0.702
9.40,461,1.48670,3.7771,1.0053,2.120,0.717
9.40,462,1.48757,3.7735,0.9994,2.136,0.732
9.40,463,1.48837,3.7699,0.9923,2.156,0.747
9.40,464,1.48909,3.7663,0.9840,2.179,0.763
9.40,465,1.48976,3.7628,0.9746,2.205,0.778
9.40,466,1.49039,3.7593,0.9641,2.235,0.793
9.40,467,1.49098,3.7559,0.9528,2.266,0.807
9.40,468,1.49153,3.7525,0.9407,2.300,0.822
9.40,469,1.49207,3.7492,0.9280,2.335,0.836
9.40,470,1.49259,3.7459,0.9148,2.371,0.850
9.40,471,1.49311,3.7427,0.9013,2.409,0.864
9.40,472,1.49362,3.7395,0.8878,2.447,0.878
9.40,473,1.49415,3.7362,0.8742,2.485,0.893
9.40,474,1.49470,3.7330,0.8611,2.523,0.907
9.40,475,1.49529,3.7296,0.8486,2.560,0.922
9.40,476,1.49594,3.7261,0.8372,2.594,0.938
9.40,477,1.49667,3.7225,0.8274,2.625,0.954
9.40,478,1.49751,3.7186,0.8208,2.648,0.970
9.40,479,1.49856,3.7146,0.8199,2.659,0.987
9.40,480,1.49980,3.7112,0.8261,2.650,1.002
9.40,481,1.50107,3.7083,0.8377,2.628,1.015
9.40,482,1.50232,3.7060,0.8530,2.595,1.026
9.40,483,1.50357,3.7041,0.8702,2.557,1.034
9.40,484,1.50485,3.7026,0.8884,2.515,1.041
9.40,485,1.50600,3.7012,0.9076,2.470,1.048
9.40,486,1.50709,3.6999,0.9276,2.423,1.054
9.40,487,1.50845,3.6990,0.9473,2.376,1.059
9.40,488,1.50951,3.6979,0.9678,2.328,1.064
9.40,489,1.51066,3.6970,0.9883,2.279,1.069
9.40,490,1.51185,3.6961,1.0089,2.230,1.073
9.40,491,1.51304,3.6952,1.0296,2.180,1.077
9.40,492,1.51409,3.6944,1.0505,2.130,1.082
9.40,493,1.51516,3.6935,1.0714,2.080,1.086
9.40,494,1.51630,3.6927,1.0923,2.030,1.090
9.40,495,1.51737,3.6918,1.1134,1.980,1.094
9.40,496,1.51843,3.6909,1.1344,1.930,1.098
9.40,497,1.51952,3.6901,1.1555,1.879,1.102
9.40,498,1.52053,3.6892,1.1767,1.829,1.106
9.40,499,1.52149,3.6883,1.1982,1.778,1.110
9.40,500,1.52241,3.6873,1.2196,1.727,1.115
9.40,501,1.52330,3.6864,1.2410,1.676,1.119
9.40,502,1.52417,3.6854,1.2624,1.626,1.124
9.40,503,1.52502,3.6844,1.2838,1.575,1.128
9.40,504,1.52586,3.6834,1.3052,1.525,1.133
9.40,505,1.52669,3.6824,1.3265,1.475,1.138
9.40,506,1.52749,3.6814,1.3479,1.424,1.143
9.40,507,1.52825,3.6804,1.3692,1.374,1.148
9.40,508,1.52895,3.6793,1.3905,1.324,1.153
9.40,509,1.52961,3.6782,1.4117,1.275,1.159
9.40,510,1.53023,3.6771,1.4330,1.225,1.164
9.40,511,1.53084,3.6760,1.4542,1.176,1.170
9.40,512,1.53141,3.6749,1.4754,1.127,1.175
9.40,513,1.53196,3.6737,1.4966,1.078,1.181
9.40,514,1.53250,3.6725,1.5177,1.029,1.187
9.40,515,1.53302,3.6714,1.5388,0.980,1.193
9.40,516,1.53352,3.6702,1.5599,0.932,1.199
9.40,517,1.53402,3.6690,1.5810,0.883,1.205
9.40,518,1.53449,3.6678,1.6021,0.835,1.211
9.40,519,1.53497,3.6666,1.6231,0.787,1.217
9.40,520,1.53544,3.6653,1.6441,0.739,1.224
9.40,521,1.53590,3.6641,1.6651,0.691,1.230
9.40,522,1.53636,3.6628,1.6860,0.644,1.237
9.40,523,1.53684,3.6615,1.7069,0.596,1.243
9.40,524,1.53738,3.6603,1.7277,0.549,1.250
9.40,525,1.53817,3.6591,1.7482,0.503,1.256
9.40,526,1.53935,3.6581,1.7675,0.458,1.261
9.40,527,1.54002,3.6568,1.7881,0.412,1.268
9.40,528,1.54051,3.6556,1.8088,0.365,1.275
9.40,529,1.54086,3.6542,1.8295,0.319,1.283
9.40,530,1.54116,3.6528,1.8503,0.273,1.290
9.40,531,1.54145,3.6514,1.8710,0.227,1.298
9.40,532,1.54174,3.6500,1.8917,0.182,1.306
9.40,533,1.54201,3.6486,1.9124,0.136,1.314
9.40,534,1.54227,3.6471,1.9331,0.091,1.322
9.40,535,1.54253,3.6457,1.9538,0.046,1.330
9.40,536,1.54278,3.6442,1.9744,0.000,1.338
9.40,537,1.54301,3.6428,1.9951,-0.045,1.346
9.40,538,1.54324,3.6413,2.0157,-0.089,1.355
9.40,539,1.54346,3.6398,2.0364,-0.134,1.363
9.40,540,1.54367,3.6383,2.0570,-0.178,1.372
9.40,541,1.54387,3.6368,2.0775,-0.222,1.381
9.40,542,1.54407,3.6353,2.0981,-0.266,1.390
9.40,543,1.54426,3.6337,2.1186,-0.310,1.399
9.40,544,1.54444,3.6322,2.1392,-0.353,1.408
9.40,545,1.54461,3.6306,2.1597,-0.396,1.418
9.40,546,1.54478,3.6291,2.1802,-0.439,1.428
9.40,547,1.54494,3.6275,2.2007,-0.481,1.438
9.40,548,1.54510,3.6259,2.2211,-0.524,1.448
9.40,549,1.54525,3.6243,2.2416,-0.566,1.458
9.40,550,1.54539,3.6227,2.2620,-0.608,1.468
9.40,551,1.54553,3.6211,2.2824,-0.650,1.478
9.40,552,1.54566,3.6194,2.3029,-0.692,1.489
9.40,553,1.54579,3.6178,2.3232,-0.734,1.499
9.40,554,1.54592,3.6161,2.3436,-0.775,1.510
9.40,555,1.54604,3.6144,2.3639,-0.816,1.521
9.40,556,1.54615,3.6127,2.3842,-0.856,1.532
9.40,557,1.54627,3.6110,2.4045,-0.897,1.544
9.40,558,1.54637,3.6093,2.4249,-0.937,1.556
9.40,559,1.54648,3.6076,2.4451,-0.976,1.568
9.40,560,1.54658,3.6059,2.4654,-1.015,1.581
9.40,561,1.54667,3.6042,2.4856,-1.053,1.594
9.40,562,1.54677,3.6024,2.5059,-1.091,1.608
9.40,563,1.54686,3.6007,2.5261,-1.128,1.622
9.40,564,1.54694,3.5989,2.5462,-1.165,1.636
9.40,565,1.54703,3.5971,2.5664,-1.203,1.650
9.40,566,1.54711,3.5953,2.5865,-1.239,1.664
9.40,567,1.54719,3.5935,2.6067,-1.276,1.678
9.40,568,1.54726,3.5917,2.6268,-1.312,1.693
9.40,569,1.54733,3.5899,2.6469,-1.348,1.707
9.40,570,1.54741,3.5881,2.6670,-1.383,1.723
9.40,571,1.54747,3.5862,2.6870,-1.418,1.738
9.40,572,1.54754,3.5844,2.7071,-1.452,1.755
9.40,573,1.54760,3.5826,2.7271,-1.486,1.772
9.40,574,1.54767,3.5807,2.7472,-1.519,1.791
9.40,575,1.54773,3.5789,2.7672,-1.551,1.810
9.40,576,1.54778,3.5770,2.7872,-1.582,1.832
9.40,577,1.54784,3.5751,2.8071,-1.611,1.854
9.40,578,1.54789,3.5732,2.8271,-1.640,1.879
9.40,579,1.54795,3.5713,2.8469,-1.668,1.904
9.40,580,1.54800,3.5694,2.8669,-1.695,1.930
9.40,581,1.54805,3.5675,2.8868,-1.722,1.957
9.40,582,1.54809,3.5656,2.9067,-1.747,1.985
9.40,583,1.54814,3.5637,2.9265,-1.772,2.014
9.40,584,1.54819,3.5617,2.9464,-1.797,2.044
9.40,585,1.54823,3.5598,2.9662,-1.821,2.075
9.40,586,1.54827,3.5579,2.9861,-1.844,2.106
9.40,587,1.54831,3.5559,3.0059,-1.866,2.139
9.40,588,1.54835,3.5539,3.0257,-1.887,2.173
9.40,589,1.54839,3.5520,3.0456,-1.907,2.208
9.40,590,1.54843,3.5500,3.0653,-1.926,2.245
9.40,591,1.54847,3.5480,3.0851,-1.944,2.284
9.40,592,1.54850,3.5460,3.1049,-1.960,2.324
9.40,593,1.54853,3.5440,3.1246,-1.975,2.367
9.40,594,1.54857,3.5420,3.1444,-1.988,2.413
9.40,595,1.54860,3.5400,3.1641,-1.998,2.465
9.40,596,1.54863,3.5380,3.1838,-2.005,2.521
9.40,597,1.54866,3.5360,3.2035,-2.009,2.581
9.40,598,1.54869,3.5340,3.2232,-2.012,2.644
9.40,599,1.54872,3.5320,3.2428,-2.013,2.711
9.40,600,1.54875,3.5300,3.2625,-2.013,2.780
9.40,601,1.54878,3.5279,3.2821,-2.011,2.852
9.40,602,1.54881,3.5259,3.3017,-2.008,2.925
9.40,603,1.54883,3.5238,3.3213,-2.004,2.999
9.40,604,1.54886,3.5218,3.3409,-2.000,3.074
9.40,605,1.54889,3.5197,3.3606,-1.996,3.148
9.40,606,1.54889,3.5200,3.3580,-1.997,3.138
9.40,607,1.54889,3.5251,3.3120,-2.015,2.953
9.40,608,1.54889,3.5386,3.1871,-2.027,2.502
9.40,609,1.54889,3.5520,3.0616,-1.949,2.206
9.40,610,1.54889,3.5651,2.9356,-1.815,1.991
9.40,611,1.54889,3.5780,2.8091,-1.648,1.819
9.40,612,1.54889,3.5906,2.6821,-1.442,1.702
9.40,613,1.54889,3.6029,2.5548,-1.217,1.605
9.40,614,1.54889,3.6149,2.4268,-0.976,1.518
9.40,615,1.54889,3.6265,2.2984,-0.721,1.445
9.40,616,1.54889,3.6379,2.1696,-0.458,1.375
9.40,617,1.54889,3.6491,2.0406,-0.187,1.312
9.40,618,1.54890,3.6600,1.9111,0.091,1.253
9.40,619,1.54890,3.6690,1.7796,0.386,1.206
9.40,620,1.54891,3.6624,1.8426,0.253,1.240
9.40,621,1.54891,3.6525,1.9732,-0.033,1.293
9.40,622,1.54893,3.6472,2.0454,-0.191,1.322
9.40,623,1.54893,3.6572,1.9318,0.051,1.268
9.40,624,1.54895,3.6671,1.8028,0.335,1.216
9.40,625,1.54897,3.6615,1.8731,0.180,1.245
9.40,626,1.54899,3.6710,1.7738,0.393,1.196
9.40,627,1.54902,3.6708,1.7640,0.418,1.197
9.40,628,1.54906,3.6757,1.7085,0.540,1.173
9.40,629,1.54909,3.6692,1.7962,0.343,1.205
9.40,630,1.54916,3.6703,1.7723,0.399,1.200
9.40,631,1.54921,3.6735,1.7421,0.464,1.184
9.40,632,1.54921,3.6735,1.7421,0.464,1.184
9.40,633,1.54921,3.6735,1.7421,0.464,1.184
9.40,634,1.54921,3.6735,1.7421,0.464,1.184
9.40,635,1.54921,3.6735,1.7421,0.464,1.184
9.40,636,1.54921,3.6735,1.7421,0.464,1.184
9.40,637,1.54921,3.6735,1.7421,0.464,1.184
9.40,638,1.54921,3.6735,1.7421,0.464,1.184
9.40,639,1.54921,3.6735,1.7421,0.464,1.184
9.40,640,1.54921,3.6735,1.7421,0.464,1.184
9.40,641,1.54921,3.6735,1.7421,0.464,1.184
9.40,642,1.54921,3.6735,1.7421,0.464,1.184
9.40,643,1.54921,3.6735,1.7421,0.464,1.184
9.40,644,1.54921,3.6735,1.7421,0.464,1.184
9.40,645,1.54921,3.6735,1.7421,0.464,1.184
9.40,646,1.54921,3.6735,1.7421,0.464,1.184
9.40,647,1.54921,3.6735,1.7421,0.464,1.184
9.40,648,1.54921,3.6735,1.7420,0.464,1.184
9.40,649,1.54921,3.6735,1.7420,0.464,1.184
9.40,650,1.54921,3.6735,1.7420,0.464,1.184
9.40,651,1.54921,3.6735,1.7420,0.464,1.184
9.40,652,1.54921,3.6735,1.7420,0.464,1.184
9.40,653,1.54921,3.6735,1.7420,0.464,1.184
9.40,654,1.54921,3.6735,1.7420,0.464,1.184
9.40,655,1.54921,3.6735,1.7420,0.464,1.184
9.40,656,1.54921,3.6735,1.7420,0.464,1.184
9.40,657,1.54921,3.6735,1.7420,0.464,1.184
9.40,658,1.54921,3.6735,1.7420,0.464,1.184
9.40,659,1.54921,3.6735,1.7420,0.464,1.184
9.40,660,1.54921,3.6735,1.7417,0.465,1.184
9.40,661,1.54926,3.6743,1.7326,0.485,1.180
9.40,662,1.54952,3.6736,1.7405,0.467,1.184
9.40,663,1.54999,3.6728,1.7504,0.445,1.187
9.40,664,1.55131,3.6730,1.7529,0.438,1.186
9.40,665,1.55410,3.6741,1.7522,0.436,1.181
9.40,666,1.55629,3.6746,1.7546,0.429,1.179
9.40,667,1.55912,3.6753,1.7567,0.421,1.175
9.40,668,1.56333,3.6743,1.7795,0.367,1.180
9.40,669,1.56564,3.6728,1.8005,0.320,1.188
9.40,670,1.56700,3.6713,1.8183,0.280,1.195
9.40,671,1.56782,3.6702,1.8320,0.250,1.201
9.40,672,1.56829,3.6691,1.8441,0.224,1.206
9.40,673,1.56862,3.6682,1.8545,0.201,1.211
9.40,674,1.56893,3.6681,1.8568,0.196,1.212
9.40,675,1.56911,3.6681,1.8565,0.197,1.212
9.40,676,1.56929,3.6683,1.8546,0.201,1.211
9.40,677,1.56944,3.6685,1.8533,0.203,1.210
9.40,678,1.56955,3.6685,1.8532,0.203,1.209
9.40,679,1.56962,3.6693,1.8464,0.218,1.206
9.40,680,1.56973,3.6695,1.8444,0.222,1.205
9.40,681,1.56981,3.6697,1.8434,0.223,1.204
9.40,682,1.56991,3.6700,1.8401,0.231,1.202
9.40,683,1.56998,3.6703,1.8373,0.237,1.201
9.40,684,1.57004,3.6704,1.8344,0.243,1.200
9.40,685,1.57016,3.6701,1.8367,0.239,1.201
9.40,686,1.57037,3.6692,1.8465,0.217,1.206
9.40,687,1.57054,3.6683,1.8567,0.195,1.211
9.40,688,1.57068,3.6673,1.8672,0.173,1.216
9.40,689,1.57080,3.6663,1.8778,0.150,1.221
9.40,690,1.57091,3.6653,1.8887,0.126,1.226
9.40,691,1.57099,3.6643,1.8997,0.103,1.231
9.40,692,1.57107,3.6633,1.9109,0.079,1.236
9.40,693,1.57113,3.6622,1.9221,0.055,1.242
9.40,694,1.57117,3.6612,1.9334,0.030,1.247
9.40,695,1.57121,3.6602,1.9448,0.006,1.252
9.40,696,1.57124,3.6592,1.9562,-0.019,1.258
9.40,697,1.57127,3.6582,1.9677,-0.043,1.263
9.40,698,1.57129,3.6571,1.9792,-0.068,1.268
9.40,699,1.57131,3.6561,1.9906,-0.092,1.274
9.40,700,1.57132,3.6551,2.0021,-0.117,1.279
9.40,701,1.57134,3.6541,2.0136,-0.141,1.285
9.40,702,1.57135,3.6531,2.0250,-0.166,1.290
9.40,703,1.57136,3.6521,2.0364,-0.190,1.295
9.40,704,1.57136,3.6511,2.0477,-0.214,1.301
9.40,705,1.57137,3.6501,2.0589,-0.238,1.306
9.40,706,1.57137,3.6491,2.0701,-0.261,1.312
9.40,707,1.57138,3.6482,2.0811,-0.285,1.317
9.45,214,0.10195,3.4616,-2.9854,13.748,3.573
9.45,216,0.11072,3.4678,-2.9089,13.481,3.438
9.45,218,0.11927,3.4737,-2.8344,13.222,3.309
9.45,220,0.12802,3.4799,-2.7581,12.962,3.179
9.45,222,0.13695,3.4861,-2.6803,12.699,3.048
9.45,224,0.14568,3.4922,-2.6042,12.444,2.923
9.45,226,0.16521,3.4995,-2.4925,12.090,2.782
9.45,228,0.19273,3.5071,-2.3585,11.679,2.646
9.45,230,0.20925,3.5114,-2.2882,11.463,2.578
9.45,232,0.22126,3.5144,-2.2429,11.323,2.535
9.45,234,0.23308,3.5172,-2.1980,11.186,2.495
9.45,236,0.24525,3.5202,-2.1515,11.045,2.456
9.45,238,0.25972,3.5237,-2.1017,10.893,2.412
9.45,240,0.27626,3.5277,-2.0475,10.728,2.367
9.45,242,0.29212,3.5315,-1.9951,10.569,2.326
9.45,244,0.30456,3.5346,-1.9545,10.446,2.293
9.45,246,0.31076,3.5362,-1.9348,10.385,2.275
9.45,248,0.31260,3.5367,-1.9291,10.367,2.270
9.45,250,0.31442,3.5372,-1.9235,10.350,2.266
9.45,252,0.31632,3.5376,-1.9178,10.333,2.261
9.45,254,0.31828,3.5381,-1.9119,10.315,2.256
9.45,256,0.32080,3.5387,-1.9045,10.292,2.249
9.45,258,0.32905,3.5406,-1.8809,10.219,2.229
9.45,260,0.34053,3.5430,-1.8479,10.120,2.203
9.45,262,0.34799,3.5446,-1.8263,10.055,2.186
9.45,264,0.35590,3.5461,-1.7991,9.977,2.172
9.45,266,0.36251,3.5472,-1.7742,9.908,2.160
9.45,268,0.36735,3.5481,-1.7597,9.865,2.151
9.45,270,0.37240,3.5491,-1.7465,9.826,2.140
9.45,272,0.37769,3.5501,-1.7336,9.786,2.129
9.45,274,0.38843,3.5522,-1.7071,9.705,2.108
9.45,276,0.42190,3.5587,-1.6203,9.444,2.042
9.45,278,0.45570,3.5655,-1.5304,9.174,1.975
9.45,280,0.48080,3.5712,-1.4603,8.963,1.922
9.45,282,0.50620,3.5773,-1.3886,8.748,1.868
9.45,284,0.53207,3.5843,-1.3134,8.521,1.808
9.45,286,0.55539,3.5909,-1.2452,8.315,1.755
9.45,288,0.57629,3.5976,-1.1830,8.125,1.703
9.45,290,0.59636,3.6041,-1.1232,7.942,1.653
9.45,292,0.61245,3.6107,-1.0747,7.788,1.602
9.45,294,0.62913,3.6179,-1.0243,7.625,1.549
9.45,296,0.64462,3.6247,-0.9774,7.474,1.500
9.45,298,0.66080,3.6318,-0.9282,7.317,1.450
9.45,300,0.67682,3.6389,-0.8794,7.161,1.401
9.45,302,0.69202,3.6457,-0.8329,7.013,1.356
9.45,304,0.71006,3.6535,-0.7817,6.851,1.307
9.45,306,0.72807,3.6611,-0.7337,6.700,1.261
9.45,308,0.74638,3.6689,-0.6848,6.549,1.217
9.45,310,0.76430,3.6765,-0.6367,6.402,1.176
9.45,312,0.78176,3.6839,-0.5897,6.260,1.137
9.45,314,0.79976,3.6915,-0.5409,6.116,1.099
9.45,316,0.81656,3.6987,-0.4953,5.982,1.063
9.45,318,0.83398,3.7061,-0.4477,5.845,1.027
9.45,320,0.85080,3.7133,-0.4015,5.714,0.995
9.45,322,0.86734,3.7203,-0.3558,5.586,0.964
9.45,324,0.88400,3.7275,-0.3095,5.458,0.934
9.45,326,0.89990,3.7342,-0.2651,5.336,0.904
9.45,328,0.91705,3.7395,-0.2237,5.226,0.881
9.45,330,0.93328,3.7444,-0.1844,5.122,0.860
9.45,332,0.95002,3.7495,-0.1435,5.015,0.839
9.45,334,0.96611,3.7543,-0.1039,4.911,0.818
9.45,336,0.98311,3.7593,-0.0621,4.803,0.798
9.45,338,1.00430,3.7648,-0.0116,4.673,0.774
9.45,340,1.02094,3.7690,0.0279,4.572,0.757
9.45,342,1.03306,3.7720,0.0564,4.500,0.745
9.45,344,1.04657,3.7752,0.0881,4.419,0.731
9.45,346,1.06269,3.7788,0.1257,4.325,0.716
9.45,348,1.08238,3.7831,0.1710,4.211,0.699
9.45,350,1.10362,3.7876,0.2202,4.087,0.680
9.45,352,1.12852,3.7925,0.2768,3.946,0.660
9.45,353,1.13627,3.7940,0.2943,3.903,0.654
9.45,354,1.13886,3.7945,0.3002,3.888,0.652
9.45,356,1.14735,3.7960,0.3190,3.841,0.645
9.45,358,1.15860,3.7980,0.3439,3.780,0.637
9.45,360,1.16997,3.7998,0.3683,3.720,0.630
9.45,362,1.18182,3.8015,0.3933,3.658,0.622
9.45,364,1.19699,3.8034,0.4236,3.584,0.614
9.45,366,1.22986,3.8064,0.4868,3.428,0.601
9.45,368,1.24388,3.8071,0.5126,3.362,0.599
9.45,370,1.27455,3.8078,0.5670,3.221,0.596
9.45,372,1.28786,3.8076,0.5897,3.162,0.597
9.45,374,1.29803,3.8073,0.6068,3.119,0.599
9.45,376,1.30959,3.8067,0.6259,3.070,0.601
9.45,378,1.32101,3.8058,0.6443,3.023,0.604
9.45,380,1.33044,3.8049,0.6589,2.986,0.608
9.45,382,1.33961,3.8038,0.6732,2.949,0.612
9.45,384,1.34704,3.8028,0.6848,2.920,0.616
9.45,386,1.35420,3.8018,0.6958,2.892,0.620
9.45,388,1.36152,3.8006,0.7070,2.864,0.624
9.45,390,1.37018,3.7992,0.7201,2.831,0.630
9.45,392,1.37866,3.7977,0.7332,2.798,0.635
9.45,394,1.38771,3.7963,0.7480,2.761,0.641
9.45,396,1.39621,3.7955,0.7642,2.720,0.644
9.45,398,1.40277,3.7958,0.7810,2.678,0.643
9.45,400,1.40665,3.7972,0.7958,2.640,0.637
9.45,402,1.40882,3.7990,0.8086,2.608,0.629
9.45,404,1.41013,3.8011,0.8202,2.579,0.621
9.45,406,1.41098,3.8032,0.8311,2.551,0.612
9.45,408,1.41156,3.8053,0.8417,2.525,0.604
9.45,410,1.41197,3.8074,0.8520,2.499,0.595
9.45,412,1.41227,3.8094,0.8623,2.473,0.587
9.45,414,1.41249,3.8113,0.8724,2.448,0.579
9.45,416,1.41265,3.8132,0.8823,2.423,0.572
9.45,418,1.41278,3.8149,0.8919,2.399,0.565
9.45,420,1.41289,3.8165,0.9009,2.377,0.558
9.45,422,1.41297,3.8178,0.9088,2.357,0.553
9.45,424,1.41304,3.8187,0.9148,2.342,0.549
9.45,426,1.41310,3.8192,0.9179,2.334,0.547
9.45,428,1.41315,3.8192,0.9179,2.334,0.547
9.45,430,1.41320,3.8187,0.9153,2.341,0.549
9.45,432,1.41325,3.8178,0.9106,2.352,0.553
9.45,434,1.41332,3.8163,0.9067,2.362,0.559
9.45,436,1.41341,3.8145,0.9080,2.358,0.566
9.45,438,1.41353,3.8128,0.9132,2.345,0.573
9.45,440,1.41372,3.8111,0.9181,2.333,0.579
9.45,442,1.41405,3.8094,0.9217,2.323,0.586
9.45,444,1.41465,3.8076,0.9246,2.316,0.593
9.45,446,1.41567,3.8059,0.9278,2.308,0.600
9.45,448,1.41704,3.8041,0.9316,2.298,0.607
9.45,450,1.41857,3.8023,0.9357,2.288,0.614
9.45,452,1.42012,3.8005,0.9397,2.278,0.622
9.45,454,1.42159,3.7985,0.9432,2.269,0.630
9.45,455,1.42364,3.7954,0.9472,2.260,0.642
9.45,456,1.42545,3.7921,0.9497,2.254,0.656
9.45,457,1.42707,3.7887,0.9507,2.252,0.669
9.45,458,1.42850,3.7852,0.9503,2.254,0.684
9.45,459,1.42978,3.7816,0.9484,2.260,0.698
9.45,460,1.43092,3.7780,0.9452,2.270,0.713
9.45,461,1.43196,3.7744,0.9407,2.283,0.729
9.45,462,1.43290,3.7708,0.9348,2.300,0.744
9.45,463,1.43376,3.7672,0.9277,2.320,0.759
9.45,464,1.43455,3.7636,0.9193,2.343,0.774
9.45,465,1.43528,3.7601,0.9100,2.370,0.789
9.45,466,1.43597,3.7566,0.8996,2.399,0.804
9.45,467,1.43662,3.7531,0.8884,2.430,0.819
9.45,468,1.43724,3.7498,0.8766,2.463,0.834
9.45,469,1.43784,3.7464,0.8642,2.498,0.848
9.45,470,1.43843,3.7431,0.8515,2.533,0.862
9.45,471,1.43902,3.7398,0.8386,2.570,0.877
9.45,472,1.43962,3.7365,0.8258,2.606,0.892
9.45,473,1.44026,3.7331,0.8133,2.642,0.906
9.45,474,1.44094,3.7297,0.8015,2.677,0.922
9.45,475,1.44169,3.7262,0.7908,2.710,0.937
9.45,476,1.44255,3.7226,0.7818,2.738,0.953
9.45,477,1.44357,3.7189,0.7759,2.760,0.969
9.45,478,1.44477,3.7151,0.7743,2.772,0.985
9.45,479,1.44615,3.7116,0.7788,2.768,1.000
9.45,480,1.44765,3.7085,0.7892,2.749,1.014
9.45,481,1.44915,3.7060,0.8037,2.718,1.025
9.45,482,1.45066,3.7040,0.8208,2.680,1.034
9.45,483,1.45213,3.7024,0.8393,2.638,1.042
9.45,484,1.45355,3.7010,0.8587,2.593,1.049
9.45,485,1.45494,3.6998,0.8787,2.546,1.055
9.45,486,1.45635,3.6987,0.8990,2.498,1.060
9.45,487,1.45760,3.6977,0.9198,2.448,1.065
9.45,488,1.45885,3.6968,0.9408,2.398,1.070
9.45,489,1.46017,3.6959,0.9618,2.348,1.074
9.45,490,1.46141,3.6951,0.9832,2.297,1.078
9.45,491,1.46262,3.6942,1.0046,2.245,1.082
9.45,492,1.46379,3.6934,1.0261,2.194,1.086
9.45,493,1.46493,3.6926,1.0476,2.142,1.090
9.45,494,1.46603,3.6917,1.0691,2.091,1.094
9.45,495,1.46709,3.6909,1.0907,2.039,1.098
9.45,496,1.46810,3.6900,1.1123,1.988,1.102
9.45,497,1.46909,3.6892,1.1339,1.936,1.106
9.45,498,1.47004,3.6883,1.1555,1.885,1.110
9.45,499,1.47096,3.6874,1.1771,1.833,1.115
9.45,500,1.47183,3.6864,1.1986,1.782,1.119
9.45,501,1.47267,3.6855,1.2202,1.731,1.123
9.45,502,1.47347,3.6846,1.2418,1.680,1.128
9.45,503,1.47425,3.6836,1.2634,1.629,1.132
9.45,504,1.47498,3.6826,1.2849,1.578,1.137
9.45,505,1.47568,3.6816,1.3064,1.528,1.142
9.45,506,1.47635,3.6806,1.3279,1.477,1.147
9.45,507,1.47699,3.6795,1.3494,1.426,1.152
9.45,508,1.47760,3.6784,1.3709,1.376,1.157
9.45,509,1.47820,3.6774,1.3924,1.326,1.163
9.45,510,1.47877,3.6763,1.4138,1.276,1.168
9.45,511,1.47933,3.6752,1.4352,1.226,1.174
9.45,512,1.47988,3.6740,1.4566,1.177,1.179
9.45,513,1.48042,3.6729,1.4781,1.127,1.185
9.45,514,1.48095,3.6717,1.4995,1.077,1.191
9.45,515,1.48144,3.6705,1.5209,1.028,1.197
9.45,516,1.48189,3.6693,1.5423,0.979,1.203
9.45,517,1.48232,3.6681,1.5637,0.929,1.209
9.45,518,1.48275,3.6669,1.5850,0.881,1.215
9.45,519,1.48316,3.6657,1.6064,0.832,1.222
9.45,520,1.48357,3.6644,1.6277,0.783,1.228
9.45,521,1.48398,3.6632,1.6489,0.735,1.235
9.45,522,1.48439,3.6619,1.6701,0.687,1.241
9.45,523,1.48484,3.6606,1.6913,0.639,1.248
9.45,524,1.48541,3.6593,1.7123,0.591,1.254
9.45,525,1.48662,3.6585,1.7303,0.550,1.259
9.45,526,1.48742,3.6574,1.7506,0.503,1.265
9.45,527,1.48785,3.6561,1.7717,0.456,1.272
9.45,528,1.48820,3.6547,1.7929,0.409,1.279
9.45,529,1.48849,3.6534,1.8140,0.362,1.287
9.45,530,1.48876,3.6520,1.8351,0.315,1.295
9.45,531,1.48902,3.6505,1.8562,0.268,1.303
9.45,532,1.48928,3.6491,1.8772,0.222,1.311
9.45,533,1.48952,3.6476,1.8982,0.176,1.319
9.45,534,1.48975,3.6462,1.9192,0.130,1.327
9.45,535,1.48998,3.6447,1.9402,0.084,1.335
9.45,536,1.49020,3.6432,1.9612,0.038,1.343
9.45,537,1.49041,3.6417,1.9822,-0.007,1.352
9.45,538,1.49061,3.6403,2.0031,-0.053,1.361
9.45,539,1.49080,3.6388,2.0241,-0.098,1.369
9.45,540,1.49098,3.6373,2.0450,-0.143,1.378
9.45,541,1.49116,3.6357,2.0659,-0.188,1.387
9.45,542,1.49133,3.6342,2.0867,-0.232,1.396
9.45,543,1.49150,3.6326,2.1076,-0.276,1.406
9.45,544,1.49166,3.6310,2.1284,-0.320,1.415
9.45,545,1.49181,3.6295,2.1493,-0.364,1.425
9.45,546,1.49195,3.6279,2.1700,-0.407,1.435
9.45,547,1.49210,3.6263,2.1908,-0.450,1.445
9.45,548,1.49223,3.6247,2.2116,-0.493,1.455
9.45,549,1.49236,3.6230,2.2324,-0.536,1.466
9.45,550,1.49249,3.6214,2.2531,-0.579,1.476
9.45,551,1.49261,3.6198,2.2738,-0.621,1.486
9.45,552,1.49273,3.6181,2.2945,-0.664,1.497
9.45,553,1.49284,3.6164,2.3151,-0.706,1.508
9.45,554,1.49295,3.6147,2.3358,-0.747,1.519
9.45,555,1.49305,3.6130,2.3564,-0.788,1.530
9.45,556,1.49315,3.6113,2.3770,-0.829,1.542
9.45,557,1.49325,3.6096,2.3976,-0.870,1.554
9.45,558,1.49334,3.6078,2.4181,-0.910,1.567
9.45,559,1.49343,3.6061,2.4387,-0.950,1.579
9.45,560,1.49351,3.6044,2.4593,-0.989,1.593
9.45,561,1.49360,3.6026,2.4798,-1.027,1.607
9.45,562,1.49368,3.6008,2.5003,-1.065,1.621
9.45,563,1.49376,3.5990,2.5207,-1.103,1.635
9.45,564,1.49383,3.5972,2.5412,-1.141,1.649
9.45,565,1.49390,3.5954,2.5616,-1.178,1.663
9.45,566,1.49397,3.5936,2.5820,-1.215,1.678
9.45,567,1.49404,3.5918,2.6024,-1.252,1.692
9.45,568,1.49410,3.5899,2.6228,-1.288,1.707
9.45,569,1.49417,3.5881,2.6431,-1.324,1.722
9.45,570,1.49423,3.5863,2.6635,-1.359,1.738
9.45,571,1.49429,3.5844,2.6838,-1.394,1.755
9.45,572,1.49434,3.5825,2.7041,-1.428,1.772
9.45,573,1.49440,3.5807,2.7244,-1.461,1.791
9.45,574,1.49445,3.5788,2.7447,-1.494,1.811
9.45,575,1.49450,3.5769,2.7650,-1.525,1.833
9.45,576,1.49455,3.5750,2.7852,-1.555,1.856
9.45,577,1.49460,3.5731,2.8054,-1.585,1.880
9.45,578,1.49465,3.5712,2.8256,-1.613,1.906
9.45,579,1.49469,3.5692,2.8458,-1.640,1.932
9.45,580,1.49473,3.5673,2.8660,-1.667,1.960
9.45,581,1.49478,3.5654,2.8861,-1.693,1.989
9.45,582,1.49482,3.5634,2.9063,-1.719,2.018
9.45,583,1.49486,3.5615,2.9264,-1.743,2.048
9.45,584,1.49490,3.5595,2.9465,-1.767,2.079
9.45,585,1.49493,3.5575,2.9666,-1.790,2.112
9.45,586,1.49497,3.5556,2.9867,-1.813,2.145
9.45,587,1.49500,3.5536,3.0068,-1.834,2.179
9.45,588,1.49504,3.5516,3.0269,-1.854,2.215
9.45,589,1.49507,3.5496,3.0469,-1.873,2.253
9.45,590,1.49510,3.5476,3.0670,-1.891,2.293
9.45,591,1.49513,3.5455,3.0870,-1.908,2.334
9.45,592,1.49516,3.5435,3.1070,-1.922,2.378
9.45,593,1.49519,3.5415,3.1270,-1.934,2.427
9.45,594,1.49522,3.5395,3.1469,-1.943,2.480
9.45,595,1.49525,3.5374,3.1669,-1.950,2.538
9.45,596,1.49527,3.5354,3.1869,-1.954,2.600
9.45,597,1.49530,3.5334,3.2069,-1.957,2.665
9.45,598,1.49533,3.5313,3.2268,-1.957,2.733
9.45,599,1.49535,3.5293,3.2467,-1.957,2.804
9.45,600,1.49537,3.5272,3.2666,-1.954,2.877
9.45,601,1.49540,3.5251,3.2865,-1.951,2.952
9.45,602,1.49542,3.5230,3.3062,-1.946,3.027
9.45,603,1.49544,3.5210,3.3260,-1.942,3.103
9.45,604,1.49547,3.5189,3.3459,-1.937,3.178
9.45,605,1.49549,3.5168,3.3657,-1.933,3.252
9.45,606,1.49549,3.5171,3.3632,-1.934,3.242
9.45,607,1.49549,3.5237,3.3036,-1.957,3.004
9.45,608,1.49549,3.5378,3.1734,-1.976,2.525
9.45,609,1.49549,3.5518,3.0426,-1.899,2.209
9.45,610,1.49549,3.5656,2.9113,-1.760,1.985
9.45,611,1.49549,3.5790,2.7794,-1.584,1.808
9.45,612,1.49549,3.5920,2.6470,-1.366,1.690
9.45,613,1.49549,3.6048,2.5141,-1.130,1.589
9.45,614,1.49549,3.6172,2.3806,-0.875,1.503
9.45,615,1.49549,3.6293,2.2467,-0.607,1.427
9.45,616,1.49549,3.6411,2.1123,-0.330,1.356
9.45,617,1.49550,3.6528,1.9777,-0.046,1.292
9.45,618,1.49550,3.6635,1.8421,0.250,1.234
9.45,619,1.49550,3.6644,1.7925,0.370,1.229
9.45,620,1.49551,3.6541,1.9288,0.071,1.284
9.45,621,1.49551,3.6436,2.0646,-0.222,1.342
9.45,622,1.49552,3.6467,2.0353,-0.163,1.325
9.45,623,1.49553,3.6581,1.9005,0.125,1.263
9.45,624,1.49554,3.6619,1.8432,0.253,1.243
9.45,625,1.49556,3.6584,1.8986,0.129,1.261
9.45,626,1.49557,3.6699,1.7649,0.419,1.202
9.45,627,1.49560,3.6675,1.7903,0.365,1.214
9.45,628,1.49564,3.6732,1.7182,0.524,1.185
9.45,629,1.49566,3.6700,1.7743,0.395,1.201
9.45,630,1.49571,3.6684,1.7777,0.393,1.210
9.45,631,1.49576,3.6722,1.7386,0.477,1.190
9.45,632,1.49576,3.6722,1.7386,0.477,1.190
9.45,633,1.49576,3.6722,1.7386,0.477,1.190
9.45,634,1.49576,3.6722,1.7386,0.477,1.190
9.45,635,1.49576,3.6722,1.7386,0.477,1.190
9.45,636,1.49576,3.6722,1.7386,0.477,1.190
9.45,637,1.49576,3.6722,1.7386,0.477,1.190
9.45,638,1.49576,3.6722,1.7386,0.477,1.190
9.45,639,1.49576,3.6722,1.7386,0.477,1.190
9.45,640,1.49576,3.6722,1.7386,0.477,1.190
9.45,641,1.49576,3.6722,1.7386,0.477,1.190
9.45,642,1.49576,3.6722,1.7386,0.477,1.190
9.45,643,1.49576,3.6722,1.7386,0.477,1.190
9.45,644,1.49576,3.6722,1.7386,0.477,1.190
9.45,645,1.49576,3.6722,1.7386,0.477,1.190
9.45,646,1.49576,3.6722,1.7386,0.477,1.190
9.45,647,1.49576,3.6722,1.7386,0.477,1.190
9.45,648,1.49576,3.6722,1.7386,0.477,1.190
9.45,649,1.49576,3.6722,1.7386,0.477,1.190
9.45,650,1.49576,3.6722,1.7386,0.477,1.190
9.45,651,1.49576,3.6722,1.7386,0.477,1.190
9.45,652,1.49576,3.6722,1.7386,0.477,1.190
9.45,653,1.49576,3.6722,1.7386,0.477,1.190
9.45,654,1.49576,3.6722,1.7386,0.477,1.190
9.45,655,1.49576,3.6722,1.7386,0.477,1.190
9.45,656,1.49576,3.6722,1.7386,0.477,1.190
9.45,657,1.49576,3.6722,1.7386,0.477,1.190
9.45,658,1.49577,3.6724,1.7369,0.480,1.189
9.45,659,1.49581,3.6724,1.7373,0.479,1.189
9.45,660,1.49593,3.6728,1.7325,0.490,1.187
9.45,661,1.49629,3.6722,1.7402,0.473,1.190
9.45,662,1.49698,3.6717,1.7481,0.455,1.193
9.45,663,1.49788,3.6719,1.7505,0.448,1.192
9.45,664,1.49954,3.6728,1.7477,0.452,1.187
9.45,665,1.50152,3.6736,1.7483,0.448,1.184
9.45,666,1.50327,3.6741,1.7500,0.442,1.181
9.45,667,1.50524,3.6745,1.7533,0.432,1.179
9.45,668,1.50686,3.6746,1.7576,0.421,1.179
9.45,669,1.50818,3.6744,1.7634,0.407,1.180
9.45,670,1.50923,3.6741,1.7693,0.393,1.181
9.45,671,1.50996,3.6738,1.7739,0.383,1.183
9.45,672,1.51056,3.6732,1.7811,0.367,1.186
9.45,673,1.51101,3.6730,1.7850,0.358,1.187
9.45,674,1.51134,3.6722,1.7929,0.341,1.191
9.45,675,1.51162,3.6718,1.7975,0.331,1.193
9.45,676,1.51185,3.6711,1.8056,0.313,1.197
9.45,677,1.51207,3.6704,1.8133,0.296,1.200
9.45,678,1.51228,3.6697,1.8206,0.280,1.204
9.45,679,1.51242,3.6690,1.8278,0.265,1.207
9.45,680,1.51257,3.6688,1.8303,0.259,1.208
9.45,681,1.51273,3.6685,1.8336,0.252,1.209
9.45,682,1.51289,3.6677,1.8425,0.233,1.214
9.45,683,1.51308,3.6669,1.8517,0.213,1.218
9.45,684,1.51320,3.6661,1.8607,0.193,1.222
9.45,685,1.51327,3.6653,1.8695,0.174,1.226
9.45,686,1.51332,3.6644,1.8785,0.155,1.230
9.45,687,1.51337,3.6636,1.8875,0.136,1.235
9.45,688,1.51341,3.6628,1.8966,0.116,1.239
9.45,689,1.51344,3.6620,1.9057,0.097,1.243
9.45,690,1.51347,3.6611,1.9148,0.077,1.247
9.45,691,1.51350,3.6603,1.9239,0.058,1.252
9.45,692,1.51352,3.6595,1.9330,0.038,1.256
9.45,693,1.51354,3.6587,1.9421,0.018,1.260
9.45,694,1.51356,3.6579,1.9512,-0.001,1.264
9.45,695,1.51357,3.6571,1.9604,-0.021,1.269
9.45,696,1.51358,3.6562,1.9695,-0.040,1.273
9.45,697,1.51359,3.6554,1.9786,-0.059,1.277
9.45,698,1.51360,3.6546,1.9877,-0.079,1.282
9.45,699,1.51361,3.6538,1.9967,-0.098,1.286
9.45,700,1.51362,3.6530,2.0058,-0.117,1.290
9.45,701,1.51362,3.6522,2.0148,-0.136,1.295
9.45,702,1.51363,3.6514,2.0237,-0.155,1.299
9.45,703,1.51363,3.6506,2.0327,-0.174,1.303
9.45,704,1.51363,3.6499,2.0416,-0.193,1.308
9.45,705,1.51364,3.6491,2.0504,-0.212,1.312
9.45,706,1.51364,3.6483,2.0592,-0.230,1.316
9.45,707,1.51364,3.6475,2.0679,-0.249,1.321
9.50,216,0.10051,3.4606,-2.9978,13.792,3.596
9.50,218,0.10897,3.4666,-2.9241,13.534,3.465
9.50,220,0.11777,3.4727,-2.8474,13.267,3.331
9.50,222,0.12660,3.4789,-2.7704,13.003,3.200
9.50,224,0.13532,3.4850,-2.6944,12.746,3.071
9.50,226,0.14429,3.4913,-2.6162,12.484,2.942
9.50,228,0.16020,3.4981,-2.5167,12.165,2.807
9.50,230,0.18803,3.5059,-2.3811,11.748,2.668
9.50,232,0.20666,3.5108,-2.2976,11.492,2.588
9.50,234,0.21869,3.5138,-2.2520,11.352,2.544
9.50,236,0.23080,3.5167,-2.2059,11.210,2.502
9.50,238,0.24238,3.5195,-2.1615,11.076,2.464
9.50,240,0.25621,3.5229,-2.1118,10.924,2.422
9.50,242,0.27223,3.5267,-2.0591,10.764,2.378
9.50,244,0.28767,3.5304,-2.0079,10.609,2.337
9.50,246,0.30179,3.5339,-1.9610,10.467,2.300
9.50,248,0.31027,3.5362,-1.9340,10.384,2.276
9.50,250,0.31205,3.5366,-1.9284,10.367,2.272
9.50,252,0.31395,3.5371,-1.9226,10.349,2.267
9.50,254,0.31586,3.5375,-1.9168,10.331,2.262
9.50,256,0.31777,3.5380,-1.9110,10.313,2.257
9.50,258,0.31981,3.5385,-1.9049,10.294,2.251
9.50,260,0.32721,3.5402,-1.8836,10.229,2.234
9.50,262,0.33795,3.5425,-1.8533,10.137,2.209
9.50,264,0.34586,3.5442,-1.8332,10.075,2.191
9.50,266,0.35322,3.5455,-1.8062,9.999,2.177
9.50,268,0.36086,3.5469,-1.7766,9.916,2.164
9.50,270,0.36558,3.5478,-1.7631,9.876,2.154
9.50,272,0.37004,3.5486,-1.7512,9.840,2.145
9.50,274,0.37531,3.5497,-1.7384,9.801,2.134
9.50,276,0.38083,3.5507,-1.7251,9.760,2.123
9.50,278,0.40181,3.5548,-1.6721,9.599,2.081
9.50,280,0.43905,3.5621,-1.5739,9.305,2.008
9.50,282,0.46684,3.5681,-1.4979,9.076,1.950
9.50,284,0.49147,3.5737,-1.4290,8.870,1.899
9.50,286,0.51615,3.5800,-1.3581,8.656,1.844
9.50,288,0.54164,3.5870,-1.2839,8.432,1.786
9.50,290,0.56334,3.5936,-1.2197,8.237,1.734
9.50,292,0.58260,3.5998,-1.1622,8.062,1.686
9.50,294,0.60243,3.6065,-1.1028,7.879,1.634
9.50,296,0.61798,3.6133,-1.0557,7.727,1.583
9.50,298,0.63412,3.6204,-1.0067,7.569,1.531
9.50,300,0.65020,3.6275,-0.9577,7.412,1.480
9.50,302,0.66538,3.6342,-0.9114,7.263,1.433
9.50,304,0.68201,3.6416,-0.8604,7.101,1.383
9.50,306,0.69748,3.6485,-0.8128,6.950,1.338
9.50,308,0.71552,3.6563,-0.7635,6.794,1.290
9.50,310,0.73381,3.6640,-0.7145,6.641,1.244
9.50,312,0.75119,3.6714,-0.6677,6.497,1.203
9.50,314,0.76950,3.6792,-0.6181,6.346,1.161
9.50,316,0.78657,3.6865,-0.5718,6.208,1.124
9.50,318,0.80399,3.6939,-0.5242,6.067,1.087
9.50,320,0.82111,3.7012,-0.4772,5.931,1.051
9.50,322,0.83773,3.7084,-0.4313,5.799,1.017
9.50,324,0.85460,3.7156,-0.3845,5.667,0.984
9.50,326,0.87069,3.7225,-0.3395,5.541,0.955
9.50,328,0.88721,3.7295,-0.2930,5.413,0.925
9.50,330,0.90307,3.7360,-0.2493,5.295,0.897
9.50,332,0.91991,3.7411,-0.2080,5.185,0.874
9.50,334,0.93618,3.7460,-0.1680,5.079,0.853
9.50,336,0.95236,3.7509,-0.1277,4.974,0.833
9.50,338,0.96847,3.7557,-0.0873,4.869,0.812
9.50,340,0.98594,3.7607,-0.0438,4.757,0.791
9.50,342,1.00614,3.7660,0.0053,4.631,0.769
9.50,344,1.02219,3.7700,0.0441,4.532,0.753
9.50,346,1.03409,3.7729,0.0728,4.459,0.741
9.50,348,1.04773,3.7760,0.1055,4.376,0.728
9.50,350,1.06393,3.7796,0.1441,4.279,0.713
9.50,352,1.08342,3.7838,0.1901,4.163,0.696
9.50,353,1.09302,3.7858,0.2130,4.106,0.687
9.50,354,1.09638,3.7865,0.2211,4.086,0.684
9.50,356,1.10522,3.7883,0.2419,4.033,0.677
9.50,358,1.11635,3.7904,0.2680,3.968,0.668
9.50,360,1.12335,3.7917,0.2844,3.928,0.663
9.50,362,1.12842,3.7927,0.2961,3.899,0.659
9.50,364,1.13350,3.7936,0.3078,3.869,0.655
9.50,366,1.13860,3.7945,0.3196,3.840,0.651
9.50,368,1.15563,3.7971,0.3576,3.746,0.640
9.50,370,1.16994,3.7989,0.3878,3.672,0.632
9.50,372,1.18276,3.8002,0.4134,3.609,0.627
9.50,374,1.19758,3.8012,0.4417,3.539,0.622
9.50,376,1.22812,3.8027,0.5000,3.394,0.615
9.50,378,1.23885,3.8027,0.5194,3.344,0.615
9.50,380,1.26506,3.8017,0.5651,3.226,0.620
9.50,382,1.28161,3.8004,0.5927,3.154,0.625
9.50,384,1.29066,3.7994,0.6074,3.117,0.629
9.50,386,1.29932,3.7983,0.6211,3.082,0.633
9.50,388,1.30947,3.7970,0.6375,3.040,0.639
9.50,390,1.31940,3.7955,0.6535,2.999,0.645
9.50,392,1.32774,3.7941,0.6669,2.966,0.650
9.50,394,1.33566,3.7930,0.6806,2.931,0.655
9.50,396,1.34263,3.7923,0.6942,2.897,0.657
9.50,398,1.34793,3.7924,0.7074,2.863,0.657
9.50,400,1.35179,3.7933,0.7206,2.830,0.653
9.50,402,1.35427,3.7948,0.7330,2.799,0.647
9.50,404,1.35585,3.7965,0.7446,2.770,0.640
9.50,406,1.35686,3.7984,0.7555,2.742,0.632
9.50,408,1.35757,3.8004,0.7661,2.716,0.624
9.50,410,1.35805,3.8023,0.7765,2.689,0.616
9.50,412,1.35841,3.8042,0.7868,2.663,0.609
9.50,414,1.35867,3.8060,0.7971,2.638,0.601
9.50,416,1.35886,3.8078,0.8072,2.612,0.594
9.50,418,1.35901,3.8094,0.8170,2.588,0.587
9.50,420,1.35913,3.8109,0.8263,2.564,0.582
9.50,422,1.35922,3.8121,0.8348,2.543,0.576
9.50,424,1.35930,3.8130,0.8417,2.526,0.573
9.50,426,1.35937,3.8136,0.8463,2.514,0.570
9.50,428,1.35942,3.8137,0.8479,2.510,0.570
9.50,430,1.35947,3.8135,0.8471,2.512,0.571
9.50,432,1.35952,3.8128,0.8443,2.519,0.573
9.50,434,1.35959,3.8117,0.8412,2.527,0.578
9.50,436,1.35968,3.8102,0.8418,2.525,0.584
9.50,438,1.35981,3.8087,0.8463,2.514,0.590
9.50,440,1.36002,3.8072,0.8508,2.503,0.595
9.50,442,1.36043,3.8057,0.8541,2.494,0.601
9.50,444,1.36123,3.8042,0.8572,2.486,0.608
9.50,446,1.36257,3.8026,0.8611,2.476,0.614
9.50,448,1.36423,3.8009,0.8657,2.465,0.621
9.50,450,1.36601,3.7991,0.8703,2.453,0.628
9.50,452,1.36777,3.7972,0.8746,2.443,0.635
9.50,454,1.36939,3.7953,0.8782,2.434,0.643
9.50,455,1.37169,3.7921,0.8825,2.423,0.656
9.50,456,1.37376,3.7888,0.8853,2.417,0.669
9.50,457,1.37564,3.7854,0.8867,2.414,0.683
9.50,458,1.37731,3.7820,0.8867,2.415,0.697
9.50,459,1.37881,3.7785,0.8854,2.420,0.712
9.50,460,1.38016,3.7749,0.8827,2.429,0.727
9.50,461,1.38143,3.7714,0.8788,2.440,0.741
9.50,462,1.38257,3.7678,0.8736,2.455,0.756
9.50,463,1.38360,3.7643,0.8671,2.474,0.771
9.50,464,1.38454,3.7607,0.8594,2.496,0.786
9.50,465,1.38541,3.7572,0.8506,2.521,0.801
9.50,466,1.38621,3.7538,0.8409,2.549,0.816
9.50,467,1.38696,3.7503,0.8303,2.578,0.831
9.50,468,1.38768,3.7469,0.8190,2.610,0.846
9.50,469,1.38837,3.7436,0.8073,2.643,0.860
9.50,470,1.38906,3.7402,0.7953,2.678,0.875
9.50,471,1.38975,3.7368,0.7833,2.712,0.890
9.50,472,1.39046,3.7334,0.7716,2.746,0.905
9.50,473,1.39122,3.7300,0.7603,2.780,0.921
9.50,474,1.39203,3.7264,0.7500,2.811,0.936
9.50,475,1.39295,3.7228,0.7414,2.839,0.952
9.50,476,1.39401,3.7190,0.7353,2.861,0.968
9.50,477,1.39526,3.7152,0.7334,2.874,0.984
9.50,478,1.39671,3.7116,0.7370,2.872,1.000
9.50,479,1.39830,3.7084,0.7465,2.856,1.014
9.50,480,1.39993,3.7058,0.7607,2.826,1.026
9.50,481,1.40156,3.7037,0.7778,2.789,1.036
9.50,482,1.40317,3.7020,0.7965,2.746,1.044
9.50,483,1.40471,3.7005,0.8163,2.700,1.051
9.50,484,1.40619,3.6993,0.8367,2.652,1.057
9.50,485,1.40763,3.6982,0.8576,2.603,1.062
9.50,486,1.40901,3.6972,0.8787,2.553,1.067
9.50,487,1.41033,3.6963,0.9000,2.502,1.072
9.50,488,1.41160,3.6955,0.9215,2.450,1.076
9.50,489,1.41282,3.6946,0.9430,2.398,1.080
9.50,490,1.41401,3.6938,0.9647,2.346,1.084
9.50,491,1.41516,3.6930,0.9864,2.294,1.088
9.50,492,1.41626,3.6922,1.0081,2.242,1.092
9.50,493,1.41731,3.6914,1.0299,2.190,1.095
9.50,494,1.41832,3.6906,1.0517,2.138,1.099
9.50,495,1.41929,3.6898,1.0735,2.086,1.103
9.50,496,1.42022,3.6889,1.0953,2.034,1.107
9.50,497,1.42113,3.6880,1.1171,1.981,1.111
9.50,498,1.42200,3.6872,1.1390,1.929,1.115
9.50,499,1.42284,3.6863,1.1609,1.877,1.120
9.50,500,1.42364,3.6854,1.1827,1.825,1.124
9.50,501,1.42441,3.6844,1.2045,1.774,1.128
9.50,502,1.42513,3.6835,1.2263,1.722,1.133
9.50,503,1.42583,3.6825,1.2481,1.670,1.137
9.50,504,1.42649,3.6815,1.2699,1.619,1.142
9.50,505,1.42713,3.6805,1.2916,1.568,1.147
9.50,506,1.42774,3.6795,1.3134,1.517,1.152
9.50,507,1.42833,3.6784,1.3351,1.466,1.157
9.50,508,1.42889,3.6774,1.3567,1.415,1.162
9.50,509,1.42942,3.6763,1.3784,1.365,1.168
9.50,510,1.42994,3.6752,1.4000,1.314,1.173
9.50,511,1.43043,3.6741,1.4216,1.264,1.179
9.50,512,1.43091,3.6729,1.4432,1.214,1.185
9.50,513,1.43137,3.6718,1.4648,1.164,1.191
9.50,514,1.43180,3.6706,1.4863,1.114,1.197
9.50,515,1.43223,3.6694,1.5079,1.064,1.202
9.50,516,1.43264,3.6682,1.5294,1.015,1.209
9.50,517,1.43304,3.6670,1.5509,0.966,1.215
9.50,518,1.43343,3.6658,1.5723,0.916,1.221
9.50,519,1.43380,3.6646,1.5938,0.867,1.227
9.50,520,1.43417,3.6634,1.6152,0.819,1.234
9.50,521,1.43454,3.6621,1.6366,0.770,1.240
9.50,522,1.43493,3.6608,1.6579,0.721,1.247
9.50,523,1.43539,3.6596,1.6792,0.673,1.253
9.50,524,1.43629,3.6586,1.6984,0.629,1.258
9.50,525,1.43726,3.6577,1.7168,0.587,1.263
9.50,526,1.43771,3.6564,1.7380,0.539,1.270
9.50,527,1.43803,3.6551,1.7593,0.491,1.278
9.50,528,1.43830,3.6537,1.7807,0.444,1.285
9.50,529,1.43853,3.6523,1.8020,0.396,1.293
9.50,530,1.43877,3.6509,1.8232,0.349,1.301
9.50,531,1.43901,3.6495,1.8445,0.302,1.308
9.50,532,1.43923,3.6480,1.8658,0.255,1.316
9.50,533,1.43944,3.6466,1.8870,0.209,1.325
9.50,534,1.43965,3.6451,1.9082,0.162,1.333
9.50,535,1.43985,3.6436,1.9293,0.116,1.341
9.50,536,1.44004,3.6421,1.9505,0.070,1.350
9.50,537,1.44022,3.6406,1.9716,0.024,1.358
9.50,538,1.44040,3.6391,1.9928,-0.022,1.367
9.50,539,1.44057,3.6376,2.0139,-0.067,1.376
9.50,540,1.44073,3.6361,2.0350,-0.112,1.385
9.50,541,1.44089,3.6345,2.0560,-0.157,1.394
9.50,542,1.44104,3.6330,2.0771,-0.202,1.403
9.50,543,1.44119,3.6314,2.0981,-0.246,1.413
9.50,544,1.44133,3.6298,2.1191,-0.290,1.423
9.50,545,1.44146,3.6282,2.1401,-0.334,1.433
9.50,546,1.44159,3.6266,2.1611,-0.378,1.443
9.50,547,1.44172,3.6250,2.1821,-0.421,1.453
9.50,548,1.44184,3.6234,2.2030,-0.465,1.463
9.50,549,1.44195,3.6217,2.2240,-0.508,1.474
9.50,550,1.44206,3.6201,2.2449,-0.551,1.484
9.50,551,1.44217,3.6184,2.2658,-0.594,1.495
9.50,552,1.44227,3.6167,2.2867,-0.636,1.506
9.50,553,1.44237,3.6150,2.3075,-0.679,1.517
9.50,554,1.44246,3.6133,2.3283,-0.720,1.528
9.50,555,1.44256,3.6116,2.3491,-0.762,1.540
9.50,556,1.44264,3.6099,2.3699,-0.803,1.552
9.50,557,1.44273,3.6081,2.3907,-0.843,1.565
9.50,558,1.44281,3.6064,2.4115,-0.883,1.577
9.50,559,1.44289,3.6046,2.4322,-0.923,1.591
9.50,560,1.44296,3.6028,2.4529,-0.962,1.604
9.50,561,1.44304,3.6011,2.4737,-1.001,1.619
9.50,562,1.44311,3.5993,2.4944,-1.039,1.633
9.50,563,1.44318,3.5975,2.5150,-1.077,1.647
9.50,564,1.44324,3.5957,2.5357,-1.115,1.661
9.50,565,1.44330,3.5938,2.5563,-1.152,1.676
9.50,566,1.44336,3.5920,2.5769,-1.190,1.690
9.50,567,1.44342,3.5902,2.5976,-1.227,1.705
9.50,568,1.44348,3.5883,2.6181,-1.263,1.721
9.50,569,1.44354,3.5864,2.6387,-1.298,1.737
9.50,570,1.44359,3.5846,2.6592,-1.334,1.753
9.50,571,1.44364,3.5827,2.6798,-1.368,1.771
9.50,572,1.44369,3.5808,2.7002,-1.402,1.790
9.50,573,1.44374,3.5789,2.7208,-1.435,1.810
9.50,574,1.44378,3.5770,2.7412,-1.466,1.832
9.50,575,1.44383,3.5751,2.7617,-1.498,1.854
9.50,576,1.44387,3.5732,2.7822,-1.527,1.879
9.50,577,1.44391,3.5712,2.8025,-1.555,1.905
9.50,578,1.44395,3.5693,2.8229,-1.583,1.932
9.50,579,1.44399,3.5673,2.8433,-1.610,1.960
9.50,580,1.44403,3.5654,2.8637,-1.637,1.989
9.50,581,1.44407,3.5634,2.8840,-1.662,2.019
9.50,582,1.44410,3.5614,2.9044,-1.687,2.049
9.50,583,1.44414,3.5595,2.9247,-1.712,2.081
9.50,584,1.44417,3.5575,2.9451,-1.735,2.113
9.50,585,1.44420,3.5555,2.9653,-1.758,2.147
9.50,586,1.44423,3.5535,2.9857,-1.779,2.182
9.50,587,1.44426,3.5515,3.0059,-1.800,2.218
9.50,588,1.44429,3.5494,3.0262,-1.819,2.256
9.50,589,1.44432,3.5474,3.0465,-1.837,2.296
9.50,590,1.44435,3.5454,3.0667,-1.853,2.338
9.50,591,1.44438,3.5433,3.0869,-1.868,2.383
9.50,592,1.44440,3.5413,3.1071,-1.880,2.433
9.50,593,1.44443,3.5392,3.1273,-1.889,2.487
9.50,594,1.44445,3.5372,3.1475,-1.895,2.546
9.50,595,1.44448,3.5351,3.1677,-1.899,2.609
9.50,596,1.44450,3.5330,3.1879,-1.901,2.676
9.50,597,1.44452,3.5310,3.2080,-1.901,2.745
9.50,598,1.44454,3.5289,3.2281,-1.900,2.817
9.50,599,1.44456,3.5268,3.2483,-1.898,2.891
9.50,600,1.44459,3.5247,3.2684,-1.895,2.966
9.50,601,1.44461,3.5226,3.2883,-1.890,3.043
9.50,602,1.44463,3.5205,3.3084,-1.886,3.119
9.50,603,1.44464,3.5184,3.3284,-1.881,3.196
9.50,604,1.44466,3.5163,3.3484,-1.876,3.270
9.50,605,1.44469,3.5141,3.3685,-1.871,3.344
9.50,606,1.44469,3.5144,3.3657,-1.872,3.333
9.50,607,1.44469,3.5223,3.2957,-1.900,3.055
9.50,608,1.44469,3.5370,3.1612,-1.926,2.550
9.50,609,1.44469,3.5514,3.0258,-1.850,2.217
9.50,610,1.44469,3.5656,2.8900,-1.707,1.984
9.50,611,1.44469,3.5795,2.7538,-1.525,1.802
9.50,612,1.44469,3.5930,2.6168,-1.298,1.682
9.50,613,1.44469,3.6063,2.4794,-1.053,1.578
9.50,614,1.44469,3.6191,2.3414,-0.787,1.491
9.50,615,1.44469,3.6315,2.2028,-0.509,1.414
9.50,616,1.44469,3.6437,2.0639,-0.221,1.341
9.50,617,1.44469,3.6556,1.9246,0.075,1.276
9.50,618,1.44469,3.6656,1.7830,0.390,1.223
9.50,619,1.44470,3.6587,1.8477,0.255,1.259
9.50,620,1.44470,3.6479,1.9885,-0.051,1.318
9.50,621,1.44471,3.6395,2.0972,-0.285,1.365
9.50,622,1.44471,3.6475,2.0078,-0.098,1.321
9.50,623,1.44472,3.6591,1.8683,0.202,1.258
9.50,624,1.44473,3.6566,1.8899,0.158,1.271
9.50,625,1.44474,3.6579,1.8877,0.158,1.264
9.50,626,1.44476,3.6693,1.7489,0.461,1.205
9.50,627,1.44478,3.6668,1.7915,0.364,1.218
9.50,628,1.44481,3.6706,1.7311,0.501,1.198
9.50,629,1.44483,3.6709,1.7457,0.463,1.197
9.50,630,1.44487,3.6666,1.7822,0.388,1.218
9.50,631,1.44492,3.6701,1.7473,0.462,1.201
9.50,632,1.44492,3.6701,1.7473,0.463,1.201
9.50,633,1.44492,3.6701,1.7473,0.463,1.201
9.50,634,1.44492,3.6701,1.7473,0.463,1.201
9.50,635,1.44492,3.6701,1.7473,0.463,1.201
9.50,636,1.44492,3.6701,1.7472,0.463,1.201
9.50,637,1.44492,3.6701,1.7472,0.463,1.201
9.50,638,1.44492,3.6701,1.7472,0.463,1.201
9.50,639,1.44492,3.6701,1.7472,0.463,1.201
9.50,640,1.44492,3.6701,1.7472,0.463,1.201
9.50,641,1.44492,3.6701,1.7472,0.463,1.201
9.50,642,1.44492,3.6701,1.7472,0.463,1.201
9.50,643,1.44492,3.6701,1.7472,0.463,1.201
9.50,644,1.44492,3.6701,1.7472,0.463,1.201
9.50,645,1.44492,3.6701,1.7472,0.463,1.201
9.50,646,1.44492,3.6701,1.7472,0.463,1.201
9.50,647,1.44492,3.6701,1.7472,0.463,1.201
9.50,648,1.44492,3.6701,1.7472,0.463,1.201
9.50,649,1.44492,3.6701,1.7472,0.463,1.201
9.50,650,1.44492,3.6701,1.7472,0.463,1.201
9.50,651,1.44492,3.6701,1.7472,0.463,1.201
9.50,652,1.44492,3.6701,1.7472,0.463,1.201
9.50,653,1.44492,3.6701,1.7472,0.463,1.201
9.50,654,1.44492,3.6701,1.7472,0.463,1.201
9.50,655,1.44492,3.6701,1.7472,0.463,1.201
9.50,656,1.44492,3.6701,1.7472,0.463,1.201
9.50,657,1.44492,3.6701,1.7472,0.463,1.201
9.50,658,1.44492,3.6701,1.7472,0.463,1.201
9.50,659,1.44492,3.6702,1.7462,0.465,1.200
9.50,660,1.44493,3.6706,1.7415,0.475,1.198
9.50,661,1.44497,3.6712,1.7348,0.490,1.195
9.50,662,1.44507,3.6716,1.7300,0.500,1.193
9.50,663,1.44546,3.6713,1.7341,0.491,1.195
9.50,664,1.44620,3.6710,1.7408,0.476,1.196
9.50,665,1.44775,3.6714,1.7447,0.464,1.194
9.50,666,1.45027,3.6727,1.7432,0.463,1.188
9.50,667,1.45256,3.6734,1.7466,0.453,1.185
9.50,668,1.45460,3.6736,1.7525,0.437,1.184
9.50,669,1.45605,3.6733,1.7601,0.419,1.185
9.50,670,1.45689,3.6728,1.7679,0.401,1.188
9.50,671,1.45752,3.6723,1.7745,0.386,1.190
9.50,672,1.45799,3.6719,1.7798,0.375,1.193
9.50,673,1.45826,3.6721,1.7786,0.377,1.192
9.50,674,1.45853,3.6713,1.7871,0.359,1.195
9.50,675,1.45873,3.6704,1.7961,0.339,1.200
9.50,676,1.45891,3.6696,1.8053,0.319,1.204
9.50,677,1.45906,3.6687,1.8146,0.299,1.208
9.50,678,1.45919,3.6678,1.8239,0.279,1.213
9.50,679,1.45930,3.6670,1.8331,0.259,1.217
9.50,680,1.45940,3.6661,1.8426,0.239,1.222
9.50,681,1.45948,3.6652,1.8521,0.218,1.226
9.50,682,1.45956,3.6643,1.8617,0.197,1.231
9.50,683,1.45959,3.6645,1.8603,0.200,1.230
9.50,684,1.45962,3.6653,1.8523,0.217,1.226
9.50,685,1.45969,3.6651,1.8538,0.214,1.227
9.50,686,1.45975,3.6642,1.8633,0.194,1.231
9.50,687,1.45979,3.6634,1.8728,0.173,1.236
9.50,688,1.45983,3.6625,1.8823,0.153,1.240
9.50,689,1.45987,3.6616,1.8919,0.132,1.245
9.50,690,1.45990,3.6607,1.9015,0.112,1.249
9.50,691,1.45992,3.6599,1.9111,0.091,1.254
9.50,692,1.45995,3.6590,1.9208,0.070,1.258
9.50,693,1.45996,3.6581,1.9305,0.050,1.263
9.50,694,1.45998,3.6573,1.9401,0.029,1.268
9.50,695,1.45999,3.6564,1.9498,0.009,1.272
9.50,696,1.46000,3.6555,1.9595,-0.012,1.277
9.50,697,1.46001,3.6547,1.9692,-0.033,1.281
9.50,698,1.46002,3.6538,1.9788,-0.053,1.286
9.50,699,1.46003,3.6530,1.9885,-0.074,1.291
9.50,700,1.46003,3.6521,1.9981,-0.094,1.295
9.50,701,1.46004,3.6512,2.0077,-0.114,1.300
9.50,702,1.46004,3.6504,2.0172,-0.134,1.305
9.50,703,1.46005,3.6496,2.0268,-0.155,1.309
9.50,704,1.46005,3.6487,2.0362,-0.175,1.314
9.50,705,1.46005,3.6479,2.0456,-0.194,1.319
9.50,706,1.46006,3.6471,2.0550,-0.214,1.323
9.50,707,1.46006,3.6462,2.0643,-0.234,1.328
9.55,218,0.10000,3.4603,-3.0022,13.808,3.603
9.55,220,0.10752,3.4656,-2.9367,13.578,3.487
9.55,222,0.11626,3.4717,-2.8604,13.312,3.354
9.55,224,0.12496,3.4778,-2.7846,13.052,3.223
9.55,226,0.13390,3.4840,-2.7066,12.787,3.091
9.55,228,0.14280,3.4903,-2.6290,12.527,2.962
9.55,230,0.15511,3.4967,-2.5413,12.241,2.834
9.55,232,0.18279,3.5044,-2.4063,11.825,2.692
9.55,234,0.20430,3.5103,-2.3060,11.518,2.596
9.55,236,0.21635,3.5132,-2.2602,11.377,2.552
9.55,238,0.22805,3.5161,-2.2155,11.240,2.511
9.55,240,0.24012,3.5190,-2.1691,11.099,2.471
9.55,242,0.25234,3.5220,-2.1231,10.960,2.433
9.55,244,0.26832,3.5258,-2.0703,10.798,2.388
9.55,246,0.28370,3.5295,-2.0191,10.643,2.347
9.55,248,0.29828,3.5330,-1.9701,10.496,2.310
9.55,250,0.30837,3.5357,-1.9375,10.396,2.282
9.55,252,0.31157,3.5365,-1.9274,10.365,2.273
9.55,254,0.31343,3.5370,-1.9216,10.347,2.268
9.55,256,0.31534,3.5375,-1.9158,10.329,2.263
9.55,258,0.31734,3.5379,-1.9098,10.311,2.258
9.55,260,0.31932,3.5384,-1.9038,10.293,2.253
9.55,262,0.32548,3.5399,-1.8859,10.238,2.238
9.55,264,0.33520,3.5420,-1.8590,10.156,2.215
9.55,266,0.34397,3.5438,-1.8344,10.082,2.196
9.55,268,0.35069,3.5450,-1.8111,10.015,2.183
9.55,270,0.35872,3.5465,-1.7823,9.933,2.168
9.55,272,0.36390,3.5475,-1.7675,9.889,2.157
9.55,274,0.36828,3.5483,-1.7554,9.853,2.148
9.55,276,0.37302,3.5492,-1.7429,9.815,2.138
9.55,278,0.37791,3.5502,-1.7312,9.779,2.128
9.55,280,0.38849,3.5523,-1.7050,9.699,2.107
9.55,282,0.41896,3.5582,-1.6257,9.460,2.046
9.55,284,0.45329,3.5651,-1.5343,9.186,1.979
9.55,286,0.47753,3.5706,-1.4664,8.982,1.927
9.55,288,0.50179,3.5762,-1.3983,8.778,1.876
9.55,290,0.52605,3.5828,-1.3275,8.564,1.820
9.55,292,0.55009,3.5895,-1.2573,8.353,1.766
9.55,294,0.57064,3.5961,-1.1959,8.165,1.714
9.55,296,0.58957,3.6022,-1.1391,7.991,1.666
9.55,298,0.60744,3.6089,-1.0852,7.823,1.615
9.55,300,0.62359,3.6160,-1.0361,7.664,1.562
9.55,302,0.63873,3.6227,-0.9898,7.515,1.514
9.55,304,0.65542,3.6301,-0.9387,7.351,1.461
9.55,306,0.67095,3.6371,-0.8910,7.199,1.413
9.55,308,0.68680,3.6442,-0.8421,7.043,1.366
9.55,310,0.70331,3.6516,-0.7923,6.886,1.319
9.55,312,0.72062,3.6589,-0.7457,6.739,1.274
9.55,314,0.73924,3.6669,-0.6953,6.582,1.228
9.55,316,0.75657,3.6743,-0.6483,6.438,1.187
9.55,318,0.77399,3.6817,-0.6007,6.295,1.148
9.55,320,0.79142,3.6892,-0.5529,6.153,1.110
9.55,322,0.80812,3.6964,-0.5068,6.017,1.075
9.55,324,0.82519,3.7037,-0.4594,5.880,1.038
9.55,326,0.84148,3.7107,-0.4139,5.750,1.006
9.55,328,0.85810,3.7178,-0.3671,5.619,0.975
9.55,330,0.87404,3.7247,-0.3219,5.493,0.946
9.55,332,0.89025,3.7317,-0.2755,5.366,0.915
9.55,334,0.90624,3.7378,-0.2320,5.249,0.889
9.55,336,0.92254,3.7427,-0.1914,5.142,0.867
9.55,338,0.93882,3.7477,-0.1505,5.034,0.846
9.55,340,0.95472,3.7525,-0.1102,4.929,0.826
9.55,342,0.97042,3.7571,-0.0700,4.825,0.806
9.55,344,0.98846,3.7622,-0.0243,4.707,0.785
9.55,346,1.00787,3.7672,0.0240,4.584,0.764
9.55,348,1.02319,3.7709,0.0620,4.487,0.748
9.55,350,1.03496,3.7737,0.0910,4.413,0.737
9.55,352,1.04868,3.7768,0.1248,4.328,0.724
9.55,353,1.05616,3.7785,0.1432,4.281,0.717
9.55,354,1.05886,3.7791,0.1499,4.265,0.715
9.55,356,1.06532,3.7805,0.1656,4.225,0.709
9.55,358,1.07198,3.7819,0.1817,4.185,0.703
9.55,360,1.07857,3.7832,0.1977,4.145,0.698
9.55,362,1.08503,3.7845,0.2136,4.105,0.692
9.55,364,1.09141,3.7858,0.2292,4.066,0.687
9.55,366,1.09769,3.7871,0.2448,4.027,0.682
9.55,368,1.10614,3.7887,0.2652,3.976,0.675
9.55,370,1.11559,3.7904,0.2880,3.919,0.668
9.55,372,1.12258,3.7916,0.3047,3.877,0.663
9.55,374,1.12762,3.7924,0.3165,3.848,0.659
9.55,376,1.13268,3.7932,0.3283,3.819,0.656
9.55,378,1.13772,3.7939,0.3400,3.790,0.653
9.55,380,1.17024,3.7968,0.4069,3.624,0.640
9.55,382,1.18353,3.7972,0.4323,3.562,0.638
9.55,384,1.19757,3.7976,0.4596,3.494,0.636
9.55,386,1.22512,3.7970,0.5100,3.367,0.638
9.55,388,1.23524,3.7962,0.5276,3.322,0.641
9.55,390,1.25138,3.7944,0.5547,3.252,0.648
9.55,392,1.26851,3.7921,0.5831,3.179,0.658
9.55,394,1.28138,3.7902,0.6051,3.123,0.665
9.55,396,1.28885,3.7893,0.6191,3.088,0.669
9.55,398,1.29541,3.7890,0.6339,3.050,0.670
9.55,400,1.30048,3.7896,0.6492,3.011,0.668
9.55,402,1.30372,3.7911,0.6641,2.974,0.662
9.55,404,1.30559,3.7929,0.6772,2.941,0.654
9.55,406,1.30671,3.7948,0.6891,2.910,0.647
9.55,408,1.30745,3.7968,0.7005,2.882,0.639
9.55,410,1.30796,3.7987,0.7116,2.854,0.631
9.55,412,1.30832,3.8005,0.7224,2.827,0.623
9.55,414,1.30857,3.8023,0.7331,2.800,0.616
9.55,416,1.30877,3.8038,0.7435,2.774,0.610
9.55,418,1.30892,3.8053,0.7534,2.749,0.604
9.55,420,1.30904,3.8065,0.7626,2.726,0.599
9.55,422,1.30913,3.8074,0.7703,2.707,0.596
9.55,424,1.30921,3.8079,0.7758,2.693,0.593
9.55,426,1.30928,3.8081,0.7785,2.686,0.593
9.55,428,1.30933,3.8079,0.7785,2.686,0.593
9.55,430,1.30939,3.8073,0.7770,2.690,0.596
9.55,432,1.30947,3.8063,0.7754,2.694,0.600
9.55,434,1.30958,3.8050,0.7772,2.689,0.605
9.55,436,1.30975,3.8037,0.7816,2.678,0.610
9.55,438,1.31008,3.8023,0.7854,2.668,0.615
9.55,440,1.31080,3.8009,0.7886,2.660,0.621
9.55,442,1.31221,3.7994,0.7927,2.650,0.627
9.55,444,1.31417,3.7978,0.7979,2.637,0.633
9.55,446,1.31636,3.7960,0.8035,2.623,0.641
9.55,448,1.31860,3.7941,0.8089,2.609,0.648
9.55,450,1.32076,3.7921,0.8138,2.597,0.656
9.55,452,1.32272,3.7902,0.8180,2.587,0.664
9.55,454,1.32446,3.7882,0.8214,2.578,0.672
9.55,455,1.32692,3.7851,0.8254,2.569,0.685
9.55,456,1.32911,3.7818,0.8280,2.564,0.698
9.55,457,1.33105,3.7785,0.8291,2.562,0.712
9.55,458,1.33277,3.7752,0.8288,2.564,0.725
9.55,459,1.33427,3.7718,0.8270,2.571,0.740
9.55,460,1.33560,3.7683,0.8237,2.581,0.754
9.55,461,1.33679,3.7649,0.8190,2.595,0.769
9.55,462,1.33785,3.7614,0.8129,2.612,0.784
9.55,463,1.33881,3.7579,0.8056,2.634,0.798
9.55,464,1.33969,3.7544,0.7972,2.658,0.813
9.55,465,1.34052,3.7510,0.7879,2.684,0.828
9.55,466,1.34130,3.7476,0.7780,2.712,0.843
9.55,467,1.34206,3.7443,0.7676,2.742,0.857
9.55,468,1.34281,3.7409,0.7568,2.773,0.872
9.55,469,1.34355,3.7376,0.7458,2.805,0.887
9.55,470,1.34430,3.7342,0.7350,2.837,0.902
9.55,471,1.34507,3.7308,0.7246,2.868,0.917
9.55,472,1.34590,3.7273,0.7150,2.898,0.932
9.55,473,1.34679,3.7237,0.7067,2.924,0.948
9.55,474,1.34779,3.7201,0.7005,2.946,0.964
9.55,475,1.34893,3.7164,0.6975,2.961,0.979
9.55,476,1.35022,3.7129,0.6988,2.965,0.994
9.55,477,1.35164,3.7096,0.7050,2.957,1.009
9.55,478,1.35313,3.7068,0.7158,2.936,1.022
9.55,479,1.35463,3.7044,0.7301,2.906,1.032
9.55,480,1.35610,3.7025,0.7466,2.869,1.041
9.55,481,1.35753,3.7010,0.7646,2.828,1.049
9.55,482,1.35892,3.6996,0.7834,2.785,1.055
9.55,483,1.36026,3.6985,0.8031,2.738,1.061
9.55,484,1.36163,3.6974,0.8239,2.689,1.066
9.55,485,1.36295,3.6965,0.8451,2.639,1.071
9.55,486,1.36422,3.6956,0.8664,2.588,1.075
9.55,487,1.36543,3.6948,0.8878,2.536,1.079
9.55,488,1.36659,3.6940,0.9094,2.484,1.083
9.55,489,1.36771,3.6932,0.9310,2.432,1.087
9.55,490,1.36879,3.6924,0.9526,2.380,1.090
9.55,491,1.36982,3.6916,0.9743,2.328,1.094
9.55,492,1.37081,3.6909,0.9961,2.276,1.098
9.55,493,1.37176,3.6901,1.0178,2.224,1.101
9.55,494,1.37266,3.6893,1.0396,2.172,1.105
9.55,495,1.37353,3.6885,1.0613,2.120,1.109
9.55,496,1.37436,3.6876,1.0831,2.068,1.113
9.55,497,1.37515,3.6868,1.1048,2.016,1.117
9.55,498,1.37591,3.6859,1.1266,1.964,1.121
9.55,499,1.37664,3.6850,1.1483,1.912,1.125
9.55,500,1.37733,3.6841,1.1700,1.861,1.129
9.55,501,1.37800,3.6832,1.1918,1.809,1.134
9.55,502,1.37863,3.6823,1.2135,1.758,1.138
9.55,503,1.37923,3.6813,1.2352,1.707,1.143
9.55,504,1.37982,3.6803,1.2568,1.656,1.148
9.55,505,1.38039,3.6793,1.2786,1.604,1.152
9.55,506,1.38094,3.6783,1.3004,1.553,1.158
9.55,507,1.38146,3.6773,1.3222,1.502,1.163
9.55,508,1.38196,3.6762,1.3440,1.451,1.168
9.55,509,1.38244,3.6751,1.3658,1.400,1.173
9.55,510,1.38290,3.6740,1.3875,1.350,1.179
9.55,511,1.38334,3.6729,1.4092,1.299,1.185
9.55,512,1.38376,3.6718,1.4309,1.249,1.190
9.55,513,1.38417,3.6706,1.4526,1.198,1.196
9.55,514,1.38456,3.6695,1.4743,1.148,1.202
9.55,515,1.38494,3.6683,1.4960,1.098,1.208
9.55,516,1.38530,3.6671,1.5176,1.049,1.214
9.55,517,1.38565,3.6659,1.5392,0.999,1.220
9.55,518,1.38599,3.6647,1.5609,0.949,1.227
9.55,519,1.38632,3.6634,1.5824,0.900,1.233
9.55,520,1.38665,3.6622,1.6040,0.851,1.239
9.55,521,1.38698,3.6609,1.6255,0.802,1.246
9.55,522,1.38733,3.6596,1.6470,0.753,1.253
9.55,523,1.38780,3.6584,1.6683,0.705,1.259
9.55,524,1.38903,3.6579,1.6824,0.672,1.262
9.55,525,1.38958,3.6568,1.7033,0.624,1.268
9.55,526,1.38990,3.6555,1.7248,0.576,1.275
9.55,527,1.39015,3.6541,1.7462,0.528,1.283
9.55,528,1.39037,3.6527,1.7677,0.480,1.290
9.55,529,1.39059,3.6513,1.7892,0.433,1.298
9.55,530,1.39081,3.6499,1.8106,0.385,1.306
9.55,531,1.39102,3.6485,1.8320,0.338,1.314
9.55,532,1.39122,3.6470,1.8534,0.291,1.322
9.55,533,1.39141,3.6455,1.8748,0.244,1.330
9.55,534,1.39159,3.6441,1.8961,0.197,1.339
9.55,535,1.39177,3.6426,1.9175,0.151,1.347
9.55,536,1.39194,3.6411,1.9388,0.104,1.356
9.55,537,1.39210,3.6396,1.9601,0.058,1.364
9.55,538,1.39226,3.6380,1.9814,0.012,1.373
9.55,539,1.39241,3.6365,2.0027,-0.034,1.382
9.55,540,1.39255,3.6350,2.0240,-0.079,1.391
9.55,541,1.39269,3.6334,2.0453,-0.125,1.400
9.55,542,1.39282,3.6319,2.0665,-0.170,1.410
9.55,543,1.39295,3.6303,2.0877,-0.214,1.420
9.55,544,1.39307,3.6287,2.1089,-0.259,1.430
9.55,545,1.39319,3.6271,2.1301,-0.303,1.440
9.55,546,1.39330,3.6255,2.1513,-0.347,1.450
9.55,547,1.39341,3.6238,2.1725,-0.391,1.461
9.55,548,1.39352,3.6222,2.1936,-0.434,1.471
9.55,549,1.39362,3.6205,2.2147,-0.478,1.481
9.55,550,1.39371,3.6188,2.2358,-0.521,1.492
9.55,551,1.39381,3.6171,2.2569,-0.564,1.503
9.55,552,1.39390,3.6155,2.2780,-0.607,1.514
9.55,553,1.39398,3.6138,2.2990,-0.650,1.525
9.55,554,1.39407,3.6120,2.3200,-0.691,1.537
9.55,555,1.39415,3.6103,2.3410,-0.733,1.549
9.55,556,1.39422,3.6085,2.3620,-0.774,1.561
9.55,557,1.39430,3.6068,2.3830,-0.815,1.574
9.55,558,1.39437,3.6050,2.4039,-0.855,1.588
9.55,559,1.39444,3.6032,2.4249,-0.894,1.601
9.55,560,1.39450,3.6014,2.4458,-0.933,1.616
9.55,561,1.39457,3.5997,2.4667,-0.972,1.630
9.55,562,1.39463,3.5978,2.4876,-1.011,1.644
9.55,563,1.39469,3.5960,2.5085,-1.049,1.659
9.55,564,1.39474,3.5942,2.5293,-1.087,1.673
9.55,565,1.39480,3.5923,2.5502,-1.125,1.688
9.55,566,1.39485,3.5905,2.5710,-1.162,1.703
9.55,567,1.39490,3.5886,2.5918,-1.199,1.718
9.55,568,1.39495,3.5867,2.6125,-1.235,1.734
9.55,569,1.39500,3.5848,2.6333,-1.271,1.751
9.55,570,1.39504,3.5829,2.6540,-1.306,1.769
9.55,571,1.39509,3.5810,2.6748,-1.340,1.787
9.55,572,1.39513,3.5791,2.6955,-1.374,1.807
9.55,573,1.39517,3.5772,2.7162,-1.406,1.829
9.55,574,1.39521,3.5753,2.7369,-1.437,1.852
9.55,575,1.39525,3.5734,2.7575,-1.467,1.877
9.55,576,1.39529,3.5714,2.7782,-1.497,1.903
9.55,577,1.39532,3.5694,2.7987,-1.525,1.930
9.55,578,1.39536,3.5675,2.8193,-1.552,1.958
9.55,579,1.39539,3.5655,2.8399,-1.578,1.987
9.55,580,1.39543,3.5635,2.8604,-1.604,2.017
9.55,581,1.39546,3.5615,2.8809,-1.630,2.048
9.55,582,1.39549,3.5595,2.9015,-1.654,2.080
9.55,583,1.39552,3.5575,2.9220,-1.678,2.112
9.55,584,1.39555,3.5555,2.9425,-1.701,2.146
9.55,585,1.39557,3.5535,2.9630,-1.723,2.181
9.55,586,1.39560,3.5515,2.9835,-1.744,2.218
9.55,587,1.39563,3.5494,3.0040,-1.763,2.256
9.55,588,1.39565,3.5474,3.0244,-1.781,2.297
9.55,589,1.39568,3.5453,3.0449,-1.798,2.339
9.55,590,1.39570,3.5433,3.0653,-1.813,2.384
9.55,591,1.39572,3.5412,3.0857,-1.825,2.435
9.55,592,1.39575,3.5391,3.1061,-1.834,2.490
9.55,593,1.39577,3.5371,3.1265,-1.840,2.550
9.55,594,1.39579,3.5350,3.1469,-1.844,2.613
9.55,595,1.39581,3.5329,3.1672,-1.845,2.681
9.55,596,1.39583,3.5308,3.1875,-1.846,2.751
9.55,597,1.39585,3.5287,3.2079,-1.845,2.823
9.55,598,1.39587,3.5266,3.2282,-1.843,2.898
9.55,599,1.39589,3.5245,3.2485,-1.839,2.974
9.55,600,1.39590,3.5224,3.2688,-1.835,3.051
9.55,601,1.39592,3.5202,3.2890,-1.830,3.129
9.55,602,1.39594,3.5181,3.3092,-1.825,3.206
9.55,603,1.39596,3.5159,3.3294,-1.819,3.282
9.55,604,1.39597,3.5138,3.3496,-1.815,3.355
9.55,605,1.39599,3.5116,3.3698,-1.810,3.426
9.55,606,1.39599,3.5119,3.3671,-1.811,3.416
9.55,607,1.39599,3.5208,3.2881,-1.844,3.107
9.55,608,1.39599,3.5360,3.1496,-1.875,2.581
9.55,609,1.39599,3.5509,3.0105,-1.804,2.226
9.55,610,1.39599,3.5655,2.8708,-1.658,1.985
9.55,611,1.39599,3.5799,2.7306,-1.470,1.799
9.55,612,1.39599,3.5938,2.5897,-1.236,1.676
9.55,613,1.39599,3.6073,2.4483,-0.982,1.570
9.55,614,1.39599,3.6205,2.3062,-0.707,1.482
9.55,615,1.39599,3.6333,2.1636,-0.420,1.402
9.55,616,1.39599,3.6458,2.0207,-0.123,1.330
9.55,617,1.39600,3.6579,1.8770,0.185,1.264
9.55,618,1.39600,3.6651,1.7433,0.491,1.226
9.55,619,1.39600,3.6540,1.8880,0.174,1.285
9.55,620,1.39600,3.6427,2.0327,-0.138,1.347
9.55,621,1.39601,3.6375,2.1011,-0.285,1.377
9.55,622,1.39601,3.6481,1.9808,-0.033,1.317
9.55,623,1.39602,3.6598,1.8370,0.277,1.254
9.55,624,1.39603,3.6522,1.9268,0.084,1.295
9.55,625,1.39604,3.6579,1.8701,0.202,1.264
9.55,626,1.39606,3.6671,1.7511,0.464,1.216
9.55,627,1.39607,3.6670,1.7736,0.408,1.217
9.55,628,1.39610,3.6683,1.7416,0.483,1.210
9.55,629,1.39611,3.6715,1.7188,0.529,1.194
9.55,630,1.39615,3.6647,1.7926,0.369,1.229
9.55,631,1.39619,3.6684,1.7507,0.460,1.209
9.55,632,1.39619,3.6685,1.7503,0.461,1.209
9.55,633,1.39619,3.6685,1.7503,0.461,1.209
9.55,634,1.39619,3.6685,1.7503,0.461,1.209
9.55,635,1.39619,3.6685,1.7503,0.461,1.209
9.55,636,1.39619,3.6685,1.7503,0.461,1.209
9.55,637,1.39619,3.6685,1.7503,0.461,1.209
9.55,638,1.39619,3.6685,1.7503,0.461,1.209
9.55,639,1.39619,3.6685,1.7503,0.461,1.209
9.55,640,1.39619,3.6685,1.7503,0.461,1.209
9.55,641,1.39619,3.6685,1.7503,0.461,1.209
9.55,642,1.39619,3.6685,1.7502,0.461,1.209
9.55,643,1.39619,3.6685,1.7502,0.461,1.209
9.55,644,1.39619,3.6685,1.7502,0.461,1.209
9.55,645,1.39619,3.6685,1.7502,0.461,1.209
9.55,646,1.39619,3.6685,1.7502,0.461,1.209
9.55,647,1.39619,3.6685,1.7502,0.461,1.209
9.55,648,1.39619,3.6685,1.7502,0.461,1.209
9.55,649,1.39619,3.6685,1.7502,0.461,1.209
9.55,650,1.39619,3.6685,1.7502,0.461,1.209
9.55,651,1.39619,3.6685,1.7502,0.461,1.209
9.55,652,1.39619,3.6685,1.7502,0.461,1.209
9.55,653,1.39619,3.6685,1.7501,0.461,1.209
9.55,654,1.39619,3.6685,1.7501,0.461,1.209
9.55,655,1.39619,3.6685,1.7499,0.462,1.209
9.55,656,1.39620,3.6689,1.7450,0.473,1.207
9.55,657,1.39620,3.6699,1.7339,0.497,1.202
9.55,658,1.39622,3.6708,1.7223,0.522,1.197
9.55,659,1.39636,3.6705,1.7250,0.517,1.199
9.55,660,1.39671,3.6696,1.7367,0.491,1.203
9.55,661,1.39790,3.6701,1.7386,0.484,1.201
9.55,662,1.39956,3.6711,1.7371,0.484,1.196
9.55,663,1.40154,3.6722,1.7366,0.482,1.190
9.55,664,1.40344,3.6729,1.7393,0.472,1.187
9.55,665,1.40498,3.6729,1.7459,0.456,1.187
9.55,666,1.40592,3.6725,1.7526,0.441,1.189
9.55,667,1.40663,3.6719,1.7612,0.421,1.192
9.55,668,1.40700,3.6711,1.7697,0.403,1.196
9.55,669,1.40745,3.6706,1.7762,0.388,1.199
9.55,670,1.40766,3.6697,1.7859,0.367,1.203
9.55,671,1.40785,3.6698,1.7854,0.368,1.203
9.55,672,1.40802,3.6696,1.7878,0.363,1.204
9.55,673,1.40824,3.6687,1.7973,0.342,1.208
9.55,674,1.40841,3.6678,1.8076,0.320,1.213
9.55,675,1.40852,3.6668,1.8178,0.298,1.218
9.55,676,1.40862,3.6663,1.8236,0.285,1.221
9.55,677,1.40868,3.6661,1.8256,0.281,1.221
9.55,678,1.40874,3.6660,1.8277,0.276,1.222
9.55,679,1.40878,3.6658,1.8298,0.272,1.223
9.55,680,1.40886,3.6655,1.8336,0.263,1.225
9.55,681,1.40894,3.6646,1.8436,0.242,1.230
9.55,682,1.40900,3.6639,1.8502,0.228,1.233
9.55,683,1.40905,3.6640,1.8502,0.227,1.233
9.55,684,1.40909,3.6641,1.8494,0.229,1.232
9.55,685,1.40913,3.6642,1.8481,0.232,1.231
9.55,686,1.40917,3.6643,1.8464,0.236,1.231
9.55,687,1.40922,3.6635,1.8547,0.218,1.235
9.55,688,1.40927,3.6626,1.8652,0.195,1.240
9.55,689,1.40931,3.6616,1.8759,0.173,1.245
9.55,690,1.40934,3.6606,1.8865,0.150,1.250
9.55,691,1.40937,3.6596,1.8971,0.127,1.255
9.55,692,1.40940,3.6587,1.9078,0.104,1.260
9.55,693,1.40942,3.6577,1.9185,0.082,1.265
9.55,694,1.40943,3.6567,1.9292,0.059,1.270
9.55,695,1.40945,3.6558,1.9399,0.036,1.275
9.55,696,1.40946,3.6548,1.9506,0.013,1.281
9.55,697,1.40947,3.6538,1.9613,-0.009,1.286
9.55,698,1.40948,3.6529,1.9721,-0.032,1.291
9.55,699,1.40948,3.6519,1.9827,-0.055,1.296
9.55,700,1.40949,3.6510,1.9934,-0.077,1.302
9.55,701,1.40950,3.6500,2.0040,-0.100,1.307
9.55,702,1.40950,3.6491,2.0146,-0.122,1.312
9.55,703,1.40950,3.6481,2.0251,-0.144,1.317
9.55,704,1.40951,3.6472,2.0356,-0.166,1.322
9.55,705,1.40951,3.6463,2.0460,-0.188,1.327
9.55,706,1.40951,3.6453,2.0564,-0.210,1.333
9.55,707,1.40951,3.6444,2.0667,-0.232,1.338
9.60,220,0.10000,3.4603,-3.0021,13.807,3.603
9.60,222,0.10592,3.4645,-2.9505,13.626,3.511
9.60,224,0.11460,3.4705,-2.8747,13.362,3.378
9.60,226,0.12352,3.4768,-2.7970,13.094,3.244
9.60,228,0.13231,3.4829,-2.7203,12.834,3.114
9.60,230,0.14119,3.4892,-2.6429,12.573,2.985
9.60,232,0.15112,3.4956,-2.5605,12.300,2.855
9.60,234,0.17768,3.5030,-2.4309,11.901,2.717
9.60,236,0.20190,3.5097,-2.3146,11.545,2.605
9.60,238,0.21372,3.5126,-2.2695,11.406,2.561
9.60,240,0.22581,3.5155,-2.2231,11.264,2.518
9.60,242,0.23738,3.5184,-2.1784,11.128,2.479
9.60,244,0.24923,3.5213,-2.1323,10.988,2.442
9.60,246,0.26460,3.5250,-2.0808,10.831,2.398
9.60,248,0.27957,3.5286,-2.0307,10.680,2.358
9.60,250,0.29422,3.5321,-1.9814,10.531,2.320
9.60,252,0.30572,3.5350,-1.9434,10.416,2.289
9.60,254,0.31101,3.5364,-1.9265,10.364,2.274
9.60,256,0.31291,3.5369,-1.9206,10.346,2.269
9.60,258,0.31487,3.5374,-1.9147,10.327,2.264
9.60,260,0.31682,3.5379,-1.9087,10.309,2.259
9.60,262,0.31886,3.5383,-1.9025,10.290,2.254
9.60,264,0.32372,3.5395,-1.8883,10.247,2.242
9.60,266,0.33250,3.5414,-1.8634,10.171,2.221
9.60,268,0.34222,3.5434,-1.8362,10.089,2.200
9.60,270,0.34853,3.5448,-1.8217,10.043,2.186
9.60,272,0.35615,3.5461,-1.7916,9.959,2.172
9.60,274,0.36228,3.5473,-1.7725,9.903,2.159
9.60,276,0.36659,3.5481,-1.7626,9.872,2.150
9.60,278,0.37085,3.5489,-1.7473,9.829,2.142
9.60,280,0.37571,3.5498,-1.7356,9.793,2.132
9.60,282,0.38073,3.5508,-1.7234,9.755,2.121
9.60,284,0.40214,3.5550,-1.6691,9.590,2.079
9.60,286,0.43607,3.5617,-1.5790,9.320,2.012
9.60,288,0.46409,3.5676,-1.5024,9.090,1.955
9.60,290,0.48728,3.5729,-1.4374,8.895,1.906
9.60,292,0.51172,3.5790,-1.3675,8.685,1.852
9.60,294,0.53595,3.5857,-1.2967,8.471,1.796
9.60,296,0.55744,3.5920,-1.2332,8.279,1.746
9.60,298,0.57724,3.5984,-1.1737,8.097,1.696
9.60,300,0.59642,3.6047,-1.1160,7.921,1.647
9.60,302,0.61209,3.6112,-1.0683,7.768,1.598
9.60,304,0.62882,3.6186,-1.0171,7.603,1.543
9.60,306,0.64441,3.6256,-0.9692,7.449,1.493
9.60,308,0.66022,3.6327,-0.9205,7.293,1.443
9.60,310,0.67637,3.6399,-0.8704,7.134,1.394
9.60,312,0.69139,3.6468,-0.8237,6.985,1.349
9.60,314,0.70898,3.6546,-0.7725,6.824,1.300
9.60,316,0.72657,3.6621,-0.7247,6.674,1.255
9.60,318,0.74400,3.6696,-0.6772,6.527,1.213
9.60,320,0.76173,3.6772,-0.6285,6.379,1.171
9.60,322,0.77850,3.6844,-0.5823,6.240,1.134
9.60,324,0.79578,3.6918,-0.5343,6.099,1.097
9.60,326,0.81228,3.6989,-0.4882,5.964,1.062
9.60,328,0.82899,3.7061,-0.4412,5.829,1.026
9.60,330,0.84514,3.7131,-0.3954,5.699,0.995
9.60,332,0.86147,3.7202,-0.3487,5.569,0.965
9.60,334,0.87734,3.7270,-0.3030,5.442,0.935
9.60,336,0.89306,3.7338,-0.2572,5.318,0.906
9.60,338,0.90916,3.7396,-0.2137,5.201,0.880
9.60,340,0.92521,3.7445,-0.1729,5.094,0.860
9.60,342,0.94103,3.7493,-0.1323,4.987,0.839
9.60,344,0.95675,3.7540,-0.0915,4.881,0.819
9.60,346,0.97230,3.7586,-0.0507,4.776,0.800
9.60,348,0.99066,3.7636,-0.0031,4.653,0.779
9.60,350,1.00920,3.7683,0.0442,4.533,0.759
9.60,352,1.02399,3.7719,0.0819,4.437,0.744
9.60,353,1.02977,3.7732,0.0966,4.400,0.739
9.60,354,1.03182,3.7737,0.1018,4.386,0.737
9.60,356,1.03589,3.7746,0.1122,4.360,0.733
9.60,358,1.04000,3.7755,0.1227,4.334,0.729
9.60,360,1.04528,3.7767,0.1361,4.300,0.724
9.60,362,1.05054,3.7778,0.1494,4.266,0.720
9.60,364,1.05577,3.7790,0.1627,4.233,0.715
9.60,366,1.06124,3.7801,0.1767,4.198,0.710
9.60,368,1.06761,3.7814,0.1926,4.158,0.705
9.60,370,1.07394,3.7827,0.2085,4.118,0.699
9.60,372,1.08013,3.7839,0.2241,4.079,0.694
9.60,374,1.08624,3.7850,0.2396,4.040,0.689
9.60,376,1.09226,3.7862,0.2549,4.002,0.685
9.60,378,1.09817,3.7873,0.2700,3.964,0.680
9.60,380,1.10580,3.7885,0.2888,3.917,0.675
9.60,382,1.11394,3.7898,0.3085,3.868,0.670
9.60,384,1.12113,3.7908,0.3257,3.826,0.665
9.60,386,1.12615,3.7914,0.3371,3.797,0.663
9.60,388,1.13115,3.7919,0.3485,3.769,0.660
9.60,390,1.13610,3.7924,0.3597,3.741,0.658
9.60,392,1.18299,3.7925,0.4486,3.520,0.656
9.60,394,1.19609,3.7917,0.4726,3.460,0.659
9.60,396,1.21945,3.7891,0.5133,3.357,0.670
9.60,398,1.22892,3.7877,0.5297,3.315,0.675
9.60,400,1.23771,3.7865,0.5459,3.274,0.680
9.60,402,1.24813,3.7861,0.5699,3.214,0.682
9.60,404,1.25438,3.7872,0.5914,3.159,0.677
9.60,406,1.25724,3.7890,0.6076,3.118,0.670
9.60,408,1.25868,3.7910,0.6213,3.084,0.662
9.60,410,1.25954,3.7930,0.6337,3.052,0.654
9.60,412,1.26009,3.7948,0.6456,3.022,0.646
9.60,414,1.26048,3.7966,0.6571,2.994,0.639
9.60,416,1.26075,3.7982,0.6682,2.966,0.632
9.60,418,1.26096,3.7997,0.6789,2.939,0.626
9.60,420,1.26112,3.8009,0.6889,2.914,0.621
9.60,422,1.26125,3.8019,0.6976,2.892,0.617
9.60,424,1.26135,3.8025,0.7042,2.875,0.615
9.60,426,1.26143,3.8027,0.7082,2.865,0.614
9.60,428,1.26151,3.8025,0.7095,2.862,0.615
9.60,430,1.26158,3.8020,0.7093,2.863,0.617
9.60,432,1.26167,3.8012,0.7092,2.863,0.620
9.60,434,1.26181,3.8001,0.7119,2.856,0.624
9.60,436,1.26207,3.7989,0.7160,2.846,0.629
9.60,438,1.26271,3.7976,0.7196,2.837,0.634
9.60,440,1.26425,3.7962,0.7240,2.825,0.640
9.60,442,1.26679,3.7944,0.7305,2.809,0.646
9.60,444,1.26988,3.7924,0.7380,2.790,0.654
9.60,446,1.27310,3.7903,0.7456,2.771,0.663
9.60,448,1.27618,3.7881,0.7528,2.753,0.672
9.60,450,1.27883,3.7859,0.7590,2.738,0.681
9.60,452,1.28097,3.7839,0.7638,2.726,0.689
9.60,454,1.28282,3.7820,0.7675,2.717,0.697
9.60,455,1.28531,3.7790,0.7719,2.707,0.709
9.60,456,1.28748,3.7760,0.7746,2.701,0.722
9.60,457,1.28936,3.7728,0.7756,2.700,0.735
9.60,458,1.29100,3.7696,0.7751,2.703,0.749
9.60,459,1.29245,3.7663,0.7729,2.710,0.763
9.60,460,1.29372,3.7629,0.7693,2.721,0.777
9.60,461,1.29486,3.7595,0.7642,2.736,0.791
9.60,462,1.29589,3.7561,0.7578,2.755,0.806
9.60,463,1.29683,3.7526,0.7503,2.777,0.821
9.60,464,1.29770,3.7492,0.7419,2.801,0.836
9.60,465,1.29853,3.7458,0.7327,2.828,0.851
9.60,466,1.29932,3.7424,0.7229,2.856,0.866
9.60,467,1.30009,3.7389,0.7127,2.886,0.881
9.60,468,1.30088,3.7354,0.7023,2.917,0.896
9.60,469,1.30169,3.7318,0.6920,2.948,0.912
9.60,470,1.30252,3.7282,0.6823,2.978,0.929
9.60,471,1.30342,3.7244,0.6738,3.006,0.945
9.60,472,1.30439,3.7206,0.6670,3.029,0.961
9.60,473,1.30550,3.7167,0.6631,3.047,0.978
9.60,474,1.30677,3.7129,0.6636,3.053,0.994
9.60,475,1.30819,3.7093,0.6695,3.046,1.010
9.60,476,1.30970,3.7062,0.6808,3.025,1.024
9.60,477,1.31121,3.7037,0.6962,2.993,1.036
9.60,478,1.31268,3.7016,0.7140,2.953,1.046
9.60,479,1.31409,3.7000,0.7334,2.909,1.053
9.60,480,1.31545,3.6987,0.7537,2.862,1.060
9.60,481,1.31676,3.6975,0.7745,2.813,1.066
9.60,482,1.31801,3.6964,0.7957,2.762,1.071
9.60,483,1.31921,3.6955,0.8172,2.711,1.075
9.60,484,1.32037,3.6947,0.8388,2.659,1.079
9.60,485,1.32148,3.6939,0.8602,2.608,1.083
9.60,486,1.32254,3.6931,0.8816,2.556,1.087
9.60,487,1.32357,3.6924,0.9032,2.504,1.091
9.60,488,1.32456,3.6916,0.9248,2.452,1.094
9.60,489,1.32550,3.6909,0.9465,2.400,1.098
9.60,490,1.32640,3.6901,0.9683,2.348,1.101
9.60,491,1.32727,3.6894,0.9900,2.296,1.105
9.60,492,1.32810,3.6886,1.0118,2.243,1.108
9.60,493,1.32889,3.6878,1.0336,2.191,1.112
9.60,494,1.32966,3.6870,1.0554,2.139,1.116
9.60,495,1.33038,3.6861,1.0772,2.087,1.120
9.60,496,1.33108,3.6853,1.0991,2.035,1.124
9.60,497,1.33174,3.6844,1.1209,1.983,1.128
9.60,498,1.33238,3.6836,1.1428,1.931,1.132
9.60,499,1.33299,3.6827,1.1646,1.879,1.136
9.60,500,1.33357,3.6817,1.1865,1.827,1.141
9.60,501,1.33413,3.6808,1.2083,1.776,1.145
9.60,502,1.33466,3.6798,1.2301,1.724,1.150
9.60,503,1.33517,3.6788,1.2520,1.673,1.155
9.60,504,1.33566,3.6778,1.2738,1.621,1.160
9.60,505,1.33613,3.6768,1.2956,1.570,1.165
9.60,506,1.33657,3.6758,1.3175,1.519,1.170
9.60,507,1.33700,3.6747,1.3393,1.468,1.175
9.60,508,1.33741,3.6736,1.3611,1.417,1.181
9.60,509,1.33781,3.6725,1.3829,1.366,1.187
9.60,510,1.33818,3.6714,1.4047,1.316,1.192
9.60,511,1.33855,3.6703,1.4265,1.265,1.198
9.60,512,1.33889,3.6691,1.4482,1.215,1.204
9.60,513,1.33923,3.6679,1.4700,1.165,1.210
9.60,514,1.33955,3.6667,1.4917,1.115,1.216
9.60,515,1.33986,3.6655,1.5135,1.065,1.222
9.60,516,1.34016,3.6643,1.5351,1.015,1.228
9.60,517,1.34045,3.6631,1.5568,0.966,1.235
9.60,518,1.34074,3.6619,1.5783,0.916,1.241
9.60,519,1.34103,3.6606,1.5999,0.868,1.247
9.60,520,1.34132,3.6593,1.6214,0.819,1.254
9.60,521,1.34164,3.6581,1.6428,0.770,1.261
9.60,522,1.34223,3.6572,1.6603,0.730,1.266
9.60,523,1.34274,3.6584,1.6445,0.765,1.259
9.60,524,1.34332,3.6577,1.6598,0.729,1.263
9.60,525,1.34356,3.6564,1.6817,0.680,1.270
9.60,526,1.34379,3.6550,1.7035,0.631,1.278
9.60,527,1.34400,3.6536,1.7254,0.582,1.285
9.60,528,1.34422,3.6522,1.7472,0.534,1.293
9.60,529,1.34442,3.6508,1.7690,0.485,1.301
9.60,530,1.34462,3.6494,1.7908,0.437,1.309
9.60,531,1.34480,3.6479,1.8125,0.389,1.317
9.60,532,1.34498,3.6465,1.8343,0.341,1.325
9.60,533,1.34515,3.6450,1.8560,0.293,1.333
9.60,534,1.34532,3.6435,1.8777,0.246,1.342
9.60,535,1.34548,3.6420,1.8994,0.199,1.350
9.60,536,1.34563,3.6405,1.9210,0.152,1.359
9.60,537,1.34578,3.6389,1.9427,0.105,1.368
9.60,538,1.34592,3.6374,1.9643,0.058,1.377
9.60,539,1.34605,3.6359,1.9859,0.012,1.386
9.60,540,1.34618,3.6343,2.0075,-0.035,1.395
9.60,541,1.34630,3.6327,2.0291,-0.081,1.405
9.60,542,1.34642,3.6312,2.0506,-0.126,1.414
9.60,543,1.34654,3.6296,2.0722,-0.171,1.424
9.60,544,1.34665,3.6279,2.0937,-0.216,1.435
9.60,545,1.34675,3.6263,2.1151,-0.261,1.445
9.60,546,1.34685,3.6247,2.1366,-0.306,1.455
9.60,547,1.34695,3.6230,2.1581,-0.350,1.466
9.60,548,1.34704,3.6213,2.1795,-0.395,1.476
9.60,549,1.34713,3.6197,2.2009,-0.439,1.487
9.60,550,1.34722,3.6180,2.2223,-0.482,1.498
9.60,551,1.34730,3.6163,2.2437,-0.526,1.508
9.60,552,1.34738,3.6145,2.2650,-0.569,1.520
9.60,553,1.34746,3.6128,2.2864,-0.612,1.531
9.60,554,1.34753,3.6111,2.3077,-0.655,1.543
9.60,555,1.34760,3.6093,2.3290,-0.697,1.556
9.60,556,1.34767,3.6075,2.3503,-0.738,1.569
9.60,557,1.34774,3.6058,2.3715,-0.779,1.582
9.60,558,1.34780,3.6040,2.3927,-0.819,1.596
9.60,559,1.34786,3.6022,2.4140,-0.859,1.610
9.60,560,1.34792,3.6004,2.4352,-0.899,1.624
9.60,561,1.34797,3.5986,2.4564,-0.938,1.639
9.60,562,1.34803,3.5967,2.4775,-0.977,1.653
9.60,563,1.34808,3.5949,2.4987,-1.016,1.668
9.60,564,1.34813,3.5930,2.5198,-1.054,1.682
9.60,565,1.34818,3.5911,2.5409,-1.092,1.697
9.60,566,1.34822,3.5892,2.5620,-1.130,1.713
9.60,567,1.34827,3.5873,2.5830,-1.167,1.729
9.60,568,1.34831,3.5854,2.6041,-1.203,1.745
9.60,569,1.34835,3.5835,2.6251,-1.239,1.763
9.60,570,1.34840,3.5816,2.6461,-1.274,1.782
9.60,571,1.34843,3.5797,2.6671,-1.308,1.802
9.60,572,1.34847,3.5777,2.6881,-1.341,1.823
9.60,573,1.34851,3.5758,2.7091,-1.373,1.846
9.60,574,1.34854,3.5738,2.7300,-1.404,1.871
9.60,575,1.34858,3.5719,2.7509,-1.434,1.897
9.60,576,1.34861,3.5699,2.7718,-1.463,1.924
9.60,577,1.34864,3.5679,2.7927,-1.490,1.952
9.60,578,1.34867,3.5659,2.8135,-1.518,1.981
9.60,579,1.34870,3.5639,2.8344,-1.544,2.011
9.60,580,1.34873,3.5619,2.8552,-1.570,2.043
9.60,581,1.34876,3.5599,2.8759,-1.595,2.075
9.60,582,1.34878,3.5579,2.8968,-1.619,2.107
9.60,583,1.34881,3.5558,2.9175,-1.642,2.141
9.60,584,1.34884,3.5538,2.9383,-1.665,2.177
9.60,585,1.34886,3.5517,2.9590,-1.686,2.214
9.60,586,1.34888,3.5497,2.9798,-1.706,2.252
9.60,587,1.34891,3.5476,3.0005,-1.725,2.293
9.60,588,1.34893,3.5455,3.0212,-1.742,2.336
9.60,589,1.34895,3.5434,3.0419,-1.757,2.381
9.60,590,1.34897,3.5413,3.0626,-1.769,2.431
9.60,591,1.34899,3.5393,3.0832,-1.779,2.487
9.60,592,1.34901,3.5372,3.1039,-1.785,2.547
9.60,593,1.34903,3.5350,3.1245,-1.789,2.611
9.60,594,1.34905,3.5329,3.1452,-1.791,2.680
9.60,595,1.34906,3.5308,3.1658,-1.792,2.751
9.60,596,1.34908,3.5287,3.1864,-1.791,2.824
9.60,597,1.34910,3.5266,3.2070,-1.788,2.900
9.60,598,1.34912,3.5244,3.2275,-1.785,2.977
9.60,599,1.34913,3.5223,3.2481,-1.781,3.055
9.60,600,1.34915,3.5201,3.2685,-1.775,3.133
9.60,601,1.34916,3.5179,3.2890,-1.770,3.211
9.60,602,1.34918,3.5158,3.3095,-1.765,3.288
9.60,603,1.34919,3.5136,3.3299,-1.759,3.362
9.60,604,1.34921,3.5114,3.3503,-1.755,3.434
9.60,605,1.34922,3.5092,3.3708,-1.750,3.502
9.60,606,1.34922,3.5095,3.3680,-1.751,3.493
9.60,607,1.34922,3.5194,3.2805,-1.787,3.159
9.60,608,1.34922,3.5350,3.1384,-1.824,2.611
9.60,609,1.34922,3.5504,2.9955,-1.758,2.237
9.60,610,1.34922,3.5654,2.8522,-1.610,1.987
9.60,611,1.34922,3.5801,2.7082,-1.416,1.796
9.60,612,1.34922,3.5944,2.5636,-1.176,1.671
9.60,613,1.34922,3.6083,2.4184,-0.914,1.563
9.60,614,1.34922,3.6218,2.2725,-0.630,1.474
9.60,615,1.34922,3.6350,2.1261,-0.335,1.392
9.60,616,1.34922,3.6478,1.9793,-0.028,1.319
9.60,617,1.34923,3.6598,1.8312,0.292,1.254
9.60,618,1.34923,3.6610,1.7749,0.428,1.247
9.60,619,1.34923,3.6496,1.9237,0.103,1.308
9.60,620,1.34923,3.6379,2.0720,-0.214,1.375
9.60,621,1.34924,3.6362,2.0988,-0.273,1.385
9.60,622,1.34924,3.6488,1.9546,0.029,1.313
9.60,623,1.34925,3.6592,1.8196,0.323,1.257
9.60,624,1.34926,3.6488,1.9512,0.038,1.313
9.60,625,1.34926,3.6578,1.8527,0.246,1.264
9.60,626,1.34928,3.6640,1.7708,0.426,1.232
9.60,627,1.34929,3.6667,1.7596,0.444,1.218
9.60,628,1.34931,3.6670,1.7401,0.492,1.216
9.60,629,1.34933,3.6714,1.6978,0.582,1.194
9.60,630,1.34936,3.6642,1.7882,0.382,1.231
9.60,631,1.34940,3.6673,1.7483,0.470,1.215
9.60,632,1.34940,3.6674,1.7466,0.474,1.214
9.60,633,1.34940,3.6674,1.7465,0.474,1.214
9.60,634,1.34940,3.6674,1.7465,0.474,1.214
9.60,635,1.34940,3.6674,1.7465,0.474,1.214
9.60,636,1.34940,3.6674,1.7465,0.474,1.214
9.60,637,1.34940,3.6674,1.7465,0.474,1.214
9.60,638,1.34940,3.6674,1.7465,0.474,1.214
9.60,639,1.34940,3.6674,1.7465,0.474,1.214
9.60,640,1.34940,3.6674,1.7465,0.474,1.214
9.60,641,1.34940,3.6674,1.7465,0.474,1.214
9.60,642,1.34940,3.6674,1.7465,0.474,1.214
9.60,643,1.34940,3.6674,1.7465,0.474,1.214
9.60,644,1.34940,3.6674,1.7465,0.474,1.214
9.60,645,1.34940,3.6674,1.7465,0.474,1.214
9.60,646,1.34940,3.6674,1.7465,0.474,1.214
9.60,647,1.34940,3.6674,1.7465,0.474,1.214
9.60,648,1.34940,3.6674,1.7465,0.474,1.214
9.60,649,1.34940,3.6674,1.7465,0.474,1.214
9.60,650,1.34940,3.6674,1.7465,0.474,1.214
9.60,651,1.34940,3.6674,1.7464,0.474,1.214
9.60,652,1.34940,3.6674,1.7464,0.474,1.214
9.60,653,1.34940,3.6674,1.7464,0.474,1.214
9.60,654,1.34940,3.6674,1.7464,0.474,1.214
9.60,655,1.34940,3.6674,1.7464,0.475,1.214
9.60,656,1.34940,3.6674,1.7463,0.475,1.214
9.60,657,1.34940,3.6674,1.7461,0.475,1.214
9.60,658,1.34940,3.6678,1.7424,0.483,1.213
9.60,659,1.34940,3.6683,1.7365,0.496,1.210
9.60,660,1.34941,3.6691,1.7261,0.519,1.206
9.60,661,1.34946,3.6695,1.7214,0.529,1.204
9.60,662,1.34959,3.6695,1.7213,0.530,1.204
9.60,663,1.35013,3.6692,1.7276,0.515,1.205
9.60,664,1.35117,3.6695,1.7308,0.506,1.204
9.60,665,1.35265,3.6704,1.7317,0.500,1.200
9.60,666,1.35445,3.6715,1.7316,0.497,1.194
9.60,667,1.35625,3.6719,1.7366,0.483,1.192
9.60,668,1.35719,3.6718,1.7422,0.469,1.193
9.60,669,1.35796,3.6712,1.7511,0.449,1.196
9.60,670,1.35842,3.6706,1.7592,0.431,1.199
9.60,671,1.35878,3.6698,1.7686,0.410,1.203
9.60,672,1.35905,3.6694,1.7732,0.400,1.205
9.60,673,1.35923,3.6690,1.7778,0.390,1.207
9.60,674,1.35939,3.6682,1.7862,0.372,1.211
9.60,675,1.35947,3.6689,1.7796,0.386,1.207
9.60,676,1.35961,3.6680,1.7888,0.366,1.212
9.60,677,1.35971,3.6671,1.7986,0.345,1.217
9.60,678,1.35980,3.6661,1.8085,0.324,1.221
9.60,679,1.35988,3.6652,1.8184,0.302,1.226
9.60,680,1.35995,3.6643,1.8285,0.281,1.231
9.60,681,1.36000,3.6634,1.8385,0.259,1.236
9.60,682,1.36006,3.6624,1.8487,0.237,1.241
9.60,683,1.36011,3.6616,1.8578,0.218,1.245
9.60,684,1.36013,3.6624,1.8496,0.235,1.241
9.60,685,1.36015,3.6633,1.8396,0.257,1.236
9.60,686,1.36020,3.6630,1.8431,0.249,1.238
9.60,687,1.36024,3.6621,1.8529,0.228,1.242
9.60,688,1.36027,3.6612,1.8630,0.206,1.247
9.60,689,1.36030,3.6602,1.8731,0.185,1.252
9.60,690,1.36033,3.6593,1.8833,0.163,1.257
9.60,691,1.36035,3.6584,1.8935,0.141,1.262
9.60,692,1.36037,3.6575,1.9037,0.120,1.266
9.60,693,1.36039,3.6565,1.9139,0.098,1.271
9.60,694,1.36040,3.6556,1.9242,0.076,1.276
9.60,695,1.36041,3.6547,1.9345,0.054,1.281
9.60,696,1.36042,3.6537,1.9447,0.032,1.286
9.60,697,1.36043,3.6528,1.9549,0.011,1.291
9.60,698,1.36043,3.6519,1.9652,-0.011,1.296
9.60,699,1.36044,3.6510,1.9754,-0.032,1.302
9.60,700,1.36044,3.6501,1.9856,-0.054,1.306
9.60,701,1.36045,3.6491,1.9958,-0.075,1.312
9.60,702,1.36045,3.6482,2.0059,-0.097,1.317
9.60,703,1.36045,3.6473,2.0160,-0.118,1.322
9.60,704,1.36046,3.6464,2.0261,-0.139,1.327
9.60,705,1.36046,3.6455,2.0361,-0.160,1.332
9.60,706,1.36046,3.6446,2.0460,-0.181,1.337
9.60,707,1.36046,3.6437,2.0559,-0.201,1.342
9.65,222,0.10000,3.4603,-3.0020,13.807,3.603
9.65,224,0.10425,3.4633,-2.9649,13.676,3.537
9.65,226,0.11314,3.4695,-2.8874,13.406,3.400
9.65,228,0.12183,3.4756,-2.8116,13.144,3.269
9.65,230,0.13077,3.4819,-2.7336,12.878,3.137
9.65,232,0.13982,3.4882,-2.6546,12.613,3.004
9.65,234,0.14864,3.4944,-2.5777,12.356,2.879
9.65,236,0.17320,3.5018,-2.4525,11.967,2.739
9.65,238,0.19871,3.5089,-2.3275,11.585,2.617
9.65,240,0.21150,3.5121,-2.2772,11.430,2.568
9.65,242,0.22309,3.5149,-2.2325,11.293,2.527
9.65,244,0.23493,3.5178,-2.1866,11.153,2.487
9.65,246,0.24664,3.5207,-2.1408,11.014,2.449
9.65,248,0.26087,3.5241,-2.0912,10.864,2.408
9.65,250,0.27585,3.5277,-2.0409,10.711,2.367
9.65,252,0.29012,3.5311,-1.9927,10.566,2.330
9.65,254,0.30272,3.5343,-1.9504,10.439,2.297
9.65,256,0.31049,3.5363,-1.9254,10.362,2.275
9.65,258,0.31241,3.5368,-1.9195,10.344,2.270
9.65,260,0.31433,3.5373,-1.9136,10.326,2.265
9.65,262,0.31635,3.5378,-1.9075,10.307,2.260
9.65,264,0.31840,3.5383,-1.9013,10.288,2.255
9.65,266,0.32177,3.5391,-1.8912,10.257,2.246
9.65,268,0.33005,3.5410,-1.8671,10.184,2.227
9.65,270,0.34056,3.5431,-1.8391,10.098,2.203
9.65,272,0.34675,3.5443,-1.8214,10.046,2.191
9.65,274,0.35357,3.5457,-1.8011,9.986,2.176
9.65,276,0.36074,3.5472,-1.7845,9.933,2.160
9.65,278,0.36494,3.5479,-1.7700,9.892,2.152
9.65,280,0.36905,3.5486,-1.7522,9.843,2.145
9.65,282,0.37352,3.5494,-1.7399,9.806,2.136
9.65,284,0.37815,3.5504,-1.7288,9.772,2.126
9.65,286,0.38862,3.5524,-1.7027,9.692,2.105
9.65,288,0.41832,3.5582,-1.6248,9.457,2.045
9.65,290,0.45115,3.5648,-1.5370,9.195,1.982
9.65,292,0.47443,3.5701,-1.4717,8.998,1.931
9.65,294,0.49726,3.5753,-1.4076,8.806,1.884
9.65,296,0.52100,3.5817,-1.3383,8.597,1.829
9.65,298,0.54484,3.5883,-1.2683,8.386,1.775
9.65,300,0.56498,3.5946,-1.2081,8.202,1.725
9.65,302,0.58314,3.6006,-1.1533,8.035,1.679
9.65,304,0.60223,3.6071,-1.0954,7.857,1.628
9.65,306,0.61788,3.6141,-1.0474,7.702,1.576
9.65,308,0.63365,3.6211,-0.9988,7.545,1.525
9.65,310,0.64985,3.6284,-0.9487,7.384,1.473
9.65,312,0.66493,3.6353,-0.9018,7.234,1.425
9.65,314,0.68134,3.6428,-0.8505,7.071,1.375
9.65,316,0.69697,3.6500,-0.8015,6.916,1.328
9.65,318,0.71401,3.6574,-0.7537,6.765,1.283
9.65,320,0.73204,3.6651,-0.7042,6.611,1.237
9.65,322,0.74889,3.6724,-0.6578,6.469,1.197
9.65,324,0.76637,3.6799,-0.6092,6.322,1.156
9.65,326,0.78307,3.6872,-0.5626,6.183,1.120
9.65,328,0.79989,3.6944,-0.5153,6.044,1.084
9.65,330,0.81625,3.7015,-0.4689,5.910,1.048
9.65,332,0.83269,3.7087,-0.4219,5.775,1.015
9.65,334,0.84870,3.7156,-0.3757,5.645,0.984
9.65,336,0.86461,3.7225,-0.3294,5.516,0.955
9.65,338,0.88041,3.7294,-0.2829,5.389,0.925
9.65,340,0.89589,3.7361,-0.2369,5.264,0.896
9.65,342,0.91165,3.7414,-0.1946,5.152,0.872
9.65,344,0.92749,3.7462,-0.1533,5.043,0.852
9.65,346,0.94318,3.7509,-0.1120,4.935,0.832
9.65,348,0.95862,3.7555,-0.0708,4.829,0.812
9.65,350,0.97388,3.7600,-0.0296,4.722,0.794
9.65,352,0.99243,3.7649,0.0197,4.596,0.773
9.65,353,1.00210,3.7674,0.0453,4.531,0.763
9.65,354,1.00493,3.7681,0.0527,4.512,0.760
9.65,356,1.01046,3.7694,0.0672,4.475,0.754
9.65,358,1.01594,3.7707,0.0817,4.438,0.749
9.65,360,1.02102,3.7719,0.0951,4.404,0.744
9.65,362,1.02507,3.7728,0.1058,4.377,0.740
9.65,364,1.02914,3.7737,0.1165,4.350,0.736
9.65,366,1.03326,3.7746,0.1274,4.323,0.732
9.65,368,1.03739,3.7756,0.1383,4.295,0.729
9.65,370,1.04197,3.7765,0.1504,4.264,0.724
9.65,372,1.04712,3.7776,0.1640,4.230,0.720
9.65,374,1.05225,3.7787,0.1776,4.196,0.715
9.65,376,1.05737,3.7797,0.1912,4.162,0.711
9.65,378,1.06293,3.7808,0.2058,4.125,0.707
9.65,380,1.06895,3.7820,0.2214,4.086,0.702
9.65,382,1.07488,3.7830,0.2368,4.048,0.697
9.65,384,1.08072,3.7841,0.2519,4.010,0.693
9.65,386,1.08647,3.7850,0.2668,3.973,0.689
9.65,388,1.09214,3.7859,0.2814,3.936,0.685
9.65,390,1.09775,3.7867,0.2957,3.901,0.682
9.65,392,1.10436,3.7875,0.3117,3.861,0.678
9.65,394,1.11140,3.7883,0.3286,3.819,0.675
9.65,396,1.11805,3.7890,0.3448,3.778,0.672
9.65,398,1.12325,3.7895,0.3580,3.746,0.669
9.65,400,1.12789,3.7901,0.3702,3.715,0.667
9.65,402,1.18019,3.7850,0.4586,3.494,0.686
9.65,404,1.19115,3.7836,0.4788,3.443,0.692
9.65,406,1.20101,3.7828,0.5005,3.388,0.695
9.65,408,1.20848,3.7839,0.5251,3.326,0.691
9.65,410,1.21187,3.7856,0.5431,3.281,0.684
9.65,412,1.21355,3.7876,0.5577,3.244,0.676
9.65,414,1.21453,3.7894,0.5709,3.210,0.668
9.65,416,1.21515,3.7912,0.5834,3.179,0.661
9.65,418,1.21557,3.7929,0.5953,3.149,0.654
9.65,420,1.21586,3.7944,0.6067,3.120,0.648
9.65,422,1.21609,3.7956,0.6173,3.094,0.643
9.65,424,1.21626,3.7966,0.6267,3.070,0.639
9.65,426,1.21639,3.7972,0.6342,3.051,0.636
9.65,428,1.21650,3.7974,0.6390,3.039,0.636
9.65,430,1.21659,3.7972,0.6413,3.033,0.636
9.65,432,1.21668,3.7968,0.6422,3.031,0.638
9.65,434,1.21680,3.7960,0.6436,3.028,0.641
9.65,436,1.21701,3.7951,0.6469,3.019,0.645
9.65,438,1.21748,3.7940,0.6508,3.010,0.649
9.65,440,1.21887,3.7928,0.6553,2.999,0.654
9.65,442,1.22160,3.7912,0.6622,2.981,0.660
9.65,444,1.22522,3.7894,0.6710,2.960,0.667
9.65,446,1.22906,3.7875,0.6804,2.936,0.674
9.65,448,1.23270,3.7855,0.6896,2.914,0.682
9.65,450,1.23599,3.7835,0.6982,2.893,0.690
9.65,452,1.23865,3.7815,0.7052,2.876,0.698
9.65,454,1.24100,3.7795,0.7110,2.862,0.707
9.65,455,1.24410,3.7762,0.7179,2.845,0.720
9.65,456,1.24670,3.7729,0.7224,2.834,0.734
9.65,457,1.24888,3.7695,0.7246,2.830,0.749
9.65,458,1.25072,3.7661,0.7248,2.831,0.763
9.65,459,1.25230,3.7626,0.7230,2.838,0.778
9.65,460,1.25367,3.7591,0.7195,2.849,0.793
9.65,461,1.25487,3.7555,0.7145,2.864,0.809
9.65,462,1.25595,3.7520,0.7081,2.883,0.824
9.65,463,1.25693,3.7484,0.7006,2.906,0.839
9.65,464,1.25783,3.7448,0.6921,2.931,0.855
9.65,465,1.25867,3.7412,0.6830,2.958,0.870
9.65,466,1.25947,3.7376,0.6735,2.986,0.886
9.65,467,1.26027,3.7340,0.6639,3.015,0.902
9.65,468,1.26108,3.7303,0.6546,3.044,0.919
9.65,469,1.26192,3.7266,0.6458,3.072,0.935
9.65,470,1.26281,3.7228,0.6384,3.097,0.952
9.65,471,1.26379,3.7188,0.6329,3.118,0.969
9.65,472,1.26489,3.7149,0.6307,3.132,0.986
9.65,473,1.26613,3.7110,0.6332,3.134,1.003
9.65,474,1.26749,3.7074,0.6412,3.121,1.019
9.65,475,1.26890,3.7044,0.6544,3.095,1.032
9.65,476,1.27030,3.7021,0.6712,3.059,1.044
9.65,477,1.27164,3.7002,0.6901,3.017,1.053
9.65,478,1.27293,3.6986,0.7103,2.970,1.060
9.65,479,1.27417,3.6973,0.7313,2.921,1.066
9.65,480,1.27536,3.6962,0.7528,2.870,1.072
9.65,481,1.27650,3.6952,0.7746,2.818,1.077
9.65,482,1.27759,3.6943,0.7966,2.766,1.081
9.65,483,1.27864,3.6935,0.8188,2.713,1.085
9.65,484,1.27965,3.6927,0.8411,2.659,1.089
9.65,485,1.28060,3.6919,0.8630,2.606,1.092
9.65,486,1.28150,3.6912,0.8846,2.554,1.096
9.65,487,1.28237,3.6905,0.9063,2.502,1.099
9.65,488,1.28321,3.6898,0.9281,2.449,1.103
9.65,489,1.28401,3.6890,0.9500,2.397,1.106
9.65,490,1.28478,3.6883,0.9718,2.344,1.110
9.65,491,1.28551,3.6875,0.9937,2.292,1.113
9.65,492,1.28621,3.6867,1.0157,2.239,1.117
9.65,493,1.28689,3.6859,1.0377,2.186,1.121
9.65,494,1.28753,3.6851,1.0597,2.134,1.125
9.65,495,1.28815,3.6843,1.0817,2.081,1.128
9.65,496,1.28874,3.6834,1.1037,2.029,1.133
9.65,497,1.28931,3.6826,1.1258,1.976,1.137
9.65,498,1.28985,3.6816,1.1478,1.924,1.141
9.65,499,1.29037,3.6807,1.1699,1.872,1.145
9.65,500,1.29086,3.6798,1.1920,1.820,1.150
9.65,501,1.29133,3.6788,1.2141,1.768,1.155
9.65,502,1.29179,3.6778,1.2361,1.716,1.160
9.65,503,1.29222,3.6768,1.2582,1.664,1.165
9.65,504,1.29263,3.6758,1.2803,1.612,1.170
9.65,505,1.29303,3.6748,1.3024,1.560,1.175
9.65,506,1.29341,3.6737,1.3245,1.508,1.181
9.65,507,1.29378,3.6726,1.3465,1.457,1.186
9.65,508,1.29413,3.6715,1.3686,1.406,1.192
9.65,509,1.29446,3.6704,1.3907,1.354,1.197
9.65,510,1.29478,3.6692,1.4127,1.303,1.203
9.65,511,1.29509,3.6680,1.4348,1.252,1.209
9.65,512,1.29539,3.6669,1.4568,1.202,1.215
9.65,513,1.29567,3.6657,1.4789,1.151,1.221
9.65,514,1.29595,3.6645,1.5009,1.100,1.227
9.65,515,1.29622,3.6633,1.5229,1.050,1.234
9.65,516,1.29648,3.6620,1.5449,1.000,1.240
9.65,517,1.29674,3.6608,1.5669,0.949,1.247
9.65,518,1.29699,3.6595,1.5889,0.900,1.253
9.65,519,1.29726,3.6582,1.6108,0.850,1.260
9.65,520,1.29759,3.6570,1.6317,0.803,1.266
9.65,521,1.29815,3.6571,1.6343,0.796,1.266
9.65,522,1.29841,3.6586,1.6140,0.841,1.258
9.65,523,1.29878,3.6585,1.6185,0.830,1.259
9.65,524,1.29898,3.6571,1.6405,0.780,1.266
9.65,525,1.29918,3.6558,1.6625,0.731,1.273
9.65,526,1.29939,3.6544,1.6845,0.681,1.281
9.65,527,1.29958,3.6530,1.7065,0.632,1.289
9.65,528,1.29977,3.6516,1.7285,0.583,1.296
9.65,529,1.29994,3.6502,1.7505,0.534,1.304
9.65,530,1.30012,3.6487,1.7725,0.485,1.312
9.65,531,1.30029,3.6473,1.7944,0.437,1.320
9.65,532,1.30045,3.6458,1.8164,0.389,1.328
9.65,533,1.30060,3.6443,1.8384,0.340,1.337
9.65,534,1.30075,3.6428,1.8603,0.292,1.345
9.65,535,1.30090,3.6413,1.8822,0.245,1.354
9.65,536,1.30103,3.6398,1.9041,0.197,1.363
9.65,537,1.30117,3.6383,1.9261,0.149,1.372
9.65,538,1.30129,3.6367,1.9480,0.102,1.381
9.65,539,1.30141,3.6352,1.9698,0.055,1.390
9.65,540,1.30153,3.6336,1.9917,0.009,1.399
9.65,541,1.30164,3.6320,2.0135,-0.038,1.409
9.65,542,1.30175,3.6304,2.0353,-0.084,1.419
9.65,543,1.30185,3.6288,2.0572,-0.130,1.429
9.65,544,1.30195,3.6272,2.0789,-0.175,1.439
9.65,545,1.30204,3.6255,2.1007,-0.220,1.450
9.65,546,1.30213,3.6239,2.1224,-0.266,1.460
9.65,547,1.30222,3.6222,2.1441,-0.311,1.471
9.65,548,1.30230,3.6205,2.1658,-0.355,1.481
9.65,549,1.30238,3.6188,2.1875,-0.400,1.492
9.65,550,1.30246,3.6171,2.2091,-0.444,1.503
9.65,551,1.30253,3.6154,2.2308,-0.489,1.514
9.65,552,1.30260,3.6136,2.2524,-0.532,1.526
9.65,553,1.30267,3.6119,2.2740,-0.575,1.538
9.65,554,1.30274,3.6101,2.2956,-0.618,1.550
9.65,555,1.30280,3.6083,2.3171,-0.660,1.563
9.65,556,1.30286,3.6065,2.3387,-0.702,1.576
9.65,557,1.30292,3.6047,2.3602,-0.743,1.590
9.65,558,1.30298,3.6029,2.3817,-0.784,1.604
9.65,559,1.30303,3.6011,2.4032,-0.824,1.618
9.65,560,1.30308,3.5993,2.4247,-0.864,1.633
9.65,561,1.30313,3.5974,2.4461,-0.904,1.647
9.65,562,1.30318,3.5956,2.4675,-0.944,1.662
9.65,563,1.30322,3.5937,2.4889,-0.983,1.677
9.65,564,1.30327,3.5918,2.5103,-1.021,1.692
9.65,565,1.30331,3.5899,2.5317,-1.060,1.707
9.65,566,1.30335,3.5880,2.5530,-1.097,1.723
9.65,567,1.30339,3.5861,2.5743,-1.134,1.740
9.65,568,1.30343,3.5841,2.5956,-1.170,1.757
9.65,569,1.30347,3.5822,2.6169,-1.206,1.776
9.65,570,1.30350,3.5803,2.6382,-1.241,1.795
9.65,571,1.30354,3.5783,2.6595,-1.275,1.817
9.65,572,1.30357,3.5764,2.6807,-1.308,1.839
9.65,573,1.30360,3.5744,2.7020,-1.340,1.864
9.65,574,1.30364,3.5724,2.7232,-1.370,1.890
9.65,575,1.30366,3.5704,2.7443,-1.400,1.917
9.65,576,1.30369,3.5684,2.7655,-1.428,1.945
9.65,577,1.30372,3.5664,2.7866,-1.456,1.974
9.65,578,1.30375,3.5643,2.8077,-1.483,2.005
9.65,579,1.30377,3.5623,2.8288,-1.509,2.036
9.65,580,1.30380,3.5603,2.8499,-1.534,2.068
9.65,581,1.30382,3.5582,2.8709,-1.559,2.101
9.65,582,1.30385,3.5562,2.8920,-1.583,2.135
9.65,583,1.30387,3.5541,2.9131,-1.606,2.171
9.65,584,1.30389,3.5521,2.9341,-1.628,2.208
9.65,585,1.30391,3.5500,2.9551,-1.649,2.247
9.65,586,1.30393,3.5479,2.9761,-1.668,2.288
9.65,587,1.30395,3.5458,2.9971,-1.686,2.330
9.65,588,1.30397,3.5437,3.0180,-1.701,2.376
9.65,589,1.30399,3.5416,3.0389,-1.714,2.427
9.65,590,1.30401,3.5394,3.0599,-1.724,2.482
9.65,591,1.30403,3.5373,3.0808,-1.731,2.543
9.65,592,1.30405,3.5352,3.1017,-1.735,2.608
9.65,593,1.30406,3.5330,3.1226,-1.737,2.677
9.65,594,1.30408,3.5309,3.1435,-1.737,2.749
9.65,595,1.30409,3.5288,3.1643,-1.736,2.823
9.65,596,1.30411,3.5266,3.1852,-1.735,2.899
9.65,597,1.30412,3.5244,3.2060,-1.731,2.977
9.65,598,1.30414,3.5223,3.2268,-1.727,3.056
9.65,599,1.30415,3.5201,3.2476,-1.722,3.135
9.65,600,1.30416,3.5179,3.2684,-1.717,3.213
9.65,601,1.30418,3.5157,3.2891,-1.711,3.291
9.65,602,1.30419,3.5134,3.3098,-1.705,3.367
9.65,603,1.30420,3.5112,3.3304,-1.700,3.440
9.65,604,1.30422,3.5090,3.3511,-1.696,3.509
9.65,605,1.30423,3.5068,3.3717,-1.692,3.573
9.65,606,1.30423,3.5071,3.3688,-1.693,3.564
9.65,607,1.30423,3.5179,3.2737,-1.730,3.213
9.65,608,1.30423,3.5340,3.1282,-1.774,2.646
9.65,609,1.30423,3.5497,2.9819,-1.714,2.249
9.65,610,1.30423,3.5652,2.8350,-1.563,1.991
9.65,611,1.30423,3.5803,2.6876,-1.366,1.794
9.65,612,1.30423,3.5949,2.5394,-1.119,1.667
9.65,613,1.30423,3.6092,2.3907,-0.851,1.557
9.65,614,1.30423,3.6230,2.2411,-0.558,1.466
9.65,615,1.30423,3.6365,2.0911,-0.255,1.383
9.65,616,1.30423,3.6496,1.9406,0.061,1.309
9.65,617,1.30423,3.6613,1.7883,0.393,1.246
9.65,618,1.30424,3.6575,1.8010,0.376,1.265
9.65,619,1.30424,3.6458,1.9533,0.046,1.330
9.65,620,1.30424,3.6336,2.1050,-0.275,1.401
9.65,621,1.30424,3.6362,2.0812,-0.229,1.384
9.65,622,1.30425,3.6493,1.9307,0.087,1.310
9.65,623,1.30425,3.6560,1.8376,0.291,1.274
9.65,624,1.30426,3.6466,1.9591,0.028,1.325
9.65,625,1.30427,3.6579,1.8352,0.289,1.264
9.65,626,1.30428,3.6610,1.7896,0.391,1.247
9.65,627,1.30429,3.6664,1.7470,0.477,1.220
9.65,628,1.30431,3.6656,1.7399,0.497,1.223
9.65,629,1.30433,3.6701,1.6923,0.600,1.201
9.65,630,1.30435,3.6643,1.7724,0.421,1.230
9.65,631,1.30438,3.6663,1.7432,0.486,1.220
9.65,632,1.30438,3.6666,1.7405,0.492,1.219
9.65,633,1.30438,3.6666,1.7405,0.492,1.219
9.65,634,1.30438,3.6666,1.7405,0.492,1.219
9.65,635,1.30438,3.6666,1.7405,0.492,1.219
9.65,636,1.30438,3.6666,1.7405,0.492,1.219
9.65,637,1.30438,3.6666,1.7405,0.492,1.219
9.65,638,1.30438,3.6666,1.7405,0.492,1.219
9.65,639,1.30438,3.6666,1.7405,0.492,1.219
9.65,640,1.30438,3.6666,1.7405,0.492,1.219
9.65,641,1.30438,3.6666,1.7405,0.492,1.219
9.65,642,1.30438,3.6666,1.7405,0.492,1.219
9.65,643,1.30438,3.6666,1.7405,0.492,1.219
9.65,644,1.30438,3.6666,1.7405,0.492,1.219
9.65,645,1.30438,3.6666,1.7404,0.492,1.219
9.65,646,1.30438,3.6666,1.7404,0.493,1.219
9.65,647,1.30438,3.6666,1.7404,0.493,1.219
9.65,648,1.30438,3.6666,1.7404,0.493,1.219
9.65,649,1.30438,3.6666,1.7404,0.493,1.219
9.65,650,1.30438,3.6666,1.7404,0.493,1.219
9.65,651,1.30438,3.6666,1.7404,0.493,1.219
9.65,652,1.30438,3.6666,1.7404,0.493,1.219
9.65,653,1.30438,3.6666,1.7404,0.493,1.219
9.65,654,1.30438,3.6666,1.7403,0.493,1.219
9.65,655,1.30438,3.6666,1.7403,0.493,1.219
9.65,656,1.30438,3.6666,1.7401,0.493,1.219
9.65,657,1.30438,3.6666,1.7398,0.494,1.218
9.65,658,1.30438,3.6672,1.7326,0.510,1.215
9.65,659,1.30439,3.6679,1.7240,0.529,1.212
9.65,660,1.30440,3.6687,1.7143,0.550,1.208
9.65,661,1.30449,3.6684,1.7178,0.542,1.209
9.65,662,1.30468,3.6679,1.7241,0.528,1.212
9.65,663,1.30537,3.6685,1.7223,0.531,1.209
9.65,664,1.30626,3.6692,1.7224,0.528,1.205
9.65,665,1.30710,3.6696,1.7252,0.520,1.204
9.65,666,1.30827,3.6702,1.7262,0.515,1.200
9.65,667,1.30915,3.6705,1.7292,0.506,1.199
9.65,668,1.31001,3.6707,1.7320,0.498,1.198
9.65,669,1.31069,3.6705,1.7376,0.485,1.199
9.65,670,1.31149,3.6705,1.7419,0.474,1.199
9.65,671,1.31192,3.6706,1.7436,0.470,1.199
9.65,672,1.31223,3.6702,1.7480,0.460,1.201
9.65,673,1.31249,3.6694,1.7568,0.441,1.205
9.65,674,1.31268,3.6686,1.7658,0.422,1.209
9.65,675,1.31287,3.6679,1.7735,0.405,1.212
9.65,676,1.31298,3.6670,1.7826,0.385,1.217
9.65,677,1.31316,3.6664,1.7902,0.369,1.220
9.65,678,1.31324,3.6655,1.7994,0.349,1.225
9.65,679,1.31332,3.6650,1.8049,0.337,1.227
9.65,680,1.31346,3.6646,1.8098,0.326,1.229
9.65,681,1.31352,3.6637,1.8192,0.306,1.234
9.65,682,1.31357,3.6628,1.8286,0.286,1.238
9.65,683,1.31364,3.6625,1.8323,0.278,1.240
9.65,684,1.31367,3.6622,1.8358,0.270,1.242
9.65,685,1.31370,3.6619,1.8388,0.264,1.243
9.65,686,1.31373,3.6611,1.8479,0.245,1.247
9.65,687,1.31376,3.6602,1.8576,0.224,1.252
9.65,688,1.31378,3.6593,1.8673,0.203,1.257
9.65,689,1.31380,3.6584,1.8770,0.182,1.262
9.65,690,1.31382,3.6575,1.8868,0.162,1.266
9.65,691,1.31383,3.6566,1.8966,0.141,1.271
9.65,692,1.31385,3.6557,1.9064,0.120,1.276
9.65,693,1.31386,3.6548,1.9162,0.099,1.280
9.65,694,1.31387,3.6539,1.9260,0.079,1.285
9.65,695,1.31387,3.6530,1.9358,0.058,1.290
9.65,696,1.31388,3.6522,1.9456,0.037,1.295
9.65,697,1.31389,3.6513,1.9554,0.017,1.300
9.65,698,1.31389,3.6504,1.9652,-0.004,1.305
9.65,699,1.31390,3.6495,1.9749,-0.025,1.310
9.65,700,1.31390,3.6486,1.9847,-0.045,1.314
9.65,701,1.31390,3.6477,1.9944,-0.066,1.319
9.65,702,1.31390,3.6469,2.0040,-0.086,1.324
9.65,703,1.31391,3.6460,2.0137,-0.106,1.329
9.65,704,1.31391,3.6451,2.0232,-0.126,1.334
9.65,705,1.31391,3.6443,2.0328,-0.146,1.339
9.65,706,1.31391,3.6434,2.0423,-0.166,1.343
9.65,707,1.31391,3.6425,2.0518,-0.186,1.348
9.70,226,0.10275,3.4623,-2.9778,13.722,3.559
9.70,228,0.11134,3.4683,-2.9029,13.459,3.427
9.70,230,0.12035,3.4746,-2.8244,13.187,3.291
9.70,232,0.12927,3.4809,-2.7465,12.922,3.158
9.70,234,0.13814,3.4871,-2.6691,12.661,3.028
9.70,236,0.14737,3.4936,-2.5886,12.392,2.896
9.70,238,0.16831,3.5005,-2.4760,12.039,2.763
9.70,240,0.19407,3.5076,-2.3496,11.652,2.638
9.70,242,0.20879,3.5114,-2.2867,11.459,2.578
9.70,244,0.22062,3.5143,-2.2409,11.318,2.535
9.70,246,0.23241,3.5172,-2.1949,11.178,2.495
9.70,248,0.24407,3.5201,-2.1491,11.040,2.457
9.70,250,0.25749,3.5234,-2.1005,10.893,2.417
9.70,252,0.27200,3.5268,-2.0515,10.745,2.377
9.70,254,0.28618,3.5302,-2.0035,10.600,2.340
9.70,256,0.30000,3.5336,-1.9565,10.459,2.305
9.70,258,0.30969,3.5362,-1.9252,10.363,2.277
9.70,260,0.31183,3.5367,-1.9185,10.342,2.272
9.70,262,0.31383,3.5372,-1.9124,10.324,2.266
9.70,264,0.31585,3.5377,-1.9063,10.305,2.261
9.70,266,0.31788,3.5382,-1.9001,10.286,2.256
9.70,268,0.32001,3.5387,-1.8936,10.266,2.251
9.70,270,0.32830,3.5406,-1.8695,10.192,2.231
9.70,272,0.33833,3.5427,-1.8421,10.109,2.208
9.70,274,0.34505,3.5441,-1.8244,10.055,2.194
9.70,276,0.35109,3.5452,-1.8084,10.007,2.181
9.70,278,0.35860,3.5469,-1.7931,9.957,2.163
9.70,280,0.36340,3.5476,-1.7737,9.903,2.155
9.70,282,0.36740,3.5483,-1.7569,9.857,2.148
9.70,284,0.37161,3.5491,-1.7436,9.818,2.139
9.70,286,0.37601,3.5500,-1.7330,9.785,2.130
9.70,288,0.38122,3.5510,-1.7202,9.745,2.119
9.70,290,0.40122,3.5549,-1.6690,9.590,2.078
9.70,292,0.43339,3.5613,-1.5829,9.332,2.015
9.70,294,0.46152,3.5672,-1.5061,9.102,1.958
9.70,296,0.48419,3.5724,-1.4423,8.910,1.909
9.70,298,0.50730,3.5781,-1.3763,8.712,1.859
9.70,300,0.53026,3.5844,-1.3088,8.508,1.806
9.70,302,0.55227,3.5907,-1.2437,8.312,1.755
9.70,304,0.57184,3.5971,-1.1846,8.131,1.705
9.70,306,0.58999,3.6031,-1.1294,7.962,1.659
9.70,308,0.60707,3.6096,-1.0772,7.799,1.609
9.70,310,0.62334,3.6169,-1.0269,7.636,1.555
9.70,312,0.63847,3.6237,-0.9799,7.485,1.506
9.70,314,0.65481,3.6312,-0.9289,7.322,1.453
9.70,316,0.67045,3.6383,-0.8799,7.165,1.404
9.70,318,0.68591,3.6455,-0.8311,7.010,1.356
9.70,320,0.70235,3.6531,-0.7799,6.848,1.308
9.70,322,0.71928,3.6604,-0.7332,6.702,1.264
9.70,324,0.73697,3.6681,-0.6841,6.550,1.221
9.70,326,0.75386,3.6754,-0.6370,6.406,1.180
9.70,328,0.77078,3.6827,-0.5894,6.263,1.142
9.70,330,0.78735,3.6900,-0.5424,6.124,1.106
9.70,332,0.80390,3.6972,-0.4951,5.986,1.070
9.70,334,0.82007,3.7042,-0.4485,5.852,1.035
9.70,336,0.83616,3.7112,-0.4016,5.719,1.003
9.70,338,0.85208,3.7182,-0.3548,5.588,0.972
9.70,340,0.86770,3.7250,-0.3084,5.460,0.944
9.70,342,0.88309,3.7317,-0.2620,5.333,0.915
9.70,344,0.89832,3.7383,-0.2157,5.208,0.886
9.70,346,0.91405,3.7433,-0.1733,5.096,0.864
9.70,348,0.92962,3.7480,-0.1316,4.987,0.844
9.70,350,0.94499,3.7526,-0.0899,4.879,0.825
9.70,352,0.96017,3.7570,-0.0481,4.771,0.806
9.70,353,0.96761,3.7592,-0.0274,4.718,0.797
9.70,354,0.97028,3.7600,-0.0199,4.698,0.794
9.70,356,0.97552,3.7615,-0.0052,4.661,0.787
9.70,358,0.98098,3.7630,0.0101,4.621,0.781
9.70,360,0.98793,3.7647,0.0289,4.573,0.774
9.70,362,0.99473,3.7664,0.0475,4.526,0.767
9.70,364,1.00111,3.7680,0.0650,4.481,0.760
9.70,366,1.00650,3.7692,0.0797,4.444,0.755
9.70,368,1.01180,3.7705,0.0942,4.407,0.750
9.70,370,1.01709,3.7717,0.1088,4.370,0.744
9.70,372,1.02181,3.7727,0.1218,4.337,0.740
9.70,374,1.02589,3.7736,0.1331,4.309,0.736
9.70,376,1.03004,3.7745,0.1445,4.280,0.732
9.70,378,1.03421,3.7754,0.1560,4.251,0.729
9.70,380,1.03840,3.7763,0.1676,4.222,0.725
9.70,382,1.04313,3.7772,0.1807,4.189,0.721
9.70,384,1.04813,3.7782,0.1945,4.155,0.717
9.70,386,1.05310,3.7792,0.2082,4.120,0.713
9.70,388,1.05805,3.7801,0.2218,4.086,0.709
9.70,390,1.06347,3.7810,0.2363,4.050,0.705
9.70,392,1.06915,3.7818,0.2512,4.012,0.702
9.70,394,1.07474,3.7826,0.2657,3.976,0.698
9.70,396,1.08024,3.7833,0.2798,3.941,0.695
9.70,398,1.08564,3.7839,0.2936,3.907,0.693
9.70,400,1.09090,3.7845,0.3073,3.872,0.690
9.70,402,1.09598,3.7851,0.3209,3.838,0.687
9.70,404,1.10112,3.7857,0.3351,3.803,0.685
9.70,406,1.10692,3.7863,0.3515,3.762,0.682
9.70,408,1.11249,3.7870,0.3676,3.722,0.679
9.70,410,1.11785,3.7875,0.3835,3.682,0.677
9.70,412,1.16400,3.7813,0.4625,3.484,0.701
9.70,414,1.16688,3.7830,0.4790,3.442,0.695
9.70,416,1.16848,3.7847,0.4934,3.405,0.688
9.70,418,1.16946,3.7865,0.5068,3.372,0.681
9.70,420,1.17011,3.7881,0.5194,3.340,0.674
9.70,422,1.17056,3.7895,0.5314,3.309,0.668
9.70,424,1.17089,3.7907,0.5425,3.281,0.663
9.70,426,1.17113,3.7916,0.5521,3.257,0.660
9.70,428,1.17133,3.7920,0.5595,3.238,0.658
9.70,430,1.17149,3.7921,0.5644,3.226,0.657
9.70,432,1.17163,3.7918,0.5670,3.220,0.659
9.70,434,1.17179,3.7913,0.5692,3.214,0.660
9.70,436,1.17209,3.7906,0.5727,3.206,0.663
9.70,438,1.17296,3.7897,0.5772,3.195,0.667
9.70,440,1.17569,3.7885,0.5850,3.175,0.671
9.70,442,1.18023,3.7869,0.5969,3.146,0.678
9.70,444,1.18503,3.7852,0.6092,3.115,0.685
9.70,446,1.18952,3.7834,0.6214,3.085,0.691
9.70,448,1.19352,3.7816,0.6328,3.057,0.698
9.70,450,1.19700,3.7798,0.6430,3.032,0.706
9.70,452,1.19984,3.7779,0.6515,3.012,0.713
9.70,454,1.20226,3.7759,0.6584,2.995,0.722
9.70,455,1.20527,3.7730,0.6661,2.976,0.734
9.70,456,1.20783,3.7698,0.6715,2.963,0.747
9.70,457,1.21002,3.7666,0.6748,2.956,0.761
9.70,458,1.21189,3.7633,0.6760,2.955,0.775
9.70,459,1.21349,3.7599,0.6751,2.959,0.790
9.70,460,1.21488,3.7565,0.6726,2.968,0.804
9.70,461,1.21611,3.7530,0.6685,2.982,0.819
9.70,462,1.21720,3.7495,0.6630,2.999,0.834
9.70,463,1.21818,3.7459,0.6563,3.019,0.850
9.70,464,1.21908,3.7424,0.6487,3.042,0.865
9.70,465,1.21992,3.7388,0.6406,3.067,0.881
9.70,466,1.22074,3.7351,0.6321,3.093,0.897
9.70,467,1.22154,3.7315,0.6236,3.120,0.914
9.70,468,1.22234,3.7277,0.6156,3.146,0.930
9.70,469,1.22317,3.7239,0.6084,3.170,0.947
9.70,470,1.22406,3.7201,0.6027,3.191,0.963
9.70,471,1.22502,3.7161,0.5995,3.207,0.980
9.70,472,1.22609,3.7122,0.6000,3.214,0.997
9.70,473,1.22727,3.7085,0.6054,3.209,1.014
9.70,474,1.22852,3.7052,0.6160,3.190,1.029
9.70,475,1.22978,3.7025,0.6308,3.159,1.041
9.70,476,1.23101,3.7004,0.6484,3.120,1.052
9.70,477,1.23219,3.6986,0.6678,3.077,1.060
9.70,478,1.23332,3.6972,0.6882,3.029,1.067
9.70,479,1.23441,3.6960,0.7093,2.980,1.073
9.70,480,1.23545,3.6949,0.7308,2.929,1.078
9.70,481,1.23645,3.6940,0.7526,2.877,1.082
9.70,482,1.23742,3.6931,0.7747,2.824,1.086
9.70,483,1.23834,3.6924,0.7969,2.770,1.090
9.70,484,1.23923,3.6916,0.8192,2.717,1.094
9.70,485,1.24008,3.6909,0.8417,2.662,1.097
9.70,486,1.24091,3.6901,0.8643,2.608,1.101
9.70,487,1.24171,3.6894,0.8869,2.553,1.104
9.70,488,1.24247,3.6887,0.9096,2.499,1.108
9.70,489,1.24321,3.6879,0.9323,2.444,1.111
9.70,490,1.24391,3.6872,0.9550,2.389,1.115
9.70,491,1.24457,3.6864,0.9777,2.335,1.118
9.70,492,1.24521,3.6856,1.0004,2.281,1.122
9.70,493,1.24582,3.6848,1.0231,2.226,1.126
9.70,494,1.24640,3.6840,1.0458,2.172,1.130
9.70,495,1.24696,3.6831,1.0685,2.118,1.134
9.70,496,1.24748,3.6822,1.0912,2.064,1.138
9.70,497,1.24799,3.6813,1.1138,2.010,1.142
9.70,498,1.24847,3.6804,1.1364,1.957,1.147
9.70,499,1.24893,3.6795,1.1590,1.903,1.151
9.70,500,1.24937,3.6785,1.1816,1.850,1.156
9.70,501,1.24979,3.6775,1.2042,1.796,1.161
9.70,502,1.25019,3.6765,1.2268,1.743,1.166
9.70,503,1.25057,3.6755,1.2493,1.690,1.171
9.70,504,1.25094,3.6745,1.2718,1.638,1.176
9.70,505,1.25129,3.6734,1.2943,1.585,1.182
9.70,506,1.25162,3.6723,1.3168,1.532,1.187
9.70,507,1.25194,3.6712,1.3393,1.480,1.193
9.70,508,1.25225,3.6701,1.3617,1.428,1.199
9.70,509,1.25254,3.6690,1.3841,1.376,1.204
9.70,510,1.25283,3.6678,1.4065,1.324,1.210
9.70,511,1.25310,3.6666,1.4289,1.272,1.216
9.70,512,1.25336,3.6654,1.4513,1.221,1.222
9.70,513,1.25361,3.6642,1.4736,1.170,1.229
9.70,514,1.25386,3.6630,1.4959,1.118,1.235
9.70,515,1.25409,3.6618,1.5182,1.067,1.241
9.70,516,1.25433,3.6605,1.5405,1.017,1.248
9.70,517,1.25456,3.6592,1.5627,0.966,1.255
9.70,518,1.25480,3.6579,1.5849,0.916,1.261
9.70,519,1.25508,3.6567,1.6070,0.866,1.268
9.70,520,1.25561,3.6567,1.6110,0.856,1.268
9.70,521,1.25583,3.6582,1.5892,0.904,1.260
9.70,522,1.25618,3.6585,1.5891,0.903,1.259
9.70,523,1.25636,3.6572,1.6114,0.853,1.265
9.70,524,1.25654,3.6558,1.6336,0.803,1.273
9.70,525,1.25672,3.6544,1.6558,0.753,1.280
9.70,526,1.25690,3.6530,1.6780,0.703,1.288
9.70,527,1.25707,3.6516,1.7002,0.654,1.296
9.70,528,1.25723,3.6502,1.7224,0.604,1.304
9.70,529,1.25739,3.6488,1.7445,0.555,1.312
9.70,530,1.25754,3.6474,1.7667,0.506,1.320
9.70,531,1.25769,3.6459,1.7888,0.457,1.328
9.70,532,1.25782,3.6444,1.8108,0.409,1.336
9.70,533,1.25796,3.6429,1.8329,0.361,1.345
9.70,534,1.25808,3.6414,1.8549,0.312,1.353
9.70,535,1.25821,3.6399,1.8770,0.264,1.362
9.70,536,1.25832,3.6384,1.8990,0.217,1.371
9.70,537,1.25843,3.6368,1.9210,0.169,1.380
9.70,538,1.25854,3.6353,1.9430,0.122,1.389
9.70,539,1.25864,3.6337,1.9650,0.075,1.398
9.70,540,1.25874,3.6322,1.9870,0.028,1.408
9.70,541,1.25884,3.6306,2.0089,-0.018,1.418
9.70,542,1.25893,3.6290,2.0308,-0.065,1.428
9.70,543,1.25901,3.6273,2.0527,-0.110,1.438
9.70,544,1.25910,3.6257,2.0745,-0.156,1.449
9.70,545,1.25918,3.6240,2.0964,-0.202,1.459
9.70,546,1.25925,3.6224,2.1182,-0.247,1.469
9.70,547,1.25933,3.6207,2.1400,-0.292,1.480
9.70,548,1.25940,3.6190,2.1618,-0.337,1.491
9.70,549,1.25947,3.6173,2.1836,-0.382,1.502
9.70,550,1.25953,3.6156,2.2053,-0.426,1.513
9.70,551,1.25960,3.6138,2.2271,-0.470,1.524
9.70,552,1.25966,3.6121,2.2488,-0.513,1.536
9.70,553,1.25971,3.6103,2.2705,-0.557,1.549
9.70,554,1.25977,3.6085,2.2921,-0.599,1.561
9.70,555,1.25982,3.6067,2.3138,-0.641,1.574
9.70,556,1.25987,3.6049,2.3354,-0.683,1.588
9.70,557,1.25992,3.6031,2.3570,-0.723,1.602
9.70,558,1.25997,3.6013,2.3786,-0.764,1.617
9.70,559,1.26002,3.5995,2.4002,-0.804,1.631
9.70,560,1.26006,3.5976,2.4217,-0.844,1.646
9.70,561,1.26010,3.5958,2.4432,-0.884,1.660
9.70,562,1.26015,3.5939,2.4648,-0.924,1.675
9.70,563,1.26019,3.5920,2.4863,-0.963,1.690
9.70,564,1.26022,3.5901,2.5077,-1.001,1.705
9.70,565,1.26026,3.5882,2.5291,-1.039,1.721
9.70,566,1.26030,3.5863,2.5506,-1.077,1.738
9.70,567,1.26033,3.5843,2.5720,-1.113,1.755
9.70,568,1.26036,3.5824,2.5934,-1.149,1.774
9.70,569,1.26040,3.5804,2.6147,-1.184,1.794
9.70,570,1.26043,3.5785,2.6362,-1.219,1.815
9.70,571,1.26046,3.5765,2.6575,-1.252,1.837
9.70,572,1.26049,3.5746,2.6789,-1.284,1.861
9.70,573,1.26051,3.5726,2.7001,-1.314,1.888
9.70,574,1.26054,3.5706,2.7214,-1.344,1.914
9.70,575,1.26057,3.5686,2.7427,-1.373,1.943
9.70,576,1.26059,3.5665,2.7639,-1.401,1.972
9.70,577,1.26062,3.5645,2.7851,-1.428,2.003
9.70,578,1.26064,3.5625,2.8063,-1.455,2.034
9.70,579,1.26066,3.5604,2.8274,-1.480,2.067
9.70,580,1.26068,3.5583,2.8486,-1.505,2.100
9.70,581,1.26070,3.5563,2.8697,-1.529,2.134
9.70,582,1.26072,3.5542,2.8909,-1.552,2.169
9.70,583,1.26074,3.5522,2.9120,-1.574,2.206
9.70,584,1.26076,3.5501,2.9331,-1.595,2.245
9.70,585,1.26078,3.5480,2.9542,-1.614,2.286
9.70,586,1.26080,3.5459,2.9753,-1.633,2.329
9.70,587,1.26082,3.5438,2.9963,-1.648,2.375
9.70,588,1.26083,3.5416,3.0174,-1.662,2.425
9.70,589,1.26085,3.5395,3.0384,-1.672,2.480
9.70,590,1.26086,3.5374,3.0594,-1.678,2.541
9.70,591,1.26088,3.5352,3.0805,-1.683,2.606
9.70,592,1.26089,3.5331,3.1014,-1.685,2.675
9.70,593,1.26091,3.5309,3.1224,-1.685,2.748
9.70,594,1.26092,3.5288,3.1434,-1.685,2.822
9.70,595,1.26094,3.5266,3.1643,-1.683,2.898
9.70,596,1.26095,3.5245,3.1852,-1.679,2.976
9.70,597,1.26096,3.5223,3.2061,-1.675,3.055
9.70,598,1.26097,3.5201,3.2270,-1.670,3.134
9.70,599,1.26099,3.5179,3.2479,-1.665,3.213
9.70,600,1.26100,3.5156,3.2687,-1.660,3.291
9.70,601,1.26101,3.5134,3.2895,-1.654,3.367
9.70,602,1.26102,3.5111,3.3103,-1.649,3.441
9.70,603,1.26103,3.5089,3.3310,-1.644,3.510
9.70,604,1.26104,3.5067,3.3517,-1.640,3.575
9.70,605,1.26105,3.5044,3.3725,-1.637,3.636
9.70,606,1.26105,3.5047,3.3698,-1.638,3.628
9.70,607,1.26105,3.5163,3.2683,-1.677,3.267
9.70,608,1.26105,3.5328,3.1201,-1.725,2.684
9.70,609,1.26105,3.5489,2.9709,-1.673,2.266
9.70,610,1.26105,3.5646,2.8211,-1.522,1.999
9.70,611,1.26105,3.5801,2.6709,-1.323,1.796
9.70,612,1.26105,3.5951,2.5198,-1.071,1.666
9.70,613,1.26105,3.6096,2.3680,-0.796,1.554
9.70,614,1.26106,3.6237,2.2155,-0.498,1.462
9.70,615,1.26106,3.6375,2.0625,-0.188,1.377
9.70,616,1.26106,3.6509,1.9090,0.134,1.302
9.70,617,1.26106,3.6622,1.7530,0.478,1.241
9.70,618,1.26106,3.6550,1.8157,0.350,1.279
9.70,619,1.26106,3.6429,1.9710,0.015,1.346
9.70,620,1.26106,3.6303,2.1255,-0.309,1.421
9.70,621,1.26107,3.6359,2.0678,-0.194,1.386
9.70,622,1.26107,3.6492,1.9144,0.128,1.311
9.70,623,1.26107,3.6534,1.8519,0.266,1.288
9.70,624,1.26108,3.6448,1.9633,0.025,1.335
9.70,625,1.26109,3.6574,1.8238,0.320,1.266
9.70,626,1.26110,3.6588,1.8010,0.371,1.259
9.70,627,1.26111,3.6658,1.7387,0.500,1.223
9.70,628,1.26112,3.6644,1.7395,0.503,1.230
9.70,629,1.26114,3.6685,1.6950,0.599,1.209
9.70,630,1.26115,3.6641,1.7606,0.451,1.232
9.70,631,1.26118,3.6656,1.7369,0.505,1.224
9.70,632,1.26118,3.6658,1.7346,0.510,1.223
9.70,633,1.26118,3.6658,1.7346,0.510,1.223
9.70,634,1.26118,3.6658,1.7346,0.510,1.223
9.70,635,1.26118,3.6658,1.7346,0.510,1.223
9.70,636,1.26118,3.6658,1.7346,0.510,1.223
9.70,637,1.26118,3.6658,1.7346,0.510,1.223
9.70,638,1.26118,3.6658,1.7346,0.510,1.223
9.70,639,1.26118,3.6658,1.7346,0.510,1.223
9.70,640,1.26118,3.6658,1.7346,0.510,1.223
9.70,641,1.26118,3.6658,1.7346,0.510,1.223
9.70,642,1.26118,3.6658,1.7346,0.510,1.223
9.70,643,1.26118,3.6658,1.7346,0.510,1.223
9.70,644,1.26118,3.6658,1.7346,0.510,1.223
9.70,645,1.26118,3.6658,1.7345,0.510,1.223
9.70,646,1.26118,3.6658,1.7345,0.510,1.223
9.70,647,1.26118,3.6658,1.7345,0.510,1.223
9.70,648,1.26118,3.6658,1.7345,0.510,1.223
9.70,649,1.26118,3.6658,1.7345,0.510,1.223
9.70,650,1.26118,3.6658,1.7345,0.510,1.223
9.70,651,1.26118,3.6658,1.7345,0.510,1.223
9.70,652,1.26118,3.6658,1.7345,0.510,1.223
9.70,653,1.26118,3.6658,1.7345,0.510,1.223
9.70,654,1.26118,3.6658,1.7345,0.510,1.223
9.70,655,1.26118,3.6658,1.7344,0.510,1.223
9.70,656,1.26118,3.6658,1.7344,0.511,1.223
9.70,657,1.26118,3.6658,1.7343,0.511,1.223
9.70,658,1.26118,3.6658,1.7341,0.511,1.223
9.70,659,1.26118,3.6659,1.7328,0.514,1.222
9.70,660,1.26119,3.6668,1.7228,0.536,1.218
9.70,661,1.26119,3.6677,1.7124,0.559,1.213
9.70,662,1.26121,3.6685,1.7025,0.581,1.209
9.70,663,1.26131,3.6677,1.7109,0.562,1.213
9.70,664,1.26151,3.6668,1.7214,0.539,1.217
9.70,665,1.26226,3.6673,1.7231,0.533,1.215
9.70,666,1.26333,3.6687,1.7189,0.539,1.208
9.70,667,1.26447,3.6697,1.7177,0.538,1.203
9.70,668,1.26577,3.6706,1.7191,0.531,1.199
9.70,669,1.26684,3.6707,1.7245,0.517,1.198
9.70,670,1.26734,3.6703,1.7307,0.503,1.200
9.70,671,1.26769,3.6696,1.7391,0.485,1.204
9.70,672,1.26797,3.6689,1.7470,0.467,1.207
9.70,673,1.26818,3.6684,1.7530,0.454,1.210
9.70,674,1.26836,3.6679,1.7592,0.441,1.213
9.70,675,1.26847,3.6670,1.7684,0.421,1.217
9.70,676,1.26858,3.6663,1.7757,0.405,1.221
9.70,677,1.26869,3.6656,1.7839,0.387,1.224
9.70,678,1.26876,3.6647,1.7931,0.368,1.229
9.70,679,1.26881,3.6644,1.7967,0.360,1.230
9.70,680,1.26888,3.6643,1.7978,0.357,1.231
9.70,681,1.26892,3.6643,1.7980,0.357,1.231
9.70,682,1.26898,3.6638,1.8038,0.344,1.234
9.70,683,1.26902,3.6629,1.8133,0.324,1.238
9.70,684,1.26906,3.6620,1.8229,0.304,1.243
9.70,685,1.26909,3.6611,1.8325,0.283,1.247
9.70,686,1.26912,3.6602,1.8421,0.263,1.252
9.70,687,1.26914,3.6593,1.8518,0.242,1.257
9.70,688,1.26916,3.6584,1.8616,0.221,1.262
9.70,689,1.26918,3.6575,1.8713,0.200,1.266
9.70,690,1.26919,3.6566,1.8811,0.180,1.271
9.70,691,1.26921,3.6557,1.8909,0.159,1.276
9.70,692,1.26922,3.6548,1.9007,0.138,1.281
9.70,693,1.26923,3.6539,1.9105,0.117,1.286
9.70,694,1.26924,3.6530,1.9203,0.097,1.290
9.70,695,1.26924,3.6521,1.9302,0.076,1.295
9.70,696,1.26925,3.6512,1.9400,0.055,1.300
9.70,697,1.26925,3.6503,1.9498,0.035,1.305
9.70,698,1.26926,3.6494,1.9596,0.014,1.310
9.70,699,1.26926,3.6485,1.9693,-0.006,1.315
9.70,700,1.26926,3.6476,1.9791,-0.027,1.320
9.70,701,1.26927,3.6467,1.9888,-0.047,1.325
9.70,702,1.26927,3.6459,1.9985,-0.068,1.330
9.70,703,1.26927,3.6450,2.0081,-0.088,1.335
9.70,704,1.26927,3.6441,2.0178,-0.108,1.339
9.70,705,1.26927,3.6432,2.0273,-0.128,1.344
9.70,706,1.26928,3.6424,2.0369,-0.148,1.349
9.70,707,1.26928,3.6415,2.0463,-0.167,1.354
9.75,228,0.10086,3.4610,-2.9942,13.779,3.588
9.75,230,0.10992,3.4673,-2.9151,13.502,3.448
9.75,232,0.11872,3.4735,-2.8384,13.235,3.315
9.75,234,0.12765,3.4797,-2.7605,12.969,3.182
9.75,236,0.13677,3.4862,-2.6808,12.700,3.047
9.75,238,0.14578,3.4925,-2.6022,12.437,2.918
9.75,240,0.16393,3.4993,-2.4970,12.103,2.785
9.75,242,0.18862,3.5062,-2.3757,11.732,2.662
9.75,244,0.20632,3.5109,-2.2952,11.486,2.586
9.75,246,0.21817,3.5138,-2.2491,11.344,2.543
9.75,248,0.22992,3.5167,-2.2031,11.204,2.502
9.75,250,0.24164,3.5195,-2.1567,11.064,2.464
9.75,252,0.25389,3.5225,-2.1103,10.924,2.426
9.75,254,0.26852,3.5260,-2.0609,10.774,2.386
9.75,256,0.28242,3.5294,-2.0136,10.632,2.349
9.75,258,0.29581,3.5326,-1.9679,10.495,2.315
9.75,260,0.30668,3.5354,-1.9321,10.386,2.286
9.75,262,0.31132,3.5366,-1.9174,10.340,2.273
9.75,264,0.31330,3.5371,-1.9113,10.322,2.268
9.75,266,0.31530,3.5376,-1.9052,10.303,2.262
9.75,268,0.31740,3.5381,-1.8988,10.283,2.257
9.75,270,0.31954,3.5386,-1.8923,10.263,2.252
9.75,272,0.32643,3.5402,-1.8722,10.202,2.235
9.75,274,0.33579,3.5422,-1.8461,10.123,2.214
9.75,276,0.34346,3.5438,-1.8257,10.061,2.197
9.75,278,0.34910,3.5448,-1.8120,10.019,2.186
9.75,280,0.35616,3.5463,-1.7950,9.966,2.170
9.75,282,0.36193,3.5473,-1.7759,9.911,2.159
9.75,284,0.36595,3.5480,-1.7599,9.866,2.151
9.75,286,0.36970,3.5488,-1.7475,9.829,2.142
9.75,288,0.37411,3.5497,-1.7366,9.796,2.133
9.75,290,0.37828,3.5505,-1.7263,9.764,2.124
9.75,292,0.38872,3.5526,-1.6999,9.683,2.102
9.75,294,0.41722,3.5582,-1.6245,9.457,2.045
9.75,296,0.44804,3.5643,-1.5417,9.209,1.985
9.75,298,0.47143,3.5696,-1.4761,9.012,1.935
9.75,300,0.49323,3.5746,-1.4146,8.827,1.889
9.75,302,0.51651,3.5808,-1.3469,8.622,1.835
9.75,304,0.53936,3.5872,-1.2793,8.419,1.783
9.75,306,0.55933,3.5933,-1.2194,8.238,1.735
9.75,308,0.57794,3.5994,-1.1628,8.064,1.687
9.75,310,0.59640,3.6056,-1.1063,7.892,1.639
9.75,312,0.61202,3.6122,-1.0580,7.737,1.589
9.75,314,0.62828,3.6196,-1.0073,7.574,1.535
9.75,316,0.64393,3.6267,-0.9583,7.416,1.484
9.75,318,0.65946,3.6339,-0.9093,7.259,1.434
9.75,320,0.67550,3.6414,-0.8585,7.097,1.383
9.75,322,0.69080,3.6485,-0.8096,6.942,1.337
9.75,324,0.70756,3.6562,-0.7591,6.783,1.289
9.75,326,0.72466,3.6636,-0.7113,6.635,1.245
9.75,328,0.74167,3.6710,-0.6635,6.488,1.204
9.75,330,0.75846,3.6784,-0.6159,6.344,1.164
9.75,332,0.77512,3.6857,-0.5683,6.202,1.127
9.75,334,0.79143,3.6928,-0.5212,6.064,1.091
9.75,336,0.80771,3.7000,-0.4738,5.926,1.056
9.75,338,0.82374,3.7070,-0.4267,5.791,1.022
9.75,340,0.83951,3.7139,-0.3798,5.659,0.991
9.75,342,0.85507,3.7207,-0.3329,5.529,0.961
9.75,344,0.87044,3.7275,-0.2861,5.400,0.933
9.75,346,0.88564,3.7341,-0.2391,5.273,0.904
9.75,348,0.90062,3.7405,-0.1924,5.148,0.876
9.75,350,0.91610,3.7452,-0.1502,5.037,0.856
9.75,352,0.93139,3.7498,-0.1079,4.927,0.836
9.75,353,0.93889,3.7520,-0.0869,4.872,0.827
9.75,354,0.94158,3.7528,-0.0793,4.852,0.823
9.75,356,0.94687,3.7543,-0.0644,4.814,0.817
9.75,358,0.95212,3.7559,-0.0494,4.775,0.810
9.75,360,0.95733,3.7574,-0.0345,4.737,0.804
9.75,362,0.96252,3.7588,-0.0196,4.699,0.798
9.75,364,0.96765,3.7603,-0.0048,4.661,0.792
9.75,366,0.97278,3.7617,0.0102,4.622,0.786
9.75,368,0.97783,3.7631,0.0250,4.584,0.780
9.75,370,0.98372,3.7646,0.0419,4.541,0.774
9.75,372,0.99011,3.7661,0.0600,4.495,0.767
9.75,374,0.99633,3.7676,0.0779,4.450,0.761
9.75,376,1.00208,3.7690,0.0944,4.408,0.755
9.75,378,1.00721,3.7701,0.1091,4.371,0.750
9.75,380,1.01228,3.7713,0.1237,4.334,0.746
9.75,382,1.01730,3.7723,0.1383,4.297,0.741
9.75,384,1.02188,3.7733,0.1516,4.263,0.737
9.75,386,1.02600,3.7742,0.1635,4.233,0.734
9.75,388,1.03016,3.7750,0.1755,4.203,0.730
9.75,390,1.03434,3.7758,0.1876,4.173,0.727
9.75,392,1.03856,3.7766,0.1997,4.142,0.723
9.75,394,1.04324,3.7773,0.2130,4.109,0.720
9.75,396,1.04810,3.7781,0.2265,4.075,0.717
9.75,398,1.05295,3.7788,0.2397,4.042,0.714
9.75,400,1.05777,3.7794,0.2528,4.009,0.711
9.75,402,1.06285,3.7799,0.2663,3.975,0.709
9.75,404,1.06801,3.7805,0.2804,3.940,0.706
9.75,406,1.07299,3.7811,0.2945,3.905,0.704
9.75,408,1.07783,3.7816,0.3087,3.870,0.701
9.75,410,1.08254,3.7822,0.3229,3.834,0.699
9.75,412,1.08716,3.7827,0.3372,3.798,0.697
9.75,414,1.09167,3.7831,0.3515,3.763,0.695
9.75,416,1.09608,3.7835,0.3656,3.727,0.693
9.75,418,1.10044,3.7839,0.3798,3.692,0.691
9.75,420,1.10519,3.7842,0.3952,3.654,0.690
9.75,422,1.10972,3.7844,0.4102,3.616,0.689
9.75,424,1.11405,3.7846,0.4248,3.580,0.688
9.75,426,1.11818,3.7846,0.4389,3.545,0.687
9.75,428,1.12203,3.7846,0.4522,3.512,0.687
9.75,430,1.12569,3.7845,0.4649,3.480,0.687
9.75,432,1.12924,3.7844,0.4775,3.448,0.688
9.75,434,1.13270,3.7841,0.4899,3.417,0.689
9.75,436,1.13607,3.7838,0.5021,3.387,0.690
9.75,438,1.13932,3.7834,0.5141,3.357,0.691
9.75,440,1.14201,3.7830,0.5257,3.327,0.693
9.75,442,1.14474,3.7823,0.5369,3.299,0.696
9.75,444,1.14786,3.7814,0.5485,3.270,0.700
9.75,446,1.15133,3.7802,0.5606,3.239,0.705
9.75,448,1.15498,3.7787,0.5731,3.208,0.711
9.75,450,1.15861,3.7769,0.5854,3.178,0.718
9.75,452,1.16161,3.7751,0.5956,3.153,0.725
9.75,454,1.16420,3.7732,0.6040,3.132,0.733
9.75,455,1.16745,3.7702,0.6138,3.108,0.746
9.75,456,1.17019,3.7671,0.6210,3.091,0.759
9.75,457,1.17251,3.7639,0.6256,3.081,0.773
9.75,458,1.17448,3.7606,0.6279,3.077,0.787
9.75,459,1.17614,3.7571,0.6281,3.079,0.802
9.75,460,1.17757,3.7537,0.6264,3.087,0.816
9.75,461,1.17880,3.7501,0.6229,3.099,0.832
9.75,462,1.17989,3.7466,0.6180,3.114,0.847
9.75,463,1.18086,3.7430,0.6122,3.133,0.863
9.75,464,1.18176,3.7394,0.6055,3.154,0.878
9.75,465,1.18260,3.7358,0.5984,3.177,0.894
9.75,466,1.18341,3.7321,0.5910,3.200,0.911
9.75,467,1.18420,3.7284,0.5838,3.224,0.927
9.75,468,1.18501,3.7246,0.5772,3.247,0.944
9.75,469,1.18584,3.7207,0.5719,3.267,0.961
9.75,470,1.18672,3.7167,0.5685,3.283,0.977
9.75,471,1.18768,3.7128,0.5682,3.292,0.994
9.75,472,1.18873,3.7090,0.5722,3.290,1.011
9.75,473,1.18985,3.7055,0.5812,3.276,1.027
9.75,474,1.19098,3.7026,0.5946,3.249,1.041
9.75,475,1.19210,3.7002,0.6114,3.213,1.052
9.75,476,1.19318,3.6983,0.6302,3.171,1.061
9.75,477,1.19422,3.6968,0.6503,3.125,1.069
9.75,478,1.19521,3.6955,0.6713,3.076,1.075
9.75,479,1.19615,3.6944,0.6927,3.025,1.080
9.75,480,1.19707,3.6935,0.7146,2.973,1.085
9.75,481,1.19794,3.6926,0.7367,2.920,1.089
9.75,482,1.19878,3.6918,0.7589,2.867,1.092
9.75,483,1.19959,3.6910,0.7813,2.813,1.096
9.75,484,1.20038,3.6903,0.8039,2.759,1.100
9.75,485,1.20115,3.6896,0.8265,2.704,1.103
9.75,486,1.20188,3.6889,0.8492,2.649,1.106
9.75,487,1.20259,3.6882,0.8719,2.594,1.110
9.75,488,1.20326,3.6875,0.8947,2.540,1.113
9.75,489,1.20390,3.6867,0.9174,2.485,1.117
9.75,490,1.20452,3.6860,0.9402,2.430,1.120
9.75,491,1.20511,3.6852,0.9630,2.375,1.124
9.75,492,1.20568,3.6845,0.9858,2.321,1.127
9.75,493,1.20621,3.6837,1.0086,2.266,1.131
9.75,494,1.20673,3.6828,1.0314,2.212,1.135
9.75,495,1.20722,3.6820,1.0542,2.157,1.139
9.75,496,1.20769,3.6811,1.0770,2.103,1.143
9.75,497,1.20813,3.6802,1.0997,2.049,1.148
9.75,498,1.20856,3.6793,1.1225,1.995,1.152
9.75,499,1.20897,3.6784,1.1452,1.941,1.156
9.75,500,1.20936,3.6774,1.1679,1.888,1.161
9.75,501,1.20973,3.6764,1.1906,1.834,1.166
9.75,502,1.21009,3.6755,1.2133,1.781,1.171
9.75,503,1.21043,3.6744,1.2360,1.727,1.176
9.75,504,1.21075,3.6734,1.2587,1.674,1.182
9.75,505,1.21106,3.6723,1.2813,1.621,1.187
9.75,506,1.21136,3.6713,1.3039,1.568,1.193
9.75,507,1.21165,3.6702,1.3266,1.516,1.198
9.75,508,1.21192,3.6690,1.3492,1.463,1.204
9.75,509,1.21218,3.6679,1.3717,1.411,1.210
9.75,510,1.21244,3.6667,1.3943,1.359,1.216
9.75,511,1.21268,3.6655,1.4168,1.307,1.222
9.75,512,1.21291,3.6643,1.4393,1.255,1.228
9.75,513,1.21314,3.6631,1.4618,1.203,1.234
9.75,514,1.21335,3.6619,1.4843,1.152,1.240
9.75,515,1.21357,3.6607,1.5068,1.100,1.247
9.75,516,1.21378,3.6594,1.5292,1.049,1.253
9.75,517,1.21399,3.6581,1.5516,0.998,1.260
9.75,518,1.21423,3.6569,1.5740,0.948,1.267
9.75,519,1.21460,3.6558,1.5939,0.902,1.272
9.75,520,1.21496,3.6572,1.5760,0.941,1.265
9.75,521,1.21517,3.6586,1.5556,0.986,1.258
9.75,522,1.21543,3.6576,1.5747,0.943,1.263
9.75,523,1.21560,3.6563,1.5972,0.892,1.270
9.75,524,1.21577,3.6549,1.6196,0.841,1.277
9.75,525,1.21594,3.6535,1.6420,0.791,1.285
9.75,526,1.21610,3.6521,1.6644,0.741,1.293
9.75,527,1.21625,3.6507,1.6867,0.691,1.301
9.75,528,1.21639,3.6493,1.7091,0.641,1.308
9.75,529,1.21653,3.6479,1.7315,0.592,1.316
9.75,530,1.21667,3.6465,1.7538,0.542,1.325
9.75,531,1.21680,3.6450,1.7761,0.493,1.333
9.75,532,1.21692,3.6435,1.7983,0.444,1.341
9.75,533,1.21704,3.6420,1.8206,0.395,1.350
9.75,534,1.21715,3.6405,1.8428,0.347,1.359
9.75,535,1.21726,3.6390,1.8650,0.299,1.368
9.75,536,1.21736,3.6374,1.8872,0.251,1.376
9.75,537,1.21746,3.6359,1.9094,0.203,1.386
9.75,538,1.21756,3.6343,1.9316,0.155,1.395
9.75,539,1.21765,3.6327,1.9538,0.108,1.404
9.75,540,1.21774,3.6312,1.9759,0.061,1.414
9.75,541,1.21782,3.6295,1.9980,0.014,1.424
9.75,542,1.21790,3.6279,2.0201,-0.032,1.434
9.75,543,1.21798,3.6263,2.0422,-0.078,1.445
9.75,544,1.21806,3.6246,2.0642,-0.124,1.455
9.75,545,1.21813,3.6230,2.0863,-0.171,1.465
9.75,546,1.21819,3.6213,2.1083,-0.216,1.476
9.75,547,1.21826,3.6196,2.1303,-0.262,1.487
9.75,548,1.21832,3.6179,2.1523,-0.307,1.498
9.75,549,1.21838,3.6162,2.1742,-0.352,1.509
9.75,550,1.21844,3.6144,2.1962,-0.396,1.520
9.75,551,1.21850,3.6127,2.2181,-0.441,1.532
9.75,552,1.21855,3.6109,2.2400,-0.484,1.544
9.75,553,1.21860,3.6091,2.2619,-0.528,1.557
9.75,554,1.21865,3.6073,2.2837,-0.570,1.570
9.75,555,1.21870,3.6055,2.3056,-0.612,1.583
9.75,556,1.21874,3.6037,2.3274,-0.654,1.597
9.75,557,1.21879,3.6019,2.3492,-0.695,1.612
9.75,558,1.21883,3.6000,2.3710,-0.736,1.627
9.75,559,1.21887,3.5982,2.3927,-0.776,1.641
9.75,560,1.21891,3.5963,2.4145,-0.816,1.656
9.75,561,1.21894,3.5944,2.4362,-0.856,1.671
9.75,562,1.21898,3.5926,2.4579,-0.896,1.685
9.75,563,1.21901,3.5906,2.4796,-0.935,1.701
9.75,564,1.21905,3.5887,2.5012,-0.974,1.717
9.75,565,1.21908,3.5868,2.5228,-1.011,1.733
9.75,566,1.21911,3.5848,2.5445,-1.049,1.751
9.75,567,1.21914,3.5829,2.5660,-1.085,1.769
9.75,568,1.21917,3.5809,2.5876,-1.121,1.788
9.75,569,1.21919,3.5790,2.6092,-1.156,1.809
9.75,570,1.21922,3.5770,2.6308,-1.190,1.832
9.75,571,1.21925,3.5750,2.6523,-1.222,1.856
9.75,572,1.21927,3.5730,2.6738,-1.254,1.881
9.75,573,1.21930,3.5710,2.6953,-1.284,1.908
9.75,574,1.21932,3.5690,2.7168,-1.314,1.936
9.75,575,1.21934,3.5670,2.7382,-1.342,1.966
9.75,576,1.21936,3.5649,2.7596,-1.369,1.996
9.75,577,1.21938,3.5628,2.7810,-1.396,2.028
9.75,578,1.21940,3.5608,2.8024,-1.423,2.060
9.75,579,1.21942,3.5587,2.8237,-1.448,2.094
9.75,580,1.21944,3.5566,2.8451,-1.472,2.128
9.75,581,1.21946,3.5546,2.8664,-1.495,2.164
9.75,582,1.21948,3.5525,2.8877,-1.518,2.201
9.75,583,1.21949,3.5504,2.9090,-1.539,2.239
9.75,584,1.21951,3.5483,2.9303,-1.559,2.280
9.75,585,1.21952,3.5462,2.9516,-1.578,2.323
9.75,586,1.21954,3.5440,2.9728,-1.594,2.368
9.75,587,1.21955,3.5419,2.9940,-1.608,2.418
9.75,588,1.21957,3.5397,3.0153,-1.619,2.474
9.75,589,1.21958,3.5376,3.0365,-1.626,2.535
9.75,590,1.21960,3.5354,3.0577,-1.631,2.600
9.75,591,1.21961,3.5333,3.0789,-1.633,2.669
9.75,592,1.21962,3.5311,3.1001,-1.633,2.742
9.75,593,1.21963,3.5289,3.1212,-1.633,2.817
9.75,594,1.21964,3.5267,3.1423,-1.630,2.894
9.75,595,1.21966,3.5246,3.1635,-1.628,2.971
9.75,596,1.21967,3.5224,3.1846,-1.624,3.051
9.75,597,1.21968,3.5202,3.2057,-1.619,3.131
9.75,598,1.21969,3.5179,3.2267,-1.614,3.211
9.75,599,1.21970,3.5157,3.2477,-1.608,3.289
9.75,600,1.21971,3.5134,3.2687,-1.603,3.366
9.75,601,1.21972,3.5112,3.2897,-1.598,3.440
9.75,602,1.21973,3.5089,3.3107,-1.593,3.510
9.75,603,1.21974,3.5066,3.3316,-1.589,3.576
9.75,604,1.21975,3.5043,3.3524,-1.585,3.638
9.75,605,1.21976,3.5020,3.3733,-1.580,3.697
9.75,606,1.21976,3.5023,3.3706,-1.581,3.689
9.75,607,1.21976,3.5149,3.2616,-1.623,3.316
9.75,608,1.21976,3.5318,3.1100,-1.677,2.717
9.75,609,1.21976,3.5483,2.9576,-1.630,2.277
9.75,610,1.21976,3.5645,2.8045,-1.479,2.001
9.75,611,1.21976,3.5803,2.6509,-1.274,1.794
9.75,612,1.21976,3.5956,2.4964,-1.017,1.662
9.75,613,1.21976,3.6105,2.3412,-0.735,1.548
9.75,614,1.21976,3.6249,2.1853,-0.429,1.454
9.75,615,1.21976,3.6390,2.0289,-0.112,1.368
9.75,616,1.21976,3.6525,1.8717,0.221,1.293
9.75,617,1.21976,3.6631,1.7112,0.579,1.236
9.75,618,1.21976,3.6516,1.8403,0.303,1.297
9.75,619,1.21976,3.6392,1.9989,-0.037,1.367
9.75,620,1.21976,3.6262,2.1558,-0.363,1.446
9.75,621,1.21977,3.6359,2.0509,-0.151,1.386
9.75,622,1.21977,3.6495,1.8940,0.178,1.309
9.75,623,1.21977,3.6501,1.8751,0.222,1.306
9.75,624,1.21978,3.6434,1.9656,0.026,1.343
9.75,625,1.21978,3.6573,1.8094,0.356,1.267
9.75,626,1.21979,3.6561,1.8176,0.341,1.273
9.75,627,1.21980,3.6651,1.7301,0.524,1.226
9.75,628,1.21981,3.6630,1.7423,0.501,1.237
9.75,629,1.21983,3.6668,1.6992,0.595,1.217
9.75,630,1.21984,3.6641,1.7449,0.490,1.231
9.75,631,1.21986,3.6649,1.7303,0.524,1.227
9.75,632,1.21987,3.6652,1.7265,0.532,1.226
9.75,633,1.21987,3.6652,1.7265,0.532,1.226
9.75,634,1.21987,3.6652,1.7265,0.532,1.226
9.75,635,1.21987,3.6652,1.7265,0.532,1.226
9.75,636,1.21987,3.6652,1.7265,0.532,1.226
9.75,637,1.21987,3.6652,1.7265,0.532,1.226
9.75,638,1.21987,3.6652,1.7265,0.532,1.226
9.75,639,1.21987,3.6652,1.7265,0.532,1.226
9.75,640,1.21987,3.6652,1.7265,0.532,1.226
9.75,641,1.21987,3.6652,1.7265,0.532,1.226
9.75,642,1.21987,3.6652,1.7265,0.533,1.226
9.75,643,1.21987,3.6652,1.7265,0.533,1.226
9.75,644,1.21987,3.6652,1.7264,0.533,1.226
9.75,645,1.21987,3.6652,1.7264,0.533,1.226
9.75,646,1.21987,3.6652,1.7264,0.533,1.226
9.75,647,1.21987,3.6652,1.7264,0.533,1.226
9.75,648,1.21987,3.6652,1.7264,0.533,1.226
9.75,649,1.21987,3.6652,1.7264,0.533,1.226
9.75,650,1.21987,3.6652,1.7264,0.533,1.226
9.75,651,1.21987,3.6652,1.7264,0.533,1.226
9.75,652,1.21987,3.6652,1.7264,0.533,1.225
9.75,653,1.21987,3.6652,1.7263,0.533,1.225
9.75,654,1.21987,3.6652,1.7263,0.533,1.225
9.75,655,1.21987,3.6652,1.7262,0.533,1.225
9.75,656,1.21987,3.6653,1.7260,0.534,1.225
9.75,657,1.21987,3.6653,1.7255,0.535,1.225
9.75,658,1.21987,3.6660,1.7173,0.553,1.222
9.75,659,1.21988,3.6670,1.7064,0.576,1.217
9.75,660,1.21990,3.6677,1.6963,0.599,1.213
9.75,661,1.21999,3.6668,1.7074,0.575,1.218
9.75,662,1.22021,3.6659,1.7184,0.550,1.222
9.75,663,1.22092,3.6669,1.7155,0.554,1.217
9.75,664,1.22169,3.6680,1.7132,0.555,1.212
9.75,665,1.22247,3.6688,1.7125,0.554,1.208
9.75,666,1.22364,3.6697,1.7131,0.549,1.203
9.75,667,1.22423,3.6696,1.7181,0.537,1.204
9.75,668,1.22477,3.6695,1.7233,0.525,1.204
9.75,669,1.22524,3.6692,1.7287,0.512,1.206
9.75,670,1.22551,3.6685,1.7373,0.493,1.209
9.75,671,1.22575,3.6683,1.7409,0.485,1.211
9.75,672,1.22589,3.6675,1.7490,0.467,1.214
9.75,673,1.22599,3.6670,1.7551,0.454,1.217
9.75,674,1.22610,3.6661,1.7644,0.434,1.222
9.75,675,1.22620,3.6652,1.7737,0.414,1.226
9.75,676,1.22627,3.6644,1.7819,0.397,1.230
9.75,677,1.22634,3.6642,1.7850,0.390,1.231
9.75,678,1.22639,3.6638,1.7888,0.382,1.233
9.75,679,1.22643,3.6643,1.7841,0.392,1.231
9.75,680,1.22645,3.6646,1.7807,0.399,1.229
9.75,681,1.22650,3.6642,1.7854,0.389,1.231
9.75,682,1.22655,3.6633,1.7953,0.368,1.236
9.75,683,1.22659,3.6623,1.8052,0.346,1.241
9.75,684,1.22663,3.6615,1.8137,0.328,1.245
9.75,685,1.22667,3.6606,1.8238,0.307,1.250
9.75,686,1.22670,3.6597,1.8337,0.286,1.255
9.75,687,1.22672,3.6587,1.8438,0.264,1.260
9.75,688,1.22674,3.6578,1.8539,0.243,1.265
9.75,689,1.22676,3.6569,1.8640,0.221,1.270
9.75,690,1.22677,3.6559,1.8742,0.200,1.275
9.75,691,1.22678,3.6550,1.8843,0.178,1.280
9.75,692,1.22679,3.6540,1.8945,0.157,1.285
9.75,693,1.22680,3.6531,1.9046,0.135,1.290
9.75,694,1.22681,3.6522,1.9148,0.114,1.295
9.75,695,1.22681,3.6512,1.9250,0.093,1.300
9.75,696,1.22682,3.6503,1.9352,0.071,1.305
9.75,697,1.22682,3.6494,1.9454,0.050,1.310
9.75,698,1.22683,3.6484,1.9555,0.029,1.315
9.75,699,1.22683,3.6475,1.9657,0.007,1.320
9.75,700,1.22683,3.6466,1.9757,-0.014,1.326
9.75,701,1.22683,3.6456,1.9859,-0.035,1.331
9.75,702,1.22684,3.6447,1.9959,-0.056,1.336
9.75,703,1.22684,3.6438,2.0059,-0.077,1.341
9.75,704,1.22684,3.6429,2.0159,-0.097,1.346
9.75,705,1.22684,3.6420,2.0258,-0.118,1.351
9.75,706,1.22684,3.6411,2.0357,-0.139,1.356
9.75,707,1.22684,3.6402,2.0455,-0.159,1.362
9.80,230,0.10000,3.4604,-3.0015,13.805,3.601
9.80,232,0.10817,3.4661,-2.9302,13.555,3.475
9.80,234,0.11715,3.4724,-2.8518,13.282,3.338
9.80,236,0.12618,3.4787,-2.7731,13.012,3.203
9.80,238,0.13517,3.4851,-2.6946,12.746,3.070
9.80,240,0.14428,3.4915,-2.6150,12.479,2.938
9.80,242,0.15906,3.4980,-2.5205,12.175,2.810
9.80,244,0.18378,3.5049,-2.3988,11.802,2.684
9.80,246,0.20394,3.5103,-2.3033,11.511,2.595
9.80,248,0.21576,3.5132,-2.2571,11.369,2.551
9.80,250,0.22753,3.5161,-2.2107,11.227,2.510
9.80,252,0.23896,3.5189,-2.1653,11.090,2.472
9.80,254,0.25086,3.5218,-2.1182,10.949,2.434
9.80,256,0.26485,3.5252,-2.0708,10.805,2.396
9.80,258,0.27875,3.5286,-2.0234,10.662,2.359
9.80,260,0.29214,3.5318,-1.9777,10.525,2.324
9.80,262,0.30395,3.5347,-1.9381,10.406,2.293
9.80,264,0.31075,3.5365,-1.9163,10.338,2.274
9.80,266,0.31272,3.5370,-1.9103,10.320,2.269
9.80,268,0.31480,3.5375,-1.9040,10.301,2.263
9.80,270,0.31690,3.5380,-1.8976,10.281,2.258
9.80,272,0.31903,3.5386,-1.8911,10.261,2.253
9.80,274,0.32453,3.5398,-1.8749,10.212,2.239
9.80,276,0.33354,3.5418,-1.8495,10.135,2.218
9.80,278,0.34200,3.5435,-1.8271,10.067,2.200
9.80,280,0.34750,3.5446,-1.8136,10.025,2.189
9.80,282,0.35387,3.5458,-1.7972,9.975,2.176
9.80,284,0.36057,3.5470,-1.7767,9.916,2.162
9.80,286,0.36449,3.5478,-1.7625,9.874,2.154
9.80,288,0.36825,3.5486,-1.7507,9.839,2.145
9.80,290,0.37219,3.5494,-1.7402,9.807,2.136
9.80,292,0.37636,3.5502,-1.7299,9.775,2.127
9.80,294,0.38122,3.5512,-1.7177,9.737,2.116
9.80,296,0.39956,3.5548,-1.6701,9.593,2.079
9.80,298,0.43165,3.5612,-1.5839,9.335,2.015
9.80,300,0.45895,3.5669,-1.5091,9.111,1.960
9.80,302,0.48113,3.5720,-1.4465,8.922,1.912
9.80,304,0.50259,3.5771,-1.3853,8.739,1.866
9.80,306,0.52520,3.5834,-1.3184,8.536,1.813
9.80,308,0.54750,3.5897,-1.2520,8.337,1.762
9.80,310,0.56630,3.5959,-1.1948,8.162,1.714
9.80,312,0.58384,3.6017,-1.1410,7.998,1.669
9.80,314,0.60175,3.6080,-1.0857,7.828,1.620
9.80,316,0.61741,3.6151,-1.0367,7.669,1.567
9.80,318,0.63302,3.6223,-0.9875,7.511,1.515
9.80,320,0.64889,3.6296,-0.9373,7.350,1.463
9.80,322,0.66442,3.6369,-0.8878,7.191,1.413
9.80,324,0.68035,3.6444,-0.8366,7.028,1.363
9.80,326,0.69588,3.6519,-0.7863,6.870,1.315
9.80,328,0.71256,3.6593,-0.7376,6.717,1.270
9.80,330,0.72956,3.6668,-0.6894,6.568,1.227
9.80,332,0.74633,3.6742,-0.6415,6.422,1.186
9.80,334,0.76280,3.6814,-0.5940,6.279,1.148
9.80,336,0.77926,3.6887,-0.5460,6.137,1.112
9.80,338,0.79540,3.6958,-0.4985,5.999,1.076
9.80,340,0.81132,3.7028,-0.4512,5.862,1.041
9.80,342,0.82705,3.7098,-0.4038,5.728,1.009
9.80,344,0.84256,3.7166,-0.3565,5.595,0.978
9.80,346,0.85788,3.7234,-0.3091,5.465,0.950
9.80,348,0.87295,3.7300,-0.2618,5.336,0.921
9.80,350,0.88783,3.7365,-0.2144,5.208,0.893
9.80,352,0.90262,3.7425,-0.1676,5.084,0.867
9.80,353,0.91016,3.7448,-0.1464,5.028,0.857
9.80,354,0.91288,3.7456,-0.1387,5.008,0.854
9.80,356,0.91822,3.7472,-0.1235,4.968,0.847
9.80,358,0.92352,3.7488,-0.1083,4.929,0.840
9.80,360,0.92877,3.7503,-0.0932,4.890,0.834
9.80,362,0.93401,3.7519,-0.0780,4.850,0.827
9.80,364,0.93917,3.7534,-0.0629,4.811,0.821
9.80,366,0.94435,3.7549,-0.0477,4.772,0.814
9.80,368,0.94944,3.7563,-0.0327,4.733,0.808
9.80,370,0.95453,3.7577,-0.0175,4.695,0.802
9.80,372,0.95956,3.7591,-0.0024,4.656,0.796
9.80,374,0.96455,3.7605,0.0126,4.617,0.791
9.80,376,0.96951,3.7619,0.0277,4.579,0.785
9.80,378,0.97442,3.7632,0.0428,4.540,0.779
9.80,380,0.97929,3.7645,0.0579,4.502,0.774
9.80,382,0.98507,3.7658,0.0752,4.458,0.768
9.80,384,0.99090,3.7672,0.0928,4.413,0.762
9.80,386,0.99659,3.7685,0.1101,4.369,0.757
9.80,388,1.00191,3.7696,0.1262,4.328,0.752
9.80,390,1.00677,3.7706,0.1409,4.291,0.748
9.80,392,1.01158,3.7716,0.1555,4.255,0.744
9.80,394,1.01635,3.7725,0.1699,4.218,0.740
9.80,396,1.02095,3.7733,0.1837,4.183,0.737
9.80,398,1.02510,3.7740,0.1959,4.153,0.734
9.80,400,1.02930,3.7746,0.2080,4.123,0.731
9.80,402,1.03354,3.7751,0.2200,4.092,0.729
9.80,404,1.03778,3.7756,0.2321,4.062,0.727
9.80,406,1.04215,3.7761,0.2448,4.030,0.724
9.80,408,1.04660,3.7766,0.2581,3.997,0.722
9.80,410,1.05095,3.7772,0.2716,3.963,0.720
9.80,412,1.05521,3.7777,0.2853,3.929,0.718
9.80,414,1.05941,3.7781,0.2990,3.894,0.716
9.80,416,1.06385,3.7786,0.3135,3.858,0.714
9.80,418,1.06822,3.7790,0.3281,3.822,0.712
9.80,420,1.07248,3.7793,0.3425,3.786,0.710
9.80,422,1.07662,3.7796,0.3567,3.750,0.709
9.80,424,1.08063,3.7797,0.3708,3.715,0.708
9.80,426,1.08452,3.7799,0.3846,3.681,0.707
9.80,428,1.08827,3.7799,0.3983,3.647,0.707
9.80,430,1.09189,3.7799,0.4116,3.613,0.707
9.80,432,1.09537,3.7797,0.4247,3.581,0.707
9.80,434,1.09871,3.7795,0.4375,3.549,0.708
9.80,436,1.10207,3.7792,0.4503,3.517,0.709
9.80,438,1.10536,3.7788,0.4629,3.485,0.711
9.80,440,1.10846,3.7783,0.4749,3.455,0.713
9.80,442,1.11136,3.7777,0.4864,3.427,0.715
9.80,444,1.11407,3.7770,0.4973,3.399,0.718
9.80,446,1.11662,3.7763,0.5076,3.374,0.721
9.80,448,1.11901,3.7754,0.5173,3.349,0.724
9.80,450,1.12118,3.7745,0.5263,3.327,0.728
9.80,452,1.12318,3.7735,0.5346,3.306,0.732
9.80,454,1.12511,3.7724,0.5424,3.287,0.737
9.80,455,1.12833,3.7701,0.5550,3.256,0.746
9.80,456,1.13122,3.7676,0.5658,3.230,0.757
9.80,457,1.13378,3.7650,0.5745,3.209,0.768
9.80,458,1.13601,3.7621,0.5812,3.194,0.780
9.80,459,1.13793,3.7591,0.5857,3.185,0.793
9.80,460,1.13958,3.7559,0.5881,3.181,0.807
9.80,461,1.14111,3.7524,0.5880,3.184,0.822
9.80,462,1.14246,3.7487,0.5857,3.193,0.838
9.80,463,1.14363,3.7450,0.5819,3.207,0.854
9.80,464,1.14466,3.7412,0.5768,3.224,0.870
9.80,465,1.14559,3.7374,0.5708,3.244,0.887
9.80,466,1.14646,3.7335,0.5642,3.265,0.904
9.80,467,1.14729,3.7295,0.5575,3.288,0.922
9.80,468,1.14810,3.7255,0.5512,3.311,0.940
9.80,469,1.14891,3.7214,0.5458,3.331,0.957
9.80,470,1.14977,3.7173,0.5421,3.348,0.975
9.80,471,1.15068,3.7131,0.5414,3.359,0.993
9.80,472,1.15167,3.7090,0.5447,3.359,1.011
9.80,473,1.15273,3.7052,0.5533,3.346,1.028
9.80,474,1.15381,3.7020,0.5667,3.321,1.043
9.80,475,1.15488,3.6995,0.5839,3.284,1.056
9.80,476,1.15591,3.6974,0.6035,3.240,1.066
9.80,477,1.15690,3.6958,0.6245,3.192,1.074
9.80,478,1.15785,3.6944,0.6464,3.141,1.080
9.80,479,1.15875,3.6933,0.6689,3.088,1.085
9.80,480,1.15963,3.6923,0.6917,3.034,1.090
9.80,481,1.16045,3.6915,0.7145,2.979,1.094
9.80,482,1.16122,3.6907,0.7373,2.924,1.098
9.80,483,1.16196,3.6899,0.7602,2.869,1.101
9.80,484,1.16267,3.6892,0.7832,2.814,1.105
9.80,485,1.16335,3.6885,0.8062,2.758,1.108
9.80,486,1.16401,3.6878,0.8293,2.702,1.111
9.80,487,1.16464,3.6871,0.8525,2.646,1.115
9.80,488,1.16524,3.6864,0.8756,2.590,1.118
9.80,489,1.16582,3.6857,0.8988,2.535,1.121
9.80,490,1.16636,3.6849,0.9219,2.479,1.125
9.80,491,1.16689,3.6842,0.9451,2.423,1.128
9.80,492,1.16739,3.6834,0.9682,2.368,1.132
9.80,493,1.16787,3.6826,0.9913,2.313,1.136
9.80,494,1.16833,3.6818,1.0145,2.257,1.140
9.80,495,1.16877,3.6810,1.0376,2.202,1.144
9.80,496,1.16918,3.6801,1.0607,2.147,1.148
9.80,497,1.16958,3.6792,1.0837,2.092,1.152
9.80,498,1.16996,3.6783,1.1068,2.038,1.157
9.80,499,1.17033,3.6774,1.1298,1.983,1.161
9.80,500,1.17067,3.6764,1.1528,1.929,1.166
9.80,501,1.17100,3.6754,1.1758,1.875,1.171
9.80,502,1.17132,3.6744,1.1988,1.821,1.176
9.80,503,1.17162,3.6734,1.2217,1.767,1.181
9.80,504,1.17191,3.6723,1.2447,1.713,1.187
9.80,505,1.17218,3.6713,1.2676,1.659,1.192
9.80,506,1.17245,3.6702,1.2905,1.606,1.198
9.80,507,1.17270,3.6691,1.3133,1.553,1.203
9.80,508,1.17294,3.6680,1.3362,1.499,1.209
9.80,509,1.17318,3.6668,1.3590,1.447,1.215
9.80,510,1.17340,3.6657,1.3818,1.394,1.221
9.80,511,1.17362,3.6645,1.4046,1.341,1.227
9.80,512,1.17382,3.6633,1.4273,1.289,1.233
9.80,513,1.17403,3.6621,1.4501,1.237,1.240
9.80,514,1.17422,3.6608,1.4728,1.185,1.246
9.80,515,1.17441,3.6596,1.4955,1.133,1.252
9.80,516,1.17460,3.6583,1.5181,1.081,1.259
9.80,517,1.17481,3.6571,1.5407,1.030,1.266
9.80,518,1.17504,3.6558,1.5632,0.979,1.272
9.80,519,1.17549,3.6561,1.5642,0.975,1.271
9.80,520,1.17565,3.6576,1.5420,1.025,1.263
9.80,521,1.17592,3.6580,1.5385,1.031,1.261
9.80,522,1.17608,3.6567,1.5612,0.980,1.268
9.80,523,1.17624,3.6554,1.5839,0.929,1.275
9.80,524,1.17639,3.6540,1.6066,0.878,1.282
9.80,525,1.17654,3.6526,1.6291,0.827,1.290
9.80,526,1.17668,3.6512,1.6518,0.777,1.298
9.80,527,1.17682,3.6498,1.6743,0.726,1.306
9.80,528,1.17695,3.6484,1.6969,0.676,1.314
9.80,529,1.17707,3.6469,1.7195,0.626,1.322
9.80,530,1.17719,3.6455,1.7420,0.576,1.330
9.80,531,1.17730,3.6440,1.7645,0.527,1.338
9.80,532,1.17741,3.6425,1.7870,0.477,1.347
9.80,533,1.17752,3.6410,1.8094,0.428,1.356
9.80,534,1.17762,3.6395,1.8319,0.379,1.364
9.80,535,1.17771,3.6379,1.8543,0.331,1.373
9.80,536,1.17781,3.6364,1.8767,0.282,1.382
9.80,537,1.17789,3.6348,1.8991,0.234,1.392
9.80,538,1.17798,3.6333,1.9215,0.186,1.401
9.80,539,1.17806,3.6317,1.9438,0.138,1.411
9.80,540,1.17814,3.6301,1.9662,0.091,1.421
9.80,541,1.17821,3.6285,1.9885,0.044,1.431
9.80,542,1.17828,3.6268,2.0107,-0.003,1.441
9.80,543,1.17835,3.6252,2.0330,-0.049,1.452
9.80,544,1.17841,3.6235,2.0552,-0.096,1.462
9.80,545,1.17848,3.6218,2.0774,-0.142,1.473
9.80,546,1.17854,3.6201,2.0996,-0.188,1.483
9.80,547,1.17859,3.6184,2.1218,-0.234,1.494
9.80,548,1.17865,3.6167,2.1440,-0.279,1.505
9.80,549,1.17870,3.6150,2.1662,-0.325,1.517
9.80,550,1.17875,3.6132,2.1883,-0.369,1.528
9.80,551,1.17880,3.6115,2.2104,-0.414,1.540
9.80,552,1.17885,3.6097,2.2324,-0.457,1.553
9.80,553,1.17889,3.6079,2.2545,-0.501,1.566
9.80,554,1.17894,3.6061,2.2765,-0.543,1.579
9.80,555,1.17898,3.6042,2.2985,-0.585,1.593
9.80,556,1.17902,3.6024,2.3205,-0.627,1.608
9.80,557,1.17906,3.6006,2.3424,-0.668,1.622
9.80,558,1.17909,3.5987,2.3644,-0.709,1.637
9.80,559,1.17913,3.5968,2.3864,-0.750,1.652
9.80,560,1.17916,3.5949,2.4083,-0.790,1.667
9.80,561,1.17919,3.5930,2.4301,-0.830,1.682
9.80,562,1.17923,3.5911,2.4520,-0.870,1.697
9.80,563,1.17926,3.5892,2.4738,-0.909,1.713
9.80,564,1.17928,3.5873,2.4957,-0.948,1.729
9.80,565,1.17931,3.5853,2.5175,-0.985,1.746
9.80,566,1.17934,3.5834,2.5393,-1.022,1.765
9.80,567,1.17937,3.5814,2.5610,-1.058,1.784
9.80,568,1.17939,3.5794,2.5828,-1.094,1.804
9.80,569,1.17941,3.5774,2.6045,-1.128,1.827
9.80,570,1.17944,3.5754,2.6263,-1.162,1.850
9.80,571,1.17946,3.5734,2.6479,-1.193,1.876
9.80,572,1.17948,3.5714,2.6696,-1.224,1.903
9.80,573,1.17950,3.5694,2.6913,-1.254,1.931
9.80,574,1.17952,3.5674,2.7129,-1.284,1.960
9.80,575,1.17954,3.5653,2.7345,-1.311,1.991
9.80,576,1.17956,3.5632,2.7560,-1.338,2.022
9.80,577,1.17958,3.5611,2.7776,-1.365,2.055
9.80,578,1.17959,3.5591,2.7991,-1.391,2.088
9.80,579,1.17961,3.5570,2.8206,-1.415,2.123
9.80,580,1.17963,3.5549,2.8421,-1.439,2.159
9.80,581,1.17964,3.5528,2.8636,-1.462,2.196
9.80,582,1.17966,3.5507,2.8851,-1.484,2.235
9.80,583,1.17967,3.5486,2.9065,-1.504,2.275
9.80,584,1.17969,3.5465,2.9281,-1.523,2.317
9.80,585,1.17970,3.5443,2.9495,-1.540,2.363
9.80,586,1.17971,3.5421,2.9708,-1.554,2.413
9.80,587,1.17973,3.5400,2.9922,-1.565,2.468
9.80,588,1.17974,3.5378,3.0136,-1.574,2.528
9.80,589,1.17975,3.5356,3.0350,-1.579,2.593
9.80,590,1.17976,3.5334,3.0564,-1.581,2.663
9.80,591,1.17977,3.5313,3.0777,-1.582,2.736
9.80,592,1.17978,3.5291,3.0991,-1.581,2.811
9.80,593,1.17979,3.5269,3.1204,-1.579,2.889
9.80,594,1.17981,3.5247,3.1417,-1.576,2.968
9.80,595,1.17982,3.5225,3.1629,-1.572,3.047
9.80,596,1.17982,3.5202,3.1842,-1.567,3.128
9.80,597,1.17983,3.5180,3.2054,-1.562,3.208
9.80,598,1.17984,3.5157,3.2265,-1.557,3.287
9.80,599,1.17985,3.5135,3.2477,-1.551,3.364
9.80,600,1.17986,3.5112,3.2688,-1.546,3.439
9.80,601,1.17987,3.5089,3.2899,-1.541,3.510
9.80,602,1.17988,3.5066,3.3110,-1.537,3.576
9.80,603,1.17988,3.5043,3.3320,-1.534,3.638
9.80,604,1.17989,3.5019,3.3530,-1.527,3.699
9.80,605,1.17990,3.4996,3.3739,-1.519,3.759
9.80,606,1.17990,3.4999,3.3711,-1.521,3.750
9.80,607,1.17990,3.5135,3.2538,-1.569,3.361
9.80,608,1.17990,3.5309,3.0987,-1.627,2.746
9.80,609,1.17990,3.5479,2.9426,-1.586,2.285
9.80,610,1.17990,3.5645,2.7858,-1.432,2.000
9.80,611,1.17990,3.5807,2.6283,-1.222,1.790
9.80,612,1.17990,3.5964,2.4701,-0.957,1.655
9.80,613,1.17990,3.6117,2.3112,-0.668,1.539
9.80,614,1.17990,3.6265,2.1515,-0.353,1.444
9.80,615,1.17990,3.6409,1.9912,-0.026,1.357
9.80,616,1.17990,3.6545,1.8298,0.317,1.282
9.80,617,1.17990,3.6605,1.7073,0.599,1.249
9.80,618,1.17991,3.6479,1.8700,0.245,1.318
9.80,619,1.17991,3.6349,2.0322,-0.100,1.392
9.80,620,1.17991,3.6260,2.1426,-0.329,1.447
9.80,621,1.17991,3.6364,2.0291,-0.099,1.383
9.80,622,1.17991,3.6502,1.8682,0.239,1.305
9.80,623,1.17992,3.6463,1.9052,0.164,1.327
9.80,624,1.17992,3.6435,1.9494,0.066,1.342
9.80,625,1.17992,3.6576,1.7891,0.406,1.265
9.80,626,1.17993,3.6539,1.8278,0.324,1.285
9.80,627,1.17994,3.6650,1.7164,0.559,1.227
9.80,628,1.17995,3.6610,1.7560,0.475,1.248
9.80,629,1.17996,3.6644,1.7123,0.571,1.230
9.80,630,1.17997,3.6651,1.7191,0.552,1.226
9.80,631,1.17999,3.6647,1.7192,0.553,1.228
9.80,632,1.18000,3.6649,1.7163,0.559,1.227
9.80,633,1.18000,3.6649,1.7163,0.559,1.227
9.80,634,1.18000,3.6649,1.7163,0.559,1.227
9.80,635,1.18000,3.6649,1.7163,0.559,1.227
9.80,636,1.18000,3.6649,1.7163,0.559,1.227
9.80,637,1.18000,3.6649,1.7163,0.559,1.227
9.80,638,1.18000,3.6649,1.7163,0.559,1.227
9.80,639,1.18000,3.6649,1.7163,0.559,1.227
9.80,640,1.18000,3.6649,1.7163,0.559,1.227
9.80,641,1.18000,3.6649,1.7163,0.559,1.227
9.80,642,1.18000,3.6649,1.7163,0.559,1.227
9.80,643,1.18000,3.6649,1.7163,0.559,1.227
9.80,644,1.18000,3.6649,1.7163,0.559,1.227
9.80,645,1.18000,3.6649,1.7163,0.559,1.227
9.80,646,1.18000,3.6649,1.7163,0.559,1.227
9.80,647,1.18000,3.6649,1.7163,0.559,1.227
9.80,648,1.18000,3.6649,1.7163,0.559,1.227
9.80,649,1.18000,3.6649,1.7163,0.559,1.227
9.80,650,1.18000,3.6649,1.7163,0.559,1.227
9.80,651,1.18000,3.6649,1.7162,0.559,1.227
9.80,652,1.18000,3.6649,1.7162,0.559,1.227
9.80,653,1.18000,3.6649,1.7162,0.559,1.227
9.80,654,1.18000,3.6649,1.7162,0.559,1.227
9.80,655,1.18000,3.6649,1.7162,0.559,1.227
9.80,656,1.18000,3.6649,1.7161,0.560,1.227
9.80,657,1.18000,3.6649,1.7159,0.560,1.227
9.80,658,1.18000,3.6650,1.7155,0.561,1.227
9.80,659,1.18000,3.6659,1.7055,0.583,1.222
9.80,660,1.18001,3.6668,1.6946,0.606,1.217
9.80,661,1.18005,3.6666,1.6960,0.604,1.219
9.80,662,1.18020,3.6657,1.7069,0.580,1.223
9.80,663,1.18071,3.6654,1.7153,0.560,1.225
9.80,664,1.18151,3.6669,1.7092,0.569,1.217
9.80,665,1.18230,3.6679,1.7088,0.567,1.212
9.80,666,1.18316,3.6687,1.7092,0.563,1.208
9.80,667,1.18395,3.6688,1.7153,0.547,1.208
9.80,668,1.18457,3.6685,1.7226,0.530,1.209
9.80,669,1.18489,3.6678,1.7317,0.510,1.213
9.80,670,1.18505,3.6674,1.7363,0.499,1.215
9.80,671,1.18518,3.6665,1.7463,0.478,1.219
9.80,672,1.18529,3.6660,1.7518,0.466,1.222
9.80,673,1.18538,3.6652,1.7605,0.447,1.226
9.80,674,1.18547,3.6643,1.7696,0.428,1.231
9.80,675,1.18553,3.6634,1.7799,0.406,1.236
9.80,676,1.18558,3.6632,1.7822,0.401,1.236
9.80,677,1.18563,3.6628,1.7868,0.391,1.239
9.80,678,1.18566,3.6624,1.7913,0.381,1.241
9.80,679,1.18569,3.6619,1.7958,0.372,1.243
9.80,680,1.18571,3.6616,1.7999,0.363,1.245
9.80,681,1.18573,3.6612,1.8036,0.355,1.246
9.80,682,1.18575,3.6617,1.7990,0.364,1.244
9.80,683,1.18577,3.6621,1.7943,0.375,1.242
9.80,684,1.18581,3.6618,1.7980,0.367,1.244
9.80,685,1.18584,3.6608,1.8082,0.345,1.249
9.80,686,1.18587,3.6598,1.8186,0.323,1.254
9.80,687,1.18589,3.6588,1.8290,0.301,1.259
9.80,688,1.18591,3.6579,1.8395,0.278,1.264
9.80,689,1.18592,3.6569,1.8500,0.256,1.269
9.80,690,1.18594,3.6559,1.8606,0.234,1.275
9.80,691,1.18595,3.6549,1.8711,0.212,1.280
9.80,692,1.18596,3.6539,1.8818,0.189,1.285
9.80,693,1.18597,3.6529,1.8924,0.167,1.291
9.80,694,1.18598,3.6519,1.9030,0.144,1.296
9.80,695,1.18598,3.6510,1.9137,0.122,1.301
9.80,696,1.18599,3.6500,1.9243,0.100,1.307
9.80,697,1.18599,3.6490,1.9350,0.077,1.312
9.80,698,1.18600,3.6480,1.9456,0.055,1.318
9.80,699,1.18600,3.6470,1.9562,0.033,1.323
9.80,700,1.18600,3.6460,1.9668,0.011,1.328
9.80,701,1.18600,3.6451,1.9773,-0.011,1.334
9.80,702,1.18601,3.6441,1.9879,-0.033,1.339
9.80,703,1.18601,3.6431,1.9984,-0.055,1.345
9.80,704,1.18601,3.6422,2.0088,-0.076,1.350
9.80,705,1.18601,3.6412,2.0192,-0.098,1.356
9.80,706,1.18601,3.6403,2.0295,-0.119,1.361
9.80,707,1.18601,3.6393,2.0398,-0.141,1.367
9.85,232,0.10000,3.4604,-3.0013,13.804,3.601
9.85,234,0.10666,3.4651,-2.9432,13.600,3.497
9.85,236,0.11558,3.4713,-2.8653,13.328,3.361
9.85,238,0.12455,3.4776,-2.7870,13.059,3.226
9.85,240,0.13364,3.4840,-2.7076,12.790,3.091
9.85,242,0.14260,3.4903,-2.6293,12.527,2.961
9.85,244,0.15472,3.4968,-2.5414,12.240,2.832
9.85,246,0.17922,3.5036,-2.4205,11.869,2.706
9.85,248,0.20161,3.5098,-2.3111,11.535,2.603
9.85,250,0.21342,3.5127,-2.2647,11.393,2.559
9.85,252,0.22491,3.5155,-2.2192,11.254,2.518
9.85,254,0.23663,3.5184,-2.1724,11.112,2.478
9.85,256,0.24784,3.5212,-2.1273,10.977,2.443
9.85,258,0.26168,3.5245,-2.0789,10.831,2.404
9.85,260,0.27515,3.5278,-2.0329,10.692,2.368
9.85,262,0.28848,3.5310,-1.9874,10.555,2.333
9.85,264,0.30083,3.5340,-1.9453,10.429,2.301
9.85,266,0.31015,3.5364,-1.9154,10.337,2.275
9.85,268,0.31220,3.5369,-1.9092,10.318,2.270
9.85,270,0.31426,3.5375,-1.9029,10.299,2.264
9.85,272,0.31636,3.5380,-1.8965,10.279,2.259
9.85,274,0.31852,3.5385,-1.8899,10.259,2.254
9.85,276,0.32281,3.5395,-1.8773,10.221,2.243
9.85,278,0.33133,3.5414,-1.8529,10.146,2.223
9.85,280,0.34059,3.5433,-1.8280,10.071,2.203
9.85,282,0.34598,3.5443,-1.8148,10.030,2.192
9.85,284,0.35164,3.5454,-1.8004,9.987,2.180
9.85,286,0.35871,3.5467,-1.7789,9.924,2.166
9.85,288,0.36314,3.5476,-1.7647,9.882,2.156
9.85,290,0.36682,3.5483,-1.7536,9.848,2.147
9.85,292,0.37041,3.5491,-1.7436,9.817,2.138
9.85,294,0.37451,3.5500,-1.7333,9.785,2.129
9.85,296,0.37840,3.5507,-1.7235,9.755,2.121
9.85,298,0.38872,3.5528,-1.6968,9.674,2.099
9.85,300,0.41537,3.5581,-1.6257,9.460,2.046
9.85,302,0.44530,3.5640,-1.5448,9.218,1.987
9.85,304,0.46869,3.5693,-1.4792,9.021,1.937
9.85,306,0.49007,3.5743,-1.4185,8.839,1.891
9.85,308,0.51202,3.5800,-1.3545,8.646,1.841
9.85,310,0.53377,3.5861,-1.2896,8.450,1.791
9.85,312,0.55424,3.5922,-1.2280,8.264,1.743
9.85,314,0.57242,3.5983,-1.1720,8.093,1.695
9.85,316,0.58998,3.6043,-1.1177,7.926,1.649
9.85,318,0.60658,3.6107,-1.0658,7.764,1.600
9.85,320,0.62228,3.6179,-1.0161,7.604,1.546
9.85,322,0.63804,3.6253,-0.9660,7.442,1.494
9.85,324,0.65390,3.6327,-0.9151,7.279,1.441
9.85,326,0.66947,3.6401,-0.8648,7.119,1.391
9.85,328,0.68503,3.6476,-0.8140,6.957,1.342
9.85,330,0.70067,3.6552,-0.7629,6.797,1.294
9.85,332,0.71755,3.6627,-0.7147,6.647,1.250
9.85,334,0.73417,3.6700,-0.6667,6.500,1.209
9.85,336,0.75081,3.6774,-0.6183,6.353,1.169
9.85,338,0.76707,3.6846,-0.5704,6.210,1.131
9.85,340,0.78313,3.6918,-0.5226,6.070,1.096
9.85,342,0.79903,3.6989,-0.4746,5.931,1.061
9.85,344,0.81468,3.7058,-0.4269,5.795,1.027
9.85,346,0.83012,3.7127,-0.3791,5.660,0.995
9.85,348,0.84532,3.7194,-0.3313,5.527,0.966
9.85,350,0.86031,3.7261,-0.2834,5.396,0.938
9.85,352,0.87509,3.7325,-0.2354,5.266,0.910
9.85,353,0.88232,3.7357,-0.2116,5.202,0.896
9.85,354,0.88496,3.7368,-0.2028,5.179,0.891
9.85,356,0.89011,3.7390,-0.1857,5.133,0.882
9.85,358,0.89519,3.7412,-0.1687,5.088,0.872
9.85,360,0.90021,3.7433,-0.1518,5.043,0.863
9.85,362,0.90549,3.7449,-0.1364,5.003,0.856
9.85,364,0.91070,3.7465,-0.1211,4.963,0.850
9.85,366,0.91592,3.7480,-0.1056,4.923,0.843
9.85,368,0.92106,3.7495,-0.0903,4.883,0.837
9.85,370,0.92617,3.7510,-0.0749,4.844,0.830
9.85,372,0.93125,3.7525,-0.0595,4.804,0.824
9.85,374,0.93627,3.7539,-0.0442,4.765,0.818
9.85,376,0.94126,3.7553,-0.0289,4.725,0.812
9.85,378,0.94620,3.7567,-0.0135,4.686,0.806
9.85,380,0.95110,3.7580,0.0018,4.646,0.801
9.85,382,0.95594,3.7593,0.0171,4.607,0.795
9.85,384,0.96075,3.7606,0.0324,4.568,0.790
9.85,386,0.96551,3.7618,0.0477,4.529,0.785
9.85,388,0.97022,3.7630,0.0629,4.490,0.779
9.85,390,0.97488,3.7642,0.0782,4.451,0.774
9.85,392,0.97949,3.7653,0.0934,4.413,0.770
9.85,394,0.98482,3.7665,0.1103,4.370,0.765
9.85,396,0.99014,3.7676,0.1272,4.327,0.760
9.85,398,0.99537,3.7686,0.1438,4.285,0.756
9.85,400,1.00046,3.7695,0.1598,4.245,0.752
9.85,402,1.00512,3.7702,0.1739,4.209,0.749
9.85,404,1.00974,3.7708,0.1878,4.174,0.746
9.85,406,1.01426,3.7714,0.2015,4.140,0.744
9.85,408,1.01862,3.7719,0.2152,4.106,0.741
9.85,410,1.02262,3.7724,0.2281,4.073,0.739
9.85,412,1.02646,3.7729,0.2409,4.041,0.737
9.85,414,1.03028,3.7734,0.2539,4.009,0.735
9.85,416,1.03408,3.7738,0.2671,3.976,0.733
9.85,418,1.03787,3.7742,0.2805,3.942,0.732
9.85,420,1.04170,3.7745,0.2942,3.908,0.730
9.85,422,1.04555,3.7748,0.3081,3.873,0.729
9.85,424,1.04932,3.7750,0.3220,3.838,0.728
9.85,426,1.05299,3.7751,0.3357,3.804,0.727
9.85,428,1.05656,3.7752,0.3493,3.770,0.727
9.85,430,1.06003,3.7752,0.3628,3.736,0.727
9.85,432,1.06354,3.7751,0.3763,3.703,0.727
9.85,434,1.06690,3.7749,0.3895,3.670,0.727
9.85,436,1.07013,3.7746,0.4023,3.638,0.728
9.85,438,1.07325,3.7742,0.4149,3.606,0.730
9.85,440,1.07621,3.7737,0.4270,3.576,0.732
9.85,442,1.07901,3.7732,0.4387,3.547,0.734
9.85,444,1.08165,3.7725,0.4498,3.519,0.737
9.85,446,1.08414,3.7717,0.4604,3.493,0.740
9.85,448,1.08648,3.7709,0.4705,3.468,0.743
9.85,450,1.08858,3.7699,0.4797,3.445,0.747
9.85,452,1.09045,3.7689,0.4880,3.425,0.752
9.85,454,1.09225,3.7677,0.4958,3.406,0.756
9.85,455,1.09512,3.7656,0.5078,3.376,0.766
9.85,456,1.09773,3.7632,0.5181,3.352,0.776
9.85,457,1.10005,3.7606,0.5265,3.332,0.787
9.85,458,1.10214,3.7578,0.5330,3.318,0.799
9.85,459,1.10395,3.7549,0.5375,3.309,0.811
9.85,460,1.10551,3.7518,0.5400,3.305,0.824
9.85,461,1.10687,3.7486,0.5407,3.306,0.838
9.85,462,1.10806,3.7453,0.5398,3.312,0.853
9.85,463,1.10911,3.7418,0.5376,3.321,0.868
9.85,464,1.11005,3.7383,0.5342,3.334,0.883
9.85,465,1.11091,3.7347,0.5301,3.349,0.899
9.85,466,1.11171,3.7310,0.5255,3.366,0.915
9.85,467,1.11248,3.7272,0.5208,3.384,0.932
9.85,468,1.11322,3.7234,0.5165,3.401,0.949
9.85,469,1.11396,3.7195,0.5132,3.416,0.965
9.85,470,1.11471,3.7156,0.5116,3.428,0.982
9.85,471,1.11550,3.7116,0.5126,3.434,0.999
9.85,472,1.11633,3.7078,0.5172,3.431,1.016
9.85,473,1.11719,3.7044,0.5262,3.416,1.032
9.85,474,1.11806,3.7014,0.5393,3.391,1.046
9.85,475,1.11891,3.6989,0.5558,3.356,1.058
9.85,476,1.11973,3.6969,0.5744,3.314,1.068
9.85,477,1.12052,3.6953,0.5946,3.268,1.076
9.85,478,1.12128,3.6939,0.6158,3.219,1.082
9.85,479,1.12200,3.6928,0.6376,3.168,1.088
9.85,480,1.12270,3.6918,0.6599,3.115,1.092
9.85,481,1.12337,3.6909,0.6824,3.061,1.096
9.85,482,1.12401,3.6901,0.7051,3.006,1.100
9.85,483,1.12463,3.6893,0.7280,2.951,1.104
9.85,484,1.12523,3.6886,0.7510,2.896,1.107
9.85,485,1.12580,3.6879,0.7741,2.840,1.110
9.85,486,1.12635,3.6873,0.7973,2.784,1.114
9.85,487,1.12688,3.6866,0.8206,2.728,1.117
9.85,488,1.12739,3.6859,0.8438,2.672,1.120
9.85,489,1.12788,3.6852,0.8672,2.615,1.124
9.85,490,1.12834,3.6845,0.8905,2.559,1.127
9.85,491,1.12879,3.6837,0.9139,2.503,1.131
9.85,492,1.12922,3.6830,0.9372,2.447,1.134
9.85,493,1.12963,3.6822,0.9606,2.391,1.138
9.85,494,1.13002,3.6814,0.9840,2.335,1.142
9.85,495,1.13039,3.6806,1.0074,2.279,1.146
9.85,496,1.13075,3.6797,1.0307,2.223,1.150
9.85,497,1.13109,3.6788,1.0541,2.168,1.154
9.85,498,1.13142,3.6779,1.0775,2.112,1.158
9.85,499,1.13173,3.6770,1.1008,2.057,1.163
9.85,500,1.13203,3.6761,1.1242,2.002,1.168
9.85,501,1.13231,3.6751,1.1475,1.947,1.173
9.85,502,1.13259,3.6741,1.1708,1.892,1.178
9.85,503,1.13285,3.6731,1.1941,1.837,1.183
9.85,504,1.13310,3.6720,1.2174,1.782,1.188
9.85,505,1.13333,3.6710,1.2407,1.728,1.194
9.85,506,1.13356,3.6699,1.2640,1.673,1.199
9.85,507,1.13378,3.6688,1.2873,1.619,1.205
9.85,508,1.13399,3.6677,1.3105,1.565,1.211
9.85,509,1.13419,3.6665,1.3337,1.511,1.216
9.85,510,1.13438,3.6653,1.3569,1.457,1.223
9.85,511,1.13457,3.6641,1.3801,1.404,1.229
9.85,512,1.13475,3.6629,1.4033,1.350,1.235
9.85,513,1.13492,3.6617,1.4264,1.297,1.241
9.85,514,1.13509,3.6605,1.4496,1.244,1.248
9.85,515,1.13526,3.6592,1.4727,1.191,1.254
9.85,516,1.13542,3.6579,1.4957,1.139,1.261
9.85,517,1.13560,3.6567,1.5188,1.086,1.268
9.85,518,1.13580,3.6554,1.5417,1.034,1.275
9.85,519,1.13618,3.6554,1.5460,1.023,1.274
9.85,520,1.13632,3.6570,1.5234,1.074,1.266
9.85,521,1.13647,3.6584,1.5027,1.120,1.259
9.85,522,1.13668,3.6574,1.5219,1.076,1.264
9.85,523,1.13682,3.6561,1.5450,1.023,1.271
9.85,524,1.13695,3.6547,1.5680,0.971,1.278
9.85,525,1.13708,3.6533,1.5911,0.919,1.286
9.85,526,1.13721,3.6519,1.6142,0.868,1.294
9.85,527,1.13733,3.6505,1.6372,0.816,1.302
9.85,528,1.13745,3.6491,1.6602,0.765,1.310
9.85,529,1.13756,3.6476,1.6832,0.714,1.318
9.85,530,1.13767,3.6462,1.7062,0.663,1.326
9.85,531,1.13777,3.6447,1.7292,0.612,1.334
9.85,532,1.13787,3.6432,1.7521,0.561,1.343
9.85,533,1.13796,3.6417,1.7751,0.511,1.352
9.85,534,1.13805,3.6401,1.7980,0.461,1.360
9.85,535,1.13814,3.6386,1.8209,0.411,1.370
9.85,536,1.13822,3.6370,1.8437,0.362,1.379
9.85,537,1.13830,3.6354,1.8666,0.312,1.388
9.85,538,1.13837,3.6338,1.8894,0.263,1.398
9.85,539,1.13844,3.6322,1.9122,0.214,1.407
9.85,540,1.13851,3.6306,1.9350,0.166,1.417
9.85,541,1.13858,3.6290,1.9579,0.118,1.427
9.85,542,1.13864,3.6274,1.9806,0.070,1.438
9.85,543,1.13870,3.6257,2.0033,0.022,1.448
9.85,544,1.13876,3.6240,2.0261,-0.025,1.459
9.85,545,1.13882,3.6223,2.0487,-0.073,1.469
9.85,546,1.13887,3.6206,2.0714,-0.120,1.480
9.85,547,1.13892,3.6189,2.0941,-0.167,1.491
9.85,548,1.13897,3.6171,2.1168,-0.213,1.503
9.85,549,1.13902,3.6153,2.1394,-0.260,1.514
9.85,550,1.13906,3.6136,2.1620,-0.306,1.526
9.85,551,1.13911,3.6118,2.1846,-0.351,1.538
9.85,552,1.13915,3.6100,2.2071,-0.396,1.551
9.85,553,1.13919,3.6081,2.2297,-0.440,1.564
9.85,554,1.13922,3.6063,2.2521,-0.484,1.577
9.85,555,1.13926,3.6044,2.2747,-0.527,1.592
9.85,556,1.13930,3.6026,2.2971,-0.570,1.606
9.85,557,1.13933,3.6007,2.3196,-0.612,1.621
9.85,558,1.13936,3.5988,2.3420,-0.654,1.636
9.85,559,1.13939,3.5969,2.3644,-0.695,1.651
9.85,560,1.13942,3.5950,2.3869,-0.737,1.666
9.85,561,1.13945,3.5930,2.4092,-0.778,1.681
9.85,562,1.13948,3.5911,2.4316,-0.819,1.697
9.85,563,1.13950,3.5891,2.4539,-0.858,1.713
9.85,564,1.13953,3.5871,2.4762,-0.898,1.730
9.85,565,1.13955,3.5851,2.4985,-0.936,1.748
9.85,566,1.13958,3.5832,2.5207,-0.974,1.766
9.85,567,1.13960,3.5811,2.5430,-1.011,1.786
9.85,568,1.13962,3.5791,2.5652,-1.047,1.807
9.85,569,1.13964,3.5771,2.5874,-1.082,1.830
9.85,570,1.13966,3.5751,2.6096,-1.116,1.855
9.85,571,1.13968,3.5730,2.6318,-1.149,1.881
9.85,572,1.13970,3.5710,2.6540,-1.180,1.909
9.85,573,1.13972,3.5689,2.6761,-1.210,1.938
9.85,574,1.13973,3.5668,2.6982,-1.240,1.968
9.85,575,1.13975,3.5647,2.7203,-1.269,1.999
9.85,576,1.13977,3.5626,2.7423,-1.296,2.032
9.85,577,1.13978,3.5605,2.7643,-1.323,2.066
9.85,578,1.13980,3.5583,2.7863,-1.349,2.100
9.85,579,1.13981,3.5562,2.8084,-1.374,2.136
9.85,580,1.13983,3.5541,2.8303,-1.397,2.173
9.85,581,1.13984,3.5519,2.8523,-1.420,2.212
9.85,582,1.13985,3.5498,2.8742,-1.442,2.251
9.85,583,1.13986,3.5476,2.8961,-1.463,2.294
9.85,584,1.13988,3.5454,2.9180,-1.481,2.339
9.85,585,1.13989,3.5432,2.9399,-1.497,2.387
9.85,586,1.13990,3.5410,2.9618,-1.511,2.440
9.85,587,1.13991,3.5388,2.9837,-1.520,2.500
9.85,588,1.13992,3.5366,3.0055,-1.527,2.564
9.85,589,1.13993,3.5344,3.0273,-1.530,2.633
9.85,590,1.13994,3.5321,3.0492,-1.532,2.706
9.85,591,1.13995,3.5299,3.0710,-1.531,2.782
9.85,592,1.13996,3.5277,3.0928,-1.530,2.861
9.85,593,1.13997,3.5254,3.1146,-1.527,2.942
9.85,594,1.13998,3.5231,3.1363,-1.523,3.023
9.85,595,1.13999,3.5209,3.1580,-1.519,3.104
9.85,596,1.13999,3.5186,3.1797,-1.514,3.186
9.85,597,1.14000,3.5163,3.2014,-1.508,3.267
9.85,598,1.14001,3.5140,3.2230,-1.503,3.347
9.85,599,1.14002,3.5116,3.2446,-1.498,3.423
9.85,600,1.14003,3.5093,3.2662,-1.493,3.496
9.85,601,1.14004,3.5069,3.2877,-1.488,3.565
9.85,602,1.14004,3.5046,3.3092,-1.484,3.629
9.85,603,1.14005,3.5022,3.3307,-1.478,3.692
9.85,604,1.14006,3.4998,3.3521,-1.470,3.753
9.85,605,1.14007,3.4974,3.3735,-1.460,3.814
9.85,606,1.14007,3.4977,3.3708,-1.461,3.807
9.85,607,1.14007,3.5132,3.2383,-1.522,3.373
9.85,608,1.14007,3.5313,3.0772,-1.583,2.733
9.85,609,1.14007,3.5490,2.9151,-1.534,2.264
9.85,610,1.14007,3.5662,2.7524,-1.370,1.975
9.85,611,1.14007,3.5830,2.5889,-1.145,1.767
9.85,612,1.14007,3.5993,2.4244,-0.864,1.633
9.85,613,1.14007,3.6151,2.2593,-0.558,1.517
9.85,614,1.14007,3.6304,2.0933,-0.229,1.420
9.85,615,1.14007,3.6452,1.9267,0.115,1.333
9.85,616,1.14007,3.6583,1.7579,0.481,1.261
9.85,617,1.14007,3.6538,1.7776,0.450,1.285
9.85,618,1.14007,3.6405,1.9465,0.087,1.359
9.85,619,1.14007,3.6266,2.1144,-0.261,1.443
9.85,620,1.14007,3.6248,2.1422,-0.321,1.455
9.85,621,1.14008,3.6395,1.9796,0.009,1.365
9.85,622,1.14008,3.6527,1.8127,0.367,1.291
9.85,623,1.14008,3.6389,1.9794,0.013,1.368
9.85,624,1.14008,3.6458,1.9103,0.153,1.329
9.85,625,1.14009,3.6597,1.7432,0.512,1.254
9.85,626,1.14009,3.6508,1.8514,0.278,1.302
9.85,627,1.14010,3.6658,1.6902,0.621,1.223
9.85,628,1.14011,3.6622,1.7426,0.504,1.241
9.85,629,1.14013,3.6611,1.7380,0.519,1.247
9.85,630,1.14013,3.6667,1.6816,0.639,1.218
9.85,631,1.14015,3.6648,1.7051,0.587,1.228
9.85,632,1.14015,3.6649,1.7041,0.590,1.227
9.85,633,1.14015,3.6649,1.7041,0.590,1.227
9.85,634,1.14015,3.6649,1.7041,0.590,1.227
9.85,635,1.14015,3.6649,1.7041,0.590,1.227
9.85,636,1.14015,3.6649,1.7041,0.590,1.227
9.85,637,1.14015,3.6649,1.7041,0.590,1.227
9.85,638,1.14015,3.6649,1.7041,0.590,1.227
9.85,639,1.14015,3.6649,1.7041,0.590,1.227
9.85,640,1.14015,3.6649,1.7041,0.590,1.227
9.85,641,1.14015,3.6649,1.7041,0.590,1.227
9.85,642,1.14015,3.6649,1.7041,0.590,1.227
9.85,643,1.14015,3.6649,1.7040,0.590,1.227
9.85,644,1.14015,3.6649,1.7040,0.590,1.227
9.85,645,1.14015,3.6649,1.7040,0.590,1.227
9.85,646,1.14015,3.6649,1.7040,0.590,1.227
9.85,647,1.14015,3.6649,1.7040,0.590,1.227
9.85,648,1.14015,3.6649,1.7040,0.590,1.227
9.85,649,1.14015,3.6649,1.7040,0.590,1.227
9.85,650,1.14015,3.6649,1.7040,0.590,1.227
9.85,651,1.14015,3.6649,1.7039,0.590,1.227
9.85,652,1.14016,3.6651,1.7021,0.594,1.226
9.85,653,1.14016,3.6663,1.6885,0.623,1.220
9.85,654,1.14024,3.6655,1.6969,0.605,1.224
9.85,655,1.14047,3.6644,1.7108,0.575,1.230
9.85,656,1.14120,3.6660,1.7050,0.583,1.222
9.85,657,1.14189,3.6671,1.7027,0.585,1.216
9.85,658,1.14279,3.6684,1.7003,0.586,1.210
9.85,659,1.14337,3.6683,1.7052,0.574,1.210
9.85,660,1.14364,3.6679,1.7107,0.562,1.212
9.85,661,1.14381,3.6672,1.7190,0.544,1.216
9.85,662,1.14394,3.6660,1.7308,0.518,1.222
9.85,663,1.14411,3.6663,1.7299,0.520,1.221
9.85,664,1.14431,3.6657,1.7375,0.503,1.224
9.85,665,1.14451,3.6651,1.7452,0.486,1.227
9.85,666,1.14475,3.6646,1.7534,0.467,1.229
9.85,667,1.14495,3.6637,1.7634,0.445,1.234
9.85,668,1.14509,3.6628,1.7741,0.422,1.238
9.85,669,1.14520,3.6624,1.7791,0.411,1.241
9.85,670,1.14527,3.6613,1.7904,0.387,1.246
9.85,671,1.14533,3.6602,1.8020,0.363,1.252
9.85,672,1.14537,3.6591,1.8139,0.338,1.258
9.85,673,1.14542,3.6580,1.8259,0.312,1.264
9.85,674,1.14545,3.6574,1.8328,0.297,1.267
9.85,675,1.14547,3.6581,1.8263,0.311,1.263
9.85,676,1.14548,3.6586,1.8206,0.323,1.260
9.85,677,1.14550,3.6593,1.8146,0.335,1.257
9.85,678,1.14551,3.6599,1.8085,0.348,1.254
9.85,679,1.14552,3.6605,1.8020,0.361,1.250
9.85,680,1.14553,3.6611,1.7958,0.375,1.247
9.85,681,1.14554,3.6617,1.7900,0.387,1.244
9.85,682,1.14555,3.6623,1.7838,0.400,1.241
9.85,683,1.14555,3.6634,1.7719,0.425,1.235
9.85,684,1.14558,3.6638,1.7676,0.435,1.233
9.85,685,1.14562,3.6631,1.7746,0.420,1.237
9.85,686,1.14566,3.6619,1.7865,0.395,1.243
9.85,687,1.14570,3.6608,1.7985,0.369,1.249
9.85,688,1.14573,3.6596,1.8105,0.344,1.255
9.85,689,1.14575,3.6585,1.8227,0.318,1.261
9.85,690,1.14577,3.6573,1.8349,0.292,1.267
9.85,691,1.14579,3.6562,1.8471,0.266,1.273
9.85,692,1.14580,3.6550,1.8593,0.241,1.279
9.85,693,1.14581,3.6539,1.8717,0.215,1.285
9.85,694,1.14582,3.6527,1.8840,0.189,1.292
9.85,695,1.14583,3.6516,1.8963,0.163,1.298
9.85,696,1.14584,3.6504,1.9087,0.137,1.304
9.85,697,1.14584,3.6492,1.9210,0.111,1.311
9.85,698,1.14585,3.6481,1.9333,0.085,1.317
9.85,699,1.14585,3.6469,1.9457,0.060,1.324
9.85,700,1.14586,3.6458,1.9580,0.034,1.330
9.85,701,1.14586,3.6446,1.9703,0.009,1.336
9.85,702,1.14586,3.6435,1.9825,-0.017,1.343
9.85,703,1.14586,3.6424,1.9947,-0.042,1.349
9.85,704,1.14586,3.6412,2.0068,-0.067,1.355
9.85,705,1.14587,3.6401,2.0189,-0.092,1.362
9.85,706,1.14587,3.6390,2.0309,-0.117,1.368
9.85,707,1.14587,3.6379,2.0428,-0.141,1.375
9.90,234,0.10000,3.4604,-3.0011,13.803,3.600
9.90,236,0.10499,3.4639,-2.9575,13.650,3.523
9.90,238,0.11394,3.4702,-2.8794,13.377,3.385
9.90,240,0.12301,3.4766,-2.8002,13.104,3.248
9.90,242,0.13192,3.4829,-2.7223,12.839,3.116
9.90,244,0.14107,3.4893,-2.6423,12.570,2.982
9.90,246,0.15048,3.4957,-2.5618,12.302,2.854
9.90,248,0.17493,3.5025,-2.4408,11.931,2.726
9.90,250,0.19864,3.5090,-2.3228,11.571,2.614
9.90,252,0.21086,3.5121,-2.2731,11.419,2.567
9.90,254,0.22257,3.5150,-2.2265,11.277,2.525
9.90,256,0.23394,3.5178,-2.1809,11.138,2.486
9.90,258,0.24560,3.5207,-2.1338,10.997,2.449
9.90,260,0.25815,3.5237,-2.0882,10.860,2.413
9.90,262,0.27177,3.5270,-2.0416,10.720,2.376
9.90,264,0.28470,3.5301,-1.9974,10.587,2.342
9.90,266,0.29762,3.5332,-1.9533,10.454,2.309
9.90,268,0.30801,3.5359,-1.9195,10.351,2.281
9.90,270,0.31163,3.5369,-1.9082,10.316,2.271
9.90,272,0.31369,3.5374,-1.9019,10.297,2.266
9.90,274,0.31583,3.5379,-1.8955,10.277,2.260
9.90,276,0.31803,3.5384,-1.8888,10.257,2.254
9.90,278,0.32099,3.5391,-1.8800,10.230,2.247
9.90,280,0.32919,3.5410,-1.8562,10.158,2.228
9.90,282,0.33861,3.5429,-1.8307,10.080,2.207
9.90,284,0.34454,3.5441,-1.8160,10.035,2.195
9.90,286,0.34962,3.5450,-1.8034,9.997,2.184
9.90,288,0.35648,3.5463,-1.7829,9.937,2.170
9.90,290,0.36184,3.5474,-1.7667,9.888,2.158
9.90,292,0.36547,3.5481,-1.7561,9.856,2.149
9.90,294,0.36894,3.5489,-1.7463,9.825,2.141
9.90,296,0.37272,3.5497,-1.7366,9.795,2.132
9.90,298,0.37664,3.5505,-1.7266,9.764,2.123
9.90,300,0.38121,3.5514,-1.7147,9.728,2.113
9.90,302,0.40009,3.5552,-1.6648,9.577,2.075
9.90,304,0.42995,3.5611,-1.5840,9.335,2.015
9.90,306,0.45621,3.5666,-1.5120,9.120,1.962
9.90,308,0.47793,3.5716,-1.4502,8.933,1.915
9.90,310,0.49849,3.5765,-1.3915,8.758,1.871
9.90,312,0.52034,3.5826,-1.3263,8.560,1.819
9.90,314,0.54174,3.5887,-1.2620,8.366,1.769
9.90,316,0.56080,3.5947,-1.2036,8.189,1.722
9.90,318,0.57822,3.6007,-1.1495,8.024,1.676
9.90,320,0.59537,3.6066,-1.0958,7.859,1.630
9.90,322,0.61166,3.6136,-1.0441,7.695,1.578
9.90,324,0.62745,3.6210,-0.9936,7.532,1.524
9.90,326,0.64305,3.6284,-0.9433,7.371,1.471
9.90,328,0.65871,3.6359,-0.8923,7.207,1.419
9.90,330,0.67427,3.6434,-0.8412,7.044,1.369
9.90,332,0.68973,3.6510,-0.7899,6.882,1.320
9.90,334,0.70553,3.6586,-0.7395,6.725,1.274
9.90,336,0.72236,3.6661,-0.6905,6.573,1.230
9.90,338,0.73873,3.6734,-0.6423,6.427,1.190
9.90,340,0.75494,3.6807,-0.5940,6.282,1.151
9.90,342,0.77102,3.6879,-0.5455,6.139,1.115
9.90,344,0.78680,3.6950,-0.4973,5.998,1.080
9.90,346,0.80236,3.7020,-0.4490,5.859,1.045
9.90,348,0.81769,3.7089,-0.4008,5.723,1.012
9.90,350,0.83280,3.7156,-0.3524,5.588,0.982
9.90,352,0.84768,3.7223,-0.3040,5.454,0.954
9.90,353,0.85497,3.7255,-0.2799,5.389,0.940
9.90,354,0.85767,3.7267,-0.2709,5.364,0.935
9.90,356,0.86294,3.7290,-0.2533,5.317,0.925
9.90,358,0.86814,3.7313,-0.2358,5.269,0.915
9.90,360,0.87327,3.7335,-0.2185,5.223,0.905
9.90,362,0.87834,3.7357,-0.2011,5.176,0.896
9.90,364,0.88333,3.7379,-0.1840,5.131,0.886
9.90,366,0.88829,3.7400,-0.1668,5.085,0.877
9.90,368,0.89316,3.7420,-0.1498,5.040,0.868
9.90,370,0.89797,3.7441,-0.1329,4.996,0.860
9.90,372,0.90294,3.7458,-0.1167,4.953,0.852
9.90,374,0.90799,3.7473,-0.1011,4.913,0.846
9.90,376,0.91301,3.7487,-0.0855,4.873,0.840
9.90,378,0.91799,3.7502,-0.0699,4.832,0.834
9.90,380,0.92291,3.7516,-0.0543,4.792,0.828
9.90,382,0.92778,3.7529,-0.0387,4.752,0.822
9.90,384,0.93261,3.7543,-0.0232,4.712,0.816
9.90,386,0.93738,3.7556,-0.0076,4.672,0.811
9.90,388,0.94211,3.7568,0.0079,4.632,0.805
9.90,390,0.94678,3.7581,0.0235,4.593,0.800
9.90,392,0.95140,3.7593,0.0390,4.553,0.795
9.90,394,0.95598,3.7604,0.0544,4.514,0.790
9.90,396,0.96051,3.7615,0.0698,4.474,0.785
9.90,398,0.96500,3.7625,0.0852,4.435,0.781
9.90,400,0.96946,3.7635,0.1005,4.397,0.777
9.90,402,0.97389,3.7645,0.1157,4.358,0.773
9.90,404,0.97831,3.7653,0.1306,4.320,0.769
9.90,406,0.98310,3.7661,0.1462,4.281,0.766
9.90,408,0.98801,3.7668,0.1618,4.242,0.763
9.90,410,0.99269,3.7674,0.1772,4.203,0.760
9.90,412,0.99712,3.7680,0.1924,4.165,0.758
9.90,414,1.00126,3.7685,0.2071,4.128,0.755
9.90,416,1.00515,3.7690,0.2212,4.092,0.753
9.90,418,1.00896,3.7694,0.2352,4.057,0.751
9.90,420,1.01268,3.7697,0.2492,4.022,0.750
9.90,422,1.01630,3.7700,0.2631,3.987,0.748
9.90,424,1.01984,3.7703,0.2769,3.953,0.747
9.90,426,1.02323,3.7704,0.2902,3.919,0.747
9.90,428,1.02657,3.7705,0.3035,3.886,0.746
9.90,430,1.02983,3.7705,0.3168,3.853,0.746
9.90,432,1.03302,3.7704,0.3299,3.820,0.746
9.90,434,1.03612,3.7703,0.3430,3.788,0.747
9.90,436,1.03913,3.7700,0.3558,3.756,0.748
9.90,438,1.04207,3.7696,0.3684,3.724,0.749
9.90,440,1.04489,3.7692,0.3806,3.694,0.751
9.90,442,1.04756,3.7686,0.3923,3.665,0.753
9.90,444,1.05009,3.7679,0.4036,3.637,0.756
9.90,446,1.05248,3.7672,0.4143,3.610,0.759
9.90,448,1.05473,3.7663,0.4245,3.585,0.763
9.90,450,1.05668,3.7653,0.4337,3.563,0.767
9.90,452,1.05848,3.7642,0.4421,3.542,0.771
9.90,454,1.06023,3.7630,0.4500,3.523,0.776
9.90,455,1.06298,3.7609,0.4617,3.495,0.786
9.90,456,1.06547,3.7585,0.4718,3.471,0.796
9.90,457,1.06768,3.7559,0.4799,3.452,0.807
9.90,458,1.06960,3.7532,0.4862,3.439,0.818
9.90,459,1.07128,3.7502,0.4904,3.431,0.831
9.90,460,1.07273,3.7471,0.4929,3.427,0.845
9.90,461,1.07400,3.7439,0.4937,3.429,0.859
9.90,462,1.07511,3.7405,0.4931,3.434,0.873
9.90,463,1.07610,3.7370,0.4913,3.443,0.888
9.90,464,1.07700,3.7334,0.4886,3.455,0.904
9.90,465,1.07783,3.7298,0.4854,3.469,0.921
9.90,466,1.07860,3.7260,0.4820,3.483,0.937
9.90,467,1.07936,3.7222,0.4791,3.497,0.954
9.90,468,1.08010,3.7183,0.4770,3.509,0.970
9.90,469,1.08084,3.7144,0.4766,3.518,0.987
9.90,470,1.08161,3.7106,0.4786,3.521,1.004
9.90,471,1.08240,3.7068,0.4841,3.516,1.021
9.90,472,1.08321,3.7034,0.4934,3.501,1.037
9.90,473,1.08403,3.7004,0.5066,3.475,1.051
9.90,474,1.08482,3.6980,0.5229,3.441,1.063
9.90,475,1.08558,3.6959,0.5415,3.399,1.073
9.90,476,1.08631,3.6943,0.5616,3.354,1.080
9.90,477,1.08701,3.6929,0.5826,3.305,1.087
9.90,478,1.08767,3.6918,0.6043,3.254,1.092
9.90,479,1.08831,3.6908,0.6265,3.201,1.097
9.90,480,1.08892,3.6900,0.6489,3.147,1.101
9.90,481,1.08951,3.6892,0.6716,3.093,1.104
9.90,482,1.09007,3.6885,0.6945,3.038,1.108
9.90,483,1.09062,3.6878,0.7175,2.982,1.111
9.90,484,1.09114,3.6871,0.7406,2.926,1.114
9.90,485,1.09164,3.6865,0.7638,2.870,1.117
9.90,486,1.09213,3.6858,0.7870,2.814,1.120
9.90,487,1.09259,3.6851,0.8103,2.758,1.124
9.90,488,1.09303,3.6845,0.8336,2.701,1.127
9.90,489,1.09346,3.6838,0.8570,2.645,1.130
9.90,490,1.09387,3.6831,0.8804,2.589,1.133
9.90,491,1.09426,3.6824,0.9038,2.532,1.137
9.90,492,1.09464,3.6816,0.9272,2.476,1.140
9.90,493,1.09500,3.6809,0.9506,2.420,1.144
9.90,494,1.09534,3.6801,0.9741,2.364,1.148
9.90,495,1.09567,3.6792,0.9975,2.308,1.152
9.90,496,1.09598,3.6784,1.0209,2.252,1.156
9.90,497,1.09628,3.6775,1.0444,2.196,1.160
9.90,498,1.09657,3.6766,1.0678,2.141,1.165
9.90,499,1.09684,3.6757,1.0912,2.085,1.169
9.90,500,1.09710,3.6748,1.1146,2.030,1.174
9.90,501,1.09735,3.6738,1.1380,1.975,1.179
9.90,502,1.09759,3.6728,1.1614,1.920,1.184
9.90,503,1.09782,3.6718,1.1848,1.865,1.189
9.90,504,1.09803,3.6708,1.2081,1.810,1.194
9.90,505,1.09824,3.6697,1.2315,1.755,1.200
9.90,506,1.09844,3.6686,1.2548,1.701,1.205
9.90,507,1.09863,3.6675,1.2782,1.646,1.211
9.90,508,1.09882,3.6664,1.3015,1.592,1.217
9.90,509,1.09900,3.6653,1.3248,1.538,1.223
9.90,510,1.09917,3.6641,1.3481,1.484,1.229
9.90,511,1.09933,3.6629,1.3713,1.430,1.235
9.90,512,1.09949,3.6617,1.3946,1.377,1.241
9.90,513,1.09964,3.6605,1.4178,1.324,1.248
9.90,514,1.09979,3.6592,1.4410,1.271,1.254
9.90,515,1.09994,3.6580,1.4642,1.218,1.261
9.90,516,1.10010,3.6567,1.4874,1.165,1.267
9.90,517,1.10027,3.6555,1.5104,1.112,1.274
9.90,518,1.10060,3.6546,1.5292,1.069,1.279
9.90,519,1.10079,3.6562,1.5074,1.117,1.270
9.90,520,1.10090,3.6577,1.4845,1.168,1.262
9.90,521,1.10111,3.6574,1.4925,1.149,1.264
9.90,522,1.10124,3.6561,1.5157,1.096,1.271
9.90,523,1.10137,3.6548,1.5389,1.044,1.278
9.90,524,1.10149,3.6534,1.5620,0.992,1.285
9.90,525,1.10161,3.6520,1.5852,0.940,1.293
9.90,526,1.10172,3.6506,1.6083,0.888,1.301
9.90,527,1.10183,3.6492,1.6314,0.837,1.309
9.90,528,1.10193,3.6477,1.6545,0.785,1.317
9.90,529,1.10203,3.6463,1.6776,0.734,1.325
9.90,530,1.10213,3.6448,1.7007,0.683,1.334
9.90,531,1.10222,3.6433,1.7237,0.632,1.342
9.90,532,1.10231,3.6418,1.7467,0.581,1.351
9.90,533,1.10239,3.6403,1.7698,0.531,1.359
9.90,534,1.10247,3.6388,1.7928,0.481,1.368
9.90,535,1.10255,3.6372,1.8157,0.431,1.377
9.90,536,1.10262,3.6356,1.8387,0.381,1.387
9.90,537,1.10269,3.6340,1.8616,0.332,1.396
9.90,538,1.10276,3.6324,1.8846,0.283,1.406
9.90,539,1.10282,3.6308,1.9075,0.234,1.416
9.90,540,1.10288,3.6292,1.9304,0.185,1.426
9.90,541,1.10294,3.6276,1.9533,0.137,1.436
9.90,542,1.10300,3.6259,1.9761,0.089,1.447
9.90,543,1.10305,3.6242,1.9990,0.041,1.457
9.90,544,1.10310,3.6225,2.0218,-0.007,1.468
9.90,545,1.10315,3.6208,2.0446,-0.054,1.479
9.90,546,1.10320,3.6191,2.0674,-0.101,1.490
9.90,547,1.10325,3.6173,2.0901,-0.148,1.501
9.90,548,1.10329,3.6156,2.1129,-0.195,1.512
9.90,549,1.10333,3.6138,2.1356,-0.241,1.524
9.90,550,1.10337,3.6121,2.1583,-0.287,1.536
9.90,551,1.10341,3.6103,2.1809,-0.332,1.549
9.90,552,1.10344,3.6084,2.2036,-0.377,1.562
9.90,553,1.10348,3.6066,2.2262,-0.421,1.575
9.90,554,1.10351,3.6047,2.2488,-0.465,1.589
9.90,555,1.10355,3.6029,2.2714,-0.508,1.604
9.90,556,1.10358,3.6010,2.2940,-0.550,1.619
9.90,557,1.10361,3.5991,2.3166,-0.592,1.634
9.90,558,1.10363,3.5972,2.3391,-0.635,1.649
9.90,559,1.10366,3.5953,2.3616,-0.676,1.664
9.90,560,1.10369,3.5933,2.3841,-0.718,1.679
9.90,561,1.10371,3.5914,2.4066,-0.758,1.694
9.90,562,1.10374,3.5894,2.4290,-0.799,1.711
9.90,563,1.10376,3.5874,2.4514,-0.838,1.727
9.90,564,1.10378,3.5855,2.4738,-0.877,1.745
9.90,565,1.10380,3.5835,2.4962,-0.916,1.763
9.90,566,1.10383,3.5814,2.5186,-0.953,1.783
9.90,567,1.10385,3.5794,2.5409,-0.989,1.804
9.90,568,1.10386,3.5774,2.5632,-1.025,1.827
9.90,569,1.10388,3.5754,2.5855,-1.059,1.851
9.90,570,1.10390,3.5733,2.6078,-1.092,1.878
9.90,571,1.10392,3.5713,2.6301,-1.124,1.905
9.90,572,1.10393,3.5692,2.6524,-1.154,1.934
9.90,573,1.10395,3.5671,2.6746,-1.184,1.964
9.90,574,1.10397,3.5650,2.6968,-1.213,1.995
9.90,575,1.10398,3.5629,2.7190,-1.241,2.028
9.90,576,1.10399,3.5607,2.7411,-1.268,2.061
9.90,577,1.10401,3.5586,2.7632,-1.294,2.096
9.90,578,1.10402,3.5564,2.7853,-1.319,2.132
9.90,579,1.10403,3.5543,2.8074,-1.344,2.169
9.90,580,1.10405,3.5522,2.8294,-1.367,2.207
9.90,581,1.10406,3.5500,2.8515,-1.388,2.248
9.90,582,1.10407,3.5478,2.8735,-1.409,2.290
9.90,583,1.10408,3.5457,2.8956,-1.429,2.334
9.90,584,1.10409,3.5435,2.9175,-1.445,2.382
9.90,585,1.10410,3.5413,2.9396,-1.459,2.435
9.90,586,1.10411,3.5390,2.9615,-1.469,2.494
9.90,587,1.10412,3.5368,2.9835,-1.476,2.558
9.90,588,1.10413,3.5346,3.0054,-1.480,2.627
9.90,589,1.10414,3.5323,3.0273,-1.481,2.700
9.90,590,1.10415,3.5301,3.0493,-1.481,2.776
9.90,591,1.10416,3.5278,3.0712,-1.479,2.855
9.90,592,1.10416,3.5256,3.0930,-1.477,2.935
9.90,593,1.10417,3.5233,3.1149,-1.473,3.017
9.90,594,1.10418,3.5210,3.1367,-1.469,3.100
9.90,595,1.10419,3.5187,3.1585,-1.465,3.181
9.90,596,1.10419,3.5164,3.1803,-1.460,3.262
9.90,597,1.10420,3.5141,3.2020,-1.454,3.342
9.90,598,1.10421,3.5118,3.2238,-1.449,3.419
9.90,599,1.10421,3.5094,3.2454,-1.443,3.493
9.90,600,1.10422,3.5070,3.2671,-1.439,3.562
9.90,601,1.10423,3.5046,3.2887,-1.436,3.626
9.90,602,1.10423,3.5022,3.3102,-1.430,3.689
9.90,603,1.10424,3.4998,3.3318,-1.422,3.751
9.90,604,1.10424,3.4974,3.3532,-1.411,3.813
9.90,605,1.10425,3.4949,3.3746,-1.397,3.874
9.90,606,1.10425,3.4953,3.3718,-1.400,3.866
9.90,607,1.10425,3.5104,3.2440,-1.466,3.461
9.90,608,1.10425,3.5286,3.0841,-1.534,2.826
9.90,609,1.10425,3.5462,2.9229,-1.508,2.320
9.90,610,1.10425,3.5634,2.7611,-1.356,2.016
9.90,611,1.10425,3.5803,2.5986,-1.144,1.794
9.90,612,1.10425,3.5966,2.4353,-0.872,1.654
9.90,613,1.10425,3.6125,2.2711,-0.572,1.534
9.90,614,1.10425,3.6278,2.1062,-0.247,1.436
9.90,615,1.10425,3.6428,1.9408,0.091,1.346
9.90,616,1.10425,3.6564,1.7736,0.449,1.271
9.90,617,1.10425,3.6575,1.7141,0.594,1.265
9.90,618,1.10425,3.6444,1.8821,0.230,1.337
9.90,619,1.10425,3.6307,2.0494,-0.121,1.417
9.90,620,1.10426,3.6242,2.1323,-0.293,1.459
9.90,621,1.10426,3.6354,2.0093,-0.045,1.389
9.90,622,1.10426,3.6497,1.8431,0.304,1.308
9.90,623,1.10426,3.6424,1.9216,0.140,1.348
9.90,624,1.10427,3.6423,1.9338,0.110,1.349
9.90,625,1.10427,3.6569,1.7682,0.461,1.269
9.90,626,1.10427,3.6511,1.8327,0.324,1.300
9.90,627,1.10428,3.6637,1.7052,0.591,1.233
9.90,628,1.10429,3.6588,1.7584,0.477,1.259
9.90,629,1.10430,3.6626,1.7079,0.589,1.239
9.90,630,1.10430,3.6643,1.7036,0.593,1.230
9.90,631,1.10432,3.6637,1.7054,0.591,1.233
9.90,632,1.10432,3.6638,1.7050,0.592,1.233
9.90,633,1.10432,3.6638,1.7050,0.592,1.233
9.90,634,1.10432,3.6638,1.7050,0.592,1.233
9.90,635,1.10432,3.6638,1.7050,0.592,1.233
9.90,636,1.10432,3.6638,1.7050,0.592,1.233
9.90,637,1.10432,3.6638,1.7050,0.592,1.233
9.90,638,1.10432,3.6638,1.7050,0.592,1.233
9.90,639,1.10432,3.6638,1.7050,0.592,1.233
9.90,640,1.10432,3.6638,1.7050,0.592,1.233
9.90,641,1.10432,3.6638,1.7050,0.592,1.233
9.90,642,1.10432,3.6638,1.7050,0.592,1.233
9.90,643,1.10432,3.6638,1.7050,0.592,1.233
9.90,644,1.10432,3.6638,1.7050,0.592,1.233
9.90,645,1.10432,3.6638,1.7050,0.592,1.233
9.90,646,1.10432,3.6638,1.7050,0.592,1.233
9.90,647,1.10432,3.6638,1.7050,0.592,1.233
9.90,648,1.10432,3.6638,1.7049,0.592,1.233
9.90,649,1.10432,3.6638,1.7049,0.592,1.233
9.90,650,1.10432,3.6638,1.7048,0.592,1.233
9.90,651,1.10432,3.6640,1.7027,0.597,1.232
9.90,652,1.10432,3.6650,1.6915,0.621,1.227
9.90,653,1.10435,3.6650,1.6909,0.622,1.227
9.90,654,1.10445,3.6640,1.7024,0.597,1.232
9.90,655,1.10485,3.6648,1.7016,0.596,1.228
9.90,656,1.10532,3.6660,1.6974,0.602,1.222
9.90,657,1.10579,3.6670,1.6946,0.605,1.217
9.90,658,1.10625,3.6676,1.6944,0.604,1.214
9.90,659,1.10650,3.6673,1.6983,0.595,1.215
9.90,660,1.10665,3.6666,1.7057,0.579,1.219
9.90,661,1.10676,3.6657,1.7156,0.557,1.223
9.90,662,1.10695,3.6652,1.7236,0.540,1.226
9.90,663,1.10716,3.6650,1.7289,0.527,1.227
9.90,664,1.10737,3.6648,1.7342,0.515,1.228
9.90,665,1.10768,3.6647,1.7385,0.504,1.228
9.90,666,1.10792,3.6651,1.7375,0.505,1.227
9.90,667,1.10807,3.6642,1.7479,0.483,1.231
9.90,668,1.10815,3.6633,1.7575,0.462,1.236
9.90,669,1.10821,3.6622,1.7691,0.437,1.242
9.90,670,1.10827,3.6611,1.7808,0.412,1.247
9.90,671,1.10831,3.6599,1.7927,0.387,1.253
9.90,672,1.10835,3.6591,1.8018,0.368,1.258
9.90,673,1.10838,3.6580,1.8131,0.344,1.263
9.90,674,1.10841,3.6579,1.8153,0.339,1.264
9.90,675,1.10843,3.6584,1.8104,0.349,1.261
9.90,676,1.10845,3.6587,1.8065,0.357,1.259
9.90,677,1.10846,3.6591,1.8027,0.365,1.257
9.90,678,1.10848,3.6595,1.8000,0.371,1.256
9.90,679,1.10848,3.6605,1.7900,0.392,1.250
9.90,680,1.10849,3.6616,1.7798,0.413,1.245
9.90,681,1.10849,3.6627,1.7690,0.436,1.239
9.90,682,1.10851,3.6632,1.7640,0.446,1.236
9.90,683,1.10852,3.6635,1.7600,0.455,1.235
9.90,684,1.10854,3.6633,1.7608,0.454,1.236
9.90,685,1.10857,3.6622,1.7728,0.428,1.242
9.90,686,1.10860,3.6610,1.7847,0.403,1.248
9.90,687,1.10863,3.6598,1.7967,0.378,1.254
9.90,688,1.10865,3.6587,1.8088,0.352,1.260
9.90,689,1.10867,3.6575,1.8209,0.326,1.266
9.90,690,1.10869,3.6564,1.8331,0.301,1.272
9.90,691,1.10870,3.6552,1.8454,0.275,1.278
9.90,692,1.10871,3.6540,1.8576,0.249,1.285
9.90,693,1.10872,3.6529,1.8700,0.223,1.291
9.90,694,1.10873,3.6517,1.8823,0.197,1.297
9.90,695,1.10873,3.6505,1.8946,0.171,1.304
9.90,696,1.10874,3.6494,1.9070,0.146,1.310
9.90,697,1.10874,3.6482,1.9194,0.120,1.316
9.90,698,1.10875,3.6470,1.9317,0.094,1.323
9.90,699,1.10875,3.6459,1.9440,0.069,1.329
9.90,700,1.10875,3.6447,1.9564,0.043,1.336
9.90,701,1.10875,3.6436,1.9687,0.017,1.342
9.90,702,1.10876,3.6424,1.9809,-0.008,1.349
9.90,703,1.10876,3.6413,1.9931,-0.033,1.355
9.90,704,1.10876,3.6401,2.0052,-0.058,1.362
9.90,705,1.10876,3.6390,2.0173,-0.083,1.368
9.90,706,1.10876,3.6379,2.0293,-0.107,1.375
9.90,707,1.10876,3.6368,2.0412,-0.132,1.382
9.95,238,0.10333,3.4628,-2.9718,13.700,3.547
9.95,240,0.11237,3.4692,-2.8928,13.423,3.408
9.95,242,0.12125,3.4754,-2.8152,13.155,3.274
9.95,244,0.13041,3.4818,-2.7352,12.883,3.137
9.95,246,0.13942,3.4882,-2.6563,12.617,3.005
9.95,248,0.14873,3.4948,-2.5749,12.345,2.873
9.95,250,0.17072,3.5014,-2.4608,11.992,2.746
9.95,252,0.19378,3.5078,-2.3456,11.641,2.635
9.95,254,0.20851,3.5116,-2.2805,11.442,2.575
9.95,256,0.22005,3.5144,-2.2344,11.301,2.533
9.95,258,0.23166,3.5173,-2.1876,11.160,2.493
9.95,260,0.24282,3.5200,-2.1424,11.023,2.457
9.95,262,0.25505,3.5230,-2.0959,10.885,2.421
9.95,264,0.26836,3.5262,-2.0504,10.747,2.385
9.95,266,0.28145,3.5294,-2.0057,10.613,2.350
9.95,268,0.29401,3.5324,-1.9628,10.484,2.318
9.95,270,0.30499,3.5352,-1.9264,10.374,2.289
9.95,272,0.31102,3.5368,-1.9073,10.315,2.272
9.95,274,0.31315,3.5373,-1.9010,10.295,2.267
9.95,276,0.31529,3.5378,-1.8945,10.276,2.261
9.95,278,0.31750,3.5384,-1.8879,10.255,2.255
9.95,280,0.31972,3.5389,-1.8811,10.235,2.250
9.95,282,0.32745,3.5406,-1.8588,10.167,2.231
9.95,284,0.33646,3.5425,-1.8341,10.092,2.211
9.95,286,0.34319,3.5439,-1.8168,10.039,2.197
9.95,288,0.34817,3.5448,-1.8045,10.002,2.187
9.95,290,0.35433,3.5460,-1.7870,9.949,2.174
9.95,292,0.36060,3.5472,-1.7685,9.894,2.161
9.95,294,0.36417,3.5480,-1.7583,9.863,2.151
9.95,296,0.36758,3.5487,-1.7489,9.833,2.143
9.95,298,0.37107,3.5495,-1.7394,9.804,2.134
9.95,300,0.37483,3.5503,-1.7297,9.774,2.125
9.95,302,0.37859,3.5510,-1.7199,9.743,2.117
9.95,304,0.38899,3.5531,-1.6922,9.659,2.095
9.95,306,0.41391,3.5581,-1.6251,9.458,2.045
9.95,308,0.44296,3.5639,-1.5461,9.222,1.987
9.95,310,0.46577,3.5690,-1.4820,9.029,1.939
9.95,312,0.48654,3.5739,-1.4225,8.850,1.893
9.95,314,0.50742,3.5792,-1.3615,8.666,1.847
9.95,316,0.52853,3.5852,-1.2978,8.474,1.796
9.95,318,0.54911,3.5912,-1.2353,8.286,1.749
9.95,320,0.56698,3.5973,-1.1795,8.116,1.702
9.95,322,0.58419,3.6033,-1.1254,7.950,1.655
9.95,324,0.60100,3.6093,-1.0720,7.786,1.609
9.95,326,0.61663,3.6166,-1.0217,7.624,1.555
9.95,328,0.63239,3.6241,-0.9705,7.459,1.501
9.95,330,0.64793,3.6316,-0.9196,7.296,1.448
9.95,332,0.66341,3.6392,-0.8683,7.132,1.396
9.95,334,0.67882,3.6468,-0.8168,6.968,1.346
9.95,336,0.69438,3.6547,-0.7640,6.802,1.297
9.95,338,0.71039,3.6623,-0.7141,6.647,1.252
9.95,340,0.72675,3.6696,-0.6654,6.498,1.210
9.95,342,0.74300,3.6770,-0.6164,6.350,1.170
9.95,344,0.75891,3.6842,-0.5677,6.205,1.133
9.95,346,0.77460,3.6913,-0.5190,6.063,1.097
9.95,348,0.79005,3.6983,-0.4703,5.922,1.063
9.95,350,0.80528,3.7052,-0.4215,5.783,1.029
9.95,352,0.82028,3.7120,-0.3725,5.646,0.998
9.95,353,0.82762,3.7153,-0.3483,5.578,0.983
9.95,354,0.83038,3.7165,-0.3390,5.553,0.978
9.95,356,0.83577,3.7190,-0.3210,5.503,0.967
9.95,358,0.84109,3.7213,-0.3030,5.454,0.958
9.95,360,0.84633,3.7237,-0.2852,5.405,0.948
9.95,362,0.85152,3.7260,-0.2674,5.357,0.938
9.95,364,0.85661,3.7282,-0.2498,5.309,0.928
9.95,366,0.86168,3.7305,-0.2321,5.262,0.918
9.95,368,0.86665,3.7326,-0.2146,5.215,0.909
9.95,370,0.87156,3.7347,-0.1972,5.168,0.899
9.95,372,0.87641,3.7368,-0.1799,5.122,0.890
9.95,374,0.88118,3.7389,-0.1627,5.077,0.882
9.95,376,0.88589,3.7408,-0.1456,5.031,0.873
9.95,378,0.89055,3.7428,-0.1285,4.986,0.865
9.95,380,0.89514,3.7447,-0.1115,4.942,0.857
9.95,382,0.89965,3.7465,-0.0946,4.898,0.849
9.95,384,0.90446,3.7479,-0.0787,4.857,0.843
9.95,386,0.90926,3.7493,-0.0629,4.816,0.837
9.95,388,0.91400,3.7506,-0.0471,4.775,0.831
9.95,390,0.91868,3.7519,-0.0313,4.734,0.826
9.95,392,0.92331,3.7532,-0.0155,4.694,0.820
9.95,394,0.92789,3.7544,0.0003,4.654,0.815
9.95,396,0.93241,3.7555,0.0160,4.613,0.810
9.95,398,0.93688,3.7567,0.0316,4.573,0.806
9.95,400,0.94132,3.7577,0.0473,4.534,0.801
9.95,402,0.94572,3.7587,0.0628,4.494,0.797
9.95,404,0.95009,3.7597,0.0782,4.455,0.793
9.95,406,0.95445,3.7605,0.0934,4.416,0.789
9.95,408,0.95877,3.7613,0.1085,4.378,0.786
9.95,410,0.96302,3.7620,0.1234,4.341,0.783
9.95,412,0.96713,3.7627,0.1381,4.303,0.780
9.95,414,0.97110,3.7633,0.1528,4.266,0.777
9.95,416,0.97492,3.7638,0.1675,4.229,0.775
9.95,418,0.97862,3.7643,0.1821,4.193,0.773
9.95,420,0.98242,3.7648,0.1971,4.155,0.771
9.95,422,0.98621,3.7652,0.2122,4.117,0.769
9.95,424,0.98987,3.7655,0.2271,4.080,0.767
9.95,426,0.99339,3.7657,0.2417,4.043,0.766
9.95,428,0.99677,3.7658,0.2559,4.007,0.766
9.95,430,1.00001,3.7658,0.2699,3.972,0.765
9.95,432,1.00307,3.7658,0.2831,3.939,0.766
9.95,434,1.00601,3.7656,0.2960,3.907,0.766
9.95,436,1.00882,3.7654,0.3086,3.876,0.767
9.95,438,1.01154,3.7651,0.3209,3.845,0.768
9.95,440,1.01415,3.7646,0.3329,3.816,0.770
9.95,442,1.01662,3.7641,0.3445,3.787,0.772
9.95,444,1.01896,3.7635,0.3555,3.760,0.775
9.95,446,1.02120,3.7627,0.3662,3.733,0.778
9.95,448,1.02336,3.7619,0.3765,3.708,0.781
9.95,450,1.02529,3.7609,0.3859,3.685,0.785
9.95,452,1.02701,3.7599,0.3943,3.664,0.790
9.95,454,1.02867,3.7587,0.4023,3.645,0.795
9.95,455,1.03130,3.7566,0.4144,3.616,0.804
9.95,456,1.03367,3.7542,0.4247,3.592,0.814
9.95,457,1.03575,3.7515,0.4330,3.574,0.825
9.95,458,1.03757,3.7487,0.4393,3.560,0.838
9.95,459,1.03913,3.7457,0.4437,3.552,0.851
9.95,460,1.04049,3.7425,0.4462,3.549,0.864
9.95,461,1.04168,3.7392,0.4473,3.551,0.879
9.95,462,1.04273,3.7358,0.4471,3.556,0.894
9.95,463,1.04367,3.7323,0.4459,3.564,0.909
9.95,464,1.04453,3.7287,0.4440,3.574,0.925
9.95,465,1.04533,3.7250,0.4420,3.585,0.942
9.95,466,1.04609,3.7212,0.4402,3.596,0.958
9.95,467,1.04683,3.7173,0.4391,3.606,0.974
9.95,468,1.04757,3.7134,0.4397,3.613,0.991
9.95,469,1.04832,3.7095,0.4425,3.614,1.008
9.95,470,1.04909,3.7058,0.4485,3.607,1.025
9.95,471,1.04986,3.7024,0.4583,3.591,1.041
9.95,472,1.05064,3.6994,0.4717,3.565,1.056
9.95,473,1.05139,3.6969,0.4883,3.530,1.068
9.95,474,1.05211,3.6949,0.5070,3.488,1.077
9.95,475,1.05279,3.6933,0.5272,3.443,1.085
9.95,476,1.05344,3.6919,0.5483,3.394,1.092
9.95,477,1.05406,3.6908,0.5701,3.342,1.097
9.95,478,1.05466,3.6898,0.5923,3.289,1.101
9.95,479,1.05523,3.6890,0.6148,3.235,1.105
9.95,480,1.05578,3.6882,0.6376,3.181,1.109
9.95,481,1.05630,3.6875,0.6606,3.125,1.112
9.95,482,1.05681,3.6868,0.6836,3.070,1.115
9.95,483,1.05730,3.6862,0.7068,3.013,1.118
9.95,484,1.05776,3.6856,0.7301,2.957,1.121
9.95,485,1.05822,3.6850,0.7534,2.901,1.124
9.95,486,1.05865,3.6843,0.7768,2.844,1.127
9.95,487,1.05906,3.6837,0.8002,2.787,1.130
9.95,488,1.05946,3.6830,0.8237,2.731,1.133
9.95,489,1.05984,3.6824,0.8472,2.674,1.137
9.95,490,1.06021,3.6817,0.8707,2.617,1.140
9.95,491,1.06057,3.6810,0.8942,2.561,1.143
9.95,492,1.06091,3.6802,0.9177,2.504,1.147
9.95,493,1.06124,3.6795,0.9412,2.448,1.151
9.95,494,1.06155,3.6787,0.9647,2.392,1.155
9.95,495,1.06185,3.6779,0.9882,2.336,1.158
9.95,496,1.06214,3.6770,1.0117,2.280,1.163
9.95,497,1.06241,3.6762,1.0352,2.224,1.167
9.95,498,1.06267,3.6753,1.0587,2.168,1.171
9.95,499,1.06292,3.6744,1.0822,2.112,1.176
9.95,500,1.06316,3.6735,1.1057,2.057,1.180
9.95,501,1.06339,3.6725,1.1292,2.001,1.185
9.95,502,1.06361,3.6715,1.1526,1.946,1.191
9.95,503,1.06382,3.6705,1.1761,1.891,1.196
9.95,504,1.06401,3.6695,1.1995,1.836,1.201
9.95,505,1.06421,3.6684,1.2230,1.781,1.206
9.95,506,1.06439,3.6673,1.2464,1.727,1.212
9.95,507,1.06456,3.6662,1.2698,1.672,1.218
9.95,508,1.06473,3.6651,1.2932,1.618,1.223
9.95,509,1.06490,3.6640,1.3165,1.564,1.229
9.95,510,1.06505,3.6628,1.3399,1.510,1.235
9.95,511,1.06520,3.6616,1.3632,1.456,1.242
9.95,512,1.06535,3.6604,1.3865,1.402,1.248
9.95,513,1.06549,3.6592,1.4098,1.349,1.254
9.95,514,1.06563,3.6580,1.4331,1.295,1.261
9.95,515,1.06577,3.6567,1.4564,1.242,1.267
9.95,516,1.06593,3.6555,1.4796,1.190,1.274
9.95,517,1.06613,3.6543,1.5024,1.137,1.280
9.95,518,1.06642,3.6553,1.4916,1.160,1.275
9.95,519,1.06654,3.6568,1.4688,1.211,1.267
9.95,520,1.06671,3.6570,1.4680,1.212,1.266
9.95,521,1.06684,3.6559,1.4889,1.164,1.272
9.95,522,1.06696,3.6546,1.5122,1.111,1.279
9.95,523,1.06707,3.6532,1.5354,1.059,1.286
9.95,524,1.06718,3.6519,1.5587,1.007,1.294
9.95,525,1.06729,3.6505,1.5819,0.955,1.301
9.95,526,1.06739,3.6491,1.6051,0.903,1.309
9.95,527,1.06748,3.6476,1.6282,0.851,1.317
9.95,528,1.06757,3.6462,1.6514,0.800,1.326
9.95,529,1.06766,3.6447,1.6746,0.748,1.334
9.95,530,1.06774,3.6433,1.6977,0.697,1.342
9.95,531,1.06782,3.6418,1.7208,0.646,1.351
9.95,532,1.06790,3.6403,1.7439,0.595,1.359
9.95,533,1.06797,3.6387,1.7670,0.545,1.368
9.95,534,1.06805,3.6372,1.7901,0.495,1.377
9.95,535,1.06811,3.6356,1.8131,0.445,1.387
9.95,536,1.06818,3.6341,1.8362,0.395,1.396
9.95,537,1.06824,3.6325,1.8592,0.346,1.406
9.95,538,1.06830,3.6309,1.8822,0.297,1.415
9.95,539,1.06835,3.6293,1.9052,0.248,1.425
9.95,540,1.06841,3.6276,1.9281,0.199,1.435
9.95,541,1.06846,3.6260,1.9511,0.151,1.446
9.95,542,1.06851,3.6243,1.9740,0.103,1.456
9.95,543,1.06856,3.6226,1.9969,0.055,1.467
9.95,544,1.06860,3.6209,2.0197,0.007,1.478
9.95,545,1.06864,3.6192,2.0426,-0.040,1.489
9.95,546,1.06869,3.6175,2.0654,-0.087,1.500
9.95,547,1.06872,3.6157,2.0883,-0.134,1.511
9.95,548,1.06876,3.6139,2.1111,-0.181,1.523
9.95,549,1.06880,3.6122,2.1339,-0.227,1.535
9.95,550,1.06883,3.6104,2.1566,-0.272,1.548
9.95,551,1.06887,3.6086,2.1794,-0.317,1.561
9.95,552,1.06890,3.6067,2.2021,-0.362,1.574
9.95,553,1.06893,3.6049,2.2248,-0.406,1.588
9.95,554,1.06896,3.6030,2.2475,-0.449,1.603
9.95,555,1.06899,3.6011,2.2701,-0.492,1.618
9.95,556,1.06901,3.5993,2.2928,-0.534,1.632
9.95,557,1.06904,3.5973,2.3154,-0.576,1.647
9.95,558,1.06907,3.5954,2.3380,-0.618,1.662
9.95,559,1.06909,3.5935,2.3606,-0.660,1.677
9.95,560,1.06911,3.5916,2.3831,-0.701,1.693
9.95,561,1.06913,3.5896,2.4057,-0.742,1.709
9.95,562,1.06916,3.5876,2.4282,-0.781,1.726
9.95,563,1.06918,3.5856,2.4506,-0.821,1.743
9.95,564,1.06920,3.5836,2.4731,-0.859,1.762
9.95,565,1.06921,3.5816,2.4955,-0.897,1.781
9.95,566,1.06923,3.5796,2.5179,-0.933,1.803
9.95,567,1.06925,3.5776,2.5403,-0.969,1.825
9.95,568,1.06927,3.5755,2.5627,-1.003,1.849
9.95,569,1.06928,3.5735,2.5851,-1.037,1.875
9.95,570,1.06930,3.5714,2.6074,-1.069,1.903
9.95,571,1.06931,3.5694,2.6298,-1.100,1.932
9.95,572,1.06933,3.5673,2.6521,-1.130,1.961
9.95,573,1.06934,3.5652,2.6743,-1.159,1.992
9.95,574,1.06935,3.5630,2.6965,-1.187,2.025
9.95,575,1.06937,3.5609,2.7187,-1.214,2.059
9.95,576,1.06938,3.5588,2.7409,-1.241,2.093
9.95,577,1.06939,3.5566,2.7631,-1.266,2.129
9.95,578,1.06940,3.5545,2.7853,-1.290,2.166
9.95,579,1.06941,3.5523,2.8075,-1.314,2.204
9.95,580,1.06942,3.5502,2.8296,-1.337,2.244
9.95,581,1.06943,3.5480,2.8517,-1.357,2.287
9.95,582,1.06944,3.5458,2.8738,-1.377,2.331
9.95,583,1.06945,3.5436,2.8959,-1.394,2.378
9.95,584,1.06946,3.5414,2.9179,-1.408,2.431
9.95,585,1.06947,3.5392,2.9400,-1.418,2.490
9.95,586,1.06948,3.5370,2.9620,-1.426,2.553
9.95,587,1.06949,3.5347,2.9840,-1.430,2.622
9.95,588,1.06950,3.5325,3.0060,-1.431,2.695
9.95,589,1.06951,3.5302,3.0280,-1.431,2.771
9.95,590,1.06951,3.5280,3.0500,-1.430,2.850
9.95,591,1.06952,3.5257,3.0719,-1.428,2.930
9.95,592,1.06953,3.5234,3.0939,-1.424,3.012
9.95,593,1.06953,3.5211,3.1158,-1.420,3.095
9.95,594,1.06954,3.5188,3.1376,-1.415,3.176
9.95,595,1.06955,3.5165,3.1595,-1.410,3.258
9.95,596,1.06955,3.5142,3.1813,-1.405,3.338
9.95,597,1.06956,3.5118,3.2031,-1.400,3.415
9.95,598,1.06957,3.5095,3.2248,-1.395,3.490
9.95,599,1.06957,3.5071,3.2466,-1.390,3.559
9.95,600,1.06958,3.5047,3.2682,-1.387,3.624
9.95,601,1.06958,3.5023,3.2899,-1.381,3.686
9.95,602,1.06959,3.4999,3.3115,-1.374,3.748
9.95,603,1.06959,3.4974,3.3330,-1.362,3.811
9.95,604,1.06960,3.4949,3.3544,-1.349,3.872
9.95,605,1.06960,3.4925,3.3756,-1.334,3.933
9.95,606,1.06960,3.4928,3.3730,-1.336,3.925
9.95,607,1.06960,3.5090,3.2384,-1.417,3.505
9.95,608,1.06960,3.5276,3.0753,-1.485,2.862
9.95,609,1.06960,3.5456,2.9110,-1.469,2.332
9.95,610,1.06960,3.5633,2.7460,-1.317,2.019
9.95,611,1.06960,3.5805,2.5802,-1.100,1.792
9.95,612,1.06960,3.5972,2.4136,-0.822,1.649
9.95,613,1.06960,3.6134,2.2462,-0.515,1.528
9.95,614,1.06960,3.6291,2.0781,-0.184,1.428
9.95,615,1.06960,3.6443,1.9092,0.163,1.338
9.95,616,1.06961,3.6579,1.7381,0.532,1.263
9.95,617,1.06961,3.6552,1.7276,0.570,1.278
9.95,618,1.06961,3.6417,1.8990,0.200,1.352
9.95,619,1.06961,3.6277,2.0695,-0.155,1.437
9.95,620,1.06961,3.6226,2.1344,-0.289,1.468
9.95,621,1.06961,3.6353,1.9963,-0.012,1.390
9.95,622,1.06961,3.6498,1.8266,0.345,1.307
9.95,623,1.06961,3.6396,1.9399,0.108,1.364
9.95,624,1.06962,3.6420,1.9245,0.135,1.351
9.95,625,1.06962,3.6568,1.7555,0.493,1.269
9.95,626,1.06962,3.6494,1.8398,0.314,1.310
9.95,627,1.06963,3.6630,1.6995,0.608,1.237
9.95,628,1.06963,3.6585,1.7551,0.487,1.260
9.95,629,1.06964,3.6616,1.7081,0.592,1.244
9.95,630,1.06965,3.6645,1.6889,0.629,1.229
9.95,631,1.06966,3.6635,1.6966,0.614,1.234
9.95,632,1.06966,3.6635,1.6964,0.614,1.234
9.95,633,1.06966,3.6635,1.6964,0.614,1.234
9.95,634,1.06966,3.6635,1.6964,0.614,1.234
9.95,635,1.06966,3.6635,1.6964,0.614,1.234
9.95,636,1.06966,3.6635,1.6964,0.614,1.234
9.95,637,1.06966,3.6635,1.6964,0.614,1.234
9.95,638,1.06966,3.6635,1.6964,0.614,1.234
9.95,639,1.06966,3.6635,1.6964,0.614,1.234
9.95,640,1.06966,3.6635,1.6964,0.614,1.234
9.95,641,1.06966,3.6635,1.6964,0.614,1.234
9.95,642,1.06966,3.6635,1.6964,0.614,1.234
9.95,643,1.06966,3.6635,1.6964,0.614,1.234
9.95,644,1.06966,3.6635,1.6964,0.614,1.234
9.95,645,1.06966,3.6635,1.6964,0.614,1.234
9.95,646,1.06966,3.6635,1.6964,0.614,1.234
9.95,647,1.06966,3.6635,1.6964,0.614,1.234
9.95,648,1.06966,3.6635,1.6964,0.614,1.234
9.95,649,1.06966,3.6635,1.6964,0.614,1.234
9.95,650,1.06966,3.6635,1.6963,0.614,1.234
9.95,651,1.06966,3.6636,1.6957,0.616,1.234
9.95,652,1.06966,3.6639,1.6922,0.623,1.232
9.95,653,1.06967,3.6639,1.6920,0.624,1.232
9.95,654,1.06970,3.6636,1.6956,0.616,1.234
9.95,655,1.06983,3.6639,1.6952,0.616,1.232
9.95,656,1.07000,3.6643,1.6938,0.618,1.230
9.95,657,1.07017,3.6647,1.6930,0.618,1.228
9.95,658,1.07037,3.6648,1.6939,0.615,1.228
9.95,659,1.07049,3.6650,1.6934,0.616,1.227
9.95,660,1.07056,3.6656,1.6863,0.631,1.223
9.95,661,1.07061,3.6654,1.6885,0.627,1.225
9.95,662,1.07070,3.6643,1.7009,0.600,1.231
9.95,663,1.07096,3.6638,1.7097,0.579,1.233
9.95,664,1.07130,3.6648,1.7072,0.582,1.228
9.95,665,1.07166,3.6655,1.7074,0.579,1.224
9.95,666,1.07211,3.6665,1.7046,0.582,1.219
9.95,667,1.07251,3.6663,1.7123,0.564,1.221
9.95,668,1.07273,3.6654,1.7232,0.540,1.225
9.95,669,1.07286,3.6645,1.7333,0.518,1.230
9.95,670,1.07297,3.6635,1.7443,0.494,1.235
9.95,671,1.07304,3.6625,1.7545,0.472,1.240
9.95,672,1.07308,3.6614,1.7664,0.447,1.246
9.95,673,1.07313,3.6602,1.7783,0.422,1.252
9.95,674,1.07316,3.6596,1.7847,0.408,1.255
9.95,675,1.07318,3.6605,1.7768,0.425,1.250
9.95,676,1.07321,3.6602,1.7792,0.420,1.252
9.95,677,1.07323,3.6599,1.7823,0.413,1.253
9.95,678,1.07324,3.6596,1.7860,0.405,1.255
9.95,679,1.07326,3.6593,1.7899,0.397,1.257
9.95,680,1.07327,3.6595,1.7881,0.400,1.255
9.95,681,1.07327,3.6606,1.7776,0.422,1.250
9.95,682,1.07327,3.6618,1.7662,0.446,1.244
9.95,683,1.07328,3.6629,1.7535,0.474,1.238
9.95,684,1.07330,3.6625,1.7570,0.466,1.240
9.95,685,1.07333,3.6614,1.7687,0.442,1.246
9.95,686,1.07335,3.6602,1.7804,0.417,1.252
9.95,687,1.07337,3.6591,1.7921,0.392,1.258
9.95,688,1.07339,3.6579,1.8040,0.367,1.264
9.95,689,1.07341,3.6568,1.8159,0.342,1.270
9.95,690,1.07342,3.6556,1.8279,0.317,1.276
9.95,691,1.07343,3.6545,1.8400,0.291,1.282
9.95,692,1.07344,3.6534,1.8520,0.266,1.288
9.95,693,1.07345,3.6522,1.8641,0.241,1.295
9.95,694,1.07345,3.6510,1.8763,0.215,1.301
9.95,695,1.07346,3.6499,1.8884,0.190,1.307
9.95,696,1.07346,3.6487,1.9005,0.165,1.313
9.95,697,1.07346,3.6476,1.9127,0.139,1.320
9.95,698,1.07347,3.6464,1.9249,0.114,1.326
9.95,699,1.07347,3.6453,1.9370,0.089,1.333
9.95,700,1.07347,3.6441,1.9491,0.064,1.339
9.95,701,1.07347,3.6430,1.9612,0.039,1.345
9.95,702,1.07348,3.6418,1.9732,0.014,1.352
9.95,703,1.07348,3.6407,1.9852,-0.011,1.358
9.95,704,1.07348,3.6396,1.9971,-0.035,1.365
9.95,705,1.07348,3.6385,2.0090,-0.059,1.371
9.95,706,1.07348,3.6373,2.0208,-0.084,1.378
9.95,707,1.07348,3.6362,2.0326,-0.107,1.385
10.00,240,0.10173,3.4617,-2.9854,13.747,3.571
10.00,242,0.11057,3.4679,-2.9082,13.477,3.435
10.00,244,0.11974,3.4744,-2.8280,13.199,3.295
10.00,246,0.12867,3.4807,-2.7500,12.933,3.162
10.00,248,0.13799,3.4872,-2.6684,12.657,3.024
10.00,250,0.14721,3.4937,-2.5877,12.387,2.893
10.00,252,0.16633,3.5002,-2.4818,12.056,2.767
10.00,254,0.18933,3.5066,-2.3664,11.704,2.654
10.00,256,0.20615,3.5110,-2.2879,11.465,2.583
10.00,258,0.21772,3.5139,-2.2414,11.323,2.540
10.00,260,0.22903,3.5167,-2.1957,11.185,2.501
10.00,262,0.24040,3.5195,-2.1494,11.045,2.463
10.00,264,0.25202,3.5224,-2.1034,10.908,2.429
10.00,266,0.26527,3.5256,-2.0580,10.771,2.393
10.00,268,0.27804,3.5287,-2.0144,10.640,2.359
10.00,270,0.29030,3.5316,-1.9726,10.514,2.327
10.00,272,0.30215,3.5345,-1.9328,10.395,2.296
10.00,274,0.31046,3.5367,-1.9065,10.314,2.273
10.00,276,0.31256,3.5372,-1.9002,10.294,2.268
10.00,278,0.31474,3.5378,-1.8937,10.274,2.262
10.00,280,0.31694,3.5383,-1.8870,10.254,2.256
10.00,282,0.31925,3.5388,-1.8801,10.233,2.251
10.00,284,0.32565,3.5403,-1.8617,10.177,2.235
10.00,286,0.33431,3.5421,-1.8376,10.103,2.216
10.00,288,0.34182,3.5436,-1.8179,10.044,2.200
10.00,290,0.34679,3.5446,-1.8056,10.006,2.189
10.00,292,0.35225,3.5456,-1.7909,9.962,2.178
10.00,294,0.35892,3.5469,-1.7717,9.904,2.163
10.00,296,0.36295,3.5478,-1.7605,9.869,2.153
10.00,298,0.36634,3.5486,-1.7511,9.840,2.144
10.00,300,0.36949,3.5493,-1.7422,9.812,2.136
10.00,302,0.37324,3.5501,-1.7323,9.781,2.127
10.00,304,0.37682,3.5508,-1.7228,9.752,2.119
10.00,306,0.38154,3.5518,-1.7100,9.713,2.109
10.00,308,0.39986,3.5554,-1.6608,9.565,2.071
10.00,310,0.42739,3.5609,-1.5858,9.340,2.015
10.00,312,0.45391,3.5664,-1.5128,9.122,1.962
10.00,314,0.47474,3.5713,-1.4530,8.941,1.916
10.00,316,0.49481,3.5761,-1.3950,8.767,1.873
10.00,318,0.51577,3.5819,-1.3322,8.577,1.823
10.00,320,0.53660,3.5880,-1.2686,8.386,1.774
10.00,322,0.55585,3.5939,-1.2091,8.206,1.727
10.00,324,0.57292,3.5999,-1.1551,8.041,1.681
10.00,326,0.58970,3.6058,-1.1016,7.877,1.635
10.00,328,0.60606,3.6124,-1.0488,7.712,1.585
10.00,330,0.62159,3.6199,-0.9980,7.548,1.531
10.00,332,0.63710,3.6274,-0.9467,7.384,1.477
10.00,334,0.65256,3.6350,-0.8951,7.218,1.424
10.00,336,0.66812,3.6428,-0.8425,7.050,1.372
10.00,338,0.68342,3.6506,-0.7901,6.885,1.322
10.00,340,0.69867,3.6585,-0.7372,6.720,1.273
10.00,342,0.71498,3.6660,-0.6872,6.566,1.230
10.00,344,0.73103,3.6734,-0.6381,6.417,1.189
10.00,346,0.74684,3.6806,-0.5890,6.270,1.150
10.00,348,0.76242,3.6878,-0.5398,6.125,1.114
10.00,350,0.77777,3.6948,-0.4905,5.982,1.080
10.00,352,0.79288,3.7017,-0.4411,5.841,1.045
10.00,353,0.80026,3.7051,-0.4166,5.771,1.029
10.00,354,0.80309,3.7064,-0.4071,5.745,1.023
10.00,356,0.80860,3.7089,-0.3886,5.693,1.011
10.00,358,0.81403,3.7114,-0.3702,5.641,1.000
10.00,360,0.81939,3.7138,-0.3519,5.591,0.989
10.00,362,0.82470,3.7163,-0.3336,5.540,0.979
10.00,364,0.82989,3.7186,-0.3156,5.490,0.969
10.00,366,0.83507,3.7209,-0.2974,5.441,0.959
10.00,368,0.84013,3.7232,-0.2795,5.392,0.949
10.00,370,0.84514,3.7254,-0.2616,5.344,0.940
10.00,372,0.85009,3.7276,-0.2438,5.296,0.930
10.00,374,0.85496,3.7298,-0.2262,5.248,0.921
10.00,376,0.85975,3.7318,-0.2086,5.201,0.912
10.00,378,0.86449,3.7339,-0.1910,5.154,0.903
10.00,380,0.86915,3.7359,-0.1736,5.108,0.894
10.00,382,0.87374,3.7378,-0.1563,5.062,0.886
10.00,384,0.87826,3.7397,-0.1390,5.017,0.877
10.00,386,0.88271,3.7415,-0.1218,4.972,0.870
10.00,388,0.88710,3.7433,-0.1047,4.927,0.862
10.00,390,0.89141,3.7451,-0.0877,4.882,0.855
10.00,392,0.89564,3.7467,-0.0708,4.838,0.848
10.00,394,0.89981,3.7483,-0.0539,4.795,0.841
10.00,396,0.90431,3.7496,-0.0379,4.753,0.835
10.00,398,0.90877,3.7508,-0.0219,4.712,0.830
10.00,400,0.91319,3.7519,-0.0059,4.672,0.825
10.00,402,0.91755,3.7530,0.0099,4.631,0.821
10.00,404,0.92188,3.7540,0.0257,4.591,0.816
10.00,406,0.92618,3.7549,0.0414,4.551,0.812
10.00,408,0.93045,3.7558,0.0569,4.511,0.809
10.00,410,0.93468,3.7566,0.0722,4.473,0.805
10.00,412,0.93881,3.7573,0.0874,4.434,0.802
10.00,414,0.94283,3.7580,0.1025,4.396,0.799
10.00,416,0.94669,3.7586,0.1175,4.358,0.796
10.00,418,0.95039,3.7591,0.1323,4.321,0.794
10.00,420,0.95397,3.7597,0.1471,4.283,0.792
10.00,422,0.95744,3.7601,0.1619,4.246,0.790
10.00,424,0.96082,3.7605,0.1765,4.209,0.788
10.00,426,0.96409,3.7607,0.1910,4.173,0.787
10.00,428,0.96727,3.7609,0.2053,4.137,0.786
10.00,430,0.97033,3.7610,0.2193,4.102,0.786
10.00,432,0.97328,3.7611,0.2332,4.067,0.785
10.00,434,0.97611,3.7610,0.2467,4.033,0.786
10.00,436,0.97882,3.7608,0.2599,4.001,0.786
10.00,438,0.98149,3.7605,0.2728,3.969,0.788
10.00,440,0.98410,3.7601,0.2853,3.937,0.789
10.00,442,0.98656,3.7596,0.2974,3.908,0.791
10.00,444,0.98886,3.7589,0.3088,3.879,0.794
10.00,446,0.99101,3.7582,0.3197,3.853,0.797
10.00,448,0.99302,3.7574,0.3299,3.828,0.800
10.00,450,0.99482,3.7564,0.3393,3.805,0.804
10.00,452,0.99638,3.7554,0.3475,3.785,0.809
10.00,454,0.99789,3.7543,0.3552,3.766,0.813
10.00,455,1.00027,3.7523,0.3670,3.739,0.822
10.00,456,1.00247,3.7499,0.3771,3.715,0.832
10.00,457,1.00442,3.7474,0.3855,3.697,0.843
10.00,458,1.00612,3.7446,0.3921,3.683,0.855
10.00,459,1.00761,3.7416,0.3969,3.674,0.868
10.00,460,1.00891,3.7385,0.4000,3.670,0.881
10.00,461,1.01004,3.7353,0.4017,3.670,0.896
10.00,462,1.01105,3.7318,0.4023,3.673,0.911
10.00,463,1.01196,3.7283,0.4021,3.679,0.927
10.00,464,1.01279,3.7246,0.4014,3.687,0.943
10.00,465,1.01357,3.7209,0.4008,3.695,0.959
10.00,466,1.01431,3.7170,0.4007,3.703,0.975
10.00,467,1.01504,3.7132,0.4018,3.708,0.992
10.00,468,1.01577,3.7093,0.4048,3.709,1.009
10.00,469,1.01650,3.7056,0.4107,3.702,1.026
10.00,470,1.01724,3.7021,0.4199,3.688,1.042
10.00,471,1.01797,3.6990,0.4326,3.664,1.057
10.00,472,1.01868,3.6964,0.4486,3.630,1.070
10.00,473,1.01936,3.6943,0.4669,3.590,1.080
10.00,474,1.02001,3.6925,0.4868,3.545,1.088
10.00,475,1.02064,3.6911,0.5079,3.497,1.095
10.00,476,1.02124,3.6900,0.5297,3.445,1.101
10.00,477,1.02181,3.6890,0.5521,3.392,1.105
10.00,478,1.02235,3.6881,0.5747,3.338,1.109
10.00,479,1.02288,3.6873,0.5977,3.283,1.113
10.00,480,1.02338,3.6867,0.6208,3.228,1.116
10.00,481,1.02386,3.6860,0.6440,3.171,1.119
10.00,482,1.02433,3.6854,0.6674,3.115,1.122
10.00,483,1.02477,3.6848,0.6908,3.058,1.125
10.00,484,1.02520,3.6842,0.7143,3.001,1.128
10.00,485,1.02562,3.6836,0.7379,2.944,1.130
10.00,486,1.02601,3.6830,0.7615,2.887,1.133
10.00,487,1.02639,3.6824,0.7851,2.829,1.136
10.00,488,1.02676,3.6817,0.8088,2.772,1.139
10.00,489,1.02710,3.6811,0.8325,2.715,1.143
10.00,490,1.02744,3.6804,0.8562,2.658,1.146
10.00,491,1.02776,3.6797,0.8799,2.601,1.149
10.00,492,1.02806,3.6790,0.9036,2.544,1.153
10.00,493,1.02836,3.6782,0.9272,2.487,1.157
10.00,494,1.02863,3.6775,0.9510,2.430,1.160
10.00,495,1.02890,3.6766,0.9746,2.374,1.164
10.00,496,1.02916,3.6758,0.9983,2.317,1.169
10.00,497,1.02940,3.6750,1.0220,2.261,1.173
10.00,498,1.02963,3.6741,1.0457,2.205,1.177
10.00,499,1.02985,3.6732,1.0693,2.149,1.182
10.00,500,1.03007,3.6723,1.0930,2.093,1.186
10.00,501,1.03027,3.6713,1.1166,2.037,1.191
10.00,502,1.03046,3.6703,1.1402,1.981,1.196
10.00,503,1.03065,3.6693,1.1638,1.926,1.202
10.00,504,1.03083,3.6683,1.1874,1.871,1.207
10.00,505,1.03099,3.6672,1.2110,1.815,1.212
10.00,506,1.03116,3.6662,1.2346,1.760,1.218
10.00,507,1.03131,3.6651,1.2581,1.706,1.223
10.00,508,1.03146,3.6640,1.2816,1.651,1.229
10.00,509,1.03161,3.6628,1.3051,1.596,1.235
10.00,510,1.03175,3.6616,1.3286,1.542,1.241
10.00,511,1.03188,3.6605,1.3521,1.488,1.247
10.00,512,1.03201,3.6593,1.3755,1.434,1.254
10.00,513,1.03214,3.6580,1.3990,1.381,1.260
10.00,514,1.03227,3.6568,1.4224,1.327,1.267
10.00,515,1.03240,3.6556,1.4457,1.274,1.273
10.00,516,1.03256,3.6544,1.4689,1.221,1.280
10.00,517,1.03286,3.6543,1.4760,1.203,1.280
10.00,518,1.03298,3.6559,1.4531,1.254,1.272
10.00,519,1.03313,3.6571,1.4368,1.290,1.265
10.00,520,1.03326,3.6558,1.4602,1.236,1.272
10.00,521,1.03337,3.6545,1.4836,1.183,1.279
10.00,522,1.03347,3.6532,1.5069,1.131,1.286
10.00,523,1.03357,3.6518,1.5303,1.078,1.294
10.00,524,1.03366,3.6504,1.5536,1.026,1.301
10.00,525,1.03376,3.6491,1.5770,0.973,1.309
10.00,526,1.03384,3.6476,1.6002,0.921,1.317
10.00,527,1.03393,3.6462,1.6236,0.869,1.325
10.00,528,1.03401,3.6447,1.6468,0.818,1.334
10.00,529,1.03408,3.6433,1.6701,0.766,1.342
10.00,530,1.03415,3.6418,1.6933,0.715,1.350
10.00,531,1.03422,3.6403,1.7166,0.664,1.359
10.00,532,1.03429,3.6388,1.7398,0.613,1.368
10.00,533,1.03435,3.6373,1.7629,0.562,1.377
10.00,534,1.03441,3.6357,1.7861,0.512,1.386
10.00,535,1.03447,3.6341,1.8092,0.462,1.395
10.00,536,1.03453,3.6326,1.8324,0.413,1.405
10.00,537,1.03458,3.6310,1.8555,0.363,1.415
10.00,538,1.03463,3.6294,1.8786,0.314,1.425
10.00,539,1.03468,3.6277,1.9017,0.265,1.435
10.00,540,1.03473,3.6261,1.9247,0.216,1.445
10.00,541,1.03477,3.6244,1.9478,0.168,1.455
10.00,542,1.03482,3.6227,1.9708,0.120,1.466
10.00,543,1.03486,3.6211,1.9937,0.072,1.477
10.00,544,1.03490,3.6193,2.0167,0.024,1.488
10.00,545,1.03493,3.6176,2.0397,-0.023,1.499
10.00,546,1.03497,3.6159,2.0626,-0.071,1.510
10.00,547,1.03500,3.6141,2.0855,-0.118,1.522
10.00,548,1.03504,3.6123,2.1084,-0.164,1.534
10.00,549,1.03507,3.6105,2.1313,-0.210,1.546
10.00,550,1.03510,3.6087,2.1541,-0.255,1.559
10.00,551,1.03513,3.6069,2.1770,-0.300,1.572
10.00,552,1.03515,3.6051,2.1998,-0.344,1.586
10.00,553,1.03518,3.6032,2.2226,-0.388,1.601
10.00,554,1.03521,3.6013,2.2453,-0.431,1.616
10.00,555,1.03523,3.5995,2.2681,-0.474,1.631
10.00,556,1.03525,3.5975,2.2908,-0.516,1.646
10.00,557,1.03528,3.5956,2.3135,-0.558,1.661
10.00,558,1.03530,3.5937,2.3362,-0.600,1.676
10.00,559,1.03532,3.5918,2.3589,-0.642,1.691
10.00,560,1.03534,3.5898,2.3815,-0.683,1.707
10.00,561,1.03536,3.5878,2.4041,-0.723,1.724
10.00,562,1.03538,3.5859,2.4267,-0.763,1.741
10.00,563,1.03539,3.5838,2.4492,-0.801,1.760
10.00,564,1.03541,3.5818,2.4718,-0.839,1.779
10.00,565,1.03543,3.5798,2.4943,-0.876,1.800
10.00,566,1.03544,3.5778,2.5168,-0.912,1.823
10.00,567,1.03546,3.5757,2.5393,-0.947,1.847
10.00,568,1.03547,3.5737,2.5617,-0.980,1.873
10.00,569,1.03548,3.5716,2.5842,-1.013,1.900
10.00,570,1.03550,3.5696,2.6066,-1.044,1.929
10.00,571,1.03551,3.5675,2.6290,-1.075,1.959
10.00,572,1.03552,3.5654,2.6514,-1.104,1.990
10.00,573,1.03553,3.5632,2.6737,-1.133,2.022
10.00,574,1.03555,3.5611,2.6960,-1.160,2.055
10.00,575,1.03556,3.5590,2.7183,-1.186,2.090
10.00,576,1.03557,3.5568,2.7406,-1.212,2.126
10.00,577,1.03558,3.5547,2.7628,-1.237,2.163
10.00,578,1.03559,3.5525,2.7850,-1.260,2.202
10.00,579,1.03560,3.5503,2.8072,-1.283,2.242
10.00,580,1.03561,3.5482,2.8294,-1.304,2.283
10.00,581,1.03561,3.5460,2.8516,-1.324,2.328
10.00,582,1.03562,3.5438,2.8738,-1.341,2.375
10.00,583,1.03563,3.5416,2.8960,-1.356,2.427
10.00,584,1.03564,3.5393,2.9181,-1.367,2.485
10.00,585,1.03565,3.5371,2.9403,-1.375,2.549
10.00,586,1.03565,3.5349,2.9623,-1.379,2.617
10.00,587,1.03566,3.5326,2.9845,-1.381,2.690
10.00,588,1.03567,3.5304,3.0065,-1.381,2.766
10.00,589,1.03568,3.5281,3.0286,-1.380,2.845
10.00,590,1.03568,3.5258,3.0507,-1.377,2.926
10.00,591,1.03569,3.5235,3.0726,-1.374,3.008
10.00,592,1.03569,3.5212,3.0947,-1.370,3.090
10.00,593,1.03570,3.5189,3.1167,-1.366,3.173
10.00,594,1.03571,3.5166,3.1386,-1.361,3.254
10.00,595,1.03571,3.5143,3.1605,-1.355,3.334
10.00,596,1.03572,3.5119,3.1824,-1.350,3.412
10.00,597,1.03572,3.5095,3.2042,-1.345,3.486
10.00,598,1.03573,3.5071,3.2260,-1.341,3.557
10.00,599,1.03573,3.5048,3.2477,-1.338,3.621
10.00,600,1.03574,3.5023,3.2694,-1.332,3.684
10.00,601,1.03574,3.4999,3.2911,-1.324,3.747
10.00,602,1.03575,3.4974,3.3127,-1.314,3.809
10.00,603,1.03575,3.4950,3.3342,-1.300,3.870
10.00,604,1.03575,3.4925,3.3555,-1.284,3.932
10.00,605,1.03576,3.4899,3.3767,-1.267,3.994
10.00,606,1.03576,3.4903,3.3734,-1.270,3.984
10.00,607,1.03576,3.5094,3.2163,-1.374,3.490
10.00,608,1.03576,3.5291,3.0438,-1.445,2.809
10.00,609,1.03576,3.5482,2.8702,-1.409,2.279
10.00,610,1.03576,3.5668,2.6958,-1.236,1.966
10.00,611,1.03576,3.5848,2.5205,-0.990,1.750
10.00,612,1.03576,3.6024,2.3443,-0.687,1.608
10.00,613,1.03576,3.6193,2.1671,-0.353,1.489
10.00,614,1.03576,3.6358,1.9892,0.004,1.387
10.00,615,1.03576,3.6512,1.8098,0.381,1.299
10.00,616,1.03576,3.6570,1.6920,0.651,1.267
10.00,617,1.03576,3.6434,1.8593,0.292,1.342
10.00,618,1.03576,3.6286,2.0396,-0.085,1.430
10.00,619,1.03576,3.6143,2.2055,-0.419,1.521
10.00,620,1.03576,3.6244,2.1005,-0.214,1.457
10.00,621,1.03576,3.6404,1.9220,0.149,1.359
10.00,622,1.03577,3.6420,1.8933,0.213,1.351
10.00,623,1.03577,3.6310,2.0269,-0.066,1.416
10.00,624,1.03577,3.6454,1.8721,0.251,1.332
10.00,625,1.03577,3.6510,1.7970,0.414,1.300
10.00,626,1.03578,3.6476,1.8519,0.291,1.320
10.00,627,1.03578,3.6615,1.6931,0.630,1.244
10.00,628,1.03579,3.6615,1.7141,0.578,1.245
10.00,629,1.03579,3.6590,1.7253,0.560,1.257
10.00,630,1.03580,3.6631,1.6831,0.649,1.236
10.00,631,1.03581,3.6643,1.6776,0.658,1.230
10.00,632,1.03581,3.6643,1.6776,0.658,1.230
10.00,633,1.03581,3.6643,1.6776,0.658,1.230
10.00,634,1.03581,3.6643,1.6776,0.658,1.230
10.00,635,1.03581,3.6643,1.6776,0.658,1.230
10.00,636,1.03581,3.6643,1.6776,0.658,1.230
10.00,637,1.03581,3.6643,1.6776,0.658,1.230
10.00,638,1.03581,3.6643,1.6776,0.658,1.230
10.00,639,1.03581,3.6643,1.6776,0.658,1.230
10.00,640,1.03581,3.6643,1.6776,0.658,1.230
10.00,641,1.03581,3.6643,1.6776,0.658,1.230
10.00,642,1.03581,3.6643,1.6776,0.658,1.230
10.00,643,1.03581,3.6643,1.6776,0.658,1.230
10.00,644,1.03581,3.6643,1.6776,0.658,1.230
10.00,645,1.03581,3.6643,1.6776,0.658,1.230
10.00,646,1.03581,3.6643,1.6776,0.658,1.230
10.00,647,1.03581,3.6643,1.6776,0.658,1.230
10.00,648,1.03581,3.6643,1.6776,0.658,1.230
10.00,649,1.03581,3.6643,1.6776,0.658,1.230
10.00,650,1.03581,3.6643,1.6776,0.658,1.230
10.00,651,1.03581,3.6643,1.6776,0.658,1.230
10.00,652,1.03581,3.6643,1.6776,0.658,1.230
10.00,653,1.03581,3.6643,1.6776,0.658,1.230
10.00,654,1.03581,3.6643,1.6776,0.658,1.230
10.00,655,1.03581,3.6647,1.6736,0.667,1.228
10.00,656,1.03584,3.6644,1.6752,0.664,1.230
10.00,657,1.03590,3.6635,1.6850,0.643,1.234
10.00,658,1.03615,3.6638,1.6879,0.634,1.233
10.00,659,1.03646,3.6653,1.6806,0.647,1.225
10.00,660,1.03679,3.6664,1.6771,0.651,1.220
10.00,661,1.03732,3.6677,1.6745,0.653,1.213
10.00,662,1.03784,3.6676,1.6821,0.634,1.214
10.00,663,1.03809,3.6673,1.6889,0.619,1.215
10.00,664,1.03824,3.6665,1.6980,0.599,1.219
10.00,665,1.03841,3.6659,1.7059,0.581,1.223
10.00,666,1.03858,3.6655,1.7118,0.568,1.225
10.00,667,1.03866,3.6647,1.7206,0.549,1.229
10.00,668,1.03872,3.6636,1.7315,0.526,1.234
10.00,669,1.03876,3.6626,1.7423,0.503,1.239
10.00,670,1.03879,3.6615,1.7535,0.479,1.245
10.00,671,1.03882,3.6605,1.7642,0.456,1.250
10.00,672,1.03884,3.6594,1.7753,0.433,1.256
10.00,673,1.03886,3.6583,1.7866,0.409,1.262
10.00,674,1.03887,3.6572,1.7979,0.385,1.267
10.00,675,1.03889,3.6561,1.8092,0.361,1.273
10.00,676,1.03890,3.6564,1.8070,0.366,1.272
10.00,677,1.03890,3.6573,1.7980,0.384,1.267
10.00,678,1.03890,3.6583,1.7885,0.404,1.262
10.00,679,1.03891,3.6593,1.7790,0.424,1.257
10.00,680,1.03891,3.6602,1.7695,0.444,1.252
10.00,681,1.03891,3.6614,1.7583,0.467,1.246
10.00,682,1.03892,3.6625,1.7465,0.493,1.240
10.00,683,1.03893,3.6619,1.7514,0.483,1.243
10.00,684,1.03895,3.6608,1.7624,0.459,1.249
10.00,685,1.03897,3.6597,1.7735,0.436,1.254
10.00,686,1.03898,3.6587,1.7846,0.412,1.260
10.00,687,1.03900,3.6576,1.7958,0.389,1.266
10.00,688,1.03901,3.6565,1.8071,0.365,1.271
10.00,689,1.03902,3.6554,1.8184,0.341,1.277
10.00,690,1.03902,3.6543,1.8298,0.317,1.283
10.00,691,1.03903,3.6532,1.8411,0.294,1.289
10.00,692,1.03904,3.6521,1.8526,0.270,1.295
10.00,693,1.03904,3.6510,1.8640,0.246,1.301
10.00,694,1.03904,3.6499,1.8754,0.222,1.307
10.00,695,1.03905,3.6488,1.8869,0.198,1.313
10.00,696,1.03905,3.6477,1.8984,0.174,1.319
10.00,697,1.03905,3.6466,1.9098,0.151,1.325
10.00,698,1.03906,3.6456,1.9213,0.127,1.331
10.00,699,1.03906,3.6445,1.9327,0.103,1.337
10.00,700,1.03906,3.6434,1.9441,0.080,1.343
10.00,701,1.03906,3.6423,1.9555,0.056,1.349
10.00,702,1.03906,3.6412,1.9668,0.033,1.356
10.00,703,1.03906,3.6401,1.9782,0.010,1.362
10.00,704,1.03906,3.6391,1.9894,-0.013,1.368
10.00,705,1.03906,3.6380,2.0006,-0.036,1.374
10.00,706,1.03906,3.6369,2.0118,-0.059,1.381
10.00,707,1.03906,3.6359,2.0229,-0.081,1.387
10.05,242,0.10000,3.4606,-3.0002,13.799,3.598
10.05,244,0.10908,3.4669,-2.9209,13.521,3.457
10.05,246,0.11791,3.4732,-2.8436,13.253,3.322
10.05,248,0.12725,3.4797,-2.7619,12.973,3.182
10.05,250,0.13636,3.4862,-2.6821,12.703,3.047
10.05,252,0.14562,3.4927,-2.6010,12.431,2.914
10.05,254,0.16229,3.4992,-2.5010,12.115,2.787
10.05,256,0.18509,3.5055,-2.3861,11.764,2.673
10.05,258,0.20378,3.5105,-2.2953,11.489,2.591
10.05,260,0.21524,3.5133,-2.2490,11.347,2.548
10.05,262,0.22665,3.5162,-2.2027,11.206,2.508
10.05,264,0.23797,3.5190,-2.1565,11.067,2.470
10.05,266,0.24923,3.5218,-2.1104,10.931,2.437
10.05,268,0.26207,3.5249,-2.0660,10.797,2.401
10.05,270,0.27463,3.5279,-2.0231,10.667,2.367
10.05,272,0.28714,3.5309,-1.9806,10.540,2.334
10.05,274,0.29908,3.5338,-1.9401,10.418,2.304
10.05,276,0.30919,3.5365,-1.9079,10.319,2.276
10.05,278,0.31197,3.5372,-1.8995,10.293,2.268
10.05,280,0.31416,3.5377,-1.8930,10.273,2.263
10.05,282,0.31640,3.5382,-1.8863,10.253,2.257
10.05,284,0.31873,3.5388,-1.8794,10.231,2.251
10.05,286,0.32367,3.5399,-1.8650,10.188,2.239
10.05,288,0.33229,3.5418,-1.8409,10.114,2.220
10.05,290,0.34061,3.5435,-1.8188,10.047,2.202
10.05,292,0.34548,3.5444,-1.8067,10.010,2.192
10.05,294,0.35025,3.5453,-1.7947,9.974,2.182
10.05,296,0.35686,3.5466,-1.7761,9.917,2.167
10.05,298,0.36180,3.5477,-1.7625,9.875,2.155
10.05,300,0.36508,3.5484,-1.7533,9.846,2.146
10.05,302,0.36828,3.5491,-1.7442,9.818,2.137
10.05,304,0.37154,3.5499,-1.7351,9.789,2.129
10.05,306,0.37521,3.5506,-1.7252,9.759,2.120
10.05,308,0.37865,3.5514,-1.7157,9.730,2.113
10.05,310,0.38892,3.5534,-1.6877,9.645,2.091
10.05,312,0.41329,3.5583,-1.6215,9.446,2.041
10.05,314,0.44029,3.5638,-1.5475,9.225,1.987
10.05,316,0.46302,3.5688,-1.4832,9.032,1.939
10.05,318,0.48335,3.5737,-1.4242,8.854,1.894
10.05,320,0.50329,3.5787,-1.3657,8.679,1.850
10.05,322,0.52382,3.5847,-1.3028,8.488,1.799
10.05,324,0.54394,3.5906,-1.2406,8.302,1.752
10.05,326,0.56189,3.5966,-1.1839,8.129,1.705
10.05,328,0.57874,3.6026,-1.1298,7.964,1.659
10.05,330,0.59508,3.6085,-1.0768,7.801,1.614
10.05,332,0.61079,3.6156,-1.0251,7.637,1.561
10.05,334,0.62630,3.6231,-0.9734,7.471,1.506
10.05,336,0.64187,3.6309,-0.9210,7.303,1.452
10.05,338,0.65723,3.6387,-0.8685,7.135,1.399
10.05,340,0.67253,3.6465,-0.8155,6.966,1.347
10.05,342,0.68784,3.6546,-0.7616,6.797,1.296
10.05,344,0.70315,3.6626,-0.7085,6.632,1.249
10.05,346,0.71908,3.6699,-0.6589,6.481,1.207
10.05,348,0.73479,3.6772,-0.6093,6.332,1.168
10.05,350,0.75026,3.6844,-0.5596,6.185,1.131
10.05,352,0.76547,3.6915,-0.5097,6.039,1.096
10.05,353,0.77291,3.6949,-0.4850,5.968,1.079
10.05,354,0.77580,3.6963,-0.4752,5.940,1.072
10.05,356,0.78143,3.6989,-0.4562,5.886,1.059
10.05,358,0.78698,3.7015,-0.4374,5.832,1.046
10.05,360,0.79246,3.7040,-0.4186,5.779,1.034
10.05,362,0.79787,3.7065,-0.3998,5.727,1.022
10.05,364,0.80318,3.7090,-0.3813,5.675,1.010
10.05,366,0.80845,3.7114,-0.3627,5.623,0.999
10.05,368,0.81362,3.7138,-0.3444,5.572,0.989
10.05,370,0.81873,3.7161,-0.3260,5.522,0.979
10.05,372,0.82377,3.7184,-0.3077,5.472,0.969
10.05,374,0.82873,3.7206,-0.2896,5.422,0.960
10.05,376,0.83361,3.7228,-0.2716,5.373,0.950
10.05,378,0.83843,3.7250,-0.2536,5.324,0.941
10.05,380,0.84317,3.7271,-0.2357,5.276,0.932
10.05,382,0.84784,3.7291,-0.2179,5.229,0.923
10.05,384,0.85242,3.7311,-0.2002,5.181,0.914
10.05,386,0.85694,3.7331,-0.1826,5.135,0.906
10.05,388,0.86138,3.7350,-0.1650,5.088,0.898
10.05,390,0.86575,3.7368,-0.1475,5.042,0.890
10.05,392,0.87004,3.7386,-0.1302,4.996,0.882
10.05,394,0.87426,3.7403,-0.1129,4.951,0.874
10.05,396,0.87840,3.7419,-0.0957,4.906,0.867
10.05,398,0.88247,3.7435,-0.0786,4.862,0.861
10.05,400,0.88647,3.7451,-0.0615,4.817,0.854
10.05,402,0.89041,3.7465,-0.0446,4.773,0.848
10.05,404,0.89429,3.7479,-0.0277,4.730,0.842
10.05,406,0.89813,3.7492,-0.0110,4.687,0.836
10.05,408,0.90214,3.7503,0.0053,4.645,0.832
10.05,410,0.90633,3.7512,0.0211,4.605,0.828
10.05,412,0.91049,3.7520,0.0367,4.565,0.824
10.05,414,0.91455,3.7527,0.0522,4.526,0.821
10.05,416,0.91846,3.7534,0.0675,4.487,0.818
10.05,418,0.92216,3.7540,0.0826,4.449,0.816
10.05,420,0.92571,3.7545,0.0976,4.411,0.813
10.05,422,0.92914,3.7550,0.1125,4.374,0.811
10.05,424,0.93246,3.7554,0.1272,4.336,0.809
10.05,426,0.93568,3.7557,0.1419,4.300,0.808
10.05,428,0.93880,3.7560,0.1564,4.263,0.807
10.05,430,0.94181,3.7561,0.1706,4.227,0.806
10.05,432,0.94470,3.7562,0.1846,4.192,0.806
10.05,434,0.94747,3.7561,0.1983,4.158,0.806
10.05,436,0.95012,3.7560,0.2116,4.125,0.806
10.05,438,0.95266,3.7557,0.2246,4.093,0.807
10.05,440,0.95510,3.7554,0.2373,4.061,0.809
10.05,442,0.95742,3.7549,0.2495,4.031,0.811
10.05,444,0.95960,3.7543,0.2612,4.002,0.813
10.05,446,0.96164,3.7536,0.2723,3.975,0.816
10.05,448,0.96354,3.7528,0.2828,3.949,0.820
10.05,450,0.96528,3.7519,0.2925,3.926,0.824
10.05,452,0.96675,3.7509,0.3010,3.905,0.828
10.05,454,0.96818,3.7498,0.3089,3.886,0.833
10.05,455,0.97038,3.7477,0.3207,3.859,0.842
10.05,456,0.97238,3.7454,0.3310,3.835,0.852
10.05,457,0.97415,3.7428,0.3394,3.817,0.863
10.05,458,0.97571,3.7400,0.3462,3.803,0.875
10.05,459,0.97706,3.7370,0.3512,3.794,0.888
10.05,460,0.97824,3.7339,0.3547,3.790,0.902
10.05,461,0.97928,3.7306,0.3570,3.789,0.917
10.05,462,0.98021,3.7271,0.3584,3.791,0.932
10.05,463,0.98108,3.7235,0.3592,3.795,0.948
10.05,464,0.98189,3.7198,0.3599,3.800,0.963
10.05,465,0.98264,3.7161,0.3610,3.804,0.979
10.05,466,0.98338,3.7122,0.3630,3.807,0.996
10.05,467,0.98409,3.7084,0.3668,3.806,1.013
10.05,468,0.98481,3.7047,0.3730,3.799,1.030
10.05,469,0.98552,3.7012,0.3824,3.784,1.046
10.05,470,0.98622,3.6981,0.3951,3.760,1.062
10.05,471,0.98690,3.6955,0.4108,3.727,1.074
10.05,472,0.98756,3.6933,0.4289,3.688,1.085
10.05,473,0.98817,3.6915,0.4487,3.644,1.093
10.05,474,0.98876,3.6901,0.4696,3.595,1.100
10.05,475,0.98932,3.6889,0.4913,3.545,1.105
10.05,476,0.98985,3.6879,0.5135,3.492,1.110
10.05,477,0.99036,3.6870,0.5361,3.438,1.114
10.05,478,0.99085,3.6863,0.5590,3.383,1.117
10.05,479,0.99132,3.6856,0.5821,3.327,1.121
10.05,480,0.99177,3.6850,0.6053,3.271,1.123
10.05,481,0.99220,3.6844,0.6287,3.215,1.126
10.05,482,0.99262,3.6839,0.6521,3.158,1.129
10.05,483,0.99302,3.6833,0.6756,3.100,1.132
10.05,484,0.99341,3.6827,0.6992,3.043,1.134
10.05,485,0.99378,3.6822,0.7228,2.986,1.137
10.05,486,0.99413,3.6816,0.7465,2.928,1.140
10.05,487,0.99447,3.6810,0.7702,2.871,1.143
10.05,488,0.99480,3.6804,0.7939,2.814,1.146
10.05,489,0.99511,3.6798,0.8177,2.756,1.149
10.05,490,0.99541,3.6791,0.8414,2.699,1.152
10.05,491,0.99570,3.6784,0.8652,2.642,1.156
10.05,492,0.99598,3.6777,0.8890,2.585,1.159
10.05,493,0.99624,3.6770,0.9127,2.528,1.163
10.05,494,0.99649,3.6762,0.9365,2.471,1.167
10.05,495,0.99673,3.6754,0.9603,2.414,1.170
10.05,496,0.99696,3.6746,0.9841,2.357,1.174
10.05,497,0.99718,3.6738,1.0078,2.301,1.179
10.05,498,0.99738,3.6729,1.0316,2.244,1.183
10.05,499,0.99758,3.6720,1.0553,2.188,1.187
10.05,500,0.99777,3.6711,1.0791,2.132,1.192
10.05,501,0.99796,3.6701,1.1028,2.076,1.197
10.05,502,0.99813,3.6692,1.1265,2.020,1.202
10.05,503,0.99830,3.6682,1.1502,1.964,1.207
10.05,504,0.99846,3.6671,1.1739,1.909,1.212
10.05,505,0.99861,3.6661,1.1975,1.853,1.218
10.05,506,0.99876,3.6651,1.2212,1.798,1.223
10.05,507,0.99890,3.6640,1.2448,1.743,1.229
10.05,508,0.99903,3.6628,1.2684,1.688,1.235
10.05,509,0.99916,3.6617,1.2921,1.633,1.241
10.05,510,0.99929,3.6606,1.3156,1.579,1.247
10.05,511,0.99941,3.6594,1.3392,1.525,1.253
10.05,512,0.99953,3.6582,1.3627,1.471,1.259
10.05,513,0.99965,3.6570,1.3863,1.417,1.266
10.05,514,0.99977,3.6558,1.4097,1.363,1.272
10.05,515,0.99989,3.6546,1.4332,1.309,1.279
10.05,516,1.00008,3.6534,1.4561,1.257,1.285
10.05,517,1.00032,3.6548,1.4389,1.294,1.277
10.05,518,1.00042,3.6563,1.4159,1.345,1.269
10.05,519,1.00057,3.6558,1.4297,1.313,1.272
10.05,520,1.00068,3.6545,1.4532,1.260,1.279
10.05,521,1.00078,3.6532,1.4767,1.206,1.286
10.05,522,1.00087,3.6518,1.5001,1.154,1.293
10.05,523,1.00096,3.6505,1.5236,1.101,1.301
10.05,524,1.00104,3.6491,1.5470,1.048,1.309
10.05,525,1.00113,3.6477,1.5705,0.995,1.317
10.05,526,1.00120,3.6463,1.5939,0.943,1.325
10.05,527,1.00128,3.6448,1.6173,0.891,1.333
10.05,528,1.00135,3.6434,1.6406,0.839,1.341
10.05,529,1.00142,3.6419,1.6640,0.788,1.350
10.05,530,1.00148,3.6404,1.6874,0.736,1.358
10.05,531,1.00155,3.6389,1.7107,0.685,1.367
10.05,532,1.00161,3.6374,1.7340,0.634,1.376
10.05,533,1.00166,3.6359,1.7573,0.583,1.385
10.05,534,1.00172,3.6343,1.7806,0.533,1.394
10.05,535,1.00177,3.6327,1.8038,0.483,1.404
10.05,536,1.00182,3.6312,1.8270,0.433,1.413
10.05,537,1.00187,3.6296,1.8503,0.384,1.423
10.05,538,1.00191,3.6280,1.8735,0.334,1.433
10.05,539,1.00196,3.6263,1.8967,0.285,1.443
10.05,540,1.00200,3.6247,1.9198,0.236,1.454
10.05,541,1.00204,3.6230,1.9430,0.188,1.464
10.05,542,1.00207,3.6213,1.9661,0.139,1.475
10.05,543,1.00211,3.6196,1.9892,0.091,1.486
10.05,544,1.00215,3.6179,2.0122,0.044,1.497
10.05,545,1.00218,3.6161,2.0353,-0.004,1.508
10.05,546,1.00221,3.6144,2.0583,-0.051,1.520
10.05,547,1.00224,3.6126,2.0813,-0.098,1.532
10.05,548,1.00227,3.6108,2.1043,-0.144,1.544
10.05,549,1.00230,3.6090,2.1273,-0.190,1.557
10.05,550,1.00233,3.6072,2.1503,-0.235,1.570
10.05,551,1.00235,3.6054,2.1732,-0.280,1.584
10.05,552,1.00238,3.6035,2.1961,-0.324,1.598
10.05,553,1.00240,3.6016,2.2190,-0.367,1.613
10.05,554,1.00242,3.5998,2.2419,-0.410,1.628
10.05,555,1.00244,3.5979,2.2647,-0.453,1.643
10.05,556,1.00246,3.5960,2.2876,-0.496,1.658
10.05,557,1.00248,3.5940,2.3104,-0.538,1.673
10.05,558,1.00250,3.5921,2.3332,-0.580,1.688
10.05,559,1.00252,3.5901,2.3559,-0.621,1.704
10.05,560,1.00254,3.5882,2.3787,-0.662,1.721
10.05,561,1.00256,3.5862,2.4014,-0.702,1.738
10.05,562,1.00257,3.5842,2.4241,-0.741,1.756
10.05,563,1.00259,3.5821,2.4467,-0.779,1.776
10.05,564,1.00260,3.5801,2.4694,-0.817,1.797
10.05,565,1.00262,3.5781,2.4920,-0.853,1.819
10.05,566,1.00263,3.5760,2.5146,-0.888,1.843
10.05,567,1.00264,3.5740,2.5372,-0.922,1.869
10.05,568,1.00266,3.5719,2.5597,-0.955,1.896
10.05,569,1.00267,3.5699,2.5823,-0.987,1.924
10.05,570,1.00268,3.5678,2.6048,-1.018,1.954
10.05,571,1.00269,3.5657,2.6273,-1.048,1.985
10.05,572,1.00270,3.5635,2.6497,-1.076,2.017
10.05,573,1.00271,3.5614,2.6722,-1.104,2.050
10.05,574,1.00272,3.5593,2.6946,-1.131,2.085
10.05,575,1.00273,3.5571,2.7170,-1.157,2.121
10.05,576,1.00274,3.5549,2.7394,-1.182,2.158
10.05,577,1.00275,3.5528,2.7617,-1.206,2.197
10.05,578,1.00276,3.5506,2.7841,-1.229,2.236
10.05,579,1.00277,3.5484,2.8064,-1.250,2.279
10.05,580,1.00278,3.5462,2.8287,-1.270,2.322
10.05,581,1.00278,3.5440,2.8510,-1.289,2.369
10.05,582,1.00279,3.5418,2.8733,-1.304,2.421
10.05,583,1.00280,3.5396,2.8955,-1.315,2.479
10.05,584,1.00281,3.5373,2.9178,-1.323,2.542
10.05,585,1.00281,3.5351,2.9400,-1.328,2.610
10.05,586,1.00282,3.5328,2.9622,-1.331,2.683
10.05,587,1.00283,3.5306,2.9844,-1.331,2.759
10.05,588,1.00283,3.5283,3.0065,-1.329,2.838
10.05,589,1.00284,3.5260,3.0287,-1.328,2.918
10.05,590,1.00284,3.5237,3.0509,-1.324,3.001
10.05,591,1.00285,3.5214,3.0730,-1.320,3.084
10.05,592,1.00285,3.5191,3.0951,-1.316,3.166
10.05,593,1.00286,3.5168,3.1171,-1.312,3.247
10.05,594,1.00287,3.5144,3.1391,-1.306,3.328
10.05,595,1.00287,3.5121,3.1611,-1.301,3.407
10.05,596,1.00287,3.5097,3.1831,-1.296,3.481
10.05,597,1.00288,3.5073,3.2050,-1.292,3.552
10.05,598,1.00288,3.5049,3.2268,-1.289,3.617
10.05,599,1.00289,3.5024,3.2486,-1.284,3.680
10.05,600,1.00289,3.5000,3.2704,-1.276,3.743
10.05,601,1.00290,3.4975,3.2922,-1.266,3.805
10.05,602,1.00290,3.4950,3.3138,-1.253,3.867
10.05,603,1.00290,3.4925,3.3352,-1.237,3.929
10.05,604,1.00291,3.4900,3.3566,-1.219,3.992
10.05,605,1.00291,3.4874,3.3777,-1.200,4.054
10.05,606,1.00291,3.4878,3.3746,-1.203,4.045
10.05,607,1.00291,3.5066,3.2223,-1.319,3.572
10.05,608,1.00291,3.5263,3.0509,-1.393,2.906
10.05,609,1.00291,3.5454,2.8781,-1.383,2.335
10.05,610,1.00291,3.5641,2.7046,-1.224,2.006
10.05,611,1.00291,3.5822,2.5303,-0.991,1.774
10.05,612,1.00291,3.5999,2.3550,-0.695,1.628
10.05,613,1.00291,3.6169,2.1788,-0.368,1.504
10.05,614,1.00291,3.6335,2.0019,-0.017,1.401
10.05,615,1.00291,3.6492,1.8237,0.355,1.310
10.05,616,1.00291,3.6613,1.6412,0.761,1.245
10.05,617,1.00291,3.6479,1.7885,0.449,1.317
10.05,618,1.00291,3.6334,1.9684,0.068,1.401
10.05,619,1.00291,3.6181,2.1472,-0.296,1.497
10.05,620,1.00292,3.6204,2.1294,-0.264,1.482
10.05,621,1.00292,3.6366,1.9520,0.092,1.382
10.05,622,1.00292,3.6459,1.8336,0.345,1.328
10.05,623,1.00292,3.6309,2.0119,-0.028,1.416
10.05,624,1.00292,3.6426,1.8909,0.217,1.347
10.05,625,1.00292,3.6540,1.7517,0.514,1.284
10.05,626,1.00293,3.6459,1.8568,0.287,1.329
10.05,627,1.00293,3.6622,1.6806,0.659,1.241
10.05,628,1.00293,3.6597,1.7240,0.560,1.254
10.05,629,1.00294,3.6589,1.7165,0.582,1.258
10.05,630,1.00295,3.6646,1.6599,0.701,1.229
10.05,631,1.00296,3.6637,1.6743,0.669,1.233
10.05,632,1.00296,3.6637,1.6742,0.669,1.233
10.05,633,1.00296,3.6637,1.6742,0.669,1.233
10.05,634,1.00296,3.6637,1.6742,0.669,1.233
10.05,635,1.00296,3.6637,1.6742,0.669,1.233
10.05,636,1.00296,3.6637,1.6742,0.669,1.233
10.05,637,1.00296,3.6637,1.6742,0.669,1.233
10.05,638,1.00296,3.6637,1.6742,0.669,1.233
10.05,639,1.00296,3.6637,1.6742,0.669,1.233
10.05,640,1.00296,3.6637,1.6742,0.669,1.233
10.05,641,1.00296,3.6637,1.6742,0.669,1.233
10.05,642,1.00296,3.6637,1.6742,0.669,1.233
10.05,643,1.00296,3.6637,1.6742,0.669,1.233
10.05,644,1.00296,3.6637,1.6742,0.669,1.233
10.05,645,1.00296,3.6637,1.6742,0.669,1.233
10.05,646,1.00296,3.6637,1.6742,0.669,1.233
10.05,647,1.00296,3.6637,1.6742,0.669,1.233
10.05,648,1.00296,3.6637,1.6742,0.669,1.233
10.05,649,1.00296,3.6637,1.6742,0.669,1.233
10.05,650,1.00296,3.6637,1.6742,0.669,1.233
10.05,651,1.00296,3.6637,1.6742,0.669,1.233
10.05,652,1.00296,3.6637,1.6742,0.669,1.233
10.05,653,1.00296,3.6637,1.6742,0.669,1.233
10.05,654,1.00296,3.6637,1.6742,0.669,1.233
10.05,655,1.00296,3.6637,1.6742,0.669,1.233
10.05,656,1.00296,3.6637,1.6742,0.669,1.233
10.05,657,1.00296,3.6637,1.6741,0.669,1.233
10.05,658,1.00296,3.6639,1.6725,0.673,1.232
10.05,659,1.00296,3.6649,1.6617,0.696,1.227
10.05,660,1.00298,3.6645,1.6650,0.689,1.229
10.05,661,1.00304,3.6634,1.6761,0.665,1.235
10.05,662,1.00324,3.6632,1.6837,0.647,1.236
10.05,663,1.00350,3.6647,1.6764,0.659,1.228
10.05,664,1.00379,3.6660,1.6715,0.667,1.222
10.05,665,1.00408,3.6671,1.6680,0.671,1.216
10.05,666,1.00454,3.6683,1.6652,0.674,1.210
10.05,667,1.00488,3.6681,1.6717,0.658,1.211
10.05,668,1.00510,3.6678,1.6777,0.645,1.213
10.05,669,1.00520,3.6669,1.6866,0.626,1.217
10.05,670,1.00530,3.6664,1.6931,0.612,1.220
10.05,671,1.00535,3.6656,1.7006,0.595,1.224
10.05,672,1.00540,3.6647,1.7102,0.575,1.229
10.05,673,1.00544,3.6638,1.7192,0.556,1.233
10.05,674,1.00548,3.6630,1.7278,0.537,1.237
10.05,675,1.00552,3.6630,1.7283,0.536,1.237
10.05,676,1.00554,3.6620,1.7383,0.515,1.242
10.05,677,1.00556,3.6610,1.7483,0.494,1.248
10.05,678,1.00559,3.6601,1.7580,0.473,1.252
10.05,679,1.00561,3.6591,1.7680,0.452,1.257
10.05,680,1.00562,3.6596,1.7639,0.460,1.255
10.05,681,1.00562,3.6605,1.7545,0.480,1.250
10.05,682,1.00564,3.6605,1.7546,0.480,1.250
10.05,683,1.00566,3.6595,1.7647,0.459,1.255
10.05,684,1.00567,3.6585,1.7748,0.437,1.261
10.05,685,1.00568,3.6575,1.7851,0.416,1.266
10.05,686,1.00569,3.6565,1.7953,0.394,1.271
10.05,687,1.00570,3.6555,1.8056,0.373,1.276
10.05,688,1.00570,3.6545,1.8159,0.351,1.282
10.05,689,1.00571,3.6535,1.8262,0.330,1.287
10.05,690,1.00571,3.6525,1.8365,0.308,1.293
10.05,691,1.00572,3.6515,1.8469,0.287,1.298
10.05,692,1.00572,3.6505,1.8573,0.265,1.304
10.05,693,1.00573,3.6495,1.8677,0.243,1.309
10.05,694,1.00573,3.6485,1.8781,0.222,1.315
10.05,695,1.00573,3.6475,1.8884,0.200,1.320
10.05,696,1.00573,3.6465,1.8989,0.179,1.326
10.05,697,1.00573,3.6455,1.9092,0.157,1.331
10.05,698,1.00574,3.6445,1.9196,0.136,1.337
10.05,699,1.00574,3.6435,1.9299,0.115,1.342
10.05,700,1.00574,3.6425,1.9403,0.093,1.348
10.05,701,1.00574,3.6415,1.9506,0.072,1.354
10.05,702,1.00574,3.6405,1.9608,0.051,1.359
10.05,703,1.00574,3.6396,1.9711,0.030,1.365
10.05,704,1.00574,3.6386,1.9813,0.009,1.371
10.05,705,1.00574,3.6376,1.9914,-0.011,1.376
10.05,706,1.00574,3.6366,2.0016,-0.032,1.382
10.05,707,1.00574,3.6357,2.0116,-0.052,1.388
10.10,244,0.10000,3.4606,-2.9999,13.798,3.597
10.10,246,0.10716,3.4656,-2.9373,13.578,3.485
10.10,248,0.11651,3.4722,-2.8554,13.293,3.342
10.10,250,0.12552,3.4786,-2.7766,13.022,3.206
10.10,252,0.13481,3.4851,-2.6951,12.747,3.068
10.10,254,0.14406,3.4917,-2.6140,12.475,2.934
10.10,256,0.15835,3.4982,-2.5198,12.172,2.806
10.10,258,0.18083,3.5044,-2.4060,11.825,2.692
10.10,260,0.20145,3.5100,-2.3023,11.511,2.598
10.10,262,0.21289,3.5128,-2.2559,11.369,2.555
10.10,264,0.22425,3.5156,-2.2096,11.228,2.515
10.10,266,0.23555,3.5184,-2.1634,11.089,2.477
10.10,268,0.24668,3.5212,-2.1178,10.954,2.443
10.10,270,0.25896,3.5242,-2.0736,10.821,2.409
10.10,272,0.27164,3.5273,-2.0304,10.690,2.374
10.10,274,0.28383,3.5302,-1.9890,10.566,2.342
10.10,276,0.29553,3.5330,-1.9495,10.447,2.312
10.10,278,0.30629,3.5358,-1.9146,10.341,2.283
10.10,280,0.31138,3.5371,-1.8989,10.292,2.269
10.10,282,0.31355,3.5376,-1.8924,10.273,2.264
10.10,284,0.31586,3.5382,-1.8856,10.252,2.258
10.10,286,0.31813,3.5387,-1.8788,10.231,2.252
10.10,288,0.32200,3.5396,-1.8676,10.197,2.243
10.10,290,0.33037,3.5415,-1.8440,10.124,2.223
10.10,292,0.33898,3.5432,-1.8211,10.055,2.204
10.10,294,0.34416,3.5442,-1.8081,10.015,2.194
10.10,296,0.34879,3.5451,-1.7965,9.980,2.185
10.10,298,0.35480,3.5463,-1.7802,9.930,2.171
10.10,300,0.36067,3.5475,-1.7643,9.881,2.156
10.10,302,0.36392,3.5483,-1.7551,9.852,2.147
10.10,304,0.36701,3.5490,-1.7462,9.824,2.138
10.10,306,0.37006,3.5497,-1.7372,9.795,2.130
10.10,308,0.37358,3.5505,-1.7276,9.766,2.122
10.10,310,0.37702,3.5512,-1.7179,9.736,2.114
10.10,312,0.38164,3.5522,-1.7050,9.697,2.103
10.10,314,0.39892,3.5556,-1.6579,9.555,2.067
10.10,316,0.42590,3.5611,-1.5838,9.333,2.013
10.10,318,0.45175,3.5664,-1.5120,9.119,1.961
10.10,320,0.47182,3.5712,-1.4537,8.942,1.915
10.10,322,0.49139,3.5760,-1.3963,8.770,1.872
10.10,324,0.51134,3.5814,-1.3359,8.588,1.825
10.10,326,0.53154,3.5874,-1.2732,8.399,1.776
10.10,328,0.55112,3.5934,-1.2117,8.214,1.729
10.10,330,0.56777,3.5994,-1.1579,8.050,1.683
10.10,332,0.58404,3.6053,-1.1047,7.887,1.637
10.10,334,0.60005,3.6113,-1.0518,7.725,1.592
10.10,336,0.61561,3.6190,-0.9994,7.556,1.536
10.10,338,0.63104,3.6267,-0.9469,7.387,1.480
10.10,340,0.64639,3.6346,-0.8939,7.217,1.426
10.10,342,0.66173,3.6426,-0.8401,7.045,1.372
10.10,344,0.67688,3.6506,-0.7860,6.874,1.320
10.10,346,0.69187,3.6588,-0.7316,6.705,1.270
10.10,348,0.70716,3.6667,-0.6788,6.543,1.225
10.10,350,0.72274,3.6740,-0.6286,6.391,1.185
10.10,352,0.73807,3.6812,-0.5782,6.241,1.146
10.10,353,0.74556,3.6847,-0.5533,6.168,1.129
10.10,354,0.74851,3.6861,-0.5434,6.139,1.122
10.10,356,0.75426,3.6889,-0.5239,6.082,1.108
10.10,358,0.75993,3.6915,-0.5045,6.026,1.095
10.10,360,0.76552,3.6942,-0.4853,5.971,1.082
10.10,362,0.77105,3.6968,-0.4661,5.916,1.069
10.10,364,0.77646,3.6993,-0.4471,5.862,1.056
10.10,366,0.78184,3.7019,-0.4280,5.808,1.043
10.10,368,0.78711,3.7044,-0.4092,5.755,1.031
10.10,370,0.79232,3.7068,-0.3904,5.703,1.020
10.10,372,0.79746,3.7092,-0.3717,5.650,1.009
10.10,374,0.80250,3.7115,-0.3531,5.599,0.998
10.10,376,0.80747,3.7138,-0.3346,5.548,0.988
10.10,378,0.81237,3.7161,-0.3161,5.497,0.978
10.10,380,0.81719,3.7183,-0.2977,5.447,0.969
10.10,382,0.82193,3.7205,-0.2795,5.397,0.960
10.10,384,0.82659,3.7226,-0.2613,5.348,0.951
10.10,386,0.83117,3.7246,-0.2433,5.300,0.942
10.10,388,0.83567,3.7266,-0.2253,5.251,0.934
10.10,390,0.84009,3.7285,-0.2074,5.204,0.925
10.10,392,0.84444,3.7304,-0.1895,5.156,0.917
10.10,394,0.84870,3.7323,-0.1718,5.109,0.909
10.10,396,0.85288,3.7340,-0.1542,5.063,0.901
10.10,398,0.85698,3.7357,-0.1366,5.017,0.894
10.10,400,0.86102,3.7373,-0.1191,4.971,0.887
10.10,402,0.86498,3.7389,-0.1018,4.925,0.880
10.10,404,0.86887,3.7404,-0.0845,4.880,0.873
10.10,406,0.87271,3.7418,-0.0673,4.836,0.867
10.10,408,0.87650,3.7432,-0.0503,4.792,0.862
10.10,410,0.88025,3.7444,-0.0334,4.748,0.856
10.10,412,0.88396,3.7456,-0.0167,4.705,0.851
10.10,414,0.88763,3.7466,-0.0002,4.663,0.847
10.10,416,0.89116,3.7476,0.0160,4.621,0.843
10.10,418,0.89451,3.7485,0.0320,4.581,0.839
10.10,420,0.89770,3.7492,0.0476,4.541,0.835
10.10,422,0.90083,3.7499,0.0630,4.502,0.833
10.10,424,0.90410,3.7504,0.0780,4.464,0.831
10.10,426,0.90728,3.7507,0.0928,4.427,0.829
10.10,428,0.91034,3.7510,0.1075,4.390,0.828
10.10,430,0.91329,3.7512,0.1219,4.353,0.827
10.10,432,0.91612,3.7513,0.1360,4.318,0.826
10.10,434,0.91883,3.7513,0.1499,4.283,0.826
10.10,436,0.92142,3.7512,0.1634,4.250,0.827
10.10,438,0.92389,3.7510,0.1765,4.217,0.827
10.10,440,0.92627,3.7507,0.1893,4.185,0.829
10.10,442,0.92853,3.7502,0.2017,4.155,0.831
10.10,444,0.93065,3.7497,0.2135,4.126,0.833
10.10,446,0.93263,3.7490,0.2248,4.098,0.836
10.10,448,0.93448,3.7482,0.2354,4.072,0.839
10.10,450,0.93618,3.7473,0.2453,4.048,0.843
10.10,452,0.93761,3.7463,0.2539,4.028,0.847
10.10,454,0.93897,3.7452,0.2620,4.009,0.852
10.10,455,0.94107,3.7431,0.2739,3.981,0.861
10.10,456,0.94299,3.7408,0.2844,3.957,0.871
10.10,457,0.94469,3.7383,0.2932,3.938,0.882
10.10,458,0.94618,3.7355,0.3004,3.924,0.894
10.10,459,0.94749,3.7325,0.3061,3.914,0.907
10.10,460,0.94863,3.7294,0.3103,3.908,0.922
10.10,461,0.94963,3.7261,0.3135,3.905,0.936
10.10,462,0.95054,3.7226,0.3160,3.905,0.951
10.10,463,0.95136,3.7190,0.3182,3.906,0.966
10.10,464,0.95213,3.7153,0.3205,3.907,0.982
10.10,465,0.95285,3.7116,0.3236,3.907,0.998
10.10,466,0.95355,3.7078,0.3280,3.904,1.015
10.10,467,0.95423,3.7042,0.3344,3.897,1.032
10.10,468,0.95491,3.7007,0.3435,3.882,1.049
10.10,469,0.95557,3.6976,0.3555,3.860,1.064
10.10,470,0.95621,3.6949,0.3705,3.830,1.077
10.10,471,0.95683,3.6925,0.3879,3.793,1.088
10.10,472,0.95742,3.6907,0.4073,3.750,1.097
10.10,473,0.95797,3.6891,0.4280,3.702,1.104
10.10,474,0.95850,3.6879,0.4495,3.652,1.110
10.10,475,0.95900,3.6868,0.4717,3.600,1.115
10.10,476,0.95948,3.6860,0.4944,3.546,1.119
10.10,477,0.95994,3.6852,0.5173,3.491,1.122
10.10,478,0.96038,3.6846,0.5404,3.435,1.126
10.10,479,0.96081,3.6839,0.5638,3.378,1.128
10.10,480,0.96121,3.6834,0.5872,3.321,1.131
10.10,481,0.96160,3.6829,0.6108,3.264,1.133
10.10,482,0.96198,3.6823,0.6344,3.207,1.136
10.10,483,0.96234,3.6818,0.6581,3.149,1.139
10.10,484,0.96269,3.6813,0.6819,3.091,1.141
10.10,485,0.96303,3.6807,0.7057,3.033,1.144
10.10,486,0.96335,3.6802,0.7295,2.975,1.146
10.10,487,0.96365,3.6796,0.7534,2.918,1.149
10.10,488,0.96395,3.6790,0.7772,2.860,1.152
10.10,489,0.96423,3.6784,0.8011,2.802,1.155
10.10,490,0.96450,3.6778,0.8250,2.744,1.158
10.10,491,0.96476,3.6771,0.8489,2.687,1.162
10.10,492,0.96501,3.6764,0.8728,2.629,1.165
10.10,493,0.96524,3.6757,0.8968,2.572,1.169
10.10,494,0.96547,3.6750,0.9207,2.515,1.173
10.10,495,0.96568,3.6742,0.9446,2.457,1.176
10.10,496,0.96589,3.6734,0.9685,2.400,1.180
10.10,497,0.96608,3.6726,0.9924,2.344,1.185
10.10,498,0.96627,3.6717,1.0162,2.287,1.189
10.10,499,0.96645,3.6708,1.0401,2.230,1.193
10.10,500,0.96662,3.6699,1.0640,2.174,1.198
10.10,501,0.96678,3.6690,1.0878,2.117,1.203
10.10,502,0.96694,3.6680,1.1116,2.061,1.208
10.10,503,0.96709,3.6671,1.1355,2.005,1.213
10.10,504,0.96723,3.6660,1.1592,1.949,1.218
10.10,505,0.96737,3.6650,1.1830,1.894,1.223
10.10,506,0.96750,3.6640,1.2068,1.838,1.229
10.10,507,0.96763,3.6629,1.2306,1.783,1.234
10.10,508,0.96775,3.6618,1.2543,1.728,1.240
10.10,509,0.96787,3.6607,1.2780,1.673,1.246
10.10,510,0.96798,3.6595,1.3017,1.618,1.252
10.10,511,0.96809,3.6583,1.3254,1.563,1.258
10.10,512,0.96820,3.6572,1.3490,1.509,1.264
10.10,513,0.96831,3.6560,1.3727,1.455,1.271
10.10,514,0.96842,3.6548,1.3962,1.401,1.277
10.10,515,0.96857,3.6538,1.4168,1.354,1.283
10.10,516,0.96880,3.6538,1.4236,1.337,1.283
10.10,517,0.96892,3.6550,1.4061,1.375,1.276
10.10,518,0.96905,3.6556,1.3999,1.388,1.273
10.10,519,0.96915,3.6544,1.4235,1.334,1.280
10.10,520,0.96924,3.6531,1.4471,1.281,1.286
10.10,521,0.96933,3.6518,1.4707,1.227,1.294
10.10,522,0.96941,3.6504,1.4943,1.174,1.301
10.10,523,0.96948,3.6491,1.5179,1.121,1.309
10.10,524,0.96956,3.6477,1.5414,1.068,1.317
10.10,525,0.96963,3.6463,1.5650,1.016,1.324
10.10,526,0.96970,3.6449,1.5885,0.963,1.333
10.10,527,0.96976,3.6434,1.6120,0.911,1.341
10.10,528,0.96982,3.6420,1.6355,0.859,1.349
10.10,529,0.96988,3.6405,1.6590,0.807,1.357
10.10,530,0.96994,3.6390,1.6824,0.755,1.366
10.10,531,0.96999,3.6375,1.7058,0.704,1.375
10.10,532,0.97004,3.6360,1.7292,0.653,1.384
10.10,533,0.97009,3.6344,1.7526,0.602,1.393
10.10,534,0.97014,3.6329,1.7760,0.552,1.403
10.10,535,0.97018,3.6313,1.7993,0.502,1.412
10.10,536,0.97022,3.6297,1.8226,0.452,1.422
10.10,537,0.97026,3.6281,1.8460,0.402,1.432
10.10,538,0.97030,3.6265,1.8693,0.353,1.442
10.10,539,0.97034,3.6249,1.8926,0.304,1.452
10.10,540,0.97038,3.6232,1.9158,0.255,1.463
10.10,541,0.97041,3.6215,1.9390,0.206,1.474
10.10,542,0.97044,3.6198,1.9622,0.158,1.484
10.10,543,0.97047,3.6181,1.9854,0.109,1.495
10.10,544,0.97050,3.6164,2.0086,0.061,1.507
10.10,545,0.97053,3.6146,2.0318,0.014,1.518
10.10,546,0.97056,3.6128,2.0549,-0.033,1.530
10.10,547,0.97059,3.6111,2.0780,-0.080,1.542
10.10,548,0.97061,3.6093,2.1011,-0.126,1.555
10.10,549,0.97063,3.6075,2.1242,-0.172,1.568
10.10,550,0.97066,3.6056,2.1472,-0.217,1.582
10.10,551,0.97068,3.6038,2.1702,-0.261,1.596
10.10,552,0.97070,3.6019,2.1932,-0.305,1.611
10.10,553,0.97072,3.6000,2.2162,-0.348,1.626
10.10,554,0.97074,3.5981,2.2391,-0.391,1.641
10.10,555,0.97076,3.5962,2.2621,-0.434,1.655
10.10,556,0.97078,3.5943,2.2850,-0.477,1.671
10.10,557,0.97079,3.5924,2.3079,-0.519,1.686
10.10,558,0.97081,3.5904,2.3308,-0.561,1.702
10.10,559,0.97082,3.5885,2.3536,-0.602,1.718
10.10,560,0.97084,3.5865,2.3765,-0.642,1.735
10.10,561,0.97085,3.5845,2.3993,-0.682,1.753
10.10,562,0.97087,3.5825,2.4220,-0.721,1.773
10.10,563,0.97088,3.5804,2.4448,-0.758,1.793
10.10,564,0.97089,3.5784,2.4675,-0.795,1.815
10.10,565,0.97091,3.5763,2.4902,-0.830,1.839
10.10,566,0.97092,3.5743,2.5129,-0.865,1.865
10.10,567,0.97093,3.5722,2.5356,-0.898,1.892
10.10,568,0.97094,3.5702,2.5582,-0.930,1.920
10.10,569,0.97095,3.5681,2.5809,-0.962,1.950
10.10,570,0.97096,3.5660,2.6035,-0.992,1.980
10.10,571,0.97097,3.5639,2.6261,-1.021,2.012
10.10,572,0.97098,3.5617,2.6486,-1.049,2.046
10.10,573,0.97099,3.5595,2.6711,-1.076,2.080
10.10,574,0.97100,3.5574,2.6936,-1.103,2.116
10.10,575,0.97101,3.5552,2.7161,-1.128,2.153
10.10,576,0.97101,3.5530,2.7385,-1.152,2.192
10.10,577,0.97102,3.5509,2.7610,-1.175,2.231
10.10,578,0.97103,3.5487,2.7834,-1.197,2.273
10.10,579,0.97104,3.5465,2.8058,-1.218,2.317
10.10,580,0.97104,3.5443,2.8283,-1.236,2.363
10.10,581,0.97105,3.5421,2.8506,-1.252,2.414
10.10,582,0.97106,3.5398,2.8730,-1.264,2.471
10.10,583,0.97106,3.5376,2.8954,-1.273,2.534
10.10,584,0.97107,3.5353,2.9177,-1.278,2.602
10.10,585,0.97107,3.5331,2.9400,-1.281,2.674
10.10,586,0.97108,3.5308,2.9623,-1.282,2.750
10.10,587,0.97108,3.5285,2.9845,-1.280,2.829
10.10,588,0.97109,3.5262,3.0068,-1.278,2.911
10.10,589,0.97109,3.5239,3.0290,-1.275,2.993
10.10,590,0.97110,3.5216,3.0513,-1.272,3.075
10.10,591,0.97110,3.5193,3.0734,-1.267,3.158
10.10,592,0.97111,3.5170,3.0956,-1.263,3.240
10.10,593,0.97111,3.5146,3.1178,-1.258,3.321
10.10,594,0.97112,3.5122,3.1397,-1.252,3.400
10.10,595,0.97112,3.5099,3.1618,-1.249,3.475
10.10,596,0.97113,3.5075,3.1839,-1.245,3.546
10.10,597,0.97113,3.5050,3.2058,-1.241,3.612
10.10,598,0.97113,3.5026,3.2278,-1.237,3.675
10.10,599,0.97114,3.5001,3.2497,-1.229,3.738
10.10,600,0.97114,3.4976,3.2714,-1.219,3.801
10.10,601,0.97114,3.4951,3.2931,-1.206,3.863
10.10,602,0.97115,3.4926,3.3147,-1.190,3.926
10.10,603,0.97115,3.4901,3.3361,-1.173,3.988
10.10,604,0.97115,3.4875,3.3574,-1.153,4.051
10.10,605,0.97116,3.4849,3.3785,-1.132,4.112
10.10,606,0.97116,3.4853,3.3752,-1.136,4.102
10.10,607,0.97116,3.5053,3.2152,-1.272,3.605
10.10,608,0.97116,3.5256,3.0399,-1.349,2.930
10.10,609,0.97116,3.5452,2.8632,-1.344,2.338
10.10,610,0.97116,3.5644,2.6857,-1.181,2.001
10.10,611,0.97116,3.5830,2.5073,-0.941,1.766
10.10,612,0.97116,3.6011,2.3279,-0.637,1.618
10.10,613,0.97116,3.6186,2.1477,-0.300,1.493
10.10,614,0.97116,3.6356,1.9666,0.061,1.388
10.10,615,0.97116,3.6514,1.7839,0.445,1.298
10.10,616,0.97116,3.6598,1.6253,0.807,1.252
10.10,617,0.97116,3.6451,1.8095,0.408,1.333
10.10,618,0.97116,3.6301,1.9934,0.023,1.421
10.10,619,0.97116,3.6141,2.1758,-0.344,1.522
10.10,620,0.97116,3.6203,2.1172,-0.233,1.483
10.10,621,0.97116,3.6370,1.9358,0.131,1.380
10.10,622,0.97116,3.6429,1.8561,0.302,1.345
10.10,623,0.97116,3.6293,2.0194,-0.038,1.426
10.10,624,0.97116,3.6425,1.8802,0.244,1.348
10.10,625,0.97117,3.6514,1.7688,0.483,1.298
10.10,626,0.97117,3.6451,1.8557,0.293,1.333
10.10,627,0.97117,3.6616,1.6764,0.672,1.244
10.10,628,0.97118,3.6594,1.7172,0.578,1.255
10.10,629,0.97118,3.6585,1.7118,0.595,1.260
10.10,630,0.97119,3.6640,1.6578,0.709,1.232
10.10,631,0.97119,3.6640,1.6640,0.693,1.232
10.10,632,0.97119,3.6640,1.6640,0.693,1.232
10.10,633,0.97119,3.6640,1.6640,0.693,1.232
10.10,634,0.97119,3.6640,1.6640,0.693,1.232
10.10,635,0.97119,3.6640,1.6640,0.693,1.232
10.10,636,0.97119,3.6640,1.6640,0.693,1.232
10.10,637,0.97119,3.6640,1.6640,0.693,1.232
10.10,638,0.97119,3.6640,1.6640,0.693,1.232
10.10,639,0.97119,3.6640,1.6640,0.693,1.232
10.10,640,0.97119,3.6640,1.6640,0.693,1.232
10.10,641,0.97119,3.6640,1.6640,0.693,1.232
10.10,642,0.97119,3.6640,1.6640,0.693,1.232
10.10,643,0.97119,3.6640,1.6640,0.693,1.232
10.10,644,0.97119,3.6640,1.6640,0.693,1.232
10.10,645,0.97119,3.6640,1.6640,0.693,1.232
10.10,646,0.97119,3.6640,1.6640,0.693,1.232
10.10,647,0.97119,3.6640,1.6640,0.693,1.232
10.10,648,0.97119,3.6640,1.6640,0.693,1.232
10.10,649,0.97119,3.6640,1.6640,0.694,1.232
10.10,650,0.97119,3.6640,1.6639,0.694,1.232
10.10,651,0.97119,3.6640,1.6639,0.694,1.232
10.10,652,0.97119,3.6640,1.6639,0.694,1.232
10.10,653,0.97119,3.6640,1.6639,0.694,1.232
10.10,654,0.97119,3.6640,1.6632,0.695,1.231
10.10,655,0.97120,3.6650,1.6521,0.719,1.226
10.10,656,0.97123,3.6641,1.6608,0.701,1.231
10.10,657,0.97130,3.6632,1.6722,0.676,1.236
10.10,658,0.97154,3.6642,1.6696,0.678,1.231
10.10,659,0.97177,3.6655,1.6646,0.686,1.224
10.10,660,0.97207,3.6670,1.6586,0.695,1.217
10.10,661,0.97239,3.6678,1.6579,0.694,1.213
10.10,662,0.97276,3.6680,1.6633,0.680,1.212
10.10,663,0.97294,3.6673,1.6720,0.661,1.215
10.10,664,0.97304,3.6675,1.6722,0.660,1.214
10.10,665,0.97312,3.6666,1.6815,0.639,1.219
10.10,666,0.97319,3.6657,1.6916,0.618,1.223
10.10,667,0.97325,3.6647,1.7023,0.595,1.229
10.10,668,0.97330,3.6639,1.7105,0.577,1.233
10.10,669,0.97334,3.6629,1.7205,0.556,1.238
10.10,670,0.97337,3.6629,1.7210,0.555,1.238
10.10,671,0.97339,3.6618,1.7323,0.531,1.244
10.10,672,0.97341,3.6606,1.7437,0.507,1.249
10.10,673,0.97342,3.6596,1.7545,0.484,1.255
10.10,674,0.97343,3.6584,1.7660,0.460,1.261
10.10,675,0.97345,3.6573,1.7773,0.436,1.267
10.10,676,0.97346,3.6573,1.7784,0.433,1.267
10.10,677,0.97346,3.6584,1.7677,0.456,1.261
10.10,678,0.97346,3.6593,1.7586,0.475,1.256
10.10,679,0.97347,3.6603,1.7494,0.494,1.251
10.10,680,0.97347,3.6613,1.7402,0.513,1.246
10.10,681,0.97347,3.6623,1.7305,0.533,1.241
10.10,682,0.97347,3.6632,1.7197,0.557,1.236
10.10,683,0.97349,3.6623,1.7290,0.537,1.241
10.10,684,0.97351,3.6612,1.7403,0.513,1.247
10.10,685,0.97352,3.6600,1.7517,0.489,1.253
10.10,686,0.97354,3.6589,1.7631,0.465,1.258
10.10,687,0.97355,3.6578,1.7747,0.441,1.264
10.10,688,0.97356,3.6566,1.7862,0.417,1.271
10.10,689,0.97356,3.6555,1.7979,0.392,1.277
10.10,690,0.97357,3.6543,1.8095,0.368,1.283
10.10,691,0.97358,3.6532,1.8212,0.344,1.289
10.10,692,0.97358,3.6521,1.8330,0.319,1.295
10.10,693,0.97359,3.6509,1.8447,0.295,1.301
10.10,694,0.97359,3.6497,1.8565,0.270,1.308
10.10,695,0.97359,3.6486,1.8683,0.246,1.314
10.10,696,0.97359,3.6474,1.8801,0.221,1.320
10.10,697,0.97360,3.6463,1.8919,0.197,1.327
10.10,698,0.97360,3.6451,1.9036,0.173,1.333
10.10,699,0.97360,3.6440,1.9154,0.149,1.340
10.10,700,0.97360,3.6429,1.9271,0.125,1.346
10.10,701,0.97360,3.6417,1.9389,0.101,1.352
10.10,702,0.97360,3.6406,1.9505,0.077,1.359
10.10,703,0.97360,3.6394,1.9622,0.053,1.366
10.10,704,0.97360,3.6383,1.9738,0.029,1.372
10.10,705,0.97360,3.6372,1.9853,0.006,1.379
10.10,706,0.97360,3.6361,1.9968,-0.017,1.385
10.10,707,0.97361,3.6350,2.0082,-0.040,1.392
10.15,246,0.10000,3.4606,-2.9995,13.796,3.595
10.15,248,0.10577,3.4647,-2.9490,13.619,3.506
10.15,250,0.11468,3.4710,-2.8710,13.347,3.368
10.15,252,0.12401,3.4776,-2.7893,13.066,3.228
10.15,254,0.13318,3.4840,-2.7088,12.793,3.091
10.15,256,0.14251,3.4906,-2.6268,12.518,2.955
10.15,258,0.15453,3.4972,-2.5380,12.228,2.825
10.15,260,0.17675,3.5033,-2.4250,11.883,2.711
10.15,262,0.19840,3.5093,-2.3139,11.547,2.610
10.15,264,0.21053,3.5123,-2.2627,11.390,2.563
10.15,266,0.22188,3.5151,-2.2164,11.250,2.522
10.15,268,0.23308,3.5179,-2.1705,11.111,2.483
10.15,270,0.24420,3.5207,-2.1249,10.976,2.450
10.15,272,0.25614,3.5236,-2.0802,10.842,2.416
10.15,274,0.26858,3.5266,-2.0379,10.714,2.382
10.15,276,0.28051,3.5295,-1.9974,10.592,2.350
10.15,278,0.29241,3.5324,-1.9574,10.472,2.319
10.15,280,0.30329,3.5351,-1.9216,10.364,2.291
10.15,282,0.31070,3.5370,-1.8986,10.292,2.270
10.15,284,0.31299,3.5376,-1.8919,10.272,2.264
10.15,286,0.31523,3.5381,-1.8853,10.251,2.259
10.15,288,0.31762,3.5387,-1.8782,10.230,2.253
10.15,290,0.32011,3.5393,-1.8709,10.207,2.247
10.15,292,0.32839,3.5411,-1.8476,10.136,2.227
10.15,294,0.33687,3.5429,-1.8249,10.067,2.208
10.15,296,0.34298,3.5440,-1.8092,10.019,2.196
10.15,298,0.34745,3.5449,-1.7980,9.986,2.187
10.15,300,0.35282,3.5460,-1.7840,9.943,2.175
10.15,302,0.35916,3.5473,-1.7670,9.889,2.158
10.15,304,0.36279,3.5482,-1.7567,9.856,2.148
10.15,306,0.36589,3.5489,-1.7477,9.828,2.139
10.15,308,0.36880,3.5496,-1.7390,9.800,2.131
10.15,310,0.37208,3.5504,-1.7295,9.771,2.122
10.15,312,0.37549,3.5511,-1.7197,9.741,2.114
10.15,314,0.37871,3.5518,-1.7105,9.713,2.107
10.15,316,0.38877,3.5538,-1.6826,9.629,2.085
10.15,318,0.41184,3.5585,-1.6192,9.438,2.038
10.15,320,0.43788,3.5638,-1.5469,9.222,1.985
10.15,322,0.46045,3.5688,-1.4825,9.029,1.937
10.15,324,0.48002,3.5736,-1.4249,8.855,1.893
10.15,326,0.49931,3.5783,-1.3675,8.684,1.850
10.15,328,0.51940,3.5843,-1.3049,8.494,1.800
10.15,330,0.53896,3.5903,-1.2431,8.308,1.753
10.15,332,0.55698,3.5962,-1.1852,8.133,1.707
10.15,334,0.57325,3.6022,-1.1315,7.969,1.660
10.15,336,0.58923,3.6082,-1.0782,7.806,1.615
10.15,338,0.60486,3.6148,-1.0252,7.641,1.566
10.15,340,0.62025,3.6226,-0.9722,7.470,1.509
10.15,342,0.63561,3.6305,-0.9185,7.298,1.453
10.15,344,0.65082,3.6386,-0.8644,7.125,1.398
10.15,346,0.66585,3.6467,-0.8100,6.952,1.345
10.15,348,0.68076,3.6549,-0.7549,6.779,1.293
10.15,350,0.69551,3.6633,-0.6993,6.606,1.244
10.15,352,0.71066,3.6710,-0.6468,6.447,1.201
10.15,353,0.71820,3.6746,-0.6216,6.372,1.181
10.15,354,0.72122,3.6760,-0.6115,6.341,1.173
10.15,356,0.72709,3.6788,-0.5915,6.282,1.158
10.15,358,0.73288,3.6816,-0.5717,6.224,1.144
10.15,360,0.73858,3.6843,-0.5520,6.166,1.130
10.15,362,0.74422,3.6871,-0.5323,6.109,1.116
10.15,364,0.74974,3.6897,-0.5129,6.053,1.103
10.15,366,0.75523,3.6924,-0.4934,5.996,1.090
10.15,368,0.76060,3.6949,-0.4741,5.941,1.078
10.15,370,0.76591,3.6975,-0.4548,5.886,1.065
10.15,372,0.77114,3.7000,-0.4356,5.832,1.052
10.15,374,0.77627,3.7024,-0.4165,5.778,1.040
10.15,376,0.78133,3.7048,-0.3976,5.725,1.029
10.15,378,0.78631,3.7072,-0.3786,5.673,1.018
10.15,380,0.79121,3.7095,-0.3598,5.620,1.007
10.15,382,0.79602,3.7118,-0.3411,5.569,0.997
10.15,384,0.80075,3.7140,-0.3225,5.518,0.987
10.15,386,0.80540,3.7161,-0.3040,5.467,0.978
10.15,388,0.80996,3.7182,-0.2855,5.417,0.969
10.15,390,0.81444,3.7203,-0.2672,5.367,0.960
10.15,392,0.81883,3.7223,-0.2489,5.318,0.952
10.15,394,0.82314,3.7242,-0.2308,5.269,0.944
10.15,396,0.82736,3.7261,-0.2127,5.221,0.936
10.15,398,0.83150,3.7279,-0.1947,5.173,0.928
10.15,400,0.83557,3.7296,-0.1768,5.126,0.920
10.15,402,0.83955,3.7313,-0.1590,5.079,0.913
10.15,404,0.84345,3.7329,-0.1413,5.033,0.906
10.15,406,0.84730,3.7344,-0.1237,4.986,0.899
10.15,408,0.85107,3.7359,-0.1062,4.941,0.893
10.15,410,0.85481,3.7372,-0.0889,4.896,0.887
10.15,412,0.85850,3.7385,-0.0718,4.852,0.881
10.15,414,0.86213,3.7397,-0.0549,4.808,0.876
10.15,416,0.86563,3.7407,-0.0382,4.765,0.871
10.15,418,0.86897,3.7417,-0.0218,4.723,0.867
10.15,420,0.87215,3.7426,-0.0056,4.681,0.863
10.15,422,0.87522,3.7434,0.0104,4.640,0.860
10.15,424,0.87817,3.7442,0.0262,4.600,0.857
10.15,426,0.88101,3.7448,0.0418,4.560,0.854
10.15,428,0.88373,3.7453,0.0570,4.522,0.852
10.15,430,0.88634,3.7457,0.0720,4.484,0.850
10.15,432,0.88883,3.7459,0.0866,4.447,0.849
10.15,434,0.89121,3.7461,0.1008,4.411,0.848
10.15,436,0.89348,3.7461,0.1147,4.377,0.848
10.15,438,0.89564,3.7461,0.1281,4.343,0.848
10.15,440,0.89771,3.7459,0.1412,4.311,0.849
10.15,442,0.89968,3.7455,0.1538,4.279,0.851
10.15,444,0.90171,3.7450,0.1659,4.250,0.853
10.15,446,0.90363,3.7444,0.1772,4.222,0.855
10.15,448,0.90542,3.7436,0.1880,4.196,0.859
10.15,450,0.90709,3.7427,0.1982,4.171,0.863
10.15,452,0.90847,3.7417,0.2069,4.150,0.867
10.15,454,0.90977,3.7406,0.2150,4.131,0.872
10.15,455,0.91177,3.7386,0.2271,4.104,0.880
10.15,456,0.91360,3.7363,0.2378,4.080,0.891
10.15,457,0.91523,3.7338,0.2470,4.060,0.902
10.15,458,0.91666,3.7310,0.2546,4.045,0.914
10.15,459,0.91791,3.7280,0.2609,4.034,0.927
10.15,460,0.91901,3.7249,0.2659,4.026,0.941
10.15,461,0.91999,3.7215,0.2700,4.022,0.955
10.15,462,0.92088,3.7181,0.2737,4.019,0.970
10.15,463,0.92168,3.7145,0.2772,4.017,0.985
10.15,464,0.92244,3.7108,0.2813,4.015,1.002
10.15,465,0.92315,3.7071,0.2864,4.010,1.018
10.15,466,0.92384,3.7035,0.2933,4.001,1.035
10.15,467,0.92451,3.7001,0.3024,3.987,1.052
10.15,468,0.92516,3.6969,0.3142,3.965,1.067
10.15,469,0.92579,3.6941,0.3288,3.937,1.081
10.15,470,0.92640,3.6917,0.3457,3.901,1.092
10.15,471,0.92698,3.6897,0.3647,3.859,1.101
10.15,472,0.92752,3.6881,0.3851,3.813,1.109
10.15,473,0.92804,3.6868,0.4064,3.763,1.115
10.15,474,0.92853,3.6857,0.4285,3.711,1.120
10.15,475,0.92900,3.6848,0.4511,3.657,1.124
10.15,476,0.92945,3.6841,0.4740,3.602,1.128
10.15,477,0.92988,3.6834,0.4972,3.546,1.131
10.15,478,0.93029,3.6828,0.5206,3.490,1.134
10.15,479,0.93069,3.6823,0.5441,3.433,1.136
10.15,480,0.93107,3.6818,0.5677,3.375,1.138
10.15,481,0.93144,3.6813,0.5914,3.317,1.141
10.15,482,0.93179,3.6808,0.6152,3.259,1.143
10.15,483,0.93213,3.6803,0.6391,3.201,1.145
10.15,484,0.93246,3.6798,0.6630,3.143,1.148
10.15,485,0.93277,3.6793,0.6869,3.085,1.150
10.15,486,0.93307,3.6788,0.7109,3.027,1.153
10.15,487,0.93336,3.6783,0.7349,2.968,1.156
10.15,488,0.93364,3.6777,0.7589,2.910,1.159
10.15,489,0.93390,3.6771,0.7829,2.852,1.162
10.15,490,0.93416,3.6765,0.8069,2.794,1.165
10.15,491,0.93440,3.6759,0.8309,2.736,1.168
10.15,492,0.93463,3.6752,0.8550,2.678,1.171
10.15,493,0.93485,3.6745,0.8790,2.620,1.175
10.15,494,0.93506,3.6738,0.9030,2.563,1.178
10.15,495,0.93526,3.6730,0.9271,2.505,1.182
10.15,496,0.93546,3.6722,0.9511,2.448,1.186
10.15,497,0.93564,3.6714,0.9751,2.391,1.190
10.15,498,0.93582,3.6706,0.9991,2.334,1.194
10.15,499,0.93599,3.6697,1.0231,2.277,1.199
10.15,500,0.93615,3.6688,1.0471,2.220,1.203
10.15,501,0.93630,3.6679,1.0711,2.163,1.208
10.15,502,0.93645,3.6670,1.0950,2.107,1.213
10.15,503,0.93659,3.6660,1.1190,2.050,1.218
10.15,504,0.93672,3.6650,1.1429,1.994,1.223
10.15,505,0.93685,3.6640,1.1668,1.938,1.228
10.15,506,0.93697,3.6629,1.1907,1.882,1.234
10.15,507,0.93709,3.6619,1.2146,1.827,1.239
10.15,508,0.93721,3.6608,1.2385,1.771,1.245
10.15,509,0.93732,3.6597,1.2623,1.716,1.251
10.15,510,0.93743,3.6585,1.2861,1.661,1.257
10.15,511,0.93753,3.6574,1.3099,1.606,1.263
10.15,512,0.93763,3.6562,1.3337,1.551,1.269
10.15,513,0.93774,3.6550,1.3574,1.497,1.276
10.15,514,0.93786,3.6539,1.3811,1.443,1.282
10.15,515,0.93804,3.6534,1.3941,1.412,1.284
10.15,516,0.93822,3.6541,1.3875,1.425,1.281
10.15,517,0.93833,3.6545,1.3851,1.430,1.279
10.15,518,0.93845,3.6543,1.3923,1.413,1.280
10.15,519,0.93854,3.6531,1.4160,1.359,1.287
10.15,520,0.93862,3.6518,1.4397,1.305,1.294
10.15,521,0.93870,3.6504,1.4635,1.251,1.301
10.15,522,0.93877,3.6491,1.4872,1.198,1.308
10.15,523,0.93884,3.6477,1.5109,1.144,1.316
10.15,524,0.93891,3.6463,1.5345,1.091,1.324
10.15,525,0.93898,3.6449,1.5582,1.039,1.332
10.15,526,0.93904,3.6435,1.5818,0.986,1.340
10.15,527,0.93910,3.6421,1.6055,0.933,1.348
10.15,528,0.93915,3.6406,1.6291,0.881,1.357
10.15,529,0.93921,3.6392,1.6527,0.829,1.365
10.15,530,0.93926,3.6377,1.6762,0.777,1.374
10.15,531,0.93931,3.6362,1.6998,0.726,1.383
10.15,532,0.93935,3.6346,1.7233,0.675,1.392
10.15,533,0.93940,3.6331,1.7468,0.624,1.401
10.15,534,0.93944,3.6315,1.7703,0.573,1.411
10.15,535,0.93948,3.6299,1.7938,0.523,1.421
10.15,536,0.93952,3.6283,1.8172,0.473,1.431
10.15,537,0.93956,3.6267,1.8406,0.423,1.441
10.15,538,0.93959,3.6251,1.8641,0.374,1.451
10.15,539,0.93963,3.6234,1.8875,0.324,1.461
10.15,540,0.93966,3.6218,1.9108,0.275,1.472
10.15,541,0.93969,3.6201,1.9342,0.226,1.482
10.15,542,0.93972,3.6183,1.9575,0.178,1.494
10.15,543,0.93975,3.6166,1.9808,0.129,1.505
10.15,544,0.93978,3.6149,2.0041,0.081,1.516
10.15,545,0.93980,3.6131,2.0273,0.034,1.528
10.15,546,0.93983,3.6114,2.0506,-0.013,1.540
10.15,547,0.93985,3.6096,2.0738,-0.060,1.553
10.15,548,0.93987,3.6078,2.0970,-0.106,1.566
10.15,549,0.93990,3.6059,2.1202,-0.151,1.579
10.15,550,0.93992,3.6041,2.1434,-0.196,1.593
10.15,551,0.93994,3.6022,2.1665,-0.240,1.608
10.15,552,0.93995,3.6004,2.1896,-0.284,1.623
10.15,553,0.93997,3.5985,2.2127,-0.328,1.638
10.15,554,0.93999,3.5966,2.2358,-0.371,1.653
10.15,555,0.94001,3.5946,2.2588,-0.414,1.668
10.15,556,0.94002,3.5927,2.2818,-0.456,1.683
10.15,557,0.94004,3.5907,2.3048,-0.498,1.699
10.15,558,0.94005,3.5888,2.3278,-0.540,1.715
10.15,559,0.94007,3.5868,2.3508,-0.581,1.732
10.15,560,0.94008,3.5848,2.3737,-0.621,1.750
10.15,561,0.94009,3.5828,2.3966,-0.660,1.769
10.15,562,0.94011,3.5808,2.4195,-0.698,1.790
10.15,563,0.94012,3.5787,2.4423,-0.735,1.812
10.15,564,0.94013,3.5767,2.4652,-0.771,1.835
10.15,565,0.94014,3.5746,2.4880,-0.806,1.860
10.15,566,0.94015,3.5725,2.5108,-0.840,1.887
10.15,567,0.94016,3.5705,2.5335,-0.872,1.916
10.15,568,0.94017,3.5684,2.5563,-0.904,1.945
10.15,569,0.94018,3.5663,2.5791,-0.935,1.975
10.15,570,0.94019,3.5642,2.6018,-0.964,2.007
10.15,571,0.94020,3.5620,2.6244,-0.993,2.040
10.15,572,0.94021,3.5599,2.6471,-1.020,2.075
10.15,573,0.94022,3.5577,2.6697,-1.047,2.111
10.15,574,0.94022,3.5555,2.6923,-1.073,2.147
10.15,575,0.94023,3.5533,2.7149,-1.097,2.186
10.15,576,0.94024,3.5511,2.7374,-1.120,2.226
10.15,577,0.94025,3.5490,2.7600,-1.143,2.267
10.15,578,0.94025,3.5468,2.7825,-1.164,2.311
10.15,579,0.94026,3.5446,2.8051,-1.183,2.357
10.15,580,0.94026,3.5423,2.8276,-1.199,2.408
10.15,581,0.94027,3.5401,2.8501,-1.212,2.464
10.15,582,0.94028,3.5378,2.8726,-1.222,2.526
10.15,583,0.94028,3.5356,2.8950,-1.228,2.594
10.15,584,0.94029,3.5333,2.9174,-1.231,2.666
10.15,585,0.94029,3.5310,2.9398,-1.232,2.742
10.15,586,0.94030,3.5287,2.9622,-1.231,2.821
10.15,587,0.94030,3.5264,2.9846,-1.229,2.902
10.15,588,0.94031,3.5241,3.0069,-1.226,2.984
10.15,589,0.94031,3.5218,3.0293,-1.222,3.067
10.15,590,0.94032,3.5195,3.0516,-1.218,3.150
10.15,591,0.94032,3.5171,3.0739,-1.214,3.233
10.15,592,0.94033,3.5148,3.0962,-1.209,3.314
10.15,593,0.94033,3.5124,3.1184,-1.205,3.393
10.15,594,0.94033,3.5100,3.1405,-1.200,3.469
10.15,595,0.94034,3.5076,3.1626,-1.196,3.541
10.15,596,0.94034,3.5052,3.1847,-1.193,3.607
10.15,597,0.94034,3.5027,3.2067,-1.188,3.671
10.15,598,0.94035,3.5003,3.2288,-1.182,3.733
10.15,599,0.94035,3.4978,3.2507,-1.172,3.796
10.15,600,0.94035,3.4952,3.2725,-1.159,3.859
10.15,601,0.94036,3.4927,3.2942,-1.143,3.922
10.15,602,0.94036,3.4901,3.3158,-1.126,3.984
10.15,603,0.94036,3.4875,3.3372,-1.107,4.047
10.15,604,0.94037,3.4849,3.3584,-1.085,4.109
10.15,605,0.94037,3.4823,3.3794,-1.064,4.169
10.15,606,0.94037,3.4829,3.3749,-1.069,4.156
10.15,607,0.94037,3.5042,3.2078,-1.226,3.634
10.15,608,0.94037,3.5250,3.0285,-1.306,2.950
10.15,609,0.94037,3.5452,2.8477,-1.304,2.339
10.15,610,0.94037,3.5649,2.6662,-1.138,1.993
10.15,611,0.94037,3.5840,2.4835,-0.890,1.757
10.15,612,0.94037,3.6025,2.3000,-0.578,1.606
10.15,613,0.94037,3.6205,2.1156,-0.230,1.481
10.15,614,0.94037,3.6379,1.9302,0.141,1.374
10.15,615,0.94037,3.6537,1.7426,0.538,1.286
10.15,616,0.94037,3.6575,1.6410,0.777,1.265
10.15,617,0.94037,3.6424,1.8297,0.370,1.348
10.15,618,0.94037,3.6268,2.0177,-0.020,1.442
10.15,619,0.94037,3.6103,2.2035,-0.389,1.548
10.15,620,0.94037,3.6200,2.1070,-0.206,1.484
10.15,621,0.94037,3.6372,1.9213,0.166,1.378
10.15,622,0.94037,3.6398,1.8795,0.258,1.363
10.15,623,0.94037,3.6274,2.0279,-0.049,1.438
10.15,624,0.94038,3.6423,1.8704,0.269,1.348
10.15,625,0.94038,3.6490,1.7856,0.451,1.311
10.15,626,0.94038,3.6441,1.8560,0.297,1.338
10.15,627,0.94038,3.6606,1.6761,0.676,1.249
10.15,628,0.94039,3.6588,1.7156,0.585,1.259
10.15,629,0.94039,3.6585,1.7048,0.613,1.260
10.15,630,0.94040,3.6635,1.6552,0.717,1.234
10.15,631,0.94040,3.6644,1.6535,0.718,1.230
10.15,632,0.94040,3.6644,1.6535,0.718,1.230
10.15,633,0.94040,3.6644,1.6535,0.718,1.230
10.15,634,0.94040,3.6644,1.6535,0.718,1.230
10.15,635,0.94040,3.6644,1.6535,0.718,1.230
10.15,636,0.94040,3.6644,1.6535,0.718,1.230
10.15,637,0.94040,3.6644,1.6535,0.718,1.230
10.15,638,0.94040,3.6644,1.6535,0.718,1.230
10.15,639,0.94040,3.6644,1.6535,0.718,1.230
10.15,640,0.94040,3.6644,1.6535,0.718,1.230
10.15,641,0.94040,3.6644,1.6535,0.718,1.230
10.15,642,0.94040,3.6644,1.6535,0.718,1.230
10.15,643,0.94040,3.6644,1.6535,0.718,1.230
10.15,644,0.94040,3.6644,1.6535,0.718,1.230
10.15,645,0.94040,3.6644,1.6535,0.718,1.230
10.15,646,0.94040,3.6644,1.6534,0.718,1.230
10.15,647,0.94040,3.6644,1.6534,0.718,1.230
10.15,648,0.94040,3.6644,1.6534,0.718,1.230
10.15,649,0.94040,3.6644,1.6534,0.718,1.230
10.15,650,0.94040,3.6644,1.6534,0.718,1.230
10.15,651,0.94040,3.6644,1.6534,0.718,1.230
10.15,652,0.94040,3.6644,1.6534,0.718,1.229
10.15,653,0.94040,3.6644,1.6534,0.718,1.229
10.15,654,0.94040,3.6645,1.6530,0.719,1.229
10.15,655,0.94040,3.6650,1.6467,0.733,1.226
10.15,656,0.94042,3.6645,1.6517,0.722,1.229
10.15,657,0.94046,3.6640,1.6581,0.708,1.232
10.15,658,0.94060,3.6646,1.6558,0.711,1.228
10.15,659,0.94073,3.6655,1.6505,0.721,1.224
10.15,660,0.94092,3.6659,1.6518,0.717,1.222
10.15,661,0.94112,3.6660,1.6561,0.705,1.222
10.15,662,0.94142,3.6666,1.6580,0.699,1.219
10.15,663,0.94159,3.6669,1.6595,0.694,1.217
10.15,664,0.94172,3.6676,1.6573,0.697,1.214
10.15,665,0.94185,3.6676,1.6605,0.688,1.214
10.15,666,0.94201,3.6675,1.6656,0.676,1.214
10.15,667,0.94212,3.6668,1.6740,0.658,1.218
10.15,668,0.94219,3.6661,1.6818,0.641,1.222
10.15,669,0.94224,3.6651,1.6916,0.620,1.227
10.15,670,0.94229,3.6647,1.6956,0.611,1.229
10.15,671,0.94231,3.6637,1.7061,0.589,1.234
10.15,672,0.94234,3.6626,1.7169,0.566,1.239
10.15,673,0.94236,3.6619,1.7235,0.552,1.243
10.15,674,0.94238,3.6609,1.7342,0.530,1.248
10.15,675,0.94239,3.6600,1.7431,0.511,1.253
10.15,676,0.94241,3.6602,1.7414,0.514,1.252
10.15,677,0.94241,3.6613,1.7316,0.535,1.246
10.15,678,0.94242,3.6614,1.7299,0.538,1.245
10.15,679,0.94243,3.6616,1.7286,0.541,1.244
10.15,680,0.94244,3.6617,1.7275,0.543,1.244
10.15,681,0.94244,3.6619,1.7260,0.546,1.243
10.15,682,0.94245,3.6620,1.7240,0.551,1.242
10.15,683,0.94246,3.6611,1.7336,0.530,1.247
10.15,684,0.94248,3.6600,1.7443,0.508,1.253
10.15,685,0.94249,3.6589,1.7551,0.485,1.259
10.15,686,0.94250,3.6578,1.7660,0.462,1.264
10.15,687,0.94251,3.6567,1.7770,0.439,1.270
10.15,688,0.94252,3.6556,1.7880,0.416,1.276
10.15,689,0.94252,3.6545,1.7990,0.393,1.282
10.15,690,0.94253,3.6535,1.8100,0.371,1.287
10.15,691,0.94253,3.6524,1.8211,0.348,1.293
10.15,692,0.94253,3.6513,1.8322,0.324,1.299
10.15,693,0.94254,3.6502,1.8433,0.301,1.305
10.15,694,0.94254,3.6491,1.8544,0.278,1.311
10.15,695,0.94254,3.6480,1.8655,0.255,1.317
10.15,696,0.94254,3.6469,1.8767,0.232,1.323
10.15,697,0.94255,3.6458,1.8878,0.209,1.330
10.15,698,0.94255,3.6447,1.8989,0.187,1.336
10.15,699,0.94255,3.6436,1.9100,0.164,1.342
10.15,700,0.94255,3.6425,1.9211,0.141,1.348
10.15,701,0.94255,3.6414,1.9322,0.119,1.354
10.15,702,0.94255,3.6403,1.9432,0.096,1.360
10.15,703,0.94255,3.6392,1.9542,0.074,1.367
10.15,704,0.94255,3.6382,1.9651,0.052,1.373
10.15,705,0.94255,3.6371,1.9761,0.030,1.379
10.15,706,0.94255,3.6361,1.9869,0.008,1.385
10.15,707,0.94255,3.6350,1.9977,-0.014,1.392
