mass,eep,age,logt,logl,phase
0.50,1,4.05258e+03,3.5875,1.0649,-1
0.50,4,4.76239e+03,3.5879,1.0512,-1
0.50,8,5.90346e+03,3.5885,1.0303,-1
0.50,12,7.31680e+03,3.5892,1.0064,-1
0.50,16,9.06483e+03,3.5900,0.9792,-1
0.50,20,1.12263e+04,3.5908,0.9487,-1
0.50,24,1.38973e+04,3.5915,0.9147,-1
0.50,28,1.71975e+04,3.5923,0.8774,-1
0.50,32,2.12709e+04,3.5930,0.8370,-1
0.50,36,2.62964e+04,3.5937,0.7936,-1
0.50,40,3.24962e+04,3.5943,0.7474,-1
0.50,44,4.01409e+04,3.5948,0.6987,-1
0.50,48,4.95625e+04,3.5950,0.6476,-1
0.50,52,6.11785e+04,3.5952,0.5952,-1
0.50,56,7.55154e+04,3.5951,0.5423,-1
0.50,60,9.32515e+04,3.5949,0.4918,-1
0.50,64,1.15307e+05,3.5945,0.4486,-1
0.50,68,1.42787e+05,3.5942,0.4164,-1
0.50,72,1.76976e+05,3.5938,0.3919,-1
0.50,76,2.19277e+05,3.5935,0.3655,-1
0.50,80,2.71221e+05,3.5928,0.3250,-1
0.50,84,3.33353e+05,3.5914,0.2544,-1
0.50,88,4.07219e+05,3.5891,0.1629,-1
0.50,92,4.98224e+05,3.5867,0.0759,-1
0.50,96,6.10522e+05,3.5841,-0.0062,-1
0.50,100,7.49024e+05,3.5816,-0.0844,-1
0.50,104,9.19804e+05,3.5791,-0.1594,-1
0.50,108,1.13036e+06,3.5768,-0.2316,-1
0.50,112,1.38992e+06,3.5747,-0.3016,-1
0.50,116,1.70999e+06,3.5728,-0.3695,-1
0.50,120,2.10454e+06,3.5710,-0.4359,-1
0.50,124,2.59096e+06,3.5695,-0.5010,-1
0.50,128,3.19051e+06,3.5680,-0.5651,-1
0.50,132,3.92947e+06,3.5668,-0.6283,-1
0.50,136,4.84070e+06,3.5657,-0.6905,-1
0.50,140,5.96522e+06,3.5651,-0.7512,-1
0.50,144,7.35210e+06,3.5648,-0.8108,-1
0.50,148,9.06127e+06,3.5645,-0.8706,-1
0.50,152,1.11681e+07,3.5644,-0.9299,-1
0.50,156,1.37639e+07,3.5643,-0.9891,-1
0.50,160,1.69651e+07,3.5644,-1.0473,-1
0.50,164,2.09131e+07,3.5645,-1.1041,-1
0.50,168,2.57867e+07,3.5649,-1.1589,-1
0.50,172,3.18078e+07,3.5656,-1.2106,-1
0.50,176,3.92566e+07,3.5667,-1.2580,-1
0.50,180,4.84829e+07,3.5684,-1.2993,-1
0.50,184,5.99309e+07,3.5707,-1.3323,-1
0.50,188,7.41588e+07,3.5740,-1.3542,-1
0.50,192,9.18551e+07,3.5778,-1.3651,-1
0.50,196,1.13886e+08,3.5809,-1.3737,-1
0.50,200,1.41194e+08,3.5807,-1.3934,-1
0.50,202,1.57171e+08,3.5796,-1.4054,0
0.50,204,1.68985e+08,3.5788,-1.4117,0
0.50,208,1.95311e+08,3.5776,-1.4190,0
0.50,212,2.25799e+08,3.5769,-1.4210,0
0.50,216,2.60791e+08,3.5765,-1.4210,0
0.50,220,3.01793e+08,3.5762,-1.4206,0
0.50,224,3.48787e+08,3.5760,-1.4201,0
0.50,228,4.02882e+08,3.5758,-1.4197,0
0.50,232,4.65345e+08,3.5757,-1.4193,0
0.50,236,5.37910e+08,3.5756,-1.4189,0
0.50,240,6.21745e+08,3.5755,-1.4184,0
0.50,244,7.18467e+08,3.5754,-1.4178,0
0.50,248,8.30787e+08,3.5754,-1.4171,0
0.50,252,9.60986e+08,3.5754,-1.4164,0
0.50,256,1.11162e+09,3.5754,-1.4155,0
0.50,260,1.28568e+09,3.5754,-1.4145,0
0.50,264,1.48649e+09,3.5754,-1.4133,0
0.50,268,1.71778e+09,3.5754,-1.4120,0
0.50,272,1.98363e+09,3.5754,-1.4107,0
0.50,276,2.28947e+09,3.5755,-1.4091,0
0.50,280,2.64711e+09,3.5755,-1.4074,0
0.50,284,3.06422e+09,3.5756,-1.4056,0
0.50,288,3.54423e+09,3.5757,-1.4036,0
0.50,292,4.09549e+09,3.5758,-1.4013,0
0.50,296,4.72717e+09,3.5760,-1.3989,0
0.50,300,5.45484e+09,3.5762,-1.3961,0
0.50,304,6.31537e+09,3.5764,-1.3930,0
0.50,308,7.30475e+09,3.5766,-1.3894,0
0.50,312,8.43151e+09,3.5769,-1.3855,0
0.50,316,9.72805e+09,3.5773,-1.3809,0
0.50,320,1.12509e+10,3.5777,-1.3756,0
0.50,324,1.29943e+10,3.5782,-1.3695,0
0.50,328,1.50236e+10,3.5788,-1.3623,0
0.50,332,1.73453e+10,3.5795,-1.3540,0
0.50,336,2.00454e+10,3.5803,-1.3441,0
0.50,340,2.31557e+10,3.5813,-1.3324,0
0.50,344,2.67416e+10,3.5825,-1.3184,0
0.50,348,3.08770e+10,3.5840,-1.3015,0
0.50,352,3.56301e+10,3.5858,-1.2809,0
0.50,353,3.69229e+10,3.5863,-1.2750,0
0.50,356,3.81773e+10,3.5868,-1.2692,0
0.50,360,3.99092e+10,3.5875,-1.2609,0
0.50,364,4.17139e+10,3.5883,-1.2521,0
0.50,368,4.35939e+10,3.5891,-1.2426,0
0.50,372,4.55534e+10,3.5900,-1.2324,0
0.50,376,4.75893e+10,3.5910,-1.2214,0
0.50,380,4.97068e+10,3.5920,-1.2094,0
0.50,384,5.19027e+10,3.5932,-1.1966,0
0.50,388,5.41785e+10,3.5944,-1.1826,0
0.50,392,5.65301e+10,3.5957,-1.1675,0
0.50,396,5.89530e+10,3.5972,-1.1510,0
0.50,400,6.14445e+10,3.5989,-1.1330,0
0.50,404,6.40012e+10,3.6006,-1.1137,0
0.50,408,6.66385e+10,3.6024,-1.0938,0
0.50,412,6.93299e+10,3.6043,-1.0723,0
0.50,416,7.20915e+10,3.6062,-1.0501,0
0.50,420,7.49162e+10,3.6082,-1.0269,0
0.50,424,7.77428e+10,3.6104,-1.0015,0
0.50,428,8.05400e+10,3.6127,-0.9738,0
0.50,432,8.32747e+10,3.6152,-0.9437,0
0.50,436,8.59125e+10,3.6179,-0.9113,0
0.50,440,8.84232e+10,3.6208,-0.8766,0
0.50,444,9.08051e+10,3.6238,-0.8397,0
0.50,448,9.30253e+10,3.6268,-0.8012,0
0.50,452,9.49894e+10,3.6295,-0.7619,0
0.50,454,9.58750e+10,3.6308,-0.7419,2
0.80,1,2.26895e+03,3.6065,1.5390,-1
0.80,4,2.65969e+03,3.6072,1.5260,-1
0.80,8,3.28565e+03,3.6083,1.5067,-1
0.80,12,4.05914e+03,3.6094,1.4843,-1
0.80,16,5.01226e+03,3.6108,1.4590,-1
0.80,20,6.18738e+03,3.6122,1.4308,-1
0.80,24,7.63484e+03,3.6138,1.3994,-1
0.80,28,9.41760e+03,3.6154,1.3647,-1
0.80,32,1.16117e+04,3.6172,1.3273,-1
0.80,36,1.43107e+04,3.6190,1.2871,-1
0.80,40,1.76300e+04,3.6207,1.2443,-1
0.80,44,2.17098e+04,3.6225,1.1991,-1
0.80,48,2.67242e+04,3.6242,1.1517,-1
0.80,52,3.28860e+04,3.6260,1.1027,-1
0.80,56,4.04582e+04,3.6275,1.0521,-1
0.80,60,4.97739e+04,3.6290,1.0015,-1
0.80,64,6.12614e+04,3.6303,0.9528,-1
0.80,68,7.54790e+04,3.6313,0.9102,-1
0.80,72,9.31495e+04,3.6320,0.8780,-1
0.80,76,1.15043e+05,3.6324,0.8530,-1
0.80,80,1.42037e+05,3.6329,0.8257,-1
0.80,84,1.74977e+05,3.6336,0.7825,-1
0.80,88,2.14160e+05,3.6344,0.7104,-1
0.80,92,2.61362e+05,3.6349,0.6282,-1
0.80,96,3.19396e+05,3.6350,0.5499,-1
0.80,100,3.90678e+05,3.6347,0.4744,-1
0.80,104,4.78167e+05,3.6339,0.4008,-1
0.80,108,5.85519e+05,3.6328,0.3287,-1
0.80,112,7.17164e+05,3.6313,0.2576,-1
0.80,116,8.78614e+05,3.6295,0.1872,-1
0.80,120,1.07660e+06,3.6273,0.1173,-1
0.80,124,1.31926e+06,3.6248,0.0477,-1
0.80,128,1.61680e+06,3.6221,-0.0217,-1
0.80,132,1.98166e+06,3.6191,-0.0904,-1
0.80,136,2.42924e+06,3.6160,-0.1587,-1
0.80,140,2.97823e+06,3.6129,-0.2262,-1
0.80,144,3.65227e+06,3.6098,-0.2926,-1
0.80,148,4.48050e+06,3.6071,-0.3571,-1
0.80,152,5.49941e+06,3.6046,-0.4190,-1
0.80,156,6.75415e+06,3.6028,-0.4776,-1
0.80,160,8.30064e+06,3.6016,-0.5320,-1
0.80,164,1.02088e+07,3.6014,-0.5811,-1
0.80,168,1.25654e+07,3.6023,-0.6230,-1
0.80,172,1.54768e+07,3.6050,-0.6549,-1
0.80,176,1.90665e+07,3.6104,-0.6717,-1
0.80,180,2.34421e+07,3.6202,-0.6647,-1
0.80,184,2.85931e+07,3.6368,-0.6242,-1
0.80,188,3.43950e+07,3.6606,-0.5534,-1
0.80,192,4.10798e+07,3.6877,-0.4738,-1
0.80,196,4.98864e+07,3.7075,-0.4468,-1
0.80,200,6.02195e+07,3.6962,-0.5551,-1
0.80,202,6.68513e+07,3.6935,-0.5711,0
0.80,204,7.14375e+07,3.6934,-0.5707,0
0.80,208,8.15290e+07,3.6934,-0.5688,0
0.80,212,9.30816e+07,3.6932,-0.5684,0
0.80,216,1.06202e+08,3.6929,-0.5682,0
0.80,220,1.21301e+08,3.6927,-0.5679,0
0.80,224,1.38431e+08,3.6925,-0.5675,0
0.80,228,1.57943e+08,3.6923,-0.5670,0
0.80,232,1.80225e+08,3.6922,-0.5665,0
0.80,236,2.05706e+08,3.6921,-0.5659,0
0.80,240,2.34855e+08,3.6920,-0.5653,0
0.80,244,2.68182e+08,3.6920,-0.5646,0
0.80,248,3.06235e+08,3.6920,-0.5638,0
0.80,252,3.49594e+08,3.6920,-0.5630,0
0.80,256,3.98868e+08,3.6921,-0.5620,0
0.80,260,4.54682e+08,3.6921,-0.5610,0
0.80,264,5.18370e+08,3.6922,-0.5598,0
0.80,268,5.92703e+08,3.6923,-0.5585,0
0.80,272,6.77071e+08,3.6925,-0.5570,0
0.80,276,7.72472e+08,3.6926,-0.5554,0
0.80,280,8.79889e+08,3.6928,-0.5536,0
0.80,284,1.00453e+09,3.6930,-0.5516,0
0.80,288,1.14844e+09,3.6933,-0.5493,0
0.80,292,1.31081e+09,3.6936,-0.5468,0
0.80,296,1.49320e+09,3.6939,-0.5439,0
0.80,300,1.70352e+09,3.6943,-0.5407,0
0.80,304,1.94802e+09,3.6947,-0.5370,0
0.80,308,2.22328e+09,3.6952,-0.5328,0
0.80,312,2.53172e+09,3.6958,-0.5281,0
0.80,316,2.88993e+09,3.6964,-0.5226,0
0.80,320,3.30258e+09,3.6972,-0.5162,0
0.80,324,3.76633e+09,3.6980,-0.5089,0
0.80,328,4.29289e+09,3.6990,-0.5006,0
0.80,332,4.89496e+09,3.7002,-0.4908,0
0.80,336,5.58290e+09,3.7015,-0.4794,0
0.80,340,6.36385e+09,3.7030,-0.4660,0
0.80,344,7.25344e+09,3.7048,-0.4503,0
0.80,348,8.26381e+09,3.7068,-0.4317,0
0.80,352,9.41404e+09,3.7092,-0.4094,0
0.80,353,9.72153e+09,3.7098,-0.4033,0
0.80,356,1.00120e+10,3.7104,-0.3973,0
0.80,360,1.04084e+10,3.7113,-0.3891,0
0.80,364,1.08191e+10,3.7121,-0.3805,0
0.80,368,1.12449e+10,3.7130,-0.3713,0
0.80,372,1.16861e+10,3.7139,-0.3616,0
0.80,376,1.21427e+10,3.7148,-0.3513,0
0.80,380,1.26146e+10,3.7158,-0.3404,0
0.80,384,1.31025e+10,3.7168,-0.3288,0
0.80,388,1.36069e+10,3.7178,-0.3164,0
0.80,392,1.41256e+10,3.7189,-0.3032,0
0.80,396,1.46600e+10,3.7200,-0.2892,0
0.80,400,1.52086e+10,3.7210,-0.2741,0
0.80,404,1.57702e+10,3.7222,-0.2579,0
0.80,408,1.63436e+10,3.7233,-0.2406,0
0.80,412,1.69277e+10,3.7244,-0.2219,0
0.80,416,1.75202e+10,3.7254,-0.2020,0
0.80,420,1.81219e+10,3.7264,-0.1809,0
0.80,424,1.87336e+10,3.7272,-0.1588,0
0.80,428,1.93505e+10,3.7277,-0.1359,0
0.80,432,1.99375e+10,3.7281,-0.1114,0
0.80,436,2.04935e+10,3.7281,-0.0854,0
0.80,440,2.10169e+10,3.7277,-0.0585,0
0.80,444,2.14970e+10,3.7266,-0.0314,0
0.80,448,2.19278e+10,3.7247,-0.0048,0
0.80,452,2.22812e+10,3.7219,0.0194,0
0.80,454,2.24227e+10,3.7201,0.0298,2
0.80,456,2.26935e+10,3.7157,0.0498,2
0.80,460,2.30916e+10,3.7041,0.0829,2
0.80,464,2.33612e+10,3.6911,0.1215,2
0.80,468,2.35686e+10,3.6816,0.1883,2
0.80,472,2.37310e+10,3.6772,0.2756,2
0.80,476,2.38650e+10,3.6753,0.3695,2
0.80,480,2.39802e+10,3.6742,0.4658,2
0.80,484,2.40794e+10,3.6730,0.5632,2
0.80,488,2.41638e+10,3.6714,0.6613,2
0.80,492,2.42345e+10,3.6694,0.7597,2
0.80,496,2.42930e+10,3.6669,0.8582,2
0.80,500,2.43415e+10,3.6638,0.9567,2
0.80,504,2.43819e+10,3.6603,1.0551,2
0.80,508,2.44160e+10,3.6564,1.1533,2
0.80,512,2.44478e+10,3.6521,1.2510,2
0.80,516,2.44947e+10,3.6508,1.3012,2
0.80,520,2.45166e+10,3.6457,1.3989,2
0.80,524,2.45341e+10,3.6403,1.4964,2
0.80,528,2.45485e+10,3.6345,1.5936,2
0.80,532,2.45603e+10,3.6284,1.6905,2
0.80,536,2.45702e+10,3.6220,1.7871,2
0.80,540,2.45783e+10,3.6152,1.8832,2
0.80,544,2.45850e+10,3.6082,1.9791,2
0.80,548,2.45906e+10,3.6008,2.0745,2
0.80,552,2.45952e+10,3.5932,2.1695,2
0.80,556,2.45991e+10,3.5853,2.2642,2
0.80,560,2.46024e+10,3.5771,2.3585,2
0.80,564,2.46051e+10,3.5687,2.4524,2
0.80,568,2.46075e+10,3.5601,2.5459,2
0.80,572,2.46094e+10,3.5513,2.6390,2
0.80,576,2.46111e+10,3.5423,2.7318,2
0.80,580,2.46126e+10,3.5331,2.8243,2
0.80,584,2.46138e+10,3.5238,2.9165,2
0.80,588,2.46149e+10,3.5142,3.0083,2
0.80,592,2.46159e+10,3.5044,3.0995,2
0.80,596,2.46167e+10,3.4943,3.1899,2
0.80,600,2.46174e+10,3.4837,3.2784,2
0.80,604,2.46181e+10,3.4730,3.3631,2
0.80,605,2.46182e+10,3.4705,3.3829,3
0.80,608,2.46182e+10,3.5239,2.9670,3
0.80,612,2.46182e+10,3.6127,2.1507,3
0.80,616,2.46183e+10,3.6493,1.6977,3
0.80,620,2.46184e+10,3.6196,2.0663,3
0.80,624,2.46185e+10,3.6437,1.8226,3
0.80,628,2.46190e+10,3.6562,1.7217,3
0.80,631,2.46199e+10,3.6694,1.6052,3
0.80,632,2.46199e+10,3.6694,1.6051,3
0.80,636,2.46199e+10,3.6694,1.6051,3
0.80,640,2.46199e+10,3.6694,1.6051,3
0.80,644,2.46199e+10,3.6694,1.6051,3
0.80,648,2.46199e+10,3.6694,1.6051,3
0.80,652,2.46199e+10,3.6694,1.6051,3
0.80,656,2.46214e+10,3.6699,1.5984,3
0.80,660,2.46580e+10,3.6732,1.5944,3
0.80,664,2.47063e+10,3.6736,1.6051,3
0.80,668,2.47181e+10,3.6696,1.6412,3
0.80,672,2.47244e+10,3.6652,1.6832,3
0.80,676,2.47262e+10,3.6656,1.6807,3
0.80,680,2.47270e+10,3.6701,1.6388,3
0.80,684,2.47308e+10,3.6653,1.6839,3
0.80,688,2.47329e+10,3.6603,1.7305,3
0.80,692,2.47339e+10,3.6552,1.7779,3
0.80,696,2.47345e+10,3.6501,1.8258,3
0.80,700,2.47347e+10,3.6450,1.8736,3
0.80,704,2.47349e+10,3.6400,1.9211,3
0.80,707,2.47349e+10,3.6363,1.9562,4
0.80,708,2.47349e+10,3.6352,1.9670,4
0.80,712,2.47350e+10,3.6306,2.0111,4
0.80,716,2.47351e+10,3.6260,2.0562,4
0.80,720,2.47352e+10,3.6231,2.0849,4
0.80,724,2.47358e+10,3.6263,2.0544,4
0.80,728,2.47374e+10,3.6240,2.0789,4
0.80,732,2.47394e+10,3.6207,2.1109,4
0.80,736,2.47409e+10,3.6161,2.1547,4
0.80,740,2.47421e+10,3.6113,2.2003,4
0.80,744,2.47431e+10,3.6065,2.2463,4
0.80,748,2.47440e+10,3.6016,2.2924,4
0.80,752,2.47447e+10,3.5967,2.3385,4
0.80,756,2.47453e+10,3.5918,2.3847,4
0.80,760,2.47459e+10,3.5868,2.4308,4
0.80,764,2.47464e+10,3.5819,2.4767,4
0.80,768,2.47469e+10,3.5770,2.5226,4
0.80,772,2.47472e+10,3.5719,2.5685,4
0.80,776,2.47475e+10,3.5669,2.6147,4
0.80,780,2.47478e+10,3.5618,2.6611,4
0.80,784,2.47480e+10,3.5566,2.7075,4
0.80,788,2.47482e+10,3.5514,2.7540,4
0.80,792,2.47484e+10,3.5461,2.8006,4
0.80,796,2.47485e+10,3.5408,2.8472,4
0.80,800,2.47487e+10,3.5356,2.8938,4
0.80,804,2.47488e+10,3.5303,2.9405,4
0.80,808,2.47489e+10,3.5250,2.9870,5
0.80,812,2.47491e+10,3.5210,3.0221,5
0.80,816,2.47492e+10,3.5169,3.0572,5
0.80,820,2.47493e+10,3.5129,3.0921,5
0.80,824,2.47495e+10,3.5088,3.1271,5
0.80,828,2.47495e+10,3.5074,3.1389,5
0.80,832,2.47495e+10,3.5031,3.1738,5
0.80,836,2.47496e+10,3.5008,3.1929,5
0.80,840,2.47496e+10,3.5051,3.1580,5
0.80,844,2.47496e+10,3.5088,3.1274,5
0.80,848,2.47496e+10,3.5130,3.0923,5
0.80,852,2.47496e+10,3.5173,3.0573,5
0.80,856,2.47496e+10,3.5214,3.0221,5
0.80,860,2.47496e+10,3.5256,2.9868,5
0.80,864,2.47496e+10,3.5297,2.9516,5
0.80,868,2.47496e+10,3.5339,2.9163,5
0.80,872,2.47496e+10,3.5379,2.8810,5
0.80,876,2.47496e+10,3.5420,2.8456,5
0.80,880,2.47496e+10,3.5460,2.8101,5
0.80,884,2.47496e+10,3.5500,2.7746,5
0.80,888,2.47496e+10,3.5540,2.7389,5
0.80,892,2.47496e+10,3.5578,2.7032,5
0.80,896,2.47496e+10,3.5615,2.6672,5
0.80,900,2.47496e+10,3.5650,2.6308,5
0.80,904,2.47496e+10,3.5613,2.6620,5
0.80,908,2.47496e+10,3.5574,2.6976,5
0.80,912,2.47496e+10,3.5534,2.7332,5
0.80,916,2.47496e+10,3.5494,2.7687,5
0.80,920,2.47496e+10,3.5454,2.8043,5
0.80,924,2.47496e+10,3.5414,2.8398,5
0.80,928,2.47496e+10,3.5374,2.8753,5
0.80,932,2.47496e+10,3.5334,2.9108,5
0.80,936,2.47496e+10,3.5294,2.9463,5
0.80,940,2.47496e+10,3.5253,2.9817,5
0.80,944,2.47496e+10,3.5212,3.0170,5
0.80,948,2.47496e+10,3.5171,3.0524,5
0.80,952,2.47496e+10,3.5130,3.0877,5
0.80,956,2.47496e+10,3.5089,3.1230,5
0.80,960,2.47496e+10,3.5047,3.1581,5
0.80,964,2.47496e+10,3.5005,3.1932,5
0.80,968,2.47496e+10,3.4962,3.2282,5
0.80,972,2.47496e+10,3.4918,3.2630,5
0.80,976,2.47496e+10,3.4873,3.2976,5
0.80,980,2.47496e+10,3.4827,3.3320,5
0.80,984,2.47496e+10,3.4780,3.3660,5
0.80,988,2.47496e+10,3.4731,3.3998,5
0.80,992,2.47496e+10,3.4681,3.4333,5
0.80,996,2.47496e+10,3.4630,3.4664,5
0.80,1000,2.47496e+10,3.4578,3.4992,5
0.80,1004,2.47496e+10,3.4525,3.5320,5
0.80,1008,2.47496e+10,3.4473,3.5649,5
0.80,1012,2.47496e+10,3.4493,3.5515,5
0.80,1016,2.47496e+10,3.4545,3.5185,5
0.80,1020,2.47496e+10,3.4597,3.4856,5
0.80,1024,2.47496e+10,3.4649,3.4526,5
0.80,1028,2.47496e+10,3.4699,3.4192,5
0.80,1032,2.47496e+10,3.4748,3.3856,5
0.80,1036,2.47496e+10,3.4796,3.3518,5
0.80,1040,2.47496e+10,3.4843,3.3178,5
0.80,1044,2.47496e+10,3.4888,3.2834,5
0.80,1048,2.47496e+10,3.4933,3.2488,5
0.80,1052,2.47496e+10,3.4977,3.2142,5
0.80,1056,2.47496e+10,3.5021,3.1792,5
0.80,1060,2.47496e+10,3.5063,3.1442,5
0.80,1064,2.47496e+10,3.5106,3.1092,5
0.80,1068,2.47496e+10,3.5147,3.0739,5
0.80,1072,2.47496e+10,3.5188,3.0387,5
0.80,1076,2.47496e+10,3.5188,3.0378,5
0.80,1080,2.47496e+10,3.5147,3.0730,5
0.80,1084,2.47496e+10,3.5105,3.1082,5
0.80,1088,2.47496e+10,3.5063,3.1434,5
0.80,1092,2.47496e+10,3.5020,3.1784,5
0.80,1096,2.47496e+10,3.4977,3.2134,5
0.80,1100,2.47496e+10,3.4934,3.2482,5
0.80,1104,2.47496e+10,3.4889,3.2828,5
0.80,1108,2.47496e+10,3.4843,3.3172,5
0.80,1112,2.47496e+10,3.4797,3.3515,5
0.80,1116,2.47496e+10,3.4749,3.3854,5
0.80,1120,2.47496e+10,3.4700,3.4190,5
0.80,1124,2.47496e+10,3.4649,3.4523,5
0.80,1128,2.47496e+10,3.4598,3.4854,5
0.80,1132,2.47496e+10,3.4546,3.5184,5
0.80,1136,2.47496e+10,3.4494,3.5512,5
0.80,1140,2.47496e+10,3.4479,3.5604,5
0.80,1144,2.47496e+10,3.4530,3.5273,5
0.80,1148,2.47496e+10,3.4582,3.4945,5
0.80,1152,2.47496e+10,3.4634,3.4614,5
0.80,1156,2.47496e+10,3.4684,3.4281,5
0.80,1160,2.47496e+10,3.4733,3.3945,5
0.80,1164,2.47496e+10,3.4782,3.3606,5
0.80,1168,2.47496e+10,3.4829,3.3267,5
0.80,1172,2.47496e+10,3.4875,3.2923,5
0.80,1176,2.47496e+10,3.4920,3.2578,5
0.80,1180,2.47496e+10,3.4953,3.2320,5
0.80,1184,2.47496e+10,3.4909,3.2667,5
0.80,1188,2.47496e+10,3.4864,3.3012,5
0.80,1192,2.47496e+10,3.4817,3.3355,5
0.80,1196,2.47496e+10,3.4770,3.3695,5
0.80,1200,2.47496e+10,3.4722,3.4033,5
0.80,1204,2.47496e+10,3.4672,3.4367,5
0.80,1208,2.47496e+10,3.4621,3.4700,5
0.80,1212,2.47496e+10,3.4603,3.4814,5
0.80,1216,2.47496e+10,3.4653,3.4481,5
0.80,1220,2.47496e+10,3.4704,3.4147,5
0.80,1224,2.47496e+10,3.4753,3.3811,5
0.80,1228,2.47496e+10,3.4800,3.3471,5
0.80,1232,2.47496e+10,3.4847,3.3129,5
0.80,1236,2.47496e+10,3.4893,3.2785,5
0.80,1240,2.47496e+10,3.4919,3.2585,5
0.80,1244,2.47496e+10,3.4874,3.2930,5
0.80,1248,2.47496e+10,3.4828,3.3273,5
0.80,1252,2.47496e+10,3.4781,3.3614,5
0.80,1256,2.47496e+10,3.4732,3.3952,5
0.80,1260,2.47496e+10,3.4780,3.3618,5
0.80,1264,2.47496e+10,3.4827,3.3278,5
0.80,1268,2.47496e+10,3.4873,3.2934,5
0.80,1272,2.47496e+10,3.4918,3.2590,5
0.80,1276,2.47496e+10,3.4944,3.2389,5
0.80,1280,2.47496e+10,3.4900,3.2736,5
0.80,1284,2.47496e+10,3.4891,3.2796,5
0.80,1288,2.47496e+10,3.4936,3.2451,5
0.80,1292,2.47496e+10,3.4980,3.2104,5
0.80,1296,2.47496e+10,3.5006,3.1892,5
0.80,1300,2.47496e+10,3.5050,3.1543,5
0.80,1304,2.47496e+10,3.5092,3.1193,5
0.80,1308,2.47496e+10,3.5135,3.0843,5
0.80,1312,2.47496e+10,3.5177,3.0491,5
0.80,1316,2.47496e+10,3.5219,3.0140,5
0.80,1320,2.47496e+10,3.5261,2.9790,5
0.80,1324,2.47496e+10,3.5262,2.9789,5
0.80,1328,2.47496e+10,3.5221,3.0141,5
0.80,1332,2.47497e+10,3.5179,3.0493,5
0.80,1336,2.47497e+10,3.5137,3.0844,5
0.80,1340,2.47497e+10,3.5095,3.1196,5
0.80,1344,2.47497e+10,3.5052,3.1546,5
0.80,1348,2.47497e+10,3.5009,3.1895,5
0.80,1352,2.47497e+10,3.4966,3.2244,5
0.80,1356,2.47498e+10,3.4979,3.2146,5
0.80,1360,2.47498e+10,3.5023,3.1797,5
0.80,1364,2.47498e+10,3.5066,3.1448,5
0.80,1368,2.47498e+10,3.5068,3.1439,5
0.80,1372,2.47498e+10,3.5024,3.1788,5
0.80,1376,2.47498e+10,3.4981,3.2136,5
0.80,1380,2.47498e+10,3.4937,3.2484,5
0.80,1384,2.47498e+10,3.4893,3.2830,5
0.80,1388,2.47498e+10,3.4848,3.3176,5
0.80,1392,2.47498e+10,3.4803,3.3520,5
0.80,1396,2.47498e+10,3.4761,3.3865,5
0.80,1400,2.47499e+10,3.4743,3.4203,5
0.80,1404,2.47499e+10,3.4815,3.4373,5
0.80,1408,2.47499e+10,3.4912,3.4403,5
0.80,1409,2.47499e+10,3.4936,3.4404,6
0.80,1412,2.47499e+10,3.5251,3.4364,6
0.80,1416,2.47499e+10,3.5671,3.4322,6
0.80,1420,2.47499e+10,3.6092,3.4306,6
0.80,1424,2.47499e+10,3.6512,3.4299,6
0.80,1428,2.47499e+10,3.6933,3.4294,6
0.80,1432,2.47499e+10,3.7353,3.4292,6
0.80,1436,2.47499e+10,3.7774,3.4286,6
0.80,1440,2.47499e+10,3.8194,3.4280,6
0.80,1444,2.47499e+10,3.8615,3.4275,6
0.80,1448,2.47499e+10,3.9035,3.4265,6
0.80,1452,2.47499e+10,3.9456,3.4258,6
0.80,1456,2.47499e+10,3.9876,3.4255,6
0.80,1460,2.47499e+10,4.0296,3.4251,6
0.80,1464,2.47499e+10,4.0717,3.4248,6
0.80,1468,2.47499e+10,4.1137,3.4243,6
0.80,1472,2.47499e+10,4.1558,3.4237,6
0.80,1476,2.47499e+10,4.1978,3.4230,6
0.80,1480,2.47499e+10,4.2399,3.4222,6
0.80,1484,2.47499e+10,4.2819,3.4212,6
0.80,1488,2.47499e+10,4.3240,3.4200,6
0.80,1492,2.47499e+10,4.3660,3.4187,6
0.80,1496,2.47499e+10,4.4081,3.4171,6
0.80,1500,2.47499e+10,4.4501,3.4156,6
0.80,1504,2.47499e+10,4.4921,3.4139,6
0.80,1508,2.47499e+10,4.5342,3.4124,6
0.80,1512,2.47499e+10,4.5762,3.4106,6
0.80,1516,2.47499e+10,4.6183,3.4085,6
0.80,1520,2.47499e+10,4.6603,3.4053,6
0.80,1524,2.47499e+10,4.7023,3.4006,6
0.80,1528,2.47499e+10,4.7444,3.3935,6
0.80,1532,2.47499e+10,4.7860,3.3834,6
0.80,1536,2.47499e+10,4.8278,3.3688,6
0.80,1540,2.47499e+10,4.8696,3.3486,6
0.80,1544,2.47499e+10,4.9110,3.3198,6
0.80,1548,2.47499e+10,4.9517,3.2777,6
0.80,1552,2.47499e+10,4.9904,3.2133,6
0.80,1556,2.47499e+10,5.0235,3.1109,6
0.80,1560,2.47499e+10,5.0418,2.9617,6
0.80,1564,2.47499e+10,5.0417,2.7945,6
0.80,1568,2.47499e+10,5.0305,2.6326,6
0.80,1572,2.47499e+10,5.0140,2.4780,6
0.80,1576,2.47500e+10,4.9946,2.3288,6
0.80,1580,2.47500e+10,4.9736,2.1830,6
0.80,1584,2.47500e+10,4.9583,2.0503,6
0.80,1588,2.47500e+10,4.9834,2.1848,6
0.80,1592,2.47500e+10,5.0051,2.3288,6
0.80,1596,2.47500e+10,5.0241,2.4788,6
0.80,1600,2.47500e+10,5.0366,2.6387,6
0.80,1604,2.47500e+10,5.0170,2.7716,6
0.80,1608,2.47500e+10,5.0110,2.9272,6
0.80,1612,2.47500e+10,5.0167,3.0938,6
0.80,1616,2.47500e+10,5.0158,3.2617,6
0.80,1620,2.47500e+10,5.0180,3.4077,6
0.80,1624,2.47500e+10,5.0464,3.2917,6
0.80,1628,2.47500e+10,5.0620,3.1368,6
0.80,1632,2.47500e+10,5.0683,2.9714,6
0.80,1636,2.47500e+10,5.0622,2.8054,6
0.80,1640,2.47500e+10,5.0486,2.6464,6
0.80,1644,2.47500e+10,5.0309,2.4938,6
0.80,1648,2.47500e+10,5.0107,2.3463,6
0.80,1652,2.47500e+10,4.9889,2.2026,6
0.80,1656,2.47500e+10,4.9659,2.0617,6
0.80,1660,2.47500e+10,4.9423,1.9225,6
0.80,1664,2.47500e+10,4.9195,1.7815,6
0.80,1668,2.47501e+10,4.9089,1.6199,6
0.80,1672,2.47502e+10,4.8899,1.4703,6
0.80,1676,2.47503e+10,4.8685,1.3258,6
0.80,1680,2.47505e+10,4.8463,1.1830,6
0.80,1684,2.47506e+10,4.8235,1.0417,6
0.80,1688,2.47508e+10,4.8001,0.9022,6
0.80,1692,2.47511e+10,4.7760,0.7646,6
0.80,1696,2.47514e+10,4.7512,0.6288,6
0.80,1700,2.47517e+10,4.7259,0.4946,6
0.80,1704,2.47521e+10,4.7001,0.3618,6
0.80,1708,2.47526e+10,4.6740,0.2303,6
0.80,1710,2.47529e+10,4.6607,0.1650,6
1.00,1,1.76637e+03,3.6112,1.7477,-1
1.00,4,2.06486e+03,3.6120,1.7354,-1
1.00,8,2.54214e+03,3.6132,1.7166,-1
1.00,12,3.12852e+03,3.6145,1.6953,-1
1.00,16,3.84953e+03,3.6159,1.6711,-1
1.00,20,4.73507e+03,3.6175,1.6440,-1
1.00,24,5.82274e+03,3.6193,1.6140,-1
1.00,28,7.15706e+03,3.6212,1.5812,-1
1.00,32,8.79359e+03,3.6232,1.5454,-1
1.00,36,1.07998e+04,3.6253,1.5071,-1
1.00,40,1.32588e+04,3.6274,1.4662,-1
1.00,44,1.62711e+04,3.6296,1.4232,-1
1.00,48,1.99603e+04,3.6317,1.3779,-1
1.00,52,2.44796e+04,3.6339,1.3310,-1
1.00,56,3.00121e+04,3.6361,1.2825,-1
1.00,60,3.67884e+04,3.6381,1.2330,-1
1.00,64,4.50985e+04,3.6400,1.1838,-1
1.00,68,5.53141e+04,3.6417,1.1371,-1
1.00,72,6.79350e+04,3.6431,1.0979,-1
1.00,76,8.35490e+04,3.6441,1.0684,-1
1.00,80,1.02818e+05,3.6448,1.0440,-1
1.00,84,1.26425e+05,3.6457,1.0138,-1
1.00,88,1.54966e+05,3.6471,0.9642,-1
1.00,92,1.88768e+05,3.6488,0.8895,-1
1.00,96,2.29834e+05,3.6503,0.8128,-1
1.00,100,2.80150e+05,3.6514,0.7395,-1
1.00,104,3.41740e+05,3.6521,0.6686,-1
1.00,108,4.17101e+05,3.6525,0.5994,-1
1.00,112,5.09291e+05,3.6525,0.5315,-1
1.00,116,6.22019e+05,3.6523,0.4644,-1
1.00,120,7.59818e+05,3.6516,0.3976,-1
1.00,124,9.28262e+05,3.6507,0.3313,-1
1.00,128,1.13414e+06,3.6495,0.2651,-1
1.00,132,1.38568e+06,3.6479,0.1989,-1
1.00,136,1.69296e+06,3.6460,0.1325,-1
1.00,140,2.06836e+06,3.6437,0.0663,-1
1.00,144,2.52708e+06,3.6413,0.0006,-1
1.00,148,3.08859e+06,3.6389,-0.0634,-1
1.00,152,3.77650e+06,3.6367,-0.1249,-1
1.00,156,4.62111e+06,3.6350,-0.1822,-1
1.00,160,5.65996e+06,3.6343,-0.2337,-1
1.00,164,6.93958e+06,3.6350,-0.2769,-1
1.00,168,8.51614e+06,3.6379,-0.3086,-1
1.00,172,1.04514e+07,3.6439,-0.3238,-1
1.00,176,1.27969e+07,3.6545,-0.3162,-1
1.00,180,1.55641e+07,3.6706,-0.2804,-1
1.00,184,1.87144e+07,3.6920,-0.2154,-1
1.00,188,2.21849e+07,3.7175,-0.1237,-1
1.00,192,2.60535e+07,3.7450,-0.0159,-1
1.00,196,3.13112e+07,3.7634,-0.0119,-1
1.00,200,3.77455e+07,3.7578,-0.1176,-1
1.00,202,4.18735e+07,3.7564,-0.1272,0
1.00,204,4.45660e+07,3.7562,-0.1275,0
1.00,208,5.04639e+07,3.7560,-0.1259,0
1.00,212,5.71358e+07,3.7561,-0.1239,0
1.00,216,6.46911e+07,3.7562,-0.1219,0
1.00,220,7.31891e+07,3.7565,-0.1200,0
1.00,224,8.29273e+07,3.7567,-0.1181,0
1.00,228,9.39221e+07,3.7570,-0.1163,0
1.00,232,1.06350e+08,3.7573,-0.1145,0
1.00,236,1.20395e+08,3.7575,-0.1129,0
1.00,240,1.36246e+08,3.7577,-0.1115,0
1.00,244,1.54087e+08,3.7578,-0.1103,0
1.00,248,1.74595e+08,3.7579,-0.1091,0
1.00,252,1.97899e+08,3.7580,-0.1080,0
1.00,256,2.24185e+08,3.7581,-0.1069,0
1.00,260,2.53707e+08,3.7581,-0.1057,0
1.00,264,2.86692e+08,3.7582,-0.1045,0
1.00,268,3.24888e+08,3.7583,-0.1032,0
1.00,272,3.68346e+08,3.7584,-0.1017,0
1.00,276,4.16919e+08,3.7585,-0.1001,0
1.00,280,4.70875e+08,3.7586,-0.0984,0
1.00,284,5.33935e+08,3.7588,-0.0963,0
1.00,288,6.05241e+08,3.7589,-0.0941,0
1.00,292,6.84468e+08,3.7591,-0.0916,0
1.00,296,7.73489e+08,3.7593,-0.0888,0
1.00,300,8.77885e+08,3.7595,-0.0856,0
1.00,304,9.93899e+08,3.7598,-0.0819,0
1.00,308,1.12194e+09,3.7601,-0.0779,0
1.00,312,1.27277e+09,3.7604,-0.0731,0
1.00,316,1.44143e+09,3.7608,-0.0677,0
1.00,320,1.62959e+09,3.7612,-0.0617,0
1.00,324,1.84232e+09,3.7617,-0.0548,0
1.00,328,2.08444e+09,3.7622,-0.0468,0
1.00,332,2.35968e+09,3.7628,-0.0375,0
1.00,336,2.67070e+09,3.7634,-0.0269,0
1.00,340,3.01917e+09,3.7642,-0.0146,0
1.00,344,3.41642e+09,3.7650,-0.0003,0
1.00,348,3.86292e+09,3.7658,0.0163,0
1.00,352,4.36666e+09,3.7667,0.0358,0
1.00,353,4.50136e+09,3.7669,0.0411,0
1.00,356,4.62204e+09,3.7671,0.0460,0
1.00,360,4.78657e+09,3.7674,0.0527,0
1.00,364,4.95656e+09,3.7676,0.0597,0
1.00,368,5.13223e+09,3.7679,0.0671,0
1.00,372,5.31367e+09,3.7681,0.0749,0
1.00,376,5.50091e+09,3.7684,0.0830,0
1.00,380,5.69394e+09,3.7686,0.0917,0
1.00,384,5.89362e+09,3.7688,0.1008,0
1.00,388,6.09910e+09,3.7690,0.1104,0
1.00,392,6.31063e+09,3.7692,0.1205,0
1.00,396,6.52836e+09,3.7694,0.1312,0
1.00,400,6.75260e+09,3.7694,0.1423,0
1.00,404,6.98346e+09,3.7694,0.1537,0
1.00,408,7.22103e+09,3.7693,0.1652,0
1.00,412,7.46537e+09,3.7690,0.1768,0
1.00,416,7.71353e+09,3.7687,0.1894,0
1.00,420,7.96287e+09,3.7683,0.2038,0
1.00,424,8.21390e+09,3.7679,0.2197,0
1.00,428,8.46643e+09,3.7674,0.2368,0
1.00,432,8.71820e+09,3.7666,0.2550,0
1.00,436,8.96650e+09,3.7656,0.2741,0
1.00,440,9.20751e+09,3.7641,0.2938,0
1.00,444,9.43881e+09,3.7622,0.3136,0
1.00,448,9.65320e+09,3.7597,0.3331,0
1.00,452,9.83890e+09,3.7565,0.3508,0
1.00,454,9.91942e+09,3.7547,0.3585,2
1.00,456,1.00837e+10,3.7499,0.3727,2
1.00,460,1.03249e+10,3.7380,0.3867,2
1.00,464,1.04755e+10,3.7237,0.3845,2
1.00,468,1.05914e+10,3.7081,0.3869,2
1.00,472,1.07036e+10,3.6952,0.4315,2
1.00,476,1.07996e+10,3.6889,0.5121,2
1.00,480,1.08791e+10,3.6856,0.6022,2
1.00,484,1.09469e+10,3.6832,0.6951,2
1.00,488,1.10047e+10,3.6808,0.7891,2
1.00,492,1.10533e+10,3.6781,0.8837,2
1.00,496,1.10939e+10,3.6750,0.9785,2
1.00,500,1.11276e+10,3.6714,1.0733,2
1.00,504,1.11557e+10,3.6675,1.1680,2
1.00,508,1.11794e+10,3.6632,1.2626,2
1.00,512,1.11998e+10,3.6585,1.3570,2
1.00,516,1.12209e+10,3.6537,1.4507,2
1.00,520,1.12463e+10,3.6548,1.4475,2
1.00,524,1.12612e+10,3.6494,1.5416,2
1.00,528,1.12735e+10,3.6436,1.6355,2
1.00,532,1.12838e+10,3.6376,1.7291,2
1.00,536,1.12924e+10,3.6314,1.8224,2
1.00,540,1.12995e+10,3.6249,1.9155,2
1.00,544,1.13055e+10,3.6181,2.0081,2
1.00,548,1.13106e+10,3.6110,2.1005,2
1.00,552,1.13148e+10,3.6037,2.1926,2
1.00,556,1.13183e+10,3.5961,2.2843,2
1.00,560,1.13213e+10,3.5883,2.3757,2
1.00,564,1.13238e+10,3.5802,2.4666,2
1.00,568,1.13260e+10,3.5720,2.5573,2
1.00,572,1.13278e+10,3.5636,2.6476,2
1.00,576,1.13294e+10,3.5550,2.7375,2
1.00,580,1.13308e+10,3.5462,2.8271,2
1.00,584,1.13320e+10,3.5373,2.9165,2
1.00,588,1.13330e+10,3.5282,3.0055,2
1.00,592,1.13339e+10,3.5190,3.0943,2
1.00,596,1.13347e+10,3.5096,3.1826,2
1.00,600,1.13354e+10,3.4998,3.2702,2
1.00,604,1.13360e+10,3.4898,3.3566,2
1.00,605,1.13362e+10,3.4872,3.3778,3
1.00,608,1.13362e+10,3.5262,3.0499,3
1.00,612,1.13362e+10,3.6000,2.3527,3
1.00,616,1.13362e+10,3.6614,1.6373,3
1.00,620,1.13363e+10,3.6204,2.1283,3
1.00,624,1.13365e+10,3.6425,1.8898,3
1.00,628,1.13371e+10,3.6596,1.7232,3
1.00,631,1.13379e+10,3.6637,1.6734,3
1.00,632,1.13379e+10,3.6637,1.6734,3
1.00,636,1.13379e+10,3.6637,1.6734,3
1.00,640,1.13379e+10,3.6637,1.6733,3
1.00,644,1.13379e+10,3.6637,1.6733,3
1.00,648,1.13379e+10,3.6637,1.6733,3
1.00,652,1.13379e+10,3.6637,1.6733,3
1.00,656,1.13379e+10,3.6637,1.6733,3
1.00,660,1.13391e+10,3.6644,1.6652,3
1.00,664,1.13720e+10,3.6661,1.6700,3
1.00,668,1.14237e+10,3.6677,1.6770,3
1.00,672,1.14345e+10,3.6644,1.7113,3
1.00,676,1.14397e+10,3.6620,1.7364,3
1.00,680,1.14425e+10,3.6600,1.7572,3
1.00,684,1.14445e+10,3.6589,1.7694,3
1.00,688,1.14460e+10,3.6548,1.8109,3
1.00,692,1.14468e+10,3.6507,1.8527,3
1.00,696,1.14472e+10,3.6467,1.8948,3
1.00,700,1.14474e+10,3.6427,1.9367,3
1.00,704,1.14475e+10,3.6387,1.9782,3
1.00,707,1.14476e+10,3.6357,2.0089,4
1.00,708,1.14476e+10,3.6346,2.0204,4
1.00,712,1.14477e+10,3.6302,2.0671,4
1.00,716,1.14477e+10,3.6256,2.1153,4
1.00,720,1.14478e+10,3.6210,2.1641,4
1.00,724,1.14479e+10,3.6169,2.2067,4
1.00,728,1.14481e+10,3.6217,2.1571,4
1.00,732,1.14486e+10,3.6261,2.1121,4
1.00,736,1.14514e+10,3.6256,2.1176,4
1.00,740,1.14533e+10,3.6211,2.1643,4
1.00,744,1.14547e+10,3.6163,2.2129,4
1.00,748,1.14558e+10,3.6115,2.2621,4
1.00,752,1.14567e+10,3.6067,2.3113,4
1.00,756,1.14575e+10,3.6018,2.3605,4
1.00,760,1.14581e+10,3.5969,2.4097,4
1.00,764,1.14587e+10,3.5919,2.4588,4
1.00,768,1.14592e+10,3.5869,2.5077,4
1.00,772,1.14596e+10,3.5819,2.5565,4
1.00,776,1.14600e+10,3.5769,2.6054,4
1.00,780,1.14604e+10,3.5717,2.6544,4
1.00,784,1.14606e+10,3.5665,2.7037,4
1.00,788,1.14608e+10,3.5613,2.7531,4
1.00,792,1.14610e+10,3.5559,2.8026,4
1.00,796,1.14612e+10,3.5506,2.8521,4
1.00,800,1.14613e+10,3.5451,2.9016,4
1.00,804,1.14614e+10,3.5397,2.9511,4
1.00,808,1.14616e+10,3.5343,3.0006,5
1.00,812,1.14617e+10,3.5276,3.0609,5
1.00,816,1.14619e+10,3.5208,3.1209,5
1.00,820,1.14621e+10,3.5139,3.1806,5
1.00,824,1.14623e+10,3.5093,3.2182,5
1.00,828,1.14623e+10,3.5163,3.1579,5
1.00,832,1.14623e+10,3.5232,3.0975,5
1.00,836,1.14623e+10,3.5205,3.1217,5
1.00,840,1.14623e+10,3.5135,3.1819,5
1.00,844,1.14623e+10,3.5065,3.2422,5
1.00,848,1.14623e+10,3.4992,3.3020,5
1.00,852,1.14623e+10,3.4917,3.3611,5
1.00,856,1.14624e+10,3.4836,3.4191,5
1.00,860,1.14624e+10,3.4796,3.4372,5
1.00,864,1.14624e+10,3.4865,3.3865,5
1.00,868,1.14624e+10,3.4941,3.3275,5
1.00,872,1.14624e+10,3.5015,3.2679,5
1.00,876,1.14624e+10,3.5087,3.2080,5
1.00,880,1.14624e+10,3.5157,3.1477,5
1.00,884,1.14624e+10,3.5227,3.0874,5
1.00,888,1.14624e+10,3.5295,3.0268,5
1.00,892,1.14624e+10,3.5361,2.9658,5
1.00,896,1.14624e+10,3.5343,2.9812,5
1.00,900,1.14624e+10,3.5275,3.0419,5
1.00,904,1.14624e+10,3.5206,3.1025,5
1.00,908,1.14624e+10,3.5137,3.1628,5
1.00,912,1.14624e+10,3.5067,3.2232,5
1.00,916,1.14624e+10,3.4996,3.2833,5
1.00,920,1.14624e+10,3.4922,3.3428,5
1.00,924,1.14624e+10,3.4846,3.4019,5
1.00,928,1.14624e+10,3.4765,3.4601,5
1.00,932,1.14624e+10,3.4680,3.5172,5
1.00,936,1.14624e+10,3.4591,3.5732,5
1.00,940,1.14624e+10,3.4498,3.6283,5
1.00,944,1.14624e+10,3.4404,3.6831,5
1.00,948,1.14624e+10,3.4383,3.6920,5
1.00,952,1.14624e+10,3.4475,3.6368,5
1.00,956,1.14624e+10,3.4567,3.5815,5
1.00,960,1.14624e+10,3.4658,3.5259,5
1.00,964,1.14624e+10,3.4744,3.4690,5
1.00,968,1.14624e+10,3.4826,3.4112,5
1.00,972,1.14624e+10,3.4903,3.3524,5
1.00,976,1.14624e+10,3.4925,3.3366,5
1.00,980,1.14624e+10,3.4848,3.3956,5
1.00,984,1.14624e+10,3.4768,3.4539,5
1.00,988,1.14624e+10,3.4683,3.5110,5
1.00,992,1.14624e+10,3.4595,3.5673,5
1.00,996,1.14624e+10,3.4502,3.6226,5
1.00,1000,1.14624e+10,3.4408,3.6772,5
1.00,1004,1.14624e+10,3.4392,3.6836,5
1.00,1008,1.14624e+10,3.4485,3.6284,5
1.00,1012,1.14624e+10,3.4578,3.5733,5
1.00,1016,1.14624e+10,3.4667,3.5173,5
1.00,1020,1.14624e+10,3.4646,3.5307,5
1.00,1024,1.14624e+10,3.4731,3.4736,5
1.00,1028,1.14624e+10,3.4813,3.4158,5
1.00,1032,1.14624e+10,3.4891,3.3571,5
1.00,1036,1.14624e+10,3.4966,3.2977,5
1.00,1040,1.14624e+10,3.5037,3.2378,5
1.00,1044,1.14624e+10,3.5109,3.1779,5
1.00,1048,1.14625e+10,3.5180,3.1177,5
1.00,1052,1.14625e+10,3.5250,3.0574,5
1.00,1056,1.14625e+10,3.5240,3.0673,5
1.00,1060,1.14625e+10,3.5170,3.1276,5
1.00,1064,1.14625e+10,3.5099,3.1878,5
1.00,1068,1.14625e+10,3.5027,3.2477,5
1.00,1072,1.14626e+10,3.4953,3.3070,5
1.00,1076,1.14626e+10,3.4885,3.3541,5
1.00,1080,1.14627e+10,3.4801,3.4094,5
1.00,1084,1.14627e+10,3.4878,3.3505,5
1.00,1088,1.14627e+10,3.4950,3.2955,5
1.00,1092,1.14627e+10,3.5024,3.2359,5
1.00,1096,1.14627e+10,3.5096,3.1760,5
1.00,1100,1.14627e+10,3.5166,3.1158,5
1.00,1104,1.14627e+10,3.5236,3.0556,5
1.00,1108,1.14627e+10,3.5305,2.9950,5
1.00,1112,1.14627e+10,3.5372,2.9342,5
1.00,1116,1.14627e+10,3.5362,2.9403,5
1.00,1120,1.14627e+10,3.5294,3.0009,5
1.00,1124,1.14627e+10,3.5225,3.0615,5
1.00,1128,1.14627e+10,3.5156,3.1219,5
1.00,1132,1.14627e+10,3.5086,3.1822,5
1.00,1136,1.14627e+10,3.5015,3.2422,5
1.00,1140,1.14627e+10,3.4942,3.3020,5
1.00,1144,1.14627e+10,3.4866,3.3611,5
1.00,1148,1.14627e+10,3.4787,3.4196,5
1.00,1152,1.14627e+10,3.4704,3.4772,5
1.00,1156,1.14627e+10,3.4616,3.5337,5
1.00,1160,1.14627e+10,3.4524,3.5890,5
1.00,1164,1.14627e+10,3.4430,3.6440,5
1.00,1168,1.14627e+10,3.4339,3.6995,5
1.00,1172,1.14627e+10,3.4378,3.6718,5
1.00,1176,1.14627e+10,3.4469,3.6161,5
1.00,1180,1.14627e+10,3.4561,3.5607,5
1.00,1184,1.14627e+10,3.4650,3.5046,5
1.00,1188,1.14627e+10,3.4736,3.4478,5
1.00,1192,1.14627e+10,3.4672,3.4917,5
1.00,1196,1.14627e+10,3.4660,3.4978,5
1.00,1200,1.14627e+10,3.4746,3.4408,5
1.00,1204,1.14627e+10,3.4827,3.3828,5
1.00,1208,1.14627e+10,3.4905,3.3240,5
1.00,1212,1.14627e+10,3.4980,3.2648,5
1.00,1216,1.14627e+10,3.5053,3.2050,5
1.00,1220,1.14627e+10,3.5125,3.1451,5
1.00,1224,1.14627e+10,3.5082,3.1818,5
1.00,1228,1.14627e+10,3.5010,3.2416,5
1.00,1232,1.14628e+10,3.4935,3.3010,5
1.00,1236,1.14628e+10,3.4857,3.3595,5
1.00,1240,1.14628e+10,3.4774,3.4171,5
1.00,1244,1.14628e+10,3.4683,3.4706,5
1.00,1248,1.14628e+10,3.4744,3.4249,5
1.00,1252,1.14628e+10,3.4821,3.3697,5
1.00,1256,1.14628e+10,3.4900,3.3112,5
1.00,1260,1.14628e+10,3.4975,3.2519,5
1.00,1264,1.14628e+10,3.5049,3.1923,5
1.00,1268,1.14628e+10,3.5120,3.1323,5
1.00,1272,1.14628e+10,3.5191,3.0722,5
1.00,1276,1.14628e+10,3.5261,3.0118,5
1.00,1280,1.14628e+10,3.5329,2.9512,5
1.00,1284,1.14628e+10,3.5314,2.9614,5
1.00,1288,1.14628e+10,3.5245,3.0219,5
1.00,1292,1.14628e+10,3.5175,3.0822,5
1.00,1296,1.14628e+10,3.5105,3.1425,5
1.00,1300,1.14628e+10,3.5034,3.2026,5
1.00,1304,1.14628e+10,3.4961,3.2624,5
1.00,1308,1.14628e+10,3.4886,3.3218,5
1.00,1312,1.14628e+10,3.4809,3.3805,5
1.00,1316,1.14628e+10,3.4727,3.4385,5
1.00,1320,1.14628e+10,3.4642,3.4956,5
1.00,1324,1.14628e+10,3.4553,3.5518,5
1.00,1328,1.14628e+10,3.4464,3.6079,5
1.00,1332,1.14628e+10,3.4378,3.6647,5
1.00,1336,1.14628e+10,3.4297,3.7228,5
1.00,1340,1.14628e+10,3.4287,3.7328,5
1.00,1344,1.14628e+10,3.4364,3.6739,5
1.00,1348,1.14628e+10,3.4446,3.6161,5
1.00,1352,1.14628e+10,3.4532,3.5593,5
1.00,1356,1.14628e+10,3.4589,3.5241,5
1.00,1360,1.14628e+10,3.4605,3.5131,5
1.00,1364,1.14628e+10,3.4691,3.4561,5
1.00,1368,1.14628e+10,3.4774,3.3984,5
1.00,1372,1.14628e+10,3.4853,3.3401,5
1.00,1376,1.14628e+10,3.4930,3.2812,5
1.00,1380,1.14628e+10,3.5005,3.2218,5
1.00,1384,1.14629e+10,3.5057,3.1808,5
1.00,1388,1.14629e+10,3.4983,3.2404,5
1.00,1392,1.14629e+10,3.4908,3.2996,5
1.00,1396,1.14629e+10,3.4830,3.3584,5
1.00,1400,1.14629e+10,3.4751,3.4165,5
1.00,1404,1.14629e+10,3.4676,3.4739,5
1.00,1408,1.14629e+10,3.4724,3.5203,5
1.00,1409,1.14629e+10,3.4764,3.5238,6
1.00,1412,1.14629e+10,3.5010,3.5288,6
1.00,1416,1.14629e+10,3.5339,3.5296,6
1.00,1420,1.14629e+10,3.5668,3.5303,6
1.00,1424,1.14629e+10,3.5997,3.5305,6
1.00,1428,1.14629e+10,3.6325,3.5306,6
1.00,1432,1.14629e+10,3.6654,3.5306,6
1.00,1436,1.14629e+10,3.6983,3.5307,6
1.00,1440,1.14629e+10,3.7312,3.5306,6
1.00,1444,1.14629e+10,3.7640,3.5312,6
1.00,1448,1.14629e+10,3.7969,3.5310,6
1.00,1452,1.14629e+10,3.8298,3.5303,6
1.00,1456,1.14629e+10,3.8627,3.5293,6
1.00,1460,1.14629e+10,3.8955,3.5283,6
1.00,1464,1.14629e+10,3.9284,3.5278,6
1.00,1468,1.14629e+10,3.9613,3.5277,6
1.00,1472,1.14629e+10,3.9942,3.5276,6
1.00,1476,1.14629e+10,4.0271,3.5274,6
1.00,1480,1.14629e+10,4.0599,3.5272,6
1.00,1484,1.14629e+10,4.0928,3.5270,6
1.00,1488,1.14629e+10,4.1257,3.5268,6
1.00,1492,1.14629e+10,4.1586,3.5265,6
1.00,1496,1.14629e+10,4.1914,3.5262,6
1.00,1500,1.14629e+10,4.2243,3.5257,6
1.00,1504,1.14629e+10,4.2572,3.5252,6
1.00,1508,1.14629e+10,4.2901,3.5247,6
1.00,1512,1.14629e+10,4.3229,3.5240,6
1.00,1516,1.14629e+10,4.3558,3.5232,6
1.00,1520,1.14629e+10,4.3887,3.5224,6
1.00,1524,1.14629e+10,4.4216,3.5214,6
1.00,1528,1.14629e+10,4.4544,3.5203,6
1.00,1532,1.14629e+10,4.4873,3.5191,6
1.00,1536,1.14629e+10,4.5202,3.5178,6
1.00,1540,1.14629e+10,4.5531,3.5162,6
1.00,1544,1.14629e+10,4.5859,3.5145,6
1.00,1548,1.14629e+10,4.6188,3.5124,6
1.00,1552,1.14629e+10,4.6517,3.5100,6
1.00,1556,1.14629e+10,4.6846,3.5069,6
1.00,1560,1.14629e+10,4.7174,3.5031,6
1.00,1564,1.14629e+10,4.7503,3.4983,6
1.00,1568,1.14629e+10,4.7831,3.4918,6
1.00,1572,1.14629e+10,4.8159,3.4833,6
1.00,1576,1.14629e+10,4.8487,3.4727,6
1.00,1580,1.14629e+10,4.8814,3.4592,6
1.00,1584,1.14630e+10,4.9140,3.4418,6
1.00,1588,1.14630e+10,4.9464,3.4192,6
1.00,1592,1.14630e+10,4.9784,3.3890,6
1.00,1596,1.14630e+10,5.0095,3.3474,6
1.00,1600,1.14630e+10,5.0388,3.2882,6
1.00,1604,1.14630e+10,5.0635,3.2022,6
1.00,1608,1.14630e+10,5.0782,3.0858,6
1.00,1612,1.14630e+10,5.0807,2.9553,6
1.00,1616,1.14630e+10,5.0747,2.8262,6
1.00,1620,1.14630e+10,5.0639,2.7020,6
1.00,1624,1.14630e+10,5.0505,2.5821,6
1.00,1628,1.14630e+10,5.0353,2.4654,6
1.00,1632,1.14630e+10,5.0191,2.3510,6
1.00,1636,1.14630e+10,5.0028,2.2368,6
1.00,1640,1.14630e+10,4.9947,2.1136,6
1.00,1644,1.14630e+10,4.9798,1.9965,6
1.00,1648,1.14630e+10,4.9644,1.8801,6
1.00,1652,1.14631e+10,4.9487,1.7648,6
1.00,1656,1.14631e+10,4.9325,1.6503,6
1.00,1660,1.14632e+10,4.9159,1.5368,6
1.00,1664,1.14632e+10,4.8990,1.4241,6
1.00,1668,1.14633e+10,4.8816,1.3124,6
1.00,1672,1.14634e+10,4.8639,1.2016,6
1.00,1676,1.14635e+10,4.8458,1.0919,6
1.00,1680,1.14637e+10,4.8273,0.9833,6
1.00,1684,1.14638e+10,4.8084,0.8758,6
1.00,1688,1.14640e+10,4.7891,0.7694,6
1.00,1692,1.14642e+10,4.7695,0.6639,6
1.00,1696,1.14644e+10,4.7496,0.5594,6
1.00,1700,1.14647e+10,4.7294,0.4558,6
1.00,1704,1.14650e+10,4.7089,0.3530,6
1.00,1708,1.14653e+10,4.6882,0.2508,6
1.00,1710,1.14655e+10,4.6778,0.2000,6
1.20,1,1.46770e+03,3.6140,1.9126,-1
1.20,4,1.70893e+03,3.6148,1.9007,-1
1.20,8,2.09311e+03,3.6160,1.8827,-1
1.20,12,2.56254e+03,3.6174,1.8624,-1
1.20,16,3.13673e+03,3.6189,1.8392,-1
1.20,20,3.83823e+03,3.6206,1.8134,-1
1.20,24,4.69544e+03,3.6225,1.7849,-1
1.20,28,5.74187e+03,3.6245,1.7538,-1
1.20,32,7.01843e+03,3.6266,1.7196,-1
1.20,36,8.57619e+03,3.6288,1.6831,-1
1.20,40,1.04756e+04,3.6312,1.6445,-1
1.20,44,1.27910e+04,3.6335,1.6034,-1
1.20,48,1.56123e+04,3.6359,1.5605,-1
1.20,52,1.90502e+04,3.6383,1.5157,-1
1.20,56,2.32375e+04,3.6407,1.4692,-1
1.20,60,2.83402e+04,3.6431,1.4219,-1
1.20,64,3.45589e+04,3.6454,1.3737,-1
1.20,68,4.21486e+04,3.6476,1.3262,-1
1.20,72,5.14392e+04,3.6495,1.2820,-1
1.20,76,6.28662e+04,3.6511,1.2457,-1
1.20,80,7.69217e+04,3.6522,1.2182,-1
1.20,84,9.41562e+04,3.6531,1.1937,-1
1.20,88,1.15131e+05,3.6544,1.1616,-1
1.20,92,1.40237e+05,3.6563,1.1086,-1
1.20,96,1.69942e+05,3.6586,1.0357,-1
1.20,100,2.06014e+05,3.6607,0.9636,-1
1.20,104,2.49973e+05,3.6624,0.8943,-1
1.20,108,3.03519e+05,3.6638,0.8272,-1
1.20,112,3.68719e+05,3.6649,0.7615,-1
1.20,116,4.48082e+05,3.6657,0.6971,-1
1.20,120,5.44691e+05,3.6663,0.6335,-1
1.20,124,6.62239e+05,3.6666,0.5704,-1
1.20,128,8.05240e+05,3.6666,0.5075,-1
1.20,132,9.79161e+05,3.6663,0.4447,-1
1.20,136,1.19064e+06,3.6658,0.3821,-1
1.20,140,1.44790e+06,3.6650,0.3196,-1
1.20,144,1.76099e+06,3.6640,0.2581,-1
1.20,148,2.14217e+06,3.6630,0.1977,-1
1.20,152,2.60681e+06,3.6621,0.1398,-1
1.20,156,3.17434e+06,3.6616,0.0857,-1
1.20,160,3.86837e+06,3.6619,0.0371,-1
1.20,164,4.71836e+06,3.6635,-0.0033,-1
1.20,168,5.75925e+06,3.6672,-0.0321,-1
1.20,172,7.02863e+06,3.6737,-0.0444,-1
1.20,176,8.55686e+06,3.6843,-0.0342,-1
1.20,180,1.03489e+07,3.6995,0.0048,-1
1.20,184,1.23601e+07,3.7195,0.0777,-1
1.20,188,1.45012e+07,3.7427,0.1861,-1
1.20,192,1.67027e+07,3.7679,0.3223,-1
1.20,196,1.95179e+07,3.7961,0.4074,-1
1.20,200,2.27906e+07,3.7967,0.2528,-1
1.20,202,2.50831e+07,3.7938,0.2200,0
1.20,204,2.66555e+07,3.7941,0.2250,0
1.20,208,3.00890e+07,3.7958,0.2390,0
1.20,212,3.39685e+07,3.7979,0.2497,0
1.20,216,3.83427e+07,3.7999,0.2586,0
1.20,220,4.33098e+07,3.8014,0.2636,0
1.20,224,4.89269e+07,3.8021,0.2650,0
1.20,228,5.52343e+07,3.8023,0.2654,0
1.20,232,6.24467e+07,3.8024,0.2659,0
1.20,236,7.05438e+07,3.8024,0.2665,0
1.20,240,7.96721e+07,3.8024,0.2672,0
1.20,244,8.99905e+07,3.8025,0.2680,0
1.20,248,1.01668e+08,3.8025,0.2688,0
1.20,252,1.14884e+08,3.8025,0.2697,0
1.20,256,1.29819e+08,3.8026,0.2707,0
1.20,260,1.46658e+08,3.8026,0.2718,0
1.20,264,1.65577e+08,3.8026,0.2729,0
1.20,268,1.86736e+08,3.8027,0.2742,0
1.20,272,2.11095e+08,3.8028,0.2756,0
1.20,276,2.38765e+08,3.8028,0.2771,0
1.20,280,2.69722e+08,3.8029,0.2789,0
1.20,284,3.04150e+08,3.8030,0.2808,0
1.20,288,3.43570e+08,3.8031,0.2830,0
1.20,292,3.88735e+08,3.8032,0.2855,0
1.20,296,4.38941e+08,3.8033,0.2883,0
1.20,300,4.94352e+08,3.8034,0.2914,0
1.20,304,5.59784e+08,3.8035,0.2950,0
1.20,308,6.32770e+08,3.8037,0.2991,0
1.20,312,7.13147e+08,3.8038,0.3036,0
1.20,316,8.05033e+08,3.8040,0.3089,0
1.20,320,9.09896e+08,3.8042,0.3149,0
1.20,324,1.02735e+09,3.8044,0.3216,0
1.20,328,1.15955e+09,3.8046,0.3294,0
1.20,332,1.30822e+09,3.8048,0.3381,0
1.20,336,1.47753e+09,3.8050,0.3483,0
1.20,340,1.66710e+09,3.8052,0.3598,0
1.20,344,1.88184e+09,3.8053,0.3730,0
1.20,348,2.12382e+09,3.8053,0.3882,0
1.20,352,2.39577e+09,3.8050,0.4052,0
1.20,353,2.46874e+09,3.8049,0.4096,0
1.20,356,2.53915e+09,3.8047,0.4138,0
1.20,360,2.63560e+09,3.8045,0.4195,0
1.20,364,2.73609e+09,3.8041,0.4252,0
1.20,368,2.84016e+09,3.8036,0.4307,0
1.20,372,2.94823e+09,3.8029,0.4360,0
1.20,376,3.06023e+09,3.8021,0.4414,0
1.20,380,3.17666e+09,3.8011,0.4468,0
1.20,384,3.29744e+09,3.8001,0.4528,0
1.20,388,3.42238e+09,3.7989,0.4580,0
1.20,392,3.55198e+09,3.7977,0.4645,0
1.20,396,3.68626e+09,3.7959,0.4698,0
1.20,400,3.82504e+09,3.7939,0.4745,0
1.20,404,3.96817e+09,3.7916,0.4793,0
1.20,408,4.11553e+09,3.7889,0.4836,0
1.20,412,4.26676e+09,3.7860,0.4878,0
1.20,416,4.42074e+09,3.7833,0.4943,0
1.20,420,4.55962e+09,3.7831,0.5110,0
1.20,424,4.62431e+09,3.7871,0.5410,0
1.20,428,4.64433e+09,3.7918,0.5733,0
1.20,432,4.65224e+09,3.7950,0.6020,0
1.20,436,4.65638e+09,3.7953,0.6147,0
1.20,440,4.66271e+09,3.7931,0.6208,0
1.20,444,4.73457e+09,3.7891,0.6282,0
1.20,448,4.87277e+09,3.7839,0.6385,0
1.20,452,4.99774e+09,3.7785,0.6505,0
1.20,454,5.04581e+09,3.7757,0.6553,2
1.20,456,5.12676e+09,3.7696,0.6610,2
1.20,460,5.23876e+09,3.7563,0.6554,2
1.20,464,5.30804e+09,3.7420,0.6291,2
1.20,468,5.36173e+09,3.7270,0.5949,2
1.20,472,5.42249e+09,3.7111,0.5792,2
1.20,476,5.49933e+09,3.6993,0.6273,2
1.20,480,5.56747e+09,3.6939,0.7083,2
1.20,484,5.62510e+09,3.6906,0.7958,2
1.20,488,5.67390e+09,3.6876,0.8853,2
1.20,492,5.71474e+09,3.6846,0.9755,2
1.20,496,5.74865e+09,3.6812,1.0662,2
1.20,500,5.77678e+09,3.6775,1.1569,2
1.20,504,5.80017e+09,3.6735,1.2476,2
1.20,508,5.81968e+09,3.6691,1.3382,2
1.20,512,5.83621e+09,3.6644,1.4286,2
1.20,516,5.85065e+09,3.6594,1.5188,2
1.20,520,5.87023e+09,3.6570,1.5689,2
1.20,524,5.88373e+09,3.6550,1.6079,2
1.20,528,5.89403e+09,3.6494,1.6978,2
1.20,532,5.90279e+09,3.6435,1.7875,2
1.20,536,5.91014e+09,3.6374,1.8769,2
1.20,540,5.91633e+09,3.6311,1.9662,2
1.20,544,5.92155e+09,3.6245,2.0551,2
1.20,548,5.92596e+09,3.6177,2.1437,2
1.20,552,5.92970e+09,3.6107,2.2321,2
1.20,556,5.93286e+09,3.6034,2.3201,2
1.20,560,5.93555e+09,3.5960,2.4078,2
1.20,564,5.93785e+09,3.5883,2.4952,2
1.20,568,5.93982e+09,3.5805,2.5823,2
1.20,572,5.94152e+09,3.5725,2.6691,2
1.20,576,5.94299e+09,3.5643,2.7556,2
1.20,580,5.94427e+09,3.5560,2.8416,2
1.20,584,5.94538e+09,3.5476,2.9274,2
1.20,588,5.94635e+09,3.5389,3.0131,2
1.20,592,5.94720e+09,3.5302,3.0986,2
1.20,596,5.94796e+09,3.5214,3.1837,2
1.20,600,5.94863e+09,3.5124,3.2684,2
1.20,604,5.94923e+09,3.5031,3.3526,2
1.20,605,5.94940e+09,3.5008,3.3736,3
1.20,608,5.94940e+09,3.5313,3.1056,3
1.20,612,5.94940e+09,3.5958,2.4856,3
1.20,616,5.94943e+09,3.6532,1.8543,3
1.20,620,5.94953e+09,3.6259,2.1525,3
1.20,624,5.94976e+09,3.6433,1.9589,3
1.20,628,5.95029e+09,3.6622,1.7452,3
1.20,631,5.95114e+09,3.6647,1.7255,3
1.20,632,5.95115e+09,3.6650,1.7220,3
1.20,636,5.95115e+09,3.6650,1.7219,3
1.20,640,5.95115e+09,3.6650,1.7219,3
1.20,644,5.95115e+09,3.6650,1.7219,3
1.20,648,5.95115e+09,3.6650,1.7219,3
1.20,652,5.95115e+09,3.6650,1.7218,3
1.20,656,5.95131e+09,3.6669,1.6997,3
1.20,660,5.97998e+09,3.6675,1.7106,3
1.20,664,6.03599e+09,3.6693,1.7205,3
1.20,668,6.04887e+09,3.6661,1.7552,3
1.20,672,6.05361e+09,3.6635,1.7835,3
1.20,676,6.05655e+09,3.6598,1.8227,3
1.20,680,6.05709e+09,3.6635,1.7873,3
1.20,684,6.05901e+09,3.6640,1.7800,3
1.20,688,6.06153e+09,3.6597,1.8256,3
1.20,692,6.06290e+09,3.6554,1.8722,3
1.20,696,6.06353e+09,3.6510,1.9194,3
1.20,700,6.06383e+09,3.6466,1.9665,3
1.20,704,6.06399e+09,3.6423,2.0130,3
1.20,707,6.06406e+09,3.6392,2.0474,4
1.20,708,6.06407e+09,3.6382,2.0577,4
1.20,712,6.06413e+09,3.6344,2.0997,4
1.20,716,6.06419e+09,3.6305,2.1430,4
1.20,720,6.06428e+09,3.6265,2.1864,4
1.20,724,6.06451e+09,3.6296,2.1526,4
1.20,728,6.06553e+09,3.6300,2.1494,4
1.20,732,6.06751e+09,3.6287,2.1639,4
1.20,736,6.06914e+09,3.6251,2.2026,4
1.20,740,6.07022e+09,3.6210,2.2465,4
1.20,744,6.07112e+09,3.6168,2.2910,4
1.20,748,6.07189e+09,3.6126,2.3355,4
1.20,752,6.07254e+09,3.6083,2.3802,4
1.20,756,6.07309e+09,3.6040,2.4248,4
1.20,760,6.07356e+09,3.5997,2.4695,4
1.20,764,6.07400e+09,3.5952,2.5138,4
1.20,768,6.07440e+09,3.5909,2.5581,4
1.20,772,6.07478e+09,3.5865,2.6023,4
1.20,776,6.07511e+09,3.5820,2.6463,4
1.20,780,6.07539e+09,3.5775,2.6906,4
1.20,784,6.07561e+09,3.5730,2.7351,4
1.20,788,6.07579e+09,3.5683,2.7798,4
1.20,792,6.07595e+09,3.5636,2.8245,4
1.20,796,6.07608e+09,3.5589,2.8693,4
1.20,800,6.07621e+09,3.5542,2.9142,4
1.20,804,6.07632e+09,3.5494,2.9590,4
1.20,808,6.07643e+09,3.5445,3.0038,5
1.20,812,6.07664e+09,3.5356,3.0866,5
1.20,816,6.07687e+09,3.5265,3.1691,5
1.20,820,6.07712e+09,3.5188,3.2372,5
1.20,824,6.07716e+09,3.5140,3.2779,5
1.20,828,6.07717e+09,3.5231,3.1988,5
1.20,832,6.07717e+09,3.5324,3.1157,5
1.20,836,6.07717e+09,3.5414,3.0323,5
1.20,840,6.07717e+09,3.5504,2.9487,5
1.20,844,6.07717e+09,3.5457,2.9902,5
1.20,848,6.07717e+09,3.5367,3.0736,5
1.20,852,6.07717e+09,3.5276,3.1570,5
1.20,856,6.07717e+09,3.5183,3.2400,5
1.20,860,6.07717e+09,3.5089,3.3228,5
1.20,864,6.07717e+09,3.4992,3.4052,5
1.20,868,6.07717e+09,3.4892,3.4867,5
1.20,872,6.07717e+09,3.4784,3.5669,5
1.20,876,6.07717e+09,3.4701,3.6235,5
1.20,880,6.07717e+09,3.4813,3.5445,5
1.20,884,6.07717e+09,3.4918,3.4638,5
1.20,888,6.07717e+09,3.5017,3.3820,5
1.20,892,6.07717e+09,3.5114,3.2997,5
1.20,896,6.07717e+09,3.5146,3.2722,5
1.20,900,6.07717e+09,3.5050,3.3547,5
1.20,904,6.07717e+09,3.4953,3.4368,5
1.20,908,6.07717e+09,3.4849,3.5179,5
1.20,912,6.07717e+09,3.4884,3.4902,5
1.20,916,6.07717e+09,3.4986,3.4088,5
1.20,920,6.07717e+09,3.5082,3.3265,5
1.20,924,6.07717e+09,3.5032,3.3706,5
1.20,928,6.07717e+09,3.5008,3.3900,5
1.20,932,6.07717e+09,3.5104,3.3078,5
1.20,936,6.07718e+09,3.5171,3.2487,5
1.20,940,6.07718e+09,3.5265,3.1659,5
1.20,944,6.07719e+09,3.5357,3.0828,5
1.20,948,6.07722e+09,3.5280,3.1540,5
1.20,952,6.07723e+09,3.5186,3.2368,5
1.20,956,6.07726e+09,3.5091,3.3195,5
1.20,960,6.07730e+09,3.5113,3.2996,5
1.20,964,6.07733e+09,3.5016,3.3819,5
1.20,968,6.07736e+09,3.4914,3.4630,5
1.20,972,6.07738e+09,3.4960,3.4219,5
1.20,976,6.07738e+09,3.5058,3.3400,5
1.20,980,6.07738e+09,3.5153,3.2574,5
1.20,984,6.07738e+09,3.5247,3.1746,5
1.20,988,6.07738e+09,3.5339,3.0914,5
1.20,992,6.07738e+09,3.5337,3.0919,5
1.20,996,6.07738e+09,3.5245,3.1750,5
1.20,1000,6.07738e+09,3.5152,3.2580,5
1.20,1004,6.07738e+09,3.5057,3.3407,5
1.20,1008,6.07738e+09,3.4959,3.4227,5
1.20,1012,6.07738e+09,3.4857,3.5040,5
1.20,1016,6.07738e+09,3.4748,3.5837,5
1.20,1020,6.07738e+09,3.4630,3.6615,5
1.20,1024,6.07738e+09,3.4504,3.7372,5
1.20,1028,6.07738e+09,3.4599,3.6773,5
1.20,1032,6.07738e+09,3.4719,3.6000,5
1.20,1036,6.07738e+09,3.4830,3.5207,5
1.20,1040,6.07738e+09,3.4840,3.5136,5
1.20,1044,6.07739e+09,3.4803,3.5400,5
1.20,1048,6.07739e+09,3.4909,3.4596,5
1.20,1052,6.07739e+09,3.5008,3.3777,5
1.20,1056,6.07739e+09,3.5105,3.2954,5
1.20,1060,6.07740e+09,3.5199,3.2127,5
1.20,1064,6.07742e+09,3.5290,3.1329,5
1.20,1068,6.07743e+09,3.5197,3.2158,5
1.20,1072,6.07744e+09,3.5103,3.2985,5
1.20,1076,6.07746e+09,3.5006,3.3807,5
1.20,1080,6.07750e+09,3.4961,3.4135,5
1.20,1084,6.07751e+09,3.5057,3.3332,5
1.20,1088,6.07751e+09,3.5152,3.2511,5
1.20,1092,6.07751e+09,3.5247,3.1683,5
1.20,1096,6.07751e+09,3.5338,3.0851,5
1.20,1100,6.07751e+09,3.5420,3.0078,5
1.20,1104,6.07751e+09,3.5330,3.0912,5
1.20,1108,6.07751e+09,3.5237,3.1742,5
1.20,1112,6.07751e+09,3.5144,3.2573,5
1.20,1116,6.07751e+09,3.5049,3.3400,5
1.20,1120,6.07751e+09,3.4951,3.4220,5
1.20,1124,6.07751e+09,3.4849,3.5032,5
1.20,1128,6.07751e+09,3.4739,3.5827,5
1.20,1132,6.07751e+09,3.4620,3.6603,5
1.20,1136,6.07751e+09,3.4532,3.7115,5
1.20,1140,6.07751e+09,3.4654,3.6349,5
1.20,1144,6.07751e+09,3.4770,3.5566,5
1.20,1148,6.07751e+09,3.4878,3.4767,5
1.20,1152,6.07751e+09,3.4894,3.4635,5
1.20,1156,6.07751e+09,3.4995,3.3821,5
1.20,1160,6.07751e+09,3.5092,3.2997,5
1.20,1164,6.07752e+09,3.5187,3.2172,5
1.20,1168,6.07753e+09,3.5170,3.2334,5
1.20,1172,6.07754e+09,3.5074,3.3159,5
1.20,1176,6.07755e+09,3.4977,3.3980,5
1.20,1180,6.07757e+09,3.4872,3.4785,5
1.20,1184,6.07761e+09,3.4752,3.5539,5
1.20,1188,6.07763e+09,3.4812,3.5000,5
1.20,1192,6.07763e+09,3.4917,3.4196,5
1.20,1196,6.07763e+09,3.5018,3.3380,5
1.20,1200,6.07763e+09,3.5115,3.2558,5
1.20,1204,6.07763e+09,3.5209,3.1730,5
1.20,1208,6.07763e+09,3.5285,3.1045,5
1.20,1212,6.07763e+09,3.5191,3.1874,5
1.20,1216,6.07763e+09,3.5097,3.2702,5
1.20,1220,6.07763e+09,3.5001,3.3526,5
1.20,1224,6.07763e+09,3.4901,3.4342,5
1.20,1228,6.07763e+09,3.4794,3.5145,5
1.20,1232,6.07763e+09,3.4681,3.5933,5
1.20,1236,6.07763e+09,3.4558,3.6699,5
1.20,1240,6.07763e+09,3.4429,3.7448,5
1.20,1244,6.07763e+09,3.4334,3.7960,5
1.20,1248,6.07763e+09,3.4460,3.7203,5
1.20,1252,6.07763e+09,3.4588,3.6449,5
1.20,1256,6.07763e+09,3.4685,3.5821,5
1.20,1260,6.07763e+09,3.4798,3.5032,5
1.20,1264,6.07764e+09,3.4904,3.4227,5
1.20,1268,6.07764e+09,3.5005,3.3413,5
1.20,1272,6.07764e+09,3.5102,3.2591,5
1.20,1276,6.07765e+09,3.5124,3.2410,5
1.20,1280,6.07766e+09,3.5027,3.3233,5
1.20,1284,6.07767e+09,3.4927,3.4048,5
1.20,1288,6.07769e+09,3.4818,3.4846,5
1.20,1292,6.07772e+09,3.4694,3.5593,5
1.20,1296,6.07776e+09,3.4634,3.5585,5
1.20,1300,6.07776e+09,3.4739,3.4876,5
1.20,1304,6.07776e+09,3.4850,3.4082,5
1.20,1308,6.07776e+09,3.4955,3.3275,5
1.20,1312,6.07776e+09,3.5055,3.2458,5
1.20,1316,6.07776e+09,3.5151,3.1634,5
1.20,1320,6.07776e+09,3.5234,3.0901,5
1.20,1324,6.07776e+09,3.5139,3.1727,5
1.20,1328,6.07776e+09,3.5042,3.2551,5
1.20,1332,6.07776e+09,3.4944,3.3371,5
1.20,1336,6.07776e+09,3.4841,3.4181,5
1.20,1340,6.07776e+09,3.4730,3.4975,5
1.20,1344,6.07776e+09,3.4611,3.5750,5
1.20,1348,6.07776e+09,3.4485,3.6507,5
1.20,1352,6.07776e+09,3.4358,3.7261,5
1.20,1356,6.07776e+09,3.4233,3.8021,5
1.20,1360,6.07776e+09,3.4246,3.7874,5
1.20,1364,6.07776e+09,3.4367,3.7106,5
1.20,1368,6.07776e+09,3.4492,3.6346,5
1.20,1372,6.07776e+09,3.4612,3.5585,5
1.20,1376,6.07777e+09,3.4730,3.4808,5
1.20,1380,6.07777e+09,3.4841,3.4013,5
1.20,1384,6.07777e+09,3.4945,3.3205,5
1.20,1388,6.07778e+09,3.5031,3.2522,5
1.20,1392,6.07778e+09,3.4930,3.3336,5
1.20,1396,6.07779e+09,3.4822,3.4138,5
1.20,1400,6.07780e+09,3.4706,3.4918,5
1.20,1404,6.07782e+09,3.4575,3.5640,5
1.20,1408,6.07785e+09,3.4587,3.6087,5
1.20,1409,6.07786e+09,3.4644,3.6096,6
1.20,1412,6.07786e+09,3.4892,3.6089,6
1.20,1416,6.07786e+09,3.5223,3.6091,6
1.20,1420,6.07786e+09,3.5553,3.6092,6
1.20,1424,6.07786e+09,3.5884,3.6092,6
1.20,1428,6.07786e+09,3.6215,3.6091,6
1.20,1432,6.07786e+09,3.6545,3.6084,6
1.20,1436,6.07786e+09,3.6876,3.6083,6
1.20,1440,6.07786e+09,3.7206,3.6078,6
1.20,1444,6.07786e+09,3.7537,3.6075,6
1.20,1448,6.07786e+09,3.7868,3.6086,6
1.20,1452,6.07786e+09,3.8198,3.6078,6
1.20,1456,6.07786e+09,3.8529,3.6063,6
1.20,1460,6.07786e+09,3.8859,3.6050,6
1.20,1464,6.07786e+09,3.9190,3.6047,6
1.20,1468,6.07786e+09,3.9521,3.6044,6
1.20,1472,6.07786e+09,3.9851,3.6041,6
1.20,1476,6.07786e+09,4.0182,3.6041,6
1.20,1480,6.07786e+09,4.0513,3.6040,6
1.20,1484,6.07786e+09,4.0843,3.6039,6
1.20,1488,6.07786e+09,4.1174,3.6038,6
1.20,1492,6.07786e+09,4.1505,3.6035,6
1.20,1496,6.07786e+09,4.1835,3.6033,6
1.20,1500,6.07786e+09,4.2166,3.6030,6
1.20,1504,6.07786e+09,4.2497,3.6026,6
1.20,1508,6.07786e+09,4.2827,3.6021,6
1.20,1512,6.07786e+09,4.3158,3.6015,6
1.20,1516,6.07786e+09,4.3489,3.6008,6
1.20,1520,6.07786e+09,4.3819,3.5999,6
1.20,1524,6.07786e+09,4.4150,3.5989,6
1.20,1528,6.07786e+09,4.4481,3.5977,6
1.20,1532,6.07787e+09,4.4811,3.5963,6
1.20,1536,6.07787e+09,4.5142,3.5947,6
1.20,1540,6.07787e+09,4.5473,3.5928,6
1.20,1544,6.07787e+09,4.5803,3.5907,6
1.20,1548,6.07787e+09,4.6134,3.5881,6
1.20,1552,6.07787e+09,4.6464,3.5852,6
1.20,1556,6.07787e+09,4.6795,3.5817,6
1.20,1560,6.07787e+09,4.7125,3.5771,6
1.20,1564,6.07787e+09,4.7455,3.5720,6
1.20,1568,6.07787e+09,4.7786,3.5655,6
1.20,1572,6.07787e+09,4.8116,3.5581,6
1.20,1576,6.07787e+09,4.8446,3.5490,6
1.20,1580,6.07787e+09,4.8775,3.5377,6
1.20,1584,6.07787e+09,4.9104,3.5235,6
1.20,1588,6.07787e+09,4.9431,3.5053,6
1.20,1592,6.07787e+09,4.9757,3.4818,6
1.20,1596,6.07787e+09,5.0078,3.4509,6
1.20,1600,6.07787e+09,5.0391,3.4083,6
1.20,1604,6.07787e+09,5.0684,3.3475,6
1.20,1608,6.07788e+09,5.0927,3.2587,6
1.20,1612,6.07788e+09,5.1062,3.1391,6
1.20,1616,6.07788e+09,5.1073,3.0075,6
1.20,1620,6.07788e+09,5.1002,2.8785,6
1.20,1624,6.07788e+09,5.0888,2.7545,6
1.20,1628,6.07788e+09,5.0747,2.6348,6
1.20,1632,6.07788e+09,5.0591,2.5183,6
1.20,1636,6.07788e+09,5.0424,2.4041,6
1.20,1640,6.07788e+09,5.0252,2.2910,6
1.20,1644,6.07789e+09,5.0102,2.1735,6
1.20,1648,6.07791e+09,4.9984,2.0502,6
1.20,1652,6.07793e+09,4.9831,1.9329,6
1.20,1656,6.07795e+09,4.9670,1.8174,6
1.20,1660,6.07799e+09,4.9505,1.7028,6
1.20,1664,6.07803e+09,4.9336,1.5891,6
1.20,1668,6.07809e+09,4.9163,1.4763,6
1.20,1672,6.07816e+09,4.8988,1.3643,6
1.20,1676,6.07825e+09,4.8808,1.2532,6
1.20,1680,6.07836e+09,4.8625,1.1432,6
1.20,1684,6.07848e+09,4.8438,1.0341,6
1.20,1688,6.07862e+09,4.8248,0.9261,6
1.20,1692,6.07878e+09,4.8053,0.8192,6
1.20,1696,6.07896e+09,4.7855,0.7133,6
1.20,1700,6.07917e+09,4.7655,0.6083,6
1.20,1704,6.07940e+09,4.7451,0.5041,6
1.20,1708,6.07965e+09,4.7245,0.4008,6
1.20,1710,6.07979e+09,4.7141,0.3494,6
1.50,1,1.13559e+03,3.6161,2.1128,-1
1.50,4,1.31832e+03,3.6169,2.1016,-1
1.50,8,1.60815e+03,3.6182,2.0846,-1
1.50,12,1.96104e+03,3.6196,2.0653,-1
1.50,16,2.39070e+03,3.6212,2.0436,-1
1.50,20,2.91408e+03,3.6229,2.0194,-1
1.50,24,3.55071e+03,3.6248,1.9923,-1
1.50,28,4.32481e+03,3.6268,1.9627,-1
1.50,32,5.26642e+03,3.6291,1.9308,-1
1.50,36,6.41033e+03,3.6315,1.8964,-1
1.50,40,7.79992e+03,3.6339,1.8596,-1
1.50,44,9.48707e+03,3.6364,1.8205,-1
1.50,48,1.15356e+04,3.6391,1.7799,-1
1.50,52,1.40217e+04,3.6417,1.7373,-1
1.50,56,1.70387e+04,3.6444,1.6931,-1
1.50,60,2.06993e+04,3.6471,1.6476,-1
1.50,64,2.51410e+04,3.6497,1.6010,-1
1.50,68,3.05336e+04,3.6523,1.5538,-1
1.50,72,3.70896e+04,3.6549,1.5076,-1
1.50,76,4.50837e+04,3.6570,1.4644,-1
1.50,80,5.48709e+04,3.6589,1.4286,-1
1.50,84,6.68602e+04,3.6602,1.4012,-1
1.50,88,8.15072e+04,3.6614,1.3768,-1
1.50,92,9.92492e+04,3.6629,1.3447,-1
1.50,96,1.20409e+05,3.6652,1.2929,-1
1.50,100,1.45406e+05,3.6681,1.2233,-1
1.50,104,1.75653e+05,3.6708,1.1548,-1
1.50,108,2.12372e+05,3.6732,1.0886,-1
1.50,112,2.56930e+05,3.6753,1.0245,-1
1.50,116,3.10978e+05,3.6771,0.9618,-1
1.50,120,3.76535e+05,3.6787,0.9003,-1
1.50,124,4.56014e+05,3.6800,0.8395,-1
1.50,128,5.52381e+05,3.6812,0.7792,-1
1.50,132,6.69218e+05,3.6821,0.7194,-1
1.50,136,8.10823e+05,3.6828,0.6599,-1
1.50,140,9.82453e+05,3.6834,0.6011,-1
1.50,144,1.19065e+06,3.6838,0.5433,-1
1.50,148,1.44337e+06,3.6843,0.4875,-1
1.50,152,1.75033e+06,3.6849,0.4342,-1
1.50,156,2.12374e+06,3.6860,0.3852,-1
1.50,160,2.57856e+06,3.6877,0.3417,-1
1.50,164,3.13281e+06,3.6906,0.3068,-1
1.50,168,3.80779e+06,3.6954,0.2840,-1
1.50,172,4.62512e+06,3.7029,0.2798,-1
1.50,176,5.59863e+06,3.7139,0.3013,-1
1.50,180,6.71357e+06,3.7291,0.3594,-1
1.50,184,7.89491e+06,3.7480,0.4641,-1
1.50,188,9.02960e+06,3.7694,0.6117,-1
1.50,192,1.01839e+07,3.7957,0.7634,-1
1.50,196,1.15016e+07,3.8336,0.8625,-1
1.50,200,1.29144e+07,3.8387,0.7040,-1
1.50,202,1.39335e+07,3.8335,0.6357,0
1.50,204,1.47965e+07,3.8359,0.6537,0
1.50,208,1.65336e+07,3.8472,0.7072,0
1.50,212,1.85359e+07,3.8601,0.7325,0
1.50,216,2.09968e+07,3.8618,0.7141,0
1.50,220,2.38122e+07,3.8618,0.7096,0
1.50,224,2.70060e+07,3.8619,0.7096,0
1.50,228,3.06273e+07,3.8621,0.7099,0
1.50,232,3.47613e+07,3.8622,0.7103,0
1.50,236,3.94176e+07,3.8623,0.7108,0
1.50,240,4.46732e+07,3.8624,0.7113,0
1.50,244,5.06769e+07,3.8625,0.7119,0
1.50,248,5.74873e+07,3.8626,0.7126,0
1.50,252,6.51870e+07,3.8626,0.7133,0
1.50,256,7.38871e+07,3.8627,0.7141,0
1.50,260,8.38735e+07,3.8627,0.7151,0
1.50,264,9.52167e+07,3.8628,0.7162,0
1.50,268,1.08068e+08,3.8628,0.7174,0
1.50,272,1.22580e+08,3.8629,0.7187,0
1.50,276,1.38899e+08,3.8629,0.7203,0
1.50,280,1.57217e+08,3.8630,0.7220,0
1.50,284,1.78693e+08,3.8630,0.7240,0
1.50,288,2.02863e+08,3.8631,0.7263,0
1.50,292,2.29932e+08,3.8631,0.7289,0
1.50,296,2.60069e+08,3.8631,0.7317,0
1.50,300,2.95612e+08,3.8631,0.7351,0
1.50,304,3.35389e+08,3.8631,0.7388,0
1.50,308,3.80085e+08,3.8630,0.7429,0
1.50,312,4.30767e+08,3.8629,0.7477,0
1.50,316,4.88343e+08,3.8626,0.7531,0
1.50,320,5.53484e+08,3.8623,0.7592,0
1.50,324,6.27312e+08,3.8617,0.7660,0
1.50,328,7.11074e+08,3.8609,0.7737,0
1.50,332,8.06315e+08,3.8597,0.7821,0
1.50,336,9.13986e+08,3.8579,0.7915,0
1.50,340,1.03587e+09,3.8554,0.8018,0
1.50,344,1.17369e+09,3.8519,0.8132,0
1.50,348,1.32913e+09,3.8472,0.8259,0
1.50,352,1.50395e+09,3.8409,0.8399,0
1.50,353,1.55086e+09,3.8391,0.8436,0
1.50,356,1.58699e+09,3.8377,0.8464,0
1.50,360,1.63634e+09,3.8356,0.8501,0
1.50,364,1.68700e+09,3.8335,0.8539,0
1.50,368,1.73899e+09,3.8311,0.8576,0
1.50,372,1.79236e+09,3.8286,0.8614,0
1.50,376,1.84697e+09,3.8259,0.8650,0
1.50,380,1.90274e+09,3.8229,0.8682,0
1.50,384,1.95976e+09,3.8198,0.8714,0
1.50,388,2.01785e+09,3.8164,0.8747,0
1.50,392,2.07701e+09,3.8128,0.8775,0
1.50,396,2.13728e+09,3.8090,0.8801,0
1.50,400,2.19868e+09,3.8052,0.8828,0
1.50,404,2.26129e+09,3.8017,0.8871,0
1.50,408,2.32131e+09,3.8003,0.8985,0
1.50,412,2.35444e+09,3.8039,0.9213,0
1.50,416,2.36537e+09,3.8095,0.9461,0
1.50,420,2.36965e+09,3.8154,0.9710,0
1.50,424,2.37164e+09,3.8210,0.9956,0
1.50,428,2.37273e+09,3.8257,1.0174,0
1.50,432,2.37342e+09,3.8276,1.0257,0
1.50,436,2.37394e+09,3.8254,1.0137,0
1.50,440,2.37482e+09,3.8201,1.0101,0
1.50,444,2.37677e+09,3.8149,1.0234,0
1.50,448,2.38321e+09,3.8095,1.0289,0
1.50,452,2.39682e+09,3.8041,1.0328,0
1.50,454,2.40431e+09,3.8013,1.0344,2
1.50,456,2.41975e+09,3.7948,1.0358,2
1.50,460,2.44271e+09,3.7809,1.0254,2
1.50,464,2.45822e+09,3.7665,0.9961,2
1.50,468,2.46976e+09,3.7527,0.9501,2
1.50,472,2.47983e+09,3.7397,0.8950,2
1.50,476,2.49114e+09,3.7264,0.8417,2
1.50,480,2.51056e+09,3.7113,0.8260,2
1.50,484,2.53825e+09,3.7025,0.8851,2
1.50,488,2.56523e+09,3.6977,0.9624,2
1.50,492,2.59255e+09,3.6941,1.0434,2
1.50,496,2.61841e+09,3.6906,1.1262,2
1.50,500,2.64137e+09,3.6869,1.2099,2
1.50,504,2.66113e+09,3.6830,1.2941,2
1.50,508,2.67840e+09,3.6789,1.3785,2
1.50,512,2.69227e+09,3.6744,1.4630,2
1.50,516,2.70442e+09,3.6697,1.5473,2
1.50,520,2.71559e+09,3.6648,1.6315,2
1.50,524,2.72671e+09,3.6597,1.7152,2
1.50,528,2.74435e+09,3.6551,1.7944,2
1.50,532,2.75115e+09,3.6494,1.8781,2
1.50,536,2.75694e+09,3.6436,1.9618,2
1.50,540,2.76189e+09,3.6376,2.0452,2
1.50,544,2.76613e+09,3.6314,2.1284,2
1.50,548,2.76976e+09,3.6250,2.2113,2
1.50,552,2.77287e+09,3.6184,2.2941,2
1.50,556,2.77554e+09,3.6116,2.3765,2
1.50,560,2.77784e+09,3.6047,2.4587,2
1.50,564,2.77983e+09,3.5976,2.5406,2
1.50,568,2.78155e+09,3.5903,2.6222,2
1.50,572,2.78305e+09,3.5828,2.7035,2
1.50,576,2.78436e+09,3.5753,2.7846,2
1.50,580,2.78551e+09,3.5676,2.8654,2
1.50,584,2.78652e+09,3.5598,2.9459,2
1.50,588,2.78741e+09,3.5519,3.0264,2
1.50,592,2.78820e+09,3.5438,3.1065,2
1.50,596,2.78890e+09,3.5356,3.1865,2
1.50,600,2.78953e+09,3.5275,3.2662,2
1.50,604,2.79010e+09,3.5191,3.3456,2
1.50,605,2.79026e+09,3.5170,3.3655,3
1.50,608,2.79026e+09,3.5379,3.1745,3
1.50,612,2.79027e+09,3.5919,2.6497,3
1.50,616,2.79028e+09,3.6409,2.1167,3
1.50,620,2.79036e+09,3.6547,1.9229,3
1.50,624,2.79058e+09,3.6623,1.8389,3
1.50,628,2.79118e+09,3.6734,1.7174,3
1.50,631,2.79196e+09,3.6724,1.7385,3
1.50,632,2.79196e+09,3.6724,1.7385,3
1.50,636,2.79196e+09,3.6724,1.7385,3
1.50,640,2.79196e+09,3.6724,1.7385,3
1.50,644,2.79196e+09,3.6724,1.7385,3
1.50,648,2.79196e+09,3.6724,1.7385,3
1.50,652,2.79196e+09,3.6724,1.7385,3
1.50,656,2.79196e+09,3.6724,1.7385,3
1.50,660,2.79265e+09,3.6731,1.7304,3
1.50,664,2.81678e+09,3.6729,1.7479,3
1.50,668,2.86652e+09,3.6746,1.7588,3
1.50,672,2.88471e+09,3.6726,1.7849,3
1.50,676,2.89139e+09,3.6701,1.8118,3
1.50,680,2.89465e+09,3.6683,1.8317,3
1.50,684,2.89704e+09,3.6667,1.8493,3
1.50,688,2.89853e+09,3.6632,1.8870,3
1.50,692,2.89933e+09,3.6598,1.9252,3
1.50,696,2.89974e+09,3.6564,1.9636,3
1.50,700,2.89996e+09,3.6529,2.0019,3
1.50,704,2.90008e+09,3.6496,2.0397,3
1.50,707,2.90013e+09,3.6471,2.0676,4
1.50,708,2.90015e+09,3.6462,2.0784,4
1.50,712,2.90021e+09,3.6423,2.1229,4
1.50,716,2.90027e+09,3.6382,2.1691,4
1.50,720,2.90034e+09,3.6341,2.2159,4
1.50,724,2.90047e+09,3.6313,2.2479,4
1.50,728,2.90061e+09,3.6356,2.1999,4
1.50,732,2.90112e+09,3.6394,2.1568,4
1.50,736,2.90352e+09,3.6392,2.1588,4
1.50,740,2.90533e+09,3.6353,2.2032,4
1.50,744,2.90658e+09,3.6311,2.2501,4
1.50,748,2.90757e+09,3.6269,2.2975,4
1.50,752,2.90838e+09,3.6226,2.3451,4
1.50,756,2.90905e+09,3.6182,2.3926,4
1.50,760,2.90962e+09,3.6138,2.4402,4
1.50,764,2.91011e+09,3.6093,2.4878,4
1.50,768,2.91055e+09,3.6048,2.5351,4
1.50,772,2.91097e+09,3.6003,2.5823,4
1.50,776,2.91135e+09,3.5958,2.6292,4
1.50,780,2.91169e+09,3.5912,2.6761,4
1.50,784,2.91196e+09,3.5866,2.7233,4
1.50,788,2.91218e+09,3.5818,2.7706,4
1.50,792,2.91236e+09,3.5770,2.8182,4
1.50,796,2.91251e+09,3.5722,2.8658,4
1.50,800,2.91264e+09,3.5673,2.9136,4
1.50,804,2.91276e+09,3.5624,2.9614,4
1.50,808,2.91287e+09,3.5574,3.0091,5
1.50,812,2.91311e+09,3.5464,3.1132,5
1.50,816,2.91339e+09,3.5353,3.2170,5
1.50,820,2.91356e+09,3.5315,3.2525,5
1.50,824,2.91359e+09,3.5199,3.3567,5
1.50,828,2.91362e+09,3.5232,3.3265,5
1.50,832,2.91362e+09,3.5348,3.2223,5
1.50,836,2.91362e+09,3.5460,3.1175,5
1.50,840,2.91362e+09,3.5449,3.1256,5
1.50,844,2.91362e+09,3.5337,3.2304,5
1.50,848,2.91362e+09,3.5223,3.3348,5
1.50,852,2.91362e+09,3.5107,3.4389,5
1.50,856,2.91362e+09,3.4987,3.5424,5
1.50,860,2.91362e+09,3.4860,3.6445,5
1.50,864,2.91362e+09,3.4888,3.6220,5
1.50,868,2.91362e+09,3.5012,3.5195,5
1.50,872,2.91362e+09,3.5131,3.4159,5
1.50,876,2.91362e+09,3.5167,3.3846,5
1.50,880,2.91362e+09,3.5050,3.4885,5
1.50,884,2.91363e+09,3.4927,3.5913,5
1.50,888,2.91363e+09,3.4976,3.5497,5
1.50,892,2.91363e+09,3.5096,3.4464,5
1.50,896,2.91363e+09,3.5130,3.4172,5
1.50,900,2.91363e+09,3.5245,3.3129,5
1.50,904,2.91364e+09,3.5359,3.2086,5
1.50,908,2.91366e+09,3.5472,3.1040,5
1.50,912,2.91369e+09,3.5373,3.1971,5
1.50,916,2.91371e+09,3.5259,3.3014,5
1.50,920,2.91379e+09,3.5182,3.3704,5
1.50,924,2.91384e+09,3.5086,3.4541,5
1.50,928,2.91384e+09,3.5198,3.3543,5
1.50,932,2.91384e+09,3.5314,3.2502,5
1.50,936,2.91384e+09,3.5426,3.1454,5
1.50,940,2.91384e+09,3.5375,3.1913,5
1.50,944,2.91384e+09,3.5262,3.2958,5
1.50,948,2.91384e+09,3.5147,3.4001,5
1.50,952,2.91384e+09,3.5030,3.5040,5
1.50,956,2.91384e+09,3.4905,3.6066,5
1.50,960,2.91384e+09,3.4773,3.7074,5
1.50,964,2.91384e+09,3.4814,3.6751,5
1.50,968,2.91384e+09,3.4943,3.5734,5
1.50,972,2.91384e+09,3.5040,3.4928,5
1.50,976,2.91384e+09,3.5002,3.5256,5
1.50,980,2.91385e+09,3.5120,3.4221,5
1.50,984,2.91385e+09,3.5236,3.3180,5
1.50,988,2.91386e+09,3.5351,3.2137,5
1.50,992,2.91387e+09,3.5328,3.2360,5
1.50,996,2.91389e+09,3.5213,3.3402,5
1.50,1000,2.91391e+09,3.5096,3.4441,5
1.50,1004,2.91395e+09,3.5052,3.4796,5
1.50,1008,2.91395e+09,3.5165,3.3804,5
1.50,1012,2.91395e+09,3.5280,3.2762,5
1.50,1016,2.91395e+09,3.5393,3.1716,5
1.50,1020,2.91395e+09,3.5323,3.2362,5
1.50,1024,2.91395e+09,3.5209,3.3405,5
1.50,1028,2.91395e+09,3.5092,3.4446,5
1.50,1032,2.91395e+09,3.4972,3.5479,5
1.50,1036,2.91395e+09,3.4845,3.6499,5
1.50,1040,2.91395e+09,3.4707,3.7496,5
1.50,1044,2.91395e+09,3.4772,3.7015,5
1.50,1048,2.91395e+09,3.4905,3.6006,5
1.50,1052,2.91395e+09,3.4968,3.5493,5
1.50,1056,2.91396e+09,3.5088,3.4460,5
1.50,1060,2.91396e+09,3.5204,3.3420,5
1.50,1064,2.91396e+09,3.5320,3.2378,5
1.50,1068,2.91398e+09,3.5265,3.2890,5
1.50,1072,2.91399e+09,3.5149,3.3931,5
1.50,1076,2.91401e+09,3.5030,3.4965,5
1.50,1080,2.91406e+09,3.4915,3.5850,5
1.50,1084,2.91407e+09,3.5025,3.4917,5
1.50,1088,2.91407e+09,3.5143,3.3881,5
1.50,1092,2.91407e+09,3.5260,3.2841,5
1.50,1096,2.91407e+09,3.5327,3.2218,5
1.50,1100,2.91407e+09,3.5213,3.3262,5
1.50,1104,2.91407e+09,3.5096,3.4302,5
1.50,1108,2.91407e+09,3.4976,3.5337,5
1.50,1112,2.91407e+09,3.4850,3.6357,5
1.50,1116,2.91407e+09,3.4712,3.7356,5
1.50,1120,2.91407e+09,3.4577,3.8222,5
1.50,1124,2.91407e+09,3.4724,3.7246,5
1.50,1128,2.91407e+09,3.4860,3.6245,5
1.50,1132,2.91407e+09,3.4978,3.5284,5
1.50,1136,2.91407e+09,3.5098,3.4251,5
1.50,1140,2.91408e+09,3.5215,3.3212,5
1.50,1144,2.91409e+09,3.5274,3.2693,5
1.50,1148,2.91410e+09,3.5158,3.3734,5
1.50,1152,2.91411e+09,3.5039,3.4770,5
1.50,1156,2.91414e+09,3.4912,3.5788,5
1.50,1160,2.91419e+09,3.4851,3.6093,5
1.50,1164,2.91419e+09,3.4969,3.5141,5
1.50,1168,2.91419e+09,3.5091,3.4110,5
1.50,1172,2.91419e+09,3.5209,3.3073,5
1.50,1176,2.91419e+09,3.5271,3.2506,5
1.50,1180,2.91419e+09,3.5155,3.3548,5
1.50,1184,2.91419e+09,3.5037,3.4585,5
1.50,1188,2.91419e+09,3.4914,3.5613,5
1.50,1192,2.91419e+09,3.4783,3.6625,5
1.50,1196,2.91419e+09,3.4639,3.7608,5
1.50,1200,2.91419e+09,3.4482,3.8559,5
1.50,1204,2.91419e+09,3.4628,3.7638,5
1.50,1208,2.91419e+09,3.4772,3.6655,5
1.50,1212,2.91419e+09,3.4903,3.5643,5
1.50,1216,2.91420e+09,3.5027,3.4617,5
1.50,1220,2.91420e+09,3.5146,3.3582,5
1.50,1224,2.91421e+09,3.5224,3.2895,5
1.50,1228,2.91422e+09,3.5107,3.3933,5
1.50,1232,2.91423e+09,3.4986,3.4964,5
1.50,1236,2.91425e+09,3.4855,3.5975,5
1.50,1240,2.91431e+09,3.4756,3.6382,5
1.50,1244,2.91431e+09,3.4881,3.5439,5
1.50,1248,2.91431e+09,3.5007,3.4419,5
1.50,1252,2.91431e+09,3.5127,3.3385,5
1.50,1256,2.91431e+09,3.5232,3.2449,5
1.50,1260,2.91431e+09,3.5116,3.3490,5
1.50,1264,2.91431e+09,3.4996,3.4524,5
1.50,1268,2.91431e+09,3.4870,3.5547,5
1.50,1272,2.91431e+09,3.4734,3.6548,5
1.50,1276,2.91431e+09,3.4586,3.7521,5
1.50,1280,2.91431e+09,3.4427,3.8466,5
1.50,1284,2.91431e+09,3.4442,3.8314,5
1.50,1288,2.91431e+09,3.4600,3.7364,5
1.50,1292,2.91431e+09,3.4746,3.6386,5
1.50,1296,2.91432e+09,3.4880,3.5380,5
1.50,1300,2.91432e+09,3.5006,3.4357,5
1.50,1304,2.91432e+09,3.5125,3.3323,5
1.50,1308,2.91433e+09,3.5069,3.3825,5
1.50,1312,2.91434e+09,3.4946,3.4853,5
1.50,1316,2.91436e+09,3.4811,3.5856,5
1.50,1320,2.91439e+09,3.4646,3.6709,5
1.50,1324,2.91443e+09,3.4609,3.6343,5
1.50,1328,2.91443e+09,3.4756,3.5367,5
1.50,1332,2.91443e+09,3.4893,3.4367,5
1.50,1336,2.91443e+09,3.5019,3.3346,5
1.50,1340,2.91443e+09,3.5139,3.2312,5
1.50,1344,2.91443e+09,3.5029,3.3265,5
1.50,1348,2.91443e+09,3.4905,3.4291,5
1.50,1352,2.91443e+09,3.4772,3.5299,5
1.50,1356,2.91443e+09,3.4626,3.6277,5
1.50,1360,2.91443e+09,3.4469,3.7228,5
1.50,1364,2.91443e+09,3.4309,3.8171,5
1.50,1368,2.91443e+09,3.4150,3.9119,5
1.50,1372,2.91443e+09,3.4285,3.8178,5
1.50,1376,2.91443e+09,3.4439,3.7219,5
1.50,1380,2.91444e+09,3.4593,3.6259,5
1.50,1384,2.91444e+09,3.4739,3.5281,5
1.50,1388,2.91444e+09,3.4875,3.4279,5
1.50,1392,2.91445e+09,3.4989,3.3386,5
1.50,1396,2.91445e+09,3.4859,3.4401,5
1.50,1400,2.91446e+09,3.4718,3.5390,5
1.50,1404,2.91448e+09,3.4551,3.6292,5
1.50,1408,2.91451e+09,3.4503,3.6809,5
1.50,1409,2.91451e+09,3.4574,3.6812,6
1.50,1412,2.91451e+09,3.4831,3.6804,6
1.50,1416,2.91451e+09,3.5173,3.6810,6
1.50,1420,2.91451e+09,3.5515,3.6811,6
1.50,1424,2.91451e+09,3.5858,3.6809,6
1.50,1428,2.91451e+09,3.6200,3.6809,6
1.50,1432,2.91452e+09,3.6507,3.6805,6
1.50,1436,2.91452e+09,3.6773,3.6801,6
1.50,1440,2.91452e+09,3.7115,3.6799,6
1.50,1444,2.91452e+09,3.7457,3.6795,6
1.50,1448,2.91452e+09,3.7799,3.6787,6
1.50,1452,2.91452e+09,3.8141,3.6794,6
1.50,1456,2.91452e+09,3.8482,3.6774,6
1.50,1460,2.91452e+09,3.8824,3.6771,6
1.50,1464,2.91452e+09,3.9167,3.6763,6
1.50,1468,2.91452e+09,3.9509,3.6753,6
1.50,1472,2.91452e+09,3.9851,3.6751,6
1.50,1476,2.91452e+09,4.0194,3.6748,6
1.50,1480,2.91452e+09,4.0536,3.6746,6
1.50,1484,2.91452e+09,4.0879,3.6746,6
1.50,1488,2.91452e+09,4.1221,3.6746,6
1.50,1492,2.91452e+09,4.1564,3.6745,6
1.50,1496,2.91452e+09,4.1906,3.6744,6
1.50,1500,2.91452e+09,4.2248,3.6742,6
1.50,1504,2.91452e+09,4.2591,3.6740,6
1.50,1508,2.91452e+09,4.2933,3.6736,6
1.50,1512,2.91452e+09,4.3276,3.6731,6
1.50,1516,2.91452e+09,4.3618,3.6724,6
1.50,1520,2.91452e+09,4.3960,3.6717,6
1.50,1524,2.91452e+09,4.4303,3.6707,6
1.50,1528,2.91452e+09,4.4645,3.6696,6
1.50,1532,2.91452e+09,4.4988,3.6683,6
1.50,1536,2.91452e+09,4.5330,3.6667,6
1.50,1540,2.91452e+09,4.5673,3.6648,6
1.50,1544,2.91452e+09,4.6015,3.6627,6
1.50,1548,2.91452e+09,4.6356,3.6602,6
1.50,1552,2.91452e+09,4.6565,3.6579,6
1.50,1556,2.91452e+09,4.6796,3.6551,6
1.50,1560,2.91452e+09,4.7139,3.6520,6
1.50,1564,2.91452e+09,4.7412,3.6481,6
1.50,1568,2.91452e+09,4.7742,3.6429,6
1.50,1572,2.91452e+09,4.8081,3.6359,6
1.50,1576,2.91452e+09,4.8422,3.6278,6
1.50,1580,2.91452e+09,4.8764,3.6187,6
1.50,1584,2.91452e+09,4.9105,3.6068,6
1.50,1588,2.91452e+09,4.9445,3.5919,6
1.50,1592,2.91452e+09,4.9784,3.5721,6
1.50,1596,2.91452e+09,5.0121,3.5470,6
1.50,1600,2.91452e+09,5.0453,3.5134,6
1.50,1604,2.91452e+09,5.0774,3.4665,6
1.50,1608,2.91452e+09,5.1069,3.3976,6
1.50,1612,2.91452e+09,5.1294,3.2958,6
1.50,1616,2.91452e+09,5.1386,3.1651,6
1.50,1620,2.91452e+09,5.1355,3.0291,6
1.50,1624,2.91452e+09,5.1256,2.8982,6
1.50,1628,2.91453e+09,5.1120,2.7724,6
1.50,1632,2.91453e+09,5.0963,2.6508,6
1.50,1636,2.91453e+09,5.0792,2.5321,6
1.50,1640,2.91453e+09,5.0613,2.4153,6
1.50,1644,2.91453e+09,5.0435,2.2985,6
1.50,1648,2.91454e+09,5.0285,2.1754,6
1.50,1652,2.91455e+09,5.0139,2.0516,6
1.50,1656,2.91457e+09,4.9976,1.9311,6
1.50,1660,2.91460e+09,4.9805,1.8124,6
1.50,1664,2.91463e+09,4.9629,1.6949,6
1.50,1668,2.91468e+09,4.9450,1.5783,6
1.50,1672,2.91473e+09,4.9266,1.4626,6
1.50,1676,2.91480e+09,4.9079,1.3479,6
1.50,1680,2.91489e+09,4.8889,1.2342,6
1.50,1684,2.91499e+09,4.8695,1.1214,6
1.50,1688,2.91511e+09,4.8497,1.0097,6
1.50,1692,2.91525e+09,4.8295,0.8990,6
1.50,1696,2.91541e+09,4.8090,0.7894,6
1.50,1700,2.91559e+09,4.7882,0.6807,6
1.50,1704,2.91579e+09,4.7671,0.5730,6
1.50,1708,2.91602e+09,4.7457,0.4660,6
1.50,1710,2.91614e+09,4.7349,0.4129,6
2.00,1,8.50827e+02,3.6174,2.3618,-1
2.00,4,9.92003e+02,3.6185,2.3510,-1
2.00,8,1.21641e+03,3.6198,2.3339,-1
2.00,12,1.49173e+03,3.6213,2.3144,-1
2.00,16,1.82871e+03,3.6231,2.2923,-1
2.00,20,2.24149e+03,3.6250,2.2677,-1
2.00,24,2.74622e+03,3.6271,2.2402,-1
2.00,28,3.36345e+03,3.6294,2.2099,-1
2.00,32,4.11785e+03,3.6319,2.1772,-1
2.00,36,5.03970e+03,3.6346,2.1419,-1
2.00,40,6.16534e+03,3.6373,2.1041,-1
2.00,44,7.53958e+03,3.6402,2.0644,-1
2.00,48,9.21685e+03,3.6431,2.0224,-1
2.00,52,1.12632e+04,3.6462,1.9787,-1
2.00,56,1.37599e+04,3.6492,1.9335,-1
2.00,60,1.68060e+04,3.6524,1.8871,-1
2.00,64,2.05218e+04,3.6555,1.8392,-1
2.00,68,2.50562e+04,3.6586,1.7911,-1
2.00,72,3.05962e+04,3.6615,1.7432,-1
2.00,76,3.73826e+04,3.6642,1.6980,-1
2.00,80,4.57328e+04,3.6665,1.6595,-1
2.00,84,5.60239e+04,3.6682,1.6301,-1
2.00,88,6.86597e+04,3.6697,1.6042,-1
2.00,92,8.40517e+04,3.6716,1.5703,-1
2.00,96,1.02470e+05,3.6745,1.5155,-1
2.00,100,1.24431e+05,3.6781,1.4460,-1
2.00,104,1.51181e+05,3.6814,1.3779,-1
2.00,108,1.83825e+05,3.6844,1.3121,-1
2.00,112,2.23659e+05,3.6872,1.2485,-1
2.00,116,2.72229e+05,3.6898,1.1859,-1
2.00,120,3.31481e+05,3.6922,1.1250,-1
2.00,124,4.03666e+05,3.6943,1.0642,-1
2.00,128,4.91697e+05,3.6962,1.0048,-1
2.00,132,5.99072e+05,3.6981,0.9468,-1
2.00,136,7.30096e+05,3.7000,0.8906,-1
2.00,140,8.90068e+05,3.7019,0.8370,-1
2.00,144,1.08557e+06,3.7040,0.7871,-1
2.00,148,1.32484e+06,3.7067,0.7427,-1
2.00,152,1.61776e+06,3.7101,0.7060,-1
2.00,156,1.97635e+06,3.7149,0.6812,-1
2.00,160,2.41352e+06,3.7218,0.6756,-1
2.00,164,2.93706e+06,3.7318,0.7013,-1
2.00,168,3.52351e+06,3.7458,0.7807,-1
2.00,172,4.08474e+06,3.7639,0.9267,-1
2.00,176,4.64091e+06,3.7868,1.0882,-1
2.00,180,5.17369e+06,3.8212,1.2345,-1
2.00,184,5.57853e+06,3.8719,1.3372,-1
2.00,188,6.00852e+06,3.9268,1.4027,-1
2.00,192,6.44034e+06,3.9237,1.2787,-1
2.00,196,7.36553e+06,3.9222,1.1967,-1
2.00,200,8.30516e+06,3.9631,1.3005,-1
2.00,202,9.09272e+06,3.9655,1.2520,0
2.00,204,9.61366e+06,3.9635,1.2334,0
2.00,208,1.08019e+07,3.9632,1.2293,0
2.00,212,1.21413e+07,3.9635,1.2290,0
2.00,216,1.36466e+07,3.9637,1.2285,0
2.00,220,1.53278e+07,3.9639,1.2283,0
2.00,224,1.72394e+07,3.9640,1.2282,0
2.00,228,1.93769e+07,3.9640,1.2283,0
2.00,232,2.17759e+07,3.9641,1.2284,0
2.00,236,2.44741e+07,3.9641,1.2287,0
2.00,240,2.75103e+07,3.9641,1.2290,0
2.00,244,3.09241e+07,3.9641,1.2295,0
2.00,248,3.47535e+07,3.9640,1.2300,0
2.00,252,3.90339e+07,3.9640,1.2305,0
2.00,256,4.37947e+07,3.9638,1.2312,0
2.00,260,4.92855e+07,3.9637,1.2320,0
2.00,264,5.54475e+07,3.9635,1.2328,0
2.00,268,6.22969e+07,3.9632,1.2338,0
2.00,272,6.98562e+07,3.9629,1.2349,0
2.00,276,7.86244e+07,3.9626,1.2363,0
2.00,280,8.84363e+07,3.9621,1.2377,0
2.00,284,9.92533e+07,3.9616,1.2392,0
2.00,288,1.11348e+08,3.9611,1.2411,0
2.00,292,1.25121e+08,3.9604,1.2431,0
2.00,296,1.40569e+08,3.9597,1.2458,0
2.00,300,1.57990e+08,3.9588,1.2486,0
2.00,304,1.77589e+08,3.9578,1.2519,0
2.00,308,1.99399e+08,3.9567,1.2555,0
2.00,312,2.24106e+08,3.9553,1.2598,0
2.00,316,2.51763e+08,3.9538,1.2647,0
2.00,320,2.82772e+08,3.9521,1.2703,0
2.00,324,3.17694e+08,3.9500,1.2767,0
2.00,328,3.56829e+08,3.9476,1.2841,0
2.00,332,4.00686e+08,3.9448,1.2926,0
2.00,336,4.49901e+08,3.9414,1.3024,0
2.00,340,5.04954e+08,3.9372,1.3136,0
2.00,344,5.66432e+08,3.9319,1.3265,0
2.00,348,6.34714e+08,3.9250,1.3410,0
2.00,352,7.09933e+08,3.9160,1.3572,0
2.00,353,7.29769e+08,3.9133,1.3613,0
2.00,356,7.49268e+08,3.9105,1.3654,0
2.00,360,7.75699e+08,3.9063,1.3704,0
2.00,364,8.02715e+08,3.9019,1.3763,0
2.00,368,8.29974e+08,3.8969,1.3813,0
2.00,372,8.57448e+08,3.8914,1.3866,0
2.00,376,8.84821e+08,3.8853,1.3915,0
2.00,380,9.11884e+08,3.8786,1.3962,0
2.00,384,9.38416e+08,3.8714,1.4003,0
2.00,388,9.64370e+08,3.8636,1.4038,0
2.00,392,9.89785e+08,3.8555,1.4071,0
2.00,396,1.01505e+09,3.8472,1.4105,0
2.00,400,1.04181e+09,3.8397,1.4165,0
2.00,404,1.06616e+09,3.8409,1.4350,0
2.00,408,1.07309e+09,3.8502,1.4547,0
2.00,412,1.07572e+09,3.8600,1.4736,0
2.00,416,1.07700e+09,3.8697,1.4936,0
2.00,420,1.07768e+09,3.8790,1.5151,0
2.00,424,1.07809e+09,3.8873,1.5373,0
2.00,428,1.07836e+09,3.8924,1.5507,0
2.00,432,1.07853e+09,3.8896,1.5339,0
2.00,436,1.07871e+09,3.8820,1.5100,0
2.00,440,1.07898e+09,3.8729,1.5172,0
2.00,444,1.07942e+09,3.8642,1.5341,0
2.00,448,1.08016e+09,3.8547,1.5416,0
2.00,452,1.08130e+09,3.8450,1.5440,0
2.00,454,1.08201e+09,3.8400,1.5441,2
2.00,456,1.08329e+09,3.8319,1.5431,2
2.00,460,1.08592e+09,3.8154,1.5381,2
2.00,464,1.08832e+09,3.7988,1.5279,2
2.00,468,1.09060e+09,3.7831,1.5085,2
2.00,472,1.09261e+09,3.7690,1.4749,2
2.00,476,1.09420e+09,3.7568,1.4281,2
2.00,480,1.09543e+09,3.7462,1.3725,2
2.00,484,1.09649e+09,3.7364,1.3134,2
2.00,488,1.09763e+09,3.7256,1.2583,2
2.00,492,1.09936e+09,3.7116,1.2529,2
2.00,496,1.10089e+09,3.7035,1.3127,2
2.00,500,1.10233e+09,3.6982,1.3798,2
2.00,504,1.10380e+09,3.6937,1.4485,2
2.00,508,1.10531e+09,3.6894,1.5179,2
2.00,512,1.10683e+09,3.6850,1.5877,2
2.00,516,1.10841e+09,3.6807,1.6576,2
2.00,520,1.11001e+09,3.6763,1.7278,2
2.00,524,1.11164e+09,3.6718,1.7980,2
2.00,528,1.11325e+09,3.6671,1.8682,2
2.00,532,1.11489e+09,3.6622,1.9384,2
2.00,536,1.11652e+09,3.6572,2.0084,2
2.00,540,1.11816e+09,3.6521,2.0785,2
2.00,544,1.11985e+09,3.6469,2.1484,2
2.00,548,1.12211e+09,3.6417,2.2166,2
2.00,552,1.12437e+09,3.6460,2.1626,2
2.00,556,1.12527e+09,3.6515,2.0917,2
2.00,560,1.12779e+09,3.6553,2.0433,2
2.00,564,1.13020e+09,3.6502,2.1138,2
2.00,568,1.13219e+09,3.6448,2.1846,2
2.00,572,1.13412e+09,3.6393,2.2553,2
2.00,576,1.13595e+09,3.6337,2.3259,2
2.00,580,1.13765e+09,3.6280,2.3964,2
2.00,584,1.13922e+09,3.6221,2.4668,2
2.00,588,1.14065e+09,3.6162,2.5369,2
2.00,592,1.14196e+09,3.6101,2.6070,2
2.00,596,1.14314e+09,3.6039,2.6769,2
2.00,600,1.14422e+09,3.5975,2.7464,2
2.00,604,1.14519e+09,3.5912,2.8153,2
2.00,605,1.14535e+09,3.5902,2.8264,3
2.00,608,1.14536e+09,3.5905,2.8235,3
2.00,612,1.14536e+09,3.6033,2.6900,3
2.00,616,1.14537e+09,3.6237,2.4645,3
2.00,620,1.14538e+09,3.6430,2.2372,3
2.00,624,1.14540e+09,3.6615,2.0089,3
2.00,628,1.14548e+09,3.6785,1.7792,3
2.00,631,1.14590e+09,3.6913,1.6088,3
2.00,632,1.14604e+09,3.6915,1.6034,3
2.00,636,1.14708e+09,3.6891,1.6314,3
2.00,640,1.16549e+09,3.6887,1.6476,3
2.00,644,1.19363e+09,3.6894,1.6578,3
2.00,648,1.22061e+09,3.6897,1.6732,3
2.00,652,1.24614e+09,3.6896,1.6914,3
2.00,656,1.27239e+09,3.6895,1.7098,3
2.00,660,1.29685e+09,3.6888,1.7304,3
2.00,664,1.31066e+09,3.6872,1.7513,3
2.00,668,1.31865e+09,3.6855,1.7701,3
2.00,672,1.32297e+09,3.6853,1.7743,3
2.00,676,1.32646e+09,3.6825,1.8025,3
2.00,680,1.32860e+09,3.6803,1.8264,3
2.00,684,1.33034e+09,3.6787,1.8439,3
2.00,688,1.33129e+09,3.6760,1.8745,3
2.00,692,1.33184e+09,3.6733,1.9055,3
2.00,696,1.33216e+09,3.6707,1.9366,3
2.00,700,1.33235e+09,3.6681,1.9673,3
2.00,704,1.33246e+09,3.6656,1.9978,3
2.00,707,1.33252e+09,3.6637,2.0204,4
2.00,708,1.33255e+09,3.6628,2.0317,4
2.00,712,1.33263e+09,3.6590,2.0785,4
2.00,716,1.33271e+09,3.6550,2.1273,4
2.00,720,1.33280e+09,3.6509,2.1768,4
2.00,724,1.33297e+09,3.6498,2.1909,4
2.00,728,1.33319e+09,3.6539,2.1413,4
2.00,732,1.33445e+09,3.6564,2.1122,4
2.00,736,1.33808e+09,3.6557,2.1222,4
2.00,740,1.34098e+09,3.6519,2.1687,4
2.00,744,1.34294e+09,3.6478,2.2175,4
2.00,748,1.34438e+09,3.6437,2.2669,4
2.00,752,1.34548e+09,3.6395,2.3165,4
2.00,756,1.34634e+09,3.6353,2.3663,4
2.00,760,1.34706e+09,3.6310,2.4161,4
2.00,764,1.34765e+09,3.6266,2.4661,4
2.00,768,1.34812e+09,3.6221,2.5162,4
2.00,772,1.34849e+09,3.6176,2.5666,4
2.00,776,1.34884e+09,3.6130,2.6169,4
2.00,780,1.34910e+09,3.6083,2.6674,4
2.00,784,1.34934e+09,3.6036,2.7179,4
2.00,788,1.34957e+09,3.5988,2.7682,4
2.00,792,1.34979e+09,3.5940,2.8184,4
2.00,796,1.35000e+09,3.5891,2.8686,4
2.00,800,1.35020e+09,3.5842,2.9188,4
2.00,804,1.35041e+09,3.5792,2.9689,4
2.00,808,1.35063e+09,3.5742,3.0190,5
2.00,812,1.35113e+09,3.5624,3.1357,5
2.00,816,1.35118e+09,3.5673,3.0885,5
2.00,820,1.35119e+09,3.5697,3.0635,5
2.00,824,1.35119e+09,3.5499,3.2547,5
2.00,828,1.35119e+09,3.5296,3.4453,5
2.00,832,1.35119e+09,3.5320,3.4226,5
2.00,836,1.35119e+09,3.5522,3.2323,5
2.00,840,1.35119e+09,3.5526,3.2286,5
2.00,844,1.35119e+09,3.5324,3.4192,5
2.00,848,1.35119e+09,3.5332,3.4103,5
2.00,852,1.35119e+09,3.5505,3.2492,5
2.00,856,1.35119e+09,3.5382,3.3643,5
2.00,860,1.35119e+09,3.5470,3.2823,5
2.00,864,1.35121e+09,3.5653,3.1062,5
2.00,868,1.35130e+09,3.5670,3.0910,5
2.00,872,1.35157e+09,3.5504,3.2504,5
2.00,876,1.35169e+09,3.5548,3.2095,5
2.00,880,1.35169e+09,3.5741,3.0222,5
2.00,884,1.35169e+09,3.5553,3.2037,5
2.00,888,1.35169e+09,3.5352,3.3945,5
2.00,892,1.35169e+09,3.5145,3.5844,5
2.00,896,1.35169e+09,3.5309,3.4332,5
2.00,900,1.35169e+09,3.5437,3.3143,5
2.00,904,1.35169e+09,3.5347,3.3980,5
2.00,908,1.35170e+09,3.5498,3.2567,5
2.00,912,1.35172e+09,3.5689,3.0733,5
2.00,916,1.35177e+09,3.5491,3.2645,5
2.00,920,1.35187e+09,3.5447,3.3060,5
2.00,924,1.35195e+09,3.5360,3.3873,5
2.00,928,1.35195e+09,3.5556,3.2031,5
2.00,932,1.35195e+09,3.5468,3.2854,5
2.00,936,1.35195e+09,3.5264,3.4758,5
2.00,940,1.35195e+09,3.5054,3.6652,5
2.00,944,1.35195e+09,3.5182,3.5497,5
2.00,948,1.35195e+09,3.5243,3.4947,5
2.00,952,1.35196e+09,3.5447,3.3044,5
2.00,956,1.35198e+09,3.5565,3.1932,5
2.00,960,1.35205e+09,3.5364,3.3830,5
2.00,964,1.35209e+09,3.5466,3.2880,5
2.00,968,1.35209e+09,3.5602,3.1585,5
2.00,972,1.35209e+09,3.5400,3.3493,5
2.00,976,1.35209e+09,3.5195,3.5394,5
2.00,980,1.35209e+09,3.5070,3.6503,5
2.00,984,1.35209e+09,3.5279,3.4608,5
2.00,988,1.35210e+09,3.5431,3.3197,5
2.00,992,1.35211e+09,3.5584,3.1754,5
2.00,996,1.35214e+09,3.5383,3.3662,5
2.00,1000,1.35222e+09,3.5256,3.4818,5
2.00,1004,1.35222e+09,3.5454,3.2992,5
2.00,1008,1.35222e+09,3.5460,3.2918,5
2.00,1012,1.35222e+09,3.5256,3.4821,5
2.00,1016,1.35222e+09,3.5046,3.6715,5
2.00,1020,1.35222e+09,3.5065,3.6532,5
2.00,1024,1.35223e+09,3.5260,3.4771,5
2.00,1028,1.35223e+09,3.5464,3.2868,5
2.00,1032,1.35225e+09,3.5433,3.3179,5
2.00,1036,1.35230e+09,3.5227,3.5079,5
2.00,1040,1.35236e+09,3.5308,3.4330,5
2.00,1044,1.35236e+09,3.5510,3.2424,5
2.00,1048,1.35236e+09,3.5332,3.4100,5
2.00,1052,1.35236e+09,3.5125,3.5999,5
2.00,1056,1.35236e+09,3.4913,3.7813,5
2.00,1060,1.35237e+09,3.5131,3.5933,5
2.00,1064,1.35237e+09,3.5337,3.4034,5
2.00,1068,1.35238e+09,3.5488,3.2642,5
2.00,1072,1.35241e+09,3.5284,3.4545,5
2.00,1076,1.35251e+09,3.5176,3.5494,5
2.00,1080,1.35251e+09,3.5375,3.3679,5
2.00,1084,1.35251e+09,3.5398,3.3460,5
2.00,1088,1.35251e+09,3.5192,3.5361,5
2.00,1092,1.35251e+09,3.4978,3.7248,5
2.00,1096,1.35251e+09,3.4982,3.7199,5
2.00,1100,1.35251e+09,3.5195,3.5312,5
2.00,1104,1.35251e+09,3.5401,3.3412,5
2.00,1108,1.35253e+09,3.5349,3.3904,5
2.00,1112,1.35258e+09,3.5142,3.5801,5
2.00,1116,1.35264e+09,3.5230,3.4954,5
2.00,1120,1.35264e+09,3.5435,3.3053,5
2.00,1124,1.35264e+09,3.5263,3.4652,5
2.00,1128,1.35264e+09,3.5053,3.6547,5
2.00,1132,1.35264e+09,3.4828,3.8411,5
2.00,1136,1.35264e+09,3.5051,3.6548,5
2.00,1140,1.35265e+09,3.5261,3.4655,5
2.00,1144,1.35266e+09,3.5401,3.3370,5
2.00,1148,1.35269e+09,3.5195,3.5269,5
2.00,1152,1.35277e+09,3.5101,3.6046,5
2.00,1156,1.35277e+09,3.5303,3.4215,5
2.00,1160,1.35277e+09,3.5323,3.4020,5
2.00,1164,1.35277e+09,3.5116,3.5917,5
2.00,1168,1.35277e+09,3.4897,3.7794,5
2.00,1172,1.35277e+09,3.4911,3.7662,5
2.00,1176,1.35278e+09,3.5128,3.5783,5
2.00,1180,1.35278e+09,3.5335,3.3885,5
2.00,1184,1.35280e+09,3.5226,3.4907,5
2.00,1188,1.35287e+09,3.5008,3.6780,5
2.00,1192,1.35290e+09,3.5179,3.5236,5
2.00,1196,1.35290e+09,3.5358,3.3595,5
2.00,1200,1.35290e+09,3.5151,3.5494,5
2.00,1204,1.35290e+09,3.4935,3.7377,5
2.00,1208,1.35290e+09,3.4783,3.8555,5
2.00,1212,1.35290e+09,3.5011,3.6696,5
2.00,1216,1.35290e+09,3.5224,3.4808,5
2.00,1220,1.35292e+09,3.5220,3.4852,5
2.00,1224,1.35296e+09,3.5007,3.6716,5
2.00,1228,1.35301e+09,3.5111,3.5703,5
2.00,1232,1.35301e+09,3.5319,3.3807,5
2.00,1236,1.35301e+09,3.5131,3.5529,5
2.00,1240,1.35301e+09,3.4913,3.7409,5
2.00,1244,1.35301e+09,3.4698,3.9017,5
2.00,1248,1.35301e+09,3.4938,3.7180,5
2.00,1252,1.35302e+09,3.5153,3.5298,5
2.00,1256,1.35303e+09,3.5138,3.5443,5
2.00,1260,1.35310e+09,3.4908,3.7285,5
2.00,1264,1.35312e+09,3.5085,3.5705,5
2.00,1268,1.35312e+09,3.5254,3.4188,5
2.00,1272,1.35312e+09,3.5043,3.6081,5
2.00,1276,1.35312e+09,3.4817,3.7944,5
2.00,1280,1.35312e+09,3.4673,3.8940,5
2.00,1284,1.35312e+09,3.4916,3.7112,5
2.00,1288,1.35313e+09,3.5134,3.5233,5
2.00,1292,1.35315e+09,3.5008,3.6331,5
2.00,1296,1.35321e+09,3.4832,3.7528,5
2.00,1300,1.35322e+09,3.5022,3.5888,5
2.00,1304,1.35322e+09,3.5192,3.4400,5
2.00,1308,1.35322e+09,3.4978,3.6286,5
2.00,1312,1.35322e+09,3.4743,3.8131,5
2.00,1316,1.35322e+09,3.4566,3.9266,5
2.00,1320,1.35322e+09,3.4823,3.7470,5
2.00,1324,1.35323e+09,3.5049,3.5606,5
2.00,1328,1.35325e+09,3.4929,3.6597,5
2.00,1332,1.35332e+09,3.4729,3.7622,5
2.00,1336,1.35332e+09,3.4958,3.5834,5
2.00,1340,1.35332e+09,3.5099,3.4642,5
2.00,1344,1.35332e+09,3.4878,3.6515,5
2.00,1348,1.35332e+09,3.4626,3.8323,5
2.00,1352,1.35332e+09,3.4405,3.9611,5
2.00,1356,1.35332e+09,3.4679,3.7854,5
2.00,1360,1.35333e+09,3.4922,3.6025,5
2.00,1364,1.35334e+09,3.4833,3.6681,5
2.00,1368,1.35340e+09,3.4532,3.7880,5
2.00,1372,1.35341e+09,3.4696,3.6340,5
2.00,1376,1.35341e+09,3.4943,3.4520,5
2.00,1380,1.35341e+09,3.4833,3.5424,5
2.00,1384,1.35341e+09,3.4572,3.7214,5
2.00,1388,1.35341e+09,3.4284,3.8934,5
2.00,1392,1.35341e+09,3.4169,3.9476,5
2.00,1396,1.35341e+09,3.4432,3.7692,5
2.00,1400,1.35342e+09,3.4704,3.5929,5
2.00,1404,1.35343e+09,3.4655,3.6200,5
2.00,1408,1.35345e+09,3.4393,3.7621,5
2.00,1409,1.35346e+09,3.4523,3.7638,6
2.00,1412,1.35346e+09,3.4792,3.7646,6
2.00,1416,1.35346e+09,3.5151,3.7656,6
2.00,1420,1.35346e+09,3.5510,3.7659,6
2.00,1424,1.35346e+09,3.5869,3.7658,6
2.00,1428,1.35346e+09,3.6229,3.7656,6
2.00,1432,1.35346e+09,3.6588,3.7654,6
2.00,1436,1.35346e+09,3.6764,3.7806,6
2.00,1440,1.35346e+09,3.6929,3.7650,6
2.00,1444,1.35346e+09,3.7288,3.7648,6
2.00,1448,1.35346e+09,3.7644,3.7642,6
2.00,1452,1.35346e+09,3.8001,3.7639,6
2.00,1456,1.35346e+09,3.8360,3.7634,6
2.00,1460,1.35346e+09,3.8719,3.7625,6
2.00,1464,1.35346e+09,3.9078,3.7617,6
2.00,1468,1.35346e+09,3.9437,3.7587,6
2.00,1472,1.35346e+09,3.9797,3.7578,6
2.00,1476,1.35346e+09,4.0156,3.7580,6
2.00,1480,1.35346e+09,4.0515,3.7582,6
2.00,1484,1.35346e+09,4.0874,3.7585,6
2.00,1488,1.35346e+09,4.1234,3.7587,6
2.00,1492,1.35346e+09,4.1593,3.7587,6
2.00,1496,1.35346e+09,4.1952,3.7588,6
2.00,1500,1.35346e+09,4.2312,3.7588,6
2.00,1504,1.35346e+09,4.2671,3.7587,6
2.00,1508,1.35346e+09,4.3030,3.7586,6
2.00,1512,1.35346e+09,4.3390,3.7582,6
2.00,1516,1.35346e+09,4.3749,3.7577,6
2.00,1520,1.35346e+09,4.4108,3.7572,6
2.00,1524,1.35346e+09,4.4468,3.7563,6
2.00,1528,1.35346e+09,4.4827,3.7551,6
2.00,1532,1.35346e+09,4.5186,3.7539,6
2.00,1536,1.35346e+09,4.5546,3.7525,6
2.00,1540,1.35346e+09,4.5905,3.7508,6
2.00,1544,1.35346e+09,4.6264,3.7489,6
2.00,1548,1.35346e+09,4.6295,3.7475,6
2.00,1552,1.35346e+09,4.6539,3.7462,6
2.00,1556,1.35346e+09,4.6702,3.7445,6
2.00,1560,1.35346e+09,4.6930,3.7429,6
2.00,1564,1.35346e+09,4.7020,3.7411,6
2.00,1568,1.35346e+09,4.7380,3.7387,6
2.00,1572,1.35346e+09,4.7576,3.7358,6
2.00,1576,1.35346e+09,4.7817,3.7323,6
2.00,1580,1.35346e+09,4.8097,3.7280,6
2.00,1584,1.35346e+09,4.8436,3.7220,6
2.00,1588,1.35346e+09,4.8786,3.7147,6
2.00,1592,1.35346e+09,4.9144,3.7047,6
2.00,1596,1.35346e+09,4.9502,3.6925,6
2.00,1600,1.35346e+09,4.9859,3.6777,6
2.00,1604,1.35346e+09,5.0215,3.6576,6
2.00,1608,1.35346e+09,5.0568,3.6313,6
2.00,1612,1.35346e+09,5.0916,3.5949,6
2.00,1616,1.35346e+09,5.1251,3.5433,6
2.00,1620,1.35346e+09,5.1550,3.4647,6
2.00,1624,1.35346e+09,5.1749,3.3469,6
2.00,1628,1.35347e+09,5.1788,3.2051,6
2.00,1632,1.35347e+09,5.1714,3.0647,6
2.00,1636,1.35347e+09,5.1585,2.9307,6
2.00,1640,1.35347e+09,5.1426,2.8020,6
2.00,1644,1.35347e+09,5.1248,2.6770,6
2.00,1648,1.35347e+09,5.1060,2.5544,6
2.00,1652,1.35347e+09,5.0871,2.4323,6
2.00,1656,1.35347e+09,5.0706,2.3048,6
2.00,1660,1.35348e+09,5.0544,2.1765,6
2.00,1664,1.35350e+09,5.0368,2.0511,6
2.00,1668,1.35351e+09,5.0185,1.9276,6
2.00,1672,1.35354e+09,4.9996,1.8054,6
2.00,1676,1.35357e+09,4.9802,1.6842,6
2.00,1680,1.35361e+09,4.9606,1.5640,6
2.00,1684,1.35366e+09,4.9405,1.4446,6
2.00,1688,1.35373e+09,4.9202,1.3262,6
2.00,1692,1.35381e+09,4.8995,1.2087,6
2.00,1696,1.35391e+09,4.8785,1.0922,6
2.00,1700,1.35403e+09,4.8571,0.9767,6
2.00,1704,1.35416e+09,4.8354,0.8622,6
2.00,1708,1.35431e+09,4.8134,0.7487,6
2.00,1710,1.35440e+09,4.8023,0.6923,6
3.00,1,6.00081e+02,3.6146,2.6894,-1
3.00,4,6.95954e+02,3.6189,2.6912,-1
3.00,8,8.49213e+02,3.6203,2.6747,-1
3.00,12,1.03623e+03,3.6219,2.6560,-1
3.00,16,1.26414e+03,3.6236,2.6347,-1
3.00,20,1.54167e+03,3.6257,2.6111,-1
3.00,24,1.87961e+03,3.6279,2.5850,-1
3.00,28,2.29066e+03,3.6302,2.5560,-1
3.00,32,2.79089e+03,3.6328,2.5247,-1
3.00,36,3.39895e+03,3.6356,2.4910,-1
3.00,40,4.13825e+03,3.6385,2.4553,-1
3.00,44,5.03626e+03,3.6415,2.4173,-1
3.00,48,6.12698e+03,3.6447,2.3776,-1
3.00,52,7.45137e+03,3.6479,2.3359,-1
3.00,56,9.05968e+03,3.6512,2.2927,-1
3.00,60,1.10120e+04,3.6546,2.2483,-1
3.00,64,1.33820e+04,3.6580,2.2027,-1
3.00,68,1.62588e+04,3.6613,2.1561,-1
3.00,72,1.97515e+04,3.6647,2.1090,-1
3.00,76,2.39972e+04,3.6681,2.0621,-1
3.00,80,2.91669e+04,3.6711,2.0170,-1
3.00,84,3.54883e+04,3.6738,1.9771,-1
3.00,88,4.32393e+04,3.6760,1.9455,-1
3.00,92,5.27151e+04,3.6777,1.9189,-1
3.00,96,6.42350e+04,3.6797,1.8878,-1
3.00,100,7.80192e+04,3.6828,1.8398,-1
3.00,104,9.43650e+04,3.6868,1.7753,-1
3.00,108,1.14131e+05,3.6907,1.7109,-1
3.00,112,1.38120e+05,3.6944,1.6485,-1
3.00,116,1.67245e+05,3.6978,1.5881,-1
3.00,120,2.02615e+05,3.7011,1.5302,-1
3.00,124,2.45573e+05,3.7042,1.4743,-1
3.00,128,2.97772e+05,3.7075,1.4214,-1
3.00,132,3.61197e+05,3.7105,1.3708,-1
3.00,136,4.38363e+05,3.7140,1.3251,-1
3.00,140,5.32259e+05,3.7175,1.2839,-1
3.00,144,6.46699e+05,3.7217,1.2517,-1
3.00,148,7.86068e+05,3.7269,1.2335,-1
3.00,152,9.54512e+05,3.7338,1.2412,-1
3.00,156,1.14813e+06,3.7441,1.3015,-1
3.00,160,1.34217e+06,3.7590,1.4297,-1
3.00,164,1.54642e+06,3.7800,1.5660,-1
3.00,168,1.73154e+06,3.8142,1.6975,-1
3.00,172,1.87205e+06,3.8617,1.8070,-1
3.00,176,2.00132e+06,3.9118,1.9092,-1
3.00,180,2.12519e+06,3.9638,2.0029,-1
3.00,184,2.25025e+06,4.0176,2.0818,-1
3.00,188,2.42492e+06,4.0676,2.0764,-1
3.00,192,2.56166e+06,4.0431,1.9148,-1
3.00,196,2.86816e+06,4.0713,1.9693,-1
3.00,200,3.22183e+06,4.0983,1.9596,-1
3.00,202,3.51644e+06,4.0924,1.9150,0
3.00,204,3.72345e+06,4.0924,1.9146,0
3.00,208,4.17433e+06,4.0926,1.9142,0
3.00,212,4.68064e+06,4.0926,1.9132,0
3.00,216,5.24800e+06,4.0926,1.9126,0
3.00,220,5.88527e+06,4.0925,1.9122,0
3.00,224,6.60097e+06,4.0923,1.9119,0
3.00,228,7.40132e+06,4.0921,1.9118,0
3.00,232,8.29870e+06,4.0919,1.9119,0
3.00,236,9.30593e+06,4.0917,1.9120,0
3.00,240,1.04358e+07,4.0914,1.9123,0
3.00,244,1.17008e+07,4.0911,1.9126,0
3.00,248,1.31120e+07,4.0907,1.9130,0
3.00,252,1.46787e+07,4.0904,1.9136,0
3.00,256,1.64764e+07,4.0900,1.9143,0
3.00,260,1.84933e+07,4.0896,1.9152,0
3.00,264,2.07300e+07,4.0892,1.9162,0
3.00,268,2.31911e+07,4.0887,1.9172,0
3.00,272,2.60252e+07,4.0881,1.9185,0
3.00,276,2.91902e+07,4.0875,1.9200,0
3.00,280,3.27150e+07,4.0868,1.9217,0
3.00,284,3.66634e+07,4.0861,1.9237,0
3.00,288,4.10891e+07,4.0853,1.9260,0
3.00,292,4.60395e+07,4.0845,1.9286,0
3.00,296,5.15810e+07,4.0836,1.9317,0
3.00,300,5.78516e+07,4.0826,1.9352,0
3.00,304,6.48132e+07,4.0815,1.9393,0
3.00,308,7.26587e+07,4.0803,1.9440,0
3.00,312,8.14411e+07,4.0789,1.9494,0
3.00,316,9.12600e+07,4.0774,1.9556,0
3.00,320,1.02302e+08,4.0756,1.9627,0
3.00,324,1.14634e+08,4.0736,1.9709,0
3.00,328,1.28448e+08,4.0713,1.9804,0
3.00,332,1.43887e+08,4.0685,1.9912,0
3.00,336,1.61153e+08,4.0651,2.0037,0
3.00,340,1.80403e+08,4.0609,2.0181,0
3.00,344,2.01805e+08,4.0556,2.0347,0
3.00,348,2.25445e+08,4.0485,2.0539,0
3.00,352,2.51269e+08,4.0389,2.0754,0
3.00,353,2.58031e+08,4.0360,2.0814,0
3.00,356,2.64577e+08,4.0331,2.0869,0
3.00,360,2.73424e+08,4.0287,2.0945,0
3.00,364,2.82362e+08,4.0240,2.1022,0
3.00,368,2.91331e+08,4.0187,2.1099,0
3.00,372,3.00248e+08,4.0128,2.1175,0
3.00,376,3.09022e+08,4.0063,2.1249,0
3.00,380,3.17558e+08,3.9992,2.1321,0
3.00,384,3.25811e+08,3.9915,2.1389,0
3.00,388,3.33765e+08,3.9834,2.1454,0
3.00,392,3.41439e+08,3.9750,2.1515,0
3.00,396,3.48995e+08,3.9665,2.1580,0
3.00,400,3.57050e+08,3.9589,2.1676,0
3.00,404,3.63421e+08,3.9621,2.1874,0
3.00,408,3.65077e+08,3.9715,2.2040,0
3.00,412,3.65749e+08,3.9812,2.2200,0
3.00,416,3.66090e+08,3.9907,2.2372,0
3.00,420,3.66280e+08,3.9998,2.2560,0
3.00,424,3.66393e+08,4.0075,2.2750,0
3.00,428,3.66466e+08,4.0104,2.2790,0
3.00,432,3.66511e+08,4.0059,2.2577,0
3.00,436,3.66555e+08,3.9979,2.2355,0
3.00,440,3.66618e+08,3.9886,2.2399,0
3.00,444,3.66702e+08,3.9801,2.2593,0
3.00,448,3.66820e+08,3.9708,2.2721,0
3.00,452,3.66976e+08,3.9612,2.2790,0
3.00,454,3.67068e+08,3.9563,2.2809,2
3.00,456,3.67190e+08,3.9504,2.2824,2
3.00,460,3.67457e+08,3.9384,2.2829,2
3.00,464,3.67733e+08,3.9262,2.2812,2
3.00,468,3.67996e+08,3.9139,2.2779,2
3.00,472,3.68234e+08,3.9014,2.2730,2
3.00,476,3.68444e+08,3.8888,2.2668,2
3.00,480,3.68626e+08,3.8761,2.2594,2
3.00,484,3.68783e+08,3.8634,2.2509,2
3.00,488,3.68919e+08,3.8506,2.2414,2
3.00,492,3.69039e+08,3.8379,2.2310,2
3.00,496,3.69144e+08,3.8251,2.2198,2
3.00,500,3.69237e+08,3.8123,2.2077,2
3.00,504,3.69320e+08,3.7995,2.1948,2
3.00,508,3.69396e+08,3.7868,2.1809,2
3.00,512,3.69470e+08,3.7742,2.1651,2
3.00,516,3.69547e+08,3.7619,2.1459,2
3.00,520,3.69637e+08,3.7508,2.1189,2
3.00,524,3.69733e+08,3.7412,2.0836,2
3.00,528,3.69826e+08,3.7329,2.0434,2
3.00,532,3.69915e+08,3.7253,2.0009,2
3.00,536,3.70011e+08,3.7175,1.9592,2
3.00,540,3.70141e+08,3.7071,1.9337,2
3.00,544,3.70273e+08,3.6972,1.9626,2
3.00,548,3.70376e+08,3.6908,2.0076,2
3.00,552,3.70488e+08,3.6855,2.0548,2
3.00,556,3.70624e+08,3.6808,2.1021,2
3.00,560,3.70775e+08,3.6764,2.1494,2
3.00,564,3.70930e+08,3.6721,2.1969,2
3.00,568,3.71087e+08,3.6681,2.2448,2
3.00,572,3.71246e+08,3.6641,2.2927,2
3.00,576,3.71404e+08,3.6601,2.3409,2
3.00,580,3.71563e+08,3.6562,2.3893,2
3.00,584,3.71721e+08,3.6524,2.4379,2
3.00,588,3.71880e+08,3.6485,2.4865,2
3.00,592,3.72037e+08,3.6446,2.5352,2
3.00,596,3.72192e+08,3.6406,2.5839,2
3.00,600,3.72346e+08,3.6365,2.6327,2
3.00,604,3.72507e+08,3.6323,2.6814,2
3.00,605,3.72559e+08,3.6318,2.6868,3
3.00,608,3.72595e+08,3.6322,2.6827,3
3.00,612,3.72641e+08,3.6330,2.6731,3
3.00,616,3.72698e+08,3.6340,2.6621,3
3.00,620,3.72778e+08,3.6351,2.6500,3
3.00,624,3.72886e+08,3.6363,2.6367,3
3.00,628,3.73023e+08,3.6376,2.6223,3
3.00,631,3.73145e+08,3.6385,2.6113,3
3.00,632,3.73352e+08,3.6398,2.5971,3
3.00,636,3.74094e+08,3.6448,2.5404,3
3.00,640,3.74684e+08,3.6497,2.4832,3
3.00,644,3.75206e+08,3.6545,2.4258,3
3.00,648,3.75708e+08,3.6593,2.3681,3
3.00,652,3.76219e+08,3.6642,2.3106,3
3.00,656,3.76781e+08,3.6689,2.2529,3
3.00,660,3.77442e+08,3.6737,2.1953,3
3.00,664,3.78301e+08,3.6788,2.1381,3
3.00,668,3.79609e+08,3.6845,2.0819,3
3.00,672,3.82845e+08,3.6923,2.0319,3
3.00,676,3.97471e+08,3.6956,2.0519,3
3.00,680,4.13030e+08,3.6954,2.0860,3
3.00,684,4.28340e+08,3.6947,2.1208,3
3.00,688,4.44266e+08,3.6930,2.1541,3
3.00,692,4.54574e+08,3.6874,2.1727,3
3.00,696,4.58402e+08,3.6825,2.1951,3
3.00,700,4.59560e+08,3.6761,2.2385,3
3.00,704,4.59862e+08,3.6708,2.2855,3
3.00,707,4.59940e+08,3.6674,2.3197,4
3.00,708,4.59955e+08,3.6664,2.3298,4
3.00,712,4.60004e+08,3.6622,2.3749,4
3.00,716,4.60049e+08,3.6579,2.4234,4
3.00,720,4.60101e+08,3.6536,2.4729,4
3.00,724,4.60235e+08,3.6547,2.4613,4
3.00,728,4.60452e+08,3.6590,2.4134,4
3.00,732,4.61031e+08,3.6627,2.3716,4
3.00,736,4.62014e+08,3.6588,2.4134,4
3.00,740,4.62715e+08,3.6543,2.4632,4
3.00,744,4.63288e+08,3.6499,2.5139,4
3.00,748,4.63794e+08,3.6454,2.5648,4
3.00,752,4.64210e+08,3.6408,2.6158,4
3.00,756,4.64554e+08,3.6362,2.6670,4
3.00,760,4.64846e+08,3.6316,2.7181,4
3.00,764,4.65115e+08,3.6269,2.7692,4
3.00,768,4.65355e+08,3.6222,2.8202,4
3.00,772,4.65567e+08,3.6175,2.8711,4
3.00,776,4.65757e+08,3.6126,2.9218,4
3.00,780,4.65928e+08,3.6078,2.9725,4
3.00,784,4.66081e+08,3.6029,3.0231,4
3.00,788,4.66219e+08,3.5979,3.0735,4
3.00,792,4.66344e+08,3.5929,3.1238,4
3.00,796,4.66459e+08,3.5879,3.1739,4
3.00,800,4.66565e+08,3.5829,3.2240,4
3.00,804,4.66660e+08,3.5778,3.2740,4
3.00,808,4.66742e+08,3.5727,3.3240,5
3.00,812,4.66894e+08,3.5623,3.4238,5
3.00,816,4.67044e+08,3.5526,3.5155,5
3.00,820,4.67154e+08,3.5440,3.5964,5
3.00,824,4.67208e+08,3.5410,3.6237,5
3.00,828,4.67228e+08,3.5359,3.6718,5
3.00,832,4.67229e+08,3.5467,3.5706,5
3.00,836,4.67229e+08,3.5493,3.5458,5
3.00,840,4.67229e+08,3.5384,3.6481,5
3.00,844,4.67229e+08,3.5275,3.7502,5
3.00,848,4.67229e+08,3.5164,3.8521,5
3.00,852,4.67229e+08,3.5174,3.8419,5
3.00,856,4.67230e+08,3.5266,3.7579,5
3.00,860,4.67231e+08,3.5375,3.6556,5
3.00,864,4.67234e+08,3.5484,3.5533,5
3.00,868,4.67243e+08,3.5422,3.6119,5
3.00,872,4.67254e+08,3.5313,3.7141,5
3.00,876,4.67275e+08,3.5242,3.7783,5
3.00,880,4.67276e+08,3.5349,3.6796,5
3.00,884,4.67276e+08,3.5371,3.6590,5
3.00,888,4.67276e+08,3.5262,3.7612,5
3.00,892,4.67276e+08,3.5150,3.8629,5
3.00,896,4.67276e+08,3.5037,3.9644,5
3.00,900,4.67276e+08,3.5070,3.9331,5
3.00,904,4.67277e+08,3.5183,3.8315,5
3.00,908,4.67279e+08,3.5294,3.7297,5
3.00,912,4.67283e+08,3.5401,3.6299,5
3.00,916,4.67297e+08,3.5294,3.7308,5
3.00,920,4.67316e+08,3.5182,3.8324,5
3.00,924,4.67328e+08,3.5262,3.7565,5
3.00,928,4.67328e+08,3.5358,3.6682,5
3.00,932,4.67328e+08,3.5248,3.7703,5
3.00,936,4.67328e+08,3.5137,3.8721,5
3.00,940,4.67329e+08,3.5023,3.9736,5
3.00,944,4.67329e+08,3.5014,3.9802,5
3.00,948,4.67329e+08,3.5128,3.8787,5
3.00,952,4.67331e+08,3.5239,3.7769,5
3.00,956,4.67333e+08,3.5348,3.6765,5
3.00,960,4.67346e+08,3.5238,3.7784,5
3.00,964,4.67374e+08,3.5123,3.8792,5
3.00,968,4.67381e+08,3.5223,3.7864,5
3.00,972,4.67381e+08,3.5308,3.7094,5
3.00,976,4.67381e+08,3.5198,3.8114,5
3.00,980,4.67382e+08,3.5085,3.9131,5
3.00,984,4.67382e+08,3.4970,4.0143,5
3.00,988,4.67382e+08,3.4986,3.9977,5
3.00,992,4.67383e+08,3.5100,3.8964,5
3.00,996,4.67385e+08,3.5212,3.7947,5
3.00,1000,4.67388e+08,3.5265,3.7466,5
3.00,1004,4.67402e+08,3.5153,3.8480,5
3.00,1008,4.67434e+08,3.5128,3.8633,5
3.00,1012,4.67434e+08,3.5240,3.7616,5
3.00,1016,4.67434e+08,3.5219,3.7813,5
3.00,1020,4.67434e+08,3.5108,3.8832,5
3.00,1024,4.67434e+08,3.4993,3.9844,5
3.00,1028,4.67434e+08,3.4880,4.0779,5
3.00,1032,4.67435e+08,3.4997,3.9771,5
3.00,1036,4.67436e+08,3.5111,3.8757,5
3.00,1040,4.67438e+08,3.5222,3.7738,5
3.00,1044,4.67446e+08,3.5180,3.8129,5
3.00,1048,4.67466e+08,3.5063,3.9136,5
3.00,1052,4.67487e+08,3.5125,3.8511,5
3.00,1056,4.67487e+08,3.5237,3.7494,5
3.00,1060,4.67487e+08,3.5130,3.8481,5
3.00,1064,4.67487e+08,3.5016,3.9494,5
3.00,1068,4.67487e+08,3.4899,4.0502,5
3.00,1072,4.67488e+08,3.4843,4.0936,5
3.00,1076,4.67488e+08,3.4963,3.9933,5
3.00,1080,4.67489e+08,3.5077,3.8920,5
3.00,1084,4.67491e+08,3.5189,3.7904,5
3.00,1088,4.67496e+08,3.5200,3.7823,5
3.00,1092,4.67505e+08,3.5086,3.8837,5
3.00,1096,4.67537e+08,3.5039,3.9135,5
3.00,1100,4.67537e+08,3.5152,3.8121,5
3.00,1104,4.67537e+08,3.5161,3.8049,5
3.00,1108,4.67537e+08,3.5048,3.9065,5
3.00,1112,4.67537e+08,3.4932,4.0074,5
3.00,1116,4.67537e+08,3.4808,4.1069,5
3.00,1120,4.67537e+08,3.4897,4.0299,5
3.00,1124,4.67538e+08,3.5014,3.9290,5
3.00,1128,4.67540e+08,3.5128,3.8277,5
3.00,1132,4.67546e+08,3.5126,3.8288,5
3.00,1136,4.67558e+08,3.5009,3.9294,5
3.00,1140,4.67586e+08,3.5016,3.9067,5
3.00,1144,4.67586e+08,3.5130,3.8053,5
3.00,1148,4.67586e+08,3.5075,3.8565,5
3.00,1152,4.67586e+08,3.4960,3.9578,5
3.00,1156,4.67586e+08,3.4839,4.0577,5
3.00,1160,4.67587e+08,3.4755,4.1159,5
3.00,1164,4.67587e+08,3.4879,4.0166,5
3.00,1168,4.67588e+08,3.4996,3.9157,5
3.00,1172,4.67589e+08,3.5109,3.8143,5
3.00,1176,4.67596e+08,3.5048,3.8689,5
3.00,1180,4.67614e+08,3.4923,3.9667,5
3.00,1184,4.67634e+08,3.4925,3.9468,5
3.00,1188,4.67634e+08,3.5042,3.8460,5
3.00,1192,4.67635e+08,3.5042,3.8478,5
3.00,1196,4.67635e+08,3.4927,3.9489,5
3.00,1200,4.67635e+08,3.4802,4.0483,5
3.00,1204,4.67635e+08,3.4665,4.1438,5
3.00,1208,4.67635e+08,3.4787,4.0467,5
3.00,1212,4.67636e+08,3.4909,3.9468,5
3.00,1216,4.67638e+08,3.5026,3.8460,5
3.00,1220,4.67643e+08,3.5008,3.8609,5
3.00,1224,4.67652e+08,3.4889,3.9570,5
3.00,1228,4.67678e+08,3.4810,3.9895,5
3.00,1232,4.67681e+08,3.4913,3.8996,5
3.00,1236,4.67681e+08,3.5032,3.7993,5
3.00,1240,4.67681e+08,3.4920,3.8983,5
3.00,1244,4.67681e+08,3.4796,3.9977,5
3.00,1248,4.67681e+08,3.4663,4.0952,5
3.00,1252,4.67682e+08,3.4589,4.1324,5
3.00,1256,4.67682e+08,3.4723,4.0350,5
3.00,1260,4.67683e+08,3.4849,3.9360,5
3.00,1264,4.67684e+08,3.4969,3.8357,5
3.00,1268,4.67690e+08,3.4899,3.8933,5
3.00,1272,4.67701e+08,3.4777,3.9774,5
3.00,1276,4.67718e+08,3.4699,4.0007,5
3.00,1280,4.67726e+08,3.4744,3.9432,5
3.00,1284,4.67726e+08,3.4873,3.8450,5
3.00,1288,4.67726e+08,3.4875,3.8481,5
3.00,1292,4.67726e+08,3.4748,3.9470,5
3.00,1296,4.67726e+08,3.4611,4.0435,5
3.00,1300,4.67726e+08,3.4461,4.1360,5
3.00,1304,4.67726e+08,3.4491,4.1126,5
3.00,1308,4.67727e+08,3.4623,4.0148,5
3.00,1312,4.67728e+08,3.4755,3.9169,5
3.00,1316,4.67730e+08,3.4861,3.8317,5
3.00,1320,4.67735e+08,3.4726,3.9285,5
3.00,1324,4.67749e+08,3.4566,3.9978,5
3.00,1328,4.67764e+08,3.4378,4.0100,5
3.00,1332,4.67770e+08,3.4321,3.9533,5
3.00,1336,4.67770e+08,3.4474,3.8604,5
3.00,1340,4.67770e+08,3.4629,3.7681,5
3.00,1344,4.67770e+08,3.4554,3.8293,5
3.00,1348,4.67770e+08,3.4406,3.9236,5
3.00,1352,4.67770e+08,3.4253,4.0161,5
3.00,1356,4.67770e+08,3.4109,4.1112,5
3.00,1360,4.67770e+08,3.4281,4.1758,5
3.00,1364,4.67770e+08,3.4391,4.1486,5
3.00,1368,4.67770e+08,3.4411,4.1385,5
3.00,1372,4.67770e+08,3.4385,4.1564,5
3.00,1376,4.67770e+08,3.4339,4.1449,5
3.00,1380,4.67770e+08,3.4371,4.1687,5
3.00,1384,4.67771e+08,3.4278,4.1703,5
3.00,1388,4.67771e+08,3.4089,4.1002,5
3.00,1392,4.67772e+08,3.4108,3.9951,5
3.00,1396,4.67772e+08,3.4227,3.8949,5
3.00,1400,4.67775e+08,3.4277,3.8454,5
3.00,1404,4.67779e+08,3.4243,3.9286,5
3.00,1408,4.67780e+08,3.4520,3.9372,5
3.00,1409,4.67780e+08,3.4589,3.9386,6
3.00,1412,4.67780e+08,3.4900,3.9428,6
3.00,1416,4.67781e+08,3.5313,3.9454,6
3.00,1420,4.67781e+08,3.5727,3.9466,6
3.00,1424,4.67781e+08,3.6141,3.9473,6
3.00,1428,4.67781e+08,3.6555,3.9474,6
3.00,1432,4.67781e+08,3.6962,3.9512,6
3.00,1436,4.67781e+08,3.7353,3.9472,6
3.00,1440,4.67781e+08,3.7764,3.9468,6
3.00,1444,4.67781e+08,3.8170,3.9465,6
3.00,1448,4.67781e+08,3.8585,3.9460,6
3.00,1452,4.67781e+08,3.8999,3.9455,6
3.00,1456,4.67781e+08,3.9413,3.9450,6
3.00,1460,4.67781e+08,3.9827,3.9445,6
3.00,1464,4.67781e+08,4.0241,3.9440,6
3.00,1468,4.67781e+08,4.0655,3.9435,6
3.00,1472,4.67781e+08,4.1069,3.9429,6
3.00,1476,4.67781e+08,4.1483,3.9424,6
3.00,1480,4.67781e+08,4.1898,3.9419,6
3.00,1484,4.67781e+08,4.2312,3.9414,6
3.00,1488,4.67781e+08,4.2726,3.9409,6
3.00,1492,4.67781e+08,4.3140,3.9404,6
3.00,1496,4.67781e+08,4.3554,3.9399,6
3.00,1500,4.67781e+08,4.3968,3.9394,6
3.00,1504,4.67781e+08,4.4382,3.9387,6
3.00,1508,4.67781e+08,4.4797,3.9375,6
3.00,1512,4.67781e+08,4.5211,3.9361,6
3.00,1516,4.67781e+08,4.5625,3.9345,6
3.00,1520,4.67781e+08,4.6039,3.9333,6
3.00,1524,4.67781e+08,4.6453,3.9321,6
3.00,1528,4.67781e+08,4.6867,3.9306,6
3.00,1532,4.67781e+08,4.7064,3.9288,6
3.00,1536,4.67781e+08,4.7005,3.9279,6
3.00,1540,4.67781e+08,4.6990,3.9270,6
3.00,1544,4.67781e+08,4.7404,3.9266,6
3.00,1548,4.67781e+08,4.7301,3.9256,6
3.00,1552,4.67781e+08,4.7479,3.9247,6
3.00,1556,4.67781e+08,4.7756,3.9238,6
3.00,1560,4.67781e+08,4.7665,3.9227,6
3.00,1564,4.67781e+08,4.8079,3.9217,6
3.00,1568,4.67781e+08,4.7954,3.9202,6
3.00,1572,4.67781e+08,4.8355,3.9189,6
3.00,1576,4.67781e+08,4.8320,3.9174,6
3.00,1580,4.67781e+08,4.8734,3.9151,6
3.00,1584,4.67781e+08,4.8581,3.9140,6
3.00,1588,4.67781e+08,4.8995,3.9114,6
3.00,1592,4.67781e+08,4.8923,3.9100,6
3.00,1596,4.67781e+08,4.9337,3.9062,6
3.00,1600,4.67781e+08,4.9363,3.9040,6
3.00,1604,4.67781e+08,4.9639,3.8988,6
3.00,1608,4.67781e+08,4.9895,3.8937,6
3.00,1612,4.67781e+08,5.0171,3.8845,6
3.00,1616,4.67782e+08,5.0584,3.8723,6
3.00,1620,4.67782e+08,5.0995,3.8537,6
3.00,1624,4.67782e+08,5.1404,3.8279,6
3.00,1628,4.67782e+08,5.1809,3.7931,6
3.00,1632,4.67782e+08,5.2200,3.7392,6
3.00,1636,4.67782e+08,5.2543,3.6481,6
3.00,1640,4.67783e+08,5.2714,3.5007,6
3.00,1644,4.67783e+08,5.2669,3.3370,6
3.00,1648,4.67783e+08,5.2523,3.1821,6
3.00,1652,4.67783e+08,5.2336,3.0343,6
3.00,1656,4.67784e+08,5.2145,2.8874,6
3.00,1660,4.67786e+08,5.1958,2.7396,6
3.00,1664,4.67788e+08,5.1759,2.5942,6
3.00,1668,4.67792e+08,5.1550,2.4513,6
3.00,1672,4.67797e+08,5.1331,2.3106,6
3.00,1676,4.67805e+08,5.1106,2.1716,6
3.00,1680,4.67816e+08,5.0875,2.0341,6
3.00,1684,4.67832e+08,5.0640,1.8978,6
3.00,1688,4.67854e+08,5.0402,1.7623,6
3.00,1692,4.67887e+08,5.0161,1.6275,6
3.00,1696,4.67931e+08,4.9917,1.4936,6
3.00,1700,4.67989e+08,4.9671,1.3605,6
3.00,1704,4.68060e+08,4.9421,1.2286,6
3.00,1708,4.68147e+08,4.9167,1.0977,6
3.00,1710,4.68196e+08,4.9039,1.0327,6
5.00,1,3.92722e+02,3.6133,3.1043,-1
5.00,4,4.51696e+02,3.6141,3.0943,-1
5.00,8,5.43042e+02,3.6186,3.0916,-1
5.00,12,6.53888e+02,3.6202,3.0748,-1
5.00,16,7.87351e+02,3.6219,3.0559,-1
5.00,20,9.47719e+02,3.6238,3.0349,-1
5.00,24,1.14060e+03,3.6260,3.0117,-1
5.00,28,1.37223e+03,3.6282,2.9860,-1
5.00,32,1.65035e+03,3.6307,2.9584,-1
5.00,36,1.98433e+03,3.6333,2.9284,-1
5.00,40,2.38506e+03,3.6361,2.8967,-1
5.00,44,2.86573e+03,3.6390,2.8630,-1
5.00,48,3.44245e+03,3.6421,2.8277,-1
5.00,52,4.13383e+03,3.6453,2.7909,-1
5.00,56,4.96260e+03,3.6485,2.7522,-1
5.00,60,5.95618e+03,3.6518,2.7124,-1
5.00,64,7.14690e+03,3.6553,2.6716,-1
5.00,68,8.57367e+03,3.6587,2.6296,-1
5.00,72,1.02833e+04,3.6621,2.5865,-1
5.00,76,1.23320e+04,3.6656,2.5430,-1
5.00,80,1.47873e+04,3.6691,2.4992,-1
5.00,84,1.77315e+04,3.6725,2.4552,-1
5.00,88,2.12664e+04,3.6758,2.4122,-1
5.00,92,2.55170e+04,3.6790,2.3711,-1
5.00,96,3.06252e+04,3.6820,2.3318,-1
5.00,100,3.67627e+04,3.6849,2.2951,-1
5.00,104,4.41359e+04,3.6878,2.2598,-1
5.00,108,5.29811e+04,3.6909,2.2254,-1
5.00,112,6.35867e+04,3.6942,2.1913,-1
5.00,116,7.62972e+04,3.6978,2.1579,-1
5.00,120,9.15397e+04,3.7017,2.1263,-1
5.00,124,1.09835e+05,3.7060,2.0987,-1
5.00,128,1.31806e+05,3.7109,2.0788,-1
5.00,132,1.58152e+05,3.7167,2.0730,-1
5.00,136,1.89393e+05,3.7241,2.0924,-1
5.00,140,2.25691e+05,3.7344,2.1352,-1
5.00,144,2.67991e+05,3.7482,2.1757,-1
5.00,148,3.15164e+05,3.7683,2.2256,-1
5.00,152,3.59890e+05,3.8013,2.2930,-1
5.00,156,3.99674e+05,3.8421,2.3729,-1
5.00,160,4.37321e+05,3.8851,2.4615,-1
5.00,164,4.72756e+05,3.9297,2.5543,-1
5.00,168,5.06314e+05,3.9759,2.6466,-1
5.00,172,5.38844e+05,4.0236,2.7328,-1
5.00,176,5.71183e+05,4.0726,2.8101,-1
5.00,180,6.04275e+05,4.1229,2.8757,-1
5.00,184,6.40322e+05,4.1743,2.9234,-1
5.00,188,6.94945e+05,4.2111,2.8583,-1
5.00,192,7.43126e+05,4.1886,2.7260,-1
5.00,196,8.21166e+05,4.2268,2.8142,-1
5.00,200,9.32949e+05,4.2378,2.7449,-1
5.00,202,1.02126e+06,4.2351,2.7265,0
5.00,204,1.08136e+06,4.2351,2.7262,0
5.00,208,1.21229e+06,4.2350,2.7256,0
5.00,212,1.35897e+06,4.2349,2.7251,0
5.00,216,1.52338e+06,4.2346,2.7247,0
5.00,220,1.70755e+06,4.2344,2.7245,0
5.00,224,1.91518e+06,4.2341,2.7245,0
5.00,228,2.14737e+06,4.2339,2.7246,0
5.00,232,2.40749e+06,4.2336,2.7248,0
5.00,236,2.69890e+06,4.2332,2.7251,0
5.00,240,3.02487e+06,4.2329,2.7255,0
5.00,244,3.38840e+06,4.2326,2.7260,0
5.00,248,3.79502e+06,4.2322,2.7267,0
5.00,252,4.26020e+06,4.2318,2.7275,0
5.00,256,4.77937e+06,4.2314,2.7284,0
5.00,260,5.35512e+06,4.2310,2.7294,0
5.00,264,5.99054e+06,4.2306,2.7307,0
5.00,268,6.72165e+06,4.2301,2.7321,0
5.00,272,7.53844e+06,4.2296,2.7337,0
5.00,276,8.44841e+06,4.2291,2.7355,0
5.00,280,9.46638e+06,4.2285,2.7376,0
5.00,284,1.06072e+07,4.2278,2.7400,0
5.00,288,1.18845e+07,4.2271,2.7428,0
5.00,292,1.33099e+07,4.2263,2.7459,0
5.00,296,1.49256e+07,4.2255,2.7495,0
5.00,300,1.67225e+07,4.2247,2.7537,0
5.00,304,1.87456e+07,4.2237,2.7585,0
5.00,308,2.10058e+07,4.2227,2.7639,0
5.00,312,2.35395e+07,4.2216,2.7702,0
5.00,316,2.63768e+07,4.2203,2.7774,0
5.00,320,2.95539e+07,4.2189,2.7857,0
5.00,324,3.31110e+07,4.2172,2.7953,0
5.00,328,3.70956e+07,4.2153,2.8063,0
5.00,332,4.15477e+07,4.2130,2.8191,0
5.00,336,4.65215e+07,4.2102,2.8338,0
5.00,340,5.20659e+07,4.2066,2.8510,0
5.00,344,5.82297e+07,4.2018,2.8711,0
5.00,348,6.50303e+07,4.1954,2.8948,0
5.00,352,7.24394e+07,4.1864,2.9226,0
5.00,353,7.43756e+07,4.1837,2.9301,0
5.00,356,7.59945e+07,4.1812,2.9364,0
5.00,360,7.81736e+07,4.1776,2.9451,0
5.00,364,8.03681e+07,4.1737,2.9541,0
5.00,368,8.25641e+07,4.1693,2.9633,0
5.00,372,8.47453e+07,4.1645,2.9726,0
5.00,376,8.68920e+07,4.1592,2.9821,0
5.00,380,8.89850e+07,4.1534,2.9915,0
5.00,384,9.10103e+07,4.1472,3.0009,0
5.00,388,9.29666e+07,4.1406,3.0102,0
5.00,392,9.48537e+07,4.1336,3.0194,0
5.00,396,9.66794e+07,4.1265,3.0287,0
5.00,400,9.84966e+07,4.1194,3.0388,0
5.00,404,1.00453e+08,4.1143,3.0527,0
5.00,408,1.01671e+08,4.1191,3.0690,0
5.00,412,1.02041e+08,4.1272,3.0809,0
5.00,416,1.02207e+08,4.1356,3.0923,0
5.00,420,1.02295e+08,4.1438,3.1049,0
5.00,424,1.02344e+08,4.1515,3.1190,0
5.00,428,1.02374e+08,4.1579,3.1332,0
5.00,432,1.02392e+08,4.1606,3.1381,0
5.00,436,1.02403e+08,4.1580,3.1263,0
5.00,440,1.02412e+08,4.1519,3.1062,0
5.00,444,1.02422e+08,4.1441,3.0940,0
5.00,448,1.02434e+08,4.1359,3.0983,0
5.00,452,1.02448e+08,4.1282,3.1135,0
5.00,454,1.02455e+08,4.1244,3.1213,2
5.00,456,1.02470e+08,4.1173,3.1328,2
5.00,460,1.02504e+08,4.1025,3.1472,2
5.00,464,1.02544e+08,4.0872,3.1548,2
5.00,468,1.02587e+08,4.0715,3.1582,2
5.00,472,1.02629e+08,4.0557,3.1588,2
5.00,476,1.02669e+08,4.0396,3.1571,2
5.00,480,1.02706e+08,4.0234,3.1536,2
5.00,484,1.02739e+08,4.0071,3.1487,2
5.00,488,1.02769e+08,3.9906,3.1426,2
5.00,492,1.02796e+08,3.9742,3.1351,2
5.00,496,1.02819e+08,3.9577,3.1265,2
5.00,500,1.02840e+08,3.9411,3.1169,2
5.00,504,1.02859e+08,3.9245,3.1063,2
5.00,508,1.02875e+08,3.9080,3.0949,2
5.00,512,1.02890e+08,3.8914,3.0829,2
5.00,516,1.02903e+08,3.8748,3.0702,2
5.00,520,1.02915e+08,3.8582,3.0571,2
5.00,524,1.02925e+08,3.8417,3.0434,2
5.00,528,1.02935e+08,3.8251,3.0294,2
5.00,532,1.02944e+08,3.8085,3.0152,2
5.00,536,1.02952e+08,3.7920,3.0007,2
5.00,540,1.02959e+08,3.7754,2.9859,2
5.00,544,1.02966e+08,3.7589,2.9709,2
5.00,548,1.02972e+08,3.7424,2.9552,2
5.00,552,1.02979e+08,3.7260,2.9369,2
5.00,556,1.02987e+08,3.7103,2.9121,2
5.00,560,1.02999e+08,3.6971,2.8705,2
5.00,564,1.03013e+08,3.6845,2.8260,2
5.00,568,1.03030e+08,3.6691,2.8252,2
5.00,572,1.03041e+08,3.6584,2.8771,2
5.00,576,1.03050e+08,3.6503,2.9366,2
5.00,580,1.03061e+08,3.6431,2.9977,2
5.00,584,1.03080e+08,3.6363,3.0586,2
5.00,588,1.03115e+08,3.6299,3.1173,2
5.00,592,1.03154e+08,3.6238,3.1758,2
5.00,596,1.03194e+08,3.6179,3.2342,2
5.00,600,1.03236e+08,3.6125,3.2938,2
5.00,604,1.03295e+08,3.6077,3.3455,2
5.00,605,1.03342e+08,3.6073,3.3502,3
5.00,608,1.03383e+08,3.6074,3.3493,3
5.00,612,1.03472e+08,3.6080,3.3444,3
5.00,616,1.03590e+08,3.6086,3.3396,3
5.00,620,1.03710e+08,3.6092,3.3344,3
5.00,624,1.03835e+08,3.6098,3.3290,3
5.00,628,1.03950e+08,3.6104,3.3233,3
5.00,631,1.04038e+08,3.6109,3.3188,3
5.00,632,1.04301e+08,3.6125,3.3036,3
5.00,636,1.05131e+08,3.6193,3.2394,3
5.00,640,1.05797e+08,3.6262,3.1738,3
5.00,644,1.06480e+08,3.6334,3.1086,3
5.00,648,1.07400e+08,3.6416,3.0456,3
5.00,652,1.09397e+08,3.6547,3.0151,3
5.00,656,1.10533e+08,3.6670,3.0656,3
5.00,660,1.11074e+08,3.6792,3.1181,3
5.00,664,1.11652e+08,3.6938,3.1531,3
5.00,668,1.12186e+08,3.7105,3.1773,3
5.00,672,1.13252e+08,3.7176,3.1939,3
5.00,676,1.14212e+08,3.7180,3.2076,3
5.00,680,1.14728e+08,3.7071,3.2049,3
5.00,684,1.15200e+08,3.6900,3.1957,3
5.00,688,1.15978e+08,3.6765,3.1807,3
5.00,692,1.16455e+08,3.6624,3.1387,3
5.00,696,1.16815e+08,3.6591,3.1301,3
5.00,700,1.17363e+08,3.6450,3.1061,3
5.00,704,1.17610e+08,3.6350,3.1424,3
5.00,707,1.17641e+08,3.6301,3.1746,4
5.00,708,1.17646e+08,3.6288,3.1843,4
5.00,712,1.17660e+08,3.6230,3.2340,4
5.00,716,1.17681e+08,3.6227,3.2398,4
5.00,720,1.17727e+08,3.6259,3.2077,4
5.00,724,1.17766e+08,3.6195,3.2623,4
5.00,728,1.17809e+08,3.6134,3.3190,4
5.00,732,1.17867e+08,3.6075,3.3744,4
5.00,736,1.17941e+08,3.6018,3.4288,4
5.00,740,1.18022e+08,3.5961,3.4833,4
5.00,744,1.18098e+08,3.5903,3.5389,4
5.00,748,1.18164e+08,3.5844,3.5952,4
5.00,752,1.18221e+08,3.5784,3.6518,4
5.00,756,1.18270e+08,3.5725,3.7083,4
5.00,760,1.18313e+08,3.5665,3.7645,4
5.00,764,1.18351e+08,3.5605,3.8203,4
5.00,768,1.18384e+08,3.5546,3.8755,4
5.00,772,1.18414e+08,3.5487,3.9300,4
5.00,776,1.18441e+08,3.5430,3.9831,4
5.00,780,1.18459e+08,3.5395,4.0176,4
5.00,784,1.18468e+08,3.5380,4.0350,4
5.00,788,1.18473e+08,3.5375,4.0424,4
5.00,792,1.18475e+08,3.5366,4.0525,4
5.00,796,1.18483e+08,3.5339,4.0777,4
5.00,800,1.18491e+08,3.5305,4.1093,4
5.00,804,1.18501e+08,3.5265,4.1453,4
5.00,808,1.18512e+08,3.5213,4.1894,5
5.00,812,1.18514e+08,3.5222,4.1812,5
5.00,816,1.18523e+08,3.5180,4.2162,5
5.00,820,1.18537e+08,3.5146,4.2372,5
5.00,824,1.18542e+08,3.5184,4.1981,5
5.00,828,1.18545e+08,3.5228,4.1569,5
5.00,832,1.18548e+08,3.5251,4.1348,5
5.00,836,1.18550e+08,3.5206,4.1757,5
5.00,840,1.18553e+08,3.5160,4.2163,5
5.00,844,1.18559e+08,3.5113,4.2537,5
5.00,848,1.18567e+08,3.5064,4.2875,5
5.00,852,1.18572e+08,3.5024,4.3146,5
5.00,856,1.18573e+08,3.5057,4.2827,5
5.00,860,1.18573e+08,3.5103,4.2417,5
5.00,864,1.18573e+08,3.5057,4.2825,5
5.00,868,1.18574e+08,3.5009,4.3232,5
5.00,872,1.18576e+08,3.5005,4.3204,5
5.00,876,1.18576e+08,3.5050,4.2793,5
5.00,880,1.18576e+08,3.5020,4.3096,5
5.00,884,1.18576e+08,3.4974,4.3506,5
5.00,888,1.18576e+08,3.4946,4.3939,5
5.00,892,1.18576e+08,3.4957,4.4382,5
5.00,896,1.18576e+08,3.5015,4.4756,5
5.00,900,1.18576e+08,3.5099,4.4583,5
5.00,904,1.18576e+08,3.5112,4.4141,5
5.00,908,1.18576e+08,3.5104,4.3693,5
5.00,912,1.18576e+08,3.5111,4.3245,5
5.00,916,1.18576e+08,3.5129,4.2801,5
5.00,920,1.18577e+08,3.5116,4.2531,5
5.00,924,1.18577e+08,3.5051,4.2897,5
5.00,928,1.18577e+08,3.4993,4.3282,5
5.00,932,1.18580e+08,3.4959,4.3479,5
5.00,936,1.18580e+08,3.5003,4.3067,5
5.00,940,1.18580e+08,3.5009,4.3055,5
5.00,944,1.18580e+08,3.4963,4.3466,5
5.00,948,1.18580e+08,3.4938,4.3900,5
5.00,952,1.18580e+08,3.4949,4.4344,5
5.00,956,1.18580e+08,3.4994,4.4754,5
5.00,960,1.18580e+08,3.5081,4.5008,5
5.00,964,1.18580e+08,3.5157,4.4725,5
5.00,968,1.18580e+08,3.5170,4.4285,5
5.00,972,1.18581e+08,3.5147,4.3845,5
5.00,976,1.18581e+08,3.5127,4.3404,5
5.00,980,1.18581e+08,3.5134,4.2955,5
5.00,984,1.18581e+08,3.5104,4.2668,5
5.00,988,1.18581e+08,3.5031,4.3006,5
5.00,992,1.18582e+08,3.4967,4.3375,5
5.00,996,1.18585e+08,3.4915,4.3672,5
5.00,1000,1.18585e+08,3.4957,4.3259,5
5.00,1004,1.18585e+08,3.4981,4.3095,5
5.00,1008,1.18585e+08,3.4935,4.3505,5
5.00,1012,1.18585e+08,3.4915,4.3946,5
5.00,1016,1.18585e+08,3.4929,4.4390,5
5.00,1020,1.18585e+08,3.4977,4.4795,5
5.00,1024,1.18585e+08,3.5051,4.5132,5
5.00,1028,1.18585e+08,3.5152,4.5149,5
5.00,1032,1.18585e+08,3.5205,4.4766,5
5.00,1036,1.18585e+08,3.5198,4.4324,5
5.00,1040,1.18585e+08,3.5154,4.3911,5
5.00,1044,1.18585e+08,3.5125,4.3480,5
5.00,1048,1.18586e+08,3.5120,4.3030,5
5.00,1052,1.18586e+08,3.5053,4.2898,5
5.00,1056,1.18586e+08,3.4975,4.3223,5
5.00,1060,1.18587e+08,3.4914,4.3597,5
5.00,1064,1.18590e+08,3.4877,4.3670,5
5.00,1068,1.18590e+08,3.4908,4.3362,5
5.00,1072,1.18590e+08,3.4935,4.3191,5
5.00,1076,1.18590e+08,3.4893,4.3606,5
5.00,1080,1.18590e+08,3.4888,4.4054,5
5.00,1084,1.18590e+08,3.4908,4.4494,5
5.00,1088,1.18590e+08,3.4963,4.4885,5
5.00,1092,1.18590e+08,3.5039,4.5215,5
5.00,1096,1.18590e+08,3.5138,4.5382,5
5.00,1100,1.18590e+08,3.5215,4.5085,5
5.00,1104,1.18591e+08,3.5246,4.4656,5
5.00,1108,1.18591e+08,3.5212,4.4233,5
5.00,1112,1.18591e+08,3.5153,4.3850,5
5.00,1116,1.18591e+08,3.5111,4.3436,5
5.00,1120,1.18591e+08,3.5042,4.3092,5
5.00,1124,1.18591e+08,3.4951,4.3211,5
5.00,1128,1.18591e+08,3.4881,4.3560,5
5.00,1132,1.18594e+08,3.4847,4.3856,5
5.00,1136,1.18596e+08,3.4853,4.3750,5
5.00,1140,1.18596e+08,3.4854,4.3364,5
5.00,1144,1.18596e+08,3.4873,4.3290,5
5.00,1148,1.18596e+08,3.4845,4.3719,5
5.00,1152,1.18596e+08,3.4857,4.4166,5
5.00,1156,1.18596e+08,3.4890,4.4594,5
5.00,1160,1.18596e+08,3.4951,4.4969,5
5.00,1164,1.18596e+08,3.5032,4.5282,5
5.00,1168,1.18596e+08,3.5130,4.5481,5
5.00,1172,1.18596e+08,3.5218,4.5236,5
5.00,1176,1.18596e+08,3.5248,4.4811,5
5.00,1180,1.18596e+08,3.5213,4.4388,5
5.00,1184,1.18596e+08,3.5145,4.4030,5
5.00,1188,1.18596e+08,3.5086,4.3650,5
5.00,1192,1.18596e+08,3.5030,4.3263,5
5.00,1196,1.18596e+08,3.4932,4.3135,5
5.00,1200,1.18597e+08,3.4850,4.3441,5
5.00,1204,1.18598e+08,3.4786,4.3798,5
5.00,1208,1.18599e+08,3.4876,4.3964,5
5.00,1212,1.18601e+08,3.4821,4.3791,5
5.00,1216,1.18601e+08,3.4782,4.3634,5
5.00,1220,1.18601e+08,3.4779,4.3253,5
5.00,1224,1.18601e+08,3.4788,4.3320,5
5.00,1228,1.18601e+08,3.4778,4.3760,5
5.00,1232,1.18601e+08,3.4803,4.4198,5
5.00,1236,1.18601e+08,3.4847,4.4610,5
5.00,1240,1.18601e+08,3.4914,4.4969,5
5.00,1244,1.18601e+08,3.4994,4.5287,5
5.00,1248,1.18601e+08,3.5082,4.5554,5
5.00,1252,1.18601e+08,3.5182,4.5431,5
5.00,1256,1.18601e+08,3.5220,4.5018,5
5.00,1260,1.18601e+08,3.5193,4.4586,5
5.00,1264,1.18601e+08,3.5134,4.4204,5
5.00,1268,1.18601e+08,3.5082,4.3806,5
5.00,1272,1.18601e+08,3.5026,4.3417,5
5.00,1276,1.18601e+08,3.4931,4.3196,5
5.00,1280,1.18602e+08,3.4828,4.3262,5
5.00,1284,1.18602e+08,3.4737,4.3530,5
5.00,1288,1.18603e+08,3.4737,4.3822,5
5.00,1292,1.18604e+08,3.4835,4.3973,5
5.00,1296,1.18606e+08,3.4773,4.3840,5
5.00,1300,1.18606e+08,3.4721,4.3680,5
5.00,1304,1.18606e+08,3.4643,4.3355,5
5.00,1308,1.18606e+08,3.4614,4.3056,5
5.00,1312,1.18606e+08,3.4650,4.3144,5
5.00,1316,1.18606e+08,3.4673,4.3585,5
5.00,1320,1.18606e+08,3.4707,4.4012,5
5.00,1324,1.18606e+08,3.4762,4.4402,5
5.00,1328,1.18606e+08,3.4840,4.4726,5
5.00,1332,1.18606e+08,3.4926,4.5015,5
5.00,1336,1.18606e+08,3.4990,4.5384,5
5.00,1340,1.18606e+08,3.5078,4.5649,5
5.00,1344,1.18606e+08,3.5160,4.5487,5
5.00,1348,1.18606e+08,3.5158,4.5052,5
5.00,1352,1.18606e+08,3.5103,4.4663,5
5.00,1356,1.18606e+08,3.5020,4.4364,5
5.00,1360,1.18606e+08,3.4932,4.4121,5
5.00,1364,1.18607e+08,3.4865,4.3795,5
5.00,1368,1.18607e+08,3.4777,4.3514,5
5.00,1372,1.18607e+08,3.4695,4.3220,5
5.00,1376,1.18607e+08,3.4588,4.3205,5
5.00,1380,1.18607e+08,3.4497,4.3468,5
5.00,1384,1.18607e+08,3.4572,4.3654,5
5.00,1388,1.18608e+08,3.4678,4.3720,5
5.00,1392,1.18609e+08,3.4768,4.3724,5
5.00,1396,1.18609e+08,3.4867,4.3704,5
5.00,1400,1.18609e+08,3.4978,4.3696,5
5.00,1404,1.18609e+08,3.5090,4.3693,5
5.00,1408,1.18610e+08,3.5202,4.3690,5
5.00,1409,1.18610e+08,3.5230,4.3687,6
5.00,1412,1.18610e+08,3.5489,4.3686,6
5.00,1416,1.18610e+08,3.5834,4.3687,6
5.00,1420,1.18610e+08,3.6180,4.3678,6
5.00,1424,1.18610e+08,3.6527,4.3689,6
5.00,1428,1.18610e+08,3.6872,4.3696,6
5.00,1432,1.18610e+08,3.7214,4.3694,6
5.00,1436,1.18610e+08,3.7561,4.3673,6
5.00,1440,1.18610e+08,3.7908,4.3660,6
5.00,1444,1.18610e+08,3.8255,4.3646,6
5.00,1448,1.18610e+08,3.8602,4.3633,6
5.00,1452,1.18610e+08,3.8949,4.3619,6
5.00,1456,1.18610e+08,3.9296,4.3606,6
5.00,1460,1.18610e+08,3.9643,4.3592,6
5.00,1464,1.18610e+08,3.9990,4.3579,6
5.00,1468,1.18610e+08,4.0337,4.3565,6
5.00,1472,1.18610e+08,4.0684,4.3551,6
5.00,1476,1.18610e+08,4.1031,4.3538,6
5.00,1480,1.18610e+08,4.1378,4.3524,6
5.00,1484,1.18610e+08,4.1724,4.3511,6
5.00,1488,1.18610e+08,4.2071,4.3497,6
5.00,1492,1.18610e+08,4.2418,4.3484,6
5.00,1496,1.18610e+08,4.2765,4.3470,6
5.00,1500,1.18610e+08,4.3112,4.3457,6
5.00,1504,1.18610e+08,4.3459,4.3443,6
5.00,1508,1.18610e+08,4.3806,4.3430,6
5.00,1512,1.18610e+08,4.4153,4.3416,6
5.00,1516,1.18610e+08,4.4500,4.3403,6
5.00,1520,1.18610e+08,4.4847,4.3389,6
5.00,1524,1.18610e+08,4.5194,4.3375,6
5.00,1528,1.18610e+08,4.5541,4.3362,6
5.00,1532,1.18610e+08,4.5888,4.3348,6
5.00,1536,1.18610e+08,4.6235,4.3335,6
5.00,1540,1.18610e+08,4.6582,4.3321,6
5.00,1544,1.18610e+08,4.6929,4.3308,6
5.00,1548,1.18610e+08,4.7276,4.3294,6
5.00,1552,1.18610e+08,4.7623,4.3281,6
5.00,1556,1.18610e+08,4.7970,4.3267,6
5.00,1560,1.18610e+08,4.8316,4.3254,6
5.00,1564,1.18610e+08,4.8663,4.3240,6
5.00,1568,1.18610e+08,4.9010,4.3227,6
5.00,1572,1.18610e+08,4.9357,4.3213,6
5.00,1576,1.18610e+08,4.9704,4.3199,6
5.00,1580,1.18610e+08,5.0051,4.3186,6
5.00,1584,1.18610e+08,5.0398,4.3172,6
5.00,1588,1.18610e+08,5.0745,4.3159,6
5.00,1592,1.18610e+08,5.1092,4.3145,6
5.00,1596,1.18610e+08,5.1439,4.3132,6
5.00,1600,1.18610e+08,5.1786,4.3118,6
5.00,1604,1.18610e+08,5.2133,4.3105,6
5.00,1608,1.18610e+08,5.2480,4.3091,6
5.00,1612,1.18610e+08,5.2827,4.3078,6
5.00,1616,1.18610e+08,5.3174,4.3064,6
5.00,1620,1.18610e+08,5.3521,4.3035,6
5.00,1624,1.18610e+08,5.3866,4.2918,6
5.00,1628,1.18610e+08,5.4211,4.2763,6
5.00,1632,1.18610e+08,5.4553,4.2540,6
5.00,1636,1.18610e+08,5.4889,4.2193,6
5.00,1640,1.18610e+08,5.5200,4.1592,6
5.00,1644,1.18610e+08,5.5399,4.0491,6
5.00,1648,1.18610e+08,5.5379,3.9121,6
5.00,1652,1.18610e+08,5.5247,3.7839,6
5.00,1656,1.18610e+08,5.5074,3.6636,6
5.00,1660,1.18610e+08,5.4881,3.5484,6
5.00,1664,1.18610e+08,5.4677,3.4363,6
5.00,1668,1.18610e+08,5.4465,3.3263,6
5.00,1672,1.18610e+08,5.4249,3.2176,6
5.00,1676,1.18610e+08,5.4032,3.1095,6
5.00,1680,1.18610e+08,5.3814,3.0013,6
5.00,1684,1.18610e+08,5.3600,2.8922,6
5.00,1688,1.18611e+08,5.3391,2.7813,6
5.00,1692,1.18613e+08,5.3187,2.6690,6
5.00,1696,1.18616e+08,5.2988,2.5556,6
5.00,1700,1.18622e+08,5.2791,2.4413,6
5.00,1704,1.18630e+08,5.2594,2.3271,6
5.00,1708,1.18640e+08,5.2394,2.2139,6
5.00,1710,1.18646e+08,5.2292,2.1578,6
9.00,1,2.57732e+02,3.6111,3.5606,-1
9.00,4,2.91260e+02,3.6120,3.5523,-1
9.00,8,3.42240e+02,3.6154,3.5487,-1
9.00,12,4.02494e+02,3.6175,3.5373,-1
9.00,16,4.73386e+02,3.6190,3.5216,-1
9.00,20,5.56732e+02,3.6207,3.5046,-1
9.00,24,6.54562e+02,3.6225,3.4858,-1
9.00,28,7.69512e+02,3.6244,3.4653,-1
9.00,32,9.04402e+02,3.6265,3.4430,-1
9.00,36,1.06271e+03,3.6287,3.4190,-1
9.00,40,1.24839e+03,3.6312,3.3937,-1
9.00,44,1.46618e+03,3.6336,3.3666,-1
9.00,48,1.72147e+03,3.6363,3.3381,-1
9.00,52,2.02069e+03,3.6390,3.3085,-1
9.00,56,2.37142e+03,3.6418,3.2779,-1
9.00,60,2.78258e+03,3.6447,3.2467,-1
9.00,64,3.26433e+03,3.6477,3.2148,-1
9.00,68,3.82901e+03,3.6507,3.1826,-1
9.00,72,4.49071e+03,3.6538,3.1504,-1
9.00,76,5.26649e+03,3.6569,3.1186,-1
9.00,80,6.17610e+03,3.6601,3.0878,-1
9.00,84,7.24325e+03,3.6633,3.0582,-1
9.00,88,8.49587e+03,3.6665,3.0309,-1
9.00,92,9.96630e+03,3.6698,3.0067,-1
9.00,96,1.16942e+04,3.6732,2.9873,-1
9.00,100,1.37259e+04,3.6766,2.9755,-1
9.00,104,1.61139e+04,3.6803,2.9757,-1
9.00,108,1.89007e+04,3.6842,2.9933,-1
9.00,112,2.21039e+04,3.6889,3.0318,-1
9.00,116,2.57310e+04,3.6954,3.0863,-1
9.00,120,2.98486e+04,3.7056,3.1428,-1
9.00,124,3.42821e+04,3.7251,3.1920,-1
9.00,128,3.86923e+04,3.7559,3.2199,-1
9.00,132,4.34595e+04,3.7891,3.2298,-1
9.00,136,4.88785e+04,3.8216,3.2288,-1
9.00,140,5.50225e+04,3.8536,3.2304,-1
9.00,144,6.16745e+04,3.8865,3.2503,-1
9.00,148,6.84232e+04,3.9213,3.2920,-1
9.00,152,7.51757e+04,3.9575,3.3472,-1
9.00,156,8.18416e+04,3.9951,3.4107,-1
9.00,160,8.84539e+04,4.0338,3.4772,-1
9.00,164,9.50481e+04,4.0737,3.5434,-1
9.00,168,1.01762e+05,4.1145,3.6051,-1
9.00,172,1.08684e+05,4.1563,3.6604,-1
9.00,176,1.15979e+05,4.1988,3.7072,-1
9.00,180,1.23725e+05,4.2419,3.7455,-1
9.00,184,1.32205e+05,4.2852,3.7725,-1
9.00,188,1.42182e+05,4.3280,3.7829,-1
9.00,192,1.57338e+05,4.3552,3.7099,-1
9.00,196,1.78683e+05,4.3584,3.6270,-1
9.00,200,1.97023e+05,4.3932,3.6873,-1
9.00,202,2.11339e+05,4.3995,3.6581,0
9.00,204,2.12371e+05,4.3828,3.6211,0
9.00,208,2.35933e+05,4.3831,3.5991,0
9.00,212,2.67206e+05,4.3821,3.5925,0
9.00,216,3.02808e+05,4.3818,3.5921,0
9.00,220,3.43119e+05,4.3815,3.5920,0
9.00,224,3.88651e+05,4.3812,3.5919,0
9.00,228,4.40564e+05,4.3809,3.5919,0
9.00,232,4.98983e+05,4.3806,3.5921,0
9.00,236,5.65027e+05,4.3802,3.5923,0
9.00,240,6.39926e+05,4.3798,3.5927,0
9.00,244,7.25016e+05,4.3794,3.5931,0
9.00,248,8.21729e+05,4.3790,3.5937,0
9.00,252,9.31583e+05,4.3786,3.5944,0
9.00,256,1.05616e+06,4.3781,3.5953,0
9.00,260,1.19706e+06,4.3777,3.5963,0
9.00,264,1.35569e+06,4.3773,3.5974,0
9.00,268,1.53427e+06,4.3768,3.5988,0
9.00,272,1.73620e+06,4.3764,3.6004,0
9.00,276,1.96637e+06,4.3760,3.6022,0
9.00,280,2.22786e+06,4.3755,3.6043,0
9.00,284,2.52305e+06,4.3751,3.6068,0
9.00,288,2.85948e+06,4.3746,3.6096,0
9.00,292,3.24095e+06,4.3742,3.6129,0
9.00,296,3.67126e+06,4.3737,3.6166,0
9.00,300,4.15476e+06,4.3732,3.6208,0
9.00,304,4.70937e+06,4.3726,3.6257,0
9.00,308,5.33330e+06,4.3718,3.6311,0
9.00,312,6.04033e+06,4.3708,3.6375,0
9.00,316,6.84000e+06,4.3697,3.6449,0
9.00,320,7.74728e+06,4.3686,3.6536,0
9.00,324,8.77294e+06,4.3672,3.6637,0
9.00,328,9.93289e+06,4.3657,3.6755,0
9.00,332,1.12451e+07,4.3638,3.6893,0
9.00,336,1.27262e+07,4.3615,3.7056,0
9.00,340,1.43976e+07,4.3584,3.7248,0
9.00,344,1.62751e+07,4.3543,3.7477,0
9.00,348,1.83716e+07,4.3485,3.7754,0
9.00,352,2.06809e+07,4.3399,3.8087,0
9.00,353,2.12876e+07,4.3372,3.8179,0
9.00,356,2.16900e+07,4.3352,3.8241,0
9.00,360,2.22315e+07,4.3325,3.8327,0
9.00,364,2.27771e+07,4.3294,3.8415,0
9.00,368,2.33248e+07,4.3261,3.8506,0
9.00,372,2.38717e+07,4.3224,3.8599,0
9.00,376,2.44147e+07,4.3184,3.8695,0
9.00,380,2.49498e+07,4.3140,3.8792,0
9.00,384,2.54732e+07,4.3093,3.8891,0
9.00,388,2.59815e+07,4.3041,3.8990,0
9.00,392,2.64735e+07,4.2987,3.9090,0
9.00,396,2.69478e+07,4.2929,3.9188,0
9.00,400,2.74056e+07,4.2870,3.9287,0
9.00,404,2.78488e+07,4.2809,3.9385,0
9.00,408,2.82851e+07,4.2748,3.9488,0
9.00,412,2.87350e+07,4.2693,3.9604,0
9.00,416,2.91789e+07,4.2685,3.9749,0
9.00,420,2.93579e+07,4.2746,3.9848,0
9.00,424,2.94286e+07,4.2816,3.9925,0
9.00,428,2.94641e+07,4.2888,4.0003,0
9.00,432,2.94842e+07,4.2957,4.0092,0
9.00,436,2.94958e+07,4.3020,4.0196,0
9.00,440,2.95027e+07,4.3070,4.0301,0
9.00,444,2.95067e+07,4.3098,4.0364,0
9.00,448,2.95094e+07,4.3093,4.0329,0
9.00,452,2.95119e+07,4.3051,4.0185,0
9.00,454,2.95130e+07,4.3023,4.0111,2
9.00,456,2.95159e+07,4.2936,3.9968,2
9.00,460,2.95217e+07,4.2740,3.9994,2
9.00,464,2.95274e+07,4.2541,4.0205,2
9.00,468,2.95333e+07,4.2336,4.0370,2
9.00,472,2.95393e+07,4.2126,4.0468,2
9.00,476,2.95450e+07,4.1912,4.0523,2
9.00,480,2.95504e+07,4.1697,4.0545,2
9.00,484,2.95554e+07,4.1479,4.0545,2
9.00,488,2.95600e+07,4.1260,4.0524,2
9.00,492,2.95641e+07,4.1041,4.0487,2
9.00,496,2.95679e+07,4.0820,4.0438,2
9.00,500,2.95712e+07,4.0600,4.0375,2
9.00,504,2.95743e+07,4.0378,4.0303,2
9.00,508,2.95770e+07,4.0157,4.0222,2
9.00,512,2.95795e+07,3.9935,4.0134,2
9.00,516,2.95817e+07,3.9714,4.0039,2
9.00,520,2.95837e+07,3.9492,3.9939,2
9.00,524,2.95855e+07,3.9270,3.9833,2
9.00,528,2.95872e+07,3.9049,3.9723,2
9.00,532,2.95887e+07,3.8827,3.9610,2
9.00,536,2.95900e+07,3.8605,3.9493,2
9.00,540,2.95912e+07,3.8384,3.9373,2
9.00,544,2.95923e+07,3.8162,3.9249,2
9.00,548,2.95933e+07,3.7941,3.9119,2
9.00,552,2.95941e+07,3.7719,3.8983,2
9.00,556,2.95949e+07,3.7498,3.8838,2
9.00,560,2.95956e+07,3.7278,3.8680,2
9.00,564,2.95963e+07,3.7059,3.8504,2
9.00,568,2.95970e+07,3.6841,3.8290,2
9.00,572,2.95978e+07,3.6634,3.7954,2
9.00,576,2.95993e+07,3.6462,3.7397,2
9.00,580,2.96013e+07,3.6269,3.7211,2
9.00,584,2.96023e+07,3.6135,3.7920,2
9.00,588,2.96029e+07,3.6033,3.8718,2
9.00,592,2.96036e+07,3.5939,3.9531,2
9.00,596,2.96047e+07,3.5848,4.0349,2
9.00,600,2.96110e+07,3.5761,4.1130,2
9.00,604,2.96273e+07,3.5683,4.1872,2
9.00,605,2.96491e+07,3.5672,4.1991,3
9.00,608,2.96618e+07,3.5673,4.1981,3
9.00,612,2.96821e+07,3.5676,4.1956,3
9.00,616,2.97036e+07,3.5680,4.1928,3
9.00,620,2.97264e+07,3.5684,4.1899,3
9.00,624,2.97496e+07,3.5688,4.1869,3
9.00,628,2.97719e+07,3.5692,4.1838,3
9.00,631,2.97884e+07,3.5695,4.1813,3
9.00,632,3.00003e+07,3.5738,4.1456,3
9.00,636,3.08109e+07,3.5930,3.9995,3
9.00,640,3.15078e+07,3.6219,4.0705,3
9.00,644,3.15217e+07,3.6609,4.1258,3
9.00,648,3.15262e+07,3.7033,4.1376,3
9.00,652,3.15317e+07,3.7457,4.1455,3
9.00,656,3.15401e+07,3.7882,4.1502,3
9.00,660,3.15548e+07,3.8307,4.1508,3
9.00,664,3.16229e+07,3.8731,4.1565,3
9.00,668,3.17746e+07,3.9153,4.1732,3
9.00,672,3.23066e+07,3.9242,4.1946,3
9.00,676,3.24953e+07,3.8820,4.1861,3
9.00,680,3.26183e+07,3.8397,4.1778,3
9.00,684,3.26653e+07,3.7974,4.1652,3
9.00,688,3.26883e+07,3.7550,4.1526,3
9.00,692,3.27027e+07,3.7127,4.1387,3
9.00,696,3.27125e+07,3.6704,4.1214,3
9.00,700,3.27227e+07,3.6295,4.0795,3
9.00,704,3.27411e+07,3.5967,4.0227,3
9.00,707,3.27844e+07,3.5827,4.0972,4
9.00,708,3.27854e+07,3.5819,4.1021,4
9.00,712,3.27887e+07,3.5783,4.1289,4
9.00,716,3.27941e+07,3.5773,4.1390,4
9.00,720,3.28011e+07,3.5791,4.1212,4
9.00,724,3.28067e+07,3.5751,4.1509,4
9.00,728,3.28107e+07,3.5708,4.1865,4
9.00,732,3.28150e+07,3.5666,4.2218,4
9.00,736,3.28202e+07,3.5626,4.2558,4
9.00,740,3.28261e+07,3.5588,4.2884,4
9.00,744,3.28327e+07,3.5553,4.3193,4
9.00,748,3.28396e+07,3.5519,4.3485,4
9.00,752,3.28467e+07,3.5488,4.3758,4
9.00,756,3.28538e+07,3.5458,4.4010,4
9.00,760,3.28604e+07,3.5431,4.4236,4
9.00,764,3.28664e+07,3.5408,4.4435,4
9.00,768,3.28715e+07,3.5386,4.4604,4
9.00,772,3.28757e+07,3.5369,4.4744,4
9.00,776,3.28792e+07,3.5355,4.4855,4
9.00,780,3.28819e+07,3.5344,4.4937,4
9.00,784,3.28841e+07,3.5335,4.4995,4
9.00,788,3.28854e+07,3.5333,4.5007,4
9.00,792,3.28855e+07,3.5333,4.5004,4
9.00,796,3.28857e+07,3.5333,4.5009,4
9.00,800,3.28873e+07,3.5308,4.5223,4
9.00,804,3.28952e+07,3.5269,4.5494,4
9.00,808,3.28991e+07,3.5262,4.5514,5
15.00,1,1.85355e+02,3.6090,3.9579,-1
15.00,4,2.07553e+02,3.6097,3.9500,-1
15.00,8,2.41215e+02,3.6109,3.9385,-1
15.00,12,2.80345e+02,3.6121,3.9258,-1
15.00,16,3.25756e+02,3.6135,3.9118,-1
15.00,20,3.78453e+02,3.6149,3.8965,-1
15.00,24,4.39624e+02,3.6166,3.8798,-1
15.00,28,5.10658e+02,3.6183,3.8618,-1
15.00,32,5.92965e+02,3.6202,3.8423,-1
15.00,36,6.88491e+02,3.6222,3.8221,-1
15.00,40,7.99190e+02,3.6243,3.8004,-1
15.00,44,9.27531e+02,3.6266,3.7781,-1
15.00,48,1.07628e+03,3.6289,3.7552,-1
15.00,52,1.24868e+03,3.6313,3.7321,-1
15.00,56,1.44865e+03,3.6338,3.7094,-1
15.00,60,1.68038e+03,3.6363,3.6874,-1
15.00,64,1.94929e+03,3.6389,3.6669,-1
15.00,68,2.26107e+03,3.6416,3.6486,-1
15.00,72,2.62297e+03,3.6443,3.6342,-1
15.00,76,3.04290e+03,3.6470,3.6260,-1
15.00,80,3.52895e+03,3.6498,3.6276,-1
15.00,84,4.08768e+03,3.6526,3.6465,-1
15.00,88,4.70990e+03,3.6554,3.6953,-1
15.00,92,5.35631e+03,3.6587,3.7827,-1
15.00,96,6.03412e+03,3.6641,3.8866,-1
15.00,100,6.72024e+03,3.6841,3.9746,-1
15.00,104,7.41009e+03,3.7161,4.0159,-1
15.00,108,8.14070e+03,3.7507,4.0339,-1
15.00,112,8.97344e+03,3.7846,4.0314,-1
15.00,116,9.91758e+03,3.8175,4.0243,-1
15.00,120,1.09854e+04,3.8497,4.0225,-1
15.00,124,1.21479e+04,3.8821,4.0331,-1
15.00,128,1.34127e+04,3.9149,4.0452,-1
15.00,132,1.48097e+04,3.9476,4.0544,-1
15.00,136,1.63433e+04,3.9801,4.0685,-1
15.00,140,1.79846e+04,4.0129,4.0949,-1
15.00,144,1.96764e+04,4.0464,4.1347,-1
15.00,148,2.14006e+04,4.0808,4.1828,-1
15.00,152,2.31603e+04,4.1160,4.2337,-1
15.00,156,2.49710e+04,4.1521,4.2832,-1
15.00,160,2.68559e+04,4.1891,4.3282,-1
15.00,164,2.88435e+04,4.2268,4.3668,-1
15.00,168,3.09670e+04,4.2649,4.3985,-1
15.00,172,3.32651e+04,4.3032,4.4231,-1
15.00,176,3.57874e+04,4.3415,4.4407,-1
15.00,180,3.86037e+04,4.3795,4.4511,-1
15.00,184,4.18323e+04,4.4167,4.4538,-1
15.00,188,4.59456e+04,4.4512,4.4383,-1
15.00,192,5.19462e+04,4.4626,4.3514,-1
15.00,196,5.93964e+04,4.4739,4.3168,-1
15.00,200,6.65298e+04,4.5012,4.3462,-1
15.00,202,7.14367e+04,4.5043,4.3230,0
15.00,204,7.20670e+04,4.4876,4.2893,0
15.00,208,8.12500e+04,4.4903,4.2765,0
15.00,212,9.25451e+04,4.4903,4.2725,0
15.00,216,1.05413e+05,4.4900,4.2714,0
15.00,220,1.20060e+05,4.4897,4.2713,0
15.00,224,1.36726e+05,4.4894,4.2714,0
15.00,228,1.55736e+05,4.4891,4.2717,0
15.00,232,1.77325e+05,4.4887,4.2720,0
15.00,236,2.02017e+05,4.4884,4.2724,0
15.00,240,2.30041e+05,4.4880,4.2728,0
15.00,244,2.62000e+05,4.4876,4.2732,0
15.00,248,2.98412e+05,4.4871,4.2738,0
15.00,252,3.39859e+05,4.4867,4.2745,0
15.00,256,3.87056e+05,4.4863,4.2754,0
15.00,260,4.40829e+05,4.4858,4.2763,0
15.00,264,5.02033e+05,4.4853,4.2774,0
15.00,268,5.71791e+05,4.4849,4.2787,0
15.00,272,6.51213e+05,4.4844,4.2802,0
15.00,276,7.41681e+05,4.4839,4.2820,0
15.00,280,8.44718e+05,4.4834,4.2840,0
15.00,284,9.62055e+05,4.4829,4.2863,0
15.00,288,1.09568e+06,4.4823,4.2889,0
15.00,292,1.24785e+06,4.4817,4.2919,0
15.00,296,1.42116e+06,4.4810,4.2953,0
15.00,300,1.61851e+06,4.4803,4.2994,0
15.00,304,1.84324e+06,4.4795,4.3040,0
15.00,308,2.09913e+06,4.4787,4.3094,0
15.00,312,2.39047e+06,4.4779,4.3156,0
15.00,316,2.72212e+06,4.4769,4.3229,0
15.00,320,3.09962e+06,4.4759,4.3314,0
15.00,324,3.52917e+06,4.4746,4.3413,0
15.00,328,4.01776e+06,4.4731,4.3529,0
15.00,332,4.57318e+06,4.4713,4.3665,0
15.00,336,5.20397e+06,4.4689,4.3824,0
15.00,340,5.91917e+06,4.4658,4.4013,0
15.00,344,6.72749e+06,4.4614,4.4238,0
15.00,348,7.63513e+06,4.4552,4.4509,0
15.00,352,8.64003e+06,4.4459,4.4834,0
15.00,353,8.90488e+06,4.4430,4.4924,0
15.00,356,9.08237e+06,4.4409,4.4985,0
15.00,360,9.32146e+06,4.4378,4.5069,0
15.00,364,9.56260e+06,4.4345,4.5156,0
15.00,368,9.80466e+06,4.4308,4.5245,0
15.00,372,1.00464e+07,4.4268,4.5337,0
15.00,376,1.02863e+07,4.4224,4.5430,0
15.00,380,1.05226e+07,4.4176,4.5525,0
15.00,384,1.07534e+07,4.4124,4.5621,0
15.00,388,1.09858e+07,4.4071,4.5718,0
15.00,392,1.12223e+07,4.4018,4.5808,0
15.00,396,1.14419e+07,4.3957,4.5894,0
15.00,400,1.16496e+07,4.3893,4.5978,0
15.00,404,1.18468e+07,4.3826,4.6060,0
15.00,408,1.20354e+07,4.3757,4.6142,0
15.00,412,1.22188e+07,4.3688,4.6226,0
15.00,416,1.24058e+07,4.3622,4.6319,0
15.00,420,1.26055e+07,4.3595,4.6438,0
15.00,424,1.26909e+07,4.3657,4.6520,0
15.00,428,1.27210e+07,4.3732,4.6578,0
15.00,432,1.27356e+07,4.3808,4.6637,0
15.00,436,1.27436e+07,4.3882,4.6708,0
15.00,440,1.27481e+07,4.3950,4.6793,0
15.00,444,1.27506e+07,4.4008,4.6886,0
15.00,448,1.27520e+07,4.4054,4.6970,0
15.00,452,1.27532e+07,4.4081,4.7011,0
15.00,454,1.27539e+07,4.4077,4.6981,2
15.00,456,1.27542e+07,4.4071,4.6959,2
15.00,460,1.27548e+07,4.4054,4.6906,2
15.00,464,1.27553e+07,4.4031,4.6852,2
15.00,468,1.27558e+07,4.4006,4.6800,2
15.00,472,1.27563e+07,4.3979,4.6753,2
15.00,476,1.27567e+07,4.3950,4.6711,2
15.00,480,1.27571e+07,4.3919,4.6676,2
15.00,484,1.27575e+07,4.3887,4.6647,2
15.00,488,1.27578e+07,4.3854,4.6624,2
15.00,492,1.27582e+07,4.3821,4.6608,2
15.00,496,1.27585e+07,4.3787,4.6599,2
15.00,500,1.27588e+07,4.3753,4.6604,2
15.00,504,1.27591e+07,4.3719,4.6616,2
15.00,508,1.27594e+07,4.3685,4.6638,2
15.00,512,1.27597e+07,4.3651,4.6665,2
15.00,516,1.27600e+07,4.3618,4.6703,2
15.00,520,1.27603e+07,4.3585,4.6739,2
15.00,524,1.27606e+07,4.3551,4.6780,2
15.00,528,1.27609e+07,4.3518,4.6821,2
15.00,532,1.27613e+07,4.3486,4.6863,2
15.00,536,1.27616e+07,4.3453,4.6907,2
15.00,540,1.27619e+07,4.3420,4.6945,2
15.00,544,1.27622e+07,4.3387,4.6984,2
15.00,548,1.27626e+07,4.3354,4.7021,2
15.00,552,1.27629e+07,4.3321,4.7055,2
15.00,556,1.27633e+07,4.3288,4.7088,2
15.00,560,1.27636e+07,4.3255,4.7121,2
15.00,564,1.27640e+07,4.3222,4.7151,2
15.00,568,1.27644e+07,4.3189,4.7179,2
15.00,572,1.27648e+07,4.3156,4.7204,2
15.00,576,1.27652e+07,4.3123,4.7225,2
15.00,580,1.27656e+07,4.3089,4.7245,2
15.00,584,1.27660e+07,4.3056,4.7261,2
15.00,588,1.27663e+07,4.3022,4.7272,2
15.00,592,1.27667e+07,4.2988,4.7282,2
15.00,596,1.27671e+07,4.2954,4.7288,2
15.00,600,1.27675e+07,4.2920,4.7292,2
15.00,604,1.27679e+07,4.2885,4.7293,2
15.00,605,1.27680e+07,4.2877,4.7294,3
15.00,608,1.27747e+07,4.2051,4.7248,3
15.00,612,1.27807e+07,4.0914,4.7156,3
15.00,616,1.27848e+07,3.9766,4.7115,3
15.00,620,1.27880e+07,3.8618,4.7142,3
15.00,624,1.27910e+07,3.7469,4.7082,3
15.00,628,1.27937e+07,3.6324,4.6756,3
15.00,631,1.28219e+07,3.5605,4.6982,3
15.00,632,1.28428e+07,3.5599,4.7013,3
15.00,636,1.29459e+07,3.5580,4.7140,3
15.00,640,1.30596e+07,3.5562,4.7262,3
15.00,644,1.31802e+07,3.5544,4.7379,3
15.00,648,1.33040e+07,3.5526,4.7492,3
15.00,652,1.34321e+07,3.5508,4.7598,3
15.00,656,1.35591e+07,3.5490,4.7698,3
15.00,660,1.36790e+07,3.5472,4.7793,3
15.00,664,1.37852e+07,3.5454,4.7887,3
15.00,668,1.38801e+07,3.5436,4.7979,3
15.00,672,1.39578e+07,3.5419,4.8071,3
15.00,676,1.40212e+07,3.5402,4.8164,3
15.00,680,1.40690e+07,3.5387,4.8256,3
15.00,684,1.41031e+07,3.5373,4.8350,3
15.00,688,1.41235e+07,3.5360,4.8440,3
15.00,692,1.41345e+07,3.5348,4.8531,3
15.00,696,1.41407e+07,3.5338,4.8617,3
15.00,700,1.41441e+07,3.5329,4.8694,3
15.00,704,1.41459e+07,3.5321,4.8759,3
15.00,707,1.41468e+07,3.5316,4.8801,4
15.00,708,1.41471e+07,3.5314,4.8820,4
15.00,712,1.41481e+07,3.5304,4.8909,4
15.00,716,1.41491e+07,3.5291,4.9037,4
15.00,720,1.41501e+07,3.5277,4.9174,4
15.00,724,1.41514e+07,3.5265,4.9302,4
15.00,728,1.41532e+07,3.5264,4.9316,4
15.00,732,1.41550e+07,3.5274,4.9214,4
15.00,736,1.41568e+07,3.5284,4.9104,4
15.00,740,1.41586e+07,3.5291,4.9029,4
15.00,744,1.41605e+07,3.5291,4.9018,4
15.00,748,1.41621e+07,3.5285,4.9077,4
15.00,752,1.41636e+07,3.5274,4.9178,4
15.00,756,1.41648e+07,3.5260,4.9312,4
15.00,760,1.41659e+07,3.5246,4.9450,4
15.00,764,1.41669e+07,3.5233,4.9581,4
15.00,768,1.41678e+07,3.5223,4.9693,4
15.00,772,1.41686e+07,3.5214,4.9787,4
15.00,776,1.41693e+07,3.5207,4.9862,4
15.00,780,1.41699e+07,3.5201,4.9920,4
15.00,784,1.41704e+07,3.5197,4.9965,4
15.00,788,1.41707e+07,3.5194,4.9998,4
15.00,792,1.41710e+07,3.5198,4.9955,4
15.00,796,1.41714e+07,3.5189,5.0048,4
15.00,800,1.41723e+07,3.5189,5.0041,4
15.00,804,1.41724e+07,3.5188,5.0057,4
15.00,808,1.41725e+07,3.5187,5.0064,5
30.00,1,1.36870e+02,3.6123,4.4406,-1
30.00,4,1.52881e+02,3.6131,4.4335,-1
30.00,8,1.77124e+02,3.6142,4.4234,-1
30.00,12,2.05153e+02,3.6154,4.4126,-1
30.00,16,2.37617e+02,3.6167,4.4010,-1
30.00,20,2.75225e+02,3.6182,4.3888,-1
30.00,24,3.18733e+02,3.6197,4.3764,-1
30.00,28,3.69065e+02,3.6214,4.3640,-1
30.00,32,4.27290e+02,3.6232,4.3522,-1
30.00,36,4.94661e+02,3.6250,4.3417,-1
30.00,40,5.72591e+02,3.6269,4.3335,-1
30.00,44,6.62696e+02,3.6289,4.3294,-1
30.00,48,7.66678e+02,3.6309,4.3319,-1
30.00,52,8.86299e+02,3.6329,4.3454,-1
30.00,56,1.02214e+03,3.6347,4.3763,-1
30.00,60,1.17180e+03,3.6362,4.4331,-1
30.00,64,1.32936e+03,3.6372,4.5179,-1
30.00,68,1.46875e+03,3.6440,4.6425,-1
30.00,72,1.62454e+03,3.6581,4.7538,-1
30.00,76,1.78701e+03,3.6783,4.8559,-1
30.00,80,1.95226e+03,3.7039,4.9470,-1
30.00,84,2.11132e+03,3.7365,5.0139,-1
30.00,88,2.25214e+03,3.7753,5.0455,-1
30.00,92,2.38110e+03,3.8165,5.0471,-1
30.00,96,2.51780e+03,3.8576,5.0289,-1
30.00,100,2.68170e+03,3.8972,5.0005,-1
30.00,104,2.88572e+03,3.9349,4.9699,-1
30.00,108,3.13999e+03,3.9700,4.9395,-1
30.00,112,3.45225e+03,4.0024,4.9151,-1
30.00,116,3.82150e+03,4.0330,4.9078,-1
30.00,120,4.23347e+03,4.0631,4.9216,-1
30.00,124,4.67718e+03,4.0934,4.9487,-1
30.00,128,5.15068e+03,4.1241,4.9830,-1
30.00,132,5.65215e+03,4.1555,5.0215,-1
30.00,136,6.18143e+03,4.1877,5.0612,-1
30.00,140,6.73969e+03,4.2210,5.0982,-1
30.00,144,7.33012e+03,4.2552,5.1298,-1
30.00,148,7.95419e+03,4.2904,5.1546,-1
30.00,152,8.62111e+03,4.3262,5.1730,-1
30.00,156,9.34704e+03,4.3621,5.1859,-1
30.00,160,1.01467e+04,4.3978,5.1943,-1
30.00,164,1.10361e+04,4.4332,5.1989,-1
30.00,168,1.20353e+04,4.4680,5.1999,-1
30.00,172,1.31709e+04,4.5019,5.1979,-1
30.00,176,1.44986e+04,4.5346,5.1923,-1
30.00,180,1.62431e+04,4.5616,5.1712,-1
30.00,184,1.85993e+04,4.5736,5.1206,-1
30.00,188,2.13659e+04,4.5854,5.0953,-1
30.00,192,2.41489e+04,4.6085,5.1091,-1
30.00,196,2.64229e+04,4.5996,5.0711,-1
30.00,200,3.03095e+04,4.6064,5.0686,-1
30.00,202,3.26287e+04,4.6066,5.0654,0
30.00,204,3.48040e+04,4.6065,5.0641,0
30.00,208,3.95989e+04,4.6063,5.0636,0
30.00,212,4.50543e+04,4.6060,5.0636,0
30.00,216,5.12610e+04,4.6057,5.0638,0
30.00,220,5.83229e+04,4.6053,5.0640,0
30.00,224,6.63578e+04,4.6050,5.0642,0
30.00,228,7.54990e+04,4.6046,5.0645,0
30.00,232,8.58998e+04,4.6042,5.0649,0
30.00,236,9.77325e+04,4.6037,5.0652,0
30.00,240,1.11195e+05,4.6033,5.0656,0
30.00,244,1.26512e+05,4.6029,5.0662,0
30.00,248,1.43937e+05,4.6024,5.0668,0
30.00,252,1.63762e+05,4.6019,5.0675,0
30.00,256,1.86316e+05,4.6015,5.0683,0
30.00,260,2.11973e+05,4.6010,5.0692,0
30.00,264,2.41161e+05,4.6005,5.0703,0
30.00,268,2.74363e+05,4.6000,5.0715,0
30.00,272,3.12129e+05,4.5995,5.0729,0
30.00,276,3.55086e+05,4.5989,5.0746,0
30.00,280,4.03940e+05,4.5985,5.0764,0
30.00,284,4.59503e+05,4.5979,5.0786,0
30.00,288,5.22674e+05,4.5974,5.0811,0
30.00,292,5.94506e+05,4.5969,5.0839,0
30.00,296,6.76160e+05,4.5964,5.0871,0
30.00,300,7.68978e+05,4.5958,5.0909,0
30.00,304,8.74403e+05,4.5953,5.0952,0
30.00,308,9.94276e+05,4.5946,5.1001,0
30.00,312,1.13055e+06,4.5940,5.1057,0
30.00,316,1.28546e+06,4.5930,5.1119,0
30.00,320,1.46179e+06,4.5919,5.1190,0
30.00,324,1.66247e+06,4.5905,5.1273,0
30.00,328,1.89082e+06,4.5889,5.1371,0
30.00,332,2.15021e+06,4.5869,5.1484,0
30.00,336,2.44458e+06,4.5843,5.1616,0
30.00,340,2.77818e+06,4.5808,5.1771,0
30.00,344,3.15451e+06,4.5759,5.1953,0
30.00,348,3.57613e+06,4.5687,5.2168,0
30.00,352,4.04213e+06,4.5581,5.2424,0
30.00,353,4.16460e+06,4.5548,5.2493,0
30.00,356,4.31459e+06,4.5503,5.2579,0
30.00,360,4.51679e+06,4.5435,5.2698,0
30.00,364,4.71834e+06,4.5355,5.2823,0
30.00,368,4.91565e+06,4.5263,5.2951,0
30.00,372,5.10451e+06,4.5159,5.3079,0
30.00,376,5.27976e+06,4.5043,5.3207,0
30.00,380,5.44312e+06,4.4918,5.3327,0
30.00,384,5.59086e+06,4.4786,5.3442,0
30.00,388,5.72803e+06,4.4649,5.3552,0
30.00,392,5.85076e+06,4.4508,5.3660,0
30.00,396,5.97851e+06,4.4371,5.3774,0
30.00,400,6.09730e+06,4.4361,5.3920,0
30.00,404,6.11942e+06,4.4497,5.3993,0
30.00,408,6.12576e+06,4.4631,5.4073,0
30.00,412,6.12793e+06,4.4753,5.4174,0
30.00,416,6.12880e+06,4.4860,5.4276,0
30.00,420,6.12981e+06,4.4934,5.4323,0
30.00,424,6.13088e+06,4.4823,5.4225,0
30.00,428,6.13166e+06,4.4679,5.4285,0
30.00,432,6.13239e+06,4.4535,5.4388,0
30.00,436,6.13304e+06,4.4386,5.4475,0
30.00,440,6.13367e+06,4.4235,5.4518,0
30.00,444,6.13427e+06,4.4084,5.4547,0
30.00,448,6.13484e+06,4.3932,5.4577,0
30.00,452,6.13536e+06,4.3779,5.4601,0
30.00,454,6.13561e+06,4.3703,5.4607,2
30.00,456,6.13580e+06,4.3644,5.4610,2
30.00,460,6.13615e+06,4.3527,5.4615,2
30.00,464,6.13648e+06,4.3410,5.4620,2
30.00,468,6.13678e+06,4.3292,5.4627,2
30.00,472,6.13708e+06,4.3174,5.4634,2
30.00,476,6.13736e+06,4.3055,5.4642,2
30.00,480,6.13762e+06,4.2936,5.4649,2
30.00,484,6.13788e+06,4.2817,5.4657,2
30.00,488,6.13813e+06,4.2698,5.4663,2
30.00,492,6.13837e+06,4.2579,5.4670,2
30.00,496,6.13860e+06,4.2459,5.4676,2
30.00,500,6.13883e+06,4.2339,5.4683,2
30.00,504,6.13905e+06,4.2218,5.4690,2
30.00,508,6.13927e+06,4.2098,5.4699,2
30.00,512,6.13948e+06,4.1977,5.4709,2
30.00,516,6.13969e+06,4.1856,5.4720,2
30.00,520,6.13990e+06,4.1736,5.4733,2
30.00,524,6.14011e+06,4.1615,5.4747,2
30.00,528,6.14032e+06,4.1494,5.4763,2
30.00,532,6.14053e+06,4.1374,5.4779,2
30.00,536,6.14075e+06,4.1253,5.4795,2
30.00,540,6.14097e+06,4.1132,5.4811,2
30.00,544,6.14118e+06,4.1011,5.4827,2
30.00,548,6.14141e+06,4.0891,5.4842,2
30.00,552,6.14163e+06,4.0770,5.4857,2
30.00,556,6.14186e+06,4.0649,5.4871,2
30.00,560,6.14210e+06,4.0528,5.4884,2
30.00,564,6.14234e+06,4.0408,5.4896,2
30.00,568,6.14260e+06,4.0287,5.4908,2
30.00,572,6.14286e+06,4.0166,5.4918,2
30.00,576,6.14315e+06,4.0045,5.4929,2
30.00,580,6.14346e+06,3.9925,5.4939,2
30.00,584,6.14380e+06,3.9804,5.4948,2
30.00,588,6.14419e+06,3.9683,5.4957,2
30.00,592,6.14464e+06,3.9562,5.4967,2
30.00,596,6.14519e+06,3.9442,5.4975,2
30.00,600,6.14587e+06,3.9321,5.4984,2
30.00,604,6.14671e+06,3.9200,5.4991,2
30.00,605,6.14695e+06,3.9170,5.4992,3
30.00,608,6.14819e+06,3.9031,5.4997,3
30.00,612,6.15005e+06,3.8845,5.5000,3
30.00,616,6.15199e+06,3.8659,5.4999,3
30.00,620,6.15407e+06,3.8473,5.4996,3
30.00,624,6.15631e+06,3.8287,5.4993,3
30.00,628,6.15892e+06,3.8101,5.4989,3
30.00,631,6.16354e+06,3.7962,5.4991,3
30.00,632,6.16867e+06,3.7891,5.4988,3
30.00,636,6.17839e+06,3.7605,5.4960,3
30.00,640,6.18372e+06,3.7320,5.4950,3
30.00,644,6.19894e+06,3.7035,5.4923,3
30.00,648,6.22980e+06,3.6750,5.4887,3
30.00,652,6.35675e+06,3.6880,5.4892,3
30.00,656,6.41376e+06,3.7164,5.4910,3
30.00,660,6.45139e+06,3.7449,5.4921,3
30.00,664,6.47752e+06,3.7734,5.4929,3
30.00,668,6.49809e+06,3.8019,5.4935,3
30.00,672,6.51740e+06,3.8304,5.4941,3
30.00,676,6.54569e+06,3.8588,5.4950,3
30.00,680,6.62269e+06,3.8451,5.4962,3
30.00,684,6.65761e+06,3.8171,5.4951,3
30.00,688,6.66983e+06,3.7886,5.4935,3
30.00,692,6.68124e+06,3.7603,5.4908,3
30.00,696,6.69302e+06,3.7318,5.4887,3
30.00,700,6.71548e+06,3.7036,5.4853,3
30.00,704,6.73901e+06,3.6766,5.4841,3
30.00,707,6.74594e+06,3.6613,5.4852,4
30.00,708,6.74612e+06,3.6605,5.4851,4
30.00,712,6.74669e+06,3.6576,5.4848,4
30.00,716,6.74723e+06,3.6535,5.4841,4
30.00,720,6.74752e+06,3.6581,5.4891,4
30.00,724,6.74761e+06,3.6651,5.4927,4
30.00,728,6.74768e+06,3.6721,5.4956,4
30.00,732,6.74774e+06,3.6791,5.4982,4
30.00,736,6.74781e+06,3.6862,5.5007,4
30.00,740,6.74800e+06,3.6927,5.5033,4
30.00,744,6.74859e+06,3.6944,5.5156,4
30.00,748,6.74922e+06,3.6957,5.5278,4
30.00,752,6.74983e+06,3.6983,5.5392,4
30.00,756,6.75043e+06,3.7019,5.5487,4
30.00,760,6.75105e+06,3.7057,5.5553,4
30.00,764,6.75168e+06,3.7092,5.5592,4
30.00,768,6.75230e+06,3.7113,5.5596,4
30.00,772,6.75278e+06,3.7121,5.5580,4
30.00,776,6.75311e+06,3.7121,5.5564,4
30.00,780,6.75333e+06,3.7118,5.5553,4
30.00,784,6.75347e+06,3.7114,5.5547,4
30.00,788,6.75354e+06,3.7111,5.5544,4
30.00,792,6.75360e+06,3.7107,5.5539,4
30.00,796,6.75364e+06,3.7103,5.5532,4
30.00,800,6.75367e+06,3.7099,5.5527,4
30.00,804,6.75368e+06,3.7095,5.5519,4
30.00,808,6.75369e+06,3.7092,5.5514,5
