cid,z,mB,x1,c,mcorr,err,mu,ceph,hf
2011fe,0.00122,9.58436,-0.548188,-0.1076,9.74571,1.51621,28.9987,29.177,0
2011fe,0.00122,9.78448,-0.380481,-0.032895,9.80286,1.51723,29.0559,29.177,0
2012cg,0.00256,11.8161,0.49196,0.10073,11.4703,0.781906,30.7233,30.8433,0
2012cg,0.00256,11.8801,0.71261,0.12247,11.4919,0.798612,30.7449,30.8433,0
1994DRichmond,0.00299,11.5334,-1.61803,-0.111684,11.5227,0.880798,30.7757,,0
1981B,0.00317,11.6644,-0.445048,-0.005137,11.5416,0.613941,30.7946,30.8338,0
2013aa,0.00331,10.8911,0.51292,-0.104394,11.2074,0.59407,30.4604,30.5454,0
2013aa,0.00331,10.8438,0.63346,-0.157707,11.2998,0.579622,30.5528,30.5454,0
2017cbv,0.00331,10.7729,0.61655,-0.125638,11.1483,0.577815,30.4013,30.5454,0
2017cbv,0.00331,10.914,0.81895,-0.096025,11.2577,0.577916,30.5107,30.5454,0
2001el,0.00333,12.4717,-0.131083,0.074105,12.2481,0.590389,31.5011,31.2859,0
2011by,0.00349,12.627,-0.334036,0.011283,12.5403,0.55206,31.7933,31.6336,0
1998aq,0.00349,12.0503,-0.45159,-0.118814,12.2437,0.544824,31.4967,31.7216,0
1990N,0.00359,12.4026,0.62892,-0.00619,12.4439,0.550332,31.6969,31.8115,0
2021pit,0.00384,12.0868,-0.042209,0.072389,11.7469,0.565861,30.9999,31.2859,0
2005df,0.00407,12.0155,-0.103725,-0.059471,12.1403,0.475638,31.3933,31.4903,0
2005df_ANU,0.00407,11.9807,-0.01756,-0.076884,12.1249,0.478515,31.3779,31.4903,0
2013dy,0.00432,12.4377,0.87178,0.073845,12.246,0.513549,31.499,31.6272,0
2013dy,0.00432,12.4484,1.17027,0.068782,12.3081,0.530151,31.5611,31.6272,0
2012ht,0.00465,12.751,-1.27917,-0.06558,12.6779,0.441191,31.9309,31.9348,0
2012ht,0.00465,12.6928,-1.16357,-0.128403,12.78,0.419535,32.033,31.9348,0
1980N,0.00482,12.1471,-1.1428,-0.010995,11.9946,0.557951,31.2476,,0
2012fr,0.00483,11.7919,1.49515,0.047577,11.8801,0.446066,31.1331,31.3773,0
2007on,0.00483,12.7485,-2.22068,0.003067,12.3995,0.564078,31.6525,,0
2012fr,0.00483,11.711,1.1575,-0.036256,11.9704,0.409689,31.2234,31.3773,0
1992A,0.00483,12.2736,-1.67481,-0.029989,12.087,0.561941,31.34,,0
2007on,0.00483,12.8139,-2.28189,-0.018119,12.5105,0.573808,31.7635,,0
2015F,0.00488,12.4955,-1.16422,0.04414,12.1943,0.44745,31.4473,31.4489,0
2015F,0.00488,12.2751,-0.994481,-0.068708,12.286,0.406132,31.539,31.4489,0
2011B,0.00538,12.4933,-1.02192,-0.026951,12.3982,0.513692,31.6512,,0
2018aoz,0.00548,12.401,-1.12558,-0.118271,12.4752,0.500704,31.7282,,0
2016coj,0.0057,12.7918,-1.69279,-0.05311,12.6587,0.468851,31.9117,,0
SN2016coj,0.0057,12.8717,-1.47692,-0.006916,12.6455,0.482914,31.8985,,0
2007sr,0.00571,12.4637,0.10543,0.017138,12.4269,0.374942,31.6799,31.6025,0
2007sr,0.00571,12.4987,0.056985,0.046871,12.3762,0.38481,31.6292,31.6025,0
2007gi,0.00587,12.8324,-1.37417,0.021825,12.4873,0.490624,31.7403,,0
1994ae,0.00588,12.6957,0.43761,-0.072951,12.9292,0.338568,32.1822,32.1194,0
2015bp,0.00592,13.4632,-2.13402,-0.049813,13.2155,0.486307,32.4685,,0
2018gv,0.00602,12.4685,0.39823,-0.067297,12.6874,0.343274,31.9404,32.0504,0
2018gv,0.00602,12.4682,0.59016,-0.111964,12.8136,0.342645,32.0666,32.0504,0
2018gv,0.00602,12.3829,0.12088,-0.112311,12.6572,0.349206,31.9102,32.0504,0
1981D,0.00616,12.2753,-1.15194,0.1611,11.6549,0.524297,30.9079,,0
2006dd,0.00616,12.0382,-0.285563,0.021185,11.9327,0.451429,31.1857,,0
2007af,0.00625,12.8497,-0.533099,-0.019682,12.8137,0.32481,32.0667,31.7708,0
2007af,0.00625,12.9062,-0.444525,0.031581,12.7493,0.36055,32.0023,31.7708,0
2007af,0.00625,12.8231,-0.558,-0.046439,12.8469,0.32168,32.0999,31.7708,0
2007af,0.00625,12.8851,-0.393072,0.014649,12.7807,0.33809,32.0337,31.7708,0
2007le,0.0063,13.5777,0.20586,0.20908,12.8224,0.533308,32.0754,,0
2007le,0.0063,13.5748,0.23463,0.20677,12.8313,0.536656,32.0843,,0
2007le,0.0063,13.5704,0.27267,0.22565,12.7673,0.537482,32.0203,,0
1998dm,0.00631,14.3994,0.56097,0.22921,13.5803,0.562254,32.8333,,0
2014bv,0.00634,13.6699,-2.41089,0.057169,13.1471,0.481811,32.4001,,0
2019np,0.00648,13.1265,0.11525,-0.02786,13.2078,0.317328,32.4608,32.3302,0
2019np,0.00648,13.1161,0.11384,-0.025372,13.1808,0.321157,32.4338,32.3302,0
1997br,0.00665,13.3299,0.33528,0.23825,12.4791,0.530482,31.7321,,0
2011iv,0.00668,12.1617,-1.89667,-0.056402,11.9687,0.419839,31.2217,,0
1995al,0.00673,13.0285,1.20311,0.036406,13.1063,0.358431,32.3593,32.4626,0
1996X,0.00676,12.7358,-1.07643,-0.076722,12.7203,0.414586,31.9733,,0
2017erp,0.00677,12.9977,0.26056,0.03324,12.9421,0.339458,32.1951,32.2221,0
2017erp,0.00677,13.0751,0.47218,0.071172,12.9199,0.370142,32.1729,32.2221,0
2017erp,0.00677,13.0604,0.35115,0.058715,12.9518,0.3469,32.2048,32.2221,0
1992G,0.00692,13.2809,-0.216055,0.020575,13.1875,0.438804,32.4405,,0
2005cf,0.0071,12.9947,-0.060167,-0.050515,13.0663,0.324465,32.3193,32.3624,0
2005cf,0.0071,13.0265,-0.126135,-0.047291,13.0797,0.347269,32.3327,32.3624,0
2005cf,0.0071,13.0342,-0.06305,-0.036954,13.0691,0.321523,32.3221,32.3624,0
2002fk,0.00719,12.9459,0.093397,-0.109612,13.1893,0.299093,32.4423,32.5404,0
2002fk,0.00719,12.9122,0.062106,-0.13675,13.2112,0.299053,32.4642,32.5404,0
2003du,0.00747,13.1974,0.25827,-0.141147,13.5413,0.28787,32.7943,32.8472,0
2003du,0.00747,13.1971,0.23579,-0.12265,13.4893,0.29352,32.7423,32.8472,0
2003du,0.00747,13.2478,0.24375,-0.110323,13.5155,0.291161,32.7685,32.8472,0
2008Q,0.0075,13.2285,-1.85633,-0.056178,13.0782,0.372866,32.3312,,0
2008Q,0.0075,13.2529,-1.66449,-0.020652,13.0468,0.395732,32.2998,,0
2003kf,0.00795,13.3116,0.52479,-0.021355,13.3888,0.361712,32.6418,,0
1998dh,0.00814,13.5979,-0.603336,0.013961,13.4634,0.315879,32.7164,32.4996,0
1998dh,0.00814,13.6328,-0.773787,0.054455,13.3621,0.316306,32.6151,32.4996,0
2012hr,0.00814,13.3474,-0.022119,-0.047757,13.4562,0.366561,32.7092,,0
2009ig,0.00815,13.1911,1.2958,0.05406,13.1181,0.370944,32.3711,32.5621,0
2009ig,0.00815,13.1531,1.07171,-0.087219,13.4904,0.278844,32.7434,32.5621,0
2009ig,0.00815,13.0819,1.24376,-0.07554,13.4177,0.285702,32.6707,32.5621,0
1996Z,0.00817,14.0375,-0.347761,0.20665,13.1925,0.490044,32.4455,,0
1995D,0.00818,12.9639,0.72785,-0.066488,13.231,0.341596,32.484,,0
1991M,0.00821,14.2234,-1.09686,0.008581,13.9608,0.462045,33.2138,,0
2013gh,0.00838,14.1307,-0.732548,0.19613,13.268,0.464828,32.521,,0
2013gh,0.00838,14.0657,-0.570744,0.13057,13.4392,0.484113,32.6922,,0
2001bg,0.00855,13.7677,-0.375732,0.097961,13.4398,0.358202,32.6928,32.6114,0
2005W,0.00855,13.9074,-0.431319,0.08768,13.599,0.316884,32.852,32.8293,0
ASASSN-15so,0.00857,13.4883,-0.714413,-0.055198,13.4997,0.266214,32.7527,32.8026,0
PSNJ0717457,0.00861,13.6936,-0.210958,0.028562,13.4693,0.382481,32.7223,,0
2005am,0.00863,13.4087,-1.79912,0.003104,13.1214,0.337245,32.3744,,0
2005am,0.00863,13.3723,-1.86653,-0.022537,13.1415,0.330194,32.3945,,0
2005am,0.00863,13.3703,-1.92038,-0.003383,13.082,0.336798,32.335,,0
1997bp,0.00864,13.6576,-0.05696,0.11503,13.1668,0.42436,32.4198,32.5982,0
2019ein,0.00883,13.6289,-1.58896,-0.106243,13.6086,0.325919,32.8616,,0
2002er,0.00906,13.9045,-0.928371,0.044488,13.546,0.36787,32.799,,0
2002er,0.00906,14.0574,-0.900619,0.10329,13.4968,0.408634,32.7498,,0
2006D,0.00925,13.8273,-1.3074,-0.025522,13.6384,0.28515,32.8914,32.9183,0
2006D,0.00925,13.8683,-1.58877,-0.028804,13.6443,0.281576,32.8973,32.9183,0
2006D,0.00925,13.8788,-1.50889,-0.026824,13.6629,0.284225,32.9159,32.9183,0
2013cs,0.00935,13.3968,-0.33302,0.054048,13.0823,0.400458,32.3353,,0
1999cp,0.00954,13.6783,0.023621,-0.044825,13.7869,0.267622,33.0399,33.1156,0
1999cp,0.00954,13.6687,0.28727,-0.108916,13.9605,0.252188,33.2135,33.1156,0
2002cr,0.00954,13.9092,-0.602515,-0.067624,13.9779,0.250455,33.2309,33.1156,0
2002cr,0.00954,13.971,-0.375911,-0.034493,13.9939,0.253451,33.2469,33.1156,0
2002dj,0.00957,13.652,-0.284682,-0.017189,13.648,0.308368,32.901,,0
2002dj,0.00957,13.7487,0.071339,0.052879,13.6124,0.333397,32.8654,,0
1998es,0.00966,13.5746,1.23442,0.038991,13.5499,0.35687,32.8029,,0
1998es,0.00966,13.5956,1.62734,0.032615,13.6635,0.371852,32.9165,,0
PTF10icb,0.00993,14.243,0.64439,0.01258,14.2223,0.3719,33.4753,,0
2009Y,0.00996,13.8566,-0.148529,0.16089,13.3927,0.408196,32.6457,33.0928,0
2009Y,0.00996,13.7683,0.26874,0.11483,13.4928,0.359283,32.7458,33.0928,0
2009Y,0.00996,13.6995,0.35708,0.037139,13.6485,0.332913,32.9015,33.0928,0
2013E,0.01016,13.5008,0.35982,0.008178,13.5264,0.3475,32.7794,,0
1999ac,0.01017,13.8642,0.11098,0.040623,13.6652,0.364224,32.9182,,0
1999ac,0.01017,13.8961,0.16103,0.038135,13.7144,0.34081,32.9674,,0
2009an,0.01026,14.3202,-1.33873,0.009596,14.0848,0.305101,33.3378,,0
2009an,0.01026,14.2304,-1.4709,0.010704,13.9723,0.297865,33.2253,,0
2006bh,0.01028,14.0639,-1.68127,-0.095147,14.0258,0.246478,33.2788,33.245,0
2004S,0.01042,13.9494,-0.181708,-0.00638,13.8706,0.316076,33.1236,,0
2021hpr,0.01044,14.0289,0.24592,0.045569,13.8339,0.342855,33.0869,33.0131,0
2002dp,0.01061,14.3586,-0.125605,0.077144,14.1276,0.307827,33.3806,33.1859,0
2002dp,0.01061,14.199,-0.883313,0.006885,14.0401,0.273239,33.2931,33.1859,0
1997do,0.01073,14.1396,0.39341,0.077583,13.8551,0.363667,33.1081,,0
1997bq,0.01079,14.1473,-0.609001,0.085938,13.8153,0.322889,33.0683,33.0131,0
2008fv_comb,0.01079,14.2732,0.73924,0.11153,13.9279,0.377003,33.1809,33.0131,0
ASASSN-16jf,0.01096,14.6019,-1.97973,-0.031719,14.3179,0.313698,33.5709,,0
iPTF13ebh,0.01114,14.9136,-2.41474,0.023414,14.4807,0.341421,33.7337,,0
iPTF13ebh,0.01114,14.7649,-2.15768,0.019191,14.3839,0.293983,33.6369,,0
2010ko,0.01122,15.0738,-2.46319,0.012558,14.5817,0.352878,33.8347,,0
2013ex,0.01122,14.1873,-0.341166,-0.036939,14.1806,0.282135,33.4336,,0
2013ex,0.01122,14.1166,-0.40726,-0.092801,14.2417,0.32405,33.4947,,0
2009ab,0.01155,14.4086,-1.00248,-0.048333,14.3303,0.27987,33.5833,,0
2011ao,0.01195,14.0135,0.41451,-0.084504,14.2444,0.30029,33.4974,,0
2001cz,0.01213,14.8246,0.12432,0.041271,14.6253,0.345327,33.8783,,0
2009kk,0.0122,14.4042,-1.33511,-0.120964,14.4493,0.265296,33.7023,,0
2010Y,0.01233,14.7167,-2.58836,-0.068675,14.4873,0.252697,33.7403,,0
2008R,0.01246,14.9547,-2.23955,0.013559,14.5756,0.263736,33.8286,,0
2002ha,0.01258,14.4697,-1.46565,-0.09141,14.455,0.239241,33.708,,0
2002ha,0.01258,14.503,-1.30067,-0.073286,14.4716,0.248635,33.7246,,0
2009kq,0.01259,14.2631,-0.139165,-0.054923,14.3344,0.258654,33.5874,,0
2009kq,0.01259,14.2337,-0.087808,-0.036886,14.2648,0.264818,33.5178,,0
2001bt,0.01279,15.0276,-0.922972,0.14144,14.4962,0.415783,33.7492,,0
2001ep,0.01283,14.5927,-0.894852,0.000829,14.3835,0.286107,33.6365,,0
2001ep,0.01283,14.6655,-0.953229,0.060154,14.2498,0.330021,33.5028,,0
2013gy,0.01303,14.5052,-0.513534,-0.023595,14.4825,0.238258,33.7355,,0
2013gy,0.01303,14.4353,-0.93035,-0.094135,14.5077,0.285948,33.7607,,0
AT2017cfd,0.01304,14.5702,-0.52942,0.050626,14.3222,0.291315,33.5752,,0
2017cfd,0.01304,14.5993,-0.79384,0.058475,14.3143,0.283503,33.5673,,0
1999dq,0.01312,14.0767,0.82043,-0.028732,14.267,0.2722,33.52,33.7082,0
1999dq,0.01312,14.1235,0.86663,0.011228,14.2187,0.260204,33.4717,33.7082,0
2007hj,0.01325,15.336,-2.30035,0.0991,14.7152,0.302491,33.9682,,0
2007hj,0.01325,15.3058,-2.06693,0.095255,14.7316,0.298179,33.9846,,0
2007hj,0.01325,15.2979,-2.20461,0.10594,14.6717,0.303407,33.9247,,0
2008hv,0.01375,14.469,-1.38336,-0.129604,14.544,0.27654,33.797,,0
2008hv,0.01375,14.4601,-1.24313,-0.107777,14.5153,0.231206,33.7683,,0
2008hv,0.01375,14.4529,-1.47007,-0.131478,14.519,0.234204,33.772,,0
1997E,0.01376,14.9015,-1.75207,0.016054,14.5119,0.287526,33.7649,,0
2007cv,0.01386,14.8056,-2.14639,-0.005726,14.4211,0.34431,33.6741,,0
1992al,0.01388,14.2,-0.284092,-0.130405,14.4438,0.231964,33.6968,,0
1999dk,0.01389,14.6098,0.54421,0.019292,14.5523,0.287538,33.8053,,0
1999dk,0.01389,14.5259,-0.329226,-0.002704,14.4121,0.294973,33.6651,,0
ASASSN-16dn,0.01411,14.3115,0.47579,-0.093154,14.5676,0.249416,33.8206,,0
ASASSN-16la,0.01424,14.2599,0.83157,-0.102335,14.5914,0.264112,33.8444,,0
2005kc,0.01442,15.2457,-0.756322,0.13431,14.7657,0.306005,34.0187,,0
2005kc,0.01442,15.4224,-0.394289,0.22174,14.7719,0.351302,34.0249,,0
2007ca,0.01442,15.566,0.72372,0.15106,15.0836,0.369731,34.3366,,0
2007ca,0.01442,15.6204,0.56794,0.20417,14.9251,0.395988,34.1781,,0
2007ca,0.01442,15.7066,0.54711,0.20709,14.999,0.396317,34.252,,0
2006N,0.01446,14.8549,-2.01175,-0.059252,14.6548,0.238994,33.9078,,0
2006td,0.0145,15.4968,-1.37917,0.090675,14.9197,0.364029,34.1727,,0
2013gq,0.01453,14.379,-0.740468,-0.102076,14.4996,0.214608,33.7526,,0
2004eo,0.0146,14.7594,-1.23185,-0.042029,14.6296,0.24785,33.8826,,0
2003gt,0.01462,14.6689,-0.19694,-0.032005,14.6723,0.242429,33.9253,,0
2005bo,0.01463,15.3797,-1.12409,0.19426,14.5023,0.389571,33.7553,,0
2005bo,0.01463,15.4302,-1.1289,0.22259,14.4659,0.391891,33.7189,,0
2001fe,0.01467,14.4295,0.7426,-0.055329,14.6386,0.239175,33.8916,,0
2013fa,0.01472,15.3742,-0.556908,0.20583,14.5364,0.396434,33.7894,,0
2000dm,0.01484,14.8412,-2.12328,-0.114348,14.7579,0.268869,34.0109,,0
PSNJ2043531,0.01492,15.7365,-2.55527,0.093402,14.9372,0.371694,34.1902,,0
2011df,0.01493,14.6965,0.20649,0.018123,14.5994,0.276241,33.8524,,0
2005el,0.01499,14.6267,-1.31973,-0.141785,14.721,0.227971,33.974,,0
2005el,0.01499,14.6716,-1.37084,-0.101843,14.6731,0.23013,33.9261,,0
2001cn,0.01515,15.0393,-0.553543,0.11801,14.6347,0.293747,33.8877,,0
2005de,0.01519,15.1241,-0.493131,0.01664,14.9263,0.2654,34.1793,,0
SN2017jl,0.01525,14.5129,0.60274,-0.002342,14.5176,0.300982,33.7706,,0
ASASSN-16ad,0.01529,14.9033,0.10511,0.013618,14.7804,0.343245,34.0334,,0
ATLAS16cxr,0.01542,15.3569,-0.04908,0.04603,15.0896,0.371909,34.3426,,0
iPTF16auf,0.01543,15.0843,0.046602,0.048315,14.8214,0.313702,34.0744,,0
2008bc,0.01546,14.4158,0.57382,-0.132291,14.7801,0.22485,34.0331,,0
2011im,0.01549,15.4868,-1.45096,0.091116,15.0202,0.339288,34.2732,,0
1999ej,0.0155,15.127,-1.85693,-0.067445,15.0051,0.271187,34.2581,,0
1999ej,0.0155,15.1082,-1.52281,-0.035134,14.9582,0.256655,34.2112,,0
2001en,0.0155,14.7785,-0.766449,-0.050739,14.7464,0.285045,33.9994,,0
2001en,0.0155,14.864,-0.964751,0.006147,14.6322,0.312769,33.8852,,0
2001V,0.01557,14.3219,0.91446,-0.032722,14.5372,0.28932,33.7902,,0
2001V,0.01557,14.2942,0.86688,-0.054393,14.5542,0.289137,33.8072,,0
2008ec,0.01562,15.2617,-0.936791,0.07238,14.9202,0.262981,34.1732,,0
2008ec,0.01562,15.3457,-0.763005,0.12997,14.8772,0.333218,34.1302,,0
2008eo,0.01565,14.9971,1.06352,0.001725,15.0787,0.277402,34.3317,,0
2009nq,0.01576,15.014,-0.524383,0.0068,14.9127,0.285607,34.1657,,0
2005al,0.01578,14.6096,-1.25264,-0.149074,14.7456,0.218273,33.9986,,0
2013hn,0.01578,14.7736,-1.76294,-0.141115,14.8167,0.289124,34.0697,,0
2001bf,0.01581,14.4061,0.88145,-0.086914,14.7396,0.237761,33.9926,,0
2001bf,0.01581,14.5214,0.53614,-0.018974,14.6474,0.217323,33.9004,,0
ASASSN-15oh,0.01587,15.4733,-1.58413,0.027876,15.1386,0.26899,34.3916,,0
1994S,0.01588,14.4968,0.30392,-0.101615,14.7757,0.223197,34.0287,,0
1999aa,0.0159,14.505,1.57087,-0.073609,14.9133,0.241388,34.1663,,0
1999aa,0.0159,14.4579,1.17396,-0.106794,14.8793,0.207724,34.1323,,0
2002cs,0.0159,14.8111,0.52807,0.012312,14.7799,0.27117,34.0329,,0
iPTF14bdn,0.01603,14.5345,1.26874,-0.066181,14.8532,0.280284,34.1062,,0
2007ss,0.01652,16.0119,-1.30935,0.24779,15.1607,0.345316,34.4137,,0
2010kg,0.01652,15.2333,-1.28649,0.10814,14.7469,0.333638,33.9999,,0
2013fw,0.01656,14.7918,0.55558,-0.032516,14.9078,0.216439,34.1608,,0
2013Q,0.01657,15.2215,-0.184161,0.11788,14.7196,0.414401,33.9726,,0
iPTF13dge,0.01662,14.8448,-0.120328,-0.086667,15.0263,0.260521,34.2793,,0
2007fs,0.01666,14.8299,0.51566,-0.077829,15.0878,0.196174,34.3408,,0
SN2016gfr,0.01671,14.6347,0.12662,-0.02286,14.6455,0.243894,33.8985,,0
ASASSN-16ip,0.01678,15.0537,-0.877386,-0.020215,14.9149,0.244992,34.1679,,0
2007A,0.01682,15.4419,0.56889,0.11732,15.2119,0.357309,34.4649,34.526,0
2007A,0.01682,15.3909,0.39336,0.062705,15.2811,0.340551,34.5341,34.526,0
PSNJ0107203,0.01682,14.792,-1.98709,-0.099458,14.7143,0.283124,33.9673,,0
1998ef,0.0169,14.5923,-1.01696,-0.063568,14.588,0.288048,33.841,,0
1998ef,0.0169,14.5761,-1.19643,-0.110187,14.6445,0.26318,33.8975,,0
ASASSN-15ti,0.01692,15.4053,-1.47904,-0.042266,15.2364,0.309138,34.4894,,0
ASASSN-15od,0.01698,15.0484,-1.11648,-0.101117,15.0879,0.226785,34.3409,,0
1996bv,0.01699,15.1119,0.70324,0.14673,14.8225,0.296588,34.0755,,0
1997Y,0.01705,15.0764,-1.06703,-0.013591,14.9443,0.212756,34.1973,,0
2001da,0.01718,15.2016,-0.685997,0.12145,14.769,0.307813,34.022,,0
2001da,0.01718,15.2372,-0.56437,0.075615,14.9473,0.324206,34.2003,,0
ASASSN-15kx,0.0172,15.361,-1.45347,-0.09556,15.3554,0.21815,34.6084,,0
2000dk,0.0173,15.0474,-2.44176,-0.092916,14.8906,0.281398,34.1436,,0
2000dk,0.0173,15.1207,-2.03848,-0.036961,14.8987,0.255715,34.1517,,0
2007fb,0.01733,15.3633,-1.55803,-0.028838,15.1479,0.220048,34.4009,,0
2007fb,0.01733,15.259,-1.64181,-0.119162,15.2571,0.229657,34.5101,,0
2006ef,0.01734,15.2474,-1.56473,-0.05665,15.108,0.218624,34.361,,0
2008C,0.01737,15.399,-0.695876,0.087064,15.057,0.26217,34.31,,0
2008C,0.01737,15.3543,-0.758244,0.082622,15.0139,0.261032,34.2669,,0
2004fz,0.01743,14.6565,-1.27514,-0.044214,14.5269,0.329528,33.7799,,0
2006ax,0.01747,14.8169,0.28118,-0.091397,15.0698,0.198413,34.3228,,0
2006ax,0.01747,14.7505,0.16897,-0.127493,15.0603,0.195968,34.3133,,0
1998V,0.01752,14.946,-0.229945,0.005479,14.8935,0.229836,34.1465,,0
2013gs,0.01776,15.1955,-0.229314,0.036407,14.9691,0.319272,34.2221,,0
2008L,0.01778,15.0604,-1.58162,-0.115456,15.0834,0.208373,34.3364,,0
2008L,0.01778,14.9128,-1.52385,-0.141932,14.9934,0.211714,34.2464,,0
2009le,0.01784,15.0781,0.91638,0.064918,15.0409,0.245119,34.2939,,0
2009le,0.01784,15.0045,-0.019163,0.003457,14.9888,0.221228,34.2418,,0
2000dr,0.0179,15.6965,-2.72877,0.048082,15.0445,0.317767,34.2975,,0
2007as,0.01802,15.2094,-0.983845,0.016521,15.0131,0.232649,34.2661,,0
1992bo,0.01808,15.5074,-2.00428,-0.063684,15.3548,0.199653,34.6078,,0
2010ai,0.01826,15.7283,-1.6487,-0.119693,15.7262,0.216805,34.9792,,0
ASASSN-17co,0.01826,15.3487,-0.582812,0.10393,14.9475,0.279266,34.2005,,0
PS15coh,0.01839,14.9498,1.34214,-0.036481,15.1863,0.225289,34.4393,,0
2009gf,0.01855,15.8306,-2.72077,0.067878,15.239,0.25393,34.492,,0
2009gf,0.01855,15.8321,-2.72446,0.036997,15.323,0.29501,34.576,,0
2016ffh,0.01865,15.5951,-0.612255,0.051027,15.3641,0.237454,34.6171,,0
ATLAS16cpu,0.01865,15.5869,-0.957574,0.037895,15.3186,0.238466,34.5716,,0
2000cu,0.01866,15.6832,-1.85209,-0.006091,15.3536,0.276155,34.6066,,0
2011fs,0.01875,15.0294,1.18664,-0.035888,15.2936,0.213816,34.5466,,0
2011fs,0.01875,15.005,0.22883,-0.084108,15.2336,0.319886,34.4866,,0
ASASSN-16cs,0.01905,15.3381,0.28962,0.033984,15.1756,0.280109,34.4286,,0
2006kf,0.01947,15.6542,-2.07155,-0.078569,15.5217,0.193529,34.7747,,0
2006kf,0.01947,15.7241,-2.29704,-0.077659,15.5555,0.193658,34.8085,,0
2008hs,0.01975,15.9113,-2.71083,-0.000986,15.504,0.46583,34.757,,0
2008hs,0.01975,15.8415,-2.50052,-0.00913,15.4863,0.432674,34.7394,,0
2007au,0.01976,16.3508,-2.4148,0.14796,15.4335,0.405343,34.6865,,0
2016W,0.01995,15.5653,-1.42495,0.046849,15.1118,0.29449,34.3648,,0
2002kf,0.02001,15.452,-0.988522,-0.067617,15.4324,0.202483,34.6854,,0
1992bc,0.02006,14.8441,0.85559,-0.138261,15.2591,0.197651,34.5121,,0
2009ds,0.02019,15.2331,1.25453,0.061724,15.2542,0.232329,34.5072,,0
2009ds,0.02019,15.2312,0.47147,-0.061337,15.449,0.190556,34.702,,0
2006ej,0.02023,15.4897,-1.65658,-0.045763,15.3465,0.186364,34.5995,,0
2006ej,0.02023,15.596,-1.2573,0.057733,15.2482,0.29433,34.5012,,0
2006ej,0.02023,15.4508,-1.52252,-0.043913,15.323,0.187974,34.576,,0
2006ej,0.02023,15.4924,-1.0906,-0.029543,15.3952,0.185881,34.6482,,0
2002jy,0.02024,15.5135,0.94186,-0.037793,15.7458,0.185763,34.9988,,0
2016hpw,0.02034,15.585,0.5668,0.011898,15.5635,0.240313,34.8165,,0
ATLAS16dqf,0.02034,15.731,0.80402,0.12111,15.3219,0.374851,34.5749,,0
2005ki,0.02035,15.3199,-1.61047,-0.106098,15.3179,0.185756,34.5709,,0
2005ki,0.02035,15.2853,-1.45192,-0.10876,15.3126,0.175653,34.5656,,0
2005ki,0.02035,15.2668,-1.30129,-0.0723,15.2401,0.188829,34.4931,,0
ASASSN-15lg,0.02044,15.425,-1.2315,-0.082581,15.4022,0.212886,34.6552,,0
2001dl,0.02049,16.5718,0.32293,0.20428,15.8733,0.374812,35.1263,,0
PSNJ1602512,0.02052,15.6917,0.34806,0.097168,15.303,0.33281,34.556,,0
2007st,0.02056,15.5024,-1.62937,0.034066,15.1638,0.215471,34.4168,,0
ASASSN-17bs,0.02056,15.6594,-1.01194,0.063357,15.3117,0.24804,34.5647,,0
2010A,0.02081,15.5799,0.48015,0.1036,15.2333,0.32934,34.4863,,0
2003W,0.02082,15.603,-0.008507,0.068384,15.421,0.229315,34.674,,0
2003W,0.02082,15.6446,0.048591,0.10191,15.3819,0.253074,34.6349,,0
2001br,0.0209,15.9826,-1.49568,0.040127,15.5588,0.299007,34.8118,,0
ASASSN-16lc,0.02096,15.2276,1.19177,-0.033095,15.4426,0.214804,34.6956,,0
AT2016eoa,0.02106,15.6896,-1.57505,0.007093,15.4163,0.229102,34.6693,,0
ASASSN-16lg,0.02116,15.2332,-1.33321,-0.041446,15.122,0.201286,34.375,,0
2004bw,0.02116,15.5818,-1.18794,-0.082778,15.5664,0.194561,34.8194,,0
2008Z,0.02118,16.1389,0.65572,0.090209,15.865,0.309511,35.118,,0
2008Z,0.02118,16.1576,0.98431,0.08346,15.9526,0.302902,35.2056,,0
2007bc,0.02131,15.6076,-1.01193,-0.020681,15.5031,0.178554,34.7561,,0
2007bc,0.02131,15.5641,-1.09301,-0.035648,15.4814,0.175108,34.7344,,0
2007bc,0.02131,15.6361,-1.28476,-0.020625,15.4889,0.185801,34.7419,,0
SN2016ajf,0.02134,16.5392,-2.93112,0.20266,15.5097,0.338897,34.7627,,0
2009dc,0.02137,14.767,2.23755,0.001301,15.0938,0.19717,34.3468,,0
2018fop,0.02151,15.0857,0.64773,-0.076785,15.3369,0.197339,34.5899,,0
ASASSN-15uv,0.02153,16.3538,0.26468,0.27395,15.3584,0.392396,34.6114,,0
ASASSN-18da,0.0217,15.0666,1.18661,-0.134271,15.5179,0.193993,34.7709,,0
2006et,0.02183,15.7073,0.78862,0.12001,15.5053,0.282159,34.7583,,0
2006et,0.02183,15.6977,0.74714,0.1084,15.5212,0.252205,34.7742,,0
1999dg,0.02197,15.6634,-1.76017,-0.101113,15.6059,0.244964,34.8589,,0
2001cp,0.02198,15.4518,1.00995,-0.045292,15.7124,0.215286,34.9654,,0
1995ak,0.02203,15.776,-1.0611,0.071673,15.4209,0.246309,34.6739,,0
2009na,0.02205,15.4975,-0.709364,-0.057432,15.4947,0.197256,34.7477,,0
ASASSN-18iu,0.02207,15.3055,0.56141,-0.11455,15.6317,0.184059,34.8847,,0
ATLAS16dpb,0.02215,16.4648,-2.54831,0.098219,15.7951,0.287366,35.0481,,0
SNF20080514-002,0.02219,15.5948,-1.5105,-0.18285,15.7606,0.214466,35.0136,,0
2006dm,0.02228,15.7631,-1.90086,-0.032922,15.5529,0.178146,34.8059,,0
2006dm,0.02228,15.8442,-1.7604,0.00159,15.5704,0.256694,34.8234,,0
2008ia,0.02231,15.6701,-1.24683,-0.083436,15.6715,0.167677,34.9245,,0
2004bg,0.02234,15.1791,0.19286,-0.148768,15.5197,0.197164,34.7727,,0
2004bg,0.02234,15.3444,0.58396,-0.090271,15.6174,0.202689,34.8704,,0
2002cu,0.02236,15.8649,-1.8507,-0.003168,15.5284,0.223034,34.7814,,0
2006cp,0.02239,15.7271,0.32303,0.056545,15.5184,0.301448,34.7714,,0
2006cp,0.02239,15.6143,0.042377,-0.01644,15.6073,0.241616,34.8603,,0
2000fa,0.0224,15.6332,0.50832,0.041252,15.506,0.287454,34.759,,0
2000fa,0.0224,15.6505,0.48583,0.033432,15.5467,0.253838,34.7997,,0
ASASSN-16bn,0.02241,15.3837,1.46775,-0.088084,15.7862,0.21282,35.0392,,0
ASASSN-17aj,0.02255,15.5584,0.1408,0.00592,15.4776,0.241638,34.7306,,0
AT2017cfb,0.02266,15.3027,0.9422,-0.076928,15.5908,0.218888,34.8438,,0
2006bq,0.0227,15.9408,-1.67036,0.026805,15.6163,0.201499,34.8693,,0
2002ef,0.02273,16.3785,-0.546957,0.25356,15.4319,0.357306,34.6849,,0
2010cr,0.02295,16.3133,-1.41732,0.030866,16.0155,0.303676,35.2685,,0
ASASSN-15il,0.02295,15.1833,1.24762,-0.11218,15.6054,0.19945,34.8584,,0
2000cn,0.02298,16.3056,-2.47558,0.071239,15.7462,0.266,34.9992,,0
2000cn,0.02298,16.3011,-2.56473,0.075158,15.7182,0.235743,34.9712,,0
2017hoq,0.02303,15.4939,0.78087,-0.063076,15.732,0.188819,34.985,,0
2009jb,0.02307,15.6622,-0.07521,0.022295,15.5136,0.339266,34.7666,,0
2014ai,0.02313,16.1471,-1.00094,0.084192,15.7695,0.269874,35.0225,,0
ASASSN-14fa,0.02316,15.7401,-1.93908,-0.090364,15.63,0.273642,34.883,,0
2004at,0.02321,15.4314,-0.046048,-0.113423,15.6638,0.17647,34.9168,,0
PS15cku,0.02325,15.7328,0.75555,-0.010924,15.8007,0.22811,35.0537,,0
2007ci,0.02331,15.66,-2.4632,-0.044303,15.3948,0.265593,34.6478,,0
2007ci,0.02331,15.6285,-2.79197,0.012243,15.1771,0.278115,34.4301,,0
2009al,0.02342,16.089,0.26837,0.15147,15.7321,0.281287,34.9851,,0
2009al,0.02342,15.9279,-0.148779,0.057782,15.7551,0.220042,35.0081,,0
2009al,0.02342,15.9492,-0.486661,0.056867,15.7253,0.22378,34.9783,,0
2009cz,0.02343,15.5189,0.73538,0.00834,15.6052,0.258869,34.8582,,1
2009cz,0.02343,15.4303,0.70449,-0.02851,15.6052,0.168487,34.8582,,1
ASASSN-15nr,0.02344,15.5816,1.20679,0.028589,15.5801,0.262385,34.8331,,1
2004bk,0.02352,15.5119,0.47024,-0.022127,15.5861,0.214185,34.8391,,1
2018enc,0.02354,15.4645,1.9832,-0.016921,15.7468,0.216038,34.9998,,0
2007qe,0.02357,15.7493,0.34568,-0.016581,15.7876,0.2048,35.0406,,1
2007qe,0.02357,15.8094,0.68284,0.044782,15.6979,0.257717,34.9509,,1
ATLAS17bas,0.02357,15.3776,0.80072,0.027298,15.3185,0.260349,34.5715,,1
ASASSN-15tz,0.02365,16.2645,-1.51814,0.11405,15.7013,0.272706,34.9543,,1
2010ao,0.02369,15.5645,-0.432206,-0.093006,15.69,0.208056,34.943,,1
2006sr,0.02388,15.9144,-1.36612,-0.015239,15.7419,0.178773,34.9949,,1
ASASSN-15jt,0.0239,16.753,-2.32675,0.21149,15.636,0.402793,34.889,,0
ASASSN-16em,0.0239,15.9178,0.43976,0.044848,15.741,0.276066,34.994,,0
2000ca,0.02391,15.3237,0.52115,-0.11565,15.6463,0.188406,34.8993,,1
1998eg,0.02401,15.9238,-0.498481,-0.000898,15.8488,0.193136,35.1018,,0
PS1-14xw,0.02411,15.6206,1.22828,-0.036617,15.8519,0.309153,35.1049,,1
2010gp,0.02411,15.9382,-0.512147,0.1744,15.2181,0.39756,34.4711,,0
2000bh,0.02412,15.6912,-0.112692,-0.004958,15.6252,0.222434,34.8782,,1
2007F,0.02417,15.6559,0.40579,-0.012123,15.6891,0.206529,34.9421,,1
2007F,0.02417,15.6167,0.53061,-0.068213,15.831,0.181558,35.084,,1
1993H,0.02428,16.4144,-2.04912,0.067637,15.9273,0.230676,35.1803,,0
AT2016bln,0.02429,15.6529,1.12918,-0.005445,15.8241,0.193541,35.0771,,0
2006ac,0.02432,15.7497,-0.782527,-0.04336,15.7341,0.182157,34.9871,,1
2006ac,0.02432,15.8825,-0.998087,0.010966,15.7,0.196215,34.953,,1
ASASSN-15sf,0.02432,15.7165,0.87267,-0.069691,15.9787,0.23365,35.2317,,1
2005bg,0.02434,15.5864,0.38747,-0.060615,15.7572,0.200135,35.0102,,1
2009D,0.02453,15.4324,0.6502,-0.096976,15.755,0.159749,35.008,,1
2009D,0.02453,15.4615,1.04468,-0.087507,15.8216,0.208209,35.0746,,1
2009D,0.02453,15.4615,0.42486,-0.070908,15.6963,0.168725,34.9493,,1
PS16ccn,0.02457,15.6057,0.37785,-0.125246,15.9254,0.187175,35.1784,,1
2008bf,0.02462,15.4708,0.31545,-0.149234,15.8531,0.234003,35.1061,,0
2008bf,0.02462,15.4059,0.39564,-0.14861,15.7991,0.229679,35.0521,,0
2008bf,0.02462,15.451,0.33607,-0.056199,15.6368,0.232409,34.8898,,0
1994M,0.02464,16.0309,-1.42754,0.042876,15.6998,0.212083,34.9528,,0
2004br,0.02464,15.1748,1.00327,-0.107568,15.554,0.180451,34.807,,0
ASASSN-16hz,0.02466,15.9978,-0.271228,0.09128,15.5582,0.316446,34.8112,,1
2003he,0.02491,15.9552,0.33862,0.032819,15.8332,0.239027,35.0862,,1
2001cj,0.02494,15.5679,0.71544,-0.128297,15.9443,0.226892,35.1973,,1
Gaia16agf,0.02509,15.9737,1.3638,0.037954,15.9622,0.267166,35.2152,,1
2007cq,0.0251,15.6483,-0.13142,-0.006157,15.5839,0.286774,34.8369,,1
2007cq,0.0251,15.5833,-0.689247,-0.061404,15.5952,0.179903,34.8482,,1
2003it,0.0251,16.1328,-1.5665,0.026245,15.826,0.204219,35.079,,1
2007cq,0.0251,15.5662,-0.3274,-0.113141,15.756,0.174816,35.009,,1
AT2017cfc,0.02512,15.912,-0.915129,-0.006368,15.7746,0.188272,35.0276,,0
2011dn,0.02513,15.4132,0.21601,0.0523,15.2053,0.332169,34.4583,,1
2007sw,0.02517,16.0333,0.074801,0.096088,15.6587,0.305292,34.9117,,1
2012bh,0.02517,15.9697,-0.412737,-0.033322,15.9459,0.236747,35.1989,,1
370356,0.02517,15.8651,-0.288703,-0.077152,15.9747,0.202583,35.2277,,0
2002he,0.02519,15.9658,-1.65619,-0.061326,15.8609,0.152945,35.1139,,0
2002he,0.02519,16.0229,-1.66703,-0.038479,15.8615,0.172727,35.1145,,0
2018jjd,0.02521,15.4098,0.70895,-0.10281,15.7312,0.183307,34.9842,,0
2002bf,0.02525,15.7978,-2.2722,-0.103208,15.6911,0.239204,34.9441,,0
2002bf,0.02525,16.0595,-0.318008,0.13662,15.6533,0.267708,34.9063,,1
ASASSN-16bq,0.02534,16.0681,-1.67717,-0.052867,15.9352,0.174626,35.1882,,0
PS15ahs,0.02534,15.7344,0.17315,-0.091254,15.9444,0.183966,35.1974,,1
PSNJ0153424,0.02556,16.2304,-0.609377,0.069316,15.9298,0.23216,35.1828,,1
SN2017hn,0.02557,15.6562,0.62439,-0.027287,15.8091,0.188251,35.0621,,1
1992ag,0.02585,16.1351,-0.676962,0.20097,15.5134,0.343633,34.7664,,0
SN2017ms,0.02591,15.5491,0.43188,-0.120033,15.8651,0.198351,35.1181,,1
PSNJ2352371,0.02596,16.4324,-2.03886,-0.013533,16.1484,0.198664,35.4014,,0
2005M,0.02598,15.6227,1.50783,-0.092071,16.0401,0.177503,35.2931,,1
2005M,0.02598,15.6789,1.27672,-0.016115,15.8551,0.196395,35.1081,,1
2005M,0.02598,15.8973,1.55227,0.14443,15.582,0.347266,34.835,,1
SN2017mf,0.02598,16.0258,-0.158018,-0.027296,16.0581,0.176679,35.3111,,1
2005mc,0.02626,16.7696,-1.91661,0.17486,16.0325,0.287644,35.2855,,0
2005mc,0.02626,17.003,-2.6789,0.2078,16.0899,0.322102,35.3429,,0
ASASSN-15uu,0.02632,16.2928,0.96417,0.16344,15.7693,0.371366,35.0223,,0
2005ms,0.02669,15.8904,0.43692,-0.055584,16.055,0.177546,35.308,,1
1999gp,0.02691,15.8052,1.66138,0.015337,16.0158,0.181374,35.2688,,1
1999gp,0.02691,15.7147,1.38983,-0.046336,16.0362,0.204105,35.2892,,1
ASASSN-15mf,0.02695,15.9904,-1.14563,-0.023271,15.8654,0.179348,35.1184,,0
ASASSN-17at,0.02713,16.1718,-1.46792,-0.02295,15.9983,0.184798,35.2513,,1
SNF20071021-000,0.02714,16.2544,-0.784696,0.002318,16.0694,0.214364,35.3224,,0
2013fn,0.0273,15.9474,0.037964,-0.04987,16.0362,0.297685,35.2892,,1
2002eb,0.02731,15.7518,0.78251,-0.07121,16.0143,0.170229,35.2673,,1
2007co,0.02731,16.2334,-0.065862,0.021976,16.0907,0.229204,35.3437,,1
2007co,0.02731,16.2323,-0.697511,0.066694,15.8588,0.345538,35.1118,,1
2007co,0.02731,16.2374,-0.210051,0.054766,15.974,0.260248,35.227,,1
1992P,0.02736,15.7953,0.15615,-0.104397,16.06,0.218475,35.313,,1
2007su,0.0274,16.655,0.24547,0.17494,16.0512,0.351818,35.3042,,0
ASASSN-15fa,0.02741,16.3063,0.83709,0.053892,16.2706,0.223713,35.5236,,0
2005na,0.02748,15.6486,-0.435652,-0.130216,15.86,0.170601,35.113,,1
2005na,0.02748,15.8067,-0.361526,-0.073397,15.9008,0.184895,35.1538,,1
2005na,0.02748,15.7287,-0.319979,-0.087572,15.8587,0.168141,35.1117,,1
ASASSN-16av,0.02773,16.438,0.78114,0.16057,16.0937,0.288615,35.3467,,0
2006gj,0.02803,17.3773,-2.10847,0.23987,16.4728,0.320564,35.7258,,0
2010ii,0.02805,15.9035,-1.63665,-0.106486,15.8776,0.182787,35.1306,,1
2006ev,0.0281,16.7945,-1.33707,0.065619,16.4209,0.214662,35.6739,,0
PSNJ0252467,0.02816,15.943,-0.242102,-0.098566,16.1083,0.188706,35.3613,,1
2009aa,0.02819,16.0179,-0.776049,-0.080131,16.0644,0.171301,35.3174,,1
2011hb,0.0282,16.0947,0.14953,0.033306,16.0344,0.291687,35.2874,,1
2005eq,0.02823,16.0004,1.50904,-0.010084,16.2531,0.160842,35.5061,,1
2005eq,0.02823,16.0393,1.43934,-0.018126,16.3033,0.157926,35.5563,,1
2005eq,0.02823,16.051,1.30814,-0.022145,16.305,0.158705,35.558,,1
2003U,0.02833,16.2342,-2.12399,-0.041435,16.0135,0.17548,35.2665,,0
2009ad,0.02844,15.9027,0.14801,-0.08227,16.119,0.158011,35.372,,1
2009ad,0.02844,15.8932,0.1767,-0.069418,16.0891,0.15418,35.3421,,1
2002el,0.02849,15.8932,-1.27001,-0.076772,15.8519,0.179717,35.1049,,0
2008ar,0.02849,15.9649,0.19622,-0.092002,16.1838,0.178289,35.4368,,1
2008ar,0.02849,15.9302,-0.139414,-0.065509,16.0383,0.176186,35.2913,,1
2008ar,0.02849,15.9633,-0.003834,-0.070904,16.106,0.178209,35.359,,1
AT2017ns,0.02849,16.8426,-0.966399,0.2265,15.9433,0.365609,35.1963,,0
2004gs,0.02857,16.8819,-1.88149,0.099105,16.3466,0.233453,35.5996,,0
SN2017ckx,0.02858,16.0369,1.97167,-0.032273,16.4066,0.249928,35.6596,,0
2007is,0.02866,16.1685,-0.440798,0.004586,16.0919,0.209647,35.3449,,1
2013bs,0.02866,16.3552,-1.53613,-0.014122,16.1575,0.200097,35.4105,,0
1998ab,0.02873,15.8787,0.22754,0.08478,15.6957,0.226143,34.9487,,1
1993ah,0.02888,16.6311,-2.20166,0.10992,16.0233,0.65456,35.2763,,0
2006qo,0.02898,16.5815,0.38443,0.16289,16.2249,0.274049,35.4779,,0
ASASSN-15la,0.02902,16.109,-1.01539,0.053166,15.8028,0.21699,35.0558,,1
1996C,0.02913,16.3611,0.66261,0.042514,16.2622,0.249362,35.5152,,1
PS16cvc,0.02915,16.0629,1.16607,-0.099116,16.4418,0.181346,35.6948,,1
ASASSN-15fs,0.02917,16.0172,-0.021703,0.006798,15.9861,0.183851,35.2391,,1
2003ch,0.02919,16.4689,-1.30843,-0.033307,16.3494,0.167829,35.6024,,0
ASASSN-16ay,0.02938,16.7839,0.97889,0.20461,16.3692,0.298748,35.6222,,0
PSNJ0859349,0.02938,16.5366,-0.88688,0.064272,16.219,0.224134,35.472,,1
ASASSN-16fs,0.02944,16.1675,-1.34003,-0.026148,16.0231,0.178889,35.2761,,0
LSQ12gdj,0.02947,15.6921,1.27062,-0.007815,15.8409,0.271354,35.0939,,1
2000cw,0.02949,16.4358,-0.841401,-0.034882,16.3549,0.222602,35.6079,,1
2002de,0.0295,16.4092,0.32358,0.086425,16.1108,0.282455,35.3638,,1
ASASSN-16aj,0.02953,16.4313,-1.76764,-0.020436,16.2124,0.175805,35.4654,,0
ASASSN-16br,0.02956,16.032,0.82071,-0.056094,16.2534,0.188976,35.5064,,0
AT2017zd,0.02969,15.8994,0.19005,-0.056015,16.0251,0.192235,35.2781,,0
ASASSN-16hh,0.02978,15.9408,0.84206,-0.087344,16.2485,0.188445,35.5015,,1
ATLAS17ajn,0.02978,16.2993,-2.02735,-0.115244,16.2586,0.188868,35.5116,,0
Gaia16bba,0.0299,16.0666,0.007502,-0.062035,16.1824,0.183358,35.4354,,1
1997dg,0.02996,16.6295,-0.316156,-0.027815,16.608,0.19062,35.861,,0
2004ef,0.03012,16.5549,-1.24846,0.038781,16.2665,0.19422,35.5195,,1
2004ef,0.03012,16.5796,-1.42181,0.052068,16.2308,0.197459,35.4838,,1
2004ef,0.03012,16.656,-1.65809,0.071029,16.2231,0.231922,35.4761,,1
ASASSN-15nq,0.03023,16.1114,-0.336729,-0.090459,16.2655,0.163802,35.5185,,0
AT2017lm,0.03031,16.1577,1.07786,-0.016333,16.3012,0.214581,35.5542,,1
ASASSN-16fo,0.03036,15.8449,0.62311,-0.127449,16.2273,0.171694,35.4803,,0
ASASSN-16es,0.03047,16.3461,0.86084,0.040146,16.2815,0.256833,35.5345,,0
AT2016cyt,0.03059,16.1442,-1.7723,-0.09905,16.1056,0.162287,35.3586,,0
2013fy,0.03075,16.0923,0.50174,0.027979,16.0992,0.342093,35.3522,,0
ASASSN-15uw,0.03076,16.5948,-0.702146,0.045816,16.3554,0.21095,35.6084,,0
ASASSN-16hr,0.03083,16.3179,1.05225,0.054686,16.2118,0.277436,35.4648,,1
PS15cwx,0.03086,16.2028,-1.43085,-0.076494,16.1634,0.182859,35.4164,,0
1990O,0.03091,15.9911,0.51757,-0.069695,16.2396,0.164272,35.4926,,1
2001ba,0.03096,15.9327,0.16331,-0.198625,16.3951,0.204901,35.6481,,0
2009eu,0.03108,17.4639,-1.99511,0.20113,16.6694,0.398388,35.9224,,0
2009fv,0.03108,16.6725,-0.730586,0.16249,16.153,0.33102,35.406,,0
2009fv,0.03108,16.7939,-0.461572,0.25869,16.0844,0.37432,35.3374,,0
SNF20080909-030,0.0311,16.0978,1.09055,-0.037134,16.312,0.181727,35.565,,0
2008gg,0.03114,16.3496,1.124,0.040009,16.417,0.235291,35.67,,1
2008gg,0.03114,16.2469,0.83388,0.033608,16.2879,0.182914,35.5409,,1
1999cc,0.03116,16.5114,-1.60696,-0.027281,16.3347,0.166924,35.5877,,1
AT2017wb,0.03117,16.3747,1.3617,0.065589,16.2774,0.282294,35.5304,,0
MASTEROTJ08,0.03118,16.3293,-0.018273,-0.038482,16.4145,0.17243,35.6675,,0
2007bd,0.0312,16.2903,-1.2054,-0.056702,16.2427,0.17387,35.4957,,1
2007bd,0.0312,16.2545,-1.07849,-0.102398,16.3263,0.146208,35.5793,,1
2007bd,0.0312,16.3202,-1.4426,-0.054047,16.2311,0.151414,35.4841,,1
2006bt,0.03121,16.6542,0.30314,0.070684,16.519,0.222596,35.772,,0
2006bt,0.03121,16.6678,0.22867,0.083887,16.4898,0.225151,35.7428,,0
2006bt,0.03121,16.6694,0.18417,0.064411,16.5337,0.21497,35.7867,,0
2006bw,0.03132,17.2252,-1.75496,0.24188,16.3701,0.319748,35.6231,,0
ASASSN-15hg,0.03143,16.6256,-1.28742,0.011862,16.3931,0.194347,35.6461,,1
ATLAS17axb,0.03143,16.1111,-0.127194,-0.102111,16.3072,0.183588,35.5602,,1
2010gn,0.03147,16.5552,-0.777601,-0.103919,16.6589,0.272567,35.9119,,0
CSS160428,0.03148,16.1861,0.8256,-0.057822,16.4487,0.162055,35.7017,,1
2000dn,0.03148,16.3301,-0.301281,-0.082751,16.454,0.218912,35.707,,1
2006en,0.03162,16.5072,-0.171952,0.03606,16.3944,0.192354,35.6474,,1
2006en,0.03162,16.5576,-0.46389,0.023112,16.4317,0.186128,35.6847,,1
2008bq,0.03166,16.4518,0.36029,0.013262,16.4749,0.175991,35.7279,,1
ASASSN-16oz,0.03192,15.9323,1.49117,-0.039578,16.2062,0.274741,35.4592,,1
2006az,0.03201,16.2089,-1.42383,-0.106375,16.2366,0.146203,35.4896,,1
010026,0.03236,16.4521,-0.409321,-0.031578,16.4216,0.200299,35.6746,,1
AT2017po,0.03255,16.1447,0.21503,-0.0745,16.323,0.194953,35.576,,1
2007ai,0.0326,16.7685,1.00077,0.12338,16.6032,0.257396,35.8562,,0
2007ai,0.0326,16.8082,1.25446,0.15406,16.6047,0.293379,35.8577,,0
2007ux,0.03264,17.0308,-1.93734,0.044949,16.6278,0.188113,35.8808,,1
2007ux,0.03264,17.1482,-2.51403,0.14701,16.4126,0.273194,35.6656,,0
ASASSN-15pr,0.03264,16.6543,-0.669639,-0.055939,16.6552,0.19632,35.9082,,1
2008gl,0.03272,16.5278,-1.48661,-0.044974,16.4108,0.153695,35.6638,,0
2008gl,0.03272,16.5822,-1.25791,0.003104,16.3836,0.167699,35.6366,,0
2008gl,0.03272,16.5318,-1.37868,-0.028016,16.3901,0.145945,35.6431,,0
SN2016hpx,0.03282,16.2306,0.83599,-0.028927,16.3799,0.202232,35.6329,,1
SN2017cii,0.03289,16.2878,0.33544,-0.115009,16.5851,0.176607,35.8381,,1
2006te,0.0329,16.2935,-0.090751,-0.08068,16.4718,0.151157,35.7248,,1
2006os,0.03294,17.3448,-0.668765,0.27902,16.5462,0.324902,35.7992,,0
2004as,0.03296,16.6528,-0.251932,0.027296,16.4794,0.218528,35.7324,,1
2004as,0.03296,16.6988,0.42134,0.021543,16.6377,0.22412,35.8907,,1
ASASSN-16bc,0.03298,15.9166,0.5932,-0.159366,16.3634,0.165831,35.6164,,0
2008gp,0.03333,16.0703,-0.140482,-0.161762,16.4113,0.148513,35.6643,,0
2008gp,0.03333,16.209,-0.205011,-0.130539,16.4738,0.160376,35.7268,,1
2010ag,0.03335,16.3599,1.79713,0.028141,16.5629,0.19712,35.8159,,1
2005iq,0.03341,16.5537,-1.11399,-0.098536,16.6117,0.148553,35.8647,,1
2005iq,0.03341,16.4917,-1.16049,-0.126797,16.5986,0.141058,35.8516,,1
PS15bsq,0.03371,16.2831,0.51225,-0.069085,16.5267,0.1574,35.7797,,1
2004L,0.03373,17.1121,-1.03269,0.15241,16.576,0.272338,35.829,,1
2003gn,0.03375,17.1435,-1.09542,0.048082,16.7699,0.241513,36.0229,,1
2003cq,0.03378,16.9267,-0.735787,0.09667,16.5746,0.257715,35.8276,,1
2006S,0.03393,16.5789,0.8864,0.023002,16.6559,0.175145,35.9089,,1
2011dl,0.03403,16.8963,0.59667,0.12826,16.5057,0.311799,35.7587,,0
2006gr,0.03428,16.706,0.81322,0.065043,16.6658,0.205651,35.9188,,1
2006gr,0.03428,16.7436,0.80323,0.071739,16.6848,0.209584,35.9378,,1
ASASSN-16dw,0.03437,16.7191,-0.229019,0.054822,16.5307,0.215389,35.7837,,1
2007ba,0.03441,17.5063,-2.29268,0.24948,16.572,0.339534,35.825,,0
ATLAS17ajs,0.03451,17.0898,1.82151,0.17557,16.7227,0.357064,35.9757,,0
1996bl,0.03459,16.4495,-0.152679,-0.019262,16.4818,0.153296,35.7348,,1
2003kc,0.03479,16.8423,-0.627251,0.058669,16.6036,0.203994,35.8566,,1
2003iv,0.03491,16.7921,-2.07235,-0.076635,16.6588,0.163417,35.9118,,0
ASASSN-15jl,0.03512,16.4189,0.22915,-0.085933,16.6286,0.167159,35.8816,,1
1992bg,0.03515,16.5793,-0.452709,-0.052286,16.6407,0.209934,35.8937,,1
2005eu,0.03516,16.1294,0.098192,-0.189571,16.5482,0.482576,35.8012,,0
2005eu,0.03516,16.2508,0.85504,-0.083511,16.5508,0.4813,35.8038,,0
2008at,0.03522,17.3392,-1.53188,0.21412,16.5819,0.33312,35.8349,,0
ASASSN-15tg,0.03529,16.2518,1.54158,-0.052529,16.608,0.166424,35.861,,1
2007hu,0.03551,17.4537,-1.39482,0.20526,16.7375,0.373848,35.9905,,0
PTSS-16efw,0.03568,16.7345,-0.139619,-0.125294,16.981,0.186511,36.234,,1
2016fbk,0.03576,17.0065,-0.491218,0.092859,16.7061,0.223548,35.9591,,1
AT2016fbk,0.03576,17.1389,-0.008242,0.086894,16.9015,0.22873,36.1545,,0
1994T,0.03583,16.9856,-1.51339,0.031814,16.6795,0.202439,35.9325,,1
ASASSN-15mi,0.03585,16.2652,0.49532,-0.007576,16.2985,0.202534,35.5515,,1
ASASSN-15ss,0.03599,16.3442,0.79388,-0.120564,16.7379,0.185228,35.9909,,1
2001ck,0.03616,16.4577,0.012403,-0.070943,16.6056,0.221845,35.8586,,1
PS15bbn,0.03624,16.6331,1.50732,-0.047187,16.9315,0.185288,36.1845,,1
ASASSN-15lu,0.03635,16.775,-0.590345,-0.041141,16.7505,0.183273,36.0035,,0
2008hj,0.03682,16.4945,0.18381,-0.0755,16.6752,0.154255,35.9282,,1
2008hj,0.03682,16.5136,-0.463779,-0.090516,16.6306,0.183129,35.8836,,1
2000dg,0.03697,16.7545,-1.33287,-0.128394,16.8218,0.288021,36.0748,,0
2002G,0.03702,17.3659,-1.4815,0.24238,16.5526,0.306981,35.8056,,0
2002G,0.03702,17.3426,-1.20109,0.19738,16.6757,0.317324,35.9287,,0
2006mo,0.03702,17.1662,-2.1933,0.009815,16.8165,0.17293,36.0695,,0
2008ei,0.03702,17.4398,0.080205,0.18318,16.827,0.335728,36.08,,0
2002hu,0.03705,16.3971,0.52295,-0.099791,16.7107,0.164362,35.9637,,1
2000cf,0.03707,16.7894,-0.520479,-0.047118,16.7945,0.164133,36.0475,,1
2001eh,0.03725,16.3815,1.78553,-0.042863,16.7537,0.13249,36.0067,,1
2001eh,0.03725,16.4071,1.71263,-0.030117,16.7397,0.146711,35.9927,,1
ASASSN-16db,0.0373,16.8165,-1.00742,0.016022,16.6168,0.187759,35.8698,,1
AT2016hns,0.0374,16.6564,-1.00508,-0.096867,16.7259,0.16144,35.9789,,1
ASASSN-15bc,0.03753,16.8648,0.56778,0.056405,16.696,0.261217,35.949,,1
2007jg,0.03756,16.9229,-0.411462,-0.104639,17.0803,0.169106,36.3333,,1
2007jg,0.03756,16.9973,-0.553643,-0.034681,16.9655,0.169201,36.2185,,1
AT2016cvw,0.03787,17.0781,-1.83186,0.020595,16.7533,0.204884,36.0063,,0
2002eu,0.0379,17.1311,-2.0681,0.005897,16.8094,0.160756,36.0624,,0
2008gb,0.03796,16.8088,0.035543,-0.026254,16.8359,0.197034,36.0889,,1
2007O,0.03818,16.4877,-0.124259,-0.068868,16.6408,0.149302,35.8938,,1
2007O,0.03818,16.5407,-0.531568,-0.060189,16.6087,0.150297,35.8617,,1
2008fr,0.03828,16.5287,0.49771,-0.117726,16.8611,0.234604,36.1141,,1
SN2017ciy,0.03834,17.1524,1.4631,0.012273,17.2647,0.244319,36.5177,,0
2008O,0.03847,17.8587,-1.93144,0.25164,16.9724,0.310014,36.2254,,0
2009bv,0.03848,16.6178,0.46163,-0.139538,17.0034,0.147524,36.2564,,1
2008051,0.03873,16.37,0.71931,-0.132215,16.7595,0.168197,36.0125,,1
ASASSN-15np,0.03884,17.0748,-1.06429,0.05253,16.773,0.21784,36.026,,1
2010dw,0.03902,16.8729,0.19176,0.058849,16.7595,0.202924,36.0125,,0
ASASSN-15pn,0.03909,16.9519,0.38124,0.001447,16.9432,0.219165,36.1962,,0
1999aw,0.0391,16.5274,2.26683,-0.057719,16.9595,0.181523,36.2125,,0
2008dr,0.04014,17.2345,-1.38746,-0.001615,17.031,0.145415,36.284,,1
PS15cze,0.04035,17.5972,-1.51168,0.030005,17.2956,0.233076,36.5486,,1
2003fa,0.04056,16.3639,1.18712,-0.094287,16.7637,0.14091,36.0167,,1
2003fa,0.04056,16.4737,1.50968,-0.052499,16.8288,0.142444,36.0818,,1
SN2016glz,0.04077,16.6259,1.11871,-0.00329,16.7388,0.208725,35.9918,,0
PS16axi,0.04089,16.9177,-0.724985,-0.028406,16.8733,0.166662,36.1263,,1
SN2017coa,0.04095,16.9721,0.71195,-0.047302,17.1574,0.305998,36.4104,,0
2009do,0.04099,16.8767,-1.16148,-0.035481,16.7873,0.144749,36.0403,,1
2001az,0.04101,16.7018,1.11507,-0.081271,17.0623,0.148357,36.3153,,1
2007jh,0.04167,18.0581,-1.96997,0.1894,17.3071,0.278818,36.5601,,0
1992bl,0.04222,17.0492,-1.72194,-0.069318,16.9571,0.206282,36.2101,,1
2014bj,0.04258,17.1604,0.80842,-0.010656,17.2576,0.425631,36.5106,,1
2006cf,0.04268,16.792,-0.261406,-0.125206,17.0401,0.148584,36.2931,,1
2006cz,0.04268,16.8023,1.55722,0.14909,16.6608,0.29325,35.9138,,0
2007kk,0.04285,16.7327,0.94211,-0.049623,16.9991,0.17345,36.2521,,1
2007kk,0.04285,16.6875,0.93536,-0.050188,16.9541,0.164312,36.2071,,1
AT2016htm,0.04289,16.8576,-0.466558,-0.07832,16.9488,0.160264,36.2018,,1
ASASSN-16ct,0.04306,16.8323,1.47021,-0.001683,16.9927,0.205288,36.2457,,0
SN2016ayg,0.04349,16.9244,-0.263111,-0.128598,17.1635,0.163855,36.4165,,0
2007nq,0.04349,17.1283,-1.89805,-0.047927,16.9607,0.149773,36.2137,,0
2007nq,0.04349,17.1204,-1.73962,-0.075568,17.0352,0.164424,36.2882,,0
MASTERJ0134,0.04369,16.8032,0.40246,-0.070549,17.0064,0.175714,36.2594,,1
ASASSN-15mg,0.04408,17.233,-1.55653,-0.044881,17.0768,0.179185,36.3298,,1
AT2016cvv,0.04438,17.2196,1.47222,0.054703,17.2939,0.229619,36.5469,,1
2005ku,0.04439,17.3103,-0.1945,0.06224,17.0386,0.247611,36.2916,,1
1992bh,0.0444,17.3486,-0.008455,0.023653,17.298,0.269174,36.551,,1
2006gt,0.04464,17.9183,-2.07243,0.090384,17.2584,0.284996,36.5114,,0
2006hx,0.04487,17.2424,-0.133588,0.011652,17.2035,0.160073,36.4565,,0
PS16cqa,0.04521,18.2514,-2.74165,0.17268,17.4336,0.303723,36.6866,,0
PSNJ1204051,0.04545,17.1026,1.28783,0.035848,17.2011,0.1944,36.4541,,1
2005hc,0.04575,17.1229,0.42521,-0.026552,17.2104,0.171419,36.4634,,1
2005hc,0.04575,17.0338,0.7928,-0.058108,17.2609,0.149515,36.5139,,1
SN2016esh,0.04583,16.8475,-1.2223,-0.11222,16.9049,0.180751,36.1579,,0
PS17tn,0.0459,17.3349,-0.608838,0.043621,17.1281,0.194137,36.3811,,0
2008050,0.04625,16.8728,1.07343,-0.011597,17.0106,0.216428,36.2636,,1
AT2016ews,0.04631,16.7729,1.0445,-0.15924,17.2864,0.156917,36.5394,,0
2005lz,0.04643,17.3971,-1.22727,0.0596,17.0717,0.193143,36.3247,,1
360156,0.04656,17.3611,-0.863374,-0.028343,17.2551,0.207815,36.5081,,1
2004gu,0.04664,17.1781,1.42917,0.069815,17.2183,0.192203,36.4713,,0
2008cf,0.04682,16.7783,1.32938,-0.116433,17.2256,0.145717,36.4786,,1
2008cf,0.04682,16.7401,1.28827,-0.143532,17.2327,0.180924,36.4857,,1
AT2017yk,0.04691,17.9803,-0.599325,0.15152,17.5052,0.279376,36.7582,,1
2016afk,0.04738,17.5003,-0.290903,0.03245,17.3112,0.227553,36.5642,,0
PS16fa,0.0476,17.4422,-0.651798,-0.002868,17.3479,0.159417,36.6009,,1
PS15aii,0.04777,17.1377,0.34871,-0.060972,17.3416,0.142856,36.5946,,1
PS17akj,0.04777,16.9973,1.35352,-0.060006,17.3097,0.207053,36.5627,,1
ATLAS16agv,0.04819,16.8529,1.32221,-0.094154,17.2446,0.16366,36.4976,,0
ASASSN-15pm,0.04837,16.9899,-0.070478,-0.058198,17.1205,0.152367,36.3735,,1
1995ac,0.0486,16.8089,0.7562,-0.061435,17.0773,0.133124,36.3303,,1
AT2016gmg,0.04865,17.5328,-1.82133,-0.048298,17.388,0.179443,36.641,,0
1990af,0.04934,17.5016,-2.16797,-0.06932,17.3467,0.200877,36.5997,,0
PS16el,0.0494,17.3414,-1.31125,-0.040141,17.2161,0.174923,36.4691,,1
2006cq,0.04944,17.3241,-0.16718,-0.006857,17.3298,0.165914,36.5828,,1
1993ag,0.04985,17.6141,-0.828686,0.047309,17.3872,0.242899,36.6402,,0
PS15asb,0.04989,17.4425,-1.52138,0.00342,17.2184,0.183555,36.4714,,1
1998dx,0.05018,17.3128,-1.59626,-0.106585,17.3163,0.153455,36.5693,,0
PS16dnp,0.05023,17.2868,0.80899,-0.094383,17.6053,0.160978,36.8583,,1
2007kh,0.05032,17.6127,0.61284,0.11931,17.2873,0.452607,36.5403,,1
ASASSN-17eb,0.05044,17.5333,-1.50448,0.044908,17.2091,0.200082,36.4621,,0
PS15brr,0.05049,17.0267,0.69604,-0.07921,17.2931,0.189043,36.5461,,0
2008hu,0.05052,17.5866,-1.71892,-0.049449,17.4506,0.130602,36.7036,,0
AT2016cor,0.05066,18.1221,-0.547169,0.13877,17.5993,0.30135,36.8523,,0
PS16fbb,0.05106,17.2831,0.64076,-0.114949,17.6274,0.166181,36.8804,,1
2003ic,0.05126,17.3861,-1.69928,-0.023174,17.14,0.199631,36.393,,0
ASASSN-16hc,0.05151,16.9633,1.2185,-0.078777,17.3332,0.154491,36.5862,,1
1993O,0.05194,17.3769,-0.650657,-0.102247,17.5229,0.226579,36.7759,,0
2006ot,0.05202,17.7273,0.82077,0.099567,17.6149,0.206551,36.8679,,1
2006ot,0.05202,17.7779,-1.13594,0.13415,17.2903,0.297607,36.5433,,0
AT2016htn,0.05222,17.7995,-0.150879,0.077106,17.5881,0.216572,36.8411,,1
PS16evk,0.05262,17.4023,1.53705,-0.030061,17.6614,0.205745,36.9144,,1
PS16n,0.05309,17.4272,-0.327907,-0.060269,17.5222,0.159497,36.7752,,0
2010dt,0.05316,17.3523,-0.080844,-0.10615,17.5944,0.170074,36.8474,,1
2006lu,0.05346,17.2516,0.26916,-0.139525,17.6101,0.131065,36.8631,,1
PS16bby,0.05468,17.7042,-0.806099,0.002451,17.5797,0.176852,36.8327,,0
PS16ayd,0.05469,17.1682,0.92156,-0.131506,17.6051,0.147136,36.8581,,1
SN2017cpu,0.05502,17.1232,0.75323,-0.060611,17.3903,0.173333,36.6433,,0
490007,0.05541,17.6246,-0.205706,-0.026126,17.6146,0.19249,36.8676,,1
AT2017oz,0.05614,17.5379,-0.067616,-0.021953,17.5579,0.191265,36.8109,,0
2006py,0.05653,17.6261,0.1865,-0.014706,17.6568,0.18307,36.9098,,0
PS16aer,0.05693,17.8625,-0.052972,0.031526,17.7863,0.174228,37.0393,,1
2005hj,0.05708,17.4717,1.61884,-0.02589,17.7373,0.169312,36.9903,,1
2008eq,0.05728,17.9717,0.50506,0.10104,17.8157,0.21967,37.0687,,1
2006ob,0.05824,17.9386,-2.16098,-0.044057,17.7291,0.135485,36.9821,,0
2006ob,0.05824,17.9693,-2.38342,-0.021561,17.6794,0.144234,36.9324,,0
SN2016gmb,0.0583,17.3271,1.1287,-0.099359,17.7015,0.180838,36.9545,,1
2001ah,0.05886,17.3932,1.326,-0.055128,17.7272,0.213869,36.9802,,1
2001ah,0.05886,17.3618,1.74513,-0.115505,17.893,0.251358,37.146,,0
LSQ13crf,0.05974,17.3169,0.16708,0.078608,17.0471,0.616925,36.3001,,0
SN2017cjv,0.06092,17.7058,-1.26761,-0.112822,17.779,0.175525,37.032,,0
2008bz,0.06099,17.6716,-0.455183,-0.136015,17.9101,0.120944,37.1631,,1
2008bz,0.06099,17.6273,0.013388,-0.137115,17.9395,0.158283,37.1925,,1
SN2016hhv,0.06121,17.6183,-0.771196,-0.182466,17.8853,0.196159,37.1383,,0
2008go,0.06137,17.796,-0.812736,-0.006665,17.7078,0.194277,36.9608,,0
2008go,0.06137,17.7737,-0.766723,-0.015834,17.7161,0.139395,36.9691,,0
2006oa,0.06153,17.6386,1.27481,-0.016435,17.8217,0.181317,37.0747,,1
1992bs,0.06372,18.0085,-0.254896,-0.046839,18.0987,0.204745,37.3517,,1
SN2016aqb,0.06384,17.4334,0.76814,-0.102702,17.7667,0.153498,37.0197,,0
PS16bnz,0.06446,17.6896,-1.13602,-0.138069,17.8256,0.15205,37.0786,,0
2007ae,0.06533,17.5401,1.75915,-0.012542,17.8321,0.150634,37.0851,,1
PS15cms,0.06627,17.8457,1.37281,-0.020643,18.1087,0.201511,37.3617,,1
6057,0.06654,18.4415,-0.423267,0.11238,17.9097,0.294956,37.1627,,1
SN2016ixf,0.06711,17.8074,0.79391,-0.114194,18.1707,0.192528,37.4237,,1
AT2016aj,0.06725,18.1501,-1.03989,0.013964,17.9814,0.201202,37.2344,,0
PS15bjg,0.06786,18.0541,-0.875725,-0.147356,18.2405,0.188576,37.4935,,0
CSS160129,0.06844,17.5247,0.68966,-0.166092,17.9851,0.189306,37.2381,,0
2006al,0.06886,18.122,-1.43923,-0.120727,18.1683,0.15702,37.4213,,0
PTSS17-niq,0.06897,18.0142,-0.597985,-0.041041,18.0287,0.172038,37.2817,,0
1993B,0.07023,18.2099,-0.323197,0.034078,18.0414,0.276366,37.2944,,1
2008Y,0.07056,18.203,-0.281662,0.060506,18.0431,0.225296,37.2961,,1
2008Y,0.07056,18.2412,-0.607813,0.060985,18.0245,0.210599,37.2775,,1
PS17yt,0.07073,17.8232,0.40963,-0.154333,18.2257,0.174101,37.4787,,0
PS16em,0.07083,18.7988,-0.938437,0.19617,18.2284,0.446252,37.4814,,0
2006on,0.07089,18.2534,0.95018,0.088566,18.2013,0.246335,37.4543,,0
470043,0.0709,18.4783,0.45622,-9.4e-05,18.4761,0.5011,37.7291,,0
ATLAS16bwu,0.07091,18.238,0.10725,0.042792,18.1182,0.226654,37.3712,,0
PS15bdr,0.07116,18.3636,-2.30724,-0.007798,18.1022,0.194143,37.3552,,0
PS15bwh,0.07158,17.6874,0.71915,-0.081314,17.9964,0.158791,37.2494,,1
370566,0.07167,18.2153,-0.201739,-0.012934,18.1625,0.207205,37.4155,,0
PS15mt,0.07193,17.9245,1.6136,-0.075972,18.3088,0.178788,37.5618,,0
2007jd,0.07222,18.615,-0.876053,0.041465,18.3789,0.197861,37.6319,,0
PS15atx,0.07252,18.1952,-1.43738,-0.180099,18.3695,0.303565,37.6225,,0
Gaia16aki,0.07393,18.0217,0.59125,-0.087634,18.3005,0.174425,37.5535,,1
1992ae,0.0744,18.1864,-0.748829,-0.036856,18.1816,0.220406,37.4346,,0
PS17bii,0.07446,18.1038,-0.890865,-0.096392,18.1971,0.190211,37.4501,,1
7876,0.0752,18.1515,0.46915,-0.02499,18.2233,0.177722,37.4763,,0
2005ir,0.0752,18.1593,0.72205,-0.025823,18.3126,0.152624,37.5656,,1
2010hs,0.0756,18.1524,1.12001,-0.101863,18.5612,0.287885,37.8142,,0
AT2016gsu,0.07575,18.3234,-1.91024,-0.113501,18.2931,0.215486,37.5461,,0
370333,0.07588,18.2386,0.91969,-0.021726,18.3812,0.196478,37.6342,,1
PS15bif,0.07845,18.2219,0.31647,-0.025674,18.3185,0.147949,37.5715,,0
Gaia16acv,0.07859,18.1412,0.56816,-0.158189,18.5785,0.143561,37.8315,,0
17186,0.07875,18.9969,0.62903,0.11553,18.7624,0.237723,38.0154,,0
2007hx,0.07875,18.9579,0.48448,0.090692,18.8412,0.178084,38.0942,,1
560033,0.07895,18.8016,-0.248002,0.09678,18.3458,0.502614,37.5988,,1
12779,0.07906,18.9489,-0.63006,0.10798,18.5313,0.236664,37.7843,,1
PS15bzz,0.07931,18.3565,-0.914595,-0.017322,18.277,0.14472,37.53,,1
350316,0.07991,18.2603,-0.427538,-0.071956,18.3473,0.155478,37.6003,,1
2005ag,0.08009,18.1867,0.28209,-0.074453,18.4138,0.116193,37.6668,,1
12950,0.08167,18.6972,-0.396496,0.027176,18.4685,0.217982,37.7215,,1
130308,0.08245,18.9741,-1.01914,0.091493,18.5662,0.215925,37.8192,,0
12898,0.08282,18.776,-0.063567,0.068219,18.4244,0.264262,37.6774,,0
12781,0.08309,19.1417,-1.83569,0.041548,18.7409,0.193241,37.9939,,0
SN2016glp,0.0841,18.8788,0.96912,0.13583,18.7156,0.219943,37.9686,,1
3592,0.08572,18.5167,-0.153731,-0.039793,18.5876,0.125696,37.8406,,1
SN2016grz,0.08704,18.6515,0.81158,0.0535,18.5954,0.215122,37.8484,,1
1241,0.0887,18.8841,-0.551806,0.055246,18.5242,0.251737,37.7772,,1
590194,0.09039,18.7522,0.27044,0.01867,18.6672,0.215354,37.9202,,1
370066,0.09089,18.5599,-0.081354,-0.101902,18.7739,0.165363,38.0269,,1
300105,0.09205,19.1822,0.32783,0.072885,18.9072,0.264969,38.1602,,1
iPTF17dz,0.09293,19.0785,1.72317,0.11392,18.9696,0.492553,38.2226,,1
010010,0.0995,19.1455,0.9091,0.010397,19.1847,0.192832,38.4377,,0
160099,0.10165,18.9294,0.63877,-0.023302,19.0452,0.16334,38.2982,,1
000190,0.10221,19.2136,0.084611,0.003738,19.1555,0.185457,38.4085,,1
140181,0.10246,18.995,0.78345,0.017158,18.9981,0.197718,38.2511,,1
100405,0.10294,19.1817,-0.941741,0.044595,18.9285,0.184283,38.1815,,0
13135,0.10361,19.1203,-1.34728,-0.067243,19.0808,0.123462,38.3338,,0
20064,0.10374,19.0064,0.81627,0.057464,18.9549,0.194592,38.2079,,0
13038,0.10507,18.9637,1.43036,-0.02399,19.1765,0.234634,38.4295,,0
18697,0.10661,18.9675,0.73545,-0.002417,19.0081,0.193664,38.2611,,1
20625,0.10707,19.2299,-0.101771,-0.000837,19.2094,0.14869,38.4624,,1
3256,0.10711,19.3312,-0.424628,0.006569,19.1765,0.208727,38.4295,,0
120225,0.10713,19.4712,-0.829043,-0.070405,19.5271,0.467763,38.7801,,0
21034,0.10774,19.3396,0.064478,0.035552,19.2454,0.178023,38.4984,,1
500038,0.10794,19.049,1.20471,0.00565,19.1487,0.185149,38.4017,,1
7147,0.10908,19.2253,-1.94961,-0.093395,19.1486,0.130417,38.4016,,0
020027,0.11001,19.3621,0.29665,0.036283,19.3171,0.177701,38.5701,,1
18650,0.11259,19.1929,0.88484,-0.037948,19.3684,0.160952,38.6214,,1
18612,0.11388,19.4256,-0.737167,0.064074,19.1346,0.193044,38.3876,,1
8719,0.1165,19.1687,0.017727,-0.062751,19.2878,0.157601,38.5408,,1
5395,0.11653,19.2338,1.18355,-0.014134,19.3772,0.18377,38.6302,,1
2561,0.1176,19.5522,-0.089094,0.041592,19.3197,0.23811,38.5727,,1
16259,0.11792,19.7957,-1.4998,0.078972,19.3558,0.212712,38.6088,,0
1371,0.11818,18.8049,0.79096,-0.102471,19.1627,0.124156,38.4157,,0
000137,0.11901,19.6281,-0.710055,0.081772,19.3099,0.210657,38.5629,,0
5549,0.12014,19.4009,0.25819,0.00707,19.3428,0.198366,38.5958,,0
12860,0.12058,19.9801,-0.302934,0.14487,19.5396,0.250808,38.7926,,0
490008,0.12086,19.1035,0.35309,-0.099903,19.3818,0.30142,38.6348,,1
19953,0.12207,18.9546,0.72853,-0.130952,19.3415,0.15559,38.5945,,1
390259,0.12231,19.5572,-0.298396,0.028867,19.3589,0.22956,38.6119,,0
18835,0.12278,19.3059,0.75966,-0.007491,19.4323,0.14204,38.6853,,0
2916,0.12316,19.7657,-0.749253,0.071644,19.3437,0.273311,38.5967,,0
16021,0.12357,19.3661,-0.33583,-0.036819,19.3634,0.159899,38.6164,,1
13894,0.12377,20.088,0.71922,0.16435,19.5479,0.332272,38.8009,,0
570062,0.12383,19.3781,0.11582,-0.080542,19.5712,0.147879,38.8242,,0
6406,0.12393,19.3822,0.12939,-0.000358,19.3974,0.143276,38.6504,,1
19543,0.12405,19.6998,-0.83315,-0.022316,19.582,0.21988,38.835,,1
13044,0.12472,19.3395,-0.017798,-0.070705,19.5086,0.12294,38.7616,,1
15459,0.1256,20.2955,0.37953,0.11269,19.8887,0.297722,39.1417,,0
2992,0.12623,19.825,-0.956571,0.10938,19.2426,0.292103,38.4956,,1
16069,0.12706,19.8717,0.89709,0.16215,19.5595,0.258272,38.8125,,0
744,0.1271,19.5745,1.39569,0.073211,19.4319,0.279584,38.6849,,1
14871,0.1272,19.2189,1.26484,-0.053521,19.4899,0.157206,38.7429,,1
18855,0.12732,19.4888,0.24873,-0.022638,19.5311,0.174841,38.7841,,1
22075,0.1292,19.6757,-1.67195,-0.031458,19.5017,0.148545,38.7547,,0
1032,0.12921,20.1088,-2.5393,0.052555,19.5873,0.211075,38.8403,,0
5751,0.1295,19.8919,0.76202,0.15562,19.58,0.248982,38.833,,0
18415,0.12958,19.6372,-1.6309,-0.083735,19.5899,0.140171,38.8429,,0
18809,0.13169,19.5473,-1.16804,-0.072678,19.549,0.13184,38.802,,0
151034,0.13281,19.128,0.31621,-0.147882,19.5311,0.119156,38.7841,,0
1334084,0.13366,20.0142,-0.905296,0.071312,19.5736,0.28243,38.8266,,0
15508,0.13372,19.3537,0.88393,-0.059426,19.5904,0.155367,38.8434,,1
14108,0.13477,19.9593,0.24103,0.00401,19.9836,0.19752,39.2366,,0
15234,0.13535,20.2128,0.89204,0.13004,19.8245,0.312165,39.0775,,1
000014,0.13614,19.3954,0.47577,-0.111842,19.7241,0.204855,38.9771,,1
17629,0.13658,19.8089,-0.34633,0.061157,19.5945,0.193696,38.8475,,1
19775,0.137,20.0509,-0.212482,0.098699,19.7565,0.222665,39.0095,,1
18602,0.13713,19.8656,0.90996,0.063535,19.7086,0.257725,38.9616,,1
21062,0.13745,20.1128,0.72242,0.019183,20.0981,0.228804,39.3511,,0
17366,0.13822,19.3343,0.56478,-0.091214,19.6327,0.125613,38.8857,,1
15171,0.13826,19.4545,0.67029,-0.072561,19.6973,0.157441,38.9503,,1
190340,0.1384,19.5213,0.50784,-0.06629,19.7699,0.121281,39.0229,,1
20084,0.13851,20.3104,0.078701,0.14895,19.7871,0.31794,39.0401,,1
12928,0.13875,19.6791,-0.5426,-0.061299,19.7469,0.173939,38.9999,,0
190230,0.1388,19.8198,-1.41317,-0.074607,19.7937,0.127924,39.0467,,0
090275,0.13955,19.834,-1.10837,-0.037598,19.7683,0.143245,39.0213,,1
1794,0.14082,19.8715,1.15712,0.038687,19.9245,0.182028,39.1775,,1
17208,0.14104,19.7308,0.86472,-0.071594,20.0305,0.201715,39.2835,,0
340229,0.14123,20.0366,-1.42415,-0.005584,19.7877,0.210706,39.0407,,1
1317666,0.14134,20.1943,-0.139994,0.067004,19.8707,0.259463,39.1237,,0
2635,0.14325,19.5979,0.85923,-0.045749,19.794,0.158316,39.047,,1
17568,0.14345,20.9235,0.5715,0.21811,20.2624,0.369665,39.5154,,0
190260,0.14359,19.5762,0.98142,-0.052167,19.8605,0.126647,39.1135,,0
17497,0.14404,19.7966,0.90707,0.038584,19.8226,0.168444,39.0756,,1
8921,0.14423,19.7166,0.73414,-8e-06,19.763,0.239442,39.016,,1
17605,0.14542,19.8441,0.80389,0.023015,19.8988,0.208421,39.1518,,0
1296657,0.14638,19.8604,0.78851,-0.00667,19.9327,0.205643,39.1857,,0
440008,0.14652,20.0078,-0.308162,0.00046,19.905,0.185624,39.158,,0
1316385,0.14737,19.5986,1.29208,-0.011258,19.7624,0.19564,39.0154,,0
13796,0.14747,19.5934,0.79596,-0.021491,19.7142,0.169668,38.9672,,1
14024,0.14771,20.2606,-1.92744,0.041117,19.881,0.186845,39.134,,1
180166,0.14778,19.9028,0.60099,0.035097,19.908,0.168022,39.161,,1
1293758,0.14803,20.023,-1.32993,-0.061076,19.9755,0.183004,39.2285,,0
14437,0.14806,19.4874,0.61897,-0.097744,19.7852,0.155606,39.0382,,0
1255502,0.14834,19.3979,1.05148,-0.089005,19.7709,0.140105,39.0239,,0
13736,0.14898,19.7422,1.11597,-0.022762,19.9076,0.172844,39.1606,,1
2308,0.1494,19.3438,0.67412,-0.185917,19.8574,0.173123,39.1104,,0
000038,0.1505,19.711,0.71049,-0.028408,19.8528,0.167881,39.1058,,0
460003,0.15084,19.8537,-0.825438,-0.072656,19.9157,0.131373,39.1687,,0
2031,0.15195,19.4488,0.48801,-0.12821,19.7947,0.156456,39.0477,,0
18323,0.15291,19.9903,0.1555,-0.038108,20.0709,0.171081,39.3239,,0
15132,0.15318,19.5181,1.06523,-0.132017,19.9645,0.124868,39.2175,,0
18740,0.15336,19.9253,-0.040405,0.029946,19.8461,0.157633,39.0991,,0
19353,0.15341,19.9805,0.90998,0.040687,20.0034,0.177329,39.2564,,0
16073,0.15357,19.9937,0.73651,-0.022417,20.1109,0.173378,39.3639,,0
5550,0.15511,19.6132,1.90274,-0.0481,19.9546,0.165696,39.2076,,0
16116,0.15526,19.7176,0.53168,-0.106952,20.025,0.155517,39.278,,0
18030,0.15536,20.1367,-0.586144,-0.048067,20.1464,0.173773,39.3994,,0
19940,0.15601,19.5573,1.05584,-0.022894,19.7174,0.177159,38.9704,,0
13354,0.15671,20.0523,1.04984,0.091214,19.9557,0.208548,39.2087,,0
16206,0.15856,20.1411,-2.62037,-0.0204,19.8264,0.161473,39.0794,,0
440042,0.15921,20.4441,-1.47864,-0.002896,20.1737,0.282399,39.4267,,0
14782,0.15931,19.7034,-0.318108,-0.014442,19.6973,0.141359,38.9503,,0
15425,0.15948,19.6973,0.98515,-0.00034,19.8378,0.140474,39.0908,,0
1299775,0.16004,20.3483,-0.41485,0.18093,19.7898,0.269298,39.0428,,0
3317,0.16008,20.1033,-0.521071,0.022923,19.9756,0.165527,39.2286,,0
2689,0.16053,20.0034,1.3874,0.081374,19.9527,0.215367,39.2057,,0
390627,0.16061,19.9523,-1.70509,-0.196539,20.1712,0.258956,39.4242,,0
5103,0.16077,20.1108,-0.229473,0.019933,19.9632,0.207521,39.2162,,0
120336,0.16122,20.311,-0.240589,0.046132,20.0576,0.244838,39.3106,,0
17825,0.16236,20.1566,-0.136652,0.003422,20.0722,0.222431,39.3252,,0
19174,0.16375,20.2688,-0.75334,0.055899,20.0277,0.199176,39.2807,,0
3087,0.16448,20.0167,0.52853,0.008116,20.0104,0.197482,39.2634,,0
19616,0.16471,19.9871,0.13877,-0.02465,20.0763,0.136814,39.3293,,0
20764,0.16495,20.0213,-1.41288,-0.107752,20.0652,0.148483,39.3182,,0
20430,0.16603,20.531,-1.19771,0.022653,20.2408,0.240376,39.4938,,0
12843,0.16606,20.1697,-1.02597,0.040491,19.9287,0.191603,39.1817,,0
12853,0.16828,19.9658,-0.57422,-0.056428,20.0227,0.163613,39.2757,,0
350233,0.16924,20.3426,-0.472297,-0.014341,20.2625,0.180867,39.5155,,0
17389,0.16971,20.5418,1.11247,0.066589,20.4191,0.273568,39.6721,,0
12856,0.17042,19.8925,0.86254,-0.087386,20.2212,0.129908,39.4742,,0
590005,0.17124,20.2726,0.4429,-0.004281,20.2894,0.274175,39.5424,,0
310039,0.17169,20.3726,-0.296436,0.02034,20.2073,0.21301,39.4603,,0
19282,0.17256,20.041,1.24309,-0.03095,20.2491,0.175342,39.5021,,0
1303279,0.1727,19.6519,0.95265,-0.091507,20.0146,0.149932,39.2676,,0
100090,0.17297,20.818,-1.0254,0.038294,20.4733,0.251121,39.7263,,0
3080,0.17331,19.9993,0.10905,-0.046043,20.1341,0.129054,39.3871,,0
15897,0.17374,20.6321,-2.41302,0.009375,20.2873,0.181179,39.5403,,0
120143,0.17378,19.9753,-0.260387,-0.073187,20.0963,0.149076,39.3493,,0
15648,0.17392,20.8221,-1.3803,0.11997,20.3456,0.317382,39.5986,,0
14421,0.17417,20.2,-0.675014,-0.093204,20.3204,0.134443,39.5734,,0
16165,0.1742,19.881,0.35241,-0.071679,20.0787,0.151928,39.3317,,0
5350,0.17438,20.1434,-0.610994,-0.083311,20.2523,0.181979,39.5053,,0
15583,0.17443,20.488,-0.19462,0.036757,20.3016,0.22939,39.5546,,0
19969,0.17444,20.2579,0.063822,0.018037,20.2319,0.160388,39.4849,,0
18604,0.17498,20.6868,-2.13552,-0.04209,20.4904,0.18,39.7434,,0
14979,0.17666,19.9557,0.2335,-0.115795,20.2634,0.132749,39.5164,,0
17218,0.17713,20.1764,-0.7975,-0.082569,20.2565,0.173535,39.5095,,0
14451,0.17737,19.9351,0.31635,-0.101925,20.2241,0.135602,39.4771,,0
17220,0.17786,20.2949,1.85173,0.13563,20.0864,0.255935,39.3394,,0
370428,0.17791,20.0457,0.6175,-0.103502,20.3947,0.128745,39.6477,,0
5635,0.17852,20.6759,0.067257,-0.023431,20.7139,0.206103,39.9669,,0
6936,0.17901,20.3225,0.045589,-0.019462,20.388,0.155005,39.641,,0
300179,0.17911,20.2561,0.093615,-0.099039,20.5142,0.19965,39.7672,,0
13045,0.17931,20.4371,-0.084895,0.06112,20.2825,0.228237,39.5355,,0
1347120,0.17952,20.6052,-0.438722,0.052455,20.2979,0.279272,39.5509,,0
2372,0.17973,20.3128,0.30922,0.028617,20.2989,0.172535,39.5519,,0
1303496,0.17975,20.5435,-0.40919,0.050812,20.3432,0.207177,39.5962,,0
13254,0.18004,20.9102,0.52413,0.099535,20.7449,0.266717,39.9979,,0
14284,0.1805,19.9845,-0.286147,-0.06891,20.1158,0.134945,39.3688,,0
420159,0.18073,20.0465,0.26889,-0.06287,20.2505,0.130991,39.5035,,0
330023,0.18078,20.1034,-0.221277,-0.164107,20.4636,0.177112,39.7166,,0
350548,0.18082,20.1689,0.8884,-0.032293,20.3861,0.131234,39.6391,,0
360112,0.18086,20.0525,1.18755,-0.064923,20.3621,0.244722,39.6151,,0
17215,0.18092,20.3638,0.29117,0.020215,20.3683,0.206231,39.6213,,0
370595,0.18126,20.2044,-0.058569,-0.084583,20.4055,0.224342,39.6585,,0
15443,0.18136,19.9583,1.58154,-0.038573,20.2338,0.13131,39.4868,,0
1339392,0.18145,20.0776,-0.480363,-0.055085,20.1423,0.233619,39.3953,,0
17332,0.18217,20.4513,-0.208196,0.040663,20.3333,0.199241,39.5863,,0
1580,0.18229,20.0675,0.89187,-0.031183,20.2729,0.147406,39.5259,,0
1250017,0.18231,20.0536,0.9614,-0.110221,20.4355,0.150029,39.6885,,0
15453,0.18252,20.3085,1.14628,-0.038192,20.5291,0.175251,39.7821,,0
17391,0.1836,20.4262,0.34173,0.024238,20.3465,0.29295,39.5995,,0
1257695,0.18375,20.0903,0.37884,-0.128418,20.427,0.149144,39.68,,0
17168,0.18389,20.3566,0.54542,-0.038296,20.499,0.195575,39.752,,0
20048,0.18402,20.6727,-0.676762,0.019531,20.543,0.216702,39.796,,0
1296321,0.18458,20.9425,0.47012,0.071635,20.6854,0.281171,39.9384,,0
15421,0.18459,20.3878,0.20985,-0.044165,20.5361,0.140077,39.7891,,0
8213,0.18484,20.8596,-0.647946,0.16146,20.4018,0.2755,39.6548,,0
15461,0.18493,20.1265,-0.163539,-0.109307,20.36,0.132133,39.613,,0
1336453,0.18506,20.1867,0.9767,-0.078472,20.4905,0.157021,39.7435,,0
6422,0.18515,20.0232,0.81936,-0.110554,20.3817,0.158153,39.6347,,0
16281,0.18522,20.2211,-0.815183,-0.077207,20.2897,0.170059,39.5427,,0
370563,0.18527,20.283,1.23591,-0.0322,20.5352,0.136717,39.7882,,0
15365,0.18667,20.2533,0.80934,-0.053912,20.5029,0.141963,39.7559,,0
18807,0.18728,20.3609,0.46489,-0.031875,20.5164,0.134017,39.7694,,0
5994,0.18809,20.2593,0.7476,-0.062355,20.4921,0.189553,39.7451,,0
12927,0.18906,20.0765,0.094624,-0.033861,20.1854,0.147113,39.4384,,0
16100,0.18908,20.8192,-0.349949,0.064558,20.5559,0.254842,39.8089,,0
1273127,0.18929,20.944,-1.6241,0.005635,20.6829,0.227356,39.9359,,0
18787,0.18929,20.9515,0.18431,0.043902,20.8878,0.198697,40.1408,,0
18749,0.18948,20.8189,-1.40939,0.062014,20.4883,0.207448,39.7413,,0
440643,0.18952,20.1933,0.73235,-0.092961,20.5094,0.237114,39.7624,,0
6304,0.18995,20.6957,-0.477836,0.069976,20.4756,0.223097,39.7286,,0
762,0.19025,20.3789,1.13375,-0.038428,20.6277,0.155666,39.8807,,0
20687,0.19042,20.8577,-0.621992,0.14919,20.4362,0.293734,39.6892,,0
2440,0.19044,20.4018,0.42606,-0.082895,20.6652,0.152469,39.9182,,0
16276,0.19413,20.4877,0.003506,-0.029701,20.5453,0.217185,39.7983,,0
2246,0.19434,20.7467,0.32908,0.075626,20.6257,0.220354,39.8787,,0
20821,0.19546,21.5372,-1.42751,0.21928,20.8813,0.403052,40.1343,,0
1253920,0.19553,20.3543,-0.740056,-0.099286,20.4581,0.154272,39.7111,,0
14984,0.19557,20.637,0.97928,0.049454,20.6552,0.194065,39.9082,,0
15674,0.19568,20.7804,-0.328952,0.003206,20.705,0.210601,39.958,,0
000236,0.19616,20.2976,-0.201493,-0.084432,20.4758,0.121857,39.7288,,0
15129,0.19621,20.4459,-0.68294,-0.06814,20.5217,0.155637,39.7747,,0
1298893,0.19627,20.8344,-2.05976,-0.022972,20.5867,0.253215,39.8397,,0
1334620,0.19635,21.2618,-0.463394,0.20559,20.6397,0.292175,39.8927,,0
13070,0.19733,20.0895,0.96631,-0.147151,20.5488,0.138981,39.8018,,0
18804,0.19741,20.1689,0.92166,-0.058195,20.4402,0.128057,39.6932,,0
1302058,0.19782,20.2132,0.37169,-0.011742,20.239,0.187234,39.492,,0
15222,0.19817,20.697,-1.31897,0.012668,20.5031,0.180536,39.7561,,0
1316431,0.19828,20.254,1.29871,-0.092458,20.6349,0.172306,39.8879,,0
13370,0.19861,20.7934,0.98859,-0.068335,21.0716,0.237064,40.3246,,0
360145,0.19877,20.6792,0.35012,0.008214,20.6351,0.209756,39.8881,,0
19658,0.19878,20.4511,0.00802,-0.083706,20.636,0.172401,39.889,,0
18768,0.19908,20.744,-0.395911,-0.03385,20.7686,0.215956,40.0216,,0
110460,0.19953,20.74,-0.122892,0.018744,20.5981,0.252789,39.8511,,0
500504,0.19961,20.8407,-0.800981,0.10611,20.4234,0.244669,39.6764,,0
560150,0.1997,20.7435,-1.49121,-0.048274,20.6435,0.169412,39.8965,,0
19101,0.20077,20.5028,-0.229311,0.006447,20.4307,0.193097,39.6837,,0
470232,0.20083,20.6443,0.83322,-0.009623,20.7308,0.251511,39.9838,,0
370308,0.20087,20.0774,0.72474,-0.138295,20.5142,0.314972,39.7672,,0
590002,0.20128,20.4767,-0.964653,-0.111863,20.6045,0.215266,39.8575,,0
13152,0.20231,20.4067,0.28737,0.016007,20.3654,0.196276,39.6184,,0
19913,0.20249,20.5944,0.11554,-0.047441,20.7419,0.157404,39.9949,,0
6780,0.20279,20.7416,-1.74956,-0.027936,20.5843,0.182984,39.8373,,0
14212,0.2032,20.6722,-0.315612,-0.026315,20.7128,0.144119,39.9658,,0
15203,0.20329,20.4804,1.12434,0.003346,20.6292,0.164646,39.8822,,0
16032,0.20331,20.5278,-0.740612,-0.103496,20.6747,0.171689,39.9277,,0
7243,0.20334,20.5691,0.74462,-0.016092,20.6805,0.214434,39.9335,,0
15901,0.20382,20.5196,0.059763,-0.055445,20.6511,0.169342,39.9041,,0
18965,0.20469,20.463,-0.612498,-0.107766,20.6279,0.157717,39.8809,,0
110033,0.20483,20.333,1.3148,-0.03324,20.5897,0.200513,39.8427,,0
17801,0.20523,20.9491,-0.656693,-0.013866,20.9131,0.226108,40.1661,,0
15872,0.20562,20.3019,0.76107,-0.070773,20.5596,0.172847,39.8126,,0
1327978,0.20691,20.7895,0.02184,0.045412,20.6695,0.278525,39.9225,,0
15201,0.20748,21.6221,-1.87784,0.15242,21.063,0.332572,40.316,,0
1283373,0.20751,20.8276,-1.05273,-0.059928,20.8195,0.146505,40.0725,,0
20376,0.2084,20.9688,-1.19101,0.16064,20.4769,0.270839,39.7299,,0
15467,0.20856,20.3503,0.82038,-0.063565,20.6228,0.144273,39.8758,,0
200132,0.20868,20.7462,0.39874,-0.034298,20.8504,0.237981,40.1034,,0
15259,0.2087,20.5606,0.48151,-0.004374,20.6109,0.195843,39.8639,,0
140152,0.20879,20.207,1.42408,-0.097862,20.6268,0.157351,39.8798,,0
16482,0.20948,20.8143,-2.22105,-0.022826,20.5883,0.260744,39.8413,,0
550154,0.21015,20.6368,0.087898,-0.099573,20.8949,0.146409,40.1479,,0
19149,0.21037,20.1342,1.04946,0.009912,20.2013,0.184063,39.4543,,0
460105,0.21084,20.7213,-1.68923,-0.099308,20.7102,0.221376,39.9632,,0
14157,0.21095,20.2769,1.16426,-0.050221,20.553,0.153359,39.806,,0
18940,0.21114,20.7236,-0.841378,-0.031446,20.7022,0.161016,39.9552,,0
1257366,0.21134,21.1973,-0.160088,0.1039,20.8885,0.264746,40.1415,,0
7847,0.21174,20.9537,0.15361,0.12339,20.7146,0.228911,39.9676,,0
17811,0.212,20.2386,1.08099,-0.130649,20.6606,0.192614,39.9136,,0
18927,0.21225,21.0129,-0.578624,0.11949,20.6844,0.242226,39.9374,,0
13305,0.2135,20.6031,1.02285,-0.007886,20.7688,0.16306,40.0218,,0
8495,0.21365,20.5844,0.76464,-0.020313,20.7554,0.188405,40.0084,,0
6933,0.21398,20.5739,0.084513,-0.022316,20.6344,0.195634,39.8874,,0
110567,0.2144,21.3161,-1.01331,0.14984,20.7649,0.297682,40.0179,,0
1249851,0.21507,20.9666,-2.07449,0.011385,20.6295,0.477123,39.8825,,0
14019,0.21521,21.2112,-0.305757,-0.015316,21.2111,0.227836,40.4641,,0
1316,0.21578,20.6589,0.68739,-0.098723,20.9723,0.257304,40.2253,,0
100206,0.2165,20.3453,0.25057,-0.075171,20.5723,0.138936,39.8253,,0
17435,0.21689,20.4548,0.91406,-0.107985,20.8142,0.188459,40.0672,,0
7473,0.21692,20.6305,-0.148294,-0.099965,20.8402,0.183323,40.0932,,0
20364,0.21742,20.8556,0.54349,0.029676,20.8865,0.268256,40.1395,,0
13641,0.21794,20.5195,1.023,-0.045648,20.7412,0.17274,39.9942,,0
1290816,0.21845,20.8461,1.26334,-0.003033,20.9686,0.202626,40.2216,,0
1304678,0.21881,20.9377,-1.54068,-0.073011,20.8886,0.24612,40.1416,,0
9467,0.21897,20.8326,-1.38838,-0.137949,20.9395,0.23921,40.1925,,0
5533,0.21898,20.9563,-0.502697,0.006675,20.8762,0.21715,40.1292,,0
1342255,0.21899,20.4589,0.4683,-0.104301,20.7766,0.127998,40.0296,,0
1302187,0.21941,20.9568,-0.86272,0.028592,20.7518,0.20721,40.0048,,0
15433,0.2195,20.6886,-0.028294,-0.063961,20.8568,0.157737,40.1098,,0
000220,0.21972,20.606,-0.700887,-0.129253,20.8086,0.121352,40.0616,,0
18466,0.21978,20.8748,-0.104958,0.024035,20.8352,0.171261,40.0882,,0
14331,0.2199,20.9916,0.18256,0.005681,20.9857,0.218533,40.2387,,0
19230,0.22017,21.0395,-1.64141,0.083174,20.6698,0.241441,39.9228,,0
7512,0.22066,20.8819,0.5115,-0.001003,20.9346,0.22365,40.1876,,0
15354,0.22083,21.2664,-2.15343,0.091001,20.8268,0.265452,40.0798,,0
370098,0.22132,20.6203,0.53447,-0.034129,20.7911,0.140687,40.0441,,0
480464,0.22132,20.4736,0.2738,-0.121671,20.8058,0.202968,40.0588,,0
1331123,0.2215,21.1651,-1.59703,-0.005601,20.9407,0.163954,40.1937,,0
13025,0.22299,21.0498,0.8684,0.046274,21.0727,0.27993,40.3257,,0
14846,0.22349,20.6841,0.65798,-0.043993,20.8981,0.165084,40.1511,,0
330083,0.22385,20.5723,0.001523,-0.086927,20.7632,0.170696,40.0162,,0
1304442,0.22449,20.6259,0.2037,-0.10266,20.8763,0.195353,40.1293,,0
550096,0.22449,20.5725,1.20528,0.016198,20.6919,0.244287,39.9449,,0
1292560,0.22493,20.5352,0.28942,-0.130518,20.8596,0.158331,40.1126,,0
030066,0.22542,20.4108,1.38181,-0.133984,20.8961,0.171928,40.1491,,0
13727,0.22543,20.6407,1.32135,-0.041908,20.8799,0.186984,40.1329,,0
15229,0.22551,20.7712,0.71495,-0.034412,20.9326,0.19559,40.1856,,0
020096,0.22578,20.6652,-0.69326,-0.076474,20.7335,0.17388,39.9865,,0
19992,0.22645,20.8941,0.26487,-0.081993,21.1382,0.199257,40.3912,,0
1315192,0.22726,20.8769,1.05724,0.066929,20.844,0.226887,40.097,,0
1315259,0.22818,21.1188,-0.491116,0.028559,20.9706,0.181397,40.2236,,0
180561,0.22865,21.4335,0.0111,0.13764,20.9074,0.307057,40.1604,,0
13072,0.22928,20.8633,0.40235,-0.008181,20.9699,0.200596,40.2229,,0
3452,0.22978,20.5656,0.90942,-0.090305,20.8821,0.186118,40.1351,,0
21033,0.2302,20.7524,-0.729683,-0.086335,20.8753,0.225836,40.1283,,0
000006,0.23041,21.3997,-0.009105,0.12905,21.0532,0.258704,40.3062,,0
040780,0.23082,21.6669,-0.910841,0.27933,20.8187,0.295617,40.0717,,0
19008,0.23086,20.8639,1.08198,0.06689,20.8519,0.202919,40.1049,,0
360140,0.23092,20.9475,0.017211,-0.050064,21.0428,0.224673,40.2958,,0
17875,0.23125,20.7748,1.16427,-0.057488,21.0639,0.187823,40.3169,,0
430004,0.23162,20.8706,1.32251,0.034078,20.948,0.225294,40.201,,0
1302648,0.23164,21.2113,-0.687451,0.10124,20.8345,0.235724,40.0875,,0
1275946,0.23205,20.5828,1.51449,-0.078688,20.9515,0.157205,40.2045,,0
15369,0.23282,20.3988,0.69214,-0.042881,20.5811,0.17888,39.8341,,0
1292336,0.23367,21.1276,-0.180402,0.031155,20.9327,0.253626,40.1857,,0
350047,0.23378,21.2033,-2.41623,-0.134685,21.1618,0.194504,40.4148,,0
1336687,0.23391,21.217,0.39192,0.079524,20.9258,0.290889,40.1788,,0
12971,0.23395,20.532,1.14243,-0.091091,20.8859,0.21239,40.1389,,0
110536,0.23472,21.3288,0.55137,0.17614,20.9382,0.326877,40.1912,,0
1279500,0.23481,20.8838,0.64663,-0.035266,21.0254,0.165515,40.2784,,0
1319366,0.23494,20.6835,1.38593,-0.029217,20.905,0.181242,40.158,,0
1298281,0.2352,21.3421,-1.56651,0.041887,20.9099,0.273826,40.1629,,0
19341,0.23556,21.1923,-1.526,0.024006,20.9806,0.212494,40.2336,,0
15287,0.23639,20.8754,1.111,-0.044342,21.1275,0.153376,40.3805,,0
310574,0.23662,21.0014,-0.382981,-0.023436,21.0106,0.154383,40.2636,,0
13511,0.23664,21.208,-1.55732,-0.092387,21.2144,0.191234,40.4674,,0
12881,0.23685,20.8478,0.86995,0.029203,20.866,0.235106,40.119,,0
16350,0.23693,20.8949,-0.956479,-0.086052,20.9749,0.208496,40.2279,,0
1317277,0.23721,21.2497,-1.40015,0.026504,20.9715,0.202153,40.2245,,0
20768,0.23746,21.7022,-0.754654,0.076439,21.4835,0.304522,40.7365,,0
17884,0.23789,20.6,0.7009,-0.123607,20.9787,0.170143,40.2317,,0
470008,0.2395,20.437,0.82356,-0.036491,20.6529,0.206653,39.9059,,0
18486,0.23981,20.5227,1.07573,-0.101265,20.877,0.178758,40.13,,0
510251,0.2402,21.3524,0.02894,0.084743,21.1317,0.262843,40.3847,,0
580300,0.24085,21.0869,-0.589439,-0.067211,21.1486,0.164535,40.4016,,0
510550,0.24122,20.804,0.47987,-0.080495,21.0761,0.127834,40.3291,,0
460064,0.24151,20.5963,0.82937,-0.071702,20.8684,0.182146,40.1214,,0
17223,0.24164,20.614,1.05435,-0.080664,20.919,0.260278,40.172,,0
14481,0.2422,21.1208,-1.04131,-0.153684,21.311,0.219703,40.564,,0
20111,0.2428,21.1628,-0.025066,0.015582,21.1687,0.218194,40.4217,,0
480064,0.24284,21.5668,0.48439,0.073571,21.3204,0.257709,40.5734,,0
20088,0.24329,20.6725,-0.210518,-0.159331,20.9986,0.140544,40.2516,,0
13506,0.24354,21.5518,-0.152066,0.14006,21.285,0.305126,40.538,,0
19023,0.2441,20.6065,1.61576,-0.12542,21.0426,0.241308,40.2956,,0
15466,0.24444,21.1176,-1.06261,0.036027,20.9534,0.220053,40.2064,,0
3377,0.24459,20.5787,1.0447,-0.076832,20.8733,0.184175,40.1263,,0
000174,0.24511,21.4145,-0.731508,0.08696,21.0806,0.207796,40.3336,,0
420407,0.24523,21.1884,-0.295186,-0.036661,21.2427,0.179625,40.4957,,0
20039,0.24553,21.121,0.79173,0.063072,21.1052,0.217801,40.3582,,0
000010,0.24585,21.1628,0.29723,0.013287,21.1788,0.165167,40.4318,,0
13835,0.24617,20.8156,0.63307,-0.077608,21.0943,0.146956,40.3473,,0
15219,0.2465,20.8027,-0.144574,-0.15285,21.125,0.16921,40.378,,0
12977,0.24656,20.8926,0.052323,-0.049106,21.0299,0.213035,40.2829,,0
05D3mq,0.2466,21.2325,-0.703263,-0.009672,21.1377,0.152782,40.3907,,0
1334645,0.24711,20.8906,-0.863268,-0.07693,20.9453,0.134755,40.1983,,0
3451,0.24846,20.7126,0.69046,-0.0527,20.95,0.175101,40.203,,0
420087,0.2486,20.7406,0.54441,-0.184623,21.2382,0.214234,40.4912,,0
450082,0.24861,21.002,-0.069482,-0.070357,21.1746,0.193762,40.4276,,0
560152,0.24862,20.9032,-0.109836,-0.091189,21.1127,0.260166,40.3657,,0
15161,0.24865,20.9511,-0.242653,-0.05098,21.0726,0.176269,40.3256,,0
19990,0.24896,21.1276,-1.31072,-0.090965,21.174,0.178589,40.427,,0
120585,0.24909,20.6749,0.22308,-0.155379,21.0637,0.165166,40.3167,,0
3199,0.24972,21.2961,1.65143,0.011853,21.4203,0.218948,40.6733,,0
16106,0.24983,20.8044,-0.557487,-0.140879,21.0431,0.205026,40.2961,,0
15868,0.24986,20.7568,0.32497,-0.150652,21.1385,0.161473,40.3915,,0
520077,0.25019,21.2979,-1.63203,-0.119087,21.3435,0.222865,40.5965,,0
390449,0.25022,21.1005,-0.085035,-0.028349,21.1234,0.216542,40.3764,,0
13689,0.25043,20.7089,1.16931,-0.148856,21.1615,0.177575,40.4145,,0
5717,0.25051,21.0808,1.28131,-0.043457,21.3162,0.186783,40.5692,,0
500004,0.25063,20.7248,0.60718,-0.104354,21.0479,0.186331,40.3009,,0
16213,0.2509,20.8704,0.28207,-0.099283,21.1343,0.200797,40.3873,,0
17552,0.25199,21.0632,1.31187,0.000905,21.2168,0.205582,40.4698,,0
310161,0.2526,21.13,0.13554,-0.037725,21.2092,0.164293,40.4622,,0
9032,0.2526,21.1118,0.87784,0.023193,21.1536,0.257739,40.4066,,0
000034,0.2533,20.7079,1.00288,-0.119666,21.1158,0.154711,40.3688,,0
17464,0.25358,20.8385,0.20597,0.046591,20.7773,0.261432,40.0303,,0
5736,0.25407,21.1552,-0.18853,-0.00958,21.2016,0.165575,40.4546,,0
1336480,0.25616,21.3864,-0.142041,-0.009798,21.3928,0.192289,40.6458,,0
1112,0.2562,21.2946,-0.608145,-0.017906,21.3063,0.27033,40.5593,,0
17340,0.25637,21.0665,-0.045383,-0.003459,21.1199,0.205546,40.3729,,0
9457,0.25683,21.2049,-0.334178,-0.016896,21.2493,0.250287,40.5023,,0
19207,0.25731,21.2481,0.49449,0.013695,21.3246,0.248499,40.5776,,0
18325,0.25736,21.0216,0.40554,-0.058339,21.2411,0.191714,40.4941,,0
8046,0.25772,21.3658,0.26195,0.042488,21.3558,0.223687,40.6088,,0
6108,0.25813,21.295,0.45804,0.038094,21.275,0.229632,40.528,,0
550041,0.25859,20.6708,0.79943,-0.192329,21.2133,0.207532,40.4663,,0
1297026,0.25865,21.2455,-0.717921,-0.047872,21.257,0.147331,40.51,,0
1303883,0.25904,21.0661,0.6089,-0.053138,21.2888,0.161457,40.5418,,0
1289664,0.25919,21.0619,-1.03114,-0.060941,21.0349,0.176551,40.2879,,0
1335694,0.25923,20.9447,0.99679,-0.034521,21.1725,0.16069,40.4255,,0
12972,0.25948,21.0518,0.17528,-0.081037,21.2708,0.232277,40.5238,,0
1330426,0.25952,20.7837,1.27608,-0.103946,21.189,0.167819,40.442,,0
020176,0.26062,20.9283,0.89957,-0.088821,21.2503,0.169147,40.5033,,0
370498,0.26094,21.0688,0.77423,-0.069844,21.3598,0.183961,40.6128,,0
15440,0.26141,21.3311,-0.545934,0.062545,21.194,0.205762,40.447,,0
1337649,0.26162,21.1343,1.04854,0.016902,21.1652,0.22392,40.4182,,0
2017,0.26172,21.0653,1.4185,-0.102401,21.4344,0.25753,40.6874,,0
19702,0.26173,21.3761,-1.08884,-0.056784,21.428,0.231725,40.681,,0
1253,0.26175,20.9813,-0.927163,-0.11692,21.139,0.224408,40.392,,0
13655,0.26184,21.683,-1.28381,0.075467,21.4405,0.247658,40.6935,,0
18945,0.262,21.3399,0.18686,-0.036814,21.4686,0.215206,40.7216,,0
13956,0.26303,22.2713,-1.19961,0.089996,22.0111,0.513925,41.2641,,0
520019,0.26323,21.3862,-0.491573,-0.024479,21.3858,0.167936,40.6388,,0
04D3ez,0.2636,21.4006,-1.08753,0.027152,21.1467,0.175278,40.3997,,0
350235,0.26393,21.3127,0.061111,0.009945,21.3058,0.165516,40.5588,,0
330022,0.26397,21.2445,-1.2314,0.008298,21.0505,0.204064,40.3035,,0
12983,0.26408,21.2999,-0.043308,-0.014762,21.3812,0.380088,40.6342,,0
2943,0.26419,21.1196,0.56901,-0.02419,21.2544,0.236921,40.5074,,0
110478,0.2646,21.0597,0.92592,-0.04266,21.2623,0.196115,40.5153,,0
13099,0.26463,21.2878,0.29704,-0.01842,21.4189,0.255049,40.6719,,0
2422,0.26582,20.9025,1.03624,-0.170282,21.3557,0.218063,40.6087,,0
6315,0.26583,20.6973,-0.098044,-0.190793,21.0714,0.204333,40.3244,,0
1334087,0.2664,20.9072,0.68288,-0.010845,21.0371,0.263599,40.2901,,0
18463,0.267,21.0646,0.94365,-0.041716,21.2933,0.203116,40.5463,,0
1309288,0.26791,20.9187,0.51536,-0.111056,21.2573,0.200253,40.5103,,0
520023,0.26818,21.1911,-0.61215,-0.040358,21.2093,0.230467,40.4623,,0
530037,0.26859,20.9961,0.33674,-0.11427,21.326,0.189225,40.579,,0
06D3fp,0.2686,21.4409,-0.071459,0.041409,21.2023,0.238883,40.4553,,0
14298,0.26887,21.0325,1.39048,-0.083627,21.3509,0.215471,40.6039,,0
510638,0.2702,21.1562,0.21729,-0.088706,21.3833,0.195143,40.6363,,0
19002,0.27021,20.9688,0.34724,-0.097817,21.2559,0.16264,40.5089,,0
310051,0.27057,21.5607,-0.352962,0.1018,21.2609,0.207561,40.5139,,0
160039,0.27094,21.2318,-1.16728,-0.074508,21.2357,0.163916,40.4887,,0
380378,0.27141,20.9056,0.51938,-0.139588,21.3147,0.120414,40.5677,,0
1292332,0.27276,20.9656,0.33299,-0.116241,21.2885,0.171085,40.5415,,0
15356,0.27351,21.204,-0.662822,-0.017309,21.2191,0.206932,40.4721,,0
420258,0.27456,21.9632,0.89614,0.24526,21.4869,0.291821,40.7399,,0
100213,0.27509,21.5059,0.84021,0.015308,21.5239,0.237894,40.7769,,0
150254,0.27516,21.5476,-0.048666,0.069821,21.2756,0.240354,40.5286,,0
20227,0.27585,21.2657,-1.22544,-0.136189,21.4101,0.211862,40.6631,,0
19051,0.27631,21.1235,0.73313,-0.083775,21.4219,0.178025,40.6749,,0
4000,0.27668,21.64,-1.09129,-0.007167,21.5974,0.270893,40.8504,,0
4046,0.27776,21.2666,0.80612,-0.000197,21.3656,0.243246,40.6186,,0
1297465,0.27782,21.5916,1.14771,0.032117,21.6657,0.175971,40.9187,,0
5957,0.27935,21.1938,-0.167927,-0.121032,21.4507,0.162102,40.7037,,0
6196,0.2799,21.3188,-1.44873,-0.011011,21.2526,0.197483,40.5056,,0
040201,0.27995,21.0656,0.395,-0.08678,21.3134,0.150935,40.5664,,0
520188,0.2806,21.0549,1.40212,-0.080199,21.4133,0.150697,40.6663,,0
18485,0.28132,21.0396,1.35117,-0.088411,21.3694,0.172665,40.6224,,0
1317286,0.28207,21.0224,0.72832,-0.100205,21.3456,0.164427,40.5986,,0
06D3dt,0.28266,21.8821,0.069882,0.084183,21.491,0.296127,40.744,,0
15584,0.28344,21.2141,0.38221,-0.04344,21.4066,0.18239,40.6596,,0
310238,0.28405,21.1749,-0.286852,-0.083275,21.3205,0.151751,40.5735,,0
14261,0.28446,21.1194,0.67229,-0.033232,21.2901,0.184598,40.5431,,0
16072,0.28446,21.285,0.25329,-0.028769,21.4389,0.205322,40.6919,,0
17791,0.28478,21.4867,0.23323,-0.189959,21.8605,0.350286,41.1135,,0
440050,0.28557,21.3571,-0.189971,-0.04501,21.4516,0.184018,40.7046,,0
350080,0.28588,21.2556,-0.339335,-0.08565,21.418,0.171088,40.671,,0
20040,0.28665,21.0241,1.11566,-0.105522,21.3859,0.215826,40.6389,,0
20245,0.28734,21.4579,-0.694772,0.077783,21.3161,0.248937,40.5691,,0
17809,0.28758,21.1963,1.7352,0.026192,21.2849,0.237355,40.5379,,0
19128,0.28775,21.3394,1.34109,-0.066086,21.6223,0.225614,40.8753,,0
1334644,0.28814,21.5644,-1.76264,-0.05984,21.4545,0.186062,40.7075,,0
1313594,0.28844,21.1686,0.5164,-0.105518,21.496,0.135178,40.749,,0
091869,0.28854,21.302,1.3387,-0.008426,21.4928,0.1632,40.7458,,0
2165,0.28894,21.3511,0.48479,-0.122793,21.6903,0.22442,40.9433,,0
2789,0.28901,21.3187,-0.791314,-0.105114,21.4898,0.226897,40.7428,,0
1334597,0.28905,21.2315,0.55025,-0.057558,21.4233,0.165869,40.6763,,0
1310395,0.28907,21.7995,-0.883251,0.056702,21.449,0.275906,40.702,,0
350180,0.28949,21.6086,0.4525,-0.032902,21.7235,0.254687,40.9765,,0
1289288,0.28995,21.8612,-0.973027,0.08957,21.4863,0.270091,40.7393,,0
570056,0.29008,21.6108,0.41943,0.080877,21.4768,0.232933,40.7298,,0
19596,0.29045,21.3343,0.87616,-0.037472,21.5331,0.229265,40.7861,,0
19027,0.29123,21.1431,0.5424,0.006058,21.231,0.217476,40.484,,0
1291090,0.29193,21.1412,1.17465,-0.09328,21.5076,0.175644,40.7606,,0
1263715,0.29196,21.3008,0.40336,-0.072516,21.5123,0.170069,40.7653,,0
12841,0.29215,21.3079,-0.727968,-0.109903,21.4975,0.482974,40.7505,,0
390264,0.29221,21.8047,0.15621,0.22214,21.1699,0.291222,40.4229,,0
21006,0.29251,21.105,-0.124814,-0.125515,21.3848,0.227227,40.6378,,0
420414,0.29256,21.4829,-0.991977,-0.037111,21.4422,0.223209,40.6952,,0
150509,0.29293,21.0971,0.20797,-0.154845,21.4928,0.172198,40.7458,,0
130755,0.29298,21.3454,-0.039606,-0.103213,21.5738,0.201757,40.8268,,0
6249,0.29365,21.5348,0.60496,0.032189,21.604,0.203047,40.857,,0
1303004,0.29504,21.2475,0.81245,-0.069058,21.509,0.171668,40.762,,0
19794,0.2958,21.9944,-2.38106,0.054401,21.7679,0.306727,41.0209,,0
580270,0.29587,21.5886,-0.00705,-0.07123,21.7459,0.163566,40.9989,,0
1119,0.29647,21.3613,0.8034,-0.131525,21.7408,0.365057,40.9938,,0
13610,0.29692,21.1458,0.13994,-0.091453,21.4065,0.200814,40.6595,,0
1293319,0.29695,21.301,1.83152,-0.011937,21.4975,0.208762,40.7505,,0
420196,0.29853,21.9573,0.80539,0.024878,22.0175,0.23116,41.2705,,0
570025,0.29855,21.2553,-0.223568,-0.078852,21.4009,0.271544,40.6539,,0
6137,0.29893,21.3123,0.46651,-0.139126,21.6665,0.253616,40.9195,,0
10550,0.29933,21.7702,1.64631,0.078107,21.7583,0.340612,41.0113,,0
120444,0.29945,21.315,0.2774,-0.185897,21.7683,0.194112,41.0213,,0
14735,0.29947,21.4604,0.008509,0.035333,21.4805,0.184499,40.7335,,0
170428,0.3002,21.8186,-0.985644,-0.02004,21.7307,0.196309,40.9837,,0
5391,0.3003,21.4825,0.31208,-0.021944,21.6265,0.245709,40.8795,,0
350078,0.30089,22.2636,0.30461,0.11893,21.9199,0.293486,41.1729,,0
350192,0.30142,21.4754,0.13433,-0.052851,21.6055,0.189791,40.8585,,0
570022,0.30152,21.4176,1.76431,-0.104472,21.8556,0.20427,41.1086,,0
460037,0.30251,21.3801,0.80778,-0.066492,21.6364,0.223122,40.8894,,0
1339002,0.30304,21.9936,-1.23765,0.096184,21.5674,0.273372,40.8204,,0
150457,0.30352,21.3581,0.54176,-0.092491,21.6674,0.139941,40.9204,,0
7143,0.30365,21.8109,-0.460854,0.016252,21.8248,0.195672,41.0778,,0
1287626,0.30404,21.4427,0.15425,-0.017824,21.466,0.220442,40.719,,0
19818,0.30406,21.2415,1.13593,-0.029144,21.4522,0.180508,40.7052,,0
1335717,0.30476,21.9775,-0.073607,0.039785,21.7881,0.241296,41.0411,,0
1259412,0.30486,21.4025,0.87031,-0.048355,21.6488,0.137489,40.9018,,0
12883,0.30526,21.3615,-2.03834,-0.05435,21.3394,0.30552,40.5924,,0
350630,0.30538,21.4639,0.7119,-0.029882,21.6524,0.131087,40.9054,,0
440005,0.30548,22.0141,0.19459,0.12966,21.7511,0.224608,41.0041,,0
350027,0.30581,21.8136,-0.431367,0.033503,21.6921,0.163275,40.9451,,0
560087,0.30652,21.5483,-1.46628,-0.130419,21.6429,0.199749,40.8959,,0
340334,0.30681,21.6995,-0.293107,-0.106362,21.907,0.237566,41.16,,0
1281668,0.30691,21.3831,0.1972,-0.125321,21.7043,0.147609,40.9573,,0
520062,0.30818,21.7624,0.31474,-0.050766,21.9488,0.137016,41.2018,,0
5966,0.30834,21.5731,0.49123,0.001648,21.7003,0.252626,40.9533,,0
1319821,0.30878,21.5823,-0.495911,-0.097956,21.7424,0.150006,40.9954,,0
6699,0.30922,21.554,-0.64651,-0.131867,21.793,0.24918,41.046,,0
5844,0.30938,21.3912,0.1473,-0.138414,21.7227,0.269028,40.9757,,0
16211,0.30949,21.8823,-1.95275,0.017108,21.7647,0.299213,41.0177,,0
21042,0.30962,21.1459,1.25663,-0.089551,21.467,0.255756,40.72,,0
1300516,0.31052,21.7803,0.89671,0.14708,21.3667,0.335336,40.6197,,0
15213,0.31061,21.5097,-0.072398,-0.086288,21.7432,0.219739,40.9962,,0
500100,0.31088,21.6345,-0.711815,-0.106013,21.793,0.180631,41.046,,0
000420,0.31144,21.6639,-0.749021,-0.081778,21.7593,0.139148,41.0123,,0
1338128,0.31179,21.8798,-0.710594,-0.015518,21.7847,0.209189,41.0377,,0
1337838,0.31203,21.4809,0.99511,-0.044098,21.6973,0.158158,40.9503,,0
1263369,0.31262,21.4467,0.17184,-0.096007,21.7035,0.147254,40.9565,,0
1294743,0.31267,22.3384,-0.270168,0.20479,21.7822,0.278167,41.0352,,0
20142,0.3127,21.0532,1.27633,-0.087714,21.3709,0.204424,40.6239,,0
1283878,0.31296,21.819,-0.844202,-0.026058,21.7665,0.2017,41.0195,,0
1341894,0.31303,21.655,-0.246054,-0.052451,21.7531,0.174721,41.0061,,0
19632,0.31387,21.5684,0.13675,-0.052097,21.7698,0.212727,41.0228,,0
530112,0.31453,21.8171,-0.639897,-0.053234,21.8721,0.153352,41.1251,,0
15383,0.31506,21.5967,0.13985,-0.034455,21.7664,0.226199,41.0194,,0
6649,0.3152,21.3382,0.75536,-0.088755,21.6307,0.218301,40.8837,,0
110716,0.31588,22.1345,-1.49092,0.00051,21.9503,0.231736,41.2033,,0
15776,0.31593,21.5933,-2.2304,-0.134286,21.68,0.226031,40.933,,0
6100,0.31623,21.8767,2.09309,0.051906,21.9449,0.272758,41.1979,,0
100163,0.31782,21.5823,0.29458,-0.075806,21.8208,0.194052,41.0738,,0
1345553,0.31804,21.4564,0.15139,-0.150532,21.8242,0.165019,41.0772,,0
080646,0.31822,21.6907,-1.04365,-0.089682,21.7669,0.151096,41.0199,,0
550059,0.3185,22.2767,-0.621684,0.055375,22.0815,0.326812,41.3345,,0
310188,0.31901,21.7309,-0.219314,-0.071328,21.888,0.17561,41.141,,0
440509,0.31901,21.4692,-0.438241,-0.093532,21.6411,0.20208,40.8941,,0
170078,0.32096,21.886,-1.1083,-0.100745,21.9785,0.20553,41.2315,,0
330128,0.32104,21.4172,0.40814,-0.089222,21.7016,0.154025,40.9546,,0
1266657,0.32118,22.1132,0.35082,0.052518,21.9391,0.292199,41.1921,,0
120085,0.32206,21.8639,-2.28164,0.042623,21.4741,0.197428,40.7271,,0
580104,0.32223,21.5566,-0.733564,-0.056953,21.6098,0.155864,40.8628,,0
1261579,0.32223,21.6195,-0.170571,-0.008658,21.6244,0.136121,40.8774,,0
7475,0.32276,21.2785,0.68821,-0.170281,21.6786,0.210177,40.9316,,0
05D2ab,0.32446,21.7252,-0.156457,-0.046011,21.8169,0.123552,41.0699,,0
050291,0.32548,21.9183,0.33582,0.007324,21.9743,0.19137,41.2273,,0
500301,0.3256,22.3251,0.7217,0.184,22.0095,0.253854,41.2625,,0
18617,0.3258,21.7607,-0.183659,-0.026384,21.9109,0.269927,41.1639,,0
1305626,0.32581,21.5944,-0.3176,-0.109591,21.7948,0.13912,41.0478,,0
1308326,0.32632,21.4709,0.41024,-0.120744,21.7974,0.154865,41.0504,,0
14456,0.32804,21.6012,-0.04895,-0.01995,21.7472,0.169699,41.0002,,0
050303,0.32842,22.3705,0.6411,0.18093,22.0549,0.307244,41.3079,,0
530219,0.32848,21.9145,-0.97148,-0.1361,22.098,0.277388,41.351,,0
430003,0.32851,21.835,1.44162,0.10222,21.681,0.294415,40.934,,0
1337687,0.32868,21.3855,0.95058,-0.135438,21.8186,0.148043,41.0716,,0
1306073,0.32868,21.9336,-1.32563,-0.041371,21.847,0.141621,41.1,,0
6924,0.32871,21.3887,0.96541,-0.071776,21.6746,0.220549,40.9276,,0
1316465,0.32907,21.7083,0.43224,-0.027196,21.8036,0.16293,41.0566,,0
13934,0.32941,21.966,-0.654623,-0.088457,22.1579,0.309396,41.4109,,0
540163,0.32952,22.082,-0.236791,0.039627,21.9861,0.16024,41.2391,,0
1301933,0.32968,21.5731,-0.224925,-0.132959,21.8501,0.111583,41.1031,,0
13830,0.32995,21.3955,1.23542,-0.0186,21.5914,0.208068,40.8444,,0
120369,0.33047,21.7044,-0.223776,-0.127324,21.9776,0.128807,41.2306,,0
1338675,0.33056,22.0275,0.019909,0.022464,21.9144,0.21272,41.1674,,0
4241,0.33063,21.7016,0.23506,-0.054289,21.9159,0.229507,41.1689,,0
480184,0.33089,22.3576,-2.18801,0.078209,21.9056,0.237926,41.1586,,0
370394,0.3309,21.5672,-0.443611,-0.094638,21.743,0.210322,40.996,,0
03D1fc,0.33103,21.6006,0.65439,-0.023031,21.7568,0.134432,41.0098,,0
580235,0.33147,21.8333,-0.330148,0.002288,21.7771,0.217018,41.0301,,0
20106,0.33147,21.7933,-1.04485,-0.106083,21.9805,0.284201,41.2335,,0
370344,0.33147,21.752,0.32993,-0.025137,21.8482,0.163826,41.1012,,0
470041,0.33189,21.4528,0.93764,-0.069968,21.7619,0.141445,41.0149,,0
1306141,0.33237,21.5778,-0.133034,-0.076219,21.724,0.156927,40.977,,0
130862,0.33298,21.7749,0.67028,-0.091964,22.0769,0.199859,41.3299,,0
1309492,0.3335,21.5295,0.16952,-0.088758,21.7495,0.139304,41.0025,,0
1346956,0.3335,21.4855,0.98387,-0.073226,21.7836,0.174041,41.0366,,0
16093,0.3345,21.6069,1.02797,-0.055892,21.8674,0.234169,41.1204,,0
500511,0.33498,21.6621,0.91231,-0.006037,21.7721,0.16973,41.0251,,0
1346966,0.3351,21.4482,0.58377,-0.107057,21.7712,0.175867,41.0242,,0
1314897,0.33671,21.6894,0.91215,0.014712,21.7837,0.182251,41.0367,,0
470015,0.33749,21.9367,0.6656,0.059501,21.9148,0.277342,41.1678,,0
040782,0.33751,22.1611,-0.572393,0.15267,21.7568,0.235699,41.0098,,0
04D3kr,0.33762,21.692,1.22584,-0.028528,21.8947,0.174019,41.1477,,0
1300912,0.33778,22.1488,-0.467569,0.045312,21.9007,0.232298,41.1537,,0
380318,0.33818,21.79,-0.239354,-0.045933,21.892,0.20951,41.145,,0
580276,0.33848,21.6094,0.11671,-0.091539,21.8601,0.198585,41.1131,,0
1343337,0.33897,22.2332,0.77205,0.15165,21.8025,0.355487,41.0555,,0
04D3nh,0.34061,21.8647,0.60401,-0.012868,21.9207,0.190519,41.1737,,0
320258,0.34098,21.8822,-1.8697,-0.065658,21.8057,0.192415,41.0587,,0
2533,0.34111,21.5141,1.77606,-0.079736,21.8111,0.25367,41.0641,,0
1336009,0.34169,22.5127,-0.448635,0.14044,21.9592,0.319871,41.2122,,0
1346387,0.34446,22.2799,-2.12696,-0.031981,22.0551,0.150058,41.3081,,0
350606,0.34448,22.1226,-1.23716,-0.021304,22.0384,0.297982,41.2914,,0
1329312,0.34487,22.0259,-1.42584,-0.063723,21.9803,0.169534,41.2333,,0
470110,0.34545,21.7913,0.48129,-0.025521,21.9503,0.228622,41.2033,,0
03D1bp,0.34602,22.1331,-1.15321,-0.048694,22.0788,0.13399,41.3318,,0
310090,0.34696,22.1999,-1.3328,-0.049839,22.1633,0.36936,41.4163,,0
050301,0.34717,22.0891,0.84013,0.15505,21.8644,0.242775,41.1174,,0
330089,0.34881,22.1208,0.68208,0.028298,22.1191,0.21674,41.3721,,0
160198,0.3491,21.7405,0.21655,-0.095267,21.9969,0.156289,41.2499,,0
1258906,0.34912,22.0697,-0.019797,-0.001271,22.029,0.204259,41.282,,0
070955,0.34932,21.6394,1.42331,-0.040489,21.8876,0.155629,41.1406,,0
380279,0.34939,22.0405,-1.76662,-0.052518,21.9503,0.166428,41.2033,,0
04D2mc,0.34949,22.2453,-1.78672,0.07825,21.752,0.224702,41.005,,0
05D2ie,0.34949,21.9629,-0.072317,-0.082964,22.1226,0.169292,41.3756,,0
440185,0.34949,21.7006,0.19676,-0.069932,21.8996,0.204053,41.1526,,0
20186,0.34968,21.935,0.54894,-0.094235,22.2343,0.286414,41.4873,,0
1248677,0.35015,21.5389,0.89971,-0.118885,21.9337,0.144515,41.1867,,0
000196,0.35059,21.8019,0.45123,-0.050007,21.9812,0.160871,41.2342,,0
050296,0.35099,21.741,0.81669,-0.053551,22.0002,0.159103,41.2532,,0
05D2hc,0.35149,22.4164,-0.672411,0.030983,22.2268,0.207758,41.4798,,0
120400,0.35149,21.7731,0.18728,-0.121334,22.0813,0.136315,41.3343,,0
160197,0.35372,22.0422,-0.217029,-0.027099,22.1127,0.190035,41.3657,,0
05D2mp,0.35519,22.1208,1.30429,0.005725,22.2117,0.221402,41.4647,,0
1688,0.35774,21.9161,0.38041,-0.014913,22.1044,0.290713,41.3574,,0
1334423,0.358,22.037,0.8681,0.003317,22.1009,0.213552,41.3539,,0
04D3fk,0.35842,22.2446,-0.394488,0.070978,21.9893,0.214298,41.2423,,0
04D2fs,0.3585,22.1572,0.10146,0.051992,21.8954,0.287731,41.1484,,0
1280217,0.35909,22.0476,1.80122,0.088909,21.9002,0.304482,41.1532,,0
160070,0.35909,21.8695,1.1236,-0.066643,22.1899,0.168965,41.4429,,0
1307830,0.35946,22.1839,-1.7601,-0.099031,22.1683,0.152092,41.4213,,0
050293,0.36017,21.8188,0.43068,-0.023063,21.934,0.189244,41.187,,0
160126,0.36034,21.8693,-0.615294,-0.000515,21.8261,0.2287,41.0791,,0
470244,0.36091,21.9001,-0.22339,-0.128528,22.1798,0.195675,41.4328,,0
420417,0.36147,21.7626,-0.184653,-0.037313,21.8629,0.286753,41.1159,,0
1294014,0.3628,21.7957,0.50455,-0.059163,21.9922,0.208254,41.2452,,0
1346137,0.36325,22.0484,0.79069,0.022532,22.111,0.2134,41.364,,0
560121,0.36499,22.2935,0.16653,0.040013,22.2096,0.290313,41.4626,,0
100358,0.36623,21.7789,-0.430147,-0.057445,21.883,0.224608,41.136,,0
190209,0.36656,21.7085,0.5017,-0.074744,21.9797,0.153297,41.2327,,0
1308582,0.36713,21.8332,-0.443849,-0.074861,21.9558,0.149493,41.2088,,0
350083,0.3679,21.7814,0.82654,-0.051356,22.0097,0.163359,41.2627,,0
04D1hd,0.36799,21.8953,0.78582,-0.097547,22.2169,0.156057,41.4699,,0
1343533,0.36839,22.3804,-0.892535,-0.012944,22.2949,0.335343,41.5479,,0
1283936,0.36857,22.8268,0.08645,0.19216,22.21,0.344494,41.463,,0
15704,0.36962,21.8137,0.085321,-0.172779,22.1968,0.242857,41.4498,,0
18091,0.36987,21.6275,-0.623954,-0.188739,21.9655,0.253612,41.2185,,0
510578,0.37023,21.7516,0.58467,-0.128463,22.1264,0.186837,41.3794,,0
04D2cf,0.37052,22.196,-0.854231,-0.021378,22.1229,0.160993,41.3759,,0
05D4bm,0.37053,21.9481,0.2366,-0.072812,22.1303,0.157731,41.3833,,0
13136,0.37057,22.0453,0.72897,-0.104564,22.3865,0.255207,41.6395,,0
05D3jr,0.37062,22.3578,-0.897467,0.040328,22.02,0.281113,41.273,,0
390471,0.37062,21.323,0.92407,-0.16138,21.8168,0.133144,41.0698,,0
320469,0.37095,22.0544,1.50773,0.033587,22.1568,0.389586,41.4098,,0
1291957,0.37138,21.9058,0.50769,-0.051093,22.081,0.165922,41.334,,0
000199,0.37153,21.7392,0.89801,-0.110945,22.1312,0.11347,41.3842,,0
05D4fo,0.37153,22.1759,-0.704725,-0.058701,22.1759,0.1632,41.4289,,0
05D4cw,0.37353,21.8814,-0.841889,-0.133616,22.0584,0.13027,41.3114,,0
16232,0.37436,21.9013,-0.021827,-0.119822,22.2192,0.233228,41.4722,,0
1299643,0.37676,21.866,0.65034,-0.091935,22.1625,0.152336,41.4155,,0
1282736,0.37805,22.3808,-0.759674,0.069898,22.1068,0.221544,41.3598,,0
590031,0.37852,21.9688,-0.722859,-0.118133,22.1741,0.180392,41.4271,,0
7779,0.37991,21.6827,0.32675,-0.147113,22.0429,0.218255,41.2959,,0
320099,0.37997,21.915,0.58051,-0.056155,22.1624,0.161555,41.4154,,0
500057,0.38061,21.7566,1.06665,-0.141546,22.2084,0.186096,41.4614,,0
110425,0.38092,22.2253,-0.198455,0.007796,22.1981,0.199616,41.4511,,0
1299785,0.38129,22.2987,0.037742,0.046016,22.2019,0.202337,41.4549,,0
000011,0.38153,22.8895,-2.14572,0.11588,22.4245,0.217312,41.6775,,0
040150,0.38185,22.2007,-0.249703,-0.047299,22.3085,0.197057,41.5615,,0
580275,0.38248,21.9555,-0.492266,-0.083796,22.1196,0.263796,41.3726,,0
1343401,0.38291,21.8298,0.92736,-0.061217,22.1148,0.204813,41.3678,,0
1281886,0.38402,22.0276,1.20074,-0.043944,22.2652,0.200026,41.5182,,0
360139,0.386,22.0603,0.63592,-0.035464,22.2687,0.149698,41.5217,,0
1338170,0.38672,22.3452,-0.428011,0.04348,22.1261,0.269458,41.3791,,0
550218,0.38744,22.1766,-1.55286,-0.114866,22.3037,0.272138,41.5567,,0
050251,0.38781,22.2227,0.71518,-0.007223,22.3772,0.282606,41.6302,,0
420352,0.38895,21.8184,0.39196,-0.105913,22.13,0.197743,41.383,,0
1290779,0.38949,22.2768,-0.738145,-0.049076,22.291,0.190269,41.544,,0
120086,0.39255,22.3766,0.28158,0.10879,22.2212,0.235747,41.4742,,0
1291794,0.3951,22.1814,-0.12531,-0.013841,22.2147,0.20185,41.4677,,0
1296273,0.39706,21.7504,-0.156976,-0.119061,22.006,0.166358,41.259,,0
1333438,0.39944,22.6147,0.53931,0.096328,22.4589,0.286551,41.7119,,0
05D4ff,0.4005,22.3291,-0.724544,-0.007026,22.2388,0.15602,41.4918,,0
110734,0.40221,21.9668,0.4872,-0.065938,22.2265,0.197688,41.4795,,0
580312,0.40293,21.8709,-0.553118,-0.214869,22.2948,0.289144,41.5478,,0
1329615,0.40368,22.3792,-0.472817,-0.013501,22.363,0.212116,41.616,,0
06D3ed,0.40463,22.3311,-0.391332,-0.076405,22.4217,0.163837,41.6747,,0
350050,0.40483,22.0414,-0.300281,-0.011177,22.0843,0.200221,41.3373,,0
05D4dt,0.4055,22.5406,-0.984383,-0.054287,22.5277,0.132801,41.7807,,0
1308314,0.40646,22.3186,-0.022674,-0.056722,22.4384,0.166642,41.6914,,0
1341370,0.40895,22.3959,1.09764,0.016428,22.4472,0.2385,41.7002,,0
1306390,0.4092,22.851,0.011752,0.15735,22.4875,0.36265,41.7405,,0
450339,0.40935,22.2264,0.8724,-0.035779,22.4531,0.273629,41.7061,,0
06D4cq,0.40949,22.2952,0.42847,-0.04525,22.4254,0.170063,41.6784,,0
020090,0.41004,22.3072,0.32073,-0.013278,22.4306,0.278663,41.6836,,0
1307277,0.41123,22.5756,-0.210951,0.061551,22.409,0.316941,41.662,,0
530251,0.4114,22.7025,0.024134,0.065034,22.5805,0.241171,41.8335,,0
520071,0.41161,22.4019,-0.200691,-0.059074,22.5601,0.146641,41.8131,,0
1315296,0.41266,22.7104,-0.059558,0.045007,22.5363,0.329022,41.7893,,0
04D2fp,0.41657,22.2787,0.37739,-0.056956,22.4765,0.146745,41.7295,,0
05D2dw,0.41857,22.2005,1.14278,-0.022405,22.3644,0.200288,41.6174,,0
440162,0.41936,22.0813,0.88133,-0.094462,22.4333,0.190697,41.6863,,0
550137,0.41939,22.1839,0.5774,0.043221,22.2074,0.220996,41.4604,,0
1289600,0.4196,22.6288,1.26529,0.039665,22.6132,0.222992,41.8662,,0
05D3cf,0.41965,22.668,-0.262506,0.000776,22.5451,0.234205,41.7981,,0
1340454,0.41995,22.4404,1.40686,0.11821,22.1864,0.293175,41.4394,,0
550202,0.42036,22.0402,0.48719,-0.221439,22.5813,0.343127,41.8343,,0
1306626,0.42088,22.1111,0.22138,-0.098018,22.3648,0.174351,41.6178,,0
110430,0.42094,22.5292,-0.895791,0.011272,22.475,0.248656,41.728,,0
1306991,0.42195,22.1925,-0.599282,-0.064849,22.2806,0.269472,41.5336,,0
04D4gg,0.42247,22.4626,1.2311,0.073059,22.3953,0.230128,41.6483,,0
1345594,0.42249,22.0767,-0.033141,-0.150611,22.4266,0.274122,41.6796,,0
490037,0.42348,22.0328,-0.01735,-0.125277,22.3425,0.1845,41.5955,,0
160200,0.4236,22.8712,-0.195418,0.15761,22.5873,0.399906,41.8403,,0
1302523,0.42399,22.3471,0.30297,-0.025892,22.4734,0.131426,41.7264,,0
1312274,0.42459,22.4835,-1.43009,-0.086966,22.4953,0.193961,41.7483,,0
1295027,0.42568,22.3682,-0.250086,-0.041385,22.4509,0.193594,41.7039,,0
1258940,0.42602,22.2338,-0.153105,-0.117124,22.4987,0.173359,41.7517,,0
050003,0.427,22.4264,1.07494,-0.00449,22.56,0.227945,41.813,,0
110542,0.42703,22.3735,0.56071,-0.040908,22.5818,0.196477,41.8348,,0
110719,0.42793,22.8073,0.54092,-0.045089,23.0227,0.237078,42.2757,,0
05D2cb,0.42859,23.1319,0.8842,0.15153,22.6295,0.402639,41.8825,,0
440236,0.42895,22.2621,-0.768802,-0.084385,22.3913,0.191504,41.6443,,0
1306029,0.42903,22.5603,0.99322,0.025447,22.5736,0.249299,41.8266,,0
100101,0.42976,22.5616,-0.773417,-0.071454,22.6689,0.196222,41.9219,,0
080723,0.4302,22.1808,0.16631,-0.15907,22.5824,0.163569,41.8354,,0
04D1rh,0.43494,22.293,0.80878,-0.064072,22.5298,0.181679,41.7828,,0
06D4co,0.43546,22.2642,-0.394047,-0.049905,22.3309,0.130894,41.5839,,0
000142,0.43683,22.7283,-0.769832,-0.030455,22.7521,0.179784,42.0051,,0
1336008,0.4376,22.1347,0.6708,-0.066592,22.3723,0.163932,41.6253,,0
1333246,0.43783,22.7864,1.74637,0.1309,22.629,0.355854,41.882,,0
1310338,0.4389,22.3242,-0.406788,0.012551,22.2149,0.209461,41.4679,,0
560027,0.43891,22.0907,-0.520101,-0.163924,22.4152,0.278656,41.6682,,0
050607,0.43935,22.6491,0.10818,0.060541,22.5732,0.200978,41.8262,,0
040166,0.44013,22.4934,0.30821,-0.148968,22.8871,0.44109,42.1401,,0
510266,0.44067,22.0448,-0.476279,-0.169948,22.3834,0.157885,41.6364,,0
1328105,0.44149,22.2623,0.11357,-0.05447,22.4293,0.181576,41.6823,,0
1295256,0.44245,22.379,-0.148795,-0.1027,22.5993,0.17077,41.8523,,0
06D3df,0.44263,22.3909,1.15088,-0.036948,22.6509,0.137065,41.9039,,0
06D2gb,0.44361,22.7329,-1.56881,-0.016097,22.54,0.180208,41.793,,0
1291080,0.44391,22.7045,-1.28981,0.003853,22.5539,0.289089,41.8069,,0
040137,0.44764,22.5333,1.08695,0.023926,22.6022,0.222321,41.8552,,0
1328066,0.44886,22.2319,0.76252,-0.133767,22.6323,0.220164,41.8853,,0
1320166,0.44891,22.6239,0.36335,-0.032993,22.7345,0.213951,41.9875,,0
050580,0.45068,22.4005,-0.410302,0.020054,22.3916,0.155357,41.6446,,0
520016,0.45106,22.3327,1.09102,-0.086544,22.6751,0.211716,41.9281,,0
04D2gb,0.45162,22.635,-1.60336,0.022769,22.3362,0.223723,41.5892,,0
120094,0.45162,22.2376,1.0436,-0.168766,22.7393,0.152341,41.9923,,0
04D3gt,0.45163,22.9759,-0.238989,0.18447,22.4632,0.304189,41.7162,,0
1290127,0.45218,22.3911,1.29535,-0.089959,22.7429,0.318935,41.9959,,0
1253101,0.45328,22.4364,1.37354,0.004591,22.5423,0.206024,41.7953,,0
1253039,0.45346,22.3229,0.30168,-0.107621,22.6333,0.141558,41.8863,,0
1334302,0.45458,22.5819,-1.04445,-0.032485,22.5343,0.207487,41.7873,,0
1306360,0.45477,22.6832,-0.608733,-0.003673,22.631,0.282863,41.8839,,0
1345582,0.45885,22.3713,0.83591,-0.104345,22.7149,0.250735,41.9679,,0
380199,0.46064,22.4803,1.77853,-0.051565,22.7491,0.189025,42.0021,,0
510597,0.46104,22.3935,1.61547,-0.095982,22.7632,0.228663,42.0162,,0
05D3lc,0.46164,22.7026,-0.744735,-0.055792,22.7309,0.135783,41.9839,,0
03D4au,0.46643,23.5316,0.35918,0.1162,23.0894,0.395571,42.3424,,0
000215,0.46654,22.455,0.97228,-0.09831,22.795,0.133213,42.048,,0
04D4jr,0.46842,22.3726,1.53692,-0.068908,22.7203,0.20437,41.9733,,0
1339149,0.46887,22.6088,-0.263078,0.01603,22.5101,0.232472,41.7631,,0
04D4ju,0.47042,23.5027,0.43812,0.15107,22.9621,0.403614,42.2151,,0
05D3mx,0.47065,22.7669,-1.38814,-0.086917,22.7605,0.178608,42.0135,,0
370367,0.47163,22.4973,2.78838,-0.023633,22.7268,0.209178,41.9798,,0
1316437,0.47204,22.8945,-0.00518,0.030698,22.7844,0.255487,42.0374,,0
05D2bv,0.47565,22.4458,-0.010367,-0.114695,22.685,0.175042,41.938,,0
370329,0.47786,22.5341,0.29534,-0.191584,22.9739,0.226675,42.2269,,0
310146,0.47941,22.2535,0.73728,-0.120877,22.6165,0.202088,41.8695,,0
1306537,0.47946,22.4286,1.12072,-0.086369,22.7577,0.197147,42.0107,,0
560054,0.47988,22.4554,1.67949,-0.013152,22.6426,0.236258,41.8956,,0
05D3dd,0.48064,22.6755,-0.215323,-0.043171,22.7511,0.158073,42.0041,,0
05D2ac,0.48065,22.4005,1.12022,-0.064525,22.7218,0.136578,41.9748,,0
120044,0.48164,22.6398,0.78104,-0.146093,23.0525,0.209151,42.3055,,0
05D1ix,0.48888,22.6058,0.54116,-0.076919,22.8312,0.197899,42.0842,,0
1292145,0.49244,23.2836,0.57864,0.11219,23.0253,0.334315,42.2783,,0
1343208,0.49499,22.786,-0.102443,-0.010445,22.8291,0.162788,42.0821,,0
1305504,0.49566,22.7287,-0.463147,-0.089378,22.8923,0.117866,42.1453,,0
03D1ax,0.49579,22.6967,-0.734029,-0.105749,22.8287,0.151559,42.0817,,0
05D4af,0.49739,22.8409,0.11363,-0.029528,22.8738,0.224236,42.1268,,0
06D2bk,0.50067,23.0085,0.48238,-0.001945,23.004,0.252376,42.257,,0
350374,0.50098,22.7461,-0.789588,-0.053186,22.8635,0.281843,42.1165,,0
1337272,0.50282,22.8089,-0.986243,-0.081994,22.908,0.216875,42.161,,0
030006,0.50285,22.5287,0.47249,-0.090771,22.8173,0.311707,42.0703,,0
510457,0.50306,22.9243,0.78419,0.087471,22.8954,0.310109,42.1484,,0
03D1au,0.50316,22.7383,1.26007,-0.017318,22.8914,0.227088,42.1444,,0
1335472,0.50593,22.6946,-0.073679,-0.047022,22.826,0.164502,42.079,,0
1343759,0.50615,22.5755,0.43001,-0.096698,22.8513,0.149287,42.1043,,0
310091,0.50725,22.7285,-0.257752,-0.099527,22.9828,0.178949,42.2358,,0
05D4av,0.50739,23.3015,0.87099,0.16478,22.9889,0.287557,42.2419,,0
090201,0.50825,22.5059,0.031072,-0.090519,22.7663,0.182324,42.0193,,0
180313,0.51016,22.6209,0.41004,-0.05022,22.8415,0.141859,42.0945,,0
110484,0.51095,22.8038,-0.357928,0.061935,22.8053,0.237556,42.0583,,0
05D2dy,0.51169,22.6287,1.58953,-0.132852,23.1355,0.225672,42.3885,,0
04D1pg,0.51387,23.3138,0.98811,0.10301,23.0037,0.358645,42.2567,,0
04D4in,0.51437,22.616,1.52402,-0.076453,22.9729,0.194295,42.2259,,0
04D2mj,0.51469,23.5089,1.50549,0.14883,23.0729,0.402018,42.3259,,0
1338430,0.51726,22.5398,0.46904,-0.095133,22.8402,0.188517,42.0932,,0
1334470,0.51883,22.8363,0.99517,-0.001176,22.9419,0.248961,42.1949,,0
310260,0.51885,22.7142,-0.019798,-0.060652,22.9294,0.207812,42.1824,,0
450175,0.51941,22.6893,-0.84248,-0.155318,22.9908,0.313952,42.2438,,0
06D3el,0.51968,22.6078,0.82228,-0.149118,23.0375,0.194591,42.2905,,0
04D2gc,0.52271,23.0586,1.1143,0.009597,23.0966,0.272593,42.3496,,0
1295921,0.524,23.0681,1.00794,0.086881,22.9244,0.368248,42.1774,,0
1322229,0.5262,22.8197,1.17957,0.007527,22.9172,0.221632,42.1702,,0
050005,0.52859,22.6439,1.39309,-0.007128,22.8325,0.186889,42.0855,,0
1322979,0.52937,22.8123,0.062978,-0.09353,23.0383,0.138414,42.2913,,0
330106,0.53099,22.4854,-0.051584,-0.01457,22.6272,0.232749,41.8802,,0
160066,0.53111,22.9837,2.34125,-0.056896,23.2579,0.288005,42.5109,,0
1338471,0.53124,23.2549,-0.955679,-0.047113,23.2723,0.379971,42.5253,,0
1337703,0.53225,22.6167,-1.03663,-0.102143,22.7291,0.220331,41.9821,,0
06D2ca,0.53271,23.0438,1.32981,0.039001,22.9942,0.293113,42.2472,,0
06D2cc,0.53372,23.1846,-0.578375,0.072469,22.9119,0.272484,42.1649,,0
05D4ek,0.53435,23.0343,0.26236,0.066832,22.8903,0.223672,42.1433,,0
05D4be,0.53534,22.6065,0.90843,-0.158608,23.0675,0.202915,42.3205,,0
05D2eb,0.53572,22.7238,0.93473,-0.061048,22.9604,0.20776,42.2134,,0
1289656,0.53942,22.9771,0.026628,-0.041138,23.0808,0.24298,42.3338,,0
110426,0.54097,22.9901,0.55454,0.093641,23.0261,0.23188,42.2791,,0
1324542,0.54152,23.0556,0.39642,-0.073277,23.277,0.240962,42.53,,0
520041,0.54545,22.9256,-0.068756,-0.17768,23.3103,0.18949,42.5633,,0
04D4bq,0.54834,23.0747,0.65889,0.094616,22.7705,0.362217,42.0235,,0
1306980,0.54881,23.0994,-1.00983,0.0502,22.9165,0.377591,42.1695,,0
050201,0.55021,22.7988,0.30618,-0.072334,23.0723,0.19401,42.3253,,0
06D4bo,0.55033,22.9526,0.76066,-0.046447,23.1198,0.2067,42.3728,,0
1339450,0.55046,23.3913,-0.977931,0.078639,23.1574,0.375291,42.4104,,0
04D3hn,0.55267,23.2161,-0.56836,0.074746,22.9408,0.242653,42.1938,,0
06D2ck,0.55375,23.1401,0.012264,-0.040071,23.237,0.205365,42.49,,0
1337117,0.55384,22.5608,0.51154,-0.090656,22.8297,0.175342,42.0827,,0
05D1ee,0.55782,23.2614,-0.603782,-0.006298,23.1859,0.193312,42.4389,,0
05D1kl,0.55882,23.8877,0.66353,0.13383,23.4801,0.382347,42.7331,,0
04D1hx,0.55882,23.4386,0.27611,0.11205,23.0445,0.35519,42.2975,,0
1289555,0.56181,22.7082,0.14733,-0.144062,23.0407,0.226224,42.2937,,0
1303952,0.56269,22.8823,0.58233,-0.199565,23.3486,0.263864,42.6016,,0
05D1cc,0.56283,23.244,-0.150829,-0.010986,23.1766,0.233154,42.4296,,0
1285317,0.56437,22.959,0.1508,-0.065663,23.1398,0.219457,42.3928,,0
1330903,0.56437,23.0791,-0.091575,-0.057212,23.2351,0.205824,42.4881,,0
1338278,0.56437,23.0214,1.56836,0.002736,23.1439,0.295284,42.3969,,0
05D1dn,0.56481,23.0214,1.23413,-0.022819,23.2343,0.190849,42.4873,,0
1317454,0.56879,23.099,-0.270974,0.046238,22.9877,0.260944,42.2407,,0
1306785,0.57542,22.9818,-0.953102,-0.003464,22.9382,0.452062,42.1912,,0
05D2dt,0.57577,23.3826,0.18619,0.026828,23.3385,0.211441,42.5915,,0
050203,0.57619,22.8564,1.01825,-0.118083,23.2357,0.200291,42.4887,,0
06D3et,0.57668,23.1817,-1.34778,-0.087622,23.1733,0.164644,42.4263,,0
1337228,0.57737,23.282,-0.747352,-0.075282,23.392,0.289693,42.645,,0
03D4gf,0.5783,23.0588,0.52452,-0.036908,23.1644,0.243357,42.4174,,0
110721,0.57831,22.9702,0.48285,-0.022903,23.1982,0.23966,42.4512,,0
05D1dx,0.57882,23.0147,0.64671,-0.050113,23.1742,0.212684,42.4272,,0
1332059,0.57891,22.9102,0.20553,-0.171461,23.2787,0.230108,42.5317,,0
05D3jq,0.57967,23.0197,1.50416,-0.004422,23.1393,0.229578,42.3923,,0
05D3gp,0.58067,23.242,-0.501929,-0.082226,23.32,0.261104,42.573,,0
03D1aw,0.5808,23.3065,0.99829,-0.029281,23.4531,0.238297,42.7061,,0
04D1jg,0.58301,23.0079,0.26232,-0.106769,23.2878,0.165845,42.5408,,0
05D4ej,0.5833,23.4494,0.22167,-0.025054,23.5444,0.184233,42.7974,,0
04D1kj,0.58382,23.0717,0.21618,-0.06898,23.2235,0.196641,42.4765,,0
04D1sa,0.58382,23.3004,-0.445335,-0.069032,23.3959,0.182769,42.6489,,0
1338387,0.5839,22.8694,1.46332,-0.072811,23.1669,0.197532,42.4199,,0
05D1hm,0.58582,23.8257,1.08259,0.14468,23.454,0.371991,42.707,,0
05D4bf,0.5873,23.3478,0.081442,-0.005325,23.3711,0.201234,42.6241,,0
04D1oh,0.58879,23.1335,-0.077305,-0.071824,23.2491,0.218369,42.5021,,0
03D4gg,0.59029,23.1652,0.99441,0.013796,23.2626,0.246781,42.5156,,0
04D2mh,0.59179,23.1148,1.58203,0.007242,23.1978,0.254399,42.4508,,0
05D3lr,0.60067,23.5748,0.19268,0.09938,23.3586,0.277528,42.6116,,0
1338233,0.60155,23.4217,-1.44643,-0.115658,23.5032,0.393855,42.7562,,0
05D4ef,0.60328,23.5699,-1.55174,-0.069996,23.4973,0.19827,42.7503,,0
1335564,0.60626,23.1958,0.39047,-0.043662,23.3628,0.273748,42.6158,,0
03D4dy,0.60827,22.978,1.17176,-0.10218,23.3374,0.226786,42.5904,,0
1302141,0.60876,23.1882,0.27286,0.033005,23.1752,0.349285,42.4282,,0
1332413,0.60878,22.9775,1.20129,-0.123224,23.3649,0.229166,42.6179,,0
05D2he,0.60981,23.6539,0.15684,0.058316,23.4346,0.320347,42.6876,,0
04D3do,0.61071,23.2859,-0.815949,-0.114016,23.4156,0.182249,42.6686,,0
04D4an,0.61127,23.7482,-0.328424,0.019593,23.6519,0.24621,42.9049,,0
1295305,0.61177,23.1969,-0.291213,-0.120769,23.448,0.162208,42.701,,0
05D1ck,0.61577,23.8117,-0.021534,0.1044,23.4555,0.346221,42.7085,,0
1308957,0.61875,23.1863,-0.259603,-0.14065,23.4634,0.387817,42.7164,,0
1335868,0.61941,23.2034,1.51396,-0.043508,23.4418,0.273973,42.6948,,0
000202,0.61983,23.0598,0.61215,-0.168582,23.5027,0.15249,42.7557,,0
04D3co,0.6207,23.5122,-0.663056,-0.026444,23.4458,0.266773,42.6988,,0
04D2an,0.62183,23.3052,-0.307084,-0.049355,23.3364,0.274297,42.5894,,0
03D4dh,0.62525,23.1117,1.13855,-0.076925,23.4047,0.213447,42.6577,,0
04D4fx,0.62725,23.2576,0.96367,-0.002771,23.332,0.242543,42.585,,0
05D1cb,0.63077,23.4339,-0.292514,-0.001731,23.4102,0.201051,42.6632,,0
05D2ci,0.63183,23.33,-0.938128,0.073098,23.0581,0.325833,42.3111,,0
03D4at,0.63225,23.4716,0.21129,-0.056573,23.5963,0.322534,42.8493,,0
1330642,0.63399,23.0164,1.05101,-0.094591,23.3442,0.145119,42.5972,,0
04D1pu,0.63777,23.7472,-1.59949,0.096759,23.2768,0.442055,42.5298,,0
1343871,0.63794,23.1886,1.30773,-0.197246,23.6107,0.309645,42.8637,,0
05D4ag,0.63824,23.6216,0.49764,0.086044,23.4064,0.366523,42.6594,,0
1337325,0.63873,23.155,0.080251,-0.226047,23.5274,0.26025,42.7804,,0
1334879,0.63934,23.67,-0.028619,0.095583,23.537,0.16971,42.79,,0
05D2ec,0.64185,23.4018,-0.196789,-0.1167,23.5946,0.255519,42.8476,,0
1308568,0.64311,23.2478,-0.03255,0.10291,23.1079,0.406947,42.3609,,0
04D3cy,0.64371,23.5098,-0.189327,-0.039643,23.5462,0.308662,42.7992,,0
05D3ax,0.64371,23.3347,0.60257,-0.070931,23.5504,0.315374,42.8034,,0
05D3lb,0.6477,23.6204,0.30349,0.024403,23.566,0.287168,42.819,,0
1338266,0.64852,23.5476,-0.297222,-0.114432,23.7867,0.271027,43.0397,,0
05D3kt,0.6487,23.6943,-0.430921,0.051673,23.4805,0.309502,42.7335,,0
1334707,0.64962,23.1583,0.49395,-0.174674,23.5275,0.147114,42.7805,,0
04D1sk,0.66213,23.8042,0.45278,0.083271,23.7263,0.278466,42.9793,,0
05D3hs,0.6647,23.2305,0.58036,-0.175117,23.6168,0.232426,42.8698,,0
05D3mh,0.67072,23.7896,0.65852,0.048163,23.8147,0.273465,43.0677,,0
03D1co,0.67773,23.8105,0.67911,-0.039608,23.9721,0.310626,43.2251,,0
05D2bt,0.6819,23.2239,0.51418,-0.16162,23.5846,0.23784,42.8376,,0
06D3cc,0.68372,23.7752,0.71634,-0.004655,23.9186,0.406839,43.1716,,0
04D4ic,0.68519,23.8497,-0.878255,-0.015862,23.7636,0.365177,43.0166,,0
05D1ke,0.68872,23.3282,0.21014,-0.111381,23.5607,0.224893,42.8137,,0
1262715,0.68935,23.2916,1.02416,-0.075709,23.6005,0.154427,42.8535,,0
1262214,0.68936,23.4718,0.23704,-0.139531,23.7914,0.270648,43.0444,,0
06D3em,0.69072,24.1014,-0.146668,0.17067,23.6613,0.425,42.9143,,0
03D4cz,0.69318,23.7601,-1.76537,-0.068748,23.6632,0.316876,42.9162,,0
04D4ib,0.69718,23.3147,0.9689,-0.138525,23.7162,0.211018,42.9692,,0
06D4ba,0.69818,23.4527,0.6784,-0.093002,23.7141,0.341743,42.9671,,0
05D4bj,0.69918,23.8349,0.19285,0.064232,23.6872,0.337384,42.9402,,0
05D4cq,0.69918,23.4618,0.63738,-0.134624,23.8161,0.213646,43.0691,,0
1335718,0.69932,23.489,0.62483,-0.146394,23.8577,0.153542,43.1107,,0
05D2ck,0.69992,24.1799,-2.64608,-0.008135,23.8617,0.294144,43.1147,,0
04D1si,0.7007,23.583,0.1376,-0.012145,23.664,0.221555,42.917,,0
04D4hu,0.70117,23.6426,0.03972,-0.107437,23.8438,0.260185,43.0968,,0
04D2iu,0.70192,23.9487,-1.92656,0.035143,23.6432,0.461925,42.8962,,0
05D2le,0.70192,23.6779,0.49593,-0.026044,23.7903,0.251306,43.0433,,0
05D3gv,0.71571,23.7089,-0.842722,-0.065358,23.7414,0.244445,42.9944,,0
05D3jh,0.71874,23.4418,-0.634411,-0.144845,23.6209,0.186486,42.8739,,0
1331993,0.71968,23.6412,0.40279,-0.092282,23.9108,0.202759,43.1638,,0
04D1aj,0.71969,23.6216,0.3801,-0.027696,23.717,0.34116,42.97,,0
05D4ev,0.72015,23.9649,-1.12101,-0.038183,23.9082,0.241658,43.1612,,0
06D3gh,0.72074,23.6292,0.24347,-0.074608,23.7929,0.303977,43.0459,,0
06D3do,0.72674,23.611,0.6191,-0.076495,23.8281,0.246891,43.0811,,0
06D3bz,0.72774,23.6608,-0.788686,-0.103106,23.755,0.25567,43.008,,0
1304127,0.72866,23.3515,0.43716,-0.24375,23.752,0.282209,43.005,,0
06D4bw,0.73014,23.6274,0.65989,0.013322,23.6656,0.320827,42.9186,,0
1329166,0.73161,23.751,0.12272,-0.051109,23.9269,0.194559,43.1799,,0
04D1pp,0.73368,23.7069,-1.38223,-0.114244,23.7315,0.194032,42.9845,,0
04D2gp,0.73395,23.9298,-1.35262,-0.136739,23.967,0.387349,43.22,,0
05D2fq,0.73495,23.7185,0.82938,-0.082309,24.0007,0.222986,43.2537,,0
05D1eo,0.73568,24.0224,-1.52666,-0.051033,23.9277,0.255688,43.1807,,0
05D2ct,0.73596,24.104,0.36808,0.089997,23.9145,0.424782,43.1675,,0
05D3jk,0.73675,23.4048,0.78444,-0.135768,23.739,0.213187,42.992,,0
04D2ja,0.74196,23.8111,0.36095,-0.203948,24.2283,0.324017,43.4813,,0
04D3fq,0.74276,23.8075,-0.408963,-0.039225,23.8295,0.326063,43.0825,,0
05D3jb,0.74573,23.6361,0.93826,-0.072819,23.9145,0.193302,43.1675,,0
04D2kr,0.74607,23.5727,0.80413,-0.034175,23.7287,0.253305,42.9817,,0
04D4im,0.74911,23.5586,1.1487,0.014048,23.6866,0.261096,42.9396,,0
1285160,0.7493,23.6139,-0.31553,-0.170737,23.9242,0.160977,43.1772,,0
04D3ks,0.75074,23.5209,0.54287,-0.035144,23.6482,0.317571,42.9012,,0
05D2nt,0.75899,23.8227,1.53089,-0.017957,23.9939,0.231584,43.2469,,0
05D3mn,0.76076,23.741,-0.223091,-0.040765,23.8137,0.199341,43.0667,,0
05D4cn,0.7611,23.7882,1.1215,0.00798,23.9237,0.235082,43.1767,,0
05D1if,0.76165,23.7596,0.16435,-0.054731,23.878,0.238347,43.131,,0
04D1qd,0.76566,23.9664,0.17992,0.016494,23.9839,0.223812,43.2369,,0
04D1de,0.76666,23.853,0.90425,-0.12298,24.1694,0.2487,43.4224,,0
05D3hh,0.76674,24.0069,0.53015,-0.002753,24.1093,0.268898,43.3623,,0
04D4id,0.76709,23.9164,0.66935,-0.170684,24.3057,0.255729,43.5587,,0
04D1pc,0.76865,24.2636,-0.434616,0.091841,24.0399,0.310504,43.2929,,0
1329196,0.76932,23.7114,0.49328,-0.072879,23.9638,0.160486,43.2168,,0
05D4bi,0.77309,23.7652,0.97441,-0.130707,24.1038,0.293843,43.3568,,0
1325358,0.77929,23.6798,0.16641,0.005263,23.7865,0.309918,43.0395,,0
05D4cs,0.78807,23.6961,1.39711,-0.118113,24.0512,0.230473,43.3042,,0
03D4fd,0.78907,23.9382,0.82118,-0.036025,24.1307,0.269829,43.3837,,0
1309749,0.78928,23.5979,0.62967,-0.131927,23.9465,0.163342,43.1995,,0
04D1ks,0.79662,23.8463,0.68862,0.1049,23.6496,0.371115,42.9026,,0
03D1fq,0.79863,24.2232,-1.02335,-0.041492,24.1808,0.286876,43.4338,,0
Elvis,0.83981,24.0678,-0.230878,-0.043251,24.107,0.210118,43.36,,0
Spock,0.83981,23.8921,0.25173,-0.030019,23.9482,0.389488,43.2012,,0
Manipogo,0.85482,24.2716,-0.824225,-0.085947,24.3638,0.298695,43.6168,,0
Vilas,0.93585,24.1849,-0.02741,-0.041768,24.2801,0.238415,43.5331,,0
Ombo,0.97423,24.583,1.71255,-0.058978,24.8581,0.199702,44.1111,,0
SCP05D0,1.01242,24.9734,-0.184779,0.017145,24.8647,0.36609,44.1177,,0
Eagle,1.01988,24.6613,0.17306,-0.157238,25.0227,0.224284,44.2757,,0
Ferguson,1.02088,24.6023,0.2346,-0.046352,24.7176,0.474703,43.9706,,0
Strolger,1.02789,24.7277,1.99519,-0.193715,25.2834,0.352352,44.5364,,0
SCP06U4,1.04817,24.8039,-0.530542,-0.194965,25.1699,0.488011,44.4229,,0
Gabi,1.12092,24.8602,0.5904,-0.125109,25.1875,0.221994,44.4405,,0
SCP06H5,1.23225,25.1674,-1.63447,-0.050589,25.0677,0.609899,44.3207,,0
Lancaster,1.23597,25.7743,-0.135575,0.044672,25.652,0.2724,44.905,,0
Aphrodite,1.29911,25.4394,0.62301,-0.056718,25.6111,0.273963,44.8641,,0
Thoth,1.3041,25.3288,-0.372507,-0.08166,25.4676,0.315363,44.7206,,0
Inanna,1.30611,26.2696,-1.61117,0.09498,25.7667,0.444343,45.0197,,0
SCP05D6,1.31317,25.4385,-0.449281,-0.072436,25.5337,0.315195,44.7867,,0
washington,1.3291,25.3298,0.9656,-0.095731,25.6215,0.23681,44.8745,,0
Borg,1.34101,25.546,0.88483,0.034526,25.5011,0.305203,44.7541,,0
SCP06G4,1.35136,25.2323,1.17151,0.003881,25.2962,0.317314,44.5492,,0
Mcguire,1.35608,25.4945,-0.703205,-0.07088,25.5564,0.236747,44.8094,,0
Sasquatch,1.39103,25.7316,0.83819,0.11564,25.5414,0.37337,44.7944,,0
SCP06K0,1.41633,25.4843,0.5635,0.11595,25.2049,0.735281,44.4579,,0
carter,1.5429,26.1376,2.34906,0.13327,25.8372,0.370031,45.0902,,0
Primo,1.54901,25.748,-0.51191,-0.201856,26.04,0.232206,45.293,,0
rutledge,1.61505,25.9969,0.94408,0.063905,25.9065,0.331927,45.1595,,0
geta,1.69706,25.699,0.99124,-0.164422,26.0333,0.379521,45.2863,,0
stone,1.80119,26.1937,-0.544536,-0.024483,26.2335,0.280685,45.4865,,0
wilson,1.91165,26.2802,-1.65392,0.063709,26.1703,0.357624,45.4233,,0
colfax,2.26137,26.8097,0.03023,0.11885,26.9298,0.280011,46.1828,,0
